time,seconds_elapsed,x,z,y
1790028610148752600,0.085752685546875,-0.2825157940387726,-0.11252748221158981,-0.0071826050989329815
1790028610158762500,0.095762451171875,-0.014365210197865963,-0.6919242739677429,0.09816227108240128
1790028610168641800,0.105641845703125,-0.14604631066322327,-0.08140286058187485,-0.016759412363171577
1790028610178551600,0.115551513671875,-0.12689268589019775,-0.0933738648891449,-0.047884032130241394
1790028610188430600,0.1254306640625,-0.18914192914962769,0.035913024097681046,-0.14604631066322327
1790028610198501400,0.13550146484375,-0.16998831927776337,-0.047884032130241394,0.031124621629714966
1790028610208341800,0.145341796875,-0.17238251864910126,-0.090979665517807,0.019153613597154617
1790028610218051600,0.155051513671875,-0.2513911724090576,-0.16998831927776337,0.12210428714752197
1790028610227861200,0.164861328125,-0.24899697303771973,-0.18914192914962769,0.1412578970193863
1790028610237701600,0.17470166015625,-0.15801730751991272,-0.17717093229293823,0
1790028610247711200,0.184711181640625,-0.06464344263076782,-0.2298433631658554,-0.019153613597154617
1790028610257751600,0.19475146484375,-0.05985504388809204,-0.12928688526153564,-0.014365210197865963
1790028610267761400,0.204761474609375,-0.28730419278144836,-0.016759412363171577,0.1604115068912506
1790028610297790700,0.234790771484375,-0.26815059781074524,-0.21308395266532898,-0.028730420395731926
1790028610317810200,0.25481005859375,-0.10055647045373917,-0.05985504388809204,-0.026336219161748886
1790028610407898000,0.344898193359375,-0.26575639843940735,-0.19632454216480255,0.3016694188117981
1790028610427948300,0.3649482421875,-0.17956513166427612,-0.07661445438861847,-0.0694318488240242
1790028610437958000,0.3749580078125,-0.05506663769483566,0.0933738648891449,-0.2082955539226532
1790028610447967700,0.3849677734375,-0.10773907601833344,0.002394201699644327,-0.07900865375995636
1790028610457977300,0.394977294921875,-0.2082955539226532,0.035913024097681046,0.22266076505184174
1790028610467987200,0.4049873046875,-0.3495534360408783,-0.019153613597154617,0.28969839215278625
1790028610477997000,0.4149970703125,-0.2753331959247589,-0.12928688526153564,0.0454898327589035
1790028610488037400,0.425037353515625,-0.1364694982767105,-0.17956513166427612,-0.06703764945268631
1790028610518066700,0.455066650390625,-0.11971008777618408,-0.0694318488240242,0.090979665517807
1790028610528076300,0.465076171875,-0.18914192914962769,-0.1412578970193863,0.009576806798577309
1790028610538086100,0.475086181640625,-0.2585737705230713,-0.22744916379451752,0.10055647045373917
1790028610548096000,0.485095947265625,-0.181959331035614,-0.09576806426048279,-0.033518824726343155
1790028610558105600,0.495105712890625,-0.18914192914962769,-0.07182604819536209,-0.07661445438861847
1790028610568146000,0.50514599609375,-0.2346317619085312,-0.06224924325942993,-0.05027823522686958
1790028610578155800,0.51515576171875,-0.15562310814857483,0.031124621629714966,-0.090979665517807
1790028610588165400,0.525165283203125,-0.05267243832349777,0.002394201699644327,-0.011971008032560349
1790028610598175200,0.53517529296875,-0.1867477297782898,-0.0454898327589035,0.10534487664699554
1790028610608185000,0.54518505859375,-0.23702596127986908,-0.1149216815829277,0.11252748221158981
1790028610618194700,0.555194580078125,-0.15083470940589905,-0.05267243832349777,-0.028730420395731926
1790028610638244900,0.575244873046875,-0.11013327538967133,-0.047884032130241394,-0.14844051003456116
1790028610648224000,0.58522412109375,-0.2537853717803955,-0.19393034279346466,0.12928688526153564
1790028610658264300,0.595264404296875,-0.26815059781074524,-0.011971008032560349,0.19871874153614044
1790028610668243500,0.605243408203125,-0.16519992053508759,-0.11013327538967133,0.10534487664699554
1790028610678314500,0.615314453125,-0.043095629662275314,0.07661445438861847,-0.0454898327589035
1790028610688324000,0.625323974609375,-0.2753331959247589,0.07900865375995636,-0.07900865375995636
1790028610698334000,0.635333984375,-0.35913026332855225,-0.08858546614646912,-0.05746084079146385
1790028610728363300,0.66536328125,-0.14365209639072418,0,-0.10055647045373917
1790028610738372900,0.675372802734375,-0.21547815203666687,0.023942016065120697,-0.011971008032560349
1790028610748382700,0.6853828125,-0.2561795711517334,-0.13407529890537262,0.08140286058187485
1790028610758423000,0.695423095703125,-0.19632454216480255,-0.0454898327589035,0.22266076505184174
1790028610768433000,0.705432861328125,-0.1843535304069519,-0.1149216815829277,0.16759411990642548
1790028610778442500,0.7154423828125,-0.2082955539226532,-0.12210428714752197,0.014365210197865963
1790028610788452400,0.725452392578125,-0.15562310814857483,-0.05985504388809204,0
1790028610808441300,0.74544140625,-0.019153613597154617,0.014365210197865963,0.1149216815829277
1790028610818481700,0.755481689453125,-0.14844051003456116,-0.035913024097681046,0.0933738648891449
1790028610838501000,0.775501220703125,-0.12449848651885986,-0.10295066982507706,0.08858546614646912
1790028610848511000,0.785510986328125,-0.05985504388809204,-0.15562310814857483,0.16519992053508759
1790028610858520600,0.7955205078125,-0.2585737705230713,-0.07182604819536209,0.12689268589019775
1790028610868530400,0.805530517578125,-0.24181437492370605,-0.2059013396501541,0.21787235140800476
1790028610878570800,0.81557080078125,-0.181959331035614,-0.17477671802043915,0.14604631066322327
1790028610888611000,0.825611083984375,-0.026336219161748886,-0.15322890877723694,0.038307227194309235
1790028610898620700,0.83562060546875,-0.10534487664699554,-0.08379705995321274,0.026336219161748886
1790028610908630500,0.845630615234375,-0.19871874153614044,-0.040701430290937424,-0.035913024097681046
1790028610938690300,0.875690185546875,-0.23702596127986908,0.06703764945268631,-0.05746084079146385
1790028610948700200,0.8857001953125,-0.22744916379451752,-0.05746084079146385,-0.09576806426048279
1790028610958740500,0.895740478515625,-0.24660277366638184,0.1149216815829277,-0.2059013396501541
1790028610968750000,0.90575,-0.22744916379451752,0.05267243832349777,-0.10295066982507706
1790028610978760000,0.915760009765625,-0.3232172429561615,-0.004788403399288654,0.05267243832349777
1790028610988769800,0.925769775390625,-0.272938996553421,0,0.3232172429561615
1790028610998810000,0.93581005859375,-0.17717093229293823,0.0454898327589035,0.13168109953403473
1790028611028839200,0.965839111328125,-0.24899697303771973,0,0.2082955539226532
1790028611038849000,0.97584912109375,-0.15801730751991272,-0.002394201699644327,0.2106897532939911
1790028611048889300,0.985889404296875,-0.2322375625371933,-0.009576806798577309,-0.0071826050989329815
1790028611068908800,1.00590869140625,-0.09576806426048279,-0.026336219161748886,-0.047884032130241394
1790028611078949000,1.01594921875,-0.0694318488240242,0.019153613597154617,-0.05267243832349777
1790028611088959000,1.025958984375,-0.20111294090747833,-0.031124621629714966,0.0454898327589035
1790028611098968600,1.035968505859375,-0.22505496442317963,-0.10534487664699554,0.019153613597154617
1790028611108978400,1.045978515625,-0.2106897532939911,-0.09576806426048279,0.019153613597154617
1790028611118988300,1.05598828125,-0.11252748221158981,-0.0454898327589035,-0.07900865375995636
1790028611169067500,1.106067626953125,0.033518824726343155,0.07661445438861847,-0.05267243832349777
1790028611229126100,1.166126220703125,-0.15083470940589905,0.019153613597154617,0.12928688526153564
1790028611279205400,1.216205322265625,-0.16759411990642548,-0.12449848651885986,-0.05027823522686958
1790028611289215200,1.22621533203125,-0.17238251864910126,-0.035913024097681046,-0.07900865375995636
1790028611299225000,1.23622509765625,-0.24181437492370605,-0.07900865375995636,0.11252748221158981
1790028611309234700,1.246234619140625,-0.19153612852096558,-0.009576806798577309,0.2537853717803955
1790028611319244500,1.25624462890625,-0.05985504388809204,-0.06224924325942993,0.10534487664699554
1790028611329254400,1.26625439453125,-0.2561795711517334,0.040701430290937424,0.040701430290937424
1790028611339264000,1.276263916015625,-0.26815059781074524,-0.043095629662275314,-0.0694318488240242
1790028611359253000,1.2962529296875,-0.2561795711517334,-0.090979665517807,0.031124621629714966
1790028611379303200,1.31630322265625,0.0071826050989329815,0.17477671802043915,-0.021547814831137657
1790028611399322600,1.336322509765625,-0.16998831927776337,-0.016759412363171577,0.11252748221158981
1790028611409332500,1.34633251953125,-0.24660277366638184,-0.0933738648891449,0.0454898327589035
1790028611429352000,1.36635205078125,-0.3256114423274994,-0.08140286058187485,-0.1173158809542656
1790028611469482500,1.406482421875,-0.07900865375995636,0.016759412363171577,0.13407529890537262
1790028611499511800,1.43651171875,-0.3064578175544739,-0.08619125932455063,0.06224924325942993
1790028611509521700,1.446521728515625,-0.27054479718208313,-0.0071826050989329815,0.004788403399288654
1790028611589691400,1.52669140625,-0.23702596127986908,-0.047884032130241394,0.09576806426048279
1790028611629791500,1.56679150390625,-0.21308395266532898,-0.011971008032560349,0.05985504388809204
1790028611699921000,1.6369208984375,-0.15801730751991272,-0.0071826050989329815,0.043095629662275314
1790028611739959800,1.676959716796875,-0.07661445438861847,0.06224924325942993,0.10295066982507706
1790028611810150400,1.747150390625,-0.23942017555236816,-0.13407529890537262,-0.12449848651885986
1790028611830200300,1.767200439453125,-0.0933738648891449,-0.002394201699644327,0.019153613597154617
1790028611840210200,1.777210205078125,-0.14365209639072418,-0.06464344263076782,0.1412578970193863
1790028611880249000,1.8172490234375,-0.12928688526153564,-0.031124621629714966,0.014365210197865963
1790028611890289400,1.827289306640625,-0.09816227108240128,-0.1149216815829277,0.09816227108240128
1790028611910309000,1.84730908203125,-0.1412578970193863,-0.038307227194309235,0.15322890877723694
1790028611950409200,1.8874091796875,-0.09816227108240128,-0.12928688526153564,0.12928688526153564
1790028611960418800,1.897418701171875,-0.15801730751991272,-0.047884032130241394,0.05746084079146385
1790028612030517800,1.967517822265625,-0.2537853717803955,-0.031124621629714966,0.023942016065120697
1790028612060577500,1.99757763671875,-0.19393034279346466,-0.07422025501728058,0.12449848651885986
1790028612090637300,2.02763720703125,-0.06224924325942993,-0.05985504388809204,0.016759412363171577
1790028612100647200,2.037647216796875,-0.07661445438861847,-0.08140286058187485,0.014365210197865963
1790028612110687500,2.0476875,-0.1364694982767105,-0.10534487664699554,0.12449848651885986
1790028612150726400,2.087726318359375,-0.14604631066322327,-0.06224924325942993,0.023942016065120697
1790028612160736300,2.097736328125,-0.14604631066322327,0.05027823522686958,0.035913024097681046
1790028612170746000,2.10774609375,-0.26096799969673157,0.05506663769483566,0.05746084079146385
1790028612200836400,2.13783642578125,-0.19871874153614044,-0.05027823522686958,-0.05985504388809204
1790028612220855800,2.157855712890625,-0.23942017555236816,-0.11971008777618408,0.002394201699644327
1790028612240875500,2.17787548828125,-0.24899697303771973,0.004788403399288654,0.014365210197865963
1790028612270904800,2.20790478515625,-0.2849099934101105,0.014365210197865963,0.13168109953403473
1790028612280945000,2.21794482421875,-0.16519992053508759,-0.05506663769483566,-0.016759412363171577
1790028612290954800,2.227954833984375,-0.3926490843296051,-0.043095629662275314,0.016759412363171577
1790028612310974200,2.24797412109375,-0.2537853717803955,0.43095630407333374,0.07661445438861847
1790028612330994000,2.267993896484375,-0.569819986820221,0.07182604819536209,-0.3495534360408783
1790028612341003500,2.27800341796875,-0.7613561153411865,-0.4213795065879822,-0.524330198764801
1790028612351013400,2.288013427734375,-1.1300631761550903,-1.0342950820922852,-0.35434186458587646
1790028612361023200,2.298023193359375,-1.4413094520568848,-1.1420341730117798,-0.3687070608139038
1790028612371032800,2.30803271484375,-1.601720929145813,-1.0223240852355957,-0.2346317619085312
1790028612381042700,2.318042724609375,-1.5322890281677246,-0.629675030708313,0.2322375625371933
1790028612391052500,2.328052490234375,-1.4389152526855469,-0.5889736413955688,0.6727706789970398
1790028612411133000,2.3481328125,-1.4844050407409668,-0.9864110946655273,0.9050082564353943
1790028612451202600,2.38820263671875,-0.11013327538967133,-1.0247182846069336,1.0319008827209473
1790028612461212400,2.39821240234375,0.17956513166427612,-1.1037269830703735,1.2449848651885986
1790028612481262300,2.418262451171875,0.6823474764823914,-0.7015010714530945,0.8331822156906128
1790028612491302700,2.428302734375,0.8331822156906128,-0.3519476354122162,0.8307880163192749
1790028612541351400,2.478351318359375,-0.011971008032560349,-0.1843535304069519,-0.6991068720817566
1790028612561371100,2.49837109375,-1.357512354850769,-0.9313444495201111,-0.6488286852836609
1790028612581421000,2.518421142578125,-1.8387469053268433,-0.33997663855552673,-1.1899182796478271
1790028612591431000,2.528430908203125,-1.9512743949890137,-0.6775590777397156,-0.395043283700943
1790028612601440500,2.5384404296875,-2.609679937362671,-1.0031704902648926,-0.1173158809542656
1790028612611420000,2.548419921875,-2.9328970909118652,-0.993593692779541,0.13168109953403473
1790028612631469800,2.5684697265625,-2.846705913543701,-1.1683704853057861,0.35434186458587646
1790028612641479700,2.578479736328125,-2.4181437492370605,-1.0127472877502441,0.49799394607543945
1790028612651550500,2.588550537109375,-2.3511061668395996,-0.7589619159698486,1.0462661981582642
1790028612661529600,2.598529541015625,-2.75812029838562,-1.2258312702178955,1.5705963373184204
1790028612671570000,2.60856982421875,-2.7676970958709717,-1.2186486721038818,1.7764976024627686
1790028612681610200,2.6186103515625,-2.4229321479797363,-0.8786720037460327,1.678335428237915
1790028612691620000,2.6286201171875,-2.1380221843719482,-0.7350199222564697,1.137245774269104
1790028612701629700,2.638629638671875,-1.2713210582733154,-0.5434837937355042,0.3208230137825012
1790028612751709200,2.688709228515625,-2.3942017555236816,-1.1037269830703735,0.5793967843055725
1790028612771728600,2.708728759765625,-1.3838485479354858,-1.0558429956436157,0.009576806798577309
1790028612781738500,2.718738525390625,-1.8387469053268433,-0.9074024558067322,0.9481038451194763
1790028612871917800,2.808917724609375,-2.3104045391082764,-0.6560112833976746,1.8818424940109253
1790028612902008300,2.83900830078125,-2.513911724090576,-0.7924807667732239,1.0438719987869263
1790028612911987500,2.848987548828125,-0.6584054827690125,-0.035913024097681046,-0.8092401623725891
1790028612952087600,2.889087646484375,-2.9951462745666504,0.1388636976480484,-0.8882488012313843
1790028612972137700,2.9091376953125,-0.6344634294509888,-0.023942016065120697,-1.8986018896102905
1790028612982177800,2.919177734375,-0.5770025849342346,-0.5482721924781799,-1.625662922859192
1790028612992187600,2.929187744140625,-1.5969325304031372,-0.933738648891449,-0.7158663272857666
1790028613002197500,2.939197509765625,-2.367865562438965,0.0933738648891449,-0.9911994934082031
1790028613012207000,2.94920703125,-1.8626888990402222,1.2952631711959839,-2.31758713722229
1790028613022217000,2.959217041015625,-0.7589619159698486,0.38546648621559143,-1.7621324062347412
1790028613032257300,2.96925732421875,-0.7374141216278076,-0.5554547905921936,-0.44771572947502136
1790028613052276700,2.98927685546875,-1.3072341680526733,-0.9002198576927185,-0.3495534360408783
1790028613062317000,2.999317138671875,-0.7876923680305481,-0.8834604024887085,-0.4189853072166443
1790028613072327000,3.009326904296875,-0.7182605266571045,0.0694318488240242,-0.6488286852836609
1790028613082336500,3.01933642578125,-1.6950948238372803,0.08858546614646912,-0.6607996821403503
1790028613092346400,3.029346435546875,-1.8746598958969116,0.3926490843296051,-1.1492167711257935
1790028613102356200,3.039356201171875,-1.0606313943862915,0.706289529800415,-2.300827741622925
1790028613112365800,3.04936572265625,-0.4118026793003082,-0.08379705995321274,-1.434126853942871
1790028613122375700,3.059375732421875,-0.7206547260284424,-0.29209262132644653,-0.3280056416988373
1790028613132385500,3.069385498046875,-1.5442601442337036,-0.23702596127986908,-0.17956513166427612
1790028613142395100,3.07939501953125,-1.8052281141281128,0.1843535304069519,-0.9050082564353943
1790028613152405000,3.089405029296875,-1.7286136150360107,-0.1388636976480484,-1.3215993642807007
1790028613172455000,3.109454833984375,-1.0103530883789062,0.31364041566848755,0.828393816947937
1790028613182464800,3.11946484375,-1.1563993692398071,0.6009446382522583,0.5530605912208557
1790028613192505000,3.129505126953125,-1.4844050407409668,0.5530605912208557,0.09576806426048279
1790028613202545400,3.13954541015625,-2.233790159225464,0.8475474119186401,-0.9983820915222168
1790028613212555000,3.149554931640625,-2.8778305053710938,0.849941611289978,-1.580173134803772
1790028613262665000,3.1996650390625,-1.403002142906189,0.031124621629714966,0.2059013396501541
1790028613272674800,3.2096748046875,-1.4628572463989258,0.8355764150619507,-1.9704279899597168
1790028613282715100,3.219715087890625,-1.9967641830444336,-0.9911994934082031,-2.2888567447662354
1790028613292755200,3.229755126953125,-2.056619167327881,-1.9345149993896484,-0.629675030708313
1790028613362915300,3.299915283203125,-3.73016619682312,0.5602431893348694,-0.24660277366638184
1790028613372925000,3.309925048828125,-2.8778305053710938,0.6919242739677429,-1.3455413579940796
1790028613382934800,3.319934814453125,-2.8586769104003906,-0.05027823522686958,-1.623268723487854
1790028613392975000,3.32997509765625,-2.7916390895843506,0.49799394607543945,-0.9289502501487732
1790028613402984700,3.339984619140625,-2.4827871322631836,0.9217676520347595,-0.24899697303771973
1790028613412994600,3.34999462890625,-2.5905263423919678,0.22026655077934265,-1.0797849893569946
1790028613423004400,3.36000439453125,-3.071760892868042,0.9864110946655273,-1.460463047027588
1790028613433014000,3.370013916015625,-3.6774938106536865,1.5682021379470825,-1.0821791887283325
1790028613443054300,3.380054443359375,-3.136404275894165,0.4884171485900879,-1.0103530883789062
1790028613453064200,3.390064208984375,-2.2170307636260986,1.41257905960083,-1.1228805780410767
1790028613503174000,3.440173828125,-2.118868589401245,2.9903578758239746,0.4405331015586853
1790028613543243500,3.480243408203125,-1.7741034030914307,3.265691041946411,-0.3495534360408783
1790028613553283800,3.490283935546875,-1.1875240802764893,3.7421371936798096,-0.5291185975074768
1790028613613373000,3.550373046875,0.021547814831137657,2.9161376953125,-1.213860273361206
1790028613623382800,3.5603828125,-0.047884032130241394,2.513911724090576,-1.4724340438842773
1790028613633392400,3.570392333984375,-0.1388636976480484,2.2170307636260986,-1.6280571222305298
1790028613643402200,3.58040234375,-0.24420857429504395,2.140416383743286,-1.1635819673538208
1790028613653442600,3.590442626953125,-0.19871874153614044,1.9273324012756348,-0.7158663272857666
1790028613663483000,3.60048291015625,-0.20111294090747833,1.5753847360610962,-0.29209262132644653
1790028613673492500,3.610492431640625,-0.14844051003456116,1.5322890281677246,-0.3519476354122162
1790028613683502300,3.62050244140625,-0.18914192914962769,1.2856862545013428,-0.3447650372982025
1790028613693542700,3.630542724609375,-0.07182604819536209,1.2545616626739502,-0.5650315880775452
1790028613703583000,3.6405830078125,-0.49320554733276367,1.1013327836990356,-1.1085153818130493
1790028613713623300,3.650623291015625,-1.2545616626739502,0.7254431247711182,-0.9481038451194763
1790028613723633000,3.6606328125,-1.8195933103561401,0.8451532125473022,-0.8164227604866028
1790028613743683000,3.68068310546875,-1.7357962131500244,0.4884171485900879,0.24181437492370605
1790028613753723400,3.690723388671875,-1.5418659448623657,0.16998831927776337,0.3256114423274994
1790028613763763700,3.700763671875,-1.0247182846069336,0.272938996553421,0.4118026793003082
1790028613773803800,3.7108037109375,-0.8667010068893433,0.706289529800415,0.090979665517807
1790028613793823500,3.730823486328125,-0.9409212470054626,-0.5386953949928284,-1.1013327836990356
1790028613813873400,3.750873291015625,-0.8188169598579407,0.26815059781074524,-0.8068459630012512
1790028613833954000,3.7709541015625,-1.0295066833496094,0.31842881441116333,0.5363011956214905
1790028613843994400,3.780994384765625,-0.8523358106613159,-0.2777273952960968,1.3527239561080933
1790028613854004000,3.79100390625,-0.3423708379268646,-0.09816227108240128,1.194706678390503
1790028613864044300,3.801044189453125,-0.09816227108240128,-0.5770025849342346,0.08619125932455063
1790028613874054100,3.81105419921875,-0.4572925269603729,-0.9361328482627869,-1.6136919260025024
1790028613884094500,3.821094482421875,-1.3527239561080933,-0.950498104095459,-2.63362193107605
1790028613904114000,3.841114013671875,-2.58813214302063,-1.2976573705673218,-1.5466543436050415
1790028613914123800,3.851123779296875,-1.8986018896102905,-1.280897855758667,-0.5793967843055725
1790028613924133400,3.86113330078125,-1.2713210582733154,-0.3758896589279175,0.38067805767059326
1790028613934143200,3.871143310546875,-1.015141487121582,0.35434186458587646,0.5363011956214905
1790028613944183600,3.88118359375,-0.5889736413955688,0.07900865375995636,-0.35913026332855225
1790028613964203000,3.901203125,-1.0247182846069336,0.14844051003456116,-1.0893617868423462
1790028613974212900,3.911212890625,-1.1803414821624756,-0.8906430602073669,-0.49559974670410156
1790028613984253200,3.921253173828125,-0.7086837291717529,-1.2545616626739502,0.14604631066322327
1790028613994262800,3.9312626953125,-0.3423708379268646,-1.2856862545013428,0.5003881454467773
1790028614004303000,3.94130322265625,0.6655880808830261,-0.8331822156906128,0.6799532771110535
1790028614014313000,3.95131298828125,1.5466543436050415,-0.038307227194309235,0.05746084079146385
1790028614024353300,3.961353271484375,0.8690952062606812,0.3758896589279175,0.05985504388809204
1790028614094513200,4.03151318359375,0.363918662071228,-0.9217676520347595,0.6871358752250671
1790028614174621700,4.11162158203125,-0.8930372595787048,0.14604631066322327,-1.048660397529602
1790028614184631600,4.121631591796875,-0.7134721279144287,-0.4213795065879822,-0.4692635238170624
1790028614204651000,4.141651123046875,-0.8690952062606812,0.2753331959247589,-0.8427590131759644
1790028614214660900,4.151660888671875,-1.1875240802764893,-0.5291185975074768,-1.192312479019165
1790028614224670500,4.16167041015625,-1.113303780555725,-1.1851298809051514,-0.1628057211637497
1790028614234680300,4.171680419921875,-0.7876923680305481,-0.7422025203704834,0.950498104095459
1790028614244690200,4.181690185546875,-0.3998316824436188,-0.26815059781074524,1.3287819623947144
1790028614254730500,4.19173046875,-0.2298433631658554,0.21547815203666687,1.137245774269104
1790028614264770600,4.2017705078125,-0.5746083855628967,0.1388636976480484,0.38307225704193115
1790028614284790300,4.221790283203125,-0.6847416758537292,-0.7996633648872375,-0.2801215946674347
1790028614344940300,4.281940185546875,0.19393034279346466,-0.5147533416748047,0.8188169598579407
1790028614354950100,4.2919501953125,-0.33997663855552673,0.07661445438861847,0.1364694982767105
1790028614364960000,4.3019599609375,-0.7230489253997803,0.17717093229293823,-0.8355764150619507
1790028614374969600,4.311969482421875,-0.7757213711738586,0.2322375625371933,-1.558625340461731
1790028614385010000,4.322010009765625,-0.6967126727104187,-0.0933738648891449,-1.3551181554794312
1790028614395019800,4.332019775390625,-0.5506663918495178,-0.6392518281936646,-0.26575639843940735
1790028614415039200,4.352039306640625,-0.30885201692581177,0.028730420395731926,0.2944868206977844
1790028614425049000,4.362049072265625,0.22505496442317963,0.5793967843055725,-0.6272808313369751
1790028614435058700,4.37205859375,0.5410895943641663,0.48602294921875,-1.039083480834961
1790028614445068500,4.382068603515625,0.4908113479614258,-0.22505496442317963,-0.0454898327589035
1790028614465149200,4.402149169921875,-0.6967126727104187,-0.19632454216480255,1.1109095811843872
1790028614475189500,4.412189453125,-0.8355764150619507,0.524330198764801,0.2059013396501541
1790028614485199000,4.42219921875,-0.1388636976480484,0.3423708379268646,-0.37828385829925537
1790028614495209000,4.432208984375,0.5195417404174805,-0.3902548849582672,0.14604631066322327
1790028614505249300,4.442249267578125,0.5171475410461426,-1.2282254695892334,1.0319008827209473
1790028614515228400,4.452228515625,0.0694318488240242,-1.2713210582733154,1.4437036514282227
1790028614535309000,4.47230908203125,-0.35434186458587646,-0.0933738648891449,0.304063618183136
1790028614545318700,4.482318603515625,-0.38067805767059326,0.14365209639072418,0.11252748221158981
1790028614555328500,4.49232861328125,-0.23942017555236816,-0.033518824726343155,0.10055647045373917
1790028614565368800,4.502368896484375,-0.23942017555236816,-0.6129156351089478,0.38067805767059326
1790028614575378700,4.512378662109375,-0.5602431893348694,-0.9145850539207458,0.6919242739677429
1790028614585418800,4.522418701171875,-0.6607996821403503,-0.6631938815116882,0.4165911078453064
1790028614595398100,4.532398193359375,-0.5985504388809204,0.11013327538967133,-0.17717093229293823
1790028614605438500,4.5424384765625,-0.026336219161748886,0.016759412363171577,0.004788403399288654
1790028614615448000,4.552447998046875,0.23702596127986908,-0.33039984107017517,0.7158663272857666
1790028614625488400,4.56248828125,-0.026336219161748886,-0.8738836050033569,1.4652514457702637
1790028614635498200,4.572498291015625,-0.586579442024231,-0.5315127968788147,1.280897855758667
1790028614655517700,4.592517578125,-0.6943184733390808,-0.3495534360408783,-0.011971008032560349
1790028614685608200,4.622608154296875,-1.0749965906143188,0.07900865375995636,-0.5147533416748047
1790028614695617800,4.63261767578125,-0.8523358106613159,-0.07422025501728058,-0.4884171485900879
1790028614705627600,4.642627685546875,-0.912190854549408,-0.524330198764801,0.05027823522686958
1790028614715637500,4.652637451171875,-1.1444283723831177,-0.5123591423034668,0.7613561153411865
1790028614725677600,4.662677490234375,-1.2282254695892334,-0.6177040338516235,0.7637503147125244
1790028614745697300,4.682697265625,-0.5291185975074768,-1.1971008777618408,0.7829039692878723
1790028614755707000,4.692706787109375,-0.45250412821769714,-1.1659762859344482,0.9744400978088379
1790028614765716700,4.702716796875,-0.3495534360408783,-1.1109095811843872,0.849941611289978
1790028614775696000,4.71269580078125,-0.1843535304069519,-0.9145850539207458,0.706289529800415
1790028614785736200,4.722736083984375,-0.13168109953403473,-0.9576807022094727,1.0558429956436157
1790028614795746000,4.73274609375,-0.10055647045373917,-0.8858546018600464,1.1755530834197998
1790028614805756000,4.742755859375,-0.004788403399288654,-0.9840168952941895,1.3694833517074585
1790028614825805800,4.762805908203125,-0.2322375625371933,-0.6344634294509888,1.6328455209732056
1790028614835815700,4.772815673828125,-0.011971008032560349,-0.5482721924781799,1.316810965538025
1790028614845825300,4.7828251953125,0.033518824726343155,-1.0414776802062988,1.2665326595306396
1790028614855865600,4.792865478515625,-0.304063618183136,-1.3311761617660522,1.4053963422775269
1790028614865875500,4.80287548828125,-0.8643068075180054,-1.314416766166687,1.1755530834197998
1790028614875915800,4.812915771484375,-1.3958195447921753,-1.0295066833496094,1.1420341730117798
1790028614885925400,4.82292529296875,-1.800439715385437,-0.9911994934082031,1.137245774269104
1790028614895965700,4.832965576171875,-1.766920804977417,-0.9145850539207458,0.9409212470054626
1790028614905975600,4.8429755859375,-1.3766659498214722,-0.8164227604866028,0.6488286852836609
1790028614915985200,4.852985107421875,-1.2737152576446533,-1.0749965906143188,0.42616790533065796
1790028614925995000,4.8629951171875,-1.5275006294250488,-1.0965443849563599,0.19393034279346466
1790028614936004900,4.8730048828125,-1.8986018896102905,-1.0534487962722778,0.19153612852096558
1790028614956085500,4.89308544921875,-2.2649147510528564,-0.9792284965515137,0.2825157940387726
1790028614976135400,4.913135498046875,-2.389413356781006,-1.2473790645599365,0.31124621629714966
1790028614986145300,4.923145263671875,-2.319981336593628,-1.2641384601593018,0.6200982332229614
1790028614996124400,4.93312451171875,-2.0422539710998535,-1.1492167711257935,0.8667010068893433
1790028615026214700,4.963214599609375,-1.256955862045288,-1.6065093278884888,0.9888052940368652
1790028615036194000,4.973194091796875,-1.7884687185287476,-1.3215993642807007,0.8906430602073669
1790028615056213500,4.993213623046875,-1.8315643072128296,-1.4628572463989258,0.8858546018600464
1790028615096252700,5.033252685546875,-2.006340980529785,-1.237802267074585,0.9265560507774353
1790028615106293000,5.04329296875,-2.1308395862579346,-1.8052281141281128,1.1348515748977661
1790028615126343000,5.063343017578125,-2.315192937850952,-1.2258312702178955,0.8619126081466675
1790028615136383200,5.07338330078125,-2.0853497982025146,-0.950498104095459,1.0845733880996704
1790028615146423600,5.083423583984375,-2.0398597717285156,-1.0414776802062988,1.335964560508728
1790028615156463900,5.0934638671875,-2.2433669567108154,-0.7805097699165344,1.0319008827209473
1790028615166473500,5.103473388671875,-2.456450939178467,-0.8906430602073669,0.7709329724311829
1790028615176483300,5.1134833984375,-2.4660277366638184,-1.0582371950149536,0.689530074596405
1790028615186493200,5.1234931640625,-2.367865562438965,-0.730231523513794,0.6703764796257019
1790028615196502800,5.133502685546875,-2.3295583724975586,-0.7996633648872375,0.7230489253997803
1790028615206512600,5.1435126953125,-2.3056161403656006,-1.039083480834961,0.47405192255973816
1790028615226562600,5.1635625,-2.4444799423217773,-0.38307225704193115,-0.43095630407333374
1790028615236603000,5.173602783203125,-1.8339585065841675,-0.4189853072166443,-0.7589619159698486
1790028615246643200,5.183643310546875,-1.3886369466781616,-0.5506663918495178,-0.35434186458587646
1790028615256653000,5.193653076171875,-1.3120225667953491,-0.689530074596405,0.1388636976480484
1790028615266693400,5.203693359375,-1.5394717454910278,-1.482010841369629,0.8882488012313843
1790028615276703000,5.213702880859375,-1.9057846069335938,-1.5107412338256836,1.3407529592514038
1790028615286712800,5.223712890625,-1.9943699836730957,-0.5602431893348694,0.6368576288223267
1790028615296722700,5.23372265625,-1.5155296325683594,-0.7757213711738586,0.3687070608139038
1790028615306732300,5.243732177734375,-0.8236053586006165,-0.26575639843940735,0.38307225704193115
1790028615316772600,5.253772705078125,-0.5674257874488831,-0.37828385829925537,0.4620809257030487
1790028615326782500,5.263782470703125,-1.0558429956436157,-1.4413094520568848,0.8044517636299133
1790028615336792000,5.2737919921875,-1.5658079385757446,-0.9816226959228516,0.5315127968788147
1790028615346802000,5.283802001953125,-2.049436569213867,-1.2473790645599365,0.2346317619085312
1790028615356811800,5.293811767578125,-1.8483237028121948,-0.4620809257030487,0.37828385829925537
1790028615366821400,5.3038212890625,-1.4891934394836426,0.44771572947502136,-0.07900865375995636
1790028615376831200,5.313831298828125,-0.9648633003234863,0.38546648621559143,-0.016759412363171577
1790028615386841000,5.323841064453125,-0.4118026793003082,-0.7924807667732239,0.3998316824436188
1790028615396820200,5.3338203125,-0.3423708379268646,-2.4444799423217773,1.9057846069335938
1790028615406860500,5.343860595703125,-0.17717093229293823,-0.706289529800415,2.183511972427368
1790028615416900900,5.35390087890625,0.035913024097681046,1.1468225717544556,0.3878606855869293
1790028615426971600,5.3639716796875,0.3758896589279175,1.4293384552001953,-0.7852981686592102
1790028615447021600,5.384021484375,-0.43335050344467163,-0.05985504388809204,-1.036689281463623
1790028615467071700,5.40407177734375,-2.434903144836426,0.2298433631658554,-0.38307225704193115
1790028615477142500,5.414142578125,-2.75812029838562,0.8140285611152649,-1.8100165128707886
1790028615487152400,5.42415234375,-2.31758713722229,-0.5171475410461426,-1.9584569931030273
1790028615497162000,5.434161865234375,-1.2641384601593018,-1.2617442607879639,-0.6536170840263367
1790028615507171800,5.444171875,-0.811634361743927,-1.015141487121582,0.5003881454467773
1790028615517181400,5.454181396484375,-1.1971008777618408,-0.22505496442317963,0.09576806426048279
1790028615527221800,5.4642216796875,-1.824381709098816,0.5961562395095825,-1.1875240802764893
1790028615537231600,5.474231689453125,-2.3367409706115723,0.26815059781074524,-2.276885747909546
1790028615547241500,5.484241455078125,-2.6839001178741455,-0.9864110946655273,-1.3215993642807007
1790028615567291400,5.50429150390625,-2.051830768585205,-1.1468225717544556,-0.4118026793003082
1790028615577301200,5.51430126953125,-1.50355863571167,-0.31124621629714966,-0.5626373887062073
1790028615587310800,5.524310791015625,-1.4053963422775269,0.6224924325942993,-2.1356279850006104
1790028615667419600,5.604419677734375,-5.173870086669922,-0.2849099934101105,-1.1755530834197998
1790028615817840600,5.754840576171875,-1.9393033981323242,2.2840683460235596,-0.07422025501728058
1790028615888000800,5.825000732421875,-0.47165772318840027,0.507570743560791,-0.35913026332855225
1790028615908020200,5.845020263671875,-0.3926490843296051,0.7326257228851318,1.6280571222305298
1790028615968231400,5.9052314453125,-1.2234370708465576,3.3446998596191406,-1.2665326595306396
1790028616018371800,5.955371826171875,-0.5817909836769104,2.3989901542663574,-0.1388636976480484
1790028616028412200,5.965412109375,-0.629675030708313,1.8555063009262085,0.24181437492370605
1790028616038483000,5.97548291015625,-0.363918662071228,1.3287819623947144,-0.17477671802043915
1790028616078583000,6.0155830078125,-0.5506663918495178,-0.2059013396501541,0.6033388376235962
1790028616108642800,6.045642822265625,-0.026336219161748886,-0.2298433631658554,1.6711528301239014
1790028616118652400,6.05565234375,-0.011971008032560349,-0.45489832758903503,0.2585737705230713
1790028616158752500,6.09575244140625,-1.5275006294250488,1.015141487121582,-0.689530074596405
1790028616168762400,6.105762451171875,-1.6089035272598267,0.9241618514060974,0.2346317619085312
1790028616178802700,6.115802734375,-0.7805097699165344,0.646434485912323,0.40940847992897034
1790028616198852600,6.1358525390625,0.29209262132644653,0.5171475410461426,-0.19153612852096558
1790028616208862500,6.145862548828125,-0.2825157940387726,0.4118026793003082,-1.292868971824646
1790028616268982000,6.20598193359375,0.47884035110473633,0.19393034279346466,0.44771572947502136
1790028616289001700,6.226001708984375,-0.8906430602073669,0.9074024558067322,-0.47405192255973816
1790028616299011300,6.23601123046875,-1.5203180313110352,0.751779317855835,-1.3335703611373901
1790028616309051600,6.2460517578125,-1.1683704853057861,0.16998831927776337,-0.9193734526634216
1790028616369202000,6.306201904296875,-2.612074136734009,1.5610195398330688,-1.0797849893569946
1790028616389251800,6.326251953125,-1.558625340461731,-0.28730419278144836,-0.6320692300796509
1790028616409302000,6.346302001953125,-0.272938996553421,-1.5729905366897583,0.7038952708244324
1790028616429352000,6.36635205078125,-1.070208191871643,0.1628057211637497,-0.9026140570640564
1790028616439392300,6.376392333984375,-2.1739351749420166,0.6224924325942993,-2.030282974243164
1790028616469421600,6.406421630859375,-0.9792284965515137,-1.8842366933822632,1.1276689767837524
1790028616499481300,6.4364814453125,1.7381904125213623,-0.2082955539226532,0.08379705995321274
1790028616509491200,6.4464912109375,0.33997663855552673,-0.3519476354122162,0.06224924325942993
1790028616519500800,6.456500732421875,-1.2258312702178955,-0.9265560507774353,0.7589619159698486
1790028616529510700,6.4665107421875,-1.9321208000183105,-0.11252748221158981,-0.4357447028160095
1790028616539520500,6.4765205078125,-2.5785553455352783,0.5626373887062073,-1.8507179021835327
1790028616549530000,6.486530029296875,-3.1052796840667725,-0.2346317619085312,-1.4197616577148438
1790028616559540000,6.4965400390625,-2.8371291160583496,-1.2617442607879639,-0.30885201692581177
1790028616599609600,6.536609619140625,0.8092401623725891,1.403002142906189,-1.9584569931030273
1790028616659759600,6.596759521484375,0.5434837937355042,-0.47884035110473633,0.689530074596405
1790028616719910000,6.656909912109375,-0.7661445140838623,-1.0821791887283325,0.9528923034667969
1790028616759948800,6.69694873046875,0.35434186458587646,-0.5770025849342346,-0.10055647045373917
1790028616769958700,6.706958740234375,0.19871874153614044,-0.7445967197418213,0.4836287498474121
1790028616779968500,6.716968505859375,-0.33997663855552673,-0.2346317619085312,0.7015010714530945
1790028616789978000,6.72697802734375,-0.5770025849342346,-0.10773907601833344,0.4644751250743866
1790028616809997800,6.746997802734375,-0.6847416758537292,-1.015141487121582,0.48602294921875
1790028616830047700,6.7670478515625,-0.6224924325942993,-1.2042834758758545,0.7757213711738586
1790028616840088000,6.777088134765625,-0.6153098344802856,-0.646434485912323,0.5363011956214905
1790028616860107500,6.797107421875,-0.6224924325942993,-0.5674257874488831,0.4572925269603729
1790028616880157700,6.81715771484375,-0.5219359993934631,-0.4357447028160095,-0.019153613597154617
1790028616900177200,6.83717724609375,-0.40940847992897034,-0.40222588181495667,0.5051765441894531
1790028616910217500,6.847217529296875,-0.363918662071228,0.44771572947502136,-0.3423708379268646
1790028616920227300,6.857227294921875,-0.35434186458587646,0.33039984107017517,-0.8379706144332886
1790028616930237000,6.86723681640625,-0.2346317619085312,0.30885201692581177,-0.6703764796257019
1790028616940246800,6.877246826171875,-0.07661445438861847,-0.5410895943641663,0.016759412363171577
1790028616960327400,6.897327392578125,0.5291185975074768,-0.5626373887062073,0.8595184087753296
1790028617030487300,6.9674873046875,-0.2944868206977844,-0.33758243918418884,0.7158663272857666
1790028617040497000,6.977496826171875,-0.12928688526153564,-0.3998316824436188,0.35673606395721436
1790028617100677600,7.037677734375,-0.22505496442317963,-0.29209262132644653,-0.21308395266532898
1790028617140777700,7.07777783203125,-0.49559974670410156,-0.2968810200691223,0.4357447028160095
1790028617190918100,7.127918212890625,0.4141969084739685,-0.8164227604866028,1.50355863571167
1790028617200928000,7.137927978515625,0.047884032130241394,-0.47165772318840027,1.5705963373184204
1790028617291137800,7.2281376953125,0.11971008777618408,-0.20111294090747833,0.5578489899635315
1790028617331238000,7.26823779296875,-0.06703764945268631,-0.16519992053508759,0.10534487664699554
1790028617341247700,7.278247802734375,-0.2944868206977844,-0.17956513166427612,-0.1628057211637497
1790028617441437000,7.37843701171875,-1.3527239561080933,-1.3646949529647827,1.0797849893569946
1790028617451446800,7.38844677734375,-1.37906014919281,-1.5705963373184204,1.235408067703247
1790028617471496700,7.40849658203125,-1.4652514457702637,-1.3910311460494995,1.400607943534851
1790028617491485700,7.428485595703125,-2.27209734916687,-1.4437036514282227,1.3239935636520386
1790028617501526000,7.438526123046875,-2.4827871322631836,-1.3287819623947144,0.811634361743927
1790028617511535900,7.448535888671875,-2.315192937850952,-1.213860273361206,0.8236053586006165
1790028617521576200,7.458576171875,-2.078166961669922,-1.1994950771331787,1.0534487962722778
1790028617531616300,7.4686162109375,-1.7334020137786865,-0.9361328482627869,0.8619126081466675
1790028617541626000,7.478626220703125,-1.0414776802062988,-1.0319008827209473,0.8307880163192749
1790028617571655400,7.508655517578125,-1.656787633895874,-1.3551181554794312,1.2545616626739502
1790028617581665300,7.518665283203125,-1.9560627937316895,-1.4437036514282227,1.659181833267212
1790028617671783700,7.60878369140625,-2.6455929279327393,-1.0845733880996704,0.5746083855628967
1790028617741852000,7.678851806640625,-2.3798365592956543,-1.5490485429763794,0.181959331035614
1790028617751861800,7.68886181640625,-1.7884687185287476,-0.8212111592292786,-0.5291185975074768
1790028617761871600,7.69887158203125,-1.1061211824417114,0.1628057211637497,-0.646434485912323
1790028617771881200,7.708881103515625,-0.47884035110473633,0.5674257874488831,-1.115697979927063
1790028617781860600,7.718860595703125,-0.22505496442317963,-0.19871874153614044,-0.9481038451194763
1790028617851990000,7.788989990234375,0.608127236366272,0.4141969084739685,-0.023942016065120697
1790028617912109600,7.849109619140625,0.28730419278144836,0.09816227108240128,-0.181959331035614
1790028617922119400,7.859119384765625,-0.2322375625371933,-0.31124621629714966,0.047884032130241394
1790028617982269400,7.91926953125,-0.6560112833976746,-1.1204863786697388,0
1790028618022369500,7.95936962890625,-2.2361843585968018,0.9145850539207458,-1.6065093278884888
1790028618072571000,8.00957080078125,-1.072602391242981,-0.6057330369949341,-0.6871358752250671
1790028618142639400,8.079639404296875,-0.7158663272857666,0.3016694188117981,-0.43095630407333374
1790028618202759000,8.139759033203125,-2.4684219360351562,0.646434485912323,-0.4357447028160095
1790028618212768800,8.149768798828125,-1.8602946996688843,0.8140285611152649,0.1364694982767105
1790028618242828500,8.17982861328125,-2.3798365592956543,-1.2234370708465576,0.849941611289978
1790028618252899300,8.1898994140625,-2.676717519760132,-1.6831238269805908,0.8259995579719543
1790028618262909200,8.1999091796875,-2.5258827209472656,-0.7709329724311829,-0.38067805767059326
1790028618272949500,8.209949462890625,-2.5905263423919678,-0.7038952708244324,-0.730231523513794
1790028618282989600,8.219989501953124,-2.1092917919158936,-0.49559974670410156,0.09816227108240128
1790028618292999400,8.22999951171875,-1.5203180313110352,-0.24899697303771973,-0.21547815203666687
1790028618303039700,8.240039794921875,-0.7996633648872375,0.35913026332855225,0.021547814831137657
1790028618313049600,8.250049560546875,-0.8259995579719543,0.6057330369949341,-0.31603461503982544
1790028618403198500,8.340198486328125,-0.18914192914962769,1.1563993692398071,-0.9433154463768005
1790028618433288700,8.370288818359375,-1.1875240802764893,1.9393033981323242,-0.47884035110473633
1790028618443298600,8.380298583984375,-1.6065093278884888,1.9608511924743652,-0.33039984107017517
1790028618453308200,8.39030810546875,-1.1875240802764893,1.647210717201233,-0.2585737705230713
1790028618463348500,8.400348388671874,-1.2880805730819702,2.7293899059295654,0.09816227108240128
1790028618483429000,8.42042919921875,-0.667982280254364,2.3750481605529785,0.5578489899635315
1790028618493439000,8.43043896484375,-0.4596867263317108,2.343923568725586,0.4596867263317108
1790028618503448600,8.440448486328124,-0.5410895943641663,2.0877439975738525,-0.009576806798577309
1790028618513489000,8.450489013671875,-0.4620809257030487,2.1595699787139893,-0.4405331015586853
1790028618523529200,8.460529296875,-0.33758243918418884,1.8531121015548706,-0.7350199222564697
1790028618533539000,8.4705390625,-0.3256114423274994,1.6855180263519287,-0.5913678407669067
1790028618543548700,8.480548583984374,-0.5051765441894531,1.7070658206939697,-0.22026655077934265
1790028618553558500,8.49055859375,-0.524330198764801,1.556231141090393,-0.26336219906806946
1790028618563568400,8.500568359375,-0.6153098344802856,1.4173674583435059,-0.16519992053508759
1790028618603637800,8.5406376953125,-0.2059013396501541,1.1180921792984009,-0.6224924325942993
1790028618613647600,8.550647705078125,-0.304063618183136,0.9840168952941895,-0.35673606395721436
1790028618623688000,8.56068798828125,-0.4620809257030487,0.4620809257030487,-0.019153613597154617
1790028618633728300,8.570728271484375,-0.40222588181495667,0.2346317619085312,0.21308395266532898
1790028618643737900,8.58073779296875,-0.6344634294509888,-0.2849099934101105,-0.0694318488240242
1790028618653778200,8.590778076171874,-0.5171475410461426,-0.15562310814857483,-0.19632454216480255
1790028618663849000,8.600848876953124,-0.608127236366272,0,-0.6607996821403503
1790028618683899100,8.620899169921875,-0.44532153010368347,0.6344634294509888,-0.5386953949928284
1790028618703949000,8.640948974609374,-0.2968810200691223,0.17956513166427612,-0.004788403399288654
1790028618713989400,8.6509892578125,-0.011971008032560349,-0.10055647045373917,0.06464344263076782
1790028618723999200,8.660999267578125,0.1604115068912506,-0.4357447028160095,-0.4692635238170624
1790028618734009000,8.671009033203125,0.2537853717803955,-0.7613561153411865,-1.2210428714752197
1790028618794128600,8.731128662109375,0.3974374830722809,-0.7733271718025208,0.8906430602073669
1790028618814178600,8.751178466796874,0.28969839215278625,-0.45489832758903503,-0.6440402865409851
1790028618824219000,8.761218994140625,-0.569819986820221,0.10534487664699554,-1.0247182846069336
1790028618834259200,8.77125927734375,-1.37906014919281,0.49559974670410156,-0.7637503147125244
1790028618844330000,8.781330078125,-1.2713210582733154,0.19632454216480255,-0.05267243832349777
1790028618854309400,8.791309326171875,-0.5793967843055725,-0.5386953949928284,0.8930372595787048
1790028618864349400,8.801349365234374,0.43335050344467163,-0.5961562395095825,1.237802267074585
1790028618874389800,8.8113896484375,0.5889736413955688,0.09816227108240128,0.40940847992897034
1790028618884399600,8.821399658203125,-0.42377370595932007,-0.07900865375995636,-0.7876923680305481
1790028618904419000,8.841419189453125,-1.501164436340332,0.6368576288223267,-2.094926595687866
1790028618914429000,8.851428955078125,-1.3886369466781616,0.33518823981285095,-1.381454348564148
1790028618924469200,8.86146923828125,-0.7134721279144287,0.08140286058187485,-0.05027823522686958
1790028618934478800,8.871478759765624,0.040701430290937424,-0.4189853072166443,0.9648633003234863
1790028618944488700,8.88148876953125,0.6751648783683777,-0.8020575642585754,1.2976573705673218
1790028618954529000,8.891529052734375,1.3335703611373901,-0.2298433631658554,0.31842881441116333
1790028618964538600,8.90153857421875,1.039083480834961,0.3687070608139038,-0.871489405632019
1790028618994629000,8.931629150390625,-0.6272808313369751,-1.01753568649292,-0.19632454216480255
1790028619074798800,9.011798828125,-0.9744400978088379,-0.1388636976480484,-0.40940847992897034
1790028619084808400,9.021808349609374,-0.7661445140838623,-0.507570743560791,0.5602431893348694
1790028619094879200,9.031879150390624,-0.33279404044151306,-1.41257905960083,0.768538773059845
1790028619104919600,9.04191943359375,0.7158663272857666,-1.2832920551300049,0.9528923034667969
1790028619124969700,9.0619697265625,1.5155296325683594,0.011971008032560349,0.07182604819536209
1790028619135010000,9.072010009765625,0.706289529800415,0.49559974670410156,-0.35913026332855225
1790028619145050000,9.082050048828124,-0.2298433631658554,0.8068459630012512,-0.608127236366272
1790028619155121000,9.092120849609374,-0.9097966551780701,-0.4429273009300232,0.014365210197865963
1790028619165130800,9.102130859375,-0.9576807022094727,-0.7924807667732239,0.6105214357376099
1790028619175171000,9.112171142578125,-0.7350199222564697,-0.5291185975074768,0.3208230137825012
1790028619185181000,9.122180908203125,-0.5937620401382446,-0.4596867263317108,-0.2082955539226532
1790028619195190500,9.1321904296875,-0.19871874153614044,-0.768538773059845,-0.1867477297782898
1790028619205200400,9.142200439453125,0.4165911078453064,-0.40222588181495667,0.1388636976480484
1790028619215210200,9.152210205078125,1.0749965906143188,0.40701428055763245,0.3064578175544739
1790028619295410400,9.232410400390625,0.6344634294509888,-0.7757213711738586,0.08140286058187485
1790028619305420000,9.242419921875,0.7015010714530945,-0.7781155705451965,1.2210428714752197
1790028619315430000,9.252429931640625,0.6703764796257019,-0.22026655077934265,1.3192051649093628
1790028619335479800,9.272479736328124,0.4572925269603729,-0.2944868206977844,0.09816227108240128
1790028619365509000,9.302509033203124,-0.019153613597154617,-0.646434485912323,0.7541735172271729
1790028619375519000,9.31251904296875,-0.08619125932455063,-0.181959331035614,0.33518823981285095
1790028619405548300,9.34254833984375,-0.08379705995321274,-0.6153098344802856,0.5099649429321289
1790028619415588600,9.352588623046875,-0.2322375625371933,0.05267243832349777,-0.44771572947502136
1790028619425629000,9.36262890625,-0.16998831927776337,-0.15562310814857483,-1.0630255937576294
1790028619435669000,9.3726689453125,-0.31603461503982544,-0.4812345504760742,-0.7445967197418213
1790028619445678800,9.382678955078125,-0.4357447028160095,-0.4596867263317108,0.05027823522686958
1790028619455688700,9.392688720703125,-0.4836287498474121,-0.35673606395721436,0.6105214357376099
1790028619465698300,9.4026982421875,-0.33758243918418884,0.38546648621559143,0.31124621629714966
1790028619485718000,9.422718017578125,0.44771572947502136,-0.7565677165985107,0.11252748221158981
1790028619495727600,9.4327275390625,0.933738648891449,-0.5410895943641663,0.811634361743927
1790028619525787600,9.46278759765625,0.8044517636299133,0.035913024097681046,-0.033518824726343155
1790028619545807000,9.48280712890625,0.7733271718025208,0.5578489899635315,0.33518823981285095
1790028619615906000,9.552906005859375,0.6727706789970398,-0.26336219906806946,0.608127236366272
1790028619645965800,9.5829658203125,0.33039984107017517,-0.6105214357376099,1.1899182796478271
1790028619655975400,9.592975341796874,0.038307227194309235,-0.5841852426528931,1.5490485429763794
1790028619665985300,9.6029853515625,-0.272938996553421,-0.8930372595787048,1.6424223184585571
1790028619736053800,9.6730537109375,0.8595184087753296,-0.22266076505184174,0.2585737705230713
1790028619746093800,9.68309375,0.8523358106613159,-0.6943184733390808,0.5817909836769104
1790028619756103700,9.693103759765625,0.6584054827690125,-0.7613561153411865,0.8595184087753296
1790028619766113500,9.703113525390625,0.5746083855628967,-0.45250412821769714,0.6200982332229614
1790028619776123100,9.713123046875,0.586579442024231,-0.27054479718208313,0.29209262132644653
1790028619786194000,9.72319384765625,0.768538773059845,-0.07422025501728058,0.004788403399288654
1790028619816284400,9.753284423828125,0.586579442024231,-0.6009446382522583,0.8547300100326538
1790028619826294000,9.7632939453125,0.05746084079146385,-0.40222588181495667,1.091755986213684
1790028619836334300,9.773334228515624,0.12928688526153564,0.06703764945268631,0.6584054827690125
1790028619846374700,9.783374755859375,0.569819986820221,0.090979665517807,0.3687070608139038
1790028619856354000,9.79335400390625,1.0319008827209473,-0.4118026793003082,0.8259995579719543
1790028619866394000,9.80339404296875,0.8259995579719543,-0.6105214357376099,1.0414776802062988
1790028619876404000,9.813404052734375,0.6560112833976746,-0.6943184733390808,0.9792284965515137
1790028619886413800,9.823413818359375,0.2513911724090576,-1.2306196689605713,1.3623007535934448
1790028619896393000,9.83339306640625,0.031124621629714966,-1.2761094570159912,1.2832920551300049
1790028619906433300,9.843433349609375,-0.016759412363171577,-0.993593692779541,0.8547300100326538
1790028619926452700,9.86345263671875,-0.3663128614425659,-1.3527239561080933,1.2641384601593018
1790028619946472400,9.883472412109375,-1.5466543436050415,-1.6160861253738403,1.01753568649292
1790028619966522400,9.9035224609375,-1.6639702320098877,-1.6663644313812256,0.9624691009521484
1790028619986572500,9.923572509765625,-1.778891921043396,-2.0183119773864746,1.2114660739898682
1790028619996582100,9.93358203125,-2.126051187515259,-1.824381709098816,1.4508862495422363
1790028620006592000,9.943592041015625,-2.056619167327881,-1.5107412338256836,1.1755530834197998
1790028620016601900,9.953601806640625,-1.5969325304031372,-1.6639702320098877,1.0989385843276978
1790028620026642000,9.963641845703124,-1.3694833517074585,-1.6735470294952393,1.1300631761550903
1790028620116852000,10.05385205078125,-1.1971008777618408,-1.6543933153152466,1.699883222579956
1790028620136902100,10.073902099609375,-1.9297266006469727,-1.766920804977417,2.2170307636260986
1790028620146942200,10.083942138671874,-1.9512743949890137,-1.2186486721038818,1.9393033981323242
1790028620156952000,10.0939521484375,-1.821987509727478,-1.6615760326385498,1.7597382068634033
1790028620166962000,10.1039619140625,-1.9129672050476074,-2.1092917919158936,2.3487119674682617
1790028620176971500,10.113971435546874,-2.4013843536376953,-1.9776105880737305,2.4636335372924805
1790028620187011800,10.12401171875,-2.7533318996429443,-1.6041151285171509,2.1045033931732178
1790028620197021700,10.134021728515625,-2.6024973392486572,-1.4772224426269531,1.889025092124939
1790028620207062000,10.14406201171875,-2.367865562438965,-1.50355863571167,1.7310078144073486
1790028620217041200,10.154041259765625,-2.3319525718688965,-1.6927006244659424,1.5634137392044067
1790028620227112000,10.16411181640625,-2.3989901542663574,-1.3886369466781616,1.2832920551300049
1790028620237121800,10.174121826171875,-2.2816741466522217,-1.5658079385757446,1.3263877630233765
1790028620247162000,10.184162109375,-2.166752576828003,-1.886630892753601,1.5418659448623657
1790028620257202400,10.194202392578125,-2.300827741622925,-2.1787235736846924,2.118868589401245
1790028620267242500,10.204242431640624,-2.1068975925445557,-1.556231141090393,1.8842366933822632
1790028620277282800,10.21428271484375,-1.6543933153152466,-0.9576807022094727,1.4101848602294922
1790028620287292700,10.224292724609375,-1.1324573755264282,-0.2106897532939911,0.768538773059845
1790028620307373300,10.244373291015625,-0.6200982332229614,-0.031124621629714966,0.4812345504760742
1790028620367523300,10.3045234375,-0.7230489253997803,0.16759411990642548,-2.142810583114624
1790028620447693000,10.384693115234375,-0.9792284965515137,-1.216254472732544,1.3096283674240112
1790028620507843000,10.444843017578124,-0.6512228846549988,0.5267243981361389,-1.1228805780410767
1790028620588074000,10.525073974609375,-1.6759412288665771,-0.751779317855835,-0.304063618183136
1790028620668213000,10.605212890625,-0.8403648138046265,0.7015010714530945,-1.1755530834197998
1790028620698242300,10.6352421875,-1.7693150043487549,0.26815059781074524,-0.6272808313369751
1790028620728302000,10.665302001953124,-1.7190368175506592,0.9744400978088379,-1.4437036514282227
1790028620738312000,10.67531201171875,-1.7046716213226318,1.170764684677124,-1.0462661981582642
1790028620748321800,10.68532177734375,-1.3982137441635132,0.9169792532920837,-1.5275006294250488
1790028620758362000,10.695362060546875,-1.558625340461731,1.501164436340332,-1.4197616577148438
1790028620788391200,10.72539111328125,-1.3263877630233765,0.9193734526634216,-0.5913678407669067
1790028620798431500,10.735431396484374,-0.9816226959228516,0.8355764150619507,-0.950498104095459
1790028620838470700,10.775470703125,-0.9097966551780701,2.03507137298584,0.28730419278144836
1790028620848480500,10.78548046875,-0.6129156351089478,1.9776105880737305,0.6272808313369751
1790028620868530400,10.805530517578125,-0.646434485912323,1.86508309841156,0.6607996821403503
1790028620878570800,10.81557080078125,-0.3064578175544739,1.9081788063049316,0.43335050344467163
1790028620898651400,10.8356513671875,-0.524330198764801,2.279279947280884,-0.07182604819536209
1790028620918731800,10.855731689453124,0.43335050344467163,2.183511972427368,0.22266076505184174
1790028620928741600,10.86574169921875,0.2322375625371933,2.319981336593628,-0.038307227194309235
1790028620938720800,10.875720703125,-0.2753331959247589,2.5737667083740234,-0.6224924325942993
1790028620948761000,10.885760986328124,-0.49559974670410156,3.00711727142334,-1.1420341730117798
1790028620958801400,10.895801513671875,-0.5195417404174805,2.693476915359497,-1.2282254695892334
1790028620968841700,10.905841796875,-0.27054479718208313,2.3511061668395996,-0.7757213711738586
1790028620978851600,10.9158515625,-0.08379705995321274,2.1978771686553955,-0.5937620401382446
1790028620988861200,10.925861083984374,0.002394201699644327,2.212242364883423,-0.8379706144332886
1790028620998871000,10.93587109375,0.016759412363171577,1.8746598958969116,-0.7326257228851318
1790028621008881000,10.945880859375,-0.011971008032560349,1.7741034030914307,-0.6392518281936646
1790028621018890500,10.955890380859374,-0.10055647045373917,1.534683346748352,-0.629675030708313
1790028621028930800,10.965930908203125,-0.05027823522686958,1.0055646896362305,-0.47644615173339844
1790028621058990600,10.995990478515624,-0.6272808313369751,0.44532153010368347,0.09816227108240128
1790028621069000400,11.00600048828125,-0.36152446269989014,0.17956513166427612,0.6536170840263367
1790028621079040800,11.016040771484375,-0.13407529890537262,0.4141969084739685,0.6703764796257019
1790028621089050400,11.02605029296875,-0.31364041566848755,0.20350714027881622,0.6991068720817566
1790028621099060200,11.036060302734375,-0.08140286058187485,0.19393034279346466,0.6416460275650024
1790028621109100500,11.0461005859375,0.09576806426048279,0.20350714027881622,-0.6224924325942993
1790028621119110400,11.0561103515625,-0.21787235140800476,0.3208230137825012,-1.3096283674240112
1790028621129150500,11.066150390625,-0.7206547260284424,1.2689268589019775,-1.4437036514282227
1790028621139160300,11.076160400390625,-1.1659762859344482,1.290474772453308,-0.7972691655158997
1790028621149170200,11.086170166015625,-0.5722141861915588,1.2641384601593018,0.9911994934082031
1790028621159179800,11.0961796875,0.2801215946674347,0.8475474119186401,1.5729905366897583
1790028621169220000,11.10622021484375,0.7876923680305481,-0.0071826050989329815,2.075772762298584
1790028621199249400,11.13624951171875,-1.1061211824417114,-0.23702596127986908,-2.6360161304473877
1790028621209289700,11.146289794921875,-1.1779472827911377,0.18914192914962769,-3.0621838569641113
1790028621219330000,11.156330078125,-0.993593692779541,1.3048399686813354,-3.0190882682800293
1790028621239380000,11.1763798828125,-0.17717093229293823,2.2625205516815186,-0.7374141216278076
1790028621249389800,11.186389892578125,0.6272808313369751,2.0183119773864746,0.2298433631658554
1790028621259430100,11.19643017578125,0.5841852426528931,1.0103530883789062,0.8571242094039917
1790028621269470500,11.206470458984375,-0.1364694982767105,-0.043095629662275314,0.4213795065879822
1790028621279480000,11.21647998046875,-0.3471592366695404,0.42377370595932007,-1.4628572463989258
1790028621289490000,11.226489990234375,-0.727837324142456,0.6416460275650024,-3.179499864578247
1790028621299530200,11.2365302734375,-0.8738836050033569,0.29209262132644653,-2.808398485183716
1790028621309539800,11.246539794921874,-0.33279404044151306,0.22744916379451752,-1.2689268589019775
1790028621319580200,11.256580078125,0.6153098344802856,0.3687070608139038,-0.22505496442317963
1790028621339569200,11.276569091796874,1.0845733880996704,-0.8882488012313843,0.7422025203704834
1790028621349609500,11.286609375,0.8667010068893433,0.035913024097681046,-0.2346317619085312
1790028621379638800,11.316638671875,-0.950498104095459,-0.2106897532939911,-0.9768342971801758
1790028621399658500,11.336658447265625,0.4141969084739685,-1.6950948238372803,1.2473790645599365
1790028621419739000,11.35673876953125,1.6735470294952393,0.0454898327589035,-0.5770025849342346
1790028621429748700,11.366748779296875,0.43335050344467163,0.9433154463768005,-1.4676456451416016
1790028621469848800,11.406848876953125,-0.9481038451194763,-2.427720546722412,1.6400281190872192
1790028621510009900,11.447009765625,0.9241618514060974,0.706289529800415,-1.0079588890075684
1790028621580139300,11.51713916015625,0.2346317619085312,-2.0015525817871094,2.0925323963165283
1790028621620178400,11.557178466796875,0.2513911724090576,-0.6392518281936646,1.1971008777618408
1790028621630188000,11.56718798828125,-0.8690952062606812,-2.0805611610412598,2.3319525718688965
1790028621720337200,11.657337158203125,0.3208230137825012,-0.3663128614425659,-0.17477671802043915
1790028621800476200,11.73747607421875,0.22026655077934265,-0.3758896589279175,-0.3734954595565796
1790028621810486000,11.747486083984375,0.20111294090747833,-0.6584054827690125,0.8595184087753296
1790028621870636000,11.807635986328124,0.3519476354122162,-0.2561795711517334,1.889025092124939
1790028621910766800,11.847766845703125,-0.05985504388809204,-0.15562310814857483,0.06464344263076782
1790028621920776400,11.8577763671875,-0.043095629662275314,-0.3064578175544739,0.2777273952960968
1790028621930755800,11.867755859375,-0.08858546614646912,-0.4189853072166443,0.3734954595565796
1790028622000915700,11.937915771484375,0.09576806426048279,-0.9433154463768005,0.8643068075180054
1790028622051056000,11.98805615234375,0.2561795711517334,-0.6655880808830261,0.6584054827690125
1790028622061096400,11.998096435546875,0.2082955539226532,-0.912190854549408,0.586579442024231
1790028622071136800,12.00813671875,-0.002394201699644327,-1.3527239561080933,0.9983820915222168
1790028622091186700,12.028186767578125,-0.3998316824436188,-0.6751648783683777,0.9648633003234863
1790028622101227000,12.03822705078125,-0.31364041566848755,-0.5506663918495178,1.7501614093780518
1790028622141327000,12.0783271484375,0.8882488012313843,-0.33997663855552673,1.6974890232086182
1790028622171447800,12.10844775390625,-0.028730420395731926,-0.3471592366695404,1.5203180313110352
1790028622201507800,12.1385078125,0.4165911078453064,-0.31842881441116333,1.2425906658172607
1790028622211548000,12.1485478515625,0.507570743560791,-0.4908113479614258,1.0055646896362305
1790028622221557800,12.158557861328125,0.3687070608139038,-0.2944868206977844,0.5889736413955688
1790028622241577200,12.1785771484375,-0.16998831927776337,-0.6440402865409851,0.42856210470199585
1790028622261627400,12.19862744140625,-0.35434186458587646,-0.5027823448181152,0.4189853072166443
1790028622281646800,12.218646728515624,0.011971008032560349,-0.7613561153411865,0.43095630407333374
1790028622291626200,12.228626220703125,-0.12689268589019775,-0.9600749015808105,0.8379706144332886
1790028622301666300,12.238666259765624,-0.3878606855869293,-0.9241618514060974,0.9911994934082031
1790028622311737300,12.2487373046875,-0.8810662031173706,-1.1875240802764893,1.2258312702178955
1790028622321747000,12.258746826171874,-1.4101848602294922,-1.6041151285171509,1.5466543436050415
1790028622331787300,12.268787353515625,-1.5849615335464478,-1.6496049165725708,1.4460978507995605
1790028622341827600,12.27882763671875,-1.5610195398330688,-1.7693150043487549,2.1595699787139893
1790028622351837400,12.28883740234375,-1.6280571222305298,-2.2697031497955322,2.832340717315674
1790028622401977600,12.3389775390625,-1.460463047027588,-1.946485996246338,2.298433542251587
1790028622422088700,12.359088623046874,-1.9488801956176758,-1.5418659448623657,1.7693150043487549
1790028622452148700,12.389148681640625,-1.5897499322891235,-1.900996208190918,2.2864625453948975
1790028622462158300,12.399158447265625,-1.5131354331970215,-1.1875240802764893,1.2761094570159912
1790028622482208500,12.41920849609375,-1.5322890281677246,-2.032677173614502,2.2816741466522217
1790028622542297600,12.479297607421875,-1.4748282432556152,-0.586579442024231,0.6416460275650024
1790028622552307200,12.48930712890625,-1.3287819623947144,-0.9217676520347595,0.7996633648872375
1790028622562347500,12.499347412109374,-1.2330138683319092,-1.9967641830444336,1.1324573755264282
1790028622572387800,12.509387939453125,-0.8379706144332886,-1.9153614044189453,0.8355764150619507
1790028622582428200,12.51942822265625,-0.40701428055763245,-1.1563993692398071,0.3280056416988373
1790028622592468500,12.529468505859375,-0.181959331035614,-0.1843535304069519,0.8044517636299133
1790028622612518400,12.549518310546874,-0.7924807667732239,0.28730419278144836,1.8076223134994507
1790028622622558700,12.559558837890625,-0.5889736413955688,0.6440402865409851,0.8834604024887085
1790028622632599000,12.56959912109375,-0.38067805767059326,0.4118026793003082,-0.5554547905921936
1790028622642609000,12.57960888671875,-0.26336219906806946,-0.12210428714752197,-0.33279404044151306
1790028622652618500,12.589618408203124,-0.9888052940368652,-0.19393034279346466,-0.05027823522686958
1790028622662628400,12.59962841796875,-1.6950948238372803,0.043095629662275314,0.023942016065120697
1790028622672638200,12.60963818359375,-1.6112977266311646,0.23702596127986908,-0.7972691655158997
1790028622682678300,12.61967822265625,-0.6943184733390808,-0.3663128614425659,-1.015141487121582
1790028622692718600,12.629718505859374,0.10534487664699554,-0.9552865028381348,-0.09816227108240128
1790028622702728400,12.639728515625,0.15083470940589905,-1.1180921792984009,0.8906430602073669
1790028622712738300,12.64973828125,0.12928688526153564,-0.8667010068893433,0.8690952062606812
1790028622722748000,12.659747802734374,-0.06464344263076782,-0.7134721279144287,0.2825157940387726
1790028622732757800,12.6697578125,-0.35434186458587646,-0.5339069962501526,0.6775590777397156
1790028622742798000,12.679798095703125,-0.7254431247711182,0.7565677165985107,-0.26815059781074524
1790028622772857900,12.70985791015625,-1.0534487962722778,-0.871489405632019,0.5267243981361389
1790028622782898200,12.719898193359375,-0.6919242739677429,-1.1204863786697388,1.0271124839782715
1790028622802948000,12.739947998046874,-0.29209262132644653,-0.569819986820221,0.8930372595787048
1790028622812927500,12.749927490234375,-0.5410895943641663,-0.40462008118629456,-0.20350714027881622
1790028622822967800,12.7599677734375,-0.8451532125473022,-0.5051765441894531,-0.6392518281936646
1790028622832977400,12.769977294921874,-1.015141487121582,-1.460463047027588,0.5961562395095825
1790028622842987300,12.7799873046875,-0.569819986820221,-1.0438719987869263,1.7334020137786865
1790028622852997000,12.7899970703125,-0.1388636976480484,-0.7948749661445618,0.47884035110473633
1790028622863006700,12.8000068359375,-0.10773907601833344,-1.4628572463989258,0.5626373887062073
1790028622873016600,12.8100166015625,-0.7445967197418213,-0.8619126081466675,0.48602294921875
1790028622883087400,12.82008740234375,-1.8124107122421265,-0.6224924325942993,-0.7374141216278076
1790028622903137300,12.84013720703125,-2.183511972427368,-1.1659762859344482,-0.4165911078453064
1790028622913177600,12.850177490234374,-1.2545616626739502,0.5386953949928284,0.07661445438861847
1790028622923187500,12.8601875,-1.2761094570159912,2.0398597717285156,-0.8451532125473022
1790028622933227800,12.870227783203125,-2.073378562927246,3.064578056335449,-2.2840683460235596
1790028622943268000,12.88026806640625,-3.4524388313293457,1.1468225717544556,-1.6352397203445435
1790028622953277700,12.890277587890624,-3.265691041946411,0.3280056416988373,-0.4644751250743866
1790028622963287600,12.90028759765625,-1.9153614044189453,0.5793967843055725,-1.137245774269104
1790028623043548700,12.980548583984374,-1.1683704853057861,-0.19153612852096558,-0.0071826050989329815
1790028623113708500,13.05070849609375,-0.19632454216480255,1.9512743949890137,0.11013327538967133
1790028623183899100,13.120899169921875,-0.871489405632019,2.8850131034851074,0.2777273952960968
1790028623193939500,13.130939453125,-0.7709329724311829,2.518700122833252,0.3519476354122162
1790028623203949000,13.140948974609374,-0.3280056416988373,2.5115175247192383,-0.12210428714752197
1790028623213959000,13.150958984375,-0.272938996553421,2.274491548538208,-0.11013327538967133
1790028623223999200,13.160999267578125,-0.44532153010368347,2.0446481704711914,-0.05985504388809204
1790028623244018700,13.181018798828125,-0.13168109953403473,1.8363527059555054,-0.5434837937355042
1790028623254059000,13.19105908203125,-0.12689268589019775,2.31758713722229,-0.5291185975074768
1790028623264068900,13.20106884765625,-0.33518823981285095,2.7772738933563232,-0.2059013396501541
1790028623274139600,13.2111396484375,-0.6655880808830261,3.272873640060425,-0.4381389021873474
1790028623284149200,13.221149169921874,-0.5315127968788147,2.8826189041137695,-1.0462661981582642
1790028623294189600,13.231189453125,-0.3471592366695404,2.1763293743133545,-1.072602391242981
1790028623304199400,13.241199462890625,-0.2753331959247589,1.987187385559082,-0.8762778043746948
1790028623314239700,13.25123974609375,0.10773907601833344,1.6376339197158813,-1.1516109704971313
1790028623324249300,13.261249267578124,-0.05267243832349777,1.3718775510787964,-0.7350199222564697
1790028623334289700,13.27128955078125,-0.035913024097681046,1.4508862495422363,-0.4812345504760742
1790028623354339800,13.29133984375,0.22505496442317963,1.7142484188079834,-0.871489405632019
1790028623364349400,13.301349365234374,0.05267243832349777,1.4939818382263184,-0.26096799969673157
1790028623374359300,13.311359375,0.023942016065120697,1.3311761617660522,-0.15562310814857483
1790028623394409500,13.331409423828125,0.21308395266532898,0.5410895943641663,0.12449848651885986
1790028623404449500,13.341449462890624,0.10295066982507706,0.3064578175544739,-0.6105214357376099
1790028623414459400,13.35145947265625,-0.12928688526153564,0.524330198764801,-0.7134721279144287
1790028623444549600,13.381549560546874,-0.4165911078453064,0.6943184733390808,-0.12449848651885986
1790028623454559500,13.3915595703125,-0.507570743560791,0.5937620401382446,-0.15801730751991272
1790028623474579000,13.411578857421874,0.06703764945268631,0.8044517636299133,0.15562310814857483
1790028623484619300,13.421619384765625,0.07182604819536209,1.015141487121582,-0.8044517636299133
1790028623494629000,13.431629150390625,-0.2082955539226532,1.0582371950149536,-0.6129156351089478
1790028623504669400,13.44166943359375,-0.4668693244457245,0.7422025203704834,-0.23702596127986908
1790028623514679000,13.451678955078124,-0.7469909191131592,0.4165911078453064,-0.5363011956214905
1790028623524689000,13.46168896484375,-0.3495534360408783,-0.0933738648891449,-0.7733271718025208
1790028623534698800,13.47169873046875,0.363918662071228,-0.7852981686592102,-0.28969839215278625
1790028623544738800,13.48173876953125,1.1994950771331787,-0.6392518281936646,-0.15562310814857483
1790028623564819500,13.5018193359375,-0.016759412363171577,0.7398083209991455,-0.9002198576927185
1790028623574829300,13.511829345703125,-0.7805097699165344,1.2425906658172607,-0.22505496442317963
1790028623594910000,13.531909912109375,-1.235408067703247,0.40462008118629456,0.16759411990642548
1790028623604950000,13.541949951171874,-0.9265560507774353,-0.4381389021873474,0.35673606395721436
1790028623624969700,13.5619697265625,0.5937620401382446,-0.3734954595565796,-0.6009446382522583
1790028623645019600,13.58201953125,-0.26815059781074524,1.8938134908676147,-1.4221558570861816
1790028623655029500,13.592029541015625,-1.0630255937576294,2.03507137298584,-0.4213795065879822
1790028623665039400,13.602039306640625,-1.3742717504501343,1.4915876388549805,0.05027823522686958
1790028623675079400,13.612079345703124,-1.280897855758667,0.950498104095459,-0.023942016065120697
1790028623685150200,13.622150146484374,-0.8978256583213806,-0.028730420395731926,-1.3048399686813354
1790028623695160000,13.63216015625,-0.090979665517807,-0.6536170840263367,-1.338358759880066
1790028623705200400,13.642200439453125,0.9983820915222168,-0.10773907601833344,-1.8171991109848022
1790028623745300500,13.682300537109375,-1.4245500564575195,1.9512743949890137,1.0271124839782715
1790028623795410400,13.732410400390625,2.8107926845550537,1.0295066833496094,-1.5897499322891235
1790028623805420000,13.742419921875,1.8363527059555054,2.0925323963165283,-1.5705963373184204
1790028623835510500,13.772510498046875,-1.900996208190918,-0.2082955539226532,0.40940847992897034
1790028623855591000,13.7925908203125,-2.1547815799713135,0.23942017555236816,-3.0789434909820557
1790028623935791000,13.872791015625,-0.7350199222564697,-2.1595699787139893,1.2210428714752197
1790028623985870600,13.92287060546875,-0.4381389021873474,-1.8171991109848022,1.7908629179000854
1790028623995880200,13.932880126953124,0.2346317619085312,-0.7852981686592102,1.3407529592514038
1790028624035980300,13.972980224609374,-0.9840168952941895,-0.8882488012313843,0.7326257228851318
1790028624086120700,14.02312060546875,0.9481038451194763,-0.3495534360408783,-0.026336219161748886
1790028624116180500,14.053180419921874,-0.4572925269603729,-0.07422025501728058,1.2856862545013428
1790028624126220800,14.063220703125,-0.8906430602073669,-0.15801730751991272,0.40222588181495667
1790028624136261000,14.07326123046875,-0.4381389021873474,-0.5937620401382446,0.28969839215278625
1790028624146271000,14.08327099609375,0.45250412821769714,-0.5027823448181152,-0.023942016065120697
1790028624156280600,14.093280517578124,1.0247182846069336,-0.7493851184844971,0.47165772318840027
1790028624166260000,14.103260009765625,1.1180921792984009,-0.9672574996948242,1.8722656965255737
1790028624186310000,14.123309814453124,0.5482721924781799,-0.05746084079146385,1.8938134908676147
1790028624196350200,14.13335009765625,0.05746084079146385,0.3663128614425659,1.501164436340332
1790028624226440700,14.163440673828125,-0.871489405632019,-1.1420341730117798,0.47405192255973816
1790028624236450300,14.1734501953125,-0.5434837937355042,-0.49559974670410156,-0.45250412821769714
1790028624246460200,14.183460205078125,-0.08140286058187485,-0.10773907601833344,-0.8331822156906128
1790028624256470000,14.193469970703125,0.31842881441116333,-0.2561795711517334,-0.22505496442317963
1790028624276489500,14.213489501953125,0.47165772318840027,-0.828393816947937,1.778891921043396
1790028624296539400,14.233539306640624,0.17238251864910126,-0.002394201699644327,0.5793967843055725
1790028624346649300,14.2836494140625,-0.2561795711517334,-0.33039984107017517,0.7422025203704834
1790028624406799400,14.34379931640625,-0.33039984107017517,-0.6560112833976746,1.6831238269805908
1790028624426849500,14.363849609375,-0.5793967843055725,-1.1444283723831177,1.6543933153152466
1790028624467041300,14.404041259765625,-0.21787235140800476,-0.6200982332229614,0.038307227194309235
1790028624537140000,14.474139892578124,-0.7781155705451965,-0.8212111592292786,-0.21787235140800476
1790028624567230500,14.50423046875,-0.9433154463768005,-1.137245774269104,0.5841852426528931
1790028624597259800,14.534259765625,-1.0247182846069336,-1.3239935636520386,2.0901381969451904
1790028624697571000,14.634571044921875,-1.9967641830444336,-1.0606313943862915,1.6280571222305298
1790028624727661300,14.664661376953125,-2.056619167327881,-1.3024457693099976,1.4915876388549805
1790028624757721000,14.69472119140625,-1.8531121015548706,-0.9050082564353943,0.8571242094039917
1790028624767731000,14.70473095703125,-1.6663644313812256,-1.0989385843276978,1.0031704902648926
1790028624777740500,14.714740478515624,-1.7597382068634033,-0.9983820915222168,1.216254472732544
1790028624797790700,14.734790771484375,-1.5945383310317993,-1.0271124839782715,0.9481038451194763
1790028624817810200,14.75481005859375,-1.3239935636520386,-1.5466543436050415,1.292868971824646
1790028624898071600,14.835071533203125,-0.727837324142456,-0.5027823448181152,1.455674648284912
1790028624908081200,14.8450810546875,-1.2282254695892334,-0.42616790533065796,1.1563993692398071
1790028624918091000,14.855091064453125,-1.3311761617660522,-0.8140285611152649,0.993593692779541
1790028624938110500,14.8751103515625,-1.4963760375976562,-0.8379706144332886,1.0079588890075684
1790028624948150800,14.88515087890625,-1.4077905416488647,0,0.6272808313369751
1790028624998260700,14.9352607421875,-1.9847931861877441,-0.08858546614646912,0.20111294090747833
1790028625008301000,14.945301025390625,-1.45806884765625,0.24660277366638184,-0.22505496442317963
1790028625018310700,14.955310546875,-1.0055646896362305,0.47405192255973816,-0.49320554733276367
1790028625028320500,14.965320556640625,-0.9217676520347595,0.026336219161748886,0
1790028625038360800,14.97536083984375,-0.9744400978088379,0.1149216815829277,0.08379705995321274
1790028625058472000,14.995471923828125,-0.9648633003234863,-0.06703764945268631,0.10055647045373917
1790028625078521900,15.01552197265625,-0.8379706144332886,0.2106897532939911,-1.8579005002975464
1790028625088562200,15.025562255859375,-0.7733271718025208,0.4118026793003082,-1.1803414821624756
1790028625098602500,15.0356025390625,-1.0821791887283325,0.5267243981361389,-0.7876923680305481
1790028625108612400,15.0456123046875,-0.9002198576927185,-0.3471592366695404,0.16759411990642548
1790028625118652400,15.05565234375,-0.6655880808830261,-0.08619125932455063,0.2992752194404602
1790028625128662300,15.065662353515625,-0.272938996553421,0.6751648783683777,-0.5650315880775452
1790028625138672000,15.075672119140625,0.31124621629714966,0.42856210470199585,-1.0749965906143188
1790028625148712400,15.08571240234375,0.28969839215278625,-1.1252747774124146,-0.08619125932455063
1790028625168762400,15.105762451171875,-0.751779317855835,-0.08619125932455063,0.7829039692878723
1790028625178802700,15.115802734375,-0.9720458984375,-0.6775590777397156,0.14844051003456116
1790028625208862500,15.145862548828125,-1.1516109704971313,0,-0.4620809257030487
1790028625218872300,15.155872314453125,-0.849941611289978,-0.16998831927776337,-0.08379705995321274
1790028625228882000,15.1658818359375,-0.5674257874488831,-0.667982280254364,0.29209262132644653
1790028625238891800,15.175891845703125,-0.20111294090747833,-0.3280056416988373,1.072602391242981
1790028625299011300,15.23601123046875,-4.173093795776367,0.5027823448181152,-1.2186486721038818
1790028625309021200,15.246021240234375,-3.9624037742614746,-0.8882488012313843,-1.5969325304031372
1790028625319061500,15.2560615234375,-2.762908697128296,0.019153613597154617,-0.6344634294509888
1790028625399231200,15.336231201171875,-3.028665065765381,-0.2346317619085312,-0.6248866319656372
1790028625409302000,15.346302001953125,-2.913743495941162,-0.9241618514060974,-0.26575639843940735
1790028625419311600,15.3563115234375,-1.6663644313812256,-0.38307225704193115,0.35673606395721436
1790028625429352000,15.36635205078125,-1.5131354331970215,-0.5027823448181152,0.5722141861915588
1790028625439392300,15.376392333984375,-1.889025092124939,0.011971008032560349,1.139639973640442
1790028625449402000,15.386402099609375,-1.9033904075622559,1.1659762859344482,0.8020575642585754
1790028625479492400,15.416492431640625,-0.2059013396501541,1.0031704902648926,0.5937620401382446
1790028625489532700,15.42653271484375,0.05027823522686958,1.867477297782898,-0.17238251864910126
1790028625499542500,15.43654248046875,-0.2944868206977844,2.293645143508911,-1.194706678390503
1790028625509582600,15.44658251953125,-0.8212111592292786,1.577778935432434,-0.5770025849342346
1790028625519623000,15.456622802734374,-1.2042834758758545,1.501164436340332,-0.8786720037460327
1790028625529632800,15.4666328125,-1.0271124839782715,1.7118542194366455,-1.161187767982483
1790028625539673000,15.476673095703125,-0.3016694188117981,1.9847931861877441,-0.7110779285430908
1790028625549713400,15.48671337890625,0.22026655077934265,2.494758129119873,-0.031124621629714966
1790028625609802500,15.546802490234375,0.23942017555236816,2.5498247146606445,0.19393034279346466
1790028625629822000,15.566822021484375,0.42616790533065796,2.8395233154296875,0.27054479718208313
1790028625639831800,15.576831787109375,-0.12928688526153564,2.451662540435791,-0.021547814831137657
1790028625649841400,15.58684130859375,0.026336219161748886,1.7764976024627686,-0.8834604024887085
1790028625659881700,15.5968818359375,0.002394201699644327,1.2282254695892334,-0.993593692779541
1790028625669891600,15.6068916015625,-0.33279404044151306,1.0654197931289673,-0.5770025849342346
1790028625679962400,15.61696240234375,-0.1867477297782898,0.768538773059845,0.20350714027881622
1790028625690002700,15.627002685546875,0.3471592366695404,1.1468225717544556,0.524330198764801
1790028625750061300,15.687061279296875,-0.6200982332229614,-0.023942016065120697,-0.19632454216480255
1790028625760132000,15.697132080078125,-0.40222588181495667,0.028730420395731926,-0.2537853717803955
1790028625770141700,15.7071416015625,-0.35673606395721436,0.1628057211637497,-0.19871874153614044
1790028625790161400,15.727161376953125,0.035913024097681046,0.3902548849582672,-0.2537853717803955
1790028625800171000,15.7371708984375,-0.26575639843940735,0.4165911078453064,-0.6727706789970398
1790028625810211300,15.74721142578125,-0.4908113479614258,0.4812345504760742,-0.8810662031173706
1790028625820251600,15.757251708984375,-0.6655880808830261,0.7206547260284424,-0.9816226959228516
1790028625830261500,15.767261474609375,-0.9744400978088379,0.7637503147125244,-0.7876923680305481
1790028625840240600,15.77724072265625,-1.1300631761550903,0.023942016065120697,-0.395043283700943
1790028625860321300,15.7973212890625,0.2537853717803955,0.5746083855628967,0.4596867263317108
1790028625870331000,15.807330810546874,0.7852981686592102,0.8930372595787048,-0.5530605912208557
1790028625890350600,15.8273505859375,-0.0454898327589035,0.7206547260284424,-0.9528923034667969
1790028625920410400,15.857410400390625,-0.9576807022094727,0.4429273009300232,-1.316810965538025
1790028625930450700,15.86745068359375,-0.8571242094039917,0.29209262132644653,-0.6488286852836609
1790028625940460300,15.877460205078124,-0.6727706789970398,-0.3208230137825012,0.14844051003456116
1790028625970489600,15.907489501953124,0.9169792532920837,0.6560112833976746,-0.11013327538967133
1790028625980499500,15.91749951171875,-0.05746084079146385,1.1180921792984009,-0.5841852426528931
1790028625990509300,15.92750927734375,-1.1252747774124146,1.3623007535934448,-1.6950948238372803
1790028626000519000,15.937518798828124,-1.7190368175506592,1.1755530834197998,-2.205059766769409
1790028626070678800,16.0076787109375,0.07422025501728058,1.3479355573654175,-1.2401964664459229
1790028626080719000,16.017718994140626,-0.7733271718025208,1.6376339197158813,-2.231395959854126
1790028626090729000,16.02772900390625,-1.4269442558288574,0.6584054827690125,-1.7812861204147339
1790028626100769300,16.037769287109374,-1.1875240802764893,-0.8595184087753296,0.2059013396501541
1790028626110779000,16.04777880859375,-0.17956513166427612,-0.9888052940368652,1.867477297782898
1790028626120819200,16.057819091796876,0.42616790533065796,-0.42856210470199585,1.3120225667953491
1790028626130829000,16.0678291015625,0.4189853072166443,0.7565677165985107,0.2346317619085312
1790028626200958500,16.13795849609375,0.47165772318840027,-0.8667010068893433,0.26096799969673157
1790028626210998800,16.147998779296874,0.6943184733390808,-0.6320692300796509,1.1348515748977661
1790028626221008400,16.15800830078125,0.6009446382522583,-0.004788403399288654,1.0773907899856567
1790028626251037700,16.18803759765625,-1.170764684677124,0.09576806426048279,-0.17717093229293823
1790028626261047600,16.198047607421874,-1.1252747774124146,-1.2449848651885986,0.7038952708244324
1790028626271118300,16.208118408203124,-0.608127236366272,-1.98958158493042,1.580173134803772
1790028626351288000,16.2882880859375,-0.9744400978088379,-0.5770025849342346,0.5315127968788147
1790028626361328400,16.298328369140624,-0.4620809257030487,-0.24420857429504395,-0.6272808313369751
1790028626381378300,16.31837841796875,-0.028730420395731926,-0.6177040338516235,-0.2106897532939911
1790028626391388200,16.32838818359375,0.2537853717803955,-0.1843535304069519,-0.5674257874488831
1790028626401397800,16.338397705078126,0.5099649429321289,-0.2777273952960968,-0.11252748221158981
1790028626411438000,16.34843798828125,0.5674257874488831,-0.5554547905921936,1.0749965906143188
1790028626421478400,16.358478515625,0.4381389021873474,-0.3902548849582672,1.6424223184585571
1790028626441497900,16.378497802734376,0.5650315880775452,-0.5889736413955688,0.629675030708313
1790028626451538200,16.3885380859375,0.38067805767059326,-0.44532153010368347,0.5003881454467773
1790028626461548000,16.398548095703124,0.12689268589019775,-0.42616790533065796,0.44532153010368347
1790028626471588400,16.40858837890625,0.08619125932455063,-0.26336219906806946,-0.1173158809542656
1790028626481598000,16.418597900390626,-0.1628057211637497,0.10534487664699554,-0.7326257228851318
1790028626491638300,16.42863818359375,-0.09576806426048279,-0.40462008118629456,-0.5554547905921936
1790028626501648100,16.438648193359374,-0.20350714027881622,-0.768538773059845,0.26575639843940735
1790028626521698000,16.458697998046876,-0.395043283700943,-0.5171475410461426,0.21787235140800476
1790028626581787400,16.518787353515624,0.10295066982507706,-0.6368576288223267,0.8523358106613159
1790028626611908000,16.548908203125,0.17238251864910126,-0.6320692300796509,0.12449848651885986
1790028626621918000,16.55891796875,-0.19871874153614044,-0.45250412821769714,0.22026655077934265
1790028626641967900,16.5789677734375,0.15322890877723694,0.026336219161748886,0.43095630407333374
1790028626651977700,16.588977783203124,0.363918662071228,0.16998831927776337,0.5913678407669067
1790028626661987600,16.598987548828124,0.4884171485900879,-0.08140286058187485,0.44532153010368347
1790028626672027600,16.609027587890626,0.5339069962501526,-0.5626373887062073,0.5147533416748047
1790028626682037500,16.61903759765625,0.11971008777618408,-0.8355764150619507,0.4405331015586853
1790028626692047400,16.62904736328125,-0.1173158809542656,-0.6560112833976746,0.0933738648891449
1790028626702057000,16.639056884765626,-0.27054479718208313,-0.569819986820221,0.2059013396501541
1790028626712097300,16.64909716796875,-0.26815059781074524,-0.608127236366272,0.6560112833976746
1790028626722107100,16.659107177734374,-0.09576806426048279,-0.3663128614425659,0.7996633648872375
1790028626752197400,16.689197265625,0.9241618514060974,-0.6009446382522583,1.0031704902648926
1790028626772217000,16.709217041015624,0.2849099934101105,-0.090979665517807,0.5793967843055725
1790028626792236500,16.729236572265624,0.0694318488240242,-0.7086837291717529,0.6799532771110535
1790028626812256000,16.749256103515624,-0.28730419278144836,-0.6224924325942993,0.8307880163192749
1790028626822296300,16.75929638671875,-0.3758896589279175,-0.6320692300796509,0.5363011956214905
1790028626832306200,16.76930615234375,-0.040701430290937424,-0.4429273009300232,-0.021547814831137657
1790028626842315800,16.779315673828126,0.12928688526153564,-0.47405192255973816,-0.21308395266532898
1790028626852325600,16.78932568359375,0.14365209639072418,-0.5267243981361389,-0.0454898327589035
1790028626862396400,16.799396484375,-0.17238251864910126,-0.730231523513794,0.4189853072166443
1790028626872406300,16.80940625,-0.5147533416748047,-0.5722141861915588,0.6655880808830261
1790028626882446300,16.8194462890625,-0.4165911078453064,-0.5147533416748047,0.545877993106842
1790028626892486700,16.829486572265626,-0.028730420395731926,-0.45250412821769714,0.5003881454467773
1790028626902496500,16.83949658203125,0.06464344263076782,-0.8451532125473022,0.9672574996948242
1790028626922516000,16.859515869140626,-0.7398083209991455,-1.5466543436050415,0.8164227604866028
1790028626942596600,16.8795966796875,-1.039083480834961,-1.5849615335464478,1.5203180313110352
1790028626952606500,16.8896064453125,-1.2258312702178955,-1.5729905366897583,2.4851813316345215
1790028626962616000,16.899615966796876,-1.2880805730819702,-1.623268723487854,3.0358476638793945
1790028626972656400,16.909656494140624,-1.1827356815338135,-2.2840683460235596,3.270479440689087
1790028626982666200,16.919666259765624,-1.0989385843276978,-3.2297780513763428,2.7892448902130127
1790028626992675800,16.92967578125,-1.2066776752471924,-3.56017804145813,2.070984363555908
1790028627002716200,16.939716064453126,-1.4891934394836426,-2.849100112915039,1.5203180313110352
1790028627012726000,16.94972607421875,-1.900996208190918,-1.764526605606079,1.1180921792984009
1790028627022766300,16.959766357421874,-2.118868589401245,-0.9217676520347595,1.2449848651885986
1790028627052856600,16.989856689453124,-1.1444283723831177,-1.4772224426269531,2.2864625453948975
1790028627062897000,16.99989697265625,-1.316810965538025,-1.6950948238372803,2.3271639347076416
1790028627072906800,17.00990673828125,-1.2497732639312744,-1.821987509727478,2.4205379486083984
1790028627082916400,17.019916259765626,-0.9409212470054626,-1.86508309841156,2.7748796939849854
1790028627092926200,17.02992626953125,-0.5267243981361389,-1.2330138683319092,1.8315643072128296
1790028627102936000,17.03993603515625,-0.48602294921875,-0.9768342971801758,1.280897855758667
1790028627112945700,17.049945556640626,-1.2066776752471924,-1.1492167711257935,1.6903064250946045
1790028627122955500,17.05995556640625,-2.3989901542663574,-0.8571242094039917,1.4628572463989258
1790028627142975000,17.07997509765625,-2.2577321529388428,-0.9648633003234863,0.3232172429561615
1790028627213165600,17.15016552734375,-1.723825216293335,-0.8355764150619507,2.032677173614502
1790028627223205600,17.16020556640625,-1.5514427423477173,0.1628057211637497,0.38546648621559143
1790028627233215500,17.170215576171874,-1.2832920551300049,-0.45489832758903503,0.44771572947502136
1790028627263305700,17.2003056640625,-1.644816517829895,-0.4644751250743866,-0.10295066982507706
1790028627293396200,17.230396240234374,0.05267243832349777,-0.31364041566848755,-0.09576806426048279
1790028627303405800,17.24040576171875,0.1149216815829277,-0.4572925269603729,0.4213795065879822
1790028627323425500,17.260425537109374,-0.9026140570640564,0.6057330369949341,-0.8188169598579407
1790028627333435100,17.27043505859375,-0.8355764150619507,-0.033518824726343155,-1.2880805730819702
1790028627343445000,17.280445068359374,-0.6943184733390808,-1.0654197931289673,-0.5386953949928284
1790028627363495200,17.3004951171875,-0.7110779285430908,-0.31842881441116333,-0.21787235140800476
1790028627373504800,17.3105048828125,-0.43095630407333374,-0.0071826050989329815,-0.5267243981361389
1790028627383545000,17.320545166015624,-0.1604115068912506,-0.3495534360408783,-0.1412578970193863
1790028627393555000,17.330554931640624,-0.33039984107017517,-1.0247182846069336,0.6847416758537292
1790028627403625700,17.340625732421874,-0.7038952708244324,-0.7445967197418213,0.9720458984375
1790028627413635300,17.35063525390625,-0.730231523513794,-0.3711012601852417,0.31603461503982544
1790028627423675600,17.360675537109376,-0.4836287498474121,-0.7374141216278076,0.2561795711517334
1790028627433685500,17.370685546875,-0.2849099934101105,-0.6799532771110535,-0.19871874153614044
1790028627443756300,17.38075634765625,-0.23942017555236816,-1.0295066833496094,0.038307227194309235
1790028627453766100,17.39076611328125,-0.42377370595932007,-0.6224924325942993,0.608127236366272
1790028627463775700,17.400775634765626,-0.6512228846549988,0,0.35673606395721436
1790028627483826000,17.420825927734374,-0.6536170840263367,0.040701430290937424,-0.706289529800415
1790028627503875800,17.440875732421876,-0.5123591423034668,-1.3646949529647827,1.2665326595306396
1790028627513946600,17.450946533203126,-0.5003881454467773,-0.49320554733276367,0.5147533416748047
1790028627523956500,17.46095654296875,-0.6033388376235962,-0.1364694982767105,-0.395043283700943
1790028627533996800,17.470996826171874,-1.1420341730117798,-0.26815059781074524,0.026336219161748886
1790028627544037000,17.481037109375,-1.5897499322891235,0.17956513166427612,-0.5674257874488831
1790028627574127400,17.51112744140625,-1.4413094520568848,-0.790086567401886,-0.5363011956214905
1790028627584137200,17.52113720703125,-0.8810662031173706,-0.950498104095459,0.4596867263317108
1790028627604187100,17.541187255859374,-1.170764684677124,0.4884171485900879,-0.13168109953403473
1790028627614197000,17.551197021484374,-2.03507137298584,0.47405192255973816,-0.3280056416988373
1790028627624237300,17.5612373046875,-2.4133553504943848,0.4381389021873474,-0.48602294921875
1790028627634277600,17.571277587890624,-2.183511972427368,0.4118026793003082,-1.1755530834197998
1790028627644287200,17.581287353515624,-1.7693150043487549,0.4572925269603729,-0.7613561153411865
1790028627714477800,17.651477783203124,-0.5530605912208557,-0.8020575642585754,1.0247182846069336
1790028627774688800,17.711688720703126,-2.0422539710998535,1.2497732639312744,0.06703764945268631
1790028627824829200,17.7618291015625,-1.1779472827911377,2.1332337856292725,-1.7525556087493896
1790028627834808600,17.77180859375,-1.5729905366897583,2.760514497756958,-1.9823989868164062
1790028627925079600,17.86207958984375,-0.8954314589500427,1.9249382019042969,0.5530605912208557
1790028627935089400,17.87208935546875,-1.3287819623947144,1.5945383310317993,0.2561795711517334
1790028627995209000,17.932208984375,-0.7374141216278076,2.1787235736846924,-1.0773907899856567
1790028628045318700,17.982318603515626,0.7015010714530945,1.6519991159439087,-0.6224924325942993
1790028628055328500,17.99232861328125,0.5746083855628967,1.3527239561080933,-0.7709329724311829
1790028628065338400,18.00233837890625,0.272938996553421,1.1013327836990356,-1.113303780555725
1790028628075348000,18.012347900390626,0.1412578970193863,0.9792284965515137,-0.9864110946655273
1790028628085388300,18.02238818359375,0.040701430290937424,0.6631938815116882,-0.5195417404174805
1790028628095428600,18.0324287109375,-0.21787235140800476,0.35434186458587646,-0.05267243832349777
1790028628125488400,18.06248828125,0.0454898327589035,-0.26096799969673157,0.7206547260284424
1790028628135498200,18.072498291015624,0.047884032130241394,-0.12449848651885986,0.15562310814857483
1790028628185577500,18.122577392578126,-1.5873557329177856,1.2832920551300049,0.33279404044151306
1790028628205597200,18.14259716796875,0.6416460275650024,0.47165772318840027,2.27209734916687
1790028628295776500,18.232776611328124,0.3471592366695404,-0.8810662031173706,1.170764684677124
1790028628325805800,18.262805908203124,-0.3734954595565796,2.209848165512085,-2.049436569213867
1790028628335846100,18.27284619140625,-1.5921441316604614,2.188300371170044,-1.0893617868423462
1790028628345856000,18.28285595703125,-2.03507137298584,1.3287819623947144,0.047884032130241394
1790028628355865600,18.292865478515626,-1.4628572463989258,-0.395043283700943,0.7469909191131592
1790028628365875500,18.30287548828125,0.004788403399288654,-1.0630255937576294,0.6703764796257019
1790028628385925400,18.32292529296875,1.8483237028121948,0.8212111592292786,-2.5234885215759277
1790028628395935200,18.332935302734374,1.1516109704971313,2.2697031497955322,-2.408566951751709
1790028628405945000,18.342945068359374,-0.17477671802043915,2.937685489654541,-1.5298948287963867
1790028628415985200,18.352985107421876,-1.213860273361206,2.6839001178741455,-0.2777273952960968
1790028628426025500,18.363025390625,-1.6543933153152466,1.434126853942871,0.4908113479614258
1790028628436035300,18.373035400390624,-1.1180921792984009,-0.6823474764823914,0.7326257228851318
1790028628446045200,18.383045166015624,-0.031124621629714966,-1.1228805780410767,0.019153613597154617
1790028628456085500,18.39308544921875,0.7445967197418213,-0.011971008032560349,-1.802833914756775
1790028628466095000,18.40309521484375,0.9145850539207458,0.608127236366272,-1.9776105880737305
1790028628476105000,18.41310498046875,0.8954314589500427,0.9026140570640564,-0.7422025203704834
1790028628486114600,18.423114501953126,0.9911994934082031,1.1013327836990356,0.586579442024231
1790028628496124400,18.43312451171875,0.7781155705451965,0.7948749661445618,1.3479355573654175
1790028628506164700,18.443164794921874,-0.009576806798577309,0.43335050344467163,0.8188169598579407
1790028628516205000,18.453205078125,-0.8212111592292786,-0.5315127968788147,-0.33758243918418884
1790028628536255000,18.4732548828125,-0.8643068075180054,-2.126051187515259,-0.646434485912323
1790028628546264800,18.483264892578124,-0.09816227108240128,-1.6687586307525635,0.2106897532939911
1790028628566284300,18.5032841796875,0.21787235140800476,0.43095630407333374,-0.6607996821403503
1790028628586304000,18.523303955078124,-0.8331822156906128,-0.4213795065879822,0.304063618183136
1790028628606323500,18.543323486328124,-0.7613561153411865,-0.8212111592292786,-0.019153613597154617
1790028628616333000,18.5533330078125,-0.40701428055763245,-0.6584054827690125,-0.9911994934082031
1790028628636383200,18.57338330078125,1.0199298858642578,-0.7805097699165344,0.608127236366272
1790028628666443000,18.603443115234374,0.768538773059845,0.727837324142456,0.524330198764801
1790028628676452900,18.613452880859374,-0.20111294090747833,1.0749965906143188,-1.9129672050476074
1790028628726562600,18.6635625,0.7661445140838623,-0.2753331959247589,0.8954314589500427
1790028628746612700,18.68361279296875,0.9265560507774353,-0.47884035110473633,0.2777273952960968
1790028628806762800,18.7437626953125,0.5482721924781799,-1.1994950771331787,2.31758713722229
1790028628836792000,18.7737919921875,0.38067805767059326,-0.05506663769483566,-0.706289529800415
1790028628846802000,18.783802001953124,-0.043095629662275314,-0.27054479718208313,-0.4357447028160095
1790028628856842200,18.79384228515625,-0.4596867263317108,-0.37828385829925537,0.20111294090747833
1790028628866852000,18.80385205078125,-0.6727706789970398,-0.17238251864910126,0.1388636976480484
1790028628876861700,18.81386181640625,-0.569819986820221,-0.42377370595932007,0.2106897532939911
1790028628886871600,18.82387158203125,-0.08858546614646912,-0.7182605266571045,0.1604115068912506
1790028628896912000,18.833911865234374,0.26336219906806946,-0.545877993106842,0.6751648783683777
1790028628926941200,18.863941162109374,0.3280056416988373,-0.4405331015586853,0.9169792532920837
1790028628957031400,18.894031494140624,-0.24181437492370605,-0.3447650372982025,0.08619125932455063
1790028628967041300,18.904041259765624,-0.09576806426048279,-0.5339069962501526,-0.07182604819536209
1790028628977051000,18.91405078125,-0.1604115068912506,-0.5267243981361389,-0.26575639843940735
1790028628987060700,18.924060791015624,-0.31124621629714966,-0.4572925269603729,-0.12928688526153564
1790028628997070600,18.934070556640624,-0.5554547905921936,-0.6536170840263367,0.40222588181495667
1790028629007049700,18.9440498046875,-0.6991068720817566,-0.4357447028160095,0.7613561153411865
1790028629047119400,18.984119384765624,-0.0933738648891449,-0.33518823981285095,0.6488286852836609
1790028629057129000,18.99412890625,0.0933738648891449,-0.27054479718208313,0.19393034279346466
1790028629067138800,19.004138916015624,0.10055647045373917,-0.12449848651885986,-0.19871874153614044
1790028629077179100,19.01417919921875,0.11252748221158981,-0.36152446269989014,-0.2059013396501541
1790028629087189000,19.02418896484375,-0.17717093229293823,-0.6727706789970398,0.15322890877723694
1790028629097229000,19.03422900390625,-0.7374141216278076,-0.8068459630012512,0.31124621629714966
1790028629107208400,19.04420849609375,-0.9864110946655273,-0.4836287498474121,0.019153613597154617
1790028629117248800,19.054248779296874,-0.8427590131759644,-0.22026655077934265,-0.608127236366272
1790028629157287700,19.09428759765625,-0.4596867263317108,-0.3902548849582672,0.8523358106613159
1790028629167297500,19.104297607421874,-0.2346317619085312,-0.3471592366695404,1.0247182846069336
1790028629177307400,19.114307373046874,-0.14604631066322327,-0.5602431893348694,1.3048399686813354
1790028629187317000,19.12431689453125,-0.1412578970193863,-1.0414776802062988,1.3742717504501343
1790028629197326800,19.134326904296874,-0.17717093229293823,-0.8667010068893433,1.335964560508728
1790028629207336700,19.144336669921874,-0.507570743560791,-1.0079588890075684,1.4197616577148438
1790028629217346300,19.15434619140625,-0.7493851184844971,-0.9241618514060974,1.3838485479354858
1790028629227356200,19.164356201171874,-0.8547300100326538,-1.1851298809051514,1.656787633895874
1790028629287506200,19.224506103515626,0.5817909836769104,-0.5363011956214905,1.5514427423477173
1790028629317627100,19.254627197265624,-0.40222588181495667,-0.304063618183136,1.4197616577148438
1790028629327667500,19.26466748046875,-0.4620809257030487,-0.6727706789970398,1.2473790645599365
1790028629347717400,19.28471728515625,-0.5315127968788147,-0.7182605266571045,0.706289529800415
1790028629357757700,19.2947578125,-0.7445967197418213,-0.7398083209991455,0.6368576288223267
1790028629377808000,19.314807861328124,-1.2425906658172607,-0.8906430602073669,0.5386953949928284
1790028629387817500,19.3248173828125,-1.4748282432556152,-0.667982280254364,0.6703764796257019
1790028629397827300,19.334827392578124,-1.4508862495422363,-0.5195417404174805,0.6248866319656372
1790028629407837200,19.344837158203124,-1.4173674583435059,-0.5099649429321289,0.395043283700943
1790028629417846800,19.3548466796875,-1.5059528350830078,-0.5913678407669067,0.33758243918418884
1790028629427856600,19.364856689453124,-1.845929503440857,-0.6943184733390808,-0.004788403399288654
1790028629437866500,19.374866455078124,-1.7812861204147339,-0.7781155705451965,-0.1364694982767105
1790028629447876000,19.3848759765625,-1.721431016921997,-0.8571242094039917,0.4405331015586853
1790028629457916400,19.39491650390625,-1.5490485429763794,-1.7525556087493896,1.7286136150360107
1790028629467926300,19.40492626953125,-1.3623007535934448,-2.9328970909118652,3.294421434402466
1790028629487976200,19.42497607421875,-1.3862427473068237,-1.946485996246338,4.3861775398254395
1790028629528045800,19.4650458984375,-2.7892448902130127,-0.689530074596405,1.5538369417190552
1790028629568085000,19.5050849609375,-1.403002142906189,-0.8690952062606812,0.21308395266532898
1790028629578094600,19.515094482421876,-1.403002142906189,-0.8834604024887085,0.14604631066322327
1790028629588135000,19.525135009765624,-1.599326729774475,-0.7565677165985107,0.3974374830722809
1790028629598175200,19.53517529296875,-1.5107412338256836,-0.8595184087753296,0.10295066982507706
1790028629628204500,19.56520458984375,-0.5746083855628967,-0.7948749661445618,0.8259995579719543
1790028629648224000,19.58522412109375,-1.4293384552001953,-1.2617442607879639,0.8667010068893433
1790028629668274200,19.605274169921874,-1.4077905416488647,-1.3742717504501343,2.1164743900299072
1790028629678283800,19.61528369140625,-1.1516109704971313,-1.6184803247451782,2.212242364883423
1790028629688293600,19.625293701171874,-0.9768342971801758,-1.158793568611145,1.8914192914962769
1790028629698303500,19.635303466796874,-0.8092401623725891,-0.5578489899635315,1.3072341680526733
1790028629708313000,19.64531298828125,-0.5817909836769104,0.05985504388809204,1.2689268589019775
1790028629718353400,19.655353515625,-0.7924807667732239,-0.49559974670410156,1.6663644313812256
1790028629728363300,19.66536328125,-0.9409212470054626,-1.3934253454208374,1.8339585065841675
1790028629738372900,19.675372802734376,-0.9313444495201111,-1.3694833517074585,1.015141487121582
1790028629748382700,19.6853828125,-0.35913026332855225,-1.3239935636520386,0.3519476354122162
1790028629798553600,19.7355537109375,0.10055647045373917,0.8188169598579407,-0.2849099934101105
1790028629828613400,19.76561328125,0.5051765441894531,-0.9840168952941895,-0.12210428714752197
1790028629838653700,19.77565380859375,0.21547815203666687,-0.7876923680305481,-0.7206547260284424
1790028629848633000,19.785633056640624,-0.24181437492370605,0.1412578970193863,-1.1037269830703735
1790028629858673200,19.795673095703126,-0.6488286852836609,1.3072341680526733,-0.6320692300796509
1790028629898742800,19.83574267578125,-0.33758243918418884,-1.072602391242981,-0.12210428714752197
1790028629978973400,19.915973388671876,-0.9145850539207458,-1.6711528301239014,0.11252748221158981
1790028629988952800,19.925952880859374,-0.6631938815116882,-2.2673089504241943,0.871489405632019
1790028630009002800,19.946002685546876,-0.6703764796257019,-0.7398083209991455,-0.26096799969673157
1790028630019012600,19.9560126953125,-1.5753847360610962,0.3926490843296051,-1.1300631761550903
1790028630029022500,19.9660224609375,-2.5785553455352783,1.0678139925003052,-1.5921441316604614
1790028630039032000,19.976031982421876,-3.2082302570343018,0.5817909836769104,-1.3479355573654175
1790028630079101700,20.016101806640624,-0.38546648621559143,-0.6655880808830261,0.08619125932455063
1790028630119201800,20.056201904296874,-1.3192051649093628,0.011971008032560349,0.6344634294509888
1790028630139313000,20.07631298828125,-1.53707754611969,0.8906430602073669,-0.7733271718025208
1790028630149292300,20.086292236328124,-3.0861260890960693,1.0893617868423462,-1.070208191871643
1790028630209472800,20.14647265625,-1.1444283723831177,0.3208230137825012,0.5386953949928284
1790028630219482600,20.156482666015624,-1.5729905366897583,0.2513911724090576,-0.3734954595565796
1790028630229523000,20.16652294921875,-0.9002198576927185,-0.6248866319656372,-0.19871874153614044
1790028630239532500,20.176532470703126,-0.35673606395721436,0.2537853717803955,0.13407529890537262
1790028630249542400,20.18654248046875,-0.6607996821403503,0.7948749661445618,-0.14604631066322327
1790028630259552300,20.19655224609375,-1.4484920501708984,2.0231003761291504,0.2513911724090576
1790028630269561900,20.206561767578126,-0.667982280254364,0.6200982332229614,0.05506663769483566
1790028630279571700,20.21657177734375,-0.8212111592292786,2.0183119773864746,-0.038307227194309235
1790028630339783000,20.276782958984374,-0.06703764945268631,2.612074136734009,-0.5985504388809204
1790028630349792800,20.286792724609374,-0.22026655077934265,2.609679937362671,-0.5841852426528931
1790028630359832800,20.296832763671876,-0.23702596127986908,2.389413356781006,-0.090979665517807
1790028630369873200,20.306873046875,-0.1604115068912506,2.477998733520508,0.0071826050989329815
1790028630379883000,20.316883056640624,-0.05746084079146385,2.3774423599243164,-0.5339069962501526
1790028630409942800,20.34694287109375,0.023942016065120697,1.6615760326385498,-0.5817909836769104
1790028630419952600,20.35695263671875,0.26336219906806946,1.4915876388549805,-0.3208230137825012
1790028630429962200,20.366962158203126,0.5099649429321289,1.7764976024627686,0.12928688526153564
1790028630439972000,20.37697216796875,0.36152446269989014,2.0254945755004883,-0.16759411990642548
1790028630510132000,20.447132080078124,0.17238251864910126,0.5339069962501526,1.036689281463623
1790028630530243000,20.4672431640625,0.45489832758903503,0.5650315880775452,0.08619125932455063
1790028630540253000,20.4772529296875,0.4381389021873474,0.727837324142456,-1.2832920551300049
1790028630590423800,20.527423828125,-0.45250412821769714,0.19871874153614044,0.9816226959228516
1790028630600464100,20.537464111328124,0.47644615173339844,0.10055647045373917,0.7613561153411865
1790028630620483600,20.557483642578124,1.1971008777618408,1.359906554222107,-2.3367409706115723
1790028630630493400,20.567493408203124,-0.05985504388809204,1.4077905416488647,-2.5522189140319824
1790028630640503000,20.5775029296875,-1.2090718746185303,1.3096283674240112,-1.403002142906189
1790028630650513000,20.587512939453124,-1.335964560508728,0.8810662031173706,-0.2944868206977844
1790028630660522800,20.597522705078124,-0.7972691655158997,0.07182604819536209,0.37828385829925537
1790028630670532400,20.607532470703124,0.17477671802043915,-0.27054479718208313,1.0079588890075684
1790028630680542200,20.617542236328124,1.4101848602294922,0.37828385829925537,0.15322890877723694
1790028630690551800,20.6275517578125,1.455674648284912,0.8092401623725891,-1.6663644313812256
1790028630700592000,20.637592041015626,0.36152446269989014,1.2880805730819702,-2.4133553504943848
1790028630720611800,20.65761181640625,-1.4293384552001953,1.6687586307525635,-1.2306196689605713
1790028630730591000,20.667591064453124,-1.3742717504501343,1.070208191871643,-0.5841852426528931
1790028630740631300,20.67763134765625,-1.0414776802062988,-0.3256114423274994,0.17717093229293823
1790028630750641200,20.68764111328125,-0.10055647045373917,-0.730231523513794,0.7254431247711182
1790028630760681200,20.69768115234375,0.7134721279144287,-0.3926490843296051,-0.14365209639072418
1790028630770691000,20.707691162109374,1.0582371950149536,0.004788403399288654,-0.7829039692878723
1790028630820739800,20.75773974609375,-1.3958195447921753,0.05506663769483566,-0.8523358106613159
1790028630910827800,20.847827880859374,-0.5291185975074768,-0.7924807667732239,-0.272938996553421
1790028630920837600,20.857837646484374,0.8690952062606812,-0.7445967197418213,0.3998316824436188
1790028630930816800,20.867816650390626,2.0638017654418945,-0.07422025501728058,0.47884035110473633
1790028630940887600,20.877887451171876,2.183511972427368,0.5889736413955688,0.9097966551780701
1790028630950897400,20.8878974609375,1.173158884048462,1.1875240802764893,0.629675030708313
1790028630960907300,20.8979072265625,-0.028730420395731926,1.6879122257232666,-0.6416460275650024
1790028630970916900,20.907916748046876,-0.9792284965515137,1.0127472877502441,-1.6352397203445435
1790028630980957200,20.917957275390624,-1.1348515748977661,-0.47644615173339844,-0.7326257228851318
1790028630990967000,20.927967041015624,-0.6967126727104187,-1.8483237028121948,1.0079588890075684
1790028631000976600,20.9379765625,0.11971008777618408,-1.7142484188079834,1.7549498081207275
1790028631011047400,20.94804736328125,0.8954314589500427,-0.9600749015808105,0.5817909836769104
1790028631021057300,20.958057373046874,1.1516109704971313,-0.1604115068912506,-0.5267243981361389
1790028631031097600,20.96809765625,0.8954314589500427,0.19153612852096558,-0.6153098344802856
1790028631071167200,21.008167236328124,-0.9433154463768005,-0.5554547905921936,-0.36152446269989014
1790028631091156200,21.02815625,-0.05746084079146385,-1.1779472827911377,-0.7422025203704834
1790028631101227000,21.03822705078125,0.6033388376235962,-1.8746598958969116,1.1348515748977661
1790028631111236900,21.04823681640625,0.9720458984375,-0.6967126727104187,0.9361328482627869
1790028631121246500,21.05824658203125,1.0414776802062988,0.5506663918495178,-0.6847416758537292
1790028631131286800,21.068286865234374,0.7182605266571045,0.44771572947502136,-1.2210428714752197
1790028631141296600,21.078296630859374,0.26096799969673157,-0.4165911078453064,-0.2849099934101105
1790028631161377000,21.098376953125,0.4429273009300232,-1.1276689767837524,1.460463047027588
1790028631171387000,21.108386962890624,0.9840168952941895,-0.5051765441894531,0.9050082564353943
1790028631191437000,21.12843701171875,1.4508862495422363,-0.014365210197865963,-0.5386953949928284
1790028631201446700,21.13844677734375,0.950498104095459,-0.272938996553421,0.2585737705230713
1790028631211426000,21.148426025390624,0.2298433631658554,0.26336219906806946,0.47405192255973816
1790028631221466000,21.158466064453126,-0.1364694982767105,0.7805097699165344,-0.2801215946674347
1790028631251526100,21.188526123046874,0.629675030708313,-1.278503656387329,0.751779317855835
1790028631281555500,21.218555419921874,1.1252747774124146,-0.3974374830722809,0.5793967843055725
1790028631291534600,21.22853466796875,0.8355764150619507,-0.20350714027881622,0.9217676520347595
1790028631311615200,21.248615234375,-0.31124621629714966,0.035913024097681046,0.9888052940368652
1790028631331634700,21.268634765625,-0.3902548849582672,-0.21308395266532898,-0.629675030708313
1790028631341675000,21.278675048828124,-0.2968810200691223,-0.8643068075180054,-0.24899697303771973
1790028631351715300,21.28871533203125,-0.2753331959247589,-1.1324573755264282,0.31364041566848755
1790028631391846000,21.328845947265624,0.8475474119186401,-1.1228805780410767,0.9576807022094727
1790028631401855700,21.338855712890624,0.42856210470199585,-1.094150185585022,1.5921441316604614
1790028631411865300,21.348865234375,-0.22505496442317963,-0.3519476354122162,1.3024457693099976
1790028631421875200,21.358875244140624,-0.5195417404174805,0.033518824726343155,0.15562310814857483
1790028631431915500,21.36891552734375,-0.05267243832349777,0.038307227194309235,-0.2944868206977844
1790028631441986300,21.378986328125,0.3495534360408783,-0.4381389021873474,0.2825157940387726
1790028631462036200,21.3990361328125,0.49320554733276367,-0.5363011956214905,1.3024457693099976
1790028631472076500,21.40907666015625,0.5985504388809204,-0.6009446382522583,1.625662922859192
1790028631482086400,21.41908642578125,0.5578489899635315,-0.7876923680305481,1.7956513166427612
1790028631492096000,21.429095947265626,0.49559974670410156,-0.9888052940368652,1.845929503440857
1790028631522156000,21.459156005859374,-0.272938996553421,-1.577778935432434,2.389413356781006
1790028631552215800,21.4892158203125,0.12689268589019775,-0.6200982332229614,0.45489832758903503
1790028631582245000,21.5192451171875,-0.6799532771110535,-0.730231523513794,0.7876923680305481
1790028631592285400,21.529285400390624,-0.8547300100326538,-0.5961562395095825,1.2617442607879639
1790028631602295000,21.539294921875,-0.6512228846549988,-1.0654197931289673,1.414973258972168
1790028631612305000,21.549304931640624,-0.5841852426528931,-1.678335428237915,1.6903064250946045
1790028631622345200,21.55934521484375,-0.4884171485900879,-1.6759412288665771,1.702277421951294
1790028631632354800,21.569354736328126,-0.4836287498474121,-1.5107412338256836,1.4269442558288574
1790028631642364700,21.57936474609375,-0.7350199222564697,-1.601720929145813,1.644816517829895
1790028631652374500,21.58937451171875,-0.9600749015808105,-1.2521674633026123,1.3239935636520386
1790028631672424400,21.609424560546874,-0.7852981686592102,-1.015141487121582,1.0199298858642578
1790028631682434300,21.619434326171874,-1.1659762859344482,-1.3958195447921753,1.259350061416626
1790028631712494000,21.649494140625,-1.8315643072128296,-2.2912509441375732,1.9560627937316895
1790028631722504000,21.65950390625,-1.6543933153152466,-2.6791117191314697,2.5737667083740234
1790028631752563700,21.689563720703124,-1.3335703611373901,-1.1803414821624756,1.7693150043487549
1790028631782593000,21.719593017578124,-1.338358759880066,-2.0685901641845703,2.0231003761291504
1790028631802612500,21.739612548828124,-1.7094600200653076,-1.6879122257232666,2.164358377456665
1790028631812622300,21.749622314453124,-1.0821791887283325,-1.8770540952682495,2.145204782485962
1790028631822632000,21.7596318359375,-0.9624691009521484,-1.9752163887023926,1.9536685943603516
1790028631832672300,21.76967236328125,-1.2641384601593018,-1.8579005002975464,1.86508309841156
1790028631852722400,21.789722412109374,-1.5179238319396973,-0.811634361743927,1.3431471586227417
1790028631872742000,21.809741943359374,-1.0271124839782715,-1.2473790645599365,1.2976573705673218
1790028631882751700,21.819751708984374,-1.1755530834197998,-1.3670891523361206,1.3982137441635132
1790028631892761300,21.82976123046875,-1.1324573755264282,-1.3072341680526733,1.3120225667953491
1790028631902771200,21.839771240234374,-0.9528923034667969,-1.656787633895874,1.434126853942871
1790028631912811500,21.8498115234375,-0.730231523513794,-2.3367409706115723,1.5945383310317993
1790028631932892000,21.869891845703126,-0.4405331015586853,-1.7142484188079834,1.0965443849563599
1790028631982971400,21.919971435546874,-0.8403648138046265,-0.586579442024231,0.363918662071228
1790028632003021300,21.940021240234376,-0.6847416758537292,-0.950498104095459,1.580173134803772
1790028632013031200,21.95003125,-0.6847416758537292,-0.6560112833976746,1.2449848651885986
1790028632053100800,21.990100830078124,-1.070208191871643,-0.47165772318840027,0.5554547905921936
1790028632063141000,22.00014111328125,-0.8858546018600464,0.19153612852096558,-1.0534487962722778
1790028632103271700,22.040271728515624,-0.8571242094039917,-0.11252748221158981,0.12928688526153564
1790028632113281500,22.050281494140624,-0.3663128614425659,0.0454898327589035,-0.2059013396501541
1790028632153320400,22.090320556640624,-0.6200982332229614,0.26096799969673157,-0.304063618183136
1790028632173370600,22.11037060546875,-0.9050082564353943,0.4118026793003082,-0.5099649429321289
1790028632193451000,22.130450927734376,-0.6105214357376099,-0.1867477297782898,-0.3471592366695404
1790028632203491300,22.1404912109375,-0.608127236366272,-0.5099649429321289,-0.016759412363171577
1790028632233520600,22.170520751953124,-0.3256114423274994,-0.5650315880775452,1.0582371950149536
1790028632253540000,22.1905400390625,-0.43095630407333374,0.1867477297782898,-1.0773907899856567
1790028632283600100,22.22060009765625,-0.8882488012313843,-0.14365209639072418,0.5386953949928284
1790028632293609700,22.230609619140626,-0.304063618183136,-0.2585737705230713,0.7996633648872375
1790028632303619600,22.24061962890625,0.13168109953403473,-0.21787235140800476,0.7733271718025208
1790028632323700200,22.2607001953125,0.12449848651885986,0.9481038451194763,-0.40222588181495667
1790028632333709800,22.270709716796876,-0.30885201692581177,0.7757213711738586,-0.33758243918418884
1790028632373749000,22.3107490234375,-1.0965443849563599,0.040701430290937424,-0.5267243981361389
1790028632403808800,22.340808837890624,-1.6112977266311646,1.525106430053711,-1.3407529592514038
1790028632433868500,22.37086865234375,-1.522712230682373,0.07661445438861847,0.031124621629714966
1790028632463867400,22.400867431640624,-0.29209262132644653,-0.21308395266532898,-0.3758896589279175
1790028632493957600,22.43095751953125,-0.7086837291717529,3.026270866394043,-2.9903578758239746
1790028632534027300,22.47102734375,-0.811634361743927,-0.5602431893348694,1.721431016921997
1790028632564148200,22.501148193359374,-1.1037269830703735,0.33039984107017517,-1.1635819673538208
1790028632634369000,22.571369140625,-1.3766659498214722,0.05267243832349777,0.038307227194309235
1790028632664398300,22.6013984375,-1.5634137392044067,2.5330653190612793,-0.08140286058187485
1790028632694458000,22.6314580078125,-0.026336219161748886,2.8131868839263916,-0.2322375625371933
1790028632704498400,22.64149853515625,0.1604115068912506,3.318363666534424,-0.23702596127986908
1790028632714508300,22.65150830078125,0.031124621629714966,3.1531636714935303,0.002394201699644327
1790028632724548600,22.661548583984374,-0.023942016065120697,2.8131868839263916,-0.2968810200691223
1790028632734558200,22.67155810546875,-0.014365210197865963,2.535459518432617,-0.5841852426528931
1790028632774658300,22.711658203125,0.4189853072166443,2.7748796939849854,-0.9552865028381348
1790028632804779300,22.741779296875,-0.26096799969673157,2.1978771686553955,-0.40940847992897034
1790028632814788900,22.751788818359376,-0.24660277366638184,1.9153614044189453,0.05506663769483566
1790028632844818200,22.781818115234376,0.31364041566848755,0.9600749015808105,0.2059013396501541
1790028632854828000,22.791828125,0.06703764945268631,0.8690952062606812,-0.22026655077934265
1790028632864838000,22.801837890625,-0.31364041566848755,0.6655880808830261,-0.37828385829925537
1790028632874878200,22.811878173828124,-0.4644751250743866,0.3471592366695404,-0.07182604819536209
1790028632884887800,22.8218876953125,-0.5171475410461426,-0.033518824726343155,0.4357447028160095
1790028632914947600,22.851947509765626,0.6177040338516235,0.7661445140838623,0.569819986820221
1790028632924988000,22.86198779296875,0.023942016065120697,1.161187767982483,-0.5817909836769104
1790028632934997800,22.871997802734374,-0.6488286852836609,1.4101848602294922,-1.2210428714752197
1790028632945007600,22.882007568359374,-1.0055646896362305,0.6153098344802856,-1.501164436340332
1790028632955017200,22.892017333984374,-1.0965443849563599,0.26815059781074524,-2.140416383743286
1790028632965057500,22.9020576171875,-1.280897855758667,0.3974374830722809,-2.0231003761291504
1790028632975097900,22.912097900390624,-1.2713210582733154,-0.20111294090747833,-0.6488286852836609
1790028632985107700,22.922107666015624,-0.4812345504760742,-0.7733271718025208,0.7948749661445618
1790028633015167500,22.95216748046875,0.7757213711738586,0.7326257228851318,-0.8475474119186401
1790028633025207800,22.962207763671874,-0.33758243918418884,0.7254431247711182,-1.7477672100067139
1790028633035217400,22.972217529296874,-1.0055646896362305,0.35913026332855225,-1.7405846118927002
1790028633045227300,22.982227294921874,-0.9313444495201111,-0.2585737705230713,-0.6991068720817566
1790028633055236900,22.99223681640625,0.1628057211637497,-0.3902548849582672,0.2968810200691223
1790028633065246700,23.002246826171874,0.9481038451194763,-0.3974374830722809,0.1149216815829277
1790028633075287000,23.012287109375,0.9481038451194763,-0.2992752194404602,-0.040701430290937424
1790028633085327400,23.022327392578124,0.19153612852096558,0.3687070608139038,-0.09576806426048279
1790028633095337000,23.0323369140625,-0.646434485912323,0.4405331015586853,-0.7445967197418213
1790028633135376100,23.072376220703124,-0.28730419278144836,-0.2801215946674347,-0.3471592366695404
1790028633145355500,23.08235546875,0.6416460275650024,-0.3519476354122162,0.2944868206977844
1790028633155395600,23.0923955078125,1.556231141090393,-0.05985504388809204,0.8451532125473022
1790028633165405400,23.102405517578124,1.9273324012756348,1.192312479019165,0.05267243832349777
1790028633175445800,23.11244580078125,0.8906430602073669,2.2625205516815186,-1.434126853942871
1790028633185425000,23.1224248046875,-0.6655880808830261,2.3798365592956543,-1.764526605606079
1790028633195465200,23.13246533203125,-1.889025092124939,1.4101848602294922,-1.482010841369629
1790028633205505500,23.142505615234374,-2.049436569213867,0.6703764796257019,-0.9552865028381348
1790028633225525000,23.16252490234375,0.667982280254364,-1.37906014919281,1.1276689767837524
1790028633255554300,23.19255419921875,1.338358759880066,0.5051765441894531,-0.20111294090747833
1790028633285644800,23.222644775390624,-0.9624691009521484,0.5530605912208557,-1.647210717201233
1790028633295654400,23.232654296875,-0.6488286852836609,-1.1492167711257935,-0.15801730751991272
1790028633305694700,23.24269482421875,0.20350714027881622,-2.097320795059204,1.4413094520568848
1790028633315704600,23.25270458984375,1.1348515748977661,-1.7118542194366455,1.8076223134994507
1790028633335754500,23.27275439453125,0.7206547260284424,0.8188169598579407,-0.5626373887062073
1790028633345794800,23.282794921875,-0.5099649429321289,1.0271124839782715,-1.6687586307525635
1790028633355804700,23.2928046875,-1.2737152576446533,0.751779317855835,-1.259350061416626
1790028633375854600,23.3128544921875,-0.9433154463768005,-0.706289529800415,-0.26815059781074524
1790028633385864400,23.322864501953124,-0.1364694982767105,-0.6847416758537292,-0.040701430290937424
1790028633395874300,23.332874267578124,0.395043283700943,-0.7589619159698486,-0.26096799969673157
1790028633405914400,23.342914306640626,0.9720458984375,-0.8044517636299133,0.7709329724311829
1790028633415924200,23.35292431640625,1.1851298809051514,-0.20350714027881622,1.0773907899856567
1790028633425964500,23.362964599609374,1.1085153818130493,0.45489832758903503,0.5482721924781799
1790028633456024300,23.3930244140625,-0.15801730751991272,-0.8236053586006165,-0.7493851184844971
1790028633466064600,23.403064697265624,0.11013327538967133,-1.53707754611969,0.8523358106613159
1790028633476074500,23.413074462890624,0.2849099934101105,-1.6543933153152466,1.6903064250946045
1790028633486084000,23.423083984375,0.42856210470199585,-1.3694833517074585,2.094926595687866
1790028633496094000,23.433093994140624,0.1628057211637497,-0.5003881454467773,0.7972691655158997
1790028633506164700,23.443164794921874,-0.06224924325942993,-0.42856210470199585,-0.7541735172271729
1790028633516174600,23.453174560546874,-0.26336219906806946,-0.7661445140838623,-0.9241618514060974
1790028633536255000,23.4732548828125,-0.9624691009521484,-1.3048399686813354,1.1492167711257935
1790028633576355000,23.51335498046875,-0.09576806426048279,-0.6799532771110535,0.028730420395731926
1790028633596405200,23.5334052734375,0.2537853717803955,-0.4405331015586853,0.08619125932455063
1790028633606476000,23.54347607421875,0.3519476354122162,0.16519992053508759,0.23942017555236816
1790028633646606600,23.583606689453124,0.24660277366638184,-0.43095630407333374,0.27054479718208313
1790028633666656800,23.60365673828125,0.5315127968788147,0.05506663769483566,-0.6177040338516235
1790028633686676200,23.62367626953125,0.9265560507774353,-0.05267243832349777,-0.17956513166427612
1790028633716766500,23.653766357421876,0.3734954595565796,0.3495534360408783,0.5746083855628967
1790028633726806800,23.663806884765624,0.6153098344802856,-0.40462008118629456,0.6560112833976746
1790028633736816600,23.673816650390624,0.7254431247711182,-0.8355764150619507,0.993593692779541
1790028633746826200,23.683826171875,0.5315127968788147,-0.8259995579719543,0.8212111592292786
1790028633766876400,23.70387646484375,0.2992752194404602,-0.3519476354122162,0.6607996821403503
1790028633786896000,23.723895751953126,0.24899697303771973,0.7326257228851318,0.5937620401382446
1790028633796936200,23.733936279296874,0.6823474764823914,0.43095630407333374,0.5267243981361389
1790028633806946000,23.743946044921874,1.194706678390503,0.16519992053508759,0.5434837937355042
1790028633816986400,23.753986328125,1.3024457693099976,-0.4381389021873474,0.7876923680305481
1790028633826996000,23.763995849609376,0.9888052940368652,-1.2713210582733154,0.8978256583213806
1790028633837005800,23.774005859375,0.30885201692581177,-1.455674648284912,0.8547300100326538
1790028633847015700,23.784015625,-0.19632454216480255,-1.1994950771331787,0.8164227604866028
1790028633857025300,23.794025390625,-0.31603461503982544,-0.8020575642585754,0.8307880163192749
1790028633867065600,23.804065673828124,-0.014365210197865963,-0.2753331959247589,0.40222588181495667
1790028633877075500,23.814075439453124,0.4141969084739685,-1.0031704902648926,0.667982280254364
1790028633887085000,23.8240849609375,0.6177040338516235,-1.5490485429763794,1.2737152576446533
1790028633897095000,23.834094970703124,0.5099649429321289,-1.4460978507995605,1.7956513166427612
1790028633907165700,23.844165771484374,0.17717093229293823,-1.3455413579940796,1.6735470294952393
1790028633917175600,23.854175537109374,0.07900865375995636,-0.8954314589500427,1.1516109704971313
1790028633927185200,23.86418505859375,0.19153612852096558,-0.933738648891449,1.072602391242981
1790028633937225500,23.8742255859375,0.07182604819536209,-1.2641384601593018,1.479616641998291
1790028633947235300,23.8842353515625,-0.05746084079146385,-1.5538369417190552,1.5466543436050415
1790028633987335400,23.92433544921875,0.3687070608139038,-0.6584054827690125,0.8188169598579407
1790028633997375700,23.934375732421874,-0.07900865375995636,-1.0223240852355957,1.2401964664459229
1790028634007416000,23.944416015625,-0.3471592366695404,-0.9600749015808105,1.3670891523361206
1790028634017425700,23.95442578125,-0.20350714027881622,-0.8571242094039917,1.4844050407409668
1790028634027496400,23.964496337890626,0.05267243832349777,-0.9002198576927185,1.7525556087493896
1790028634037536800,23.974536865234374,0.24181437492370605,-1.1324573755264282,1.86508309841156
1790028634047577000,23.9845771484375,0.5195417404174805,-1.5322890281677246,1.7597382068634033
1790028634067596500,24.004596435546876,0,-1.0414776802062988,0.811634361743927
1790028634077636900,24.014636962890624,-0.12449848651885986,-0.730231523513794,0.4189853072166443
1790028634137787100,24.074787109375,-1.5155296325683594,-2.1380221843719482,0.8690952062606812
1790028634177917700,24.114917724609374,-2.3104045391082764,-1.8602946996688843,1.3407529592514038
1790028634187958000,24.1249580078125,-2.099714994430542,-1.9752163887023926,1.766920804977417
1790028634268127500,24.20512744140625,-1.6041151285171509,-1.4724340438842773,3.2417490482330322
1790028634278107000,24.21510693359375,-1.1420341730117798,-1.2306196689605713,2.011129379272461
1790028634288147200,24.225147216796874,-1.072602391242981,-1.6687586307525635,2.5306711196899414
1790028634308258300,24.24525830078125,-1.5275006294250488,-1.0797849893569946,1.6496049165725708
1790028634328308200,24.26530810546875,-2.0254945755004883,-0.8188169598579407,1.4748282432556152
1790028634338287600,24.27528759765625,-2.0231003761291504,-1.4101848602294922,1.644816517829895
1790028634348358400,24.2853583984375,-1.886630892753601,-1.647210717201233,1.4508862495422363
1790028634358368000,24.295367919921876,-1.802833914756775,-1.5825673341751099,1.0007762908935547
1790028634368377900,24.3053779296875,-1.5394717454910278,-1.3623007535934448,0.507570743560791
1790028634378357000,24.31535693359375,-1.0606313943862915,-0.9528923034667969,0.5123591423034668
1790028634388397300,24.325397216796876,-1.0031704902648926,-0.586579442024231,0.7469909191131592
1790028634398407200,24.3354072265625,-1.1540051698684692,-1.0654197931289673,1.1252747774124146
1790028634408447500,24.345447509765624,-1.0630255937576294,-0.9648633003234863,0.7206547260284424
1790028634418457000,24.35545703125,-0.9911994934082031,-0.7781155705451965,0.7422025203704834
1790028634448578000,24.385578125,-1.434126853942871,-1.5969325304031372,1.7405846118927002
1790028634458588000,24.395587890625,-1.0582371950149536,-0.26815059781074524,0.5722141861915588
1790028634478668300,24.415668212890626,0.11252748221158981,-0.3519476354122162,-0.33518823981285095
1790028634528839200,24.465839111328126,-0.8547300100326538,-0.6177040338516235,-0.9409212470054626
1790028634578949000,24.51594921875,-0.7469909191131592,-1.0271124839782715,0.8858546018600464
1790028634588989400,24.525989501953124,-1.0342950820922852,-1.0342950820922852,0.7565677165985107
1790028634598999300,24.535999267578124,-1.4460978507995605,-1.0295066833496094,-0.06703764945268631
1790028634619049200,24.55604931640625,-1.558625340461731,-0.05985504388809204,-0.2585737705230713
1790028634659149300,24.5961494140625,-0.45250412821769714,-0.7493851184844971,0.9433154463768005
1790028634679230000,24.61622998046875,0.026336219161748886,-1.1013327836990356,1.2282254695892334
1790028634689270300,24.626270263671874,-0.3974374830722809,-0.33758243918418884,0.31364041566848755
1790028634699341000,24.636341064453124,-0.9552865028381348,0.5841852426528931,-1.414973258972168
1790028634709350700,24.6463505859375,-1.4724340438842773,1.0989385843276978,-2.715024709701538
1790028634739410700,24.67641064453125,-0.6919242739677429,-1.0558429956436157,0.9672574996948242
1790028634749450800,24.68645068359375,0.16998831927776337,-0.8331822156906128,0.3280056416988373
1790028634759460600,24.696460693359374,0.06224924325942993,-0.1412578970193863,-0.9265560507774353
1790028634769501000,24.7065009765625,-0.8451532125473022,1.0749965906143188,-1.4413094520568848
1790028634779510800,24.7165107421875,-2.049436569213867,1.091755986213684,-1.4891934394836426
1790028634789520400,24.726520263671876,-2.229001760482788,0.3447650372982025,-0.5722141861915588
1790028634799560700,24.736560791015624,-1.2114660739898682,-0.14844051003456116,0.43335050344467163
1790028634809570600,24.746570556640624,-0.10534487664699554,-0.19871874153614044,-0.2944868206977844
1790028634829620500,24.766620361328126,-0.6033388376235962,0.040701430290937424,-1.4844050407409668
1790028634889801200,24.82680126953125,-1.7549498081207275,0.646434485912323,-0.950498104095459
1790028634899811000,24.83681103515625,-1.381454348564148,0.5147533416748047,-0.19871874153614044
1790028634909881900,24.8468818359375,-0.5626373887062073,0.2059013396501541,0.40701428055763245
1790028634919922000,24.856921875,-0.3471592366695404,0.8523358106613159,-0.14604631066322327
1790028634929962200,24.866962158203126,-1.3287819623947144,0.5386953949928284,-1.5969325304031372
1790028634940002600,24.87700244140625,-2.229001760482788,0.4213795065879822,-1.2497732639312744
1790028634950043000,24.88704296875,-1.9297266006469727,-0.11971008777618408,-0.26096799969673157
1790028634960052700,24.897052734375,-0.9385270476341248,-0.4213795065879822,-0.22744916379451752
1790028634990143000,24.92714306640625,-1.922544002532959,1.2880805730819702,0.6200982332229614
1790028635010223600,24.9472236328125,-0.9792284965515137,1.7956513166427612,-0.5195417404174805
1790028635050293200,24.987293212890624,-1.2234370708465576,2.7940332889556885,-0.40701428055763245
1790028635070404000,25.007404052734376,-0.31842881441116333,1.4293384552001953,1.2234370708465576
1790028635080414000,25.0174140625,-0.47165772318840027,2.652775526046753,0.7829039692878723
1790028635110473700,25.0474736328125,-0.2561795711517334,2.8179752826690674,-1.0845733880996704
1790028635140533500,25.077533447265626,-0.05506663769483566,2.7246015071868896,-1.0031704902648926
1790028635150543400,25.08754345703125,-0.15322890877723694,2.542642116546631,-0.7015010714530945
1790028635160553200,25.09755322265625,-0.1412578970193863,2.999934673309326,-0.9983820915222168
1790028635180572700,25.11757275390625,0.6105214357376099,2.8443117141723633,-1.3551181554794312
1790028635190613000,25.127613037109374,0.7254431247711182,2.8347349166870117,-1.7166426181793213
1790028635200622800,25.137622802734374,0.43095630407333374,2.0638017654418945,-1.5921441316604614
1790028635210632400,25.147632568359374,0.31124621629714966,1.6687586307525635,-1.314416766166687
1790028635230682600,25.1676826171875,0.1604115068912506,1.403002142906189,-0.7398083209991455
1790028635240692200,25.177692138671876,0.16759411990642548,1.259350061416626,-0.44771572947502136
1790028635250732500,25.187732666015624,0.002394201699644327,1.237802267074585,-0.37828385829925537
1790028635260803300,25.19780322265625,-0.07422025501728058,1.0247182846069336,-0.30885201692581177
1790028635280853500,25.217853515625,-0.2059013396501541,1.015141487121582,-0.35673606395721436
1790028635300964600,25.237964599609374,-0.12689268589019775,0.26336219906806946,-0.44771572947502136
1790028635331085300,25.268085205078126,-0.24420857429504395,0.5602431893348694,-1.292868971824646
1790028635351135500,25.288135498046874,-0.7206547260284424,1.094150185585022,-0.4165911078453064
1790028635391235600,25.328235595703124,-0.38067805767059326,0.26815059781074524,-0.849941611289978
1790028635401276000,25.33827587890625,-0.090979665517807,0.3998316824436188,-1.0869675874710083
1790028635421325800,25.358325927734374,0.9528923034667969,0.7469909191131592,-0.4620809257030487
1790028635441345300,25.37834521484375,0.12928688526153564,1.601720929145813,-1.7932571172714233
1790028635451385600,25.388385498046876,-0.9193734526634216,1.158793568611145,-1.4939818382263184
1790028635491516200,25.42851611328125,0.5530605912208557,0.7110779285430908,-1.1683704853057861
1790028635511596800,25.4485966796875,-0.6105214357376099,2.456450939178467,-1.5179238319396973
1790028635531647000,25.46864697265625,-1.6735470294952393,1.158793568611145,-2.0685901641845703
1790028635591766500,25.5287666015625,0.8571242094039917,0.021547814831137657,0.2106897532939911
1790028635651947300,25.588947265625,2.3127987384796143,-0.646434485912323,1.4317326545715332
1790028635661956900,25.598956787109376,2.942473888397217,0.42856210470199585,0.021547814831137657
1790028635742096100,25.67909619140625,0.43095630407333374,-1.0247182846069336,0.181959331035614
1790028635762146000,25.69914599609375,1.115697979927063,-0.5985504388809204,0.19393034279346466
1790028635862335500,25.79933544921875,1.3407529592514038,-0.17717093229293823,-0.8188169598579407
1790028635882355000,25.81935498046875,1.2497732639312744,-0.16759411990642548,0.12928688526153564
1790028635912506400,25.84950634765625,0.3974374830722809,-0.6943184733390808,1.2114660739898682
1790028635922516000,25.859515869140626,0.6344634294509888,-0.569819986820221,0.040701430290937424
1790028635932525800,25.86952587890625,0.9385270476341248,-0.5363011956214905,-0.3280056416988373
1790028635942535700,25.87953564453125,0.9600749015808105,-0.569819986820221,-0.17717093229293823
1790028635952545300,25.889545166015626,0.6416460275650024,-0.608127236366272,-0.031124621629714966
1790028635982605000,25.91960498046875,0.5291185975074768,-0.5841852426528931,0.38546648621559143
1790028635992615000,25.929614990234374,0.8954314589500427,-0.5770025849342346,0.8068459630012512
1790028636002624800,25.939624755859374,1.0845733880996704,-0.524330198764801,0.7948749661445618
1790028636052704000,25.9897041015625,-0.1628057211637497,-0.6775590777397156,1.036689281463623
1790028636062744300,25.999744384765624,0.35913026332855225,-0.3471592366695404,0.6847416758537292
1790028636072784600,26.00978466796875,0.9576807022094727,-0.5171475410461426,0.5841852426528931
1790028636082855400,26.01985546875,1.048660397529602,-0.8547300100326538,0.9840168952941895
1790028636092865300,26.029865234375,0.8906430602073669,-0.6823474764823914,0.8068459630012512
1790028636102875000,26.039875,0.8930372595787048,-0.7541735172271729,0.7493851184844971
1790028636112915200,26.049915283203124,0.7469909191131592,-1.237802267074585,1.623268723487854
1790028636122925000,26.059925048828124,0.3208230137825012,-1.3120225667953491,1.8100165128707886
1790028636132934700,26.0699345703125,0.19393034279346466,-0.8020575642585754,1.3670891523361206
1790028636142944500,26.079944580078124,0.16759411990642548,-0.3447650372982025,0.9720458984375
1790028636152954400,26.089954345703124,0.181959331035614,-0.14365209639072418,0.47644615173339844
1790028636162964000,26.0999638671875,0.2322375625371933,-0.6703764796257019,0.4405331015586853
1790028636192993300,26.1299931640625,-0.5578489899635315,-1.5418659448623657,1.115697979927063
1790028636203003100,26.140003173828124,-0.5219359993934631,-1.2832920551300049,0.6536170840263367
1790028636213013000,26.150012939453124,0.026336219161748886,-0.8619126081466675,0.1412578970193863
1790028636223053000,26.160052978515626,0.6057330369949341,-0.7230489253997803,0.0454898327589035
1790028636233093400,26.17009326171875,0.7924807667732239,-0.6536170840263367,0.42377370595932007
1790028636243103200,26.180103271484374,0.16519992053508759,-1.1204863786697388,0.9624691009521484
1790028636253113000,26.190113037109374,-0.6392518281936646,-1.2473790645599365,1.3024457693099976
1790028636263153200,26.200153076171876,-0.811634361743927,-0.7829039692878723,0.7134721279144287
1790028636283203300,26.220203369140624,0.5315127968788147,-0.4213795065879822,0.22505496442317963
1790028636363464400,26.30046435546875,-0.019153613597154617,-0.727837324142456,0.7637503147125244
1790028636373474300,26.310474365234374,-0.3208230137825012,-0.6177040338516235,0.8068459630012512
1790028636383514600,26.3205146484375,-0.35913026332855225,-0.7972691655158997,0.8906430602073669
1790028636393585400,26.33058544921875,-0.4596867263317108,-1.0247182846069336,0.8786720037460327
1790028636473785600,26.41078564453125,0.4381389021873474,-0.3998316824436188,0.7326257228851318
1790028636483795500,26.42079541015625,0.0454898327589035,-0.6655880808830261,1.2952631711959839
1790028636533905200,26.4709052734375,-0.11252748221158981,-0.7374141216278076,1.278503656387329
1790028636574035700,26.51103564453125,0.5291185975074768,-0.026336219161748886,0.2082955539226532
1790028636594086000,26.5310859375,0.507570743560791,-0.4572925269603729,0.3758896589279175
1790028636604126200,26.541126220703124,0.5315127968788147,-0.4596867263317108,0.6272808313369751
1790028636614135800,26.5511357421875,0.30885201692581177,-0.49559974670410156,0.8667010068893433
1790028636654236000,26.59123583984375,0.5051765441894531,-0.2753331959247589,-0.14365209639072418
1790028636664245800,26.601245849609374,0.5626373887062073,-0.19632454216480255,0.047884032130241394
1790028636674316500,26.611316650390624,0.2513911724090576,-0.3519476354122162,0.40222588181495667
1790028636684326400,26.621326416015624,0.10534487664699554,-0.2753331959247589,0.2801215946674347
1790028636694366700,26.63136669921875,0.5219359993934631,-0.047884032130241394,-0.15801730751991272
1790028636704376300,26.641376220703126,0.4884171485900879,-0.09816227108240128,0.0454898327589035
1790028636714386200,26.65138623046875,0.3423708379268646,-0.10773907601833344,0.0454898327589035
1790028636734405600,26.671405517578126,0.0694318488240242,-0.2801215946674347,0.1867477297782898
1790028636744415500,26.68141552734375,-0.17956513166427612,-0.2298433631658554,0.26336219906806946
1790028636754425300,26.69142529296875,0.05267243832349777,0.15801730751991272,-0.08379705995321274
1790028636764465400,26.70146533203125,0.21308395266532898,0.20111294090747833,-0.29209262132644653
1790028636774475300,26.711475341796874,-0.08619125932455063,0.021547814831137657,-0.07661445438861847
1790028636784485000,26.721485107421874,-0.3208230137825012,-0.1388636976480484,-0.035913024097681046
1790028636794525400,26.731525390625,-0.11013327538967133,0.019153613597154617,-0.08140286058187485
1790028636804535000,26.74153515625,-0.3663128614425659,-0.023942016065120697,0.2346317619085312
1790028636814545000,26.751544921875,-0.608127236366272,-0.1149216815829277,0.24420857429504395
1790028636824585200,26.761585205078124,-0.6177040338516235,-0.22505496442317963,0.1149216815829277
1790028636834594800,26.7715947265625,-0.4381389021873474,0.07422025501728058,-0.014365210197865963
1790028636864746200,26.801746337890624,-1.6615760326385498,-0.7805097699165344,1.9943699836730957
1790028636874756000,26.811756103515624,-1.6304513216018677,-0.3519476354122162,2.118868589401245
1790028636884796400,26.82179638671875,-1.5514427423477173,-0.29209262132644653,2.2218191623687744
1790028636894806000,26.831805908203126,-2.363077163696289,0.09576806426048279,0.9217676520347595
1790028636914825700,26.85182568359375,-3.957615375518799,-0.6153098344802856,1.4939818382263184
1790028636944854800,26.881854736328126,-0.5937620401382446,-1.1085153818130493,0.06703764945268631
1790028636954864600,26.89186474609375,0.7733271718025208,-0.8643068075180054,0.5770025849342346
1790028636964874500,26.90187451171875,0.17238251864910126,-1.3982137441635132,1.8387469053268433
1790028636974884000,26.911884033203126,-1.1300631761550903,-1.501164436340332,3.3949780464172363
1790028636984955000,26.921954833984376,-1.6519991159439087,-1.0821791887283325,3.0550012588500977
1790028636994964700,26.93196484375,-0.8786720037460327,-1.534683346748352,1.4532804489135742
1790028637005005000,26.942005126953124,-0.08858546614646912,-1.7286136150360107,0.47884035110473633
1790028637015045400,26.95204541015625,-0.10773907601833344,-1.6400281190872192,-0.038307227194309235
1790028637025085700,26.962085693359374,-0.12449848651885986,-1.5825673341751099,0.2537853717803955
1790028637035095300,26.97209521484375,0.07661445438861847,-1.3096283674240112,0.5554547905921936
1790028637045105200,26.982105224609374,0.23702596127986908,-1.2234370708465576,0.3734954595565796
1790028637095184400,27.032184326171876,0.033518824726343155,-0.3878606855869293,-0.3711012601852417
1790028637105224700,27.042224609375,0.14365209639072418,-0.3734954595565796,-0.038307227194309235
1790028637145416400,27.08241650390625,-0.4908113479614258,0.47165772318840027,-0.15801730751991272
1790028637175537400,27.112537353515624,-0.48602294921875,0.6057330369949341,-0.4620809257030487
1790028637235718000,27.1727177734375,-0.40222588181495667,0.0694318488240242,-0.1364694982767105
1790028637245758200,27.18275830078125,-0.15801730751991272,-0.06464344263076782,-0.31842881441116333
1790028637255768000,27.19276806640625,-0.06224924325942993,0.10773907601833344,-0.4620809257030487
1790028637265808400,27.202808349609374,0.038307227194309235,0.0933738648891449,-0.3758896589279175
1790028637285858300,27.2228583984375,-0.05027823522686958,0.12210428714752197,0.009576806798577309
1790028637295868200,27.2328681640625,-0.23702596127986908,-0.07661445438861847,0.22744916379451752
1790028637305908500,27.242908447265624,-0.23702596127986908,-0.2106897532939911,0.38546648621559143
1790028637315918000,27.25291796875,-0.004788403399288654,-0.33518823981285095,0.40701428055763245
1790028637346069500,27.283069580078124,0.040701430290937424,-0.5746083855628967,0.4165911078453064
1790028637366119700,27.30311962890625,-0.06703764945268631,-0.4812345504760742,0.4141969084739685
1790028637376159700,27.31315966796875,-0.009576806798577309,-0.507570743560791,0.4596867263317108
1790028637386169600,27.323169677734374,0.021547814831137657,-0.47644615173339844,0.5674257874488831
1790028637396179500,27.333179443359374,0.07900865375995636,-0.35913026332855225,0.6224924325942993
1790028637406189000,27.34318896484375,-0.043095629662275314,-0.19632454216480255,0.6368576288223267
1790028637426300200,27.363300048828126,-0.10055647045373917,-0.28730419278144836,0.49799394607543945
1790028637436310000,27.37331005859375,0.004788403399288654,-0.2322375625371933,0.4141969084739685
1790028637446319900,27.38331982421875,-0.0933738648891449,-0.22266076505184174,0.38546648621559143
1790028637496490800,27.43349072265625,-0.16998831927776337,0.1173158809542656,0.1364694982767105
1790028637506530800,27.44353076171875,-0.23702596127986908,0.014365210197865963,0.035913024097681046
1790028637516571100,27.453571044921876,-0.24660277366638184,0.021547814831137657,0.028730420395731926
1790028637526611500,27.463611572265624,-0.17477671802043915,-0.05027823522686958,0.23942017555236816
1790028637536621300,27.473621337890624,-0.1173158809542656,-0.15322890877723694,0.05985504388809204
1790028637546631000,27.483630859375,-0.05027823522686958,-0.035913024097681046,-0.07422025501728058
1790028637606781200,27.54378125,-0.3016694188117981,-0.2753331959247589,0.05985504388809204
1790028637616791000,27.553791015625,-0.2561795711517334,-0.19871874153614044,-0.05506663769483566
1790028637626800600,27.563800537109376,-0.14604631066322327,-0.16759411990642548,0.019153613597154617
1790028637636841000,27.573841064453124,-0.1149216815829277,-0.11971008777618408,-0.026336219161748886
1790028637666900700,27.603900634765626,-0.2513911724090576,0.11252748221158981,0.2801215946674347
1790028637676971500,27.613971435546876,-0.35434186458587646,-0.07182604819536209,0.2753331959247589
1790028637687011800,27.62401171875,-0.23942017555236816,-0.028730420395731926,0.21787235140800476
1790028637697052200,27.63405224609375,-0.16519992053508759,-0.0694318488240242,0.021547814831137657
1790028637727173000,27.664173095703124,-0.1149216815829277,0.05985504388809204,-0.08619125932455063
1790028637737213200,27.674213134765626,-0.17717093229293823,0.035913024097681046,0.14365209639072418
1790028637767273200,27.704273193359374,-0.08140286058187485,0,0.16759411990642548
1790028637817505000,27.754505126953124,-0.24420857429504395,-0.19153612852096558,0.1388636976480484
1790028637857635600,27.794635498046876,-0.090979665517807,-0.1388636976480484,0.1149216815829277
1790028637867706400,27.804706298828126,-0.10295066982507706,-0.002394201699644327,0.19871874153614044
1790028637877716200,27.81471630859375,-0.1173158809542656,-0.10055647045373917,0.23702596127986908
1790028637887695400,27.8246953125,-0.05027823522686958,-0.19632454216480255,0.16759411990642548
1790028637897766400,27.834766357421874,-0.0454898327589035,-0.06464344263076782,0.031124621629714966
1790028637927795500,27.86479541015625,-0.12928688526153564,-0.08858546614646912,0.15322890877723694
1790028637937835800,27.874835693359376,-0.18914192914962769,-0.09576806426048279,0.038307227194309235
1790028637947845600,27.884845703125,-0.17956513166427612,-0.15562310814857483,0.1364694982767105
1790028637957855500,27.89485546875,-0.2825157940387726,-0.11971008777618408,0.06464344263076782
1790028637967865000,27.904864990234376,-0.21547815203666687,-0.06464344263076782,0.1388636976480484
1790028637997924900,27.9349248046875,-0.2825157940387726,-0.12449848651885986,-0.038307227194309235
1790028638007965200,27.944965087890626,-0.3447650372982025,-0.2513911724090576,-0.0454898327589035
1790028638038086100,27.975086181640624,-0.0694318488240242,-0.1604115068912506,0.0933738648891449
1790028638088257000,28.025257080078124,-0.12210428714752197,-0.12928688526153564,0.07661445438861847
1790028638098297300,28.03529736328125,-0.19153612852096558,-0.14604631066322327,0.1604115068912506
1790028638108307000,28.045306884765626,-0.24660277366638184,-0.1388636976480484,0.19632454216480255
1790028638118316800,28.05531689453125,-0.14604631066322327,-0.12928688526153564,0.11013327538967133
1790028638138336300,28.075336181640626,-0.1149216815829277,0.05985504388809204,-0.09816227108240128
1790028638148376600,28.08537646484375,-0.22744916379451752,0.011971008032560349,-0.026336219161748886
1790028638158447400,28.095447265625,-0.35913026332855225,-0.10773907601833344,0.08858546614646912
1790028638178497500,28.11549755859375,-0.21308395266532898,-0.13407529890537262,0.11013327538967133
1790028638188537900,28.125537841796874,-0.181959331035614,-0.14604631066322327,-0.0071826050989329815
1790028638208557300,28.145557373046874,-0.08140286058187485,-0.10773907601833344,-0.05506663769483566
1790028638218597600,28.15559765625,-0.09576806426048279,-0.06703764945268631,0.021547814831137657
1790028638248687900,28.18568798828125,-0.20111294090747833,-0.009576806798577309,0.11971008777618408
1790028638258697700,28.19569775390625,-0.1604115068912506,-0.1149216815829277,0.040701430290937424
1790028638288788000,28.2257880859375,-0.22744916379451752,-0.19393034279346466,0.031124621629714966
1790028638298828300,28.235828369140624,-0.2777273952960968,-0.11013327538967133,0.08619125932455063
1790028638308899000,28.245899169921874,-0.24660277366638184,-0.033518824726343155,-0.043095629662275314
1790028638338989300,28.2759892578125,-0.11971008777618408,-0.028730420395731926,0.019153613597154617
1790028638349029600,28.286029541015626,-0.023942016065120697,-0.011971008032560349,0.040701430290937424
1790028638379120000,28.3161201171875,-0.14844051003456116,-0.05985504388809204,0.2561795711517334
1790028638389129700,28.326129638671876,-0.12689268589019775,-0.0454898327589035,0.24420857429504395
1790028638399139600,28.3361396484375,-0.1628057211637497,-0.009576806798577309,0.011971008032560349
1790028638409180000,28.346179931640624,-0.16759411990642548,-0.021547814831137657,-0.047884032130241394
1790028638459381200,28.39638134765625,-0.2298433631658554,-0.023942016065120697,0.05027823522686958
1790028638529571600,28.466571533203126,-0.2106897532939911,-0.11252748221158981,0.021547814831137657
1790028638539581400,28.47658154296875,-0.08140286058187485,-0.08858546614646912,0.06464344263076782
1790028638549652200,28.48665234375,-0.12449848651885986,-0.047884032130241394,0.05027823522686958
1790028638569702400,28.506702392578124,-0.20350714027881622,-0.1149216815829277,0.12689268589019775
1790028638579712000,28.5167119140625,-0.16998831927776337,-0.11971008777618408,0.023942016065120697
1790028638589752300,28.52675244140625,-0.24181437492370605,-0.18914192914962769,0.026336219161748886
1790028638599762200,28.53676220703125,-0.19871874153614044,-0.07661445438861847,0.004788403399288654
1790028638609802500,28.546802490234374,-0.2346317619085312,-0.0454898327589035,-0.016759412363171577
1790028638619812000,28.55681201171875,-0.15801730751991272,-0.05506663769483566,0.0454898327589035
1790028638629822000,28.566822021484374,-0.031124621629714966,-0.14604631066322327,0.05506663769483566
1790028638639862300,28.5768623046875,-0.016759412363171577,-0.011971008032560349,0.06464344263076782
1790028638649902600,28.586902587890624,-0.2082955539226532,-0.016759412363171577,-0.031124621629714966
1790028638659912200,28.596912109375,-0.2777273952960968,-0.009576806798577309,-0.08379705995321274
1790028638700012300,28.63701220703125,-0.17238251864910126,0.026336219161748886,-0.031124621629714966
1790028638780243200,28.7172431640625,-0.10055647045373917,-0.06703764945268631,0.06224924325942993
1790028638830383400,28.76738330078125,-0.24181437492370605,-0.1364694982767105,0.040701430290937424
1790028638840423700,28.777423583984376,-0.22026655077934265,-0.021547814831137657,0.1604115068912506
1790028638850433500,28.78743359375,-0.033518824726343155,-0.14365209639072418,0.05027823522686958
1790028638860443400,28.797443359375,-0.0694318488240242,-0.10534487664699554,-0.05267243832349777
1790028638870453000,28.807452880859376,-0.1604115068912506,-0.090979665517807,-0.09576806426048279
