time,seconds_elapsed,x,z,y
1790029023191438300,0.127438232421875,0.011971008032560349,0.3663128614425659,0.019153613597154617
1790029023210988500,0.146988525390625,-0.22266076505184174,-0.009576806798577309,0.12210428714752197
1790029023220798200,0.156798095703125,-0.17238251864910126,-0.021547814831137657,0.12689268589019775
1790029023240717800,0.1767177734375,-0.1867477297782898,-0.07661445438861847,0.002394201699644327
1790029023250727700,0.186727783203125,-0.15801730751991272,-0.10773907601833344,0.11252748221158981
1790029023260706800,0.196706787109375,-0.17717093229293823,0.014365210197865963,0.10534487664699554
1790029023270716700,0.206716552734375,-0.15083470940589905,-0.035913024097681046,-0.0071826050989329815
1790029023330805800,0.2668056640625,-0.1628057211637497,-0.11252748221158981,0.004788403399288654
1790029023350855700,0.286855712890625,-0.15562310814857483,-0.11971008777618408,0.05027823522686958
1790029023360835000,0.2968349609375,-0.0694318488240242,0,-0.05267243832349777
1790029023370875400,0.30687548828125,-0.06703764945268631,-0.026336219161748886,0.047884032130241394
1790029023380885000,0.316885009765625,-0.20111294090747833,-0.1364694982767105,0.021547814831137657
1790029023390894800,0.326894775390625,-0.10055647045373917,-0.1364694982767105,0.19871874153614044
1790029023410914300,0.346914306640625,-0.11013327538967133,-0.14365209639072418,-0.0454898327589035
1790029023420924200,0.356924072265625,-0.21308395266532898,-0.1173158809542656,0.09816227108240128
1790029023430933800,0.366933837890625,-0.16519992053508759,-0.031124621629714966,0.0933738648891449
1790029023440974000,0.37697412109375,-0.10295066982507706,-0.09816227108240128,0.1173158809542656
1790029023460993800,0.396993896484375,-0.15562310814857483,-0.08619125932455063,-0.002394201699644327
1790029023471003400,0.40700341796875,-0.26575639843940735,-0.09576806426048279,-0.12689268589019775
1790029023481013200,0.41701318359375,-0.22744916379451752,-0.10055647045373917,0.038307227194309235
1790029023491022800,0.42702294921875,-0.11971008777618408,-0.0694318488240242,0.011971008032560349
1790029023501032700,0.43703271484375,-0.05027823522686958,-0.07661445438861847,0.043095629662275314
1790029023541102300,0.477102294921875,-0.090979665517807,-0.06464344263076782,0.07661445438861847
1790029023551112200,0.4871123046875,-0.1364694982767105,-0.19632454216480255,0.1364694982767105
1790029023561121800,0.497121826171875,-0.24660277366638184,-0.031124621629714966,0.17477671802043915
1790029023571162000,0.507162109375,-0.08140286058187485,0.014365210197865963,-0.023942016065120697
1790029023581172000,0.517171875,-0.07182604819536209,0.014365210197865963,-0.1388636976480484
1790029023591181600,0.527181640625,-0.15801730751991272,-0.0071826050989329815,-0.05027823522686958
1790029023601161000,0.537160888671875,-0.23942017555236816,-0.22744916379451752,0.19393034279346466
1790029023611201300,0.547201171875,-0.22505496442317963,-0.09816227108240128,0.2585737705230713
1790029023621211000,0.5572109375,-0.17238251864910126,-0.12928688526153564,0.040701430290937424
1790029023631190300,0.567190185546875,-0.13168109953403473,0.10055647045373917,-0.1628057211637497
1790029023641230600,0.577230712890625,-0.16519992053508759,0.009576806798577309,-0.1412578970193863
1790029023651240200,0.587240234375,-0.23942017555236816,-0.10773907601833344,0.033518824726343155
1790029023661219600,0.597219482421875,-0.14604631066322327,-0.09816227108240128,0.20111294090747833
1790029023671260000,0.607260009765625,-0.1604115068912506,-0.1173158809542656,0.019153613597154617
1790029023691279400,0.627279296875,-0.3280056416988373,-0.05267243832349777,-0.05027823522686958
1790029023711298800,0.647298828125,-0.004788403399288654,-0.05027823522686958,0.19393034279346466
1790029023721308700,0.65730859375,0,0.035913024097681046,-0.028730420395731926
1790029023731318300,0.667318359375,-0.0933738648891449,0,0.019153613597154617
1790029023741328100,0.677328125,-0.24420857429504395,-0.0454898327589035,0.07900865375995636
1790029023771327000,0.707326904296875,-0.2585737705230713,-0.031124621629714966,0.011971008032560349
1790029023791377000,0.727376953125,-0.3016694188117981,-0.07900865375995636,-0.009576806798577309
1790029023801417200,0.737417236328125,-0.17956513166427612,-0.05746084079146385,-0.014365210197865963
1790029023811427000,0.747427001953125,-0.09816227108240128,-0.035913024097681046,0.028730420395731926
1790029023821406200,0.75740625,-0.038307227194309235,-0.047884032130241394,-0.002394201699644327
1790029023831416000,0.767416015625,-0.12449848651885986,-0.05027823522686958,0.15801730751991272
1790029023841426000,0.777426025390625,-0.08379705995321274,-0.002394201699644327,0.23942017555236816
1790029023861445400,0.7974453125,-0.20350714027881622,-0.09576806426048279,-0.026336219161748886
1790029023871485700,0.807485595703125,-0.1867477297782898,0,0.035913024097681046
1790029023881526000,0.817526123046875,-0.17238251864910126,-0.2106897532939911,0.0933738648891449
1790029023891535600,0.82753564453125,-0.10055647045373917,-0.05985504388809204,0.026336219161748886
1790029023911585800,0.847585693359375,-0.1604115068912506,-0.10773907601833344,0.05746084079146385
1790029023921626000,0.857626220703125,-0.2777273952960968,-0.06464344263076782,0.10295066982507706
1790029023931635700,0.8676357421875,-0.20111294090747833,-0.07182604819536209,0.08619125932455063
1790029023941645600,0.8776455078125,-0.12689268589019775,-0.043095629662275314,0.09816227108240128
1790029023951655400,0.887655517578125,-0.11013327538967133,0.014365210197865963,0.06464344263076782
1790029023961665000,0.8976650390625,-0.15562310814857483,-0.12689268589019775,0.09816227108240128
1790029023991694300,0.9276943359375,-0.2801215946674347,-0.05985504388809204,0.09576806426048279
1790029024001734700,0.937734619140625,-0.24181437492370605,0.026336219161748886,0.031124621629714966
1790029024021754000,0.957754150390625,-0.13168109953403473,0.021547814831137657,0.05985504388809204
1790029024041773800,0.97777392578125,-0.22744916379451752,0.05267243832349777,-0.0071826050989329815
1790029024051783400,0.987783447265625,-0.1173158809542656,-0.028730420395731926,0
1790029024091822600,1.027822509765625,-0.17238251864910126,-0.06703764945268631,0
1790029024131861500,1.067861572265625,-0.12449848651885986,-0.16519992053508759,0.10534487664699554
1790029024151850500,1.0878505859375,-0.14604631066322327,-0.1412578970193863,0.11013327538967133
1790029024161921500,1.097921630859375,-0.11013327538967133,-0.10295066982507706,0.023942016065120697
1790029024171961600,1.107961669921875,-0.10295066982507706,-0.08619125932455063,0.07182604819536209
1790029024191950600,1.12795068359375,-0.12449848651885986,-0.12449848651885986,0.047884032130241394
1790029024201991000,1.137990966796875,-0.22744916379451752,-0.0933738648891449,-0.011971008032560349
1790029024211970300,1.14797021484375,-0.23942017555236816,-0.0694318488240242,0.047884032130241394
1790029024231989800,1.16798974609375,-0.038307227194309235,-0.026336219161748886,0.002394201699644327
1790029024252009200,1.18800927734375,-0.0933738648891449,0.07422025501728058,0.1843535304069519
1790029024312129000,1.24812890625,-0.2298433631658554,-0.07182604819536209,-0.004788403399288654
1790029024372279000,1.308279052734375,-0.13407529890537262,0.019153613597154617,0.11971008777618408
1790029024402308400,1.338308349609375,-0.090979665517807,0.028730420395731926,0.0454898327589035
1790029024502497500,1.43849755859375,-0.1388636976480484,-0.090979665517807,0.1149216815829277
1790029024592677000,1.528677001953125,-0.21787235140800476,-0.07900865375995636,0.07661445438861847
1790029024602717200,1.53871728515625,-0.19153612852096558,-0.09816227108240128,0.009576806798577309
1790029024632777200,1.568777099609375,-0.11971008777618408,-0.023942016065120697,0.11971008777618408
1790029024652827100,1.5888271484375,-0.15562310814857483,0.004788403399288654,0.14365209639072418
1790029024672877300,1.608877197265625,-0.12689268589019775,-0.07661445438861847,-0.05985504388809204
1790029024682917400,1.61891748046875,-0.20111294090747833,-0.07900865375995636,0.038307227194309235
1790029024692957700,1.628957763671875,-0.20111294090747833,-0.08140286058187485,0.17956513166427612
1790029024702967600,1.638967529296875,-0.090979665517807,-0.11971008777618408,0.028730420395731926
1790029024712977400,1.648977294921875,-0.19393034279346466,-0.15322890877723694,0.0071826050989329815
1790029024722987000,1.658987060546875,-0.2968810200691223,-0.09816227108240128,0.12928688526153564
1790029024732996900,1.668996826171875,-0.22266076505184174,-0.026336219161748886,0.090979665517807
1790029024743006700,1.6790068359375,-0.16519992053508759,0.035913024097681046,-0.0694318488240242
1790029024753016300,1.689016357421875,-0.21308395266532898,-0.0694318488240242,0.028730420395731926
1790029024763026200,1.699026123046875,-0.2346317619085312,-0.05027823522686958,0.12928688526153564
1790029024783076000,1.719076171875,-0.06224924325942993,0.011971008032560349,0.021547814831137657
1790029024793116400,1.729116455078125,-0.15562310814857483,-0.12449848651885986,0.033518824726343155
1790029024813197000,1.749197021484375,-0.1604115068912506,-0.08619125932455063,0.11971008777618408
1790029024823207000,1.75920703125,-0.15562310814857483,0.031124621629714966,-0.011971008032560349
1790029024833216500,1.769216552734375,-0.2849099934101105,0.05267243832349777,-0.026336219161748886
1790029024843226400,1.779226318359375,-0.18914192914962769,-0.1173158809542656,-0.016759412363171577
1790029024853236200,1.789236328125,-0.11252748221158981,-0.07900865375995636,0.033518824726343155
1790029024863215400,1.79921533203125,-0.11971008777618408,-0.021547814831137657,0.0454898327589035
1790029024873255700,1.809255615234375,-0.19871874153614044,-0.11013327538967133,0.13407529890537262
1790029024883296000,1.8192958984375,-0.19153612852096558,-0.10295066982507706,0.2082955539226532
1790029024913355800,1.849355712890625,-0.19153612852096558,-0.021547814831137657,0
1790029024933405700,1.86940576171875,-0.1867477297782898,0.0454898327589035,0.06224924325942993
1790029024953455900,1.889455810546875,-0.18914192914962769,0,0.0694318488240242
1790029024963465700,1.8994658203125,-0.21787235140800476,-0.031124621629714966,0.090979665517807
1790029024983515600,1.919515625,-0.2322375625371933,-0.002394201699644327,0.0071826050989329815
1790029025003565800,1.93956591796875,-0.19393034279346466,-0.040701430290937424,0.09816227108240128
1790029025023585300,1.959585205078125,-0.07182604819536209,-0.11971008777618408,0
1790029025033595000,1.969594970703125,-0.1149216815829277,-0.033518824726343155,0.12210428714752197
1790029025113703700,2.04970361328125,-0.19632454216480255,0.08140286058187485,0.1149216815829277
1790029025123744000,2.059743896484375,-0.0933738648891449,-0.040701430290937424,0.08140286058187485
1790029025143763500,2.079763427734375,-0.22744916379451752,-0.05267243832349777,0.05027823522686958
1790029025233942800,2.16994287109375,-0.1173158809542656,-0.07661445438861847,0.08140286058187485
1790029025314143000,2.25014306640625,-0.05746084079146385,0.031124621629714966,0.05746084079146385
1790029025334162700,2.27016259765625,-0.26575639843940735,-0.002394201699644327,0.12210428714752197
1790029025344233500,2.2802333984375,-0.1173158809542656,-0.009576806798577309,0.19871874153614044
1790029025354273800,2.290273681640625,-0.1412578970193863,-0.038307227194309235,0.06703764945268631
1790029025374323700,2.31032373046875,-0.3064578175544739,-0.15562310814857483,0.10055647045373917
1790029025384333600,2.32033349609375,-0.2106897532939911,-0.047884032130241394,0.20350714027881622
1790029025394404400,2.330404296875,-0.05746084079146385,0.043095629662275314,0.002394201699644327
1790029025404444700,2.340444580078125,-0.1149216815829277,-0.043095629662275314,-0.002394201699644327
1790029025414454300,2.350454345703125,-0.22744916379451752,-0.09576806426048279,0.11013327538967133
1790029025424464100,2.360464111328125,-0.17717093229293823,-0.0071826050989329815,0.0694318488240242
1790029025434504400,2.37050439453125,-0.17956513166427612,-0.08140286058187485,0.12210428714752197
1790029025444514300,2.380514404296875,-0.17477671802043915,-0.05267243832349777,0.021547814831137657
1790029025454524000,2.39052392578125,-0.19393034279346466,-0.040701430290937424,-0.021547814831137657
1790029025474513000,2.410512939453125,-0.16519992053508759,0.0071826050989329815,0.10295066982507706
1790029025494593500,2.430593505859375,-0.13168109953403473,0,0.05506663769483566
1790029025544642300,2.480642333984375,-0.15801730751991272,-0.12928688526153564,-0.05027823522686958
1790029025554682600,2.4906826171875,-0.15083470940589905,-0.06224924325942993,0.009576806798577309
1790029025634760700,2.5707607421875,-0.10295066982507706,-0.016759412363171577,0.06464344263076782
1790029025644770600,2.5807705078125,-0.13168109953403473,-0.07900865375995636,0.0454898327589035
1790029025654780400,2.590780517578125,-0.16519992053508759,-0.09816227108240128,0.15322890877723694
1790029025664820500,2.600820556640625,-0.2537853717803955,-0.1843535304069519,0.1604115068912506
1790029025684840200,2.620840087890625,-0.20350714027881622,-0.004788403399288654,-0.09576806426048279
1790029025694849800,2.630849853515625,-0.18914192914962769,-0.08140286058187485,-0.07422025501728058
1790029025704859600,2.640859619140625,-0.15801730751991272,-0.016759412363171577,0.028730420395731926
1790029025714869500,2.650869384765625,-0.08140286058187485,0.0071826050989329815,0.016759412363171577
1790029025724879000,2.660879150390625,-0.12210428714752197,-0.023942016065120697,0.17717093229293823
1790029025734889000,2.670888916015625,-0.22744916379451752,-0.07661445438861847,0.17238251864910126
1790029025744898800,2.68089892578125,-0.24899697303771973,0.07900865375995636,0.0071826050989329815
1790029025754939000,2.69093896484375,-0.17717093229293823,-0.08379705995321274,0.021547814831137657
1790029025764948700,2.70094873046875,-0.15083470940589905,-0.009576806798577309,0.05506663769483566
1790029025805018400,2.741018310546875,-0.13168109953403473,-0.043095629662275314,0.0694318488240242
1790029025845088000,2.781087890625,-0.1843535304069519,-0.011971008032560349,-0.08379705995321274
1790029025865138000,2.801137939453125,-0.2346317619085312,-0.035913024097681046,0
1790029025875147800,2.811147705078125,-0.2106897532939911,-0.0454898327589035,0.08858546614646912
1790029025905177000,2.841177001953125,-0.18914192914962769,0.0694318488240242,-0.043095629662275314
1790029025925166000,2.861166015625,-0.2537853717803955,0.14844051003456116,-0.2082955539226532
1790029025945216000,2.881216064453125,-0.3687070608139038,0.002394201699644327,-0.06703764945268631
1790029025955225900,2.891225830078125,-0.5315127968788147,-0.17956513166427612,-0.15083470940589905
1790029025965266200,2.90126611328125,-0.45010992884635925,0.090979665517807,-0.363918662071228
1790029025985316000,2.921316162109375,-0.6871358752250671,0.07661445438861847,-0.2825157940387726
1790029025995356400,2.9313564453125,-0.849941611289978,-0.1388636976480484,0.08140286058187485
1790029026005396700,2.941396728515625,-0.7565677165985107,-0.304063618183136,0.2059013396501541
1790029026015437000,2.95143701171875,-0.6751648783683777,-0.3902548849582672,0.363918662071228
1790029026025447000,2.961447021484375,-0.6488286852836609,-0.24660277366638184,0.21308395266532898
1790029026035456500,2.97145654296875,-0.5410895943641663,-0.18914192914962769,0.26096799969673157
1790029026045466400,2.98146630859375,-0.304063618183136,-0.33039984107017517,0.42377370595932007
1790029026055476200,2.991476318359375,-0.2537853717803955,-0.42856210470199585,0.8762778043746948
1790029026065485800,3.00148583984375,-0.2537853717803955,-0.40940847992897034,1.2234370708465576
1790029026075495700,3.01149560546875,-0.42616790533065796,-0.5889736413955688,1.5083470344543457
1790029026095515100,3.03151513671875,-0.8212111592292786,-1.1252747774124146,1.0845733880996704
1790029026105586000,3.0415859375,-1.2737152576446533,-1.1180921792984009,0.9552865028381348
1790029026115595800,3.051595703125,-1.2737152576446533,-0.9792284965515137,0.7781155705451965
1790029026125605400,3.06160546875,-0.8810662031173706,-0.933738648891449,0.40940847992897034
1790029026135584800,3.071584716796875,-0.6775590777397156,-0.7637503147125244,0.13407529890537262
1790029026145625000,3.081625,-0.3758896589279175,-0.6703764796257019,-0.09816227108240128
1790029026155634700,3.091634765625,0.0694318488240242,-0.7015010714530945,-0.3447650372982025
1790029026165675000,3.101675048828125,0.023942016065120697,-0.811634361743927,-0.33518823981285095
1790029026175715300,3.11171533203125,-0.4836287498474121,-1.1683704853057861,0.07900865375995636
1790029026225794800,3.161794921875,-1.6424223184585571,-1.0319008827209473,0.6775590777397156
1790029026275965700,3.211965576171875,-2.3726539611816406,-1.0749965906143188,0.43335050344467163
1790029026326075400,3.262075439453125,-2.209848165512085,-0.7805097699165344,1.623268723487854
1790029026336085200,3.272085205078125,-2.3247697353363037,-1.0031704902648926,1.4269442558288574
1790029026346095000,3.28209521484375,-2.6431987285614014,-1.070208191871643,1.3646949529647827
1790029026356135200,3.29213525390625,-2.432508945465088,-1.2330138683319092,1.316810965538025
1790029026366145000,3.30214501953125,-1.5610195398330688,-0.7374141216278076,1.2258312702178955
1790029026376155000,3.31215478515625,-0.9720458984375,-0.6823474764823914,1.455674648284912
1790029026386134000,3.322134033203125,-1.742978811264038,-0.8068459630012512,1.8698714971542358
1790029026396143900,3.332143798828125,-1.7597382068634033,-0.7110779285430908,1.4317326545715332
1790029026436244000,3.372243896484375,-0.12928688526153564,-0.20111294090747833,0.3423708379268646
1790029026446253600,3.382253662109375,-0.6512228846549988,-0.4213795065879822,0.8571242094039917
1790029026456263400,3.392263427734375,-1.8507179021835327,-1.01753568649292,1.1899182796478271
1790029026466273300,3.402273193359375,-1.9823989868164062,-0.12449848651885986,0.47405192255973816
1790029026476283000,3.412282958984375,-1.2497732639312744,0.7086837291717529,-0.4405331015586853
1790029026486323200,3.4223232421875,-0.3495534360408783,0.16759411990642548,-0.8379706144332886
1790029026516383000,3.452383056640625,-1.7070658206939697,-0.45250412821769714,-0.19393034279346466
1790029026526392800,3.462392822265625,-1.113303780555725,0.06703764945268631,-0.828393816947937
1790029026566493000,3.502492919921875,-0.2585737705230713,0.2777273952960968,-0.035913024097681046
1790029026576502800,3.512502685546875,-0.42377370595932007,-0.43335050344467163,0.4357447028160095
1790029026586512400,3.522512451171875,-1.0749965906143188,-0.7948749661445618,0.7398083209991455
1790029026616603000,3.552602783203125,-0.7110779285430908,-0.7876923680305481,0.0454898327589035
1790029026626582000,3.56258203125,-1.0319008827209473,-1.723825216293335,1.2090718746185303
1790029026656641800,3.592641845703125,-0.19632454216480255,0.9983820915222168,-1.0534487962722778
1790029026666651600,3.602651611328125,-0.2082955539226532,0.727837324142456,-0.9911994934082031
1790029026676661500,3.61266162109375,-0.26096799969673157,0.49799394607543945,-1.1755530834197998
1790029026686671000,3.622671142578125,-0.3734954595565796,-0.45250412821769714,-1.1252747774124146
1790029026696681000,3.632680908203125,-0.4118026793003082,-0.7805097699165344,-0.3687070608139038
1790029026706690800,3.64269091796875,-0.8595184087753296,-0.9481038451194763,-0.05506663769483566
1790029026726740700,3.66274072265625,-0.3256114423274994,1.3862427473068237,-2.497152328491211
1790029026736750600,3.67275048828125,0.11252748221158981,0.8164227604866028,-2.2625205516815186
1790029026746821400,3.6828212890625,0.20111294090747833,0.07900865375995636,-0.9289502501487732
1790029026756800500,3.692800537109375,-0.09816227108240128,-0.2968810200691223,-0.7445967197418213
1790029026766840800,3.7028408203125,-0.47165772318840027,-1.0773907899856567,-0.4213795065879822
1790029026776881200,3.712881103515625,-0.38546648621559143,-1.05105459690094,-0.768538773059845
1790029026786891000,3.72289111328125,-0.3280056416988373,0.7948749661445618,-1.9153614044189453
1790029026796900600,3.732900634765625,-0.6727706789970398,1.3958195447921753,-3.1220390796661377
1790029026806910500,3.742910400390625,-0.6823474764823914,-0.3280056416988373,-2.3582887649536133
1790029026816920000,3.752920166015625,-0.2968810200691223,-0.05506663769483566,-0.5746083855628967
1790029026877100800,3.813100830078125,-1.37906014919281,0.6416460275650024,-1.1875240802764893
1790029026947291400,3.88329150390625,-0.6799532771110535,-0.4357447028160095,0.30885201692581177
1790029026967371800,3.903371826171875,-0.4620809257030487,-1.0247182846069336,2.8371291160583496
1790029026977381600,3.913381591796875,0.6440402865409851,-0.33758243918418884,2.3487119674682617
1790029026987422000,3.923421875,1.094150185585022,0.6607996821403503,0.19632454216480255
1790029026997462300,3.933462158203125,0.16759411990642548,0.7996633648872375,-1.9297266006469727
1790029027007471900,3.943471923828125,-1.1683704853057861,0.17717093229293823,-2.693476915359497
1790029027017481700,3.953481689453125,-2.5091233253479004,0.3016694188117981,-2.030282974243164
1790029027027491600,3.96349169921875,-3.6176388263702393,-0.13168109953403473,-1.2234370708465576
1790029027057521000,3.99352099609375,-3.3734302520751953,0,-1.7166426181793213
1790029027067530500,4.003530517578125,-2.9281086921691895,0,-1.5969325304031372
1790029027077540400,4.013540283203125,-2.671929121017456,-0.13168109953403473,-0.6584054827690125
1790029027087550000,4.023550048828125,-1.9632453918457031,0.2537853717803955,-0.1388636976480484
1790029027167628300,4.103628173828125,-1.414973258972168,1.235408067703247,-0.22744916379451752
1790029027207789300,4.143789306640625,-0.016759412363171577,0.42377370595932007,1.3335703611373901
1790029027217799200,4.153799072265625,-0.3208230137825012,0.8307880163192749,1.2330138683319092
1790029027227808800,4.163808837890625,-0.5363011956214905,1.338358759880066,0.7469909191131592
1790029027237818600,4.173818603515625,-0.8786720037460327,1.2856862545013428,-0.9552865028381348
1790029027247828500,4.183828369140625,-1.8962076902389526,0.3878606855869293,-1.3670891523361206
1790029027267908900,4.203908935546875,-1.9105730056762695,-0.3423708379268646,-0.021547814831137657
1790029027287928600,4.223928466796875,-2.229001760482788,0.871489405632019,-1.7621324062347412
1790029027297938200,4.233938232421875,-2.4612393379211426,1.2090718746185303,-1.4652514457702637
1790029027307917600,4.24391748046875,-1.8794482946395874,1.0295066833496094,-0.849941611289978
1790029027317958000,4.2539580078125,-0.8451532125473022,1.7286136150360107,-0.9385270476341248
1790029027327998000,4.263998046875,-0.8044517636299133,1.5897499322891235,-0.9409212470054626
1790029027338007800,4.2740078125,-1.194706678390503,1.1061211824417114,-0.5626373887062073
1790029027398066400,4.33406640625,-1.235408067703247,2.4612393379211426,-0.828393816947937
1790029027408106800,4.344106689453125,-0.8906430602073669,2.6168625354766846,-0.9888052940368652
1790029027418116400,4.354116455078125,-0.8882488012313843,2.6862943172454834,-0.7038952708244324
1790029027428126200,4.364126220703125,-0.7134721279144287,2.0374655723571777,-0.5147533416748047
1790029027438136000,4.374135986328125,-0.6320692300796509,1.7501614093780518,-0.5482721924781799
1790029027488276500,4.4242763671875,0.07900865375995636,1.4245500564575195,-1.6615760326385498
1790029027508356900,4.44435693359375,-0.5291185975074768,1.139639973640442,-0.8259995579719543
1790029027538417000,4.4744169921875,1.1061211824417114,1.1468225717544556,-0.3758896589279175
1790029027548457000,4.48445703125,1.37906014919281,1.235408067703247,-1.0079588890075684
1790029027558466800,4.494466796875,0.5219359993934631,1.5466543436050415,-2.2577321529388428
1790029027568476700,4.5044765625,-0.689530074596405,0.9768342971801758,-2.9472622871398926
1790029027578547500,4.51454736328125,-1.403002142906189,0.7589619159698486,-2.497152328491211
1790029027588557000,4.52455712890625,-1.9488801956176758,0.6416460275650024,-1.4460978507995605
1790029027598597400,4.534597412109375,-2.1116859912872314,0.9074024558067322,-0.5817909836769104
1790029027618647600,4.5546474609375,-1.3120225667953491,1.7573440074920654,0.2944868206977844
1790029027628688000,4.56468798828125,-0.6607996821403503,1.745373010635376,-0.14604631066322327
1790029027638697500,4.574697509765625,-0.26096799969673157,1.1803414821624756,-0.8307880163192749
1790029027648737800,4.58473779296875,-0.4165911078453064,0.6991068720817566,-1.0965443849563599
1790029027668818400,4.604818359375,-0.44771572947502136,0,-1.1540051698684692
1790029027688838000,4.624837890625,0.6153098344802856,0.6536170840263367,-0.8906430602073669
1790029027708888000,4.64488818359375,0.4908113479614258,0.2298433631658554,0.8738836050033569
1790029027728938000,4.66493798828125,-0.26336219906806946,-0.3064578175544739,-0.06224924325942993
1790029027738947800,4.67494775390625,-0.4572925269603729,-0.4668693244457245,-0.6751648783683777
1790029027759028200,4.6950283203125,-0.6727706789970398,-0.4405331015586853,-1.0654197931289673
1790029027779048000,4.7150478515625,-0.031124621629714966,-0.06464344263076782,0.2537853717803955
1790029027799067400,4.7350673828125,0.47644615173339844,-0.2849099934101105,0.3495534360408783
1790029027809077200,4.7450771484375,0.26815059781074524,0.11013327538967133,-0.5674257874488831
1790029027829096700,4.7650966796875,-1.0558429956436157,-0.6512228846549988,0.035913024097681046
1790029027849116200,4.7851162109375,-0.545877993106842,-1.1444283723831177,0.22505496442317963
1790029027869166300,4.805166259765625,0.3064578175544739,-0.17717093229293823,0.2059013396501541
1790029027879176000,4.815176025390625,0.4692635238170624,-0.2322375625371933,0.05746084079146385
1790029027889185800,4.825185791015625,0.2322375625371933,-0.304063618183136,-0.15562310814857483
1790029027909236000,4.845236083984375,-0.047884032130241394,-0.33758243918418884,-0.47644615173339844
1790029027919245600,4.85524560546875,0.29209262132644653,-0.6248866319656372,-0.13168109953403473
1790029027939326200,4.875326171875,1.4748282432556152,-0.8690952062606812,0.6991068720817566
1790029027949336000,4.885336181640625,1.6615760326385498,-0.7110779285430908,0.9169792532920837
1790029027959345700,4.895345703125,1.1827356815338135,0.10534487664699554,0.7613561153411865
1790029027979365400,4.915365478515625,-0.5434837937355042,0.11252748221158981,-1.3048399686813354
1790029028009425200,4.945425048828125,0.8331822156906128,-0.9864110946655273,1.2042834758758545
1790029028029444600,4.965444580078125,1.039083480834961,0.5267243981361389,-0.4620809257030487
1790029028039485000,4.97548486328125,0.6560112833976746,0.26336219906806946,-0.27054479718208313
1790029028049494500,4.98549462890625,0.4213795065879822,0.08379705995321274,0.3687070608139038
1790029028059504400,4.99550439453125,0.47165772318840027,-0.21547815203666687,0.6584054827690125
1790029028069514200,5.00551416015625,0.871489405632019,-0.5578489899635315,0.9840168952941895
1790029028079523800,5.01552392578125,1.0103530883789062,-0.6560112833976746,1.237802267074585
1790029028109584000,5.045583984375,-0.014365210197865963,-0.811634361743927,0.08858546614646912
1790029028149684000,5.08568408203125,-1.115697979927063,0.24899697303771973,-1.3694833517074585
1790029028159693600,5.095693603515625,-0.8667010068893433,-0.4189853072166443,-0.6344634294509888
1790029028219782700,5.15578271484375,0.7613561153411865,-0.026336219161748886,0.49799394607543945
1790029028259821800,5.19582177734375,0.37828385829925537,-0.12689268589019775,0.002394201699644327
1790029028299860700,5.23586083984375,-0.12210428714752197,-0.1867477297782898,-0.8595184087753296
1790029028309870600,5.24587060546875,-0.10534487664699554,-0.6775590777397156,-0.22266076505184174
1790029028319880400,5.25588037109375,-0.09816227108240128,-1.1540051698684692,0.6129156351089478
1790029028329890000,5.26589013671875,-0.016759412363171577,-0.9744400978088379,0.7757213711738586
1790029028339900000,5.27589990234375,0.2537853717803955,-0.22026655077934265,0.5770025849342346
1790029028369929200,5.30592919921875,0.8403648138046265,-0.1843535304069519,0.10055647045373917
1790029028379939000,5.31593896484375,0.47644615173339844,-0.5003881454467773,0.7541735172271729
1790029028419978000,5.35597802734375,0.19393034279346466,-0.629675030708313,0.6919242739677429
1790029028430018300,5.366018310546875,0.3064578175544739,-0.5817909836769104,0.828393816947937
1790029028440028200,5.376028076171875,0.43335050344467163,-0.23702596127986908,0.586579442024231
1790029028510096400,5.446096435546875,1.0773907899856567,-0.06224924325942993,0.828393816947937
1790029028530177000,5.466177001953125,1.0342950820922852,-0.2059013396501541,0.8020575642585754
1790029028540187000,5.476186767578125,0.5123591423034668,-0.4644751250743866,1.0773907899856567
1790029028550196500,5.486196533203125,0.0694318488240242,-0.5291185975074768,0.6847416758537292
1790029028560206300,5.496206298828125,0.1388636976480484,-0.5027823448181152,0.2082955539226532
1790029028570216200,5.50621630859375,0.3495534360408783,-0.4572925269603729,0.28969839215278625
1790029028580195300,5.5161953125,0.3687070608139038,-0.3280056416988373,0.45250412821769714
1790029028590235600,5.526235595703125,0.16759411990642548,-0.38307225704193115,0.5195417404174805
1790029028600245500,5.53624560546875,0.06464344263076782,-0.31842881441116333,0.7661445140838623
1790029028610255000,5.546255126953125,0.21547815203666687,-0.1628057211637497,0.8307880163192749
1790029028670374700,5.606374755859375,-0.47405192255973816,-0.9576807022094727,1.0438719987869263
1790029028700404000,5.636404052734375,-0.5889736413955688,-0.7613561153411865,0.706289529800415
1790029028720484600,5.656484619140625,-0.7374141216278076,-1.4700398445129395,1.4915876388549805
1790029028740504000,5.676504150390625,-1.3120225667953491,-1.6065093278884888,1.3982137441635132
1790029028750514000,5.686513916015625,-1.3024457693099976,-1.6184803247451782,1.4867992401123047
1790029028770533400,5.706533447265625,-1.0893617868423462,-1.1324573755264282,1.6304513216018677
1790029028790553000,5.726552978515625,-1.0773907899856567,-1.5179238319396973,2.1811177730560303
1790029028800593400,5.736593505859375,-1.2090718746185303,-1.7357962131500244,2.4420857429504395
1790029028830622500,5.76662255859375,-1.0558429956436157,-1.434126853942871,1.8698714971542358
1790029028880793600,5.816793701171875,-0.6272808313369751,-1.0319008827209473,1.7501614093780518
1790029028890803200,5.82680322265625,-0.9026140570640564,-1.039083480834961,1.5897499322891235
1790029028960871700,5.89687158203125,-1.2545616626739502,-1.623268723487854,2.078166961669922
1790029028970881300,5.90688134765625,-1.2665326595306396,-1.2425906658172607,1.7741034030914307
1790029028980891100,5.91689111328125,-1.216254472732544,-1.4772224426269531,1.6136919260025024
1790029028990901000,5.92690087890625,-1.259350061416626,-1.6089035272598267,1.6208745241165161
1790029029000941300,5.93694140625,-1.45806884765625,-1.3479355573654175,1.580173134803772
1790029029010951000,5.946950927734375,-1.7956513166427612,-1.05105459690094,1.0678139925003052
1790029029051051000,5.987051025390625,-1.1013327836990356,-0.38546648621559143,1.0534487962722778
1790029029091120600,6.02712060546875,0.6584054827690125,-0.40222588181495667,0.9074024558067322
1790029029101130500,6.037130615234375,0.23702596127986908,-0.7829039692878723,1.0055646896362305
1790029029111140000,6.04714013671875,-0.5817909836769104,-1.1899182796478271,1.4724340438842773
1790029029121150000,6.05714990234375,-1.0271124839782715,-0.6871358752250671,0.3016694188117981
1790029029151179300,6.08717919921875,0.2537853717803955,-1.314416766166687,1.3311761617660522
1790029029161188900,6.09718896484375,-0.4165911078453064,-1.3838485479354858,2.382230758666992
1790029029171198700,6.10719873046875,-1.0534487962722778,-0.3734954595565796,1.1300631761550903
1790029029181239000,6.117239013671875,-0.7852981686592102,0.6129156351089478,-1.0821791887283325
1790029029191249000,6.127248779296875,-0.1388636976480484,-0.3232172429561615,-0.3519476354122162
1790029029201258500,6.137258544921875,-0.15322890877723694,-0.8020575642585754,0.7637503147125244
1790029029211268400,6.147268310546875,-0.7757213711738586,-0.6847416758537292,0.26815059781074524
1790029029221278200,6.1572783203125,-0.871489405632019,-0.4381389021873474,-0.7996633648872375
1790029029231287800,6.167287841796875,-0.8930372595787048,-0.7230489253997803,-0.4908113479614258
1790029029291346400,6.227346435546875,-0.033518824726343155,-0.8379706144332886,1.1085153818130493
1790029029311427000,6.247427001953125,-0.6368576288223267,0.3471592366695404,0.20350714027881622
1790029029321436700,6.257436767578125,-0.790086567401886,0.31364041566848755,-1.0127472877502441
1790029029331477000,6.26747705078125,-0.6009446382522583,-0.6560112833976746,-1.1994950771331787
1790029029421717500,6.357717529296875,0.090979665517807,0.6009446382522583,0.7110779285430908
1790029029431727400,6.367727294921875,-0.44771572947502136,1.2282254695892334,-0.849941611289978
1790029029441737000,6.377737060546875,-1.0654197931289673,0.8667010068893433,-1.6711528301239014
1790029029451746800,6.387746826171875,-1.403002142906189,0.3663128614425659,-1.2186486721038818
1790029029461787100,6.397787109375,-1.2473790645599365,-0.014365210197865963,-0.17477671802043915
1790029029471797000,6.407796875,-0.706289529800415,-0.395043283700943,0.790086567401886
1790029029481806600,6.417806640625,-0.1388636976480484,0.6536170840263367,-0.13407529890537262
1790029029491847000,6.427846923828125,-0.49559974670410156,0.9050082564353943,-1.8602946996688843
1790029029501856800,6.437856689453125,-1.2737152576446533,0.5434837937355042,-2.276885747909546
1790029029511897000,6.44789697265625,-1.9033904075622559,0.7398083209991455,-2.22660756111145
1790029029521906700,6.45790673828125,-1.86508309841156,1.7381904125213623,-1.7381904125213623
1790029029531947000,6.467947021484375,-1.1683704853057861,2.1092917919158936,-1.036689281463623
1790029029541956900,6.477956787109375,-0.22266076505184174,2.0374655723571777,0.272938996553421
1790029029551997200,6.4879970703125,0.05267243832349777,1.1204863786697388,0.3711012601852417
1790029029572016600,6.5080166015625,-0.6823474764823914,0.33039984107017517,-2.142810583114624
1790029029582057000,6.518056884765625,-1.0127472877502441,0.6631938815116882,-1.721431016921997
1790029029592066600,6.528066650390625,-0.42377370595932007,0.7038952708244324,-1.4077905416488647
1790029029602107000,6.53810693359375,0.4884171485900879,1.359906554222107,-0.3280056416988373
1790029029612116700,6.54811669921875,0.19153612852096558,1.6639702320098877,-0.002394201699644327
1790029029622157000,6.558156982421875,-0.6057330369949341,1.5322890281677246,0.3232172429561615
1790029029632166700,6.568166748046875,-1.1492167711257935,1.158793568611145,-0.07182604819536209
1790029029712366800,6.648366943359375,-1.070208191871643,1.0534487962722778,1.2665326595306396
1790029029722407200,6.6584072265625,-0.23942017555236816,1.2330138683319092,0.15083470940589905
1790029029742427000,6.678427001953125,-0.811634361743927,1.922544002532959,-0.8331822156906128
1790029029752436500,6.6884365234375,-1.4269442558288574,2.030282974243164,-0.26575639843940735
1790029029812647700,6.748647705078125,-0.9457096457481384,1.8555063009262085,-2.0901381969451904
1790029029822688000,6.75868798828125,-0.6991068720817566,1.194706678390503,-1.1899182796478271
1790029029832697900,6.76869775390625,-0.16998831927776337,1.0247182846069336,-0.3471592366695404
1790029029842738200,6.77873828125,0.33039984107017517,0.7254431247711182,0.2777273952960968
1790029029852747800,6.788747802734375,0.8427590131759644,1.5873557329177856,-0.21547815203666687
1790029029862788000,6.7987880859375,0.667982280254364,1.721431016921997,-1.1803414821624756
1790029029872798000,6.8087978515625,0.2346317619085312,1.9728221893310547,-1.403002142906189
1790029029892817400,6.8288173828125,-0.47165772318840027,1.6352397203445435,-0.6440402865409851
1790029029912928500,6.848928466796875,-0.12928688526153564,-0.3711012601852417,0.5099649429321289
1790029029922938400,6.8589384765625,1.6496049165725708,0.27054479718208313,1.0247182846069336
1790029029932948000,6.868947998046875,2.207453966140747,1.6352397203445435,-1.1420341730117798
1790029029942957800,6.878957763671875,1.039083480834961,1.8363527059555054,-2.6024973392486572
1790029029952967700,6.8889677734375,-0.43335050344467163,2.4396915435791016,-2.4157495498657227
1790029029962977300,6.898977294921875,-1.0127472877502441,2.406172752380371,-1.8387469053268433
1790029029973017600,6.909017578125,-0.8595184087753296,2.0661959648132324,-1.0821791887283325
1790029030013087200,6.949087158203125,1.2641384601593018,0.6488286852836609,-0.6631938815116882
1790029030033168000,6.96916796875,2.03507137298584,2.449268341064453,-3.0382418632507324
1790029030043208000,6.9792080078125,0.4405331015586853,2.408566951751709,-3.0166940689086914
1790029030053217800,6.9892177734375,-1.1180921792984009,1.6280571222305298,-1.4700398445129395
1790029030063258000,6.999258056640625,-1.4245500564575195,0.8523358106613159,0.0694318488240242
1790029030073268000,7.00926806640625,-0.8092401623725891,-0.028730420395731926,0.6607996821403503
1790029030083277600,7.019277587890625,0.2585737705230713,-0.9026140570640564,0.7924807667732239
1790029030093287400,7.029287353515625,1.1779472827911377,-0.7972691655158997,-0.5123591423034668
1790029030103297000,7.039297119140625,0.9648633003234863,-0.706289529800415,-1.5658079385757446
1790029030123347200,7.05934716796875,-0.4405331015586853,0.646434485912323,-1.5107412338256836
1790029030153437400,7.0894375,-0.22505496442317963,-0.6320692300796509,0.9193734526634216
1790029030183466800,7.119466796875,0.272938996553421,0.2561795711517334,-1.5418659448623657
1790029030193476600,7.1294765625,-0.42856210470199585,0.5147533416748047,-1.522712230682373
1790029030213496000,7.14949609375,-0.23942017555236816,0.3902548849582672,0.27054479718208313
1790029030223506000,7.159505859375,0.5195417404174805,0.2753331959247589,-0.5339069962501526
1790029030243555800,7.179555908203125,0.6248866319656372,0.7038952708244324,-1.3335703611373901
1790029030253565700,7.189565673828125,-0.021547814831137657,1.139639973640442,-1.987187385559082
1790029030263606000,7.19960595703125,-0.49320554733276367,1.2018892765045166,-2.142810583114624
1790029030273646300,7.209646240234375,-0.24420857429504395,0.4141969084739685,-0.8762778043746948
1790029030283656000,7.219656005859375,0.6488286852836609,0.40940847992897034,0.26336219906806946
1790029030343806200,7.27980615234375,0.15083470940589905,-0.44532153010368347,-1.556231141090393
1790029030353816000,7.289816162109375,-0.33997663855552673,-0.40462008118629456,-1.1803414821624756
1790029030383845000,7.31984521484375,1.01753568649292,-0.8667010068893433,1.7334020137786865
1790029030423914800,7.359914794921875,-0.028730420395731926,-0.5219359993934631,-1.3958195447921753
1790029030433955000,7.369955078125,-0.5195417404174805,-0.8020575642585754,-0.3423708379268646
1790029030443995400,7.379995361328125,-0.6200982332229614,-0.727837324142456,0.5817909836769104
1790029030484034600,7.42003466796875,0.35913026332855225,-0.7757213711738586,0.11971008777618408
1790029030514094300,7.45009423828125,0.24899697303771973,-0.6272808313369751,0.23942017555236816
1790029030534113800,7.47011376953125,0.8188169598579407,-0.7038952708244324,1.9057846069335938
1790029030584223700,7.5202236328125,1.2114660739898682,0.4572925269603729,0.6200982332229614
1790029030604273700,7.540273681640625,0.6392518281936646,-0.11971008777618408,1.3623007535934448
1790029030624293000,7.560293212890625,0.35913026332855225,-0.35913026332855225,1.0007762908935547
1790029030634333400,7.57033349609375,0.40940847992897034,-0.13407529890537262,0.13407529890537262
1790029030644343300,7.58034326171875,0.5171475410461426,-0.11252748221158981,-0.7541735172271729
1790029030654353200,7.590353271484375,0.5147533416748047,-0.2968810200691223,-0.6416460275650024
1790029030664424000,7.600423828125,0.5961562395095825,-0.38067805767059326,0.07182604819536209
1790029030674433500,7.61043359375,0.5578489899635315,-0.10295066982507706,0.22505496442317963
1790029030684443400,7.620443359375,0.5147533416748047,0.08858546614646912,0.5554547905921936
1790029030694422500,7.630422607421875,0.4165911078453064,-0.1149216815829277,0.6200982332229614
1790029030704462800,7.640462890625,0.47884035110473633,-0.2106897532939911,0.16519992053508759
1790029030714472700,7.65047265625,0.6512228846549988,-0.706289529800415,0.19393034279346466
1790029030724482600,7.660482666015625,0.7757213711738586,-0.8619126081466675,0.849941611289978
1790029030744532500,7.680532470703125,1.0319008827209473,-0.023942016065120697,0.20350714027881622
1790029030754542300,7.690542236328125,1.194706678390503,0.181959331035614,0.26336219906806946
1790029030784571600,7.720571533203125,0.035913024097681046,-0.45010992884635925,1.1540051698684692
1790029030794581200,7.730581298828125,-0.17717093229293823,-0.395043283700943,0.26336219906806946
1790029030814631400,7.75063134765625,0.4668693244457245,-0.07422025501728058,-0.5674257874488831
1790029030824702200,7.7607021484375,0.5410895943641663,0.05985504388809204,-0.524330198764801
1790029030844752100,7.780752197265625,0.2082955539226532,0.047884032130241394,-0.07900865375995636
1790029030854731500,7.7907314453125,0.3447650372982025,0.06224924325942993,0.17956513166427612
1790029030864771800,7.800771728515625,0.4836287498474121,0,0.14604631066322327
1790029030874781400,7.810781494140625,0.6248866319656372,-0.15322890877723694,0.1628057211637497
1790029030894831600,7.83083154296875,0.5746083855628967,-0.5219359993934631,0
1790029030914942700,7.850942626953125,0.5530605912208557,-0.011971008032560349,0.9361328482627869
1790029030924983000,7.860983154296875,0.5051765441894531,0.3471592366695404,0.29209262132644653
1790029030934962200,7.870962158203125,0.871489405632019,0.7086837291717529,0.14365209639072418
1790029030945002500,7.88100244140625,1.1563993692398071,1.0438719987869263,0.043095629662275314
1790029030955042800,7.891042724609375,0.9792284965515137,0.6775590777397156,0.3974374830722809
1790029030965052400,7.901052490234375,0.5267243981361389,-0.33279404044151306,1.2258312702178955
1790029030975092700,7.9110927734375,0.05267243832349777,-1.292868971824646,1.8986018896102905
1790029030985102600,7.9211025390625,-0.09816227108240128,-1.460463047027588,1.4891934394836426
1790029030995112400,7.931112548828125,0.272938996553421,-0.9265560507774353,0.26575639843940735
1790029031005122000,7.9411220703125,0.8690952062606812,-0.5530605912208557,0.4189853072166443
1790029031015132000,7.9511318359375,0.9576807022094727,-0.5650315880775452,0.6248866319656372
1790029031025172200,7.961172119140625,0.9911994934082031,-0.6105214357376099,0.7757213711738586
1790029031035181800,7.971181884765625,0.689530074596405,-0.4141969084739685,1.0989385843276978
1790029031045191700,7.981191650390625,0.4836287498474121,-0.2537853717803955,1.2449848651885986
1790029031055232000,7.99123193359375,0.3663128614425659,-0.24181437492370605,1.0558429956436157
1790029031065241600,8.00124169921875,0.38546648621559143,-0.37828385829925537,1.2761094570159912
1790029031075312600,8.011312744140625,0.5937620401382446,-0.22266076505184174,1.137245774269104
1790029031085322200,8.021322265625,0.5578489899635315,-0.23702596127986908,0.9169792532920837
1790029031095362600,8.031362548828126,0.23702596127986908,-0.6057330369949341,0.9002198576927185
1790029031105403000,8.04140283203125,-0.021547814831137657,-0.689530074596405,0.950498104095459
1790029031115412700,8.051412841796875,-0.15322890877723694,-0.7134721279144287,0.828393816947937
1790029031125392000,8.061391845703126,-0.15801730751991272,-0.7230489253997803,0.5937620401382446
1790029031135432200,8.07143212890625,-0.2106897532939911,-0.6991068720817566,0.629675030708313
1790029031145441800,8.08144189453125,-0.035913024097681046,-0.4429273009300232,0.4644751250743866
1790029031155482000,8.091482177734376,0.004788403399288654,-0.23702596127986908,0.7972691655158997
1790029031165492000,8.101491943359376,0.040701430290937424,-0.4429273009300232,1.0869675874710083
1790029031175501800,8.111501708984376,-0.3519476354122162,-0.667982280254364,1.3551181554794312
1790029031195551700,8.1315517578125,-0.6272808313369751,-1.3527239561080933,0.9744400978088379
1790029031255671300,8.19167138671875,-0.09816227108240128,-1.3000515699386597,2.032677173614502
1790029031305811700,8.241811767578126,-1.235408067703247,-1.6208745241165161,1.4676456451416016
1790029031345881300,8.28188134765625,-0.21308395266532898,-1.699883222579956,1.9800047874450684
1790029031416041200,8.352041259765626,-1.8195933103561401,-1.6879122257232666,2.7102363109588623
1790029031486201000,8.422201171875,-1.4939818382263184,-0.5291185975074768,1.1971008777618408
1790029031536311000,8.47231103515625,-0.8738836050033569,-0.7924807667732239,1.0558429956436157
1790029031606532000,8.542531982421876,-1.3886369466781616,-1.4915876388549805,1.1779472827911377
1790029031686701600,8.62270166015625,-0.07422025501728058,-0.993593692779541,-0.35673606395721436
1790029031706751700,8.642751708984376,-0.14844051003456116,-2.0805611610412598,0.2513911724090576
1790029031716761600,8.65276171875,-0.038307227194309235,-2.6001031398773193,1.9153614044189453
1790029031756861700,8.69286181640625,2.0231003761291504,1.9105730056762695,0.8690952062606812
1790029031786891000,8.72289111328125,-1.7142484188079834,-1.2306196689605713,-0.07182604819536209
1790029031817011700,8.75301171875,-2.4229321479797363,-0.1867477297782898,-3.004723072052002
1790029031837092400,8.77309228515625,-1.4293384552001953,0.9528923034667969,-0.7972691655158997
1790029031847132700,8.783132568359376,-1.4221558570861816,0.29209262132644653,-0.5937620401382446
1790029031877192400,8.8131923828125,-0.4668693244457245,-1.4508862495422363,0.912190854549408
1790029031907374300,8.843374267578126,-1.0271124839782715,0.7996633648872375,-2.913743495941162
1790029031937403600,8.873403564453126,-0.4429273009300232,-1.137245774269104,0.6607996821403503
1790029031967433000,8.903432861328126,0.090979665517807,-0.751779317855835,-0.3064578175544739
1790029031997462300,8.933462158203126,-2.87064790725708,1.0965443849563599,-0.5386953949928284
1790029032017542700,8.953542724609376,-2.8802247047424316,1.656787633895874,0.24660277366638184
1790029032037562400,8.973562255859376,-2.7700912952423096,0.7541735172271729,-0.2513911724090576
1790029032047602700,8.983602783203125,-1.4413094520568848,1.01753568649292,-0.48602294921875
1790029032057642800,8.993642822265626,-1.0223240852355957,1.338358759880066,-1.580173134803772
1790029032067652600,9.003652587890626,-1.9776105880737305,1.3407529592514038,-1.5753847360610962
1790029032077723400,9.013723388671876,-2.4851813316345215,1.479616641998291,-0.3974374830722809
1790029032087733200,9.023733154296876,-1.8770540952682495,2.3295583724975586,-0.6727706789970398
1790029032117884700,9.053884765625,-0.6200982332229614,2.3702597618103027,0.033518824726343155
1790029032127924700,9.0639248046875,-0.7613561153411865,2.8179752826690674,0.10534487664699554
1790029032137934600,9.0739345703125,-0.9313444495201111,2.499546527862549,-0.14844051003456116
1790029032157984800,9.09398486328125,0.4189853072166443,2.693476915359497,0.3256114423274994
1790029032167994400,9.103994384765626,0.37828385829925537,2.918531894683838,-0.5195417404174805
1790029032178004200,9.114004150390626,-0.06464344263076782,2.561795711517334,-1.0319008827209473
1790029032188044500,9.12404443359375,-0.3280056416988373,2.691082715988159,-1.0271124839782715
1790029032198023700,9.134023681640626,-0.44532153010368347,3.179499864578247,-1.1803414821624756
1790029032248194600,9.184194580078126,0.5315127968788147,3.177105665206909,-1.7573440074920654
1790029032268244700,9.20424462890625,0.3902548849582672,2.8107926845550537,-1.3431471586227417
1790029032278254300,9.21425439453125,-0.023942016065120697,2.736572504043579,-0.9959878921508789
1790029032288264200,9.22426416015625,0.12449848651885986,1.8986018896102905,-0.05267243832349777
1790029032308344800,9.2443447265625,0.507570743560791,2.4013843536376953,-1.6496049165725708
1790029032358454500,9.29445458984375,-0.38307225704193115,1.5969325304031372,0.10295066982507706
1790029032418574300,9.35457421875,-0.6177040338516235,2.6886885166168213,-2.7054479122161865
1790029032428584000,9.364583984375,-1.3335703611373901,2.8179752826690674,-2.671929121017456
1790029032438593800,9.37459375,-1.6615760326385498,1.1013327836990356,-2.140416383743286
1790029032468684000,9.40468408203125,0.27054479718208313,-0.4429273009300232,0.7757213711738586
1790029032478694000,9.41469384765625,1.7741034030914307,0.0071826050989329815,-0.9481038451194763
1790029032488734200,9.424734130859376,2.3702597618103027,1.3287819623947144,-2.5091233253479004
1790029032538874600,9.47487451171875,-0.7422025203704834,-2.363077163696289,2.011129379272461
1790029032548884200,9.48488427734375,1.2761094570159912,-2.1045033931732178,0.9097966551780701
1790029032558924500,9.494924560546876,2.248155355453491,-1.036689281463623,-1.601720929145813
1790029032568904000,9.504904052734375,1.6041151285171509,0.6153098344802856,-3.9169139862060547
1790029032578944000,9.514944091796876,-0.7398083209991455,2.1284453868865967,-4.537012100219727
1790029032588953900,9.524953857421876,-3.0310592651367188,2.2840683460235596,-3.0334534645080566
1790029032598994200,9.534994140625,-3.6296098232269287,0.6823474764823914,0.16759411990642548
1790029032608973300,9.544973388671876,-2.279279947280884,-1.6974890232086182,3.07415509223938
1790029032619013600,9.555013671875,0.3471592366695404,-2.4588451385498047,3.268085241317749
1790029032639094300,9.57509423828125,1.9512743949890137,-0.47165772318840027,-3.584120035171509
1790029032649073400,9.585073486328126,-0.05267243832349777,1.0797849893569946,-4.218583583831787
1790029032659144200,9.595144287109376,-1.482010841369629,0.569819986820221,-1.8387469053268433
1790029032669184500,9.6051845703125,-1.1061211824417114,0.19153612852096558,1.01753568649292
1790029032679194400,9.6151943359375,0.31124621629714966,-0.6584054827690125,2.5115175247192383
1790029032689234700,9.625234619140626,1.3718775510787964,-1.194706678390503,3.0406360626220703
1790029032699305500,9.635305419921876,1.5634137392044067,-1.0079588890075684,3.004723072052002
1790029032709284600,9.64528466796875,0.6607996821403503,-0.1604115068912506,1.2114660739898682
1790029032719355400,9.65535546875,-0.33758243918418884,-0.14844051003456116,-1.0127472877502441
1790029032729365200,9.665365234375,-0.6560112833976746,0.8379706144332886,-2.626439332962036
1790029032739405600,9.675405517578126,-0.6129156351089478,0.727837324142456,-3.050212860107422
1790029032769495800,9.705495849609376,1.9512743949890137,-0.5003881454467773,2.535459518432617
1790029032789546000,9.7255458984375,2.9472622871398926,0.31124621629714966,-0.05506663769483566
1790029032859644700,9.795644775390626,1.0630255937576294,-0.8930372595787048,1.161187767982483
1790029032879725300,9.815725341796876,0.4381389021873474,-0.2513911724090576,-1.192312479019165
1790029032889735200,9.825735107421876,0.5099649429321289,-0.38307225704193115,-1.1899182796478271
1790029032899744800,9.835744873046876,0.751779317855835,-0.6584054827690125,0.5506663918495178
1790029032909754600,9.845754638671876,1.2761094570159912,-0.9409212470054626,1.699883222579956
1790029032919764500,9.855764404296876,1.6424223184585571,-0.6272808313369751,2.6408045291900635
1790029032939814400,9.875814453125,0.727837324142456,-0.608127236366272,1.7190368175506592
1790029032959834000,9.895834228515625,0.10773907601833344,-0.9696516990661621,0.2968810200691223
1790029032969843700,9.90584375,-0.17717093229293823,-1.1037269830703735,0.5961562395095825
1790029032979884000,9.915884033203126,-0.33039984107017517,-1.3766659498214722,1.2976573705673218
1790029032989894000,9.925893798828126,-0.27054479718208313,-1.2258312702178955,1.8267759084701538
1790029032999903500,9.935903564453126,0.016759412363171577,-0.6847416758537292,1.3287819623947144
1790029033050044000,9.9860439453125,0.2585737705230713,-0.8355764150619507,-0.1867477297782898
1790029033060053800,9.9960537109375,-0.1412578970193863,-0.6847416758537292,1.0079588890075684
1790029033070094000,10.006093994140626,-0.45489832758903503,-0.7422025203704834,1.0606313943862915
1790029033080103700,10.016103759765626,-0.21787235140800476,-0.8212111592292786,-0.24420857429504395
1790029033150263800,10.086263916015625,1.359906554222107,0.4118026793003082,2.027888774871826
1790029033220454100,10.1564541015625,0.44532153010368347,-0.689530074596405,1.1899182796478271
1790029033240504000,10.176504150390626,-0.040701430290937424,-0.06703764945268631,0.8044517636299133
1790029033250544400,10.18654443359375,0.3447650372982025,0.10534487664699554,0.3016694188117981
1790029033260584700,10.196584716796876,0.8427590131759644,-0.5650315880775452,0.6799532771110535
1790029033270594600,10.206594482421876,0.871489405632019,-0.5339069962501526,0.9816226959228516
1790029033300715300,10.23671533203125,0.6536170840263367,-0.6129156351089478,1.0127472877502441
1790029033310725000,10.24672509765625,0.5913678407669067,-0.2537853717803955,0.3974374830722809
1790029033320735000,10.25673486328125,0.7182605266571045,-0.12928688526153564,-0.4189853072166443
1790029033330775300,10.266775390625,0.6129156351089478,-0.24899697303771973,-0.1843535304069519
1790029033340785000,10.276784912109376,0.11013327538967133,-0.08140286058187485,0.4118026793003082
1790029033350794800,10.286794677734376,-0.10055647045373917,-0.2777273952960968,0.5363011956214905
1790029033380915500,10.31691552734375,0.11971008777618408,-0.9648633003234863,1.3838485479354858
1790029033441096200,10.37709619140625,-0.4644751250743866,-0.706289529800415,0.9792284965515137
1790029033451106000,10.38710595703125,-0.6368576288223267,-0.646434485912323,0.6392518281936646
1790029033461115600,10.39711572265625,-0.6919242739677429,-0.9289502501487732,0.090979665517807
1790029033471125500,10.40712548828125,-0.689530074596405,-0.9361328482627869,-0.011971008032560349
1790029033491175700,10.42717578125,-1.137245774269104,-0.31364041566848755,-0.004788403399288654
1790029033501185300,10.437185302734376,-1.3024457693099976,-0.3280056416988373,0.2537853717803955
1790029033521266000,10.457265869140626,-1.2306196689605713,-1.0678139925003052,0.30885201692581177
1790029033541346600,10.4773466796875,-1.0295066833496094,-1.3335703611373901,0.9600749015808105
1790029033561427000,10.497427001953126,-0.8690952062606812,-1.534683346748352,2.123656988143921
1790029033571467300,10.50746728515625,-0.8451532125473022,-1.525106430053711,2.655169725418091
1790029033581538000,10.5175380859375,-0.7781155705451965,-1.2186486721038818,2.5929205417633057
1790029033591548000,10.5275478515625,-0.751779317855835,-1.5083470344543457,2.5665841102600098
1790029033601618700,10.53761865234375,-0.6607996821403503,-1.5322890281677246,2.363077163696289
1790029033611628500,10.547628662109375,-0.14365209639072418,-1.094150185585022,1.7525556087493896
1790029033621668600,10.557668701171876,0.3471592366695404,-1.2090718746185303,2.185906171798706
1790029033641718800,10.57771875,-0.24420857429504395,-1.9919757843017578,3.375824451446533
1790029033651728600,10.587728759765625,-0.6177040338516235,-2.360682964324951,3.754108190536499
1790029033661768700,10.597768798828126,-0.4908113479614258,-1.845929503440857,3.490746021270752
1790029033671778600,10.607778564453126,-0.2825157940387726,-1.3551181554794312,2.9017724990844727
1790029033691859200,10.627859130859376,-0.45010992884635925,-1.3527239561080933,2.3367409706115723
1790029033701930000,10.637929931640626,-0.933738648891449,-1.6184803247451782,1.9776105880737305
1790029033712000800,10.648000732421876,-1.2114660739898682,-1.434126853942871,1.4987702369689941
1790029033722010600,10.6580107421875,-1.316810965538025,-1.403002142906189,1.5275006294250488
1790029033732081400,10.668081298828126,-1.0869675874710083,-1.2976573705673218,0.6727706789970398
1790029033742121700,10.678121826171875,-0.9050082564353943,-0.8619126081466675,0.6272808313369751
1790029033752161800,10.688161865234376,-0.7661445140838623,-1.4915876388549805,1.601720929145813
1790029033762171600,10.698171630859376,-0.8403648138046265,-1.5155296325683594,2.078166961669922
1790029033772212000,10.7082119140625,-1.1204863786697388,-1.290474772453308,1.2617442607879639
1790029033802271700,10.738271728515626,-0.3711012601852417,-0.31364041566848755,-0.5961562395095825
1790029033812342500,10.748342529296876,-0.15322890877723694,-0.26815059781074524,-0.0933738648891449
1790029033822382800,10.7583828125,-0.09576806426048279,-0.5746083855628967,1.0845733880996704
1790029033842463500,10.77846337890625,0.2992752194404602,-0.751779317855835,2.4133553504943848
1790029033852473000,10.78847314453125,0.026336219161748886,-0.5650315880775452,2.1475989818573
1790029033862513400,10.798513427734376,-0.38307225704193115,-1.0127472877502441,1.3623007535934448
1790029033922785800,10.858785888671875,-0.8619126081466675,0.17956513166427612,-0.4357447028160095
1790029033932825900,10.868825927734376,-1.0462661981582642,-0.12449848651885986,0.38307225704193115
1790029033942835700,10.878835693359376,-1.4724340438842773,-1.3431471586227417,1.8579005002975464
1790029033952845600,10.888845458984376,-1.7717092037200928,-1.6160861253738403,1.9153614044189453
1790029033962855200,10.898855224609376,-1.4676456451416016,-0.2753331959247589,-0.6368576288223267
1790029033972895500,10.9088955078125,-0.9002198576927185,-0.9911994934082031,-0.7637503147125244
1790029033992915000,10.9289150390625,-1.0749965906143188,0.2968810200691223,-0.18914192914962769
1790029034002924800,10.9389248046875,-1.2258312702178955,0.33279404044151306,0.272938996553421
1790029034012934700,10.9489345703125,-0.7015010714530945,-0.13168109953403473,0.19393034279346466
1790029034023005400,10.95900537109375,-0.768538773059845,-0.4189853072166443,0.689530074596405
1790029034033015000,10.96901513671875,-1.2641384601593018,-1.4197616577148438,1.1516109704971313
1790029034043025000,10.97902490234375,-1.2090718746185303,-2.1715409755706787,-0.4357447028160095
1790029034053065200,10.989065185546876,-0.6799532771110535,-1.434126853942871,-2.1499931812286377
1790029034063136000,10.999135986328126,-0.6655880808830261,0.3758896589279175,-3.021482467651367
1790029034133326300,11.069326416015626,0.6488286852836609,-1.886630892753601,0.7445967197418213
1790029034203486500,11.139486572265625,0.33039984107017517,-0.7829039692878723,1.4293384552001953
1790029034223506000,11.159505859375,0.6320692300796509,0.7445967197418213,-0.21547815203666687
1790029034233546200,11.169546142578126,-0.17956513166427612,0.7589619159698486,-1.6424223184585571
1790029034243555800,11.179555908203126,-0.47644615173339844,-0.5315127968788147,-1.6328455209732056
1790029034263606000,11.19960595703125,-0.4596867263317108,1.601720929145813,-1.0199298858642578
1790029034273646300,11.209646240234376,-0.8834604024887085,1.1252747774124146,-0.5171475410461426
1790029034283656000,11.219656005859376,-1.0797849893569946,0.4405331015586853,-0.5051765441894531
1790029034293665800,11.229665771484376,-0.9696516990661621,-0.016759412363171577,-0.363918662071228
1790029034343775700,11.279775634765626,-0.22744916379451752,2.365471363067627,-0.7541735172271729
1790029034403956200,11.339956298828126,-0.49320554733276367,0.3974374830722809,-0.9720458984375
1790029034413966000,11.349966064453126,-1.1540051698684692,1.2473790645599365,-1.3958195447921753
1790029034474085600,11.410085693359376,-0.42616790533065796,0.545877993106842,0.16998831927776337
1790029034564295700,11.500295654296876,-0.3064578175544739,1.4197616577148438,0.23702596127986908
1790029034594355500,11.53035546875,0.019153613597154617,1.8195933103561401,-1.1444283723831177
1790029034634425000,11.570425048828126,0.5722141861915588,2.5737667083740234,-1.0223240852355957
1790029034694544600,11.630544677734376,-0.05506663769483566,0.8236053586006165,-0.3232172429561615
1790029034704585000,11.6405849609375,0.31603461503982544,0.7972691655158997,-0.9768342971801758
1790029034714625300,11.650625244140626,0.3423708379268646,1.436521053314209,-2.10210919380188
1790029034724635100,11.66063525390625,-0.06464344263076782,1.5203180313110352,-2.185906171798706
1790029034734706000,11.670705810546876,-0.15562310814857483,1.4077905416488647,-1.335964560508728
1790029034744746200,11.680746337890625,-0.035913024097681046,1.41257905960083,-0.6129156351089478
1790029034804896300,11.740896240234376,1.1204863786697388,-0.38546648621559143,-1.5729905366897583
1790029034814906000,11.750906005859376,1.259350061416626,0.4189853072166443,-1.8770540952682495
1790029034824946400,11.760946533203125,0.8978256583213806,1.3431471586227417,-1.7166426181793213
1790029034865077000,11.801076904296876,-0.8140285611152649,-0.44771572947502136,0.21308395266532898
1790029034905177000,11.841177001953126,0.33518823981285095,0.15562310814857483,-0.7948749661445618
1790029034915186700,11.851186767578126,-0.07182604819536209,0.4213795065879822,-0.31842881441116333
1790029034945246700,11.881246826171875,0.8738836050033569,0.272938996553421,-1.0989385843276978
1790029034955286800,11.891286865234376,0.6727706789970398,-0.15562310814857483,-1.292868971824646
1790029034965357600,11.901357666015626,0.49799394607543945,-0.15801730751991272,-1.501164436340332
1790029034985407700,11.92140771484375,0.7398083209991455,-0.8355764150619507,0.8475474119186401
1790029034995417600,11.93141748046875,1.3024457693099976,-0.4644751250743866,1.5825673341751099
1790029035005327400,11.941327392578126,1.3239935636520386,-0.4381389021873474,0.6991068720817566
1790029035015398100,11.951398193359376,0.5770025849342346,-0.33279404044151306,-0.1149216815829277
1790029035025438500,11.9614384765625,-0.19393034279346466,-0.5793967843055725,-1.3120225667953491
1790029035035448000,11.971447998046875,-0.3902548849582672,-1.173158884048462,-2.3104045391082764
1790029035045518800,11.981518798828125,-0.016759412363171577,-1.6687586307525635,-1.8962076902389526
1790029035055528700,11.99152880859375,0.7829039692878723,-1.4628572463989258,-1.0223240852355957
1790029035065538600,12.00153857421875,1.173158884048462,-1.1013327836990356,-0.5746083855628967
1790029035095628800,12.03162890625,-0.21308395266532898,3.8067808151245117,-0.6248866319656372
1790029035105669000,12.041669189453126,-0.8307880163192749,2.073378562927246,0.7805097699165344
1790029035115709400,12.05170947265625,-0.22266076505184174,-0.13407529890537262,1.647210717201233
1790029035125719000,12.061718994140625,1.4101848602294922,-0.7972691655158997,-0.28730419278144836
1790029035135759400,12.07175927734375,2.051830768585205,-0.2561795711517334,-1.9177556037902832
1790029035145769200,12.081769287109376,1.8411411046981812,-0.5027823448181152,-1.4772224426269531
1790029035155778800,12.09177880859375,1.4245500564575195,-0.12210428714752197,-0.4812345504760742
1790029035165788700,12.10178857421875,1.0127472877502441,0.031124621629714966,0.2298433631658554
1790029035175798500,12.111798583984376,0.8020575642585754,-0.1173158809542656,1.4077905416488647
1790029035225908200,12.161908203125,0.19871874153614044,-0.5793967843055725,-0.08379705995321274
1790029035235948500,12.171948486328125,0.33518823981285095,-0.7469909191131592,1.2042834758758545
1790029035245958400,12.18195849609375,0.5554547905921936,-0.6847416758537292,1.3431471586227417
1790029035255968300,12.19196826171875,0.7445967197418213,-0.23702596127986908,0.2849099934101105
1790029035266039000,12.2020390625,0.5554547905921936,-0.4836287498474121,-0.3878606855869293
1790029035276048600,12.212048583984375,0.6057330369949341,-0.4189853072166443,-0.5530605912208557
1790029035286089000,12.2220888671875,0.6823474764823914,0.12449848651885986,-0.7805097699165344
1790029035296098800,12.232098876953126,0.5674257874488831,0.31364041566848755,0
1790029035306108400,12.2421083984375,0.586579442024231,0.24899697303771973,0.8259995579719543
1790029035316118300,12.2521181640625,0.5171475410461426,0.2537853717803955,1.4748282432556152
1790029035326189000,12.26218896484375,0.6751648783683777,0.12689268589019775,1.259350061416626
1790029035346239200,12.2822392578125,1.1994950771331787,-0.49559974670410156,0.3280056416988373
1790029035376299000,12.312299072265626,0.20350714027881622,-0.19632454216480255,-0.6248866319656372
1790029035386308600,12.32230859375,-0.12210428714752197,-0.47884035110473633,0.16759411990642548
1790029035446459000,12.382458984375,0.19153612852096558,-1.115697979927063,0.22026655077934265
1790029035456499200,12.392499267578126,-0.05267243832349777,-1.2449848651885986,0.7469909191131592
1790029035466539500,12.40253955078125,-0.08858546614646912,-0.751779317855835,0.4381389021873474
1790029035476549000,12.412549072265625,0.0933738648891449,-0.6512228846549988,0.26575639843940735
1790029035486559000,12.42255908203125,0.42616790533065796,-1.0103530883789062,0.8762778043746948
1790029035496568800,12.43256884765625,0.7134721279144287,-1.0103530883789062,1.3455413579940796
1790029035506609000,12.44260888671875,1.1492167711257935,-0.38067805767059326,0.5817909836769104
1790029035526628600,12.462628662109376,1.5394717454910278,-0.8427590131759644,0.8427590131759644
1790029035536699400,12.472699462890626,1.1228805780410767,-0.8810662031173706,1.5275006294250488
1790029035546709000,12.482708984375,0.5410895943641663,-0.3663128614425659,1.1994950771331787
1790029035556749300,12.492749267578125,0.38546648621559143,-0.10055647045373917,0.304063618183136
1790029035566759200,12.50275927734375,0.727837324142456,-0.20350714027881622,-0.26575639843940735
1790029035576830000,12.512829833984375,1.237802267074585,-0.5841852426528931,-0.42856210470199585
1790029035606951000,12.542950927734376,0.6775590777397156,-0.6823474764823914,0.13407529890537262
1790029035616960500,12.55296044921875,0.646434485912323,-0.004788403399288654,-0.2777273952960968
1790029035627031300,12.56303125,0.7996633648872375,0.07422025501728058,-0.21787235140800476
1790029035637041200,12.573041259765626,0.7733271718025208,0.026336219161748886,-0.004788403399288654
1790029035647051000,12.583051025390626,0.7445967197418213,-0.0694318488240242,0.2753331959247589
1790029035657091000,12.593091064453125,0.35673606395721436,0.002394201699644327,0.6560112833976746
1790029035667101000,12.603100830078125,0.14365209639072418,-0.004788403399288654,0.524330198764801
1790029035677110800,12.61311083984375,0.2944868206977844,0.10295066982507706,0.21547815203666687
1790029035687151000,12.623151123046876,0.5578489899635315,-0.22505496442317963,0.7158663272857666
1790029035707140000,12.64314013671875,0.4692635238170624,-0.21787235140800476,1.5083470344543457
1790029035717180400,12.653180419921876,0.5602431893348694,-0.22505496442317963,1.9393033981323242
1790029035727220500,12.663220458984375,0.7469909191131592,-0.31364041566848755,2.2433669567108154
1790029035797441500,12.733441650390626,0.304063618183136,-0.23942017555236816,0.7948749661445618
1790029035867631900,12.8036318359375,-0.07661445438861847,-0.6129156351089478,0
1790029035877672200,12.813672119140625,-0.09816227108240128,-0.608127236366272,-0.272938996553421
1790029035887682000,12.82368212890625,0.026336219161748886,-0.5674257874488831,-0.6177040338516235
1790029035897722400,12.833722412109376,0.12449848651885986,-0.47405192255973816,-0.6129156351089478
1790029035927751700,12.863751708984376,-0.10773907601833344,-0.8044517636299133,0.9959878921508789
1790029035937822500,12.873822509765626,-0.3256114423274994,-0.6775590777397156,1.3527239561080933
1790029035947832000,12.88383203125,-0.19153612852096558,-0.6488286852836609,1.237802267074585
1790029035957872400,12.893872314453125,-0.016759412363171577,-1.1420341730117798,1.41257905960083
1790029035967912700,12.90391259765625,0.07661445438861847,-1.5466543436050415,1.7836803197860718
1790029035977922600,12.913922607421876,-0.0454898327589035,-1.403002142906189,1.944091796875
1790029035987932200,12.92393212890625,-0.08858546614646912,-1.2210428714752197,2.3487119674682617
1790029035997942000,12.93394189453125,-0.1867477297782898,-1.2641384601593018,2.5450363159179688
1790029036028001800,12.964001708984375,-0.629675030708313,-1.4939818382263184,3.064578056335449
1790029036068102000,13.004101806640625,-1.0319008827209473,-1.4197616577148438,2.52109432220459
1790029036078111700,13.01411181640625,-1.0199298858642578,-1.2090718746185303,2.626439332962036
1790029036108202000,13.044201904296875,-0.16998831927776337,-0.5793967843055725,1.4676456451416016
1790029036178331400,13.114331298828125,-1.7286136150360107,-1.8148049116134644,2.1045033931732178
1790029036198350800,13.134350830078125,-2.166752576828003,-1.3503297567367554,1.968033790588379
1790029036218401000,13.154401123046876,-2.2601263523101807,-1.5705963373184204,0.24181437492370605
1790029036228411000,13.164410888671876,-2.7485435009002686,-1.7070658206939697,0.26575639843940735
1790029036238420500,13.17442041015625,-3.004723072052002,-1.280897855758667,0.2825157940387726
1790029036248430300,13.184430419921876,-2.628833532333374,-0.6488286852836609,0.08619125932455063
1790029036278490000,13.214489990234375,-1.3527239561080933,-1.137245774269104,2.4420857429504395
1790029036308580400,13.244580322265625,0.23942017555236816,-0.09816227108240128,0.7038952708244324
1790029036318620700,13.25462060546875,0.5578489899635315,0.10055647045373917,0.6871358752250671
1790029036328630500,13.264630615234376,0.1604115068912506,-0.12210428714752197,0.9911994934082031
1790029036338670800,13.2746708984375,0.004788403399288654,-0.17477671802043915,1.0247182846069336
1790029036348680400,13.284680419921875,0.16998831927776337,-0.038307227194309235,0.5386953949928284
1790029036358720800,13.294720703125,0.45010992884635925,-0.15083470940589905,0.5746083855628967
1790029036388750000,13.32475,-0.8044517636299133,-0.028730420395731926,0.6871358752250671
1790029036398790400,13.334790283203125,-0.4836287498474121,0.10773907601833344,0.181959331035614
1790029036408800300,13.34480029296875,-0.040701430290937424,-1.2521674633026123,0.9097966551780701
1790029036428819700,13.36481982421875,-0.8188169598579407,-0.6368576288223267,1.460463047027588
1790029036438860000,13.374860107421876,-1.1468225717544556,0.4165911078453064,-0.08379705995321274
1790029036448869600,13.38486962890625,-0.8044517636299133,-0.2082955539226532,0.5674257874488831
1790029036458879500,13.39487939453125,-0.3974374830722809,-0.5410895943641663,0.7733271718025208
1790029036468889300,13.404889404296876,-0.4381389021873474,-0.751779317855835,0.5434837937355042
1790029036478929700,13.4149296875,-0.38307225704193115,-1.1180921792984009,1.015141487121582
1790029036488939300,13.424939208984375,-0.019153613597154617,-1.216254472732544,1.8339585065841675
1790029036498979600,13.4349794921875,0.038307227194309235,0.0071826050989329815,0.8810662031173706
1790029036508989400,13.444989501953126,-0.05027823522686958,0.44532153010368347,-1.0989385843276978
1790029036519029800,13.45502978515625,-0.040701430290937424,0.3519476354122162,-2.3702597618103027
1790029036539049200,13.47504931640625,-0.4812345504760742,-1.455674648284912,0.5410895943641663
1790029036549059000,13.48505908203125,-0.6416460275650024,-0.5985504388809204,0.8236053586006165
1790029036559038200,13.4950380859375,-0.5434837937355042,0.33039984107017517,-0.49559974670410156
1790029036569048000,13.505048095703126,-0.507570743560791,1.0414776802062988,-2.6886885166168213
1790029036589128400,13.52512841796875,-0.5913678407669067,-0.3471592366695404,-0.9433154463768005
1790029036619157800,13.55515771484375,-0.1364694982767105,0.31124621629714966,-1.678335428237915
1790029036639177500,13.575177490234376,-0.4429273009300232,0.1412578970193863,-1.1516109704971313
1790029036649217500,13.585217529296875,-0.45489832758903503,-0.019153613597154617,0.4908113479614258
1790029036689348400,13.625348388671876,-0.2825157940387726,0.35913026332855225,-0.8858546018600464
1790029036719377700,13.655377685546876,0.7829039692878723,0.6943184733390808,-0.4908113479614258
1790029036759477800,13.695477783203126,-1.9033904075622559,0.6607996821403503,-1.1300631761550903
1790029036779558100,13.71555810546875,-0.6272808313369751,-0.38307225704193115,-1.0606313943862915
1790029036789568000,13.725568115234376,-0.40462008118629456,0.6488286852836609,-1.3742717504501343
1790029036819627800,13.755627685546875,-2.0614075660705566,0.768538773059845,-0.5770025849342346
1790029036829668000,13.765668212890626,-0.9457096457481384,1.3287819623947144,-0.21308395266532898
1790029036839678000,13.775677978515626,-0.8858546018600464,1.1348515748977661,-1.0869675874710083
1790029036849687600,13.7856875,-1.7860745191574097,0.9074024558067322,-0.9576807022094727
1790029036859728000,13.795727783203125,-1.9105730056762695,1.7477672100067139,-1.070208191871643
1790029036869737700,13.80573779296875,-1.6496049165725708,1.6879122257232666,-1.414973258972168
1790029036879747300,13.815747314453125,-1.036689281463623,1.2425906658172607,-0.8403648138046265
1790029036919847400,13.855847412109375,-1.45806884765625,1.4939818382263184,0.3064578175544739
1790029036929887700,13.8658876953125,-1.235408067703247,1.0319008827209473,0.6847416758537292
1790029036939897600,13.875897705078126,-0.9217676520347595,1.094150185585022,0.7924807667732239
1790029036990068500,13.926068359375,0.44771572947502136,1.5275006294250488,-0.4405331015586853
1790029037040239400,13.9762392578125,0.9744400978088379,3.5434184074401855,-0.24420857429504395
1790029037090349300,14.026349365234376,0.2082955539226532,1.9488801956176758,-0.4572925269603729
1790029037100359000,14.03635888671875,0.009576806798577309,2.056619167327881,-0.31842881441116333
1790029037110368800,14.04636865234375,0.14844051003456116,1.802833914756775,0.038307227194309235
1790029037120378600,14.056378662109376,0.2513911724090576,1.7860745191574097,0.10773907601833344
1790029037130388200,14.06638818359375,0.09816227108240128,1.7070658206939697,-0.6344634294509888
1790029037140428500,14.076428466796875,-0.10534487664699554,1.6184803247451782,-1.3048399686813354
1790029037150438400,14.0864384765625,-0.38307225704193115,1.2617442607879639,-1.455674648284912
1790029037170519000,14.10651904296875,-0.6727706789970398,1.259350061416626,-1.0438719987869263
1790029037180528600,14.116528564453125,-0.9289502501487732,1.0319008827209473,0.15083470940589905
1790029037190569000,14.12656884765625,-0.6871358752250671,1.7477672100067139,0.730231523513794
1790029037200609300,14.136609375,-0.42856210470199585,1.9321208000183105,0.3064578175544739
1790029037210619100,14.146619140625,-0.3016694188117981,1.3215993642807007,0.17956513166427612
1790029037220628700,14.156628662109375,0.031124621629714966,0.6871358752250671,-0.4644751250743866
1790029037230638600,14.166638671875,0.2585737705230713,0.14604631066322327,-1.7381904125213623
1790029037240679000,14.176678955078126,0.3423708379268646,-0.7445967197418213,-2.6168625354766846
1790029037250688500,14.1866884765625,0.4908113479614258,0.507570743560791,-2.6144683361053467
1790029037350877700,14.286877685546875,1.2018892765045166,1.0534487962722778,0.043095629662275314
1790029037441087700,14.377087646484375,0.6560112833976746,-0.629675030708313,-0.10055647045373917
1790029037471117000,14.407116943359375,1.1492167711257935,0.37828385829925537,-2.2433669567108154
1790029037481157400,14.417157470703126,0.16519992053508759,0.629675030708313,-2.9305028915405273
1790029037491167200,14.427167236328126,-0.3232172429561615,0.6607996821403503,-2.8802247047424316
1790029037531267300,14.467267333984376,3.2321722507476807,-0.2537853717803955,1.2545616626739502
1790029037571336700,14.507336669921875,0.021547814831137657,0.19393034279346466,-0.07661445438861847
1790029037581377000,14.517376953125,0.019153613597154617,-0.3926490843296051,0.8188169598579407
1790029037621446700,14.55744677734375,2.1930887699127197,-0.2825157940387726,0.3423708379268646
1790029037631456500,14.56745654296875,1.98958158493042,0.028730420395731926,-0.5003881454467773
1790029037641496600,14.57749658203125,1.3479355573654175,0.181959331035614,-0.363918662071228
1790029037651506400,14.58750634765625,0.4572925269603729,-0.24181437492370605,0.31603461503982544
1790029037671587000,14.607587158203126,-0.3878606855869293,-0.5961562395095825,0.1149216815829277
1790029037691667700,14.627667724609376,-0.12449848651885986,-0.5913678407669067,-0.569819986820221
1790029037701677300,14.63767724609375,0.33518823981285095,-1.3215993642807007,-0.3423708379268646
1790029037711717600,14.647717529296875,0.8906430602073669,-0.8786720037460327,-0.5722141861915588
1790029037721727500,14.6577275390625,1.0031704902648926,0.07900865375995636,-1.2880805730819702
1790029037731767800,14.667767822265626,0.9193734526634216,0.5961562395095825,-2.2194249629974365
1790029037751817700,14.687817626953125,0.5195417404174805,-0.30885201692581177,0.9409212470054626
1790029037811968000,14.747968017578126,1.015141487121582,-0.40462008118629456,-0.1867477297782898
1790029037822008000,14.758008056640625,0.5123591423034668,-0.31603461503982544,0.5219359993934631
1790029037842088700,14.778088623046875,0.14604631066322327,-0.569819986820221,1.8507179021835327
1790029037852129000,14.78812890625,0.4644751250743866,-0.47644615173339844,1.5753847360610962
1790029037862139000,14.798138916015626,0.6823474764823914,-0.6009446382522583,0.5674257874488831
1790029037872148500,14.8081484375,0.8068459630012512,-0.8595184087753296,0.8020575642585754
1790029037882158300,14.818158447265626,0.47644615173339844,-1.0678139925003052,1.1300631761550903
1790029037892168200,14.828168212890626,0.0933738648891449,-0.8331822156906128,0.23702596127986908
1790029037902177800,14.838177734375,0.1604115068912506,-0.3256114423274994,-0.15083470940589905
1790029037912187600,14.848187744140626,0.22744916379451752,-0.14844051003456116,0.9457096457481384
1790029037932237600,14.868237548828125,0.07900865375995636,-0.6129156351089478,1.4867992401123047
1790029037942247400,14.878247314453125,0.2944868206977844,-0.15801730751991272,0.4668693244457245
1790029037952257300,14.88825732421875,0.5315127968788147,0.10534487664699554,-0.5817909836769104
1790029037962267000,14.898266845703125,0.8379706144332886,-0.4572925269603729,0.3423708379268646
1790029037972307200,14.90830712890625,0.6919242739677429,-0.6823474764823914,1.7286136150360107
1790029037982317000,14.918317138671876,0.2346317619085312,-0.5985504388809204,1.944091796875
1790029037992357400,14.928357421875,0.22266076505184174,-0.35673606395721436,1.4293384552001953
1790029038002397700,14.938397705078126,0.5913678407669067,0.026336219161748886,0.7948749661445618
1790029038042467000,14.978467041015625,0.828393816947937,0.17956513166427612,0.36152446269989014
1790029038052477000,14.988476806640625,1.0606313943862915,0.33997663855552673,0.5027823448181152
1790029038102587000,15.0385869140625,1.1013327836990356,0.0071826050989329815,-0.6105214357376099
1790029038112596500,15.048596435546875,1.235408067703247,0.07661445438861847,-0.6224924325942993
1790029038152666000,15.088666015625,-0.2801215946674347,-0.5985504388809204,0.4572925269603729
1790029038222826000,15.158825927734375,0.22744916379451752,-0.6775590777397156,1.5466543436050415
1790029038232835800,15.1688359375,0.30885201692581177,-0.7350199222564697,1.137245774269104
1790029038242845700,15.178845703125,0.545877993106842,-0.6105214357376099,0.7422025203704834
1790029038252885800,15.1888857421875,0.9241618514060974,-0.44771572947502136,0.6440402865409851
1790029038262895600,15.1988955078125,0.7781155705451965,-0.42616790533065796,1.2186486721038818
1790029038272966400,15.20896630859375,0.4381389021873474,-0.7134721279144287,1.9105730056762695
1790029038312974800,15.248974853515625,0.3447650372982025,-0.646434485912323,1.161187767982483
1790029038323015200,15.25901513671875,0.14844051003456116,-1.0055646896362305,1.113303780555725
1790029038333025000,15.26902490234375,-0.395043283700943,-1.1779472827911377,0.912190854549408
1790029038343065300,15.2790654296875,-0.727837324142456,-0.8643068075180054,0.6105214357376099
1790029038353075200,15.2890751953125,-0.7350199222564697,-0.7733271718025208,0.7805097699165344
1790029038363115300,15.299115234375,-0.7254431247711182,-0.9002198576927185,1.1516109704971313
1790029038373125000,15.309125,-0.689530074596405,-1.1468225717544556,1.139639973640442
1790029038383135000,15.319135009765626,-0.3711012601852417,-0.8403648138046265,1.2497732639312744
1790029038393144600,15.32914453125,-0.5889736413955688,-1.3311761617660522,1.6615760326385498
1790029038403154400,15.339154541015626,-0.7038952708244324,-1.723825216293335,1.886630892753601
1790029038423174000,15.359173828125,-1.455674648284912,-1.647210717201233,2.169146776199341
1790029038473283800,15.409283935546876,-1.070208191871643,-1.699883222579956,1.9991583824157715
1790029038483293700,15.419293701171876,-0.7469909191131592,-1.3982137441635132,2.0661959648132324
1790029038573442600,15.509442626953126,-1.7334020137786865,-1.3407529592514038,2.279279947280884
1790029038583483000,15.51948291015625,-1.9584569931030273,-1.5873557329177856,2.2888567447662354
1790029038593523000,15.52952294921875,-1.9273324012756348,-1.7597382068634033,2.255337953567505
1790029038603532800,15.53953271484375,-1.8076223134994507,-1.8052281141281128,2.006340980529785
1790029038623583000,15.5595830078125,-1.7597382068634033,-1.3551181554794312,1.278503656387329
1790029038633592600,15.569592529296875,-1.256955862045288,-1.434126853942871,0.9648633003234863
1790029038643602400,15.5796025390625,-1.139639973640442,-2.209848165512085,2.183511972427368
1790029038663622000,15.599621826171875,-1.944091796875,-0.45250412821769714,0.5267243981361389
1790029038673631700,15.6096318359375,-1.7908629179000854,-0.6440402865409851,0.038307227194309235
1790029038683611000,15.61961083984375,-1.235408067703247,-1.4197616577148438,0.5985504388809204
1790029038693651200,15.629651123046875,-0.5817909836769104,-0.9409212470054626,0.7015010714530945
1790029038703691500,15.63969140625,-0.5578489899635315,-0.608127236366272,1.3718775510787964
1790029038713731800,15.64973193359375,-0.4620809257030487,-0.40701428055763245,1.381454348564148
1790029038723711000,15.6597109375,-0.1412578970193863,-0.10534487664699554,0.3758896589279175
1790029038733751300,15.669751220703125,0.10773907601833344,-0.011971008032560349,0.33758243918418884
1790029038743791600,15.67979150390625,-0.15562310814857483,0.07900865375995636,0.7661445140838623
1790029038753801500,15.689801513671876,-0.8164227604866028,0.828393816947937,-0.8307880163192749
1790029038763780600,15.699780517578125,-1.036689281463623,1.0845733880996704,-2.473210334777832
1790029038773821000,15.709821044921876,-1.0079588890075684,0.023942016065120697,-1.9057846069335938
1790029038783861200,15.719861328125,-1.1324573755264282,-1.1827356815338135,-0.24420857429504395
1790029038793870800,15.729870849609375,-1.0654197931289673,-0.8331822156906128,0.08858546614646912
1790029038803880700,15.739880615234375,-0.7206547260284424,-0.19632454216480255,-0.5434837937355042
1790029038823931000,15.759930908203126,0.6967126727104187,0.1628057211637497,0.4165911078453064
1790029038853960200,15.789960205078126,-0.9361328482627869,-0.11013327538967133,1.4413094520568848
1790029038884050400,15.820050537109376,-0.7757213711738586,-0.07661445438861847,-1.0582371950149536
1790029038914171400,15.85017138671875,-0.021547814831137657,-0.7254431247711182,2.0039467811584473
1790029038924181000,15.860180908203125,-0.2968810200691223,0.6200982332229614,0.3687070608139038
1790029038954332400,15.89033251953125,-0.7948749661445618,-0.2059013396501541,-0.4812345504760742
1790029038974352000,15.910351806640625,0.4668693244457245,-0.0454898327589035,0.9169792532920837
1790029038984392200,15.92039208984375,0.24420857429504395,1.0055646896362305,-1.9249382019042969
1790029038994402000,15.930402099609376,-0.2753331959247589,0.8882488012313843,-3.2776620388031006
1790029039004411600,15.94041162109375,-0.8212111592292786,0.7972691655158997,-2.032677173614502
1790029039014421500,15.95042138671875,-1.2018892765045166,0.28730419278144836,-0.11013327538967133
1790029039024431400,15.960431396484376,-1.6496049165725708,0.019153613597154617,0.2082955539226532
1790029039054460700,15.990460693359376,-2.382230758666992,-0.9888052940368652,-1.1779472827911377
1790029039094530000,16.030530029296877,-0.6272808313369751,1.6352397203445435,-0.7015010714530945
1790029039104570400,16.0405703125,-0.8044517636299133,0.667982280254364,-0.9864110946655273
1790029039114610700,16.050610595703127,-1.1755530834197998,0.2298433631658554,-1.403002142906189
1790029039124651000,16.060651123046874,-0.9313444495201111,-0.1388636976480484,-1.2186486721038818
1790029039134691300,16.07069140625,-0.1843535304069519,-0.7110779285430908,-1.0319008827209473
1790029039154710800,16.090710693359377,0.7661445140838623,0.5195417404174805,-1.070208191871643
1790029039174730200,16.110730224609377,-1.2186486721038818,1.556231141090393,-1.6184803247451782
1790029039204820700,16.14082080078125,0.7230489253997803,1.2425906658172607,0.19153612852096558
1790029039214830300,16.150830322265627,0.28969839215278625,1.4293384552001953,-1.6184803247451782
1790029039224840200,16.160840087890627,-0.7398083209991455,0.08140286058187485,-1.8411411046981812
1790029039234880500,16.170880615234374,-1.036689281463623,-0.31364041566848755,-1.2665326595306396
1790029039254930400,16.190930419921877,-0.43095630407333374,-0.2346317619085312,-0.5626373887062073
1790029039264970800,16.200970703125,-0.586579442024231,2.734178304672241,-1.580173134803772
1790029039274980600,16.210980712890624,-1.115697979927063,4.218583583831787,-1.4939818382263184
1790029039285021000,16.22102099609375,-0.9433154463768005,3.60566782951355,-0.05985504388809204
1790029039295061200,16.231061279296874,-0.4213795065879822,2.9664158821105957,0.9911994934082031
1790029039305101300,16.241101318359377,-0.3232172429561615,2.8371291160583496,0.5985504388809204
1790029039315111200,16.251111083984377,-0.9026140570640564,2.449268341064453,-0.4692635238170624
1790029039325151500,16.2611513671875,-1.7621324062347412,2.054224967956543,-0.8810662031173706
1790029039345171000,16.2811708984375,-1.0773907899856567,2.58813214302063,-1.3048399686813354
1790029039355180800,16.291180908203124,-0.24181437492370605,2.2888567447662354,-0.9576807022094727
1790029039365190700,16.301190673828124,0.3064578175544739,2.5522189140319824,-1.0319008827209473
1790029039375200300,16.3112001953125,0.6560112833976746,2.4660277366638184,-1.3958195447921753
1790029039455339500,16.391339599609374,0.8619126081466675,2.1763293743133545,-1.137245774269104
1790029039525529900,16.46152978515625,0.5315127968788147,1.0007762908935547,-0.9313444495201111
1790029039585619000,16.521618896484377,0.14365209639072418,0.15083470940589905,-1.3958195447921753
1790029039605669000,16.541669189453124,0.9169792532920837,0.4405331015586853,-1.778891921043396
1790029039695879000,16.63187890625,0.9193734526634216,0.09816227108240128,-1.7286136150360107
1790029039705919200,16.641919189453127,0.9911994934082031,1.0031704902648926,-1.5322890281677246
1790029039715959600,16.65195947265625,0.49320554733276367,1.4460978507995605,-0.7709329724311829
1790029039746141400,16.682141357421877,0.26815059781074524,-0.629675030708313,0.36152446269989014
1790029039756151300,16.6921513671875,0.40462008118629456,-0.8595184087753296,-0.3423708379268646
1790029039766191600,16.702191650390624,0.0694318488240242,-0.40462008118629456,-0.9433154463768005
1790029039776201200,16.712201171875,-0.5363011956214905,0.5195417404174805,-1.6184803247451782
1790029039786211000,16.722211181640624,-0.7852981686592102,1.0079588890075684,-1.8602946996688843
1790029039796221000,16.732220947265624,-0.2513911724090576,0.6560112833976746,-0.5291185975074768
1790029039806230500,16.74223046875,0.7589619159698486,0.2777273952960968,0.3495534360408783
1790029039816240400,16.752240478515624,1.6208745241165161,0.26336219906806946,0.38546648621559143
1790029039866411300,16.802411376953124,0.586579442024231,0.0071826050989329815,0.2561795711517334
1790029039876451600,16.81245166015625,0.6799532771110535,0.24660277366638184,0.7493851184844971
1790029039946733600,16.882733642578124,1.381454348564148,0.19393034279346466,1.0630255937576294
1790029039986833700,16.922833740234374,0.790086567401886,-0.5746083855628967,0.14844051003456116
1790029039996843300,16.93284326171875,0.8331822156906128,-0.7661445140838623,-0.4908113479614258
1790029040006853000,16.94285302734375,0.6200982332229614,-0.47884035110473633,-0.8451532125473022
1790029040016863000,16.952863037109374,0.19393034279346466,-0.31124621629714966,-0.5770025849342346
1790029040026903300,16.9629033203125,0.07900865375995636,-0.22505496442317963,-0.15322890877723694
1790029040036943400,16.972943359375,0.2825157940387726,-0.8188169598579407,1.237802267074585
1790029040046922800,16.9829228515625,0.569819986820221,-1.0749965906143188,2.0446481704711914
1790029040066972700,17.00297265625,0.9097966551780701,-0.4357447028160095,-0.18914192914962769
1790029040076982500,17.012982421875,0.7541735172271729,-0.48602294921875,-0.912190854549408
1790029040087022800,17.02302294921875,0.5339069962501526,-0.9911994934082031,-0.17477671802043915
1790029040097032700,17.03303271484375,0.35673606395721436,-0.9648633003234863,1.0989385843276978
1790029040107072800,17.04307275390625,0.15083470940589905,-0.6153098344802856,1.314416766166687
1790029040117113000,17.053113037109377,0.27054479718208313,-0.8259995579719543,1.5107412338256836
1790029040127123000,17.063123046875,0.5746083855628967,-0.507570743560791,0.9959878921508789
1790029040137163300,17.073163330078124,0.8810662031173706,-0.6105214357376099,0.5889736413955688
1790029040167192600,17.103192626953124,0.9433154463768005,-0.1628057211637497,0.014365210197865963
1790029040177233000,17.11323291015625,0.5506663918495178,-0.38546648621559143,0.24181437492370605
1790029040187273000,17.12327294921875,0.4596867263317108,-0.8882488012313843,1.5083470344543457
1790029040197282800,17.13328271484375,0.646434485912323,-0.40462008118629456,1.3192051649093628
1790029040207323100,17.1433232421875,1.0893617868423462,-0.3280056416988373,0.9672574996948242
1790029040217333000,17.1533330078125,1.357512354850769,-0.3878606855869293,1.5729905366897583
1790029040227342600,17.163342529296877,1.4437036514282227,-0.13168109953403473,1.070208191871643
1790029040237352400,17.1733525390625,1.4676456451416016,0.5171475410461426,-0.2825157940387726
1790029040277391400,17.213391357421877,0.4644751250743866,-1.113303780555725,1.5873557329177856
1790029040287401200,17.223401123046877,0.40222588181495667,-0.8020575642585754,0.6129156351089478
1790029040297411000,17.2334111328125,0.5937620401382446,-0.730231523513794,-0.5410895943641663
1790029040307420700,17.243420654296877,0.9409212470054626,-0.7422025203704834,-0.23942017555236816
1790029040377550000,17.313550048828127,-0.07661445438861847,-1.0534487962722778,0.3926490843296051
1790029040397600300,17.333600341796874,0.4596867263317108,-0.6129156351089478,-0.31603461503982544
1790029040407609900,17.34360986328125,0.6943184733390808,-0.45010992884635925,0.21787235140800476
1790029040417619700,17.35361962890625,0.4692635238170624,-0.4572925269603729,0.9768342971801758
1790029040427629600,17.363629638671874,0.33518823981285095,-0.38067805767059326,1.170764684677124
1790029040437639200,17.37363916015625,0.2513911724090576,-0.2825157940387726,0.545877993106842
1790029040447649000,17.38364892578125,0.7541735172271729,-0.5171475410461426,0.1843535304069519
1790029040457659000,17.393658935546874,1.1228805780410767,-0.7182605266571045,0.9289502501487732
1790029040467668500,17.40366845703125,1.0654197931289673,-0.5506663918495178,0.8667010068893433
1790029040477678300,17.41367822265625,0.8451532125473022,-0.545877993106842,0.9433154463768005
1790029040497759000,17.433759033203124,0.49320554733276367,-0.14844051003456116,1.0127472877502441
1790029040507768600,17.4437685546875,0.5410895943641663,-0.31603461503982544,0.9792284965515137
1790029040517809000,17.453808837890627,0.5602431893348694,-0.9481038451194763,1.237802267074585
1790029040537828600,17.47382861328125,0.6775590777397156,-0.7924807667732239,1.1037269830703735
1790029040547868700,17.48386865234375,0.730231523513794,-0.706289529800415,1.338358759880066
1790029040557878500,17.49387841796875,0.5171475410461426,-0.4908113479614258,1.6328455209732056
1790029040567888400,17.503888427734374,0.14604631066322327,-0.2513911724090576,1.7477672100067139
1790029040577898000,17.51389794921875,0.11013327538967133,0.15083470940589905,1.3311761617660522
1790029040587938300,17.523938232421877,0.3280056416988373,-0.08619125932455063,0.6847416758537292
1790029040648119000,17.584119140625,-0.5267243981361389,-0.9672574996948242,1.4101848602294922
1790029040658159400,17.594159423828124,-0.2777273952960968,-1.0797849893569946,1.2737152576446533
1790029040668169000,17.6041689453125,-0.33518823981285095,-1.1540051698684692,1.194706678390503
1790029040698198300,17.6341982421875,-0.8595184087753296,-1.1085153818130493,1.4963760375976562
1790029040708238600,17.644238525390627,-0.5793967843055725,-1.0654197931289673,1.6136919260025024
1790029040718248400,17.65424853515625,-0.49559974670410156,-1.2473790645599365,2.0829553604125977
1790029040728258300,17.66425830078125,-0.5913678407669067,-1.8124107122421265,2.695871114730835
1790029040738298400,17.67429833984375,-0.7805097699165344,-2.0470423698425293,2.8131868839263916
1790029040748308200,17.68430810546875,-1.01753568649292,-1.8962076902389526,2.6144683361053467
1790029040758318000,17.694318115234374,-1.1635819673538208,-1.558625340461731,2.5450363159179688
1790029040768327700,17.70432763671875,-0.7661445140838623,-1.161187767982483,2.674323320388794
1790029040778337500,17.714337646484374,-0.30885201692581177,-1.2401964664459229,2.913743495941162
1790029040808366800,17.744366943359374,-0.7781155705451965,-1.9488801956176758,3.31118106842041
1790029040818407200,17.7544072265625,-0.8571242094039917,-1.7190368175506592,2.849100112915039
1790029040828416800,17.764416748046877,-0.8978256583213806,-1.1061211824417114,2.1595699787139893
1790029040838426600,17.774426513671877,-0.8786720037460327,-0.9457096457481384,1.7884687185287476
1790029040848467000,17.784467041015624,-0.8188169598579407,-1.1803414821624756,1.5155296325683594
1790029040858476800,17.794476806640624,-0.950498104095459,-1.1755530834197998,1.3287819623947144
1790029040868516900,17.804516845703127,-0.8930372595787048,-1.623268723487854,1.968033790588379
1790029040878526700,17.814526611328127,-1.048660397529602,-1.802833914756775,2.499546527862549
1790029040888597500,17.824597412109377,-0.9481038451194763,-0.9241618514060974,1.1085153818130493
1790029040898637800,17.834637939453124,-0.6248866319656372,-0.7134721279144287,1.072602391242981
1790029040908647700,17.844647705078124,-1.0821791887283325,-1.01753568649292,1.656787633895874
1790029040958787800,17.894787841796877,0.08858546614646912,-0.2298433631658554,2.2888567447662354
1790029041018846500,17.954846435546877,-0.5602431893348694,0.13407529890537262,-0.9241618514060974
1790029041028856300,17.964856201171877,-0.33997663855552673,-0.5386953949928284,-0.24181437492370605
1790029041038896600,17.974896728515624,-0.2537853717803955,-1.1444283723831177,1.5275006294250488
1790029041048906500,17.984906494140624,-0.6033388376235962,-0.8762778043746948,1.6903064250946045
1790029041058946600,17.994946533203127,-0.27054479718208313,-0.19871874153614044,0.751779317855835
1790029041068956400,18.004956298828127,0.26336219906806946,-0.21308395266532898,0.5291185975074768
1790029041078966300,18.01496630859375,0.37828385829925537,-0.6655880808830261,1.1420341730117798
1790029041088976000,18.024975830078127,-0.2513911724090576,-1.139639973640442,1.6855180263519287
1790029041099046700,18.035046630859377,-1.213860273361206,-1.6304513216018677,2.0015525817871094
1790029041119127300,18.055127197265627,-1.2306196689605713,-0.11013327538967133,-1.5155296325683594
1790029041129167600,18.065167724609374,-0.6009446382522583,-0.5506663918495178,-0.272938996553421
1790029041139177500,18.075177490234374,-0.19153612852096558,0.1364694982767105,-0.3447650372982025
1790029041149217500,18.085217529296877,-0.17956513166427612,-0.6320692300796509,-0.48602294921875
1790029041159227400,18.095227294921877,0.24660277366638184,-0.3256114423274994,-0.07661445438861847
1790029041199297000,18.135297119140624,0.14365209639072418,0.7661445140838623,-0.2753331959247589
1790029041229356800,18.165356689453127,-0.6799532771110535,-1.1324573755264282,0.43095630407333374
1790029041239366700,18.17536669921875,-0.44532153010368347,-1.644816517829895,1.8291701078414917
1790029041249376300,18.185376220703127,-0.2753331959247589,-0.8619126081466675,-0.11013327538967133
1790029041259386000,18.19538623046875,-0.16759411990642548,-0.5530605912208557,-1.6663644313812256
1790029041279466800,18.215466796875,-0.14844051003456116,-0.4118026793003082,-0.6440402865409851
1790029041329607200,18.265607177734374,-0.2082955539226532,-0.35673606395721436,-0.26815059781074524
1790029041349657000,18.285656982421877,-0.5195417404174805,-2.056619167327881,0.5099649429321289
1790029041359727900,18.295727783203127,0.05267243832349777,-2.2816741466522217,1.2473790645599365
1790029041369737700,18.30573779296875,0.6655880808830261,-1.1013327836990356,0.3711012601852417
1790029041379778000,18.315778076171874,0.43335050344467163,0.8020575642585754,-1.4508862495422363
1790029041389787600,18.32578759765625,-0.5410895943641663,0.3878606855869293,-2.3798365592956543
1790029041399797500,18.335797607421874,-1.2210428714752197,-1.048660397529602,-0.4141969084739685
1790029041409837800,18.345837890625,-0.9193734526634216,-0.7230489253997803,0.9433154463768005
1790029041439867100,18.3758671875,-2.540247917175293,1.5394717454910278,-1.580173134803772
1790029041500108800,18.43610888671875,-1.4221558570861816,0.14844051003456116,-0.6440402865409851
1790029041530199000,18.466198974609377,-1.7884687185287476,0.6344634294509888,-1.2018892765045166
1790029041540209000,18.476208984375,-1.7190368175506592,1.0414776802062988,-0.2944868206977844
1790029041550218800,18.48621875,-1.525106430053711,1.6543933153152466,-0.4118026793003082
1790029041570268700,18.5062685546875,-0.6248866319656372,1.403002142906189,-0.22744916379451752
1790029041580339500,18.51633935546875,-0.9792284965515137,0.7757213711738586,-0.10295066982507706
1790029041590349300,18.526349365234374,-0.9983820915222168,1.9249382019042969,-0.3495534360408783
1790029041600359000,18.53635888671875,-1.0797849893569946,1.2425906658172607,-1.7932571172714233
1790029041610399200,18.546399169921877,-0.6153098344802856,2.5234885215759277,-0.9696516990661621
1790029041620470000,18.556469970703127,-0.8331822156906128,2.980781078338623,-1.41257905960083
1790029041650529800,18.58652978515625,0.7398083209991455,3.1507694721221924,0.3256114423274994
1790029041660570000,18.596570068359377,0.586579442024231,2.7437551021575928,-1.5179238319396973
1790029041670610400,18.6066103515625,0.21547815203666687,3.0334534645080566,-2.250549554824829
1790029041680650800,18.616650634765627,-0.37828385829925537,3.622427225112915,-2.8610711097717285
1790029041690660600,18.62666064453125,-0.4812345504760742,3.1316158771514893,-2.0446481704711914
1790029041710710500,18.64671044921875,0.2944868206977844,2.03507137298584,-0.23942017555236816
1790029041720750800,18.656750732421877,1.0630255937576294,2.853888511657715,-1.0965443849563599
1790029041740770300,18.676770263671877,0.4668693244457245,3.2369606494903564,-2.8826189041137695
1790029041750810600,18.686810546875,0.13168109953403473,3.201047658920288,-2.296039342880249
1790029041760851000,18.696850830078127,0.26815059781074524,3.0334534645080566,-1.599326729774475
1790029041770860800,18.70686083984375,0.8331822156906128,2.652775526046753,-0.5841852426528931
1790029041780870400,18.716870361328127,1.2186486721038818,2.7126305103302,-0.7230489253997803
1790029041790880300,18.72688037109375,1.036689281463623,2.425326347351074,-1.0582371950149536
1790029041800920600,18.736920654296874,0.6823474764823914,2.5953147411346436,-1.723825216293335
1790029041810930200,18.74693017578125,0.047884032130241394,2.2601263523101807,-2.140416383743286
1790029041820940000,18.75693994140625,-0.5770025849342346,1.7549498081207275,-1.5753847360610962
1790029041830950000,18.766949951171874,-0.8331822156906128,1.3239935636520386,-0.5793967843055725
1790029041850999800,18.786999755859377,0.1412578970193863,0.3998316824436188,0.5386953949928284
1790029041891100000,18.827099853515627,-0.2992752194404602,1.2976573705673218,-2.9520506858825684
1790029041921159700,18.85715966796875,-0.9720458984375,0.2849099934101105,-0.507570743560791
1790029041931139000,18.86713916015625,0.1364694982767105,0.6607996821403503,0.15562310814857483
1790029041961168400,18.89716845703125,1.3120225667953491,1.723825216293335,-1.280897855758667
1790029041991258600,18.927258544921877,-2.22660756111145,0.6536170840263367,-0.9457096457481384
1790029042011247600,18.94724755859375,1.1037269830703735,-0.7613561153411865,1.922544002532959
1790029042021288000,18.957287841796877,3.155557870864868,0.0694318488240242,1.2018892765045166
1790029042031297800,18.9672978515625,3.825934410095215,0.6919242739677429,-0.3423708379268646
1790029042041307400,18.977307373046877,2.9520506858825684,1.2880805730819702,-1.1324573755264282
1790029042051347700,18.98734765625,0.5051765441894531,1.9177556037902832,-1.9512743949890137
1790029042101427200,19.03742724609375,2.1930887699127197,-1.1300631761550903,1.7741034030914307
1790029042151567600,19.087567626953124,-2.5234885215759277,0.3016694188117981,-0.3519476354122162
1790029042161577200,19.0975771484375,-1.556231141090393,-0.768538773059845,0.5099649429321289
1790029042181597000,19.117596923828124,-0.028730420395731926,-0.1364694982767105,-0.4620809257030487
1790029042191606500,19.1276064453125,0.11013327538967133,-0.15801730751991272,-0.9528923034667969
1790029042201616400,19.137616455078124,0.6368576288223267,0.4357447028160095,-1.721431016921997
1790029042211595500,19.147595458984377,0.6943184733390808,0.18914192914962769,-1.292868971824646
1790029042221666300,19.157666259765627,0.8810662031173706,0.15801730751991272,0.06703764945268631
1790029042231676200,19.16767626953125,0.9361328482627869,1.173158884048462,-1.0989385843276978
1790029042241686000,19.17768603515625,0.4572925269603729,0.524330198764801,-0.7038952708244324
1790029042251695600,19.187695556640627,-0.2777273952960968,-0.811634361743927,1.0271124839782715
1790029042261736000,19.19773583984375,-0.395043283700943,-1.8794482946395874,1.623268723487854
1790029042271745800,19.207745849609374,0.19871874153614044,-1.8579005002975464,1.1348515748977661
1790029042311784700,19.24778466796875,1.6184803247451782,-0.09576806426048279,1.6519991159439087
1790029042321825000,19.257824951171877,0.7637503147125244,-0.45250412821769714,2.6168625354766846
1790029042331835000,19.2678349609375,-0.019153613597154617,-0.4213795065879822,1.6328455209732056
1790029042341844500,19.277844482421877,-0.24899697303771973,-0.5961562395095825,0.08619125932455063
1790029042351854300,19.287854248046877,0.12928688526153564,-1.1324573755264282,0.3926490843296051
1790029042361833700,19.297833740234374,0.47644615173339844,-1.5682021379470825,1.37906014919281
1790029042371873800,19.307873779296877,1.05105459690094,-1.1420341730117798,1.1779472827911377
1790029042401933800,19.337933837890624,0.9002198576927185,-0.0454898327589035,0.24660277366638184
1790029042411913000,19.347912841796877,0.6512228846549988,0.07900865375995636,0.3711012601852417
1790029042421983700,19.357983642578127,0.4429273009300232,-0.2537853717803955,0.3208230137825012
1790029042431993600,19.36799365234375,0.3495534360408783,-0.8523358106613159,0.24181437492370605
1790029042442003200,19.378003173828127,0.43335050344467163,-0.7829039692878723,-0.08858546614646912
1790029042452043500,19.38804345703125,0.586579442024231,-0.5817909836769104,0.038307227194309235
1790029042462053400,19.398053466796874,0.7852981686592102,-0.5315127968788147,0.42856210470199585
1790029042472063200,19.408063232421874,1.0582371950149536,-0.6248866319656372,0.9648633003234863
1790029042482072800,19.41807275390625,1.237802267074585,-0.689530074596405,2.248155355453491
1790029042492082700,19.428082763671874,1.1085153818130493,-0.2777273952960968,1.8770540952682495
1790029042502092300,19.43809228515625,0.790086567401886,-0.1173158809542656,0.8403648138046265
1790029042512102100,19.44810205078125,0.629675030708313,-0.9026140570640564,0.689530074596405
1790029042522112000,19.458112060546874,0.689530074596405,-1.7956513166427612,1.3886369466781616
1790029042532121600,19.46812158203125,0.6057330369949341,-1.4748282432556152,1.558625340461731
1790029042542162000,19.478161865234377,0.6943184733390808,-0.8930372595787048,1.292868971824646
1790029042552171800,19.488171875,1.1540051698684692,-0.5123591423034668,0.7422025203704834
1790029042562181600,19.498181640625,1.4101848602294922,-0.23702596127986908,0.3519476354122162
1790029042572160800,19.508160888671874,1.5825673341751099,-0.6536170840263367,1.1252747774124146
1790029042582201000,19.518201171875,1.290474772453308,-0.730231523513794,1.9153614044189453
1790029042592210700,19.528210693359377,1.1180921792984009,-0.44771572947502136,1.5897499322891235
1790029042682329300,19.618329345703124,0.12689268589019775,-0.8331822156906128,0.33279404044151306
1790029042692339000,19.6283388671875,-0.23942017555236816,-0.8212111592292786,0.5554547905921936
1790029042702379300,19.638379150390627,-0.1364694982767105,-0.6272808313369751,0.9720458984375
1790029042772539100,19.7085390625,0.2537853717803955,-0.2585737705230713,0.8690952062606812
1790029042782610000,19.71860986328125,0.395043283700943,-0.28730419278144836,1.3479355573654175
1790029042832689400,19.768689453125,0.27054479718208313,-0.7374141216278076,0.6344634294509888
1790029042852739300,19.7887392578125,0.21547815203666687,-0.3016694188117981,0.8786720037460327
1790029042872789500,19.80878955078125,0.6488286852836609,-0.37828385829925537,1.2617442607879639
1790029042922990800,19.858990966796874,0.5099649429321289,-0.15801730751991272,0.8930372595787048
1790029042953050600,19.889050537109377,0.16519992053508759,-0.16998831927776337,0.8379706144332886
1790029043003221500,19.939221435546877,-0.14365209639072418,-0.2059013396501541,0.6129156351089478
1790029043053270300,19.989270263671877,-0.7182605266571045,-1.1013327836990356,0.7805097699165344
1790029043123460900,20.0594609375,-1.5945383310317993,-2.516305923461914,3.160346269607544
1790029043143480300,20.079480224609377,-0.6033388376235962,-1.3239935636520386,2.4875755310058594
1790029043223650000,20.159650146484374,-0.8930372595787048,-0.8451532125473022,1.3623007535934448
1790029043253679400,20.189679443359374,-1.599326729774475,-0.05027823522686958,-0.040701430290937424
1790029043343828200,20.279828125,-0.7326257228851318,0.44771572947502136,0.2992752194404602
1790029043353838000,20.289838134765624,-1.314416766166687,0.5817909836769104,-0.22744916379451752
1790029043363878400,20.29987841796875,-1.625662922859192,1.7381904125213623,-0.9026140570640564
1790029043373918500,20.30991845703125,-1.6400281190872192,1.4867992401123047,-0.2346317619085312
1790029043383928300,20.31992822265625,-0.7422025203704834,0.040701430290937424,0.6248866319656372
1790029043393968600,20.32996875,0.2513911724090576,-1.3120225667953491,1.8483237028121948
1790029043403978500,20.339978515625,0.35673606395721436,-2.142810583114624,2.7437551021575928
1790029043413988000,20.349988037109377,-0.004788403399288654,-2.0661959648132324,1.824381709098816
1790029043423998000,20.359998046875,-0.4668693244457245,-1.2473790645599365,0.49799394607543945
1790029043434007800,20.3700078125,-0.6991068720817566,-0.6799532771110535,0.05267243832349777
1790029043454088200,20.390088134765627,-1.048660397529602,-0.26815059781074524,-0.17238251864910126
1790029043474138400,20.410138427734374,-0.8954314589500427,-0.49559974670410156,-0.9983820915222168
1790029043504198100,20.4401982421875,0.2753331959247589,-1.9728221893310547,-0.043095629662275314
1790029043514208000,20.4502080078125,0.3758896589279175,-1.577778935432434,0.7206547260284424
1790029043524278800,20.46027880859375,0.31124621629714966,-0.6392518281936646,1.2545616626739502
1790029043544298200,20.48029833984375,-0.45250412821769714,0.021547814831137657,0.7374141216278076
1790029043554308000,20.49030810546875,-0.7541735172271729,0.1604115068912506,-0.811634361743927
1790029043564317700,20.500317626953127,-0.5267243981361389,-0.16759411990642548,-1.5897499322891235
1790029043584337200,20.520337158203127,0.3902548849582672,-2.6431987285614014,3.1675288677215576
1790029043594377500,20.53037744140625,0.7781155705451965,-2.43011474609375,4.046200752258301
1790029043614397200,20.550397216796874,-0.5506663918495178,1.4891934394836426,-2.4588451385498047
1790029043624406800,20.56040673828125,-1.53707754611969,1.8052281141281128,-2.935291290283203
1790029043634447000,20.570447021484377,-1.8195933103561401,1.1492167711257935,-1.6519991159439087
1790029043644426500,20.580426513671874,-1.9153614044189453,0.6655880808830261,-0.7733271718025208
1790029043654466600,20.590466552734377,-1.680729627609253,-0.10773907601833344,0.47644615173339844
1790029043664507000,20.6005068359375,-1.625662922859192,-0.42856210470199585,0.26096799969673157
1790029043674547200,20.610547119140627,-1.721431016921997,-0.4381389021873474,-2.099714994430542
1790029043694566700,20.630566650390627,-1.4437036514282227,-1.4987702369689941,0.4429273009300232
1790029043704607000,20.64060693359375,-0.524330198764801,-2.3271639347076416,1.6615760326385498
1790029043734697500,20.670697509765624,-1.3910311460494995,1.3838485479354858,-3.093308687210083
1790029043744737800,20.68073779296875,-1.05105459690094,-0.19871874153614044,-1.1540051698684692
1790029043754747400,20.690747314453127,0.19871874153614044,-0.5937620401382446,0.4620809257030487
1790029043764818200,20.700818115234377,0.9050082564353943,-0.7326257228851318,1.2234370708465576
1790029043774828000,20.710828125,0.181959331035614,0.07182604819536209,-0.031124621629714966
1790029043784868400,20.720868408203124,-1.644816517829895,0.2298433631658554,-1.2090718746185303
1790029043794878000,20.7308779296875,-2.7461493015289307,0.4381389021873474,-1.3311761617660522
1790029043814897700,20.750897705078124,-1.5490485429763794,0.24660277366638184,-0.3280056416988373
1790029043824907300,20.7609072265625,-0.5219359993934631,-0.07661445438861847,0.6727706789970398
1790029043834917000,20.770917236328124,0.033518824726343155,0.6033388376235962,0.6536170840263367
1790029043844927000,20.780927001953124,-0.2801215946674347,0.6248866319656372,0.20111294090747833
1790029043905016000,20.84101611328125,-1.7693150043487549,0.8595184087753296,-0.090979665517807
1790029043945116200,20.8811162109375,-1.4101848602294922,2.674323320388794,-0.1843535304069519
1790029044015276000,20.951276123046874,-0.09816227108240128,3.0095114707946777,-1.6065093278884888
1790029044095384600,21.031384521484377,-0.011971008032560349,2.779668092727661,-1.3287819623947144
1790029044115434800,21.051434814453124,-0.15083470940589905,2.121262788772583,-1.0797849893569946
1790029044145494500,21.08149462890625,0.004788403399288654,1.9608511924743652,-0.8762778043746948
1790029044155504400,21.09150439453125,-0.38546648621559143,1.6280571222305298,-0.5434837937355042
1790029044195543300,21.131543212890627,-0.5817909836769104,1.0821791887283325,-1.479616641998291
1790029044225603000,21.16160302734375,-0.12449848651885986,0.6392518281936646,0.26575639843940735
1790029044245653200,21.1816533203125,-0.1604115068912506,1.1109095811843872,-1.3479355573654175
1790029044275774000,21.21177392578125,-1.0582371950149536,0.1149216815829277,-2.0661959648132324
1790029044305803300,21.24180322265625,0.933738648891449,1.8267759084701538,-0.38307225704193115
1790029044315874000,21.2518740234375,0.6584054827690125,1.4317326545715332,0.3495534360408783
1790029044325884000,21.2618837890625,-0.023942016065120697,1.1875240802764893,0.11252748221158981
1790029044355943700,21.291943603515627,-1.091755986213684,-0.05506663769483566,-2.006340980529785
1790029044375993900,21.311993896484374,-0.16998831927776337,-0.15322890877723694,-1.0582371950149536
1790029044386003500,21.32200341796875,0.4405331015586853,0.10773907601833344,0
1790029044406053600,21.3420537109375,1.091755986213684,-0.2082955539226532,-0.2298433631658554
1790029044426073000,21.362072998046877,-1.1827356815338135,0.6512228846549988,-3.3710360527038574
1790029044436083000,21.3720830078125,-1.9752163887023926,0.14365209639072418,-3.246537446975708
1790029044446123300,21.382123291015624,-1.3215993642807007,-0.6272808313369751,-1.6400281190872192
1790029044476183000,21.41218310546875,2.0039467811584473,-0.8307880163192749,1.6950948238372803
1790029044486223400,21.422223388671874,1.920149803161621,-0.17477671802043915,1.4724340438842773
1790029044496233000,21.43223291015625,0.993593692779541,0.33279404044151306,-0.021547814831137657
1790029044506242800,21.442242919921874,-0.21308395266532898,0.16519992053508759,-1.723825216293335
1790029044516252700,21.452252685546874,-1.3958195447921753,0.2513911724090576,-3.050212860107422
1790029044526262300,21.46226220703125,-1.8315643072128296,-0.42856210470199585,-2.3247697353363037
1790029044536272100,21.472272216796874,-1.173158884048462,-1.1444283723831177,0.44532153010368347
1790029044546282000,21.482281982421874,-0.033518824726343155,-1.0055646896362305,1.8195933103561401
1790029044556291600,21.49229150390625,0.608127236366272,-0.5003881454467773,1.113303780555725
1790029044566332000,21.502331787109377,0.4141969084739685,0.15083470940589905,-0.5482721924781799
1790029044586351400,21.522351318359377,-0.3064578175544739,-0.9313444495201111,-0.7086837291717529
1790029044606432000,21.542431884765627,0.5817909836769104,-0.6775590777397156,0.49559974670410156
1790029044616441900,21.55244189453125,1.115697979927063,-0.19632454216480255,1.0893617868423462
1790029044626421000,21.5624208984375,1.2880805730819702,-0.5937620401382446,2.518700122833252
1790029044636461300,21.57246142578125,1.1683704853057861,-0.9864110946655273,2.9759926795959473
1790029044646471200,21.58247119140625,0.8547300100326538,-0.6416460275650024,1.213860273361206
1790029044656480800,21.592480712890627,0.5674257874488831,-0.48602294921875,-0.22744916379451752
1790029044666490600,21.60249072265625,0.15801730751991272,-0.9624691009521484,0.1149216815829277
1790029044686540500,21.62254052734375,-0.08379705995321274,-1.4317326545715332,2.363077163696289
1790029044696580900,21.632580810546877,-0.14844051003456116,-0.9433154463768005,2.3918075561523438
1790029044716631000,21.652631103515624,0.5937620401382446,-0.38307225704193115,0.7015010714530945
1790029044726671400,21.66267138671875,0.7206547260284424,-0.849941611289978,1.036689281463623
1790029044736681000,21.672680908203127,0.5961562395095825,-1.0749965906143188,1.0989385843276978
1790029044746690800,21.68269091796875,0.21308395266532898,-0.9385270476341248,0.29209262132644653
1790029044756731100,21.692731201171874,-0.011971008032560349,-0.48602294921875,-0.5650315880775452
1790029044806780000,21.74277978515625,0.9528923034667969,-1.278503656387329,1.886630892753601
1790029044836870100,21.7728701171875,0.6631938815116882,-0.7589619159698486,1.534683346748352
1790029044927141000,21.86314111328125,-0.363918662071228,-0.21308395266532898,0.5482721924781799
1790029044937151000,21.87315087890625,-0.2561795711517334,-0.09816227108240128,0.31364041566848755
1790029044947160800,21.883160888671874,0.09816227108240128,-0.2968810200691223,-0.17956513166427612
1790029044957201200,21.893201171875,0.363918662071228,-0.6440402865409851,0.12928688526153564
1790029044987291400,21.92329150390625,-0.1412578970193863,-0.1867477297782898,0.2585737705230713
1790029044997331700,21.933331787109374,-0.033518824726343155,-0.2106897532939911,0.26815059781074524
1790029045007341300,21.94334130859375,0.028730420395731926,-0.23702596127986908,0.5554547905921936
1790029045017351200,21.95335107421875,-0.028730420395731926,-0.35434186458587646,0.48602294921875
1790029045027330600,21.96333056640625,0.23942017555236816,-0.5099649429321289,0.6248866319656372
1790029045037370600,21.97337060546875,0.5027823448181152,-0.45250412821769714,0.40701428055763245
1790029045077440300,22.013440185546877,0.363918662071228,-0.4572925269603729,0.9050082564353943
1790029045097490400,22.033490478515624,0.9528923034667969,-0.9888052940368652,1.039083480834961
1790029045107500000,22.0435,1.173158884048462,-0.8068459630012512,1.0342950820922852
1790029045127550200,22.06355029296875,0.7709329724311829,-0.5171475410461426,0.8331822156906128
1790029045137559800,22.073559814453127,0.5674257874488831,0.4692635238170624,0.4141969084739685
1790029045147569700,22.083569580078127,0.2537853717803955,0.15083470940589905,1.0438719987869263
1790029045167619800,22.103619873046874,-0.05267243832349777,0.035913024097681046,0.4812345504760742
1790029045177629400,22.11362939453125,0.019153613597154617,-0.033518824726343155,0.05746084079146385
1790029045207750400,22.14375048828125,-0.49799394607543945,0.16759411990642548,-0.42616790533065796
1790029045217790700,22.153790771484374,-0.21547815203666687,0.2968810200691223,-0.42377370595932007
1790029045227800300,22.16380029296875,-0.12449848651885986,0.1843535304069519,-0.28969839215278625
1790029045247850500,22.1838505859375,-0.4213795065879822,-0.035913024097681046,0.42616790533065796
1790029045257860400,22.1938603515625,-0.43335050344467163,-0.08379705995321274,0.31603461503982544
1790029045277910300,22.21391015625,-0.20111294090747833,-0.19632454216480255,0.8834604024887085
1790029045287920000,22.223920166015624,-0.38546648621559143,-0.5793967843055725,1.173158884048462
1790029045297929700,22.2339296875,-0.7422025203704834,-0.7158663272857666,1.213860273361206
1790029045317949400,22.253949462890624,-0.8547300100326538,-0.7996633648872375,1.3694833517074585
1790029045327989500,22.263989501953127,-0.7829039692878723,-1.1492167711257935,1.7597382068634033
1790029045337999400,22.273999267578127,-0.9433154463768005,-1.3287819623947144,2.2026655673980713
1790029045348009200,22.28400927734375,-1.1228805780410767,-1.2497732639312744,2.274491548538208
1790029045358018800,22.294018798828127,-1.414973258972168,-1.4269442558288574,2.2601263523101807
1790029045368028700,22.304028564453127,-1.702277421951294,-1.5682021379470825,2.2002713680267334
1790029045378038500,22.31403857421875,-1.8483237028121948,-1.4389152526855469,1.965639591217041
1790029045388048100,22.324048095703127,-1.987187385559082,-1.3503297567367554,1.843535304069519
1790029045398088400,22.33408837890625,-1.8339585065841675,-1.381454348564148,1.9057846069335938
1790029045438249700,22.374249755859374,-1.2641384601593018,-1.015141487121582,1.7357962131500244
1790029045458269200,22.394269287109374,-1.2497732639312744,-1.5083470344543457,1.8387469053268433
1790029045468340000,22.404340087890624,-0.912190854549408,-1.0271124839782715,1.4437036514282227
1790029045478380300,22.41438037109375,-0.9481038451194763,-0.8307880163192749,1.316810965538025
1790029045488390000,22.424389892578127,-1.1779472827911377,-1.139639973640442,1.4987702369689941
1790029045528459500,22.46445947265625,-1.2497732639312744,-1.1061211824417114,0.6248866319656372
1790029045548509700,22.484509765625,-1.9800047874450684,-1.8076223134994507,2.1547815799713135
1790029045558519300,22.494519287109377,-2.4899697303771973,-1.403002142906189,2.2577321529388428
1790029045568529200,22.504529052734377,-2.2194249629974365,-0.43095630407333374,1.094150185585022
1790029045578539000,22.5145390625,-1.1994950771331787,0.19153612852096558,0.33279404044151306
1790029045588579300,22.524579345703124,-0.8331822156906128,-0.20350714027881622,0.6272808313369751
1790029045598589000,22.5345888671875,-1.0630255937576294,-0.7158663272857666,0.9265560507774353
1790029045608598800,22.544598876953124,-1.5873557329177856,-0.031124621629714966,0.4357447028160095
1790029045618608600,22.554608642578124,-1.6663644313812256,-0.16998831927776337,0.5578489899635315
1790029045628618200,22.5646181640625,-1.0103530883789062,-0.629675030708313,1.2545616626739502
1790029045638628000,22.574628173828124,-0.31124621629714966,-0.9002198576927185,2.5043349266052246
1790029045658708700,22.594708740234374,-0.35434186458587646,-0.7469909191131592,2.166752576828003
1790029045668718300,22.60471826171875,-0.9457096457481384,0.45489832758903503,1.4867992401123047
1790029045678758700,22.614758544921877,-1.4437036514282227,1.1971008777618408,-0.3256114423274994
1790029045688768500,22.6247685546875,-1.3215993642807007,0.8331822156906128,-1.9560627937316895
1790029045698808800,22.634808837890624,-0.8858546018600464,0.181959331035614,-1.7836803197860718
1790029045708818400,22.644818359375,-1.3000515699386597,-0.5147533416748047,-0.8978256583213806
1790029045718858800,22.654858642578127,-1.98958158493042,-1.3479355573654175,0.24899697303771973
1790029045728868600,22.66486865234375,-2.449268341064453,-1.7812861204147339,0.586579442024231
1790029045799028500,22.735028564453124,-1.644816517829895,-1.278503656387329,0.5913678407669067
1790029045879289600,22.81528955078125,-0.7134721279144287,1.4628572463989258,-1.6352397203445435
1790029045949449500,22.885449462890627,-1.8962076902389526,1.4101848602294922,-1.680729627609253
1790029046029649700,22.965649658203127,0.1412578970193863,0.790086567401886,-0.31603461503982544
1790029046049699800,22.985699951171874,-0.9409212470054626,0.06224924325942993,1.2330138683319092
1790029046089800000,23.025800048828124,-1.5179238319396973,-1.4772224426269531,-0.3711012601852417
1790029046169939200,23.105939208984374,-2.094926595687866,1.4915876388549805,-0.8475474119186401
1790029046260210200,23.196210205078124,-1.5442601442337036,1.5729905366897583,0.18914192914962769
1790029046270219800,23.2062197265625,-0.26336219906806946,2.669534921646118,0.5770025849342346
1790029046300310300,23.236310302734374,-0.5913678407669067,3.845088005065918,-1.192312479019165
1790029046310319900,23.24631982421875,-0.950498104095459,4.158728122711182,-2.006340980529785
1790029046320360200,23.256360107421877,-0.7038952708244324,3.2537200450897217,-1.900996208190918
1790029046360460300,23.296460205078127,0.2801215946674347,2.5498247146606445,-1.9057846069335938
1790029046380479700,23.316479736328127,-0.5530605912208557,2.2816741466522217,-1.968033790588379
1790029046390489600,23.326489501953127,-0.4118026793003082,1.2689268589019775,-0.6919242739677429
1790029046400530000,23.336530029296874,0.33039984107017517,1.9728221893310547,0.2849099934101105
1790029046410539800,23.346539794921874,0.48602294921875,1.7956513166427612,0.019153613597154617
1790029046420549400,23.35654931640625,0.4213795065879822,0.9600749015808105,0.31603461503982544
1790029046430589700,23.366589599609377,-0.0454898327589035,1.414973258972168,-0.35434186458587646
1790029046440599600,23.376599609375,-0.7086837291717529,0.9648633003234863,-1.4652514457702637
1790029046450640000,23.386639892578124,-1.6376339197158813,0.20350714027881622,-1.2306196689605713
1790029046460680000,23.396679931640627,-1.7286136150360107,-0.507570743560791,-0.545877993106842
1790029046470689800,23.406689697265627,-1.1540051698684692,-1.381454348564148,0.7637503147125244
1790029046480730000,23.416730224609374,0.20350714027881622,-1.015141487121582,1.5298948287963867
1790029046510790000,23.446789794921877,-1.659181833267212,0.33039984107017517,-0.9169792532920837
1790029046520799700,23.4567998046875,-2.315192937850952,0.4668693244457245,-1.4844050407409668
1790029046530840000,23.466840087890624,-2.27209734916687,-0.3256114423274994,-0.993593692779541
1790029046540849700,23.476849609375,-1.8602946996688843,-1.0319008827209473,0.40462008118629456
1790029046550890000,23.486889892578127,-0.790086567401886,-1.0438719987869263,0.9409212470054626
1790029046560899800,23.49689990234375,0.3280056416988373,-1.0247182846069336,1.1994950771331787
1790029046570909400,23.506909423828127,1.1444283723831177,-0.12210428714752197,0.5650315880775452
1790029046580919300,23.516919189453127,0.5650315880775452,0.19871874153614044,-0.7541735172271729
1790029046590959600,23.526959716796874,-0.8331822156906128,0.4620809257030487,-1.7956513166427612
1790029046661119500,23.597119384765627,-0.7015010714530945,1.403002142906189,-1.4221558570861816
1790029046721269800,23.657269775390624,1.742978811264038,0.3902548849582672,0.5410895943641663
1790029046731340500,23.667340576171874,1.601720929145813,1.0223240852355957,0.2801215946674347
1790029046741319700,23.677319580078127,1.0582371950149536,1.0199298858642578,-0.5578489899635315
1790029046751360000,23.687360107421874,0.17717093229293823,0.4812345504760742,-1.4389152526855469
1790029046761369900,23.697369873046874,-0.6440402865409851,-0.08619125932455063,-1.6041151285171509
1790029046771410000,23.707409912109377,-0.7876923680305481,-0.363918662071228,-1.0079588890075684
1790029046781389300,23.717389404296874,-0.040701430290937424,-0.4381389021873474,0.06224924325942993
1790029046791429600,23.7274296875,1.0845733880996704,-0.6488286852836609,1.158793568611145
1790029046801470000,23.737469970703124,1.4844050407409668,-1.2497732639312744,2.2864625453948975
1790029046831529700,23.76752978515625,0.933738648891449,-0.36152446269989014,-0.7493851184844971
1790029046841570000,23.777570068359374,0.06224924325942993,0.05027823522686958,-0.9600749015808105
1790029046851549200,23.787549072265627,-0.42377370595932007,0.08140286058187485,-0.8571242094039917
1790029046861589500,23.797589599609374,-0.272938996553421,-0.9672574996948242,0.1388636976480484
1790029046871599400,23.807599365234374,0.09576806426048279,-1.381454348564148,1.3096283674240112
1790029046881609000,23.81760888671875,0.304063618183136,-1.0797849893569946,1.5203180313110352
1790029046891649300,23.827649169921877,0.4189853072166443,0.009576806798577309,0.395043283700943
1790029046911668700,23.847668701171877,-0.2106897532939911,0.849941611289978,-0.8355764150619507
1790029046921678600,23.8576787109375,-0.5913678407669067,0.07661445438861847,-0.7350199222564697
1790029046931688400,23.8676884765625,-0.7781155705451965,-0.2944868206977844,-0.4189853072166443
1790029046941698000,23.877697998046877,-1.1803414821624756,-0.181959331035614,-0.586579442024231
1790029046951738400,23.88773828125,-1.1540051698684692,0.014365210197865963,-0.3711012601852417
1790029046961748200,23.897748291015624,-0.6105214357376099,0.038307227194309235,-0.6967126727104187
1790029046971757800,23.9077578125,-0.11971008777618408,-0.586579442024231,-0.3926490843296051
1790029046981767700,23.917767578125,0.45250412821769714,-0.6153098344802856,0.33279404044151306
1790029046991838500,23.92783837890625,0.6009446382522583,0.09816227108240128,0.26815059781074524
1790029047071947300,24.007947265625,0.2825157940387726,-0.49799394607543945,0.2561795711517334
1790029047102007000,24.038007080078124,-0.4141969084739685,-0.6512228846549988,1.86508309841156
1790029047162126600,24.098126708984374,0.28730419278144836,-0.5410895943641663,0.950498104095459
1790029047212267000,24.14826708984375,-0.45250412821769714,-0.019153613597154617,-0.569819986820221
1790029047222276600,24.158276611328127,-0.4572925269603729,0.16519992053508759,-1.115697979927063
1790029047232317000,24.16831689453125,-0.15562310814857483,0.1149216815829277,-1.0247182846069336
1790029047242326800,24.178326904296874,0.11252748221158981,-0.09816227108240128,-0.6967126727104187
1790029047252336600,24.188336669921874,0.4118026793003082,0.016759412363171577,-0.10055647045373917
1790029047262376700,24.198376708984377,0.5003881454467773,-0.2992752194404602,1.1540051698684692
1790029047272417000,24.2084169921875,0.3687070608139038,-0.36152446269989014,1.3958195447921753
1790029047282427000,24.218427001953124,0.3687070608139038,-0.3447650372982025,1.0845733880996704
1790029047302446300,24.2384462890625,0.524330198764801,-0.33039984107017517,1.091755986213684
1790029047322466000,24.258466064453124,-0.10055647045373917,-0.7469909191131592,2.0685901641845703
1790029047332506000,24.268506103515627,0.047884032130241394,-0.047884032130241394,1.5155296325683594
1790029047342516000,24.278515869140627,0.5123591423034668,0.40940847992897034,0.9959878921508789
1790029047352556300,24.288556396484374,0.8930372595787048,-0.2585737705230713,1.6280571222305298
1790029047422716200,24.358716064453127,0.45250412821769714,-0.40940847992897034,0.524330198764801
1790029047432787000,24.368786865234377,0.3687070608139038,0.043095629662275314,-0.272938996553421
1790029047452806400,24.388806396484377,0.667982280254364,0.2537853717803955,-0.751779317855835
1790029047502886000,24.438885986328124,0.019153613597154617,-0.6703764796257019,-0.24899697303771973
1790029047512956700,24.448956787109374,-0.07422025501728058,-0.4644751250743866,-0.05027823522686958
1790029047522997000,24.4589970703125,0.05027823522686958,-0.5291185975074768,0.4141969084739685
1790029047533006600,24.469006591796877,0.026336219161748886,-0.4644751250743866,0.8643068075180054
1790029047543016400,24.479016357421877,0.040701430290937424,-0.3687070608139038,1.1468225717544556
1790029047563036000,24.499035888671877,0.11252748221158981,-0.7948749661445618,1.5969325304031372
1790029047573045800,24.509045654296877,-0.021547814831137657,-1.0797849893569946,1.599326729774475
1790029047653123800,24.589123779296877,-1.0821791887283325,-1.2258312702178955,1.7357962131500244
1790029047693163000,24.6291630859375,-1.2952631711959839,-0.8307880163192749,0.5889736413955688
1790029047703203300,24.639203369140624,-1.3670891523361206,-0.8379706144332886,0.40462008118629456
1790029047723222800,24.659222900390624,-1.048660397529602,-0.8451532125473022,0.49799394607543945
1790029047733232600,24.669232666015624,-0.507570743560791,-0.8307880163192749,0.912190854549408
1790029047743303400,24.679303466796874,-0.30885201692581177,-0.9888052940368652,1.7190368175506592
1790029047753313000,24.68931298828125,-0.47405192255973816,-1.015141487121582,2.006340980529785
1790029047763323000,24.699322998046874,-0.5961562395095825,-1.4437036514282227,2.027888774871826
1790029047773363200,24.70936328125,-0.8307880163192749,-1.3120225667953491,2.118868589401245
1790029047783403500,24.719403564453124,-1.1683704853057861,-1.2066776752471924,2.389413356781006
1790029047793443800,24.72944384765625,-1.4077905416488647,-1.6089035272598267,2.7437551021575928
1790029047813493800,24.74949365234375,-1.4532804489135742,-2.3918075561523438,4.623203277587891
1790029047823503600,24.759503662109374,-1.6376339197158813,-1.7477672100067139,4.446032524108887
1790029047833574400,24.769574462890624,-1.8100165128707886,-1.7812861204147339,3.8977603912353516
1790029047893663500,24.82966357421875,-1.8794482946395874,0.2082955539226532,0.05027823522686958
1790029047923723300,24.85972314453125,-1.2713210582733154,0.22026655077934265,-1.137245774269104
1790029047963762400,24.899762451171874,-0.4644751250743866,-0.12689268589019775,-0.15322890877723694
1790029047973772000,24.90977197265625,-0.5650315880775452,0.08379705995321274,0.33997663855552673
1790029047983812400,24.919812255859377,-0.9050082564353943,-0.20350714027881622,1.0295066833496094
1790029047993822200,24.929822265625,-1.0821791887283325,-0.09816227108240128,0.727837324142456
1790029048003831800,24.939831787109377,-1.2018892765045166,0.2106897532939911,-0.2537853717803955
1790029048023882000,24.959882080078124,-1.1994950771331787,-0.6991068720817566,0.35673606395721436
1790029048033891800,24.969891845703124,-1.3766659498214722,-1.821987509727478,1.5394717454910278
1790029048053911300,24.989911376953124,-1.5059528350830078,-0.6105214357376099,0.17238251864910126
1790029048063951600,24.99995166015625,-1.2018892765045166,0.06224924325942993,0.1604115068912506
1790029048073992000,25.009991943359374,-0.9792284965515137,0.21547815203666687,-0.7924807667732239
1790029048084001500,25.02000146484375,-0.9361328482627869,-0.6392518281936646,-0.4668693244457245
1790029048094041900,25.030041748046877,-1.2449848651885986,-1.1252747774124146,0.40222588181495667
1790029048104051700,25.0400517578125,-1.4101848602294922,-1.2282254695892334,1.436521053314209
1790029048114061300,25.050061279296877,-1.3527239561080933,-1.1540051698684692,1.5203180313110352
1790029048124101600,25.0601015625,-1.2114660739898682,-0.7613561153411865,0.12449848651885986
1790029048184190700,25.120190673828127,-0.9983820915222168,0.646434485912323,-1.3048399686813354
1790029048194231000,25.13023095703125,-1.2832920551300049,0.5315127968788147,-2.3989901542663574
1790029048234331100,25.1703310546875,0.1604115068912506,-0.181959331035614,0.48602294921875
1790029048244341000,25.180341064453124,-0.6512228846549988,0.6823474764823914,-0.2825157940387726
1790029048254350600,25.1903505859375,-1.4269442558288574,0.730231523513794,-1.6089035272598267
1790029048274339800,25.21033984375,-0.8643068075180054,-0.8834604024887085,1.0127472877502441
1790029048284380000,25.2203798828125,0.0454898327589035,-1.5466543436050415,1.9584569931030273
1790029048294389800,25.2303896484375,0.5746083855628967,-0.7613561153411865,1.2330138683319092
1790029048304430000,25.24043017578125,-0.4141969084739685,-0.06224924325942993,-0.5722141861915588
1790029048314440000,25.25043994140625,-1.867477297782898,0.2346317619085312,-1.558625340461731
1790029048324480000,25.26047998046875,-2.4229321479797363,-0.3519476354122162,-1.5753847360610962
1790029048334520300,25.270520263671877,-1.9393033981323242,-0.9624691009521484,0.031124621629714966
1790029048354601000,25.29060107421875,0.5363011956214905,0.5291185975074768,0.9576807022094727
1790029048364610800,25.30061083984375,0.2777273952960968,0.3711012601852417,-0.4668693244457245
1790029048394640100,25.33064013671875,-1.1755530834197998,0.4620809257030487,-0.9959878921508789
1790029048414690000,25.35068994140625,-2.7293899059295654,-0.009576806798577309,-0.4189853072166443
1790029048434770700,25.370770751953124,-0.6512228846549988,-0.24660277366638184,-0.6536170840263367
1790029048454790100,25.3907900390625,-1.4460978507995605,-0.7374141216278076,-1.2976573705673218
1790029048464800000,25.400800048828124,-2.82515811920166,-0.3998316824436188,-0.6799532771110535
1790029048484880400,25.42088037109375,-3.2106244564056396,0.6200982332229614,0.7015010714530945
1790029048494890200,25.43089013671875,-2.1475989818573,2.8802247047424316,0.7565677165985107
1790029048514971000,25.450970947265624,-1.1563993692398071,1.558625340461731,-0.27054479718208313
1790029048524980500,25.46098046875,-1.5897499322891235,0.23942017555236816,-0.5554547905921936
1790029048545000200,25.481000244140624,-1.3000515699386597,0.23942017555236816,0.09576806426048279
1790029048565080600,25.50108056640625,-0.6392518281936646,0.8667010068893433,-0.5363011956214905
1790029048575090400,25.51109033203125,-0.3902548849582672,0.608127236366272,-0.090979665517807
1790029048585130800,25.521130859375,-0.6512228846549988,1.0749965906143188,0.5219359993934631
1790029048605150200,25.541150146484377,-1.4844050407409668,0.8619126081466675,0.912190854549408
1790029048625170000,25.561169921875,-0.6655880808830261,0.7469909191131592,0.9744400978088379
1790029048635179500,25.571179443359377,-0.6105214357376099,1.647210717201233,0.7613561153411865
1790029048655199000,25.591198974609377,-1.2090718746185303,2.6024973392486572,-0.8140285611152649
1790029048665239300,25.6012392578125,-0.9385270476341248,3.0406360626220703,-0.4596867263317108
1790029048675279600,25.611279541015627,-0.9193734526634216,2.9520506858825684,-1.0606313943862915
1790029048715349200,25.651349365234374,0.4165911078453064,1.625662922859192,-1.1492167711257935
1790029048725359000,25.661359130859374,-0.304063618183136,2.3080103397369385,-1.3192051649093628
1790029048735368700,25.67136865234375,-0.8954314589500427,1.9273324012756348,-1.1516109704971313
1790029048755388400,25.691388427734374,-0.5722141861915588,1.1563993692398071,0.42377370595932007
1790029048765428500,25.701428466796877,0.08619125932455063,0.689530074596405,0.8068459630012512
1790029048775438300,25.711438232421877,0.5554547905921936,1.0869675874710083,0.24660277366638184
1790029048845567700,25.781567626953127,-0.16759411990642548,1.7764976024627686,-0.17717093229293823
1790029048865587200,25.801587158203127,-0.4118026793003082,1.4987702369689941,-1.824381709098816
1790029048875627500,25.81162744140625,-0.8571242094039917,1.580173134803772,-2.0877439975738525
1790029048905656800,25.84165673828125,-0.7924807667732239,0.7254431247711182,-1.036689281463623
1790029048915727600,25.8517275390625,-0.6392518281936646,0.646434485912323,-0.6655880808830261
1790029048925768000,25.861767822265627,-0.27054479718208313,0.5219359993934631,-0.3902548849582672
1790029048955797200,25.89179736328125,0.12210428714752197,1.4867992401123047,-1.5825673341751099
1790029048965868000,25.901867919921877,-1.1204863786697388,1.015141487121582,-2.190694570541382
1790029048975908400,25.911908447265624,-2.1739351749420166,0.3256114423274994,-1.5538369417190552
1790029048985918200,25.921918212890624,-2.3726539611816406,-0.7158663272857666,-0.08858546614646912
1790029048995958300,25.931958251953127,-1.3934253454208374,-1.1659762859344482,0.6991068720817566
1790029049005998600,25.94199853515625,0.21787235140800476,-1.280897855758667,0.7158663272857666
1790029049016039000,25.952038818359377,1.2425906658172607,-0.6153098344802856,0.27054479718208313
1790029049026048800,25.962048828125,1.1420341730117798,0.6320692300796509,-1.2761094570159912
1790029049036058400,25.972058349609377,-0.1149216815829277,1.0342950820922852,-1.9991583824157715
1790029049056078000,25.992078125,-1.5921441316604614,0.38546648621559143,-1.0797849893569946
1790029049076097500,26.01209765625,0.9097966551780701,-0.9385270476341248,2.2816741466522217
1790029049086137900,26.022137939453124,1.5107412338256836,-0.1364694982767105,1.0678139925003052
1790029049136247800,26.072247802734374,-0.3016694188117981,0.5770025849342346,-1.5179238319396973
1790029049146287900,26.082287841796877,-0.08379705995321274,-0.586579442024231,0.05746084079146385
1790029049156297700,26.092297607421877,0.3711012601852417,-0.4165911078453064,1.2042834758758545
1790029049166307600,26.1023076171875,0.629675030708313,0.40701428055763245,0.8667010068893433
1790029049176286700,26.11228662109375,0.4141969084739685,0.9385270476341248,-0.42856210470199585
1790029049196337000,26.1323369140625,-0.26336219906806946,0.5985504388809204,-1.7190368175506592
1790029049206346500,26.142346435546877,-0.20350714027881622,0.08858546614646912,-1.1276689767837524
1790029049226396700,26.162396728515624,-0.5339069962501526,-0.12689268589019775,-0.6584054827690125
1790029049246446600,26.182446533203127,-1.1444283723831177,-0.6536170840263367,-0.9433154463768005
1790029049256517400,26.192517333984377,-0.6536170840263367,-0.8786720037460327,0.4620809257030487
1790029049266527200,26.20252734375,0.11252748221158981,-0.8307880163192749,1.2042834758758545
1790029049276537000,26.212537109375,0.5219359993934631,-0.20111294090747833,0.8236053586006165
1790029049306627300,26.24262744140625,-1.1109095811843872,0.1412578970193863,-3.1028854846954346
1790029049326646800,26.262646728515627,-2.1356279850006104,0.19871874153614044,-0.08858546614646912
1790029049336687000,26.27268701171875,-1.522712230682373,-0.9600749015808105,2.2361843585968018
1790029049346697000,26.282697021484374,-0.5985504388809204,-1.6950948238372803,3.998316764831543
1790029049356737300,26.2927373046875,0.5650315880775452,-1.742978811264038,3.3638534545898438
1790029049426866700,26.36286669921875,-0.8834604024887085,0.38307225704193115,-0.2513911724090576
1790029049456896000,26.39289599609375,0.6057330369949341,-0.026336219161748886,-0.033518824726343155
1790029049486925000,26.422925048828127,1.2114660739898682,-0.22026655077934265,1.1635819673538208
1790029049537035000,26.473034912109377,1.1659762859344482,-0.026336219161748886,0.21787235140800476
1790029049547075300,26.483075439453124,0.5554547905921936,-0.28730419278144836,0.5722141861915588
1790029049557085200,26.493085205078124,0.023942016065120697,-0.1149216815829277,0.48602294921875
1790029049567125200,26.503125244140627,-0.08379705995321274,0.19632454216480255,0.24660277366638184
1790029049577135000,26.513135009765627,0.3016694188117981,0.8762778043746948,-0.19871874153614044
1790029049587145000,26.52314501953125,1.1348515748977661,0.7374141216278076,-0.871489405632019
1790029049597185300,26.533185302734374,1.6519991159439087,-0.2585737705230713,-0.16998831927776337
1790029049657304800,26.593304931640624,1.2521674633026123,-0.5027823448181152,0.26336219906806946
1790029049677354800,26.613354736328127,-0.8092401623725891,-0.6847416758537292,1.3024457693099976
1790029049687364600,26.623364501953127,-1.0630255937576294,-0.7852981686592102,0.5650315880775452
1790029049697405000,26.633405029296874,-0.49320554733276367,-0.8978256583213806,0.07422025501728058
1790029049707414800,26.643414794921874,-0.45489832758903503,-0.8786720037460327,-0.12210428714752197
1790029049717424400,26.65342431640625,-0.5267243981361389,-0.7158663272857666,-0.181959331035614
1790029049727434200,26.663434326171874,-0.49320554733276367,-0.19871874153614044,-0.35913026332855225
1790029049737444000,26.673444091796874,-0.12449848651885986,0.1412578970193863,-0.5722141861915588
1790029049807634400,26.743634521484374,0,-0.6272808313369751,1.0534487962722778
1790029049887773400,26.8237734375,-0.9481038451194763,-1.3934253454208374,1.843535304069519
1790029049927873500,26.86387353515625,-0.16519992053508759,-0.07422025501728058,1.3335703611373901
1790029049968034800,26.904034912109374,-0.9720458984375,-0.21308395266532898,0.011971008032560349
1790029049978075100,26.9140751953125,-0.43095630407333374,-0.0071826050989329815,-0.24660277366638184
1790029049988115500,26.924115478515624,-0.38067805767059326,0.2992752194404602,-0.13168109953403473
1790029049998125000,26.934125,-0.7134721279144287,0.021547814831137657,0.35673606395721436
1790029050008135000,26.944135009765624,-1.3862427473068237,-0.07182604819536209,1.0989385843276978
1790029050028184800,26.964184814453127,-0.9648633003234863,-0.12689268589019775,-0.035913024097681046
1790029050078294800,27.014294677734377,-0.8523358106613159,-0.26096799969673157,0.3256114423274994
1790029050158525400,27.094525390625,0.06224924325942993,-0.6655880808830261,0.6727706789970398
1790029050178606000,27.114606201171874,-0.7086837291717529,-0.6943184733390808,0.3519476354122162
1790029050188616000,27.124615966796874,-0.6799532771110535,-0.49320554733276367,0.3758896589279175
1790029050198656000,27.134656005859377,-0.22505496442317963,-0.2106897532939911,-0.19632454216480255
1790029050208665900,27.144665771484377,0.06224924325942993,-0.22505496442317963,-0.3902548849582672
1790029050218706200,27.1547060546875,-0.3208230137825012,-0.4668693244457245,-0.22266076505184174
1790029050228716000,27.164716064453124,-0.871489405632019,-0.4812345504760742,0.22744916379451752
1790029050238756400,27.17475634765625,-0.6512228846549988,-0.12689268589019775,0.021547814831137657
1790029050248796400,27.18479638671875,-0.26336219906806946,-0.10534487664699554,-0.3256114423274994
1790029050258806300,27.19480615234375,-0.3711012601852417,-0.17717093229293823,0.12689268589019775
1790029050268816100,27.204816162109374,-0.49559974670410156,-0.019153613597154617,0.4692635238170624
1790029050298845400,27.234845458984374,-0.3423708379268646,-0.3471592366695404,0.8978256583213806
1790029050318895400,27.254895263671877,0.07900865375995636,-0.07661445438861847,0.4381389021873474
1790029050389055200,27.32505517578125,-2.607285737991333,-0.5027823448181152,1.2210428714752197
1790029050399065000,27.335065185546874,-2.585737943649292,-0.15562310814857483,1.5729905366897583
1790029050419115000,27.355114990234377,-2.0877439975738525,-0.6631938815116882,1.6065093278884888
1790029050429124900,27.365124755859377,-1.235408067703247,-1.2976573705673218,1.6927006244659424
1790029050439134700,27.375134765625,-1.2545616626739502,-1.1683704853057861,1.6400281190872192
1790029050459154200,27.395154296875,-0.7852981686592102,-1.2665326595306396,-0.3519476354122162
1790029050509294600,27.445294677734374,0.31364041566848755,-0.45010992884635925,-0.035913024097681046
1790029050569505800,27.505505859375,0.05506663769483566,0.17238251864910126,0.31842881441116333
1790029050599596000,27.535595947265627,0.2346317619085312,0.19632454216480255,0.016759412363171577
1790029050619615500,27.555615478515627,-0.1388636976480484,0.3471592366695404,-0.3758896589279175
1790029050629625300,27.565625244140627,-0.26336219906806946,0.4429273009300232,-0.3519476354122162
1790029050639635200,27.57563525390625,-0.33518823981285095,0.3974374830722809,-0.016759412363171577
1790029050649675500,27.585675537109374,-0.395043283700943,0.24899697303771973,0.3519476354122162
1790029050659715600,27.595715576171877,-0.5985504388809204,0.11971008777618408,0.569819986820221
1790029050669725400,27.605725341796877,-0.5003881454467773,0.0071826050989329815,0.47405192255973816
1790029050679735300,27.6157353515625,-0.33039984107017517,-0.16998831927776337,0.17717093229293823
1790029050689745000,27.625744873046877,-0.28969839215278625,-0.011971008032560349,-0.12210428714752197
1790029050699785200,27.63578515625,-0.31603461503982544,-0.16998831927776337,0.17238251864910126
1790029050729845000,27.665844970703127,-0.1388636976480484,-0.13407529890537262,0.6512228846549988
1790029050739885300,27.67588525390625,-0.26096799969673157,-0.08379705995321274,0.42856210470199585
1790029050749895200,27.685895263671874,-0.2585737705230713,-0.0071826050989329815,0.38067805767059326
1790029050759966000,27.695966064453124,-0.3974374830722809,0.06224924325942993,0.31364041566848755
1790029050769945000,27.705945068359377,-0.2825157940387726,0.004788403399288654,0.3998316824436188
1790029050779985400,27.7159853515625,-0.38546648621559143,-0.06224924325942993,0.17717093229293823
1790029050789995300,27.725995361328124,-0.4381389021873474,-0.09816227108240128,0.17238251864910126
1790029050800035600,27.73603564453125,-0.4908113479614258,-0.047884032130241394,0.19153612852096558
1790029050810045200,27.746045166015627,-0.22505496442317963,0.07182604819536209,0.2082955539226532
1790029050820085500,27.75608544921875,-0.11013327538967133,0.090979665517807,0.05027823522686958
1790029050850114800,27.78611474609375,0.1364694982767105,-0.090979665517807,0.15801730751991272
1790029050920366300,27.856366455078124,-0.038307227194309235,0.07422025501728058,-0.17717093229293823
1790029050930376200,27.866376220703124,-0.11252748221158981,0,-0.33997663855552673
1790029050940416300,27.876416259765627,-0.13407529890537262,-0.040701430290937424,0.1388636976480484
1790029050960436000,27.89643603515625,-0.07661445438861847,-0.05267243832349777,0.181959331035614
1790029050970476300,27.906476318359374,-0.23942017555236816,-0.0071826050989329815,-0.043095629662275314
1790029050980516400,27.916516357421877,-0.23942017555236816,-0.0071826050989329815,-0.09816227108240128
1790029050990526200,27.926526123046877,-0.09576806426048279,-0.15083470940589905,0.15322890877723694
1790029051000536000,27.9365361328125,0.038307227194309235,-0.18914192914962769,0.2513911724090576
1790029051010545700,27.946545654296877,0.16759411990642548,0.0694318488240242,0.22505496442317963
1790029051020586000,27.9565859375,-0.07422025501728058,0.0454898327589035,0.24899697303771973
1790029051030595800,27.966595947265624,-0.17717093229293823,-0.047884032130241394,0.3232172429561615
1790029051040666600,27.97666650390625,-0.26815059781074524,-0.24660277366638184,0.4165911078453064
1790029051050645800,27.986645751953127,-0.1604115068912506,-0.3519476354122162,0.3495534360408783
1790029051060686000,27.99668603515625,-0.05506663769483566,-0.11971008777618408,0.22026655077934265
1790029051070726400,28.006726318359377,-0.0933738648891449,0.011971008032560349,-0.023942016065120697
1790029051080736300,28.016736328125,-0.031124621629714966,0.15801730751991272,0.21308395266532898
1790029051090745900,28.026745849609377,-0.17238251864910126,-0.13407529890537262,0.22026655077934265
1790029051120775200,28.056775146484377,-0.2753331959247589,-0.21547815203666687,0.181959331035614
1790029051190996200,28.126996337890624,-0.36152446269989014,-0.13407529890537262,0.2801215946674347
1790029051231126800,28.167126708984377,-0.07182604819536209,0.05746084079146385,-0.014365210197865963
1790029051241167000,28.1771669921875,-0.08379705995321274,0.26336219906806946,0.26815059781074524
1790029051261247700,28.197247802734374,-0.26815059781074524,-0.1867477297782898,0.31603461503982544
1790029051271257300,28.20725732421875,-0.05746084079146385,-0.30885201692581177,0.08858546614646912
1790029051281328000,28.217328125,-0.10055647045373917,-0.38307225704193115,-0.3734954595565796
1790029051291338000,28.227337890625,-0.2346317619085312,-0.15322890877723694,-0.38307225704193115
1790029051301378300,28.23737841796875,-0.26815059781074524,0.014365210197865963,0
1790029051311388200,28.24738818359375,-0.028730420395731926,-0.002394201699644327,0.43095630407333374
1790029051321397800,28.257397705078127,0.2298433631658554,0.13168109953403473,0.4381389021873474
1790029051331407600,28.26740771484375,-0.004788403399288654,-0.004788403399288654,0.1364694982767105
1790029051341448000,28.277447998046874,-0.14844051003456116,-0.16998831927776337,-0.023942016065120697
1790029051351488300,28.28748828125,-0.19153612852096558,-0.24420857429504395,-0.026336219161748886
1790029051361559000,28.29755908203125,-0.016759412363171577,-0.21787235140800476,0.05746084079146385
1790029051371568600,28.307568603515627,-0.047884032130241394,0.0454898327589035,0.011971008032560349
1790029051391618800,28.327618896484374,-0.43335050344467163,-0.14844051003456116,-0.009576806798577309
1790029051401628400,28.33762841796875,-0.43095630407333374,-0.043095629662275314,0.15322890877723694
1790029051421678600,28.3576787109375,-0.26336219906806946,-0.08858546614646912,0.07661445438861847
1790029051431688400,28.3676884765625,-0.2298433631658554,-0.10055647045373917,-0.038307227194309235
1790029051441667600,28.37766748046875,-0.1364694982767105,0.038307227194309235,0.12689268589019775
1790029051471757800,28.4077578125,0.06464344263076782,-0.3447650372982025,0.2801215946674347
1790029051491808000,28.42780810546875,-0.20111294090747833,-0.040701430290937424,0.009576806798577309
1790029051511827500,28.447827392578127,-0.27054479718208313,-0.12210428714752197,0.40222588181495667
1790029051521867800,28.45786767578125,-0.019153613597154617,-0.038307227194309235,0.2513911724090576
1790029051541918000,28.47791796875,-0.14604631066322327,-0.09816227108240128,-0.004788403399288654
1790029051551927600,28.487927490234377,-0.15083470940589905,-0.2059013396501541,0.1173158809542656
1790029051561998300,28.497998291015627,-0.08140286058187485,-0.07182604819536209,0.08140286058187485
1790029051572038700,28.50803857421875,-0.1149216815829277,0.0933738648891449,0.0071826050989329815
1790029051612200000,28.548199951171874,0.009576806798577309,-0.1173158809542656,0.11252748221158981
1790029051622209500,28.55820947265625,-0.07900865375995636,-0.08858546614646912,0.016759412363171577
1790029051632249900,28.568249755859377,-0.20111294090747833,-0.06703764945268631,-0.1388636976480484
1790029051642290200,28.578290283203124,-0.21308395266532898,-0.1604115068912506,-0.05027823522686958
1790029051652330500,28.58833056640625,-0.1173158809542656,0.07182604819536209,0.2801215946674347
1790029051672350000,28.608349853515627,-0.11971008777618408,-0.28969839215278625,0
1790029051682420700,28.618420654296877,-0.1604115068912506,-0.15083470940589905,-0.043095629662275314
1790029051692430600,28.6284306640625,-0.0454898327589035,0.023942016065120697,-0.06224924325942993
1790029051702501400,28.63850146484375,-0.06464344263076782,-0.16998831927776337,-0.021547814831137657
1790029051712511200,28.64851123046875,-0.26575639843940735,-0.27054479718208313,0.0933738648891449
1790029051732530700,28.66853076171875,-0.30885201692581177,-0.1628057211637497,-0.019153613597154617
1790029051742601500,28.6786015625,-0.1149216815829277,-0.15801730751991272,-0.06703764945268631
1790029051752611300,28.688611328125,-0.1867477297782898,-0.11252748221158981,0.038307227194309235
1790029051762651400,28.6986513671875,-0.38546648621559143,-0.08619125932455063,0.16519992053508759
1790029051772691700,28.708691650390627,-0.2537853717803955,-0.17238251864910126,0.3519476354122162
1790029051792742000,28.728741943359374,0.14365209639072418,-0.06703764945268631,0.033518824726343155
1790029051832780800,28.76878076171875,-0.06703764945268631,0.040701430290937424,0.07182604819536209
1790029051842821000,28.778821044921877,-0.33279404044151306,-0.002394201699644327,-0.1364694982767105
1790029051852861400,28.788861328125,-0.3256114423274994,-0.05267243832349777,-0.11252748221158981
1790029051872881000,28.808880859375,-0.21787235140800476,-0.22266076505184174,0.0071826050989329815
1790029051892931000,28.82893115234375,-0.19153612852096558,-0.24899697303771973,0.2106897532939911
1790029051933031200,28.86903125,-0.2753331959247589,-0.033518824726343155,-0.2082955539226532
1790029051953142300,28.889142333984374,-0.22266076505184174,-0.12928688526153564,0.4141969084739685
1790029051973222700,28.90922265625,0.033518824726343155,-0.2561795711517334,-0.24899697303771973
1790029051983263000,28.919262939453127,-0.14365209639072418,0.0933738648891449,-0.14365209639072418
1790029051993272800,28.92927294921875,-0.22026655077934265,-0.0454898327589035,0.14365209639072418
1790029052003282700,28.93928271484375,-0.3758896589279175,-0.24899697303771973,0.15562310814857483
1790029052013322800,28.94932275390625,-0.42616790533065796,-0.21547815203666687,0.16998831927776337
1790029052023332600,28.95933251953125,-0.31603461503982544,0.016759412363171577,0.10534487664699554
1790029052033373000,28.969373046875,-0.26815059781074524,-0.08140286058187485,-0.10055647045373917
1790029052043382800,28.9793828125,-0.24420857429504395,-0.043095629662275314,-0.028730420395731926
1790029052053422800,28.9894228515625,-0.1149216815829277,0.047884032130241394,0.1364694982767105
1790029052063432700,28.9994326171875,-0.05506663769483566,-0.026336219161748886,0.16759411990642548
1790029052073442600,29.009442626953124,-0.17477671802043915,-0.031124621629714966,0.2944868206977844
1790029052083452200,29.0194521484375,-0.2561795711517334,-0.10773907601833344,0.2082955539226532
1790029052093462000,29.0294619140625,-0.1149216815829277,-0.0454898327589035,-0.023942016065120697
1790029052133562000,29.06956201171875,-0.14844051003456116,-0.0071826050989329815,0.2322375625371933
1790029052163683000,29.09968310546875,-0.26336219906806946,-0.040701430290937424,0.14844051003456116
1790029052173723400,29.109723388671874,-0.24660277366638184,-0.13407529890537262,0.12928688526153564
1790029052183733000,29.11973291015625,-0.2753331959247589,-0.12449848651885986,0.0694318488240242
1790029052203783200,29.139783203125,-0.33039984107017517,-0.05267243832349777,0.016759412363171577
1790029052213854000,29.14985400390625,-0.08140286058187485,0.014365210197865963,0.2059013396501541
1790029052223894300,29.159894287109374,-0.06224924325942993,-0.090979665517807,0.016759412363171577
1790029052233903900,29.16990380859375,-0.09816227108240128,0.05746084079146385,0
1790029052243974700,29.179974609375,-0.3902548849582672,0.016759412363171577,0.07182604819536209
1790029052253984500,29.189984619140624,-0.24899697303771973,-0.040701430290937424,0.26815059781074524
1790029052264024800,29.20002490234375,-0.2561795711517334,-0.15801730751991272,0.16759411990642548
1790029052274065200,29.210065185546874,-0.11252748221158981,-0.12689268589019775,-0.10773907601833344
1790029052284074800,29.22007470703125,-0.3256114423274994,-0.06224924325942993,-0.11013327538967133
1790029052294115000,29.230114990234377,-0.40940847992897034,-0.07900865375995636,0.08379705995321274
1790029052314165200,29.250165283203124,0.021547814831137657,-0.05985504388809204,0.2537853717803955
1790029052334184700,29.270184814453124,-0.2513911724090576,-0.12689268589019775,0.05985504388809204
1790029052344194600,29.280194580078124,-0.2106897532939911,-0.14365209639072418,0.05506663769483566
1790029052364305700,29.3003056640625,-0.3208230137825012,0.028730420395731926,-0.14604631066322327
1790029052384355600,29.32035546875,-0.23942017555236816,-0.10055647045373917,0.05027823522686958
1790029052394365400,29.330365478515624,-0.15322890877723694,-0.023942016065120697,0.1364694982767105
1790029052424455700,29.36045556640625,-0.1628057211637497,-0.17238251864910126,0.14365209639072418
1790029052444505900,29.380505859375,-0.15562310814857483,-0.10534487664699554,0.16998831927776337
1790029052454515500,29.390515380859377,-0.1412578970193863,-0.10773907601833344,0.090979665517807
1790029052474596000,29.41059619140625,-0.16759411990642548,-0.026336219161748886,0.031124621629714966
1790029052484636400,29.420636474609374,-0.1867477297782898,-0.11252748221158981,0.12449848651885986
1790029052534776800,29.47077685546875,-0.21787235140800476,-0.2059013396501541,0.08379705995321274
1790029052604967200,29.54096728515625,-0.16759411990642548,0.181959331035614,0.24181437492370605
1790029052655077000,29.5910771484375,-0.1867477297782898,-0.031124621629714966,0.0694318488240242
1790029052695177200,29.63117724609375,-0.18914192914962769,-0.19871874153614044,0.1867477297782898
1790029052705217300,29.64121728515625,-0.15562310814857483,-0.16759411990642548,0.07900865375995636
1790029052715227100,29.65122705078125,0.019153613597154617,0.08858546614646912,0.17238251864910126
