time,seconds_elapsed,x,z,y
1790028553405918700,0.128918701171875,-0.17477671802043915,-0.11013327538967133,0.2322375625371933
1790028553425938400,0.1489384765625,-0.2777273952960968,-0.31603461503982544,0.090979665517807
1790028553435978800,0.158978759765625,-0.19871874153614044,-0.14844051003456116,0.15322890877723694
1790028553445819000,0.16881884765625,-0.019153613597154617,-0.1604115068912506,0.028730420395731926
1790028553455498200,0.178498291015625,-0.2537853717803955,-0.1628057211637497,-0.090979665517807
1790028553475117600,0.19811767578125,-0.016759412363171577,-0.06224924325942993,0.22505496442317963
1790028553485127400,0.20812744140625,0.011971008032560349,-0.272938996553421,0.27054479718208313
1790028553515156700,0.23815673828125,-0.14844051003456116,-0.15083470940589905,-0.11252748221158981
1790028553545186000,0.26818603515625,-0.1628057211637497,-0.15562310814857483,0.1604115068912506
1790028553585255700,0.308255615234375,-0.3256114423274994,-0.023942016065120697,0.002394201699644327
1790028553595265300,0.318265380859375,-0.1364694982767105,-0.08140286058187485,0.06703764945268631
1790028553605275100,0.328275146484375,-0.07182604819536209,-0.13407529890537262,0.09576806426048279
1790028553615315500,0.3383154296875,-0.22266076505184174,-0.021547814831137657,0.031124621629714966
1790028553625325300,0.3483251953125,-0.2777273952960968,-0.15801730751991272,0.15801730751991272
1790028553635304400,0.358304443359375,-0.11013327538967133,-0.040701430290937424,0.05506663769483566
1790028553645314300,0.368314208984375,-0.028730420395731926,-0.07182604819536209,0.08379705995321274
1790028553655324000,0.378323974609375,-0.22266076505184174,-0.07182604819536209,0.09576806426048279
1790028553675343600,0.398343505859375,-0.22026655077934265,-0.05506663769483566,0.002394201699644327
1790028553705373000,0.428373046875,-0.2801215946674347,-0.17477671802043915,0.07422025501728058
1790028553715413000,0.4384130859375,-0.011971008032560349,-0.06224924325942993,-0.033518824726343155
1790028553725422800,0.4484228515625,0.023942016065120697,-0.05027823522686958,-0.14844051003456116
1790028553735402200,0.45840234375,-0.12928688526153564,0,0.038307227194309235
1790028553755421700,0.478421630859375,-0.15083470940589905,-0.12210428714752197,0.06703764945268631
1790028553765431300,0.488431396484375,-0.004788403399288654,-0.16519992053508759,0.047884032130241394
1790028553775410700,0.49841064453125,-0.11971008777618408,-0.05985504388809204,0.038307227194309235
1790028553785451000,0.508450927734375,-0.29209262132644653,-0.026336219161748886,0.07661445438861847
1790028553795430100,0.51843017578125,-0.22026655077934265,-0.06464344263076782,0.09816227108240128
1790028553805470500,0.528470458984375,-0.24420857429504395,-0.15083470940589905,0.24181437492370605
1790028553815480300,0.538480224609375,-0.0933738648891449,-0.14365209639072418,0.10773907601833344
1790028553825490000,0.548489990234375,-0.26096799969673157,-0.15562310814857483,0.021547814831137657
1790028553835469300,0.55846923828125,-0.26096799969673157,-0.09816227108240128,-0.08140286058187485
1790028553855488800,0.57848876953125,-0.11971008777618408,-0.009576806798577309,0.047884032130241394
1790028553875508200,0.59850830078125,-0.15562310814857483,-0.17717093229293823,-0.05027823522686958
1790028553895528000,0.61852783203125,-0.12689268589019775,-0.13407529890537262,-0.05746084079146385
1790028553905537500,0.62853759765625,0,0.1173158809542656,-0.090979665517807
1790028553915547400,0.63854736328125,-0.0933738648891449,0.06464344263076782,-0.12449848651885986
1790028553925557200,0.64855712890625,-0.1867477297782898,-0.009576806798577309,0.021547814831137657
1790028553935566800,0.65856689453125,-0.2298433631658554,-0.1604115068912506,0.13407529890537262
1790028553945546200,0.668546142578125,-0.15562310814857483,-0.17238251864910126,0.24420857429504395
1790028553965596200,0.68859619140625,-0.1843535304069519,-0.07900865375995636,-0.07422025501728058
1790028553975606000,0.69860595703125,-0.22026655077934265,-0.15562310814857483,-0.028730420395731926
1790028553985615600,0.70861572265625,-0.1604115068912506,-0.023942016065120697,0.047884032130241394
1790028553995595000,0.718594970703125,-0.16759411990642548,-0.17238251864910126,0.11252748221158981
1790028554005604900,0.72860498046875,-0.21547815203666687,-0.10055647045373917,0.19393034279346466
1790028554015645000,0.73864501953125,-0.16519992053508759,-0.08858546614646912,0.07661445438861847
1790028554025654800,0.74865478515625,-0.1867477297782898,-0.028730420395731926,-0.07900865375995636
1790028554035664600,0.75866455078125,-0.18914192914962769,-0.12210428714752197,-0.15083470940589905
1790028554055684000,0.77868408203125,-0.16519992053508759,0.023942016065120697,0.06703764945268631
1790028554075703600,0.79870361328125,-0.181959331035614,-0.11252748221158981,0.08140286058187485
1790028554085743900,0.808743896484375,-0.2585737705230713,-0.0454898327589035,0.07422025501728058
1790028554095753700,0.818753662109375,-0.15801730751991272,-0.043095629662275314,-0.05267243832349777
1790028554115803600,0.8388037109375,-0.11013327538967133,-0.08379705995321274,-0.06703764945268631
1790028554125813500,0.8488134765625,-0.2322375625371933,-0.07900865375995636,-0.016759412363171577
1790028554135823400,0.8588232421875,-0.10773907601833344,0.05506663769483566,0.047884032130241394
1790028554145802500,0.868802490234375,-0.2106897532939911,-0.05746084079146385,0.05985504388809204
1790028554155842800,0.8788427734375,-0.15801730751991272,-0.07900865375995636,0.0454898327589035
1790028554215932000,0.938931884765625,-0.2106897532939911,-0.090979665517807,-0.002394201699644327
1790028554245930800,0.9689306640625,-0.20350714027881622,-0.004788403399288654,0.043095629662275314
1790028554255971000,0.97897119140625,-0.16998831927776337,-0.038307227194309235,0.019153613597154617
1790028554265950200,0.9889501953125,-0.12449848651885986,-0.06703764945268631,0.05746084079146385
1790028554275990500,0.998990478515625,-0.08858546614646912,-0.12689268589019775,0.040701430290937424
1790028554295979500,1.0189794921875,-0.2082955539226532,-0.016759412363171577,0.11971008777618408
1790028554336018700,1.059018798828125,-0.22266076505184174,0.06464344263076782,-0.011971008032560349
1790028554346028300,1.0690283203125,-0.20111294090747833,0.038307227194309235,-0.0071826050989329815
1790028554356038100,1.0790380859375,-0.15083470940589905,-0.009576806798577309,0
1790028554366047700,1.0890478515625,-0.19153612852096558,0.033518824726343155,0.033518824726343155
1790028554376057600,1.0990576171875,0,0.002394201699644327,0.05027823522686958
1790028554386067500,1.1090673828125,-0.09576806426048279,-0.06224924325942993,0.11013327538967133
1790028554406117400,1.129117431640625,-0.17956513166427612,-0.08140286058187485,0.17477671802043915
1790028554416127200,1.139127197265625,-0.181959331035614,-0.12210428714752197,0.038307227194309235
1790028554496174800,1.2191748046875,-0.18914192914962769,0.002394201699644327,0.035913024097681046
1790028554506154000,1.229154052734375,-0.3471592366695404,-0.033518824726343155,0.08858546614646912
1790028554516163800,1.239163818359375,-0.23942017555236816,-0.07661445438861847,0.22266076505184174
1790028554526204200,1.2492041015625,-0.090979665517807,0.014365210197865963,0.004788403399288654
1790028554536213800,1.2592138671875,-0.20111294090747833,0.023942016065120697,-0.06464344263076782
1790028554546193200,1.269193115234375,-0.181959331035614,-0.10534487664699554,0.06464344263076782
1790028554556203000,1.279203125,-0.19153612852096558,-0.15083470940589905,0.1173158809542656
1790028554566243000,1.2892431640625,-0.10055647045373917,-0.11013327538967133,0.033518824726343155
1790028554576253000,1.2992529296875,-0.0933738648891449,-0.06703764945268631,-0.021547814831137657
1790028554586262800,1.3092626953125,-0.15562310814857483,0.035913024097681046,-0.08140286058187485
1790028554596303000,1.31930322265625,-0.2322375625371933,-0.07661445438861847,0.07900865375995636
1790028554606312700,1.329312744140625,-0.2992752194404602,-0.08858546614646912,-0.016759412363171577
1790028554616322600,1.339322509765625,-0.1628057211637497,-0.10055647045373917,0.07182604819536209
1790028554646321400,1.3693212890625,-0.2825157940387726,-0.1628057211637497,-0.019153613597154617
1790028554656361500,1.379361572265625,-0.1149216815829277,-0.05267243832349777,0.15801730751991272
1790028554676320000,1.399320068359375,-0.14844051003456116,0.011971008032560349,0.05506663769483566
1790028554716389600,1.4393896484375,-0.24181437492370605,-0.07422025501728058,0.014365210197865963
1790028554776478700,1.499478759765625,-0.19632454216480255,-0.023942016065120697,0.028730420395731926
1790028554816518000,1.539517822265625,-0.17477671802043915,-0.05506663769483566,-0.004788403399288654
1790028554856618000,1.579617919921875,-0.15562310814857483,-0.047884032130241394,0.08619125932455063
1790028554916676600,1.639676513671875,-0.1412578970193863,-0.1149216815829277,0
1790028554976765700,1.699765625,-0.2059013396501541,-0.05027823522686958,-0.004788403399288654
1790028555036885200,1.75988525390625,0.12210428714752197,-0.07661445438861847,0.2561795711517334
1790028555046895000,1.76989501953125,0.043095629662275314,-0.031124621629714966,0.2777273952960968
1790028555056874200,1.779874267578125,-0.08619125932455063,-0.019153613597154617,0.28969839215278625
1790028555066884000,1.789884033203125,-0.3256114423274994,-0.19871874153614044,0.29209262132644653
1790028555076893700,1.799893798828125,-0.5817909836769104,-0.44532153010368347,0.2082955539226532
1790028555106923000,1.829923095703125,-1.1516109704971313,-0.7134721279144287,-0.2561795711517334
1790028555116932900,1.839932861328125,-1.1540051698684692,-0.5961562395095825,-0.5386953949928284
1790028555126942700,1.849942626953125,-1.0654197931289673,-0.6823474764823914,-0.6416460275650024
1790028555136921900,1.859921875,-1.094150185585022,-0.40701428055763245,-0.5913678407669067
1790028555146931700,1.869931640625,-1.3048399686813354,-0.6344634294509888,-0.31603461503982544
1790028555156941300,1.87994140625,-1.158793568611145,-0.4429273009300232,0.10295066982507706
1790028555166981600,1.889981689453125,-1.1659762859344482,-0.09576806426048279,0.4812345504760742
1790028555176991500,1.899991455078125,-1.0295066833496094,-0.028730420395731926,0.5530605912208557
1790028555187001300,1.91000146484375,-0.8259995579719543,-0.2753331959247589,0.35913026332855225
1790028555197011000,1.920010986328125,-0.7350199222564697,-0.6009446382522583,0.31364041566848755
1790028555206990300,1.929990234375,-0.9672574996948242,-0.6967126727104187,0.6344634294509888
1790028555217000000,1.94,-1.3934253454208374,-0.7805097699165344,0.8379706144332886
1790028555227040300,1.950040283203125,-1.4173674583435059,-0.7781155705451965,0.4644751250743866
1790028555287038000,2.010037841796875,0.8140285611152649,-0.1867477297782898,-0.507570743560791
1790028555367085600,2.09008544921875,-2.1978771686553955,-0.23942017555236816,0.37828385829925537
1790028555377064700,2.100064697265625,-2.5043349266052246,-0.6153098344802856,0.6751648783683777
1790028555387074600,2.110074462890625,-2.741360902786255,-0.9600749015808105,1.0079588890075684
1790028555407155000,2.130155029296875,-2.7988216876983643,-1.0821791887283325,1.0678139925003052
1790028555417164800,2.140164794921875,-2.8419175148010254,-1.1635819673538208,1.015141487121582
1790028555427174700,2.150174560546875,-2.669534921646118,-0.9528923034667969,0.849941611289978
1790028555437184300,2.160184326171875,-2.3271639347076416,-1.0438719987869263,0.8738836050033569
1790028555447194000,2.170194091796875,-2.142810583114624,-1.1994950771331787,0.9911994934082031
1790028555457173200,2.18017333984375,-2.1595699787139893,-0.8978256583213806,0.6392518281936646
1790028555467183000,2.19018310546875,-2.2697031497955322,-1.139639973640442,0.45489832758903503
1790028555477193000,2.20019287109375,-2.3247697353363037,-1.1180921792984009,0.45010992884635925
1790028555487233300,2.2102333984375,-1.659181833267212,-0.7924807667732239,0.21787235140800476
1790028555497243000,2.220242919921875,-1.0007762908935547,-0.7254431247711182,0.37828385829925537
1790028555517262600,2.2402626953125,-2.0925323963165283,-1.173158884048462,0.7254431247711182
1790028555527241700,2.25024169921875,-2.183511972427368,-0.9361328482627869,0.40940847992897034
1790028555537251600,2.26025146484375,-1.9273324012756348,-0.7996633648872375,0.021547814831137657
1790028555547261200,2.27026123046875,-2.252943754196167,-1.1516109704971313,0.2825157940387726
1790028555557301500,2.280301513671875,-2.169146776199341,-0.8762778043746948,0.14604631066322327
1790028555567311400,2.290311279296875,-1.7190368175506592,-0.7422025203704834,0.1628057211637497
1790028555587330800,2.310330810546875,-1.5322890281677246,-0.2992752194404602,0.3926490843296051
1790028555597340700,2.320340576171875,-1.314416766166687,-0.6129156351089478,0.6033388376235962
1790028555607350300,2.330350341796875,-2.183511972427368,-1.3670891523361206,0.9074024558067322
1790028555617329700,2.34032958984375,-2.695871114730835,-1.1013327836990356,0.9361328482627869
1790028555627400400,2.350400390625,-2.650381326675415,-1.5203180313110352,0.8236053586006165
1790028555667348000,2.390347900390625,0.6224924325942993,-0.5889736413955688,0.15801730751991272
1790028555727406600,2.450406494140625,0.5602431893348694,-0.5650315880775452,0.047884032130241394
1790028555747426000,2.470426025390625,-1.9632453918457031,0.2777273952960968,0.0071826050989329815
1790028555757436000,2.480435791015625,-1.1994950771331787,0.790086567401886,-1.259350061416626
1790028555767445500,2.490445556640625,-0.05746084079146385,-0.6584054827690125,-1.7381904125213623
1790028555777455400,2.500455322265625,-0.09576806426048279,-1.5945383310317993,-0.9433154463768005
1790028555787434500,2.5104345703125,-1.2665326595306396,-0.6009446382522583,-0.31124621629714966
1790028555797444400,2.5204443359375,-1.9943699836730957,0.6224924325942993,-0.6847416758537292
1790028555807423500,2.530423583984375,-1.6400281190872192,1.3263877630233765,-1.9919757843017578
1790028555817463800,2.5404638671875,-0.6607996821403503,-0.21787235140800476,-2.2888567447662354
1790028555827473700,2.5504736328125,-0.828393816947937,-1.5705963373184204,-1.1468225717544556
1790028555837483500,2.5604833984375,-1.6855180263519287,-1.968033790588379,-0.2082955539226532
1790028555897450500,2.620450439453125,-1.1085153818130493,1.623268723487854,1.2449848651885986
1790028555907460400,2.63046044921875,-1.3934253454208374,1.8076223134994507,-0.6488286852836609
1790028555917470000,2.640469970703125,-1.623268723487854,1.0606313943862915,-2.0207061767578125
1790028555927479800,2.650479736328125,-2.118868589401245,-0.6440402865409851,-1.091755986213684
1790028555997548000,2.720548095703125,-1.845929503440857,0.6033388376235962,0.12210428714752197
1790028556007558000,2.730557861328125,-1.6160861253738403,-0.031124621629714966,-1.2401964664459229
1790028556017567700,2.740567626953125,-1.7405846118927002,-1.359906554222107,-0.24899697303771973
1790028556027577300,2.750577392578125,-1.9249382019042969,-0.9409212470054626,0.47405192255973816
1790028556037556700,2.760556640625,-2.1356279850006104,0.011971008032560349,0.15801730751991272
1790028556047566300,2.77056640625,-2.078166961669922,1.2737152576446533,-1.6041151285171509
1790028556057576200,2.780576171875,-2.0446481704711914,0.17477671802043915,-2.434903144836426
1790028556067586000,2.7905859375,-2.0685901641845703,-1.623268723487854,-0.3471592366695404
1790028556077595600,2.800595703125,-1.5155296325683594,-1.091755986213684,1.50355863571167
1790028556087575000,2.810574951171875,-1.05105459690094,-0.15083470940589905,1.0965443849563599
1790028556097615400,2.820615478515625,-1.7334020137786865,0.3064578175544739,-0.811634361743927
1790028556107625000,2.830625,-3.648763418197632,0.6344634294509888,-2.8586769104003906
1790028556117665300,2.840665283203125,-4.817133903503418,0.26815059781074524,-3.1292216777801514
1790028556137715500,2.860715576171875,-3.4356794357299805,1.2761094570159912,-1.7310078144073486
1790028556147725000,2.87072509765625,-2.7006595134735107,1.5490485429763794,-2.52109432220459
1790028556187733800,2.910733642578125,-1.5394717454910278,1.1204863786697388,-0.4405331015586853
1790028556217732400,2.940732421875,-3.1483752727508545,0.2322375625371933,-1.6352397203445435
1790028556227742200,2.9507421875,-2.849100112915039,0.3663128614425659,-0.6344634294509888
1790028556257771500,2.980771484375,-1.9632453918457031,1.6352397203445435,-0.2059013396501541
1790028556297810700,3.020810791015625,-1.8100165128707886,2.7700912952423096,1.4939818382263184
1790028556317891000,3.04089111328125,-1.2306196689605713,2.717418909072876,-1.3958195447921753
1790028556387898400,3.1108984375,-1.0007762908935547,2.7748796939849854,-1.3910311460494995
1790028556397908200,3.120908203125,-0.7374141216278076,2.612074136734009,-1.0031704902648926
1790028556417988900,3.14098876953125,0.004788403399288654,1.8148049116134644,-0.6320692300796509
1790028556427998500,3.15099853515625,0.10534487664699554,2.1595699787139893,-0.5410895943641663
1790028556448048600,3.171048583984375,-0.6631938815116882,1.9177556037902832,-1.6304513216018677
1790028556458058500,3.18105859375,-0.9959878921508789,1.4987702369689941,-1.1061211824417114
1790028556468037600,3.19103759765625,-1.0606313943862915,1.0031704902648926,-0.33518823981285095
1790028556478078000,3.201077880859375,-1.3000515699386597,0.6153098344802856,0.1173158809542656
1790028556488087600,3.211087646484375,-1.0342950820922852,0.2753331959247589,0.5027823448181152
1790028556498097400,3.221097412109375,-1.0414776802062988,0.26575639843940735,0.4644751250743866
1790028556518116900,3.241116943359375,-1.5442601442337036,0.6560112833976746,-0.8595184087753296
1790028556538136600,3.261136474609375,-2.2601263523101807,0.040701430290937424,-1.9752163887023926
1790028556548146200,3.271146240234375,-2.6360161304473877,0.14604631066322327,-1.6639702320098877
1790028556558125600,3.28112548828125,-2.942473888397217,1.1085153818130493,-1.5490485429763794
1790028556568196400,3.2911962890625,-3.3016040325164795,1.802833914756775,-1.6879122257232666
1790028556578175500,3.301175537109375,-3.292027235031128,1.0582371950149536,-1.2330138683319092
1790028556588185300,3.311185302734375,-2.5713725090026855,-1.015141487121582,0.5554547905921936
1790028556598225700,3.3212255859375,0.002394201699644327,-1.1994950771331787,1.721431016921997
1790028556608235300,3.3312353515625,2.231395959854126,-2.0039467811584473,-0.5961562395095825
1790028556618245000,3.3412451171875,2.7461493015289307,-0.6248866319656372,-2.9161376953125
1790028556628255000,3.3512548828125,0.07422025501728058,0.9696516990661621,-2.454056739807129
1790028556638264600,3.3612646484375,-2.9759926795959473,1.9345149993896484,-2.0207061767578125
1790028556648274400,3.3712744140625,-3.287238836288452,1.5298948287963867,-1.0654197931289673
1790028556658284300,3.3812841796875,-0.6320692300796509,0.7158663272857666,0.08379705995321274
1790028556678303700,3.4013037109375,2.3918075561523438,0.524330198764801,1.1228805780410767
1790028556708333000,3.4313330078125,-3.3039982318878174,1.3958195447921753,-2.497152328491211
1790028556718312200,3.441312255859375,-2.964021682739258,-0.2513911724090576,-2.013523578643799
1790028556738332000,3.461331787109375,1.0031704902648926,-1.6615760326385498,2.1595699787139893
1790028556768361200,3.491361328125,-1.8507179021835327,0.7709329724311829,-1.290474772453308
1790028556788350200,3.51135009765625,-3.8810009956359863,-0.8164227604866028,-0.304063618183136
1790028556808400100,3.531400146484375,-0.8044517636299133,-1.802833914756775,1.094150185585022
1790028556828419600,3.551419677734375,-0.4644751250743866,-0.16998831927776337,0.12449848651885986
1790028556838399000,3.56139892578125,-1.3886369466781616,0.28969839215278625,-0.6991068720817566
1790028556858479600,3.581479736328125,-2.4157495498657227,-1.7094600200653076,1.1324573755264282
1790028556878499000,3.6014990234375,-1.3407529592514038,-1.6184803247451782,0.7948749661445618
1790028556888509000,3.611509033203125,-1.357512354850769,-1.278503656387329,0.4884171485900879
1790028556898518500,3.6215185546875,-1.1635819673538208,-0.9385270476341248,-0.16759411990642548
1790028556908528400,3.6315283203125,-0.7637503147125244,-0.8906430602073669,-0.2992752194404602
1790028556918538000,3.6415380859375,-1.1516109704971313,-0.629675030708313,0.4572925269603729
1790028556928547800,3.6515478515625,-1.6160861253738403,-0.3064578175544739,0.9648633003234863
1790028556938527200,3.66152734375,-1.7405846118927002,-1.3335703611373901,0.849941611289978
1790028556958546700,3.681546630859375,-1.1779472827911377,-0.7805097699165344,0.26336219906806946
1790028556968556500,3.691556640625,-0.646434485912323,-1.2880805730819702,0.10534487664699554
1790028556978535700,3.70153564453125,-0.2753331959247589,0.20111294090747833,-0.35434186458587646
1790028556988576000,3.711575927734375,-0.2106897532939911,0.569819986820221,-1.460463047027588
1790028556998585600,3.721585693359375,-0.4189853072166443,-0.35673606395721436,-1.1540051698684692
1790028557008565000,3.73156494140625,-0.8643068075180054,-0.8978256583213806,0.24181437492370605
1790028557048634600,3.771634521484375,-0.028730420395731926,-0.33758243918418884,-1.4460978507995605
1790028557058675000,3.781675048828125,0.16519992053508759,-0.8068459630012512,-0.608127236366272
1790028557108723700,3.8317236328125,-0.6847416758537292,-0.6440402865409851,0.1412578970193863
1790028557118764000,3.841763916015625,-1.2114660739898682,-1.213860273361206,0.3064578175544739
1790028557128773600,3.851773681640625,-1.8171991109848022,-1.0031704902648926,0.9313444495201111
1790028557138814000,3.86181396484375,-1.8100165128707886,0.26096799969673157,-0.07422025501728058
1790028557158864100,3.881864013671875,-0.6560112833976746,-0.26575639843940735,-0.9217676520347595
1790028557198903000,3.921903076171875,-1.3623007535934448,-0.24899697303771973,-0.9864110946655273
1790028557218953200,3.941953125,-0.3734954595565796,-0.35434186458587646,-0.28969839215278625
1790028557228932400,3.951932373046875,0.13407529890537262,0.272938996553421,-0.1843535304069519
1790028557238942200,3.961942138671875,0.4884171485900879,-0.043095629662275314,0.26096799969673157
1790028557248982500,3.971982421875,0.6009446382522583,-0.4405331015586853,0.912190854549408
1790028557258961700,3.981961669921875,0.33518823981285095,-0.4405331015586853,1.3096283674240112
1790028557289021400,4.012021484375,-0.11013327538967133,-0.2106897532939911,0.5434837937355042
1790028557299031300,4.02203125,-0.07422025501728058,-0.9528923034667969,1.113303780555725
1790028557319020300,4.042020263671875,-0.524330198764801,-0.3232172429561615,1.094150185585022
1790028557329060600,4.052060546875,-0.3208230137825012,-0.19632454216480255,0.507570743560791
1790028557349049600,4.072049560546875,-0.6033388376235962,0.11971008777618408,0.4836287498474121
1790028557359090000,4.08208984375,-1.0127472877502441,-0.2322375625371933,0.5506663918495178
1790028557399159600,4.12215966796875,-0.2801215946674347,-0.33997663855552673,0.2825157940387726
1790028557409199600,4.13219970703125,-0.4644751250743866,-0.12689268589019775,0.5267243981361389
1790028557429219300,4.15221923828125,0.026336219161748886,0.33518823981285095,-0.090979665517807
1790028557439229000,4.16222900390625,-0.21547815203666687,-0.13168109953403473,0.3208230137825012
1790028557449208300,4.172208251953125,-0.9002198576927185,-0.49320554733276367,0.6200982332229614
1790028557459279000,4.182279052734375,-1.3455413579940796,0.06703764945268631,0.07900865375995636
1790028557469289000,4.1922890625,-1.0127472877502441,0.24420857429504395,-0.4596867263317108
1790028557499379200,4.222379150390625,-1.0462661981582642,-0.9768342971801758,-0.181959331035614
1790028557519398700,4.242398681640625,-2.4827871322631836,-1.256955862045288,0.1867477297782898
1790028557529408500,4.252408447265625,-2.3080103397369385,-1.0773907899856567,0.5051765441894531
1790028557539418000,4.262418212890625,-2.126051187515259,-1.0247182846069336,0.8786720037460327
1790028557549397500,4.2723974609375,-2.367865562438965,-1.3239935636520386,1.0414776802062988
1790028557569447400,4.292447509765625,-3.1962592601776123,-1.5514427423477173,0.5195417404174805
1790028557579457300,4.302457275390625,-3.5410242080688477,-1.7717092037200928,0.5363011956214905
1790028557599476700,4.322476806640625,-3.825934410095215,-2.2697031497955322,1.6065093278884888
1790028557609486600,4.332486572265625,-3.6846764087677,-1.9800047874450684,1.5729905366897583
1790028557619496400,4.342496337890625,-2.9975404739379883,-1.647210717201233,1.1420341730117798
1790028557629506000,4.352506103515625,-2.3104045391082764,-1.6424223184585571,1.2090718746185303
1790028557639516000,4.362515869140625,-2.322375535964966,-1.8411411046981812,1.400607943534851
1790028557649556200,4.37255615234375,-2.38462495803833,-1.656787633895874,1.170764684677124
1790028557659596500,4.382596435546875,-2.387019157409668,-1.6160861253738403,0.8690952062606812
1790028557669636900,4.392636962890625,-2.2625205516815186,-1.6041151285171509,0.8451532125473022
1790028557679646500,4.402646484375,-2.3558945655822754,-1.359906554222107,0.849941611289978
1790028557709675800,4.43267578125,-2.1811177730560303,-1.6160861253738403,0.9983820915222168
1790028557719685600,4.442685546875,-2.4157495498657227,-0.7326257228851318,0.586579442024231
1790028557769764900,4.492764892578125,-1.7381904125213623,-0.9265560507774353,0.3519476354122162
1790028557799794200,4.522794189453125,-1.7573440074920654,-0.4405331015586853,0.646434485912323
1790028557819813600,4.542813720703125,-1.601720929145813,-1.170764684677124,1.0247182846069336
1790028557859883300,4.58288330078125,-0.37828385829925537,-0.5434837937355042,0.4429273009300232
1790028557869893000,4.59289306640625,-0.586579442024231,-0.9792284965515137,0.5650315880775452
1790028557879903000,4.602903076171875,-1.0462661981582642,-0.7924807667732239,0.5578489899635315
1790028557889912600,4.61291259765625,-1.5394717454910278,-0.24899697303771973,0.30885201692581177
1790028557899953000,4.622952880859375,-1.6304513216018677,0.07900865375995636,-0.05027823522686958
1790028557909962800,4.632962646484375,-1.314416766166687,0.3663128614425659,-0.4908113479614258
1790028557929982200,4.652982177734375,-0.2298433631658554,-0.7350199222564697,-0.7493851184844971
1790028557939992000,4.662991943359375,-0.33997663855552673,-0.5386953949928284,-0.3734954595565796
1790028557960042000,4.6830419921875,-1.7932571172714233,0.090979665517807,0.24660277366638184
1790028557970051800,4.6930517578125,-1.7046716213226318,1.1755530834197998,-0.7948749661445618
1790028557980061400,4.7030615234375,-1.139639973640442,0.8475474119186401,-1.9632453918457031
1790028557990101800,4.713101806640625,-0.8523358106613159,0.10773907601833344,-1.764526605606079
1790028558000111600,4.723111572265625,-1.0797849893569946,-0.05506663769483566,-1.1779472827911377
1790028558010121500,4.73312158203125,-1.5538369417190552,-0.37828385829925537,-0.06703764945268631
1790028558020131000,4.743131103515625,-1.3838485479354858,0.031124621629714966,0.29209262132644653
1790028558040150500,4.763150634765625,-0.6727706789970398,1.0678139925003052,-1.158793568611145
1790028558050221600,4.7732216796875,-0.5626373887062073,0.9744400978088379,-2.6216509342193604
1790028558060231200,4.783231201171875,-1.1683704853057861,-0.4668693244457245,-1.867477297782898
1790028558070241000,4.793240966796875,-2.097320795059204,-0.3758896589279175,-0.5578489899635315
1790028558080251000,4.8032509765625,-2.5785553455352783,0.1628057211637497,0.1149216815829277
1790028558090260500,4.813260498046875,-2.22660756111145,1.400607943534851,-1.1109095811843872
1790028558100270300,4.823270263671875,-1.6711528301239014,1.414973258972168,-2.959233283996582
1790028558110280000,4.833280029296875,-1.3072341680526733,0.08140286058187485,-2.607285737991333
1790028558120320300,4.8433203125,-0.7757213711738586,-1.6041151285171509,-0.730231523513794
1790028558170338600,4.893338623046875,-2.52109432220459,-0.5363011956214905,-0.3471592366695404
1790028558230458400,4.953458251953125,-0.9241618514060974,-0.6129156351089478,-0.38067805767059326
1790028558270558500,4.993558349609375,-1.3072341680526733,0.5003881454467773,-0.3208230137825012
1790028558290578000,5.013577880859375,-2.185906171798706,0.1149216815829277,-0.026336219161748886
1790028558300618200,5.0236181640625,-2.2864625453948975,0.2825157940387726,-0.17477671802043915
1790028558310658600,5.033658447265625,-2.3127987384796143,0.689530074596405,-0.7805097699165344
1790028558320668200,5.043668212890625,-2.540247917175293,0.3471592366695404,-1.601720929145813
1790028558380757200,5.10375732421875,-1.5466543436050415,0.6248866319656372,0.24899697303771973
1790028558390797600,5.113797607421875,-2.0470423698425293,0.9385270476341248,-0.3016694188117981
1790028558400838000,5.123837890625,-2.140416383743286,0.5770025849342346,-0.040701430290937424
1790028558410847700,5.13384765625,-1.5298948287963867,0.6057330369949341,-0.004788403399288654
1790028558440877000,5.163876953125,-1.1492167711257935,0.5099649429321289,-0.8978256583213806
1790028558450856200,5.173856201171875,-1.1061211824417114,1.1516109704971313,-0.47405192255973816
1790028558511006500,5.23400634765625,-1.292868971824646,0.5841852426528931,0.28969839215278625
1790028558541096700,5.2640966796875,-0.9768342971801758,2.363077163696289,1.4317326545715332
1790028558561177300,5.28417724609375,-0.4596867263317108,1.7956513166427612,0.23702596127986908
1790028558571187000,5.29418701171875,-0.569819986820221,1.2090718746185303,-1.2042834758758545
1790028558581196800,5.30419677734375,-0.8379706144332886,1.2425906658172607,-1.6280571222305298
1790028558591206700,5.31420654296875,-1.2210428714752197,2.1930887699127197,-0.6272808313369751
1790028558601246700,5.324246826171875,-0.8882488012313843,2.58813214302063,0.15083470940589905
1790028558621266400,5.344266357421875,-0.3423708379268646,2.250549554824829,-0.004788403399288654
1790028558631306800,5.354306640625,-0.2801215946674347,2.1380221843719482,-0.5746083855628967
1790028558641316400,5.36431640625,-0.586579442024231,1.8315643072128296,-0.7134721279144287
1790028558691456800,5.414456787109375,-0.05027823522686958,0.181959331035614,-0.0694318488240242
1790028558701466600,5.424466552734375,-0.49320554733276367,0.5291185975074768,-0.12928688526153564
1790028558711507000,5.4345068359375,-0.6823474764823914,0.9888052940368652,-0.15801730751991272
1790028558721547300,5.44454736328125,-0.8954314589500427,0.8690952062606812,-0.24899697303771973
1790028558731526400,5.4545263671875,-0.9672574996948242,0.6703764796257019,0.035913024097681046
1790028558741566700,5.464566650390625,-0.9888052940368652,0.4812345504760742,0.22266076505184174
1790028558751545900,5.4745458984375,-0.8547300100326538,-0.26336219906806946,0.6512228846549988
1790028558761586200,5.484586181640625,-0.21787235140800476,-0.2753331959247589,0.6224924325942993
1790028558771596000,5.494595947265625,0.12210428714752197,0.14365209639072418,-0.1604115068912506
1790028558791646000,5.51464599609375,-0.7493851184844971,0.6751648783683777,-0.9911994934082031
1790028558801655800,5.52465576171875,-1.6831238269805908,1.0749965906143188,-1.3263877630233765
1790028558811696000,5.534696044921875,-2.0446481704711914,0.9289502501487732,-1.173158884048462
1790028558821675300,5.54467529296875,-2.1523873805999756,0.4812345504760742,-0.2561795711517334
1790028558831746000,5.55474609375,-2.011129379272461,-0.8882488012313843,1.0558429956436157
1790028558861775400,5.584775390625,2.5306711196899414,-1.2976573705673218,-0.0694318488240242
1790028558911854800,5.634854736328125,-1.965639591217041,0.3280056416988373,0.14844051003456116
1790028558921864400,5.644864501953125,0.2585737705230713,-1.647210717201233,1.256955862045288
1790028558931874300,5.654874267578125,2.5115175247192383,-1.5897499322891235,1.5729905366897583
1790028558951893800,5.674893798828125,1.4437036514282227,0.12210428714752197,-1.6280571222305298
1790028558961934000,5.68493408203125,-1.048660397529602,0.9026140570640564,-2.0805611610412598
1790028558971944000,5.69494384765625,-2.6024973392486572,1.1875240802764893,-1.5466543436050415
1790028558991963400,5.71496337890625,-1.0845733880996704,-1.0223240852355957,0.7757213711738586
1790028559001973200,5.72497314453125,0.7230489253997803,-1.280897855758667,1.944091796875
1790028559032002600,5.75500244140625,0.29209262132644653,1.2210428714752197,-2.6216509342193604
1790028559062062300,5.785062255859375,-2.360682964324951,0.14604631066322327,-0.05506663769483566
1790028559082112300,5.8051123046875,0.7709329724311829,-1.316810965538025,0.9983820915222168
1790028559092122000,5.8151220703125,1.3479355573654175,-0.6703764796257019,-0.49320554733276367
1790028559112141600,5.8351416015625,-1.0462661981582642,1.4748282432556152,-3.272873640060425
1790028559122151400,5.8451513671875,-2.0805611610412598,1.2114660739898682,-2.2888567447662354
1790028559132191700,5.855191650390625,-2.1332337856292725,0.363918662071228,-0.1173158809542656
1790028559142201300,5.865201416015625,-0.8810662031173706,-1.0103530883789062,1.1994950771331787
1790028559152211200,5.875211181640625,0.7254431247711182,-1.414973258972168,1.338358759880066
1790028559162221000,5.885220947265625,1.5538369417190552,-1.2306196689605713,0.0933738648891449
1790028559172230700,5.895230712890625,1.359906554222107,-0.363918662071228,-0.9002198576927185
1790028559182240500,5.905240478515625,0.5051765441894531,-0.023942016065120697,-0.8020575642585754
1790028559202290400,5.92529052734375,-0.8906430602073669,0.4596867263317108,0.2777273952960968
1790028559212330800,5.935330810546875,-0.9074024558067322,-0.1412578970193863,0.3519476354122162
1790028559262349000,5.98534912109375,0.6392518281936646,-0.304063618183136,0.40701428055763245
1790028559312428500,6.035428466796875,-0.7709329724311829,-0.272938996553421,-0.8906430602073669
1790028559322438100,6.045438232421875,-0.5339069962501526,-0.2992752194404602,-0.7948749661445618
1790028559342488300,6.06548828125,-0.363918662071228,-0.021547814831137657,-0.7589619159698486
1790028559352498200,6.075498291015625,0.09816227108240128,-0.2753331959247589,-0.6584054827690125
1790028559362507800,6.0855078125,0.5578489899635315,-0.5770025849342346,0.11013327538967133
1790028559372517600,6.095517578125,0.7206547260284424,-0.667982280254364,1.091755986213684
1790028559382527500,6.105527587890625,0.5889736413955688,-0.5770025849342346,0.47884035110473633
1790028559392537000,6.115537109375,0.3687070608139038,-0.9002198576927185,0.10534487664699554
1790028559412556500,6.135556640625,0.05027823522686958,-0.040701430290937424,-1.170764684677124
1790028559422596900,6.145596923828125,0.49799394607543945,-0.24181437492370605,-1.01753568649292
1790028559432637200,6.15563720703125,0.7134721279144287,-0.8738836050033569,0.2059013396501541
1790028559442647000,6.16564697265625,0.38546648621559143,-0.7134721279144287,1.6089035272598267
1790028559452687400,6.175687255859375,0.10534487664699554,-0.2968810200691223,1.50355863571167
1790028559462666500,6.18566650390625,0.038307227194309235,-0.45250412821769714,0.8619126081466675
1790028559472676400,6.19567626953125,0.4213795065879822,-0.15322890877723694,-0.3902548849582672
1790028559502705700,6.22570556640625,0.6105214357376099,-0.181959331035614,0.7015010714530945
1790028559512746000,6.23574609375,0.023942016065120697,0.14844051003456116,1.0821791887283325
1790028559552754400,6.27575439453125,0.4357447028160095,-1.0007762908935547,0.7398083209991455
1790028559602864400,6.325864501953125,0.2082955539226532,-0.4357447028160095,0.706289529800415
1790028559622853400,6.345853271484375,-0.1867477297782898,-1.072602391242981,1.4413094520568848
1790028559652974000,6.37597412109375,0.40940847992897034,-0.06464344263076782,-0.5961562395095825
1790028559662984000,6.38598388671875,0.2992752194404602,-0.08858546614646912,0.4141969084739685
1790028559673024300,6.396024169921875,-0.2825157940387726,-0.524330198764801,1.4628572463989258
1790028559683033900,6.406033935546875,-0.6368576288223267,-0.9959878921508789,1.4484920501708984
1790028559693074200,6.41607421875,0.009576806798577309,-0.9816226959228516,1.0127472877502441
1790028559703084000,6.426083984375,0.7469909191131592,-0.7350199222564697,0.5027823448181152
1790028559713094000,6.436093994140625,1.0127472877502441,-0.8619126081466675,0.751779317855835
1790028559743153700,6.466153564453125,-0.304063618183136,-0.5937620401382446,0.8403648138046265
1790028559753194000,6.476194091796875,-0.586579442024231,-0.47884035110473633,0.7829039692878723
1790028559773213400,6.49621337890625,-0.3878606855869293,-0.4189853072166443,0.49559974670410156
1790028559783192600,6.506192626953125,0.002394201699644327,-0.6823474764823914,0.5147533416748047
1790028559793233000,6.51623291015625,-0.2082955539226532,-1.2210428714752197,1.091755986213684
1790028559803242800,6.52624267578125,-0.5315127968788147,-1.1779472827911377,1.4389152526855469
1790028559813252400,6.53625244140625,-0.7637503147125244,-1.2425906658172607,1.6089035272598267
1790028559823231700,6.546231689453125,-0.828393816947937,-1.2545616626739502,1.6280571222305298
1790028559843281700,6.56628173828125,-0.8954314589500427,-0.5578489899635315,1.048660397529602
1790028559853291500,6.57629150390625,-0.9289502501487732,-0.5315127968788147,0.6967126727104187
1790028559863301400,6.58630126953125,-0.727837324142456,-0.9097966551780701,0.667982280254364
1790028559873311000,6.59631103515625,-0.811634361743927,-1.1659762859344482,0.7398083209991455
1790028559883320800,6.60632080078125,-1.0582371950149536,-0.8858546018600464,0.5650315880775452
1790028559943410000,6.666409912109375,-0.7015010714530945,-1.2952631711959839,1.3623007535934448
1790028559953419800,6.676419677734375,-1.0893617868423462,-1.359906554222107,1.3527239561080933
1790028559963429400,6.686429443359375,-1.534683346748352,-1.5849615335464478,1.091755986213684
1790028559973439200,6.696439208984375,-1.6041151285171509,-1.702277421951294,1.094150185585022
1790028559983449000,6.706448974609375,-1.6639702320098877,-1.5729905366897583,1.115697979927063
1790028560003468500,6.726468505859375,-1.845929503440857,-1.8483237028121948,1.2042834758758545
1790028560023488000,6.746488037109375,-1.9273324012756348,-1.8770540952682495,1.216254472732544
1790028560053547800,6.7765478515625,-1.0654197931289673,-1.6759412288665771,1.292868971824646
1790028560083638300,6.80663818359375,-1.455674648284912,-1.742978811264038,1.3694833517074585
1790028560093648000,6.81664794921875,-1.2737152576446533,-1.45806884765625,1.194706678390503
1790028560103657700,6.82665771484375,-0.9409212470054626,-1.1420341730117798,1.0630255937576294
1790028560113667600,6.83666748046875,-1.0606313943862915,-1.357512354850769,1.479616641998291
1790028560123677200,6.84667724609375,-1.5610195398330688,-1.2425906658172607,1.6065093278884888
1790028560133687000,6.85668701171875,-1.4891934394836426,-0.9888052940368652,0.9457096457481384
1790028560143697000,6.86669677734375,-1.216254472732544,-1.0319008827209473,0.7589619159698486
1790028560153706500,6.87670654296875,-1.2210428714752197,-1.2306196689605713,1.039083480834961
1790028560163746800,6.886746826171875,-1.4963760375976562,-1.3623007535934448,0.9433154463768005
1790028560183797000,6.906796875,-1.2090718746185303,-1.1204863786697388,0.3471592366695404
1790028560193806600,6.916806640625,-0.828393816947937,-1.2258312702178955,0.706289529800415
1790028560223927600,6.946927490234375,-1.091755986213684,-0.8547300100326538,0.7038952708244324
1790028560233906700,6.95690673828125,-0.8403648138046265,-0.5746083855628967,0.31124621629714966
1790028560243947000,6.966947021484375,-0.33518823981285095,-0.993593692779541,0.48602294921875
1790028560253956900,6.976956787109375,-0.1173158809542656,-1.3431471586227417,1.1827356815338135
1790028560263966500,6.986966552734375,-0.31603461503982544,-0.9864110946655273,1.4389152526855469
1790028560273976300,6.996976318359375,-0.4405331015586853,-0.40222588181495667,1.3503297567367554
1790028560314046000,7.0370458984375,-1.036689281463623,-0.5650315880775452,0.5267243981361389
1790028560344105700,7.067105712890625,-0.26815059781074524,-0.9864110946655273,0.9074024558067322
1790028560354115600,7.077115478515625,-0.3423708379268646,-0.8954314589500427,0.7469909191131592
1790028560364125200,7.087125244140625,-0.6416460275650024,-1.3287819623947144,0.9576807022094727
1790028560374104600,7.0971044921875,-0.9983820915222168,-1.4532804489135742,1.2689268589019775
1790028560384145000,7.107144775390625,-1.0247182846069336,-1.1563993692398071,1.070208191871643
1790028560394185000,7.11718505859375,-0.9169792532920837,-1.3263877630233765,0.6272808313369751
1790028560404225300,7.127225341796875,-0.7565677165985107,-1.6663644313812256,1.0893617868423462
1790028560414265600,7.137265625,-0.31603461503982544,-0.9624691009521484,0.6847416758537292
1790028560424306000,7.147305908203125,0.05985504388809204,-1.403002142906189,-1.278503656387329
1790028560434315800,7.157315673828125,0.35673606395721436,-1.7693150043487549,-1.8962076902389526
1790028560444356000,7.167356201171875,0.2825157940387726,-0.37828385829925537,-1.4389152526855469
1790028560454365700,7.17736572265625,-0.5410895943641663,0.3495534360408783,-1.1252747774124146
1790028560464375600,7.18737548828125,-1.2761094570159912,0.0933738648891449,-0.363918662071228
1790028560484425500,7.207425537109375,-0.9576807022094727,2.0039467811584473,-0.9097966551780701
1790028560494404900,7.21740478515625,-0.002394201699644327,0.8954314589500427,-0.2346317619085312
1790028560504445200,7.227445068359375,0.5123591423034668,0.038307227194309235,1.2330138683319092
1790028560514454800,7.237454833984375,0.5051765441894531,0.5722141861915588,1.45806884765625
1790028560524464600,7.247464599609375,0.31603461503982544,0.6224924325942993,0.4644751250743866
1790028560534505000,7.2575048828125,0.31124621629714966,-0.1173158809542656,0.5003881454467773
1790028560544514600,7.2675146484375,0.45250412821769714,-0.4141969084739685,0.8379706144332886
1790028560564534300,7.2875341796875,-0.3064578175544739,0.9816226959228516,0.2944868206977844
1790028560574544000,7.2975439453125,-0.6943184733390808,1.2856862545013428,-0.828393816947937
1790028560584553700,7.3075537109375,-1.0031704902648926,-0.13168109953403473,-0.42856210470199585
1790028560624623400,7.347623291015625,-0.5578489899635315,0.395043283700943,-0.06224924325942993
1790028560694752800,7.417752685546875,-1.3287819623947144,-0.8092401623725891,-0.7805097699165344
1790028560784871200,7.50787109375,-1.8770540952682495,0.5770025849342346,-0.6057330369949341
1790028560844960300,7.567960205078125,-1.6160861253738403,0.6105214357376099,-1.0678139925003052
1790028560854970000,7.57797021484375,-1.2210428714752197,0.2849099934101105,-0.6607996821403503
1790028560864979700,7.587979736328125,-1.0773907899856567,-0.4692635238170624,-0.42856210470199585
1790028560874989600,7.597989501953125,-1.213860273361206,0.24660277366638184,-0.15083470940589905
1790028560884968700,7.60796875,-1.800439715385437,0.12928688526153564,-0.45250412821769714
1790028560895009000,7.618009033203125,-2.094926595687866,1.1085153818130493,-1.091755986213684
1790028560925068800,7.64806884765625,-0.6703764796257019,-0.12928688526153564,0.5410895943641663
1790028560935048200,7.658048095703125,-0.933738648891449,-0.2322375625371933,1.1276689767837524
1790028560945119000,7.668118896484375,-0.6248866319656372,-0.13407529890537262,0.2298433631658554
1790028560955128600,7.678128662109375,-0.8092401623725891,0.7015010714530945,0.7589619159698486
1790028560965138400,7.688138427734375,-0.9241618514060974,1.0079588890075684,-0.2849099934101105
1790028560985188600,7.708188720703125,-1.137245774269104,1.8507179021835327,0.07422025501728058
1790028560995228700,7.718228759765625,-0.8236053586006165,2.070984363555908,0.1388636976480484
1790028561045277700,7.768277587890625,-0.8690952062606812,1.9033904075622559,-0.2825157940387726
1790028561065266700,7.7882666015625,-0.9289502501487732,2.3774423599243164,-1.5322890281677246
1790028561075276300,7.7982763671875,-0.9888052940368652,2.2218191623687744,-1.3838485479354858
1790028561085286100,7.8082861328125,-0.6631938815116882,2.248155355453491,-1.113303780555725
1790028561095296000,7.8182958984375,-0.17717093229293823,2.315192937850952,-0.8762778043746948
1790028561105336300,7.82833642578125,0.05746084079146385,2.2433669567108154,-0.6272808313369751
1790028561135396000,7.85839599609375,0.31603461503982544,2.27209734916687,-0.3232172429561615
1790028561145405700,7.86840576171875,-0.031124621629714966,1.7334020137786865,-0.849941611289978
1790028561155415600,7.87841552734375,0.021547814831137657,1.7405846118927002,-0.8068459630012512
1790028561185444900,7.90844482421875,0.2825157940387726,1.6759412288665771,-0.629675030708313
1790028561205464300,7.92846435546875,0.05267243832349777,1.1779472827911377,0.2537853717803955
1790028561215504600,7.938504638671875,-0.009576806798577309,0.8810662031173706,0.14844051003456116
1790028561225514500,7.948514404296875,-0.090979665517807,0.38546648621559143,-0.1388636976480484
1790028561245534000,7.968533935546875,-0.15322890877723694,0.8451532125473022,-0.9672574996948242
1790028561255543800,7.978543701171875,-0.395043283700943,0.5722141861915588,-0.8188169598579407
1790028561265553400,7.988553466796875,-0.5506663918495178,0.4213795065879822,-0.5841852426528931
1790028561275563300,7.998563232421875,-0.7733271718025208,0.4405331015586853,-0.035913024097681046
1790028561285573000,8.008572998046875,-0.6512228846549988,0.06703764945268631,0.2298433631658554
1790028561295582700,8.018582763671875,-0.5003881454467773,-0.2968810200691223,0.3687070608139038
1790028561315633000,8.0386328125,-0.10773907601833344,0.2801215946674347,-1.1971008777618408
1790028561325642500,8.048642578125,-0.5937620401382446,0.507570743560791,-2.008735179901123
1790028561335622000,8.058621826171875,-1.3982137441635132,0.507570743560791,-1.766920804977417
1790028561345631500,8.068631591796875,-1.4077905416488647,0.17238251864910126,-0.9313444495201111
1790028561355641300,8.078641357421875,-1.072602391242981,-0.14844051003456116,-0.14604631066322327
1790028561365651200,8.088651123046875,-0.4884171485900879,-0.40940847992897034,0.11252748221158981
1790028561375630300,8.09863037109375,0.15322890877723694,0.040701430290937424,-0.10295066982507706
1790028561385701000,8.108701171875,0.689530074596405,0.2059013396501541,-0.5937620401382446
1790028561405690000,8.128690185546875,0.9744400978088379,0.6320692300796509,-1.558625340461731
1790028561415700000,8.138699951171875,0.9720458984375,1.6496049165725708,-2.2457611560821533
1790028561425679000,8.14867919921875,0.4884171485900879,2.8155810832977295,-2.2840683460235596
1790028561435719400,8.158719482421875,-0.43095630407333374,2.719813108444214,-1.5298948287963867
1790028561495747600,8.21874755859375,1.070208191871643,-0.0071826050989329815,-0.6488286852836609
1790028561525777000,8.24877685546875,-1.7310078144073486,1.4532804489135742,-1.8794482946395874
1790028561595845000,8.31884521484375,-2.6599581241607666,1.5298948287963867,-2.5761611461639404
1790028561625874400,8.34887451171875,1.4484920501708984,-1.8626888990402222,1.1013327836990356
1790028561635884300,8.35888427734375,3.222595453262329,-0.4141969084739685,-0.5123591423034668
1790028561645894100,8.36889404296875,2.8802247047424316,1.5921441316604614,-1.8195933103561401
1790028561655903700,8.37890380859375,0.6320692300796509,1.6328455209732056,-0.8690952062606812
1790028561665913600,8.38891357421875,-1.235408067703247,0.8954314589500427,0.7733271718025208
1790028561675923500,8.39892333984375,-1.501164436340332,0.05985504388809204,1.0845733880996704
1790028561756032000,8.479031982421875,-1.0055646896362305,-0.7445967197418213,-0.5913678407669067
1790028561766102800,8.489102783203125,-0.524330198764801,-0.8547300100326538,-0.7469909191131592
1790028561836171300,8.559171142578125,0.23702596127986908,-0.11013327538967133,0.016759412363171577
1790028561846180900,8.569180908203125,0.5363011956214905,-0.12928688526153564,0.6368576288223267
1790028561856190700,8.579190673828125,0.6153098344802856,0.9457096457481384,-0.28730419278144836
1790028561866200600,8.58920068359375,0.7852981686592102,0.35434186458587646,-0.20111294090747833
1790028561876210200,8.599210205078125,0.5482721924781799,-0.4884171485900879,0.6919242739677429
1790028561886220000,8.609219970703125,0.019153613597154617,-0.8643068075180054,1.8531121015548706
1790028561896199200,8.61919921875,-0.15562310814857483,-0.7015010714530945,1.5203180313110352
1790028561906239500,8.629239501953125,0.10773907601833344,-0.7374141216278076,0.38307225704193115
1790028561916249300,8.639249267578125,0.5027823448181152,-0.3902548849582672,-0.1867477297782898
1790028561986348300,8.709348388671875,-0.1628057211637497,-1.5514427423477173,0.3447650372982025
1790028561996358000,8.71935791015625,-0.31842881441116333,-1.522712230682373,1.0055646896362305
1790028562006367700,8.72936767578125,-0.5817909836769104,-1.3024457693099976,1.0055646896362305
1790028562016377300,8.73937744140625,-0.586579442024231,-0.2561795711517334,-0.08858546614646912
1790028562026387200,8.74938720703125,-0.2801215946674347,0.15322890877723694,-1.0462661981582642
1790028562036397000,8.75939697265625,-0.06703764945268631,-0.5195417404174805,-0.5506663918495178
1790028562096394500,8.81939453125,0.2059013396501541,-1.039083480834961,0.7086837291717529
1790028562106434800,8.829434814453125,-0.05267243832349777,-0.33997663855552673,0.49799394607543945
1790028562116414200,8.839414306640625,-0.17717093229293823,0.09576806426048279,-0.18914192914962769
1790028562186513000,8.909512939453125,0.3256114423274994,-0.5219359993934631,0.8906430602073669
1790028562196522800,8.919522705078125,-0.07661445438861847,-0.7038952708244324,1.0534487962722778
1790028562206563000,8.92956298828125,-0.5530605912208557,-0.8475474119186401,0.8595184087753296
1790028562216572700,8.93957275390625,-0.7230489253997803,-0.44771572947502136,0.4357447028160095
1790028562226613000,8.949613037109375,-0.5841852426528931,-0.05746084079146385,-0.21308395266532898
1790028562236653300,8.9596533203125,-0.5291185975074768,-0.15083470940589905,-0.24181437492370605
1790028562256642300,8.979642333984375,-1.173158884048462,-0.9433154463768005,0.5386953949928284
1790028562266713000,8.989713134765625,-1.173158884048462,-0.5386953949928284,0.2322375625371933
1790028562276692500,8.9996923828125,-0.5578489899635315,-0.4572925269603729,-0.16519992053508759
1790028562286732800,9.00973291015625,-0.24899697303771973,-0.6727706789970398,-0.004788403399288654
1790028562296742400,9.019742431640625,-0.023942016065120697,-0.8164227604866028,0.15083470940589905
1790028562306782700,9.02978271484375,-0.0694318488240242,-0.586579442024231,0.272938996553421
1790028562316792600,9.03979248046875,-0.033518824726343155,-0.31124621629714966,0.2944868206977844
1790028562326833000,9.0498330078125,0.2753331959247589,-0.026336219161748886,0.26815059781074524
1790028562336842500,9.059842529296875,0.5267243981361389,-0.12689268589019775,0.6440402865409851
1790028562346882800,9.0698828125,0.6799532771110535,-0.20350714027881622,1.048660397529602
1790028562356892700,9.079892578125,0.5722141861915588,-0.40222588181495667,1.3096283674240112
1790028562366902300,9.08990234375,0.608127236366272,-0.4165911078453064,1.137245774269104
1790028562376912100,9.099912109375,0.7493851184844971,-0.31842881441116333,0.9864110946655273
1790028562386952400,9.109952392578125,0.7829039692878723,-0.5147533416748047,0.9481038451194763
1790028562396962300,9.11996240234375,0.689530074596405,-0.6919242739677429,0.9816226959228516
1790028562407002400,9.13000244140625,0.40940847992897034,-0.8930372595787048,1.170764684677124
1790028562417042700,9.140042724609375,0.22026655077934265,-0.7206547260284424,1.2234370708465576
1790028562427022000,9.15002197265625,0.05267243832349777,-0.47644615173339844,1.1228805780410767
1790028562437062400,9.1600625,0.08140286058187485,-0.3663128614425659,0.9313444495201111
1790028562467122200,9.1901220703125,-0.5434837937355042,-1.5418659448623657,1.0462661981582642
1790028562517231900,9.24023193359375,-2.252943754196167,-1.8100165128707886,1.45806884765625
1790028562537251600,9.26025146484375,-2.7293899059295654,-1.6304513216018677,0.6727706789970398
1790028562547291600,9.270291748046875,-2.5713725090026855,-1.7405846118927002,0.6392518281936646
1790028562637349000,9.36034912109375,-2.6360161304473877,-1.3000515699386597,0.7757213711738586
1790028562647389400,9.370389404296875,-2.190694570541382,-0.9217676520347595,0.12928688526153564
1790028562657399300,9.3803994140625,-1.6950948238372803,-1.170764684677124,-0.009576806798577309
1790028562687459000,9.410458984375,-2.920926094055176,-1.9847931861877441,1.7573440074920654
1790028562707478500,9.430478515625,-2.0254945755004883,-1.4389152526855469,1.6089035272598267
1790028562747548200,9.470548095703125,-2.161964178085327,-1.3958195447921753,0.9385270476341248
1790028562797627400,9.52062744140625,-0.8020575642585754,-1.6759412288665771,0.8020575642585754
1790028562847737300,9.5707373046875,-1.4628572463989258,-0.5147533416748047,1.6950948238372803
1790028562887776500,9.610776611328125,-1.7956513166427612,-1.2234370708465576,-0.9959878921508789
1790028562897786000,9.6207861328125,-2.43011474609375,-0.6799532771110535,0.37828385829925537
1790028562907826400,9.630826416015625,-2.4205379486083984,1.1899182796478271,-0.6009446382522583
1790028562927876600,9.650876708984375,-1.0319008827209473,0.6512228846549988,-1.889025092124939
1790028562937886200,9.66088623046875,-0.5219359993934631,-0.586579442024231,-0.8068459630012512
1790028562988026600,9.711026611328125,-1.1563993692398071,-2.1045033931732178,-0.08379705995321274
1790028563038075400,9.761075439453125,-1.6735470294952393,-1.338358759880066,-0.3758896589279175
1790028563068104700,9.791104736328125,-1.6112977266311646,2.0254945755004883,-1.9967641830444336
1790028563078084000,9.801083984375,-1.8914192914962769,2.4684219360351562,-4.194641590118408
1790028563088124200,9.811124267578125,-2.387019157409668,0.8379706144332886,-3.136404275894165
1790028563098134000,9.821134033203125,-2.2409727573394775,-0.8978256583213806,0.2298433631658554
1790028563118123000,9.841123046875,-0.5267243981361389,0.8355764150619507,1.2832920551300049
1790028563138173200,9.861173095703125,-2.873042106628418,0.5602431893348694,-1.9153614044189453
1790028563148182800,9.871182861328125,-3.5051112174987793,-0.1173158809542656,-0.9768342971801758
1790028563158162200,9.881162109375,-2.3511061668395996,-0.7829039692878723,-0.36152446269989014
1790028563168202500,9.891202392578125,-0.7158663272857666,-0.272938996553421,0.0694318488240242
1790028563178242800,9.901242919921875,-0.40940847992897034,-0.05985504388809204,-1.6663644313812256
1790028563188222000,9.911221923828125,-1.8148049116134644,-0.2825157940387726,-2.456450939178467
1790028563198262300,9.92126220703125,-3.1890766620635986,-0.42616790533065796,-0.7829039692878723
1790028563208241400,9.931241455078125,-2.956839084625244,-0.28730419278144836,-1.1468225717544556
1790028563218312200,9.941312255859375,-1.4053963422775269,-0.4836287498474121,-1.2425906658172607
1790028563248341500,9.971341552734375,-2.518700122833252,-0.29209262132644653,-0.12928688526153564
1790028563298451500,10.021451416015625,-2.6168625354766846,3.0813376903533936,0.49799394607543945
1790028563308491800,10.03149169921875,-1.9177556037902832,3.1531636714935303,0.5386953949928284
1790028563318471000,10.041470947265625,-1.158793568611145,2.9017724990844727,0.8188169598579407
1790028563328511200,10.05151123046875,-0.9648633003234863,3.2585084438323975,-0.23702596127986908
1790028563338551600,10.061551513671875,-1.4915876388549805,2.806004285812378,-1.0845733880996704
1790028563348561400,10.0715615234375,-1.0007762908935547,1.7932571172714233,-1.6328455209732056
1790028563358571000,10.081571044921875,-0.1604115068912506,1.525106430053711,-1.41257905960083
1790028563378621200,10.10162109375,-1.1252747774124146,2.7126305103302,-0.31124621629714966
1790028563428731000,10.15173095703125,-0.36152446269989014,2.760514497756958,-0.019153613597154617
1790028563438740700,10.16174072265625,-0.26815059781074524,2.6886885166168213,-0.3495534360408783
1790028563448720000,10.171719970703125,0.35434186458587646,2.4875755310058594,-0.43095630407333374
1790028563458760200,10.18176025390625,0.6177040338516235,2.5091233253479004,-0.49559974670410156
1790028563468770000,10.19177001953125,0.14844051003456116,2.0207061767578125,-0.19632454216480255
1790028563478780000,10.20177978515625,-0.011971008032560349,1.9752163887023926,-0.3064578175544739
1790028563488789500,10.21178955078125,-0.1364694982767105,1.7597382068634033,-0.6775590777397156
1790028563498799400,10.22179931640625,-0.37828385829925537,1.534683346748352,-0.7613561153411865
1790028563508809200,10.231809326171875,-0.2825157940387726,1.5729905366897583,-0.9648633003234863
1790028563568867600,10.29186767578125,-0.3711012601852417,-0.7182605266571045,-0.11252748221158981
1790028563578877400,10.30187744140625,-0.4429273009300232,-0.8020575642585754,0.17717093229293823
1790028563588887300,10.31188720703125,-0.7445967197418213,-0.5363011956214905,0.2801215946674347
1790028563598897000,10.32189697265625,-0.8858546018600464,-0.7637503147125244,0.07182604819536209
1790028563628987400,10.3519873046875,-0.6153098344802856,-1.0295066833496094,-0.12689268589019775
1790028563638997000,10.3619970703125,-0.11252748221158981,-1.290474772453308,-0.31603461503982544
1790028563719105800,10.442105712890625,0.5315127968788147,0.5961562395095825,-1.3910311460494995
1790028563759206000,10.482205810546875,-1.280897855758667,0.5339069962501526,-0.706289529800415
1790028563779255800,10.502255859375,0.608127236366272,0.2537853717803955,-0.9624691009521484
1790028563789265700,10.512265625,0.5913678407669067,1.015141487121582,-1.158793568611145
1790028563809285000,10.53228515625,-0.9576807022094727,0.9959878921508789,-1.5059528350830078
1790028563819295000,10.542294921875,-1.0845733880996704,0.2322375625371933,-1.3407529592514038
1790028563829274000,10.552274169921875,-0.5123591423034668,0.4189853072166443,-0.9409212470054626
1790028563839314400,10.562314453125,-0.19393034279346466,0.40462008118629456,-1.2234370708465576
1790028563859334000,10.582333984375,0.5506663918495178,-0.021547814831137657,-0.646434485912323
1790028563869343700,10.59234375,0.47884035110473633,1.113303780555725,-1.9512743949890137
1790028563879353600,10.602353515625,-0.4165911078453064,1.556231141090393,-2.319981336593628
1790028563889363200,10.61236328125,-1.0223240852355957,0.6847416758537292,-1.580173134803772
1790028563899342600,10.622342529296875,-0.44532153010368347,0.0694318488240242,-0.395043283700943
1790028563909383000,10.6323828125,0.8164227604866028,0.09576806426048279,0.21547815203666687
1790028563919392500,10.642392578125,1.3120225667953491,0.16998831927776337,0.38307225704193115
1790028563929402400,10.65240234375,0.8619126081466675,0.2298433631658554,0.3495534360408783
1790028563939412200,10.662412109375,0.3495534360408783,0.09816227108240128,-0.8762778043746948
1790028563959431700,10.682431640625,0.10773907601833344,-0.2968810200691223,-1.0797849893569946
1790028563969441500,10.692441650390625,0.47644615173339844,-1.2306196689605713,0.5937620401382446
1790028563989461000,10.7124609375,0.569819986820221,0.4405331015586853,0.15322890877723694
1790028563999470800,10.722470947265625,-0.24420857429504395,0.12689268589019775,-0.6224924325942993
1790028564009480400,10.73248046875,-1.2090718746185303,-0.8978256583213806,0.38307225704193115
1790028564019490300,10.742490234375,-1.6687586307525635,-1.0630255937576294,0.2992752194404602
1790028564029500000,10.7525,-1.2449848651885986,-0.5530605912208557,-1.1635819673538208
1790028564059498800,10.782498779296875,-0.7733271718025208,-0.35434186458587646,-1.3479355573654175
1790028564099538000,10.822537841796875,-0.47165772318840027,-0.49320554733276367,-0.4405331015586853
1790028564149617200,10.8726171875,0.4572925269603729,-0.7422025203704834,0.8068459630012512
1790028564179646500,10.902646484375,0.8451532125473022,-0.47165772318840027,1.4101848602294922
1790028564189656300,10.91265625,0.9433154463768005,-0.33758243918418884,1.0342950820922852
1790028564209675800,10.93267578125,0.1149216815829277,0,0.5123591423034668
1790028564229695200,10.9526953125,-0.05506663769483566,-1.335964560508728,0.26096799969673157
1790028564239705000,10.962705078125,-0.5003881454467773,-1.460463047027588,1.3718775510787964
1790028564249684200,10.972684326171875,-0.5530605912208557,-0.9457096457481384,1.115697979927063
1790028564259724500,10.982724609375,-0.3208230137825012,0,0.15801730751991272
1790028564269734400,10.992734375,-0.08379705995321274,-0.06703764945268631,-0.6536170840263367
1790028564279744300,11.002744140625,0.023942016065120697,-0.569819986820221,-0.4213795065879822
1790028564299763700,11.022763671875,-0.2513911724090576,-0.950498104095459,0.1364694982767105
1790028564309773600,11.032773681640625,-0.629675030708313,-0.4692635238170624,0.23702596127986908
1790028564319783200,11.042783203125,-0.5339069962501526,0.22266076505184174,-0.9313444495201111
1790028564329793000,11.05279296875,0.035913024097681046,-0.22744916379451752,-0.8595184087753296
1790028564339803000,11.062802978515625,0.3016694188117981,-0.7565677165985107,0.16998831927776337
1790028564369801500,11.092801513671875,0.6488286852836609,-0.7110779285430908,0.3471592366695404
1790028564389851600,11.1128515625,0.9265560507774353,-1.2234370708465576,0.9624691009521484
1790028564419911400,11.142911376953125,-0.4165911078453064,-1.3024457693099976,1.3000515699386597
1790028564439931000,11.162930908203125,-0.2825157940387726,-1.015141487121582,0.9672574996948242
1790028564469990700,11.19299072265625,0.5602431893348694,-0.7158663272857666,1.1516109704971313
1790028564500050400,11.223050537109375,-0.11252748221158981,-0.3974374830722809,0.17477671802043915
1790028564510060300,11.233060302734375,0.5674257874488831,-0.4668693244457245,-0.3758896589279175
1790028564540089600,11.263089599609375,-0.8068459630012512,-0.5913678407669067,0.2992752194404602
1790028564560109000,11.283109130859375,0.2322375625371933,-0.5650315880775452,-0.016759412363171577
1790028564610188500,11.3331884765625,0.5003881454467773,-0.6416460275650024,0.17477671802043915
1790028564630208000,11.3532080078125,0.014365210197865963,-0.5626373887062073,0.8906430602073669
1790028564680256800,11.4032568359375,-0.6871358752250671,-1.216254472732544,1.158793568611145
1790028564700307000,11.423306884765625,-0.8236053586006165,-0.7038952708244324,0.6536170840263367
1790028564710286000,11.4332861328125,-0.4429273009300232,-0.47165772318840027,0.29209262132644653
1790028564720326400,11.443326416015625,-0.42856210470199585,-0.5482721924781799,0.16759411990642548
1790028564730305800,11.453305908203125,-0.4141969084739685,-0.7422025203704834,0.395043283700943
1790028564810567000,11.53356689453125,-1.1516109704971313,-0.9840168952941895,1.0558429956436157
1790028564820576800,11.54357666015625,-1.4413094520568848,-1.1492167711257935,1.137245774269104
1790028564840596200,11.56359619140625,-1.9632453918457031,-1.6352397203445435,1.1109095811843872
1790028564850606000,11.573606201171875,-2.099714994430542,-1.8746598958969116,1.3024457693099976
1790028564880665900,11.603665771484375,-2.3511061668395996,-1.7190368175506592,1.6663644313812256
1790028564890675500,11.613675537109375,-1.944091796875,-1.2832920551300049,1.3503297567367554
1790028564900685300,11.623685302734375,-1.2234370708465576,-1.3694833517074585,1.170764684677124
1790028564920674300,11.64367431640625,-2.1547815799713135,-1.1875240802764893,1.5969325304031372
1790028564930714600,11.653714599609375,-2.540247917175293,-0.9648633003234863,1.414973258972168
1790028564940724500,11.663724365234375,-2.3702597618103027,-1.0462661981582642,1.6112977266311646
1790028564950703600,11.67370361328125,-1.8914192914962769,-0.9959878921508789,1.0558429956436157
1790028564970753800,11.69375390625,-1.3215993642807007,-1.2880805730819702,1.2401964664459229
1790028565010823200,11.7338232421875,-1.5275006294250488,-0.8978256583213806,1.0654197931289673
1790028565020863500,11.743863525390625,-1.5466543436050415,-0.9193734526634216,1.2761094570159912
1790028565030873300,11.753873291015625,-1.644816517829895,-1.2665326595306396,1.0749965906143188
1790028565040883200,11.76388330078125,-1.7262194156646729,-1.3527239561080933,1.1851298809051514
1790028565060902700,11.783902587890625,-1.678335428237915,-0.849941611289978,1.1013327836990356
1790028565070943000,11.79394287109375,-1.1444283723831177,-0.33518823981285095,0.33518823981285095
1790028565090962400,11.81396240234375,-0.7350199222564697,-0.8906430602073669,0.8307880163192749
1790028565100972300,11.82397216796875,-1.3263877630233765,-0.5602431893348694,0.7374141216278076
1790028565110982000,11.83398193359375,-1.4293384552001953,-0.42616790533065796,0.1173158809542656
1790028565131032000,11.854031982421875,-1.2018892765045166,-1.158793568611145,0.9792284965515137
1790028565141041700,11.864041748046875,-1.2641384601593018,-0.3519476354122162,0.363918662071228
1790028565161061400,11.884061279296875,-0.9265560507774353,-0.8595184087753296,-0.090979665517807
1790028565181080800,11.904080810546875,-1.158793568611145,-0.3471592366695404,0.2346317619085312
1790028565211110100,11.934110107421875,-1.2425906658172607,-0.9241618514060974,0.12689268589019775
1790028565221120000,11.9441201171875,-0.7541735172271729,-0.6727706789970398,0.5722141861915588
1790028565231099100,11.95409912109375,-0.28969839215278625,0.5626373887062073,0.28730419278144836
1790028565251179800,11.9741796875,0.4692635238170624,0.7326257228851318,0.4213795065879822
1790028565261189400,11.984189453125,-0.26575639843940735,0.28969839215278625,0.4908113479614258
1790028565271199200,11.99419921875,-0.9481038451194763,-0.28969839215278625,0.6655880808830261
1790028565291218700,12.01421875,-0.5770025849342346,0.9217676520347595,-1.6280571222305298
1790028565301228500,12.024228515625,0.3471592366695404,-0.10773907601833344,-1.5466543436050415
1790028565311238400,12.03423828125,0.5578489899635315,-0.4213795065879822,-0.5027823448181152
1790028565331288300,12.054288330078125,0.014365210197865963,-0.363918662071228,0.06464344263076782
1790028565341298200,12.064298095703125,0.023942016065120697,-0.09576806426048279,0.11252748221158981
1790028565361287200,12.084287109375,-0.2082955539226532,0.3471592366695404,0.3519476354122162
1790028565411427600,12.134427490234375,-0.8403648138046265,-0.6200982332229614,0.6727706789970398
1790028565421498400,12.144498291015625,-1.0319008827209473,0.7589619159698486,-0.5626373887062073
1790028565431538700,12.15453857421875,-0.9193734526634216,0.2513911724090576,-1.0821791887283325
1790028565441548300,12.16454833984375,-0.272938996553421,-0.6751648783683777,-0.40222588181495667
1790028565451558100,12.17455810546875,-0.038307227194309235,-0.7110779285430908,0.4405331015586853
1790028565461568000,12.184568115234375,-0.23702596127986908,-1.2641384601593018,1.1468225717544556
1790028565471547100,12.194547119140625,-0.4429273009300232,-0.8667010068893433,1.0582371950149536
1790028565501607000,12.22460693359375,-1.2832920551300049,0.6200982332229614,-0.7757213711738586
1790028565511616800,12.23461669921875,-1.6855180263519287,0.7110779285430908,-1.0414776802062988
1790028565521626400,12.24462646484375,-1.403002142906189,0.05267243832349777,-1.1899182796478271
1790028565531636200,12.25463623046875,-0.8475474119186401,-0.5363011956214905,-0.12689268589019775
1790028565541646000,12.26464599609375,-0.040701430290937424,-0.3208230137825012,0.3447650372982025
1790028565551655700,12.27465576171875,0.040701430290937424,0.16998831927776337,0.3902548849582672
1790028565561665500,12.28466552734375,-0.4692635238170624,0.608127236366272,-0.4644751250743866
1790028565571675400,12.29467529296875,-1.2713210582733154,0.272938996553421,-0.7709329724311829
1790028565581685000,12.30468505859375,-1.6065093278884888,-0.014365210197865963,-0.13168109953403473
1790028565591694800,12.31469482421875,-1.0414776802062988,0.07661445438861847,0.304063618183136
1790028565671803400,12.394803466796875,-1.764526605606079,-0.40940847992897034,-1.501164436340332
1790028565681813200,12.404813232421875,-1.4269442558288574,-0.0694318488240242,-0.8331822156906128
1790028565731862000,12.454862060546875,-1.7118542194366455,-0.3758896589279175,0.06464344263076782
1790028565751912200,12.474912109375,-1.7717092037200928,-0.13168109953403473,0.3687070608139038
1790028565761921800,12.484921875,-2.0015525817871094,0.44771572947502136,-0.08858546614646912
1790028565771962000,12.494962158203125,-2.2577321529388428,0.0454898327589035,-0.48602294921875
1790028565781972000,12.504971923828125,-1.6089035272598267,-0.24899697303771973,1.1683704853057861
1790028565791981800,12.51498193359375,-0.5889736413955688,-0.021547814831137657,2.0207061767578125
1790028565802022000,12.52502197265625,-0.028730420395731926,1.6112977266311646,0.6512228846549988
1790028565822102500,12.5451025390625,-1.9800047874450684,2.346317768096924,-1.0606313943862915
1790028565832142800,12.555142822265625,-2.183511972427368,2.006340980529785,-1.1635819673538208
1790028565842152700,12.565152587890625,-1.2737152576446533,2.3558945655822754,-0.12928688526153564
1790028565852162300,12.575162353515625,-0.5674257874488831,2.6024973392486572,-0.26336219906806946
1790028565862172200,12.585172119140625,-0.4429273009300232,2.5450363159179688,0.0071826050989329815
1790028565912190500,12.6351904296875,-0.40701428055763245,2.298433542251587,-0.6368576288223267
1790028565922230800,12.645230712890625,-0.4692635238170624,2.0614075660705566,-0.6751648783683777
1790028565932240400,12.655240478515625,-0.10055647045373917,1.2306196689605713,-0.49559974670410156
1790028565942219800,12.6652197265625,0.08858546614646912,1.1971008777618408,-0.5291185975074768
1790028565962208800,12.685208740234375,0.3064578175544739,0.608127236366272,-0.7110779285430908
1790028565982289400,12.705289306640625,-0.21787235140800476,0.950498104095459,-0.5841852426528931
1790028566002339300,12.72533935546875,-0.14365209639072418,0.9050082564353943,0.6416460275650024
1790028566032338200,12.755338134765625,-0.5291185975074768,-0.2585737705230713,-0.016759412363171577
1790028566042378500,12.76537841796875,-0.48602294921875,0.0071826050989329815,0.009576806798577309
1790028566052388000,12.77538818359375,-0.3902548849582672,-0.12210428714752197,0.1149216815829277
1790028566062398000,12.78539794921875,-0.33039984107017517,0.12928688526153564,-0.14365209639072418
1790028566072407800,12.79540771484375,-0.9169792532920837,0.5099649429321289,-0.5626373887062073
1790028566082417400,12.80541748046875,-1.5705963373184204,0.1173158809542656,-0.07661445438861847
1790028566092427300,12.81542724609375,-1.2330138683319092,-0.49320554733276367,0.2346317619085312
1790028566102437000,12.82543701171875,-0.0454898327589035,-0.7757213711738586,0.21787235140800476
1790028566112477400,12.8354775390625,1.5490485429763794,0.20111294090747833,-0.47644615173339844
1790028566142567700,12.865567626953125,-1.577778935432434,0.9457096457481384,-0.9528923034667969
1790028566152577500,12.87557763671875,-2.0039467811584473,0.33758243918418884,-0.7661445140838623
1790028566162617600,12.88561767578125,-0.6512228846549988,-0.43335050344467163,0.06464344263076782
1790028566172627500,12.89562744140625,1.1540051698684692,-0.5626373887062073,-0.047884032130241394
1790028566182637300,12.90563720703125,2.2457611560821533,0.019153613597154617,-0.7996633648872375
1790028566192647000,12.91564697265625,1.5059528350830078,0.9576807022094727,-2.33913516998291
1790028566202656800,12.92565673828125,-0.5746083855628967,1.5849615335464478,-2.8131868839263916
1790028566212697000,12.935697021484375,-2.030282974243164,2.7509377002716064,-0.727837324142456
1790028566222706700,12.945706787109375,-1.9057846069335938,2.1787235736846924,0.3208230137825012
1790028566242696000,12.965696044921875,-1.434126853942871,-0.8403648138046265,0.2944868206977844
1790028566252736000,12.975736083984375,-0.5410895943641663,-1.5418659448623657,1.2258312702178955
1790028566292805600,13.0158056640625,-1.139639973640442,1.558625340461731,-0.6368576288223267
1790028566302815500,13.0258154296875,-2.121262788772583,0.6655880808830261,-0.22026655077934265
1790028566322896100,13.045896240234375,-1.678335428237915,-1.048660397529602,-0.5937620401382446
1790028566332905700,13.05590576171875,-0.7182605266571045,-2.492363929748535,-0.24181437492370605
1790028566342915600,13.06591552734375,1.2282254695892334,-2.2026655673980713,0.8547300100326538
1790028566352925400,13.075925537109375,2.7509377002716064,-0.2753331959247589,0.23702596127986908
1790028566362965500,13.085965576171875,2.540247917175293,1.8339585065841675,-0.07661445438861847
1790028566372975400,13.095975341796875,0.24899697303771973,2.3702597618103027,-0.8858546018600464
1790028566382985200,13.105985107421875,-1.9560627937316895,2.030282974243164,-1.8938134908676147
1790028566433095000,13.156094970703125,1.6184803247451782,-0.1843535304069519,-0.07422025501728058
1790028566443135200,13.16613525390625,1.7310078144073486,0.646434485912323,-0.5650315880775452
1790028566453175600,13.176175537109375,0.9433154463768005,0.9217676520347595,-0.4884171485900879
1790028566463215900,13.1862158203125,0.040701430290937424,0.7972691655158997,-0.6560112833976746
1790028566473225700,13.196225830078125,-0.7206547260284424,0.586579442024231,-1.359906554222107
1790028566483235300,13.2062353515625,-1.3263877630233765,0.002394201699644327,-1.9249382019042969
1790028566493245200,13.2162451171875,-1.601720929145813,-0.6344634294509888,-1.403002142906189
1790028566503254800,13.2262548828125,-1.2952631711959839,-1.2856862545013428,-0.28969839215278625
1790028566513264600,13.2362646484375,-0.43095630407333374,-1.599326729774475,0.7972691655158997
1790028566523274500,13.2462744140625,0.7829039692878723,-1.3192051649093628,1.6543933153152466
1790028566553303800,13.2763037109375,0.8834604024887085,0.3256114423274994,-1.0103530883789062
1790028566563313400,13.2863134765625,-0.15322890877723694,-0.6272808313369751,0.6536170840263367
1790028566573353700,13.296353759765625,-0.9002198576927185,-1.50355863571167,1.7477672100067139
1790028566583363600,13.306363525390625,-0.6991068720817566,-1.2282254695892334,1.6663644313812256
1790028566593404000,13.31640380859375,-0.2561795711517334,-1.235408067703247,1.359906554222107
1790028566603413500,13.32641357421875,-0.06224924325942993,-0.9313444495201111,0.8212111592292786
1790028566613393000,13.336392822265625,0.1364694982767105,-1.0606313943862915,0.2801215946674347
1790028566623433200,13.34643310546875,0.2992752194404602,-1.2856862545013428,-0.0694318488240242
1790028566673543000,13.39654296875,-0.6847416758537292,-0.22026655077934265,0.4357447028160095
1790028566693562600,13.416562744140625,0.3232172429561615,-0.5674257874488831,-0.033518824726343155
1790028566703602700,13.426602783203125,0.4118026793003082,-0.8619126081466675,0.45489832758903503
1790028566713612500,13.436612548828125,0.0454898327589035,-0.5626373887062073,0.3064578175544739
1790028566723652900,13.44665283203125,-0.22026655077934265,-0.2801215946674347,-0.586579442024231
1790028566733662700,13.456662841796875,-0.10055647045373917,0.24420857429504395,-0.6751648783683777
1790028566743672300,13.46667236328125,0.2346317619085312,0.689530074596405,-0.9888052940368652
1790028566753682200,13.47668212890625,0.3423708379268646,0.16998831927776337,-0.28730419278144836
1790028566763722500,13.486722412109375,0.2777273952960968,-0.6799532771110535,0.9241618514060974
1790028566773732000,13.496732177734375,-0.08619125932455063,-0.9002198576927185,1.4053963422775269
1790028566783772400,13.5067724609375,-0.2753331959247589,-0.6727706789970398,0.3687070608139038
1790028566793782300,13.5167822265625,-0.090979665517807,-0.3519476354122162,-0.18914192914962769
1790028566853871400,13.576871337890625,0.42377370595932007,0.0694318488240242,0.26096799969673157
1790028566883931100,13.60693115234375,0.004788403399288654,-0.8523358106613159,1.359906554222107
1790028566964100900,13.687100830078125,0.5051765441894531,-0.8259995579719543,1.0630255937576294
1790028566974141200,13.69714111328125,0.1388636976480484,-1.0031704902648926,1.192312479019165
1790028567014210800,13.7372109375,1.161187767982483,-0.31842881441116333,0.10295066982507706
1790028567044331500,13.76733154296875,0.15801730751991272,-0.14844051003456116,0.4189853072166443
1790028567054341400,13.77734130859375,-0.009576806798577309,-0.3663128614425659,0.047884032130241394
1790028567094411000,13.817410888671875,-0.3208230137825012,0.016759412363171577,-0.12449848651885986
1790028567114430500,13.837430419921875,-0.2298433631658554,-0.5578489899635315,0.8690952062606812
1790028567144490200,13.867490234375,-0.7445967197418213,-0.6009446382522583,0.35434186458587646
1790028567184559900,13.907559814453125,-0.9289502501487732,-0.47644615173339844,0.6727706789970398
1790028567214619600,13.93761962890625,-0.19393034279346466,-0.8212111592292786,0.3878606855869293
1790028567254780700,13.97778076171875,-0.6248866319656372,-0.5171475410461426,0.3471592366695404
1790028567264760000,13.987760009765625,-0.8331822156906128,-0.7996633648872375,0.586579442024231
1790028567274800400,13.99780029296875,-0.9241618514060974,-0.7015010714530945,0.4118026793003082
1790028567284840700,14.0078408203125,-0.9457096457481384,-0.8834604024887085,0.6392518281936646
1790028567304890600,14.027890625,-1.1444283723831177,-1.2018892765045166,1.2713210582733154
1790028567314900500,14.037900390625,-1.4987702369689941,-1.501164436340332,1.1300631761550903
1790028567375020000,14.09802001953125,-2.655169725418091,-2.6001031398773193,1.8962076902389526
1790028567385060400,14.108060302734375,-2.674323320388794,-2.4420857429504395,1.6328455209732056
1790028567395070200,14.1180703125,-2.4468741416931152,-1.6376339197158813,1.048660397529602
1790028567405110300,14.1281103515625,-1.867477297782898,-0.7709329724311829,0.6775590777397156
1790028567415150600,14.138150634765625,-1.6184803247451782,-0.9409212470054626,1.0582371950149536
1790028567425221400,14.148221435546875,-1.821987509727478,-1.4293384552001953,1.5729905366897583
1790028567445271600,14.168271484375,-2.094926595687866,-1.292868971824646,1.8076223134994507
1790028567455281200,14.17828125,-1.8507179021835327,-1.4676456451416016,2.343923568725586
1790028567465321500,14.188321533203125,-1.6687586307525635,-0.9768342971801758,1.5442601442337036
1790028567475331300,14.198331298828125,-1.3910311460494995,-1.400607943534851,1.580173134803772
1790028567485341200,14.208341064453125,-1.7836803197860718,-1.3096283674240112,1.6950948238372803
1790028567495350800,14.218350830078125,-2.2146365642547607,-0.6584054827690125,0.8595184087753296
1790028567545430300,14.26843017578125,-2.2457611560821533,-1.0630255937576294,0.7493851184844971
1790028567565449700,14.28844970703125,-1.9800047874450684,-1.6208745241165161,1.2713210582733154
1790028567615559700,14.3385595703125,-0.730231523513794,-0.48602294921875,0.20350714027881622
1790028567635579100,14.3585791015625,-1.6496049165725708,-1.9632453918457031,1.37906014919281
1790028567645619500,14.368619384765625,-2.049436569213867,-1.139639973640442,0.6584054827690125
1790028567655659800,14.37865966796875,-1.4891934394836426,-0.7038952708244324,0.07182604819536209
1790028567665700000,14.3887001953125,-1.0247182846069336,-0.33279404044151306,0.14604631066322327
1790028567695760000,14.418759765625,-1.4173674583435059,-0.8834604024887085,1.4652514457702637
1790028567735798800,14.458798828125,-0.33039984107017517,0.2992752194404602,-2.449268341064453
1790028567745808600,14.46880859375,0.0454898327589035,-0.38307225704193115,-1.381454348564148
1790028567765858600,14.488858642578125,-0.8236053586006165,-1.3263877630233765,1.644816517829895
1790028567775868400,14.498868408203125,-0.6057330369949341,-0.22505496442317963,0.9050082564353943
1790028567785878300,14.508878173828125,0.004788403399288654,0.2537853717803955,0.4141969084739685
1790028567845997800,14.568997802734375,-0.3998316824436188,0.768538773059845,-1.5155296325683594
1790028567876057600,14.5990576171875,-1.280897855758667,-0.608127236366272,1.2737152576446533
1790028567886037000,14.609037109375,-1.5179238319396973,-0.2082955539226532,1.0654197931289673
1790028567896077000,14.6190771484375,-1.070208191871643,0.090979665517807,0.22744916379451752
1790028567906117400,14.629117431640625,-0.021547814831137657,-0.8547300100326538,0.507570743560791
1790028567916127200,14.639127197265625,0.8307880163192749,-1.6089035272598267,1.8195933103561401
1790028567926198000,14.649197998046875,0.7134721279144287,0.06703764945268631,2.5019407272338867
1790028567946217500,14.669217529296875,-2.5306711196899414,2.7940332889556885,-1.280897855758667
1790028567956257800,14.6792578125,-3.5386300086975098,1.5538369417190552,-2.8395233154296875
1790028567986348300,14.709348388671875,-1.6974890232086182,-1.6687586307525635,-0.31364041566848755
1790028568016438500,14.7394384765625,-1.5059528350830078,-0.40701428055763245,-1.1300631761550903
1790028568026448400,14.749448486328125,-2.276885747909546,-0.24181437492370605,-0.7852981686592102
1790028568036519200,14.759519287109375,-2.31758713722229,-0.040701430290937424,-0.45250412821769714
1790028568046528800,14.76952880859375,-1.9081788063049316,0.22744916379451752,-0.3926490843296051
1790028568056538600,14.77953857421875,-1.5131354331970215,0.37828385829925537,-0.3926490843296051
1790028568066548500,14.789548583984375,-1.8794482946395874,0.4644751250743866,-1.2976573705673218
1790028568076588500,14.799588623046875,-2.7078421115875244,0.28730419278144836,-2.145204782485962
1790028568096669200,14.819669189453125,-3.248931646347046,-0.768538773059845,-2.1308395862579346
1790028568106679000,14.829678955078125,-2.456450939178467,-0.5506663918495178,-1.161187767982483
1790028568116719400,14.83971923828125,-2.22660756111145,-0.35913026332855225,0.3902548849582672
1790028568126790100,14.8497900390625,-1.6328455209732056,1.2832920551300049,0.2753331959247589
1790028568136799700,14.8597998046875,-2.3127987384796143,1.7741034030914307,-0.9888052940368652
1790028568146840000,14.869840087890625,-2.564189910888672,1.8387469053268433,0.016759412363171577
1790028568156850000,14.879849853515625,-2.1715409755706787,1.53707754611969,-0.14604631066322327
1790028568166859500,14.889859619140625,-1.5131354331970215,1.5490485429763794,-0.8595184087753296
1790028568176899800,14.89989990234375,-1.137245774269104,1.4413094520568848,-0.950498104095459
1790028568186909700,14.90990966796875,-1.3239935636520386,1.6903064250946045,-1.0797849893569946
1790028568206929200,14.92992919921875,-1.2210428714752197,1.2521674633026123,-0.7230489253997803
1790028568216939000,14.93993896484375,-0.7805097699165344,1.0103530883789062,-0.42377370595932007
1790028568226948900,14.949948974609375,-0.9433154463768005,1.9800047874450684,-0.5410895943641663
1790028568236958500,14.95995849609375,-0.8906430602073669,2.2194249629974365,-0.790086567401886
1790028568246968300,14.96996826171875,-0.751779317855835,2.252943754196167,-0.7445967197418213
1790028568257008600,14.980008544921875,-0.8140285611152649,2.7269957065582275,-0.4141969084739685
1790028568267018200,14.990018310546875,-1.1971008777618408,2.698265314102173,-0.5147533416748047
1790028568277028000,15.000028076171875,-1.137245774269104,2.6144683361053467,-0.13407529890537262
1790028568287068400,15.010068359375,-0.5961562395095825,2.470816135406494,0.24181437492370605
1790028568297108700,15.020108642578125,0.08140286058187485,2.1811177730560303,1.0845733880996704
1790028568307118300,15.030118408203125,0.6823474764823914,1.599326729774475,0.5602431893348694
1790028568347188000,15.07018798828125,-0.6943184733390808,1.889025092124939,-1.6663644313812256
1790028568417347800,15.140347900390625,-0.45010992884635925,0.4908113479614258,-1.3215993642807007
1790028568467427300,15.19042724609375,-0.31842881441116333,-0.7110779285430908,0.5554547905921936
1790028568487446800,15.21044677734375,0.05985504388809204,-0.19632454216480255,-1.6376339197158813
1790028568527516400,15.250516357421875,-0.8619126081466675,-1.290474772453308,0.9217676520347595
1790028568627736000,15.350736083984375,0.6153098344802856,1.1037269830703735,-1.436521053314209
1790028568697865500,15.420865478515625,1.0199298858642578,0.2082955539226532,-0.5482721924781799
1790028568747914200,15.470914306640625,-0.8355764150619507,-1.37906014919281,1.070208191871643
1790028568818013200,15.54101318359375,-1.3910311460494995,0.11252748221158981,-0.27054479718208313
1790028568828023000,15.55102294921875,-1.4053963422775269,-0.9409212470054626,0.6129156351089478
1790028568908162000,15.631162109375,-1.9177556037902832,-2.2170307636260986,2.3247697353363037
1790028568938191400,15.66119140625,-0.11252748221158981,0.05746084079146385,-0.871489405632019
1790028568998250000,15.72125,-0.4357447028160095,0.035913024097681046,-0.8571242094039917
1790028569008290300,15.731290283203125,0.23942017555236816,-0.2346317619085312,-0.44532153010368347
1790028569048360000,15.77135986328125,0.014365210197865963,-0.2825157940387726,0.8092401623725891
1790028569098439200,15.821439208984375,0.3447650372982025,0.08619125932455063,-0.47644615173339844
1790028569178609000,15.90160888671875,0.3663128614425659,-0.7422025203704834,0.0933738648891449
1790028569218648000,15.94164794921875,0.30885201692581177,0,-0.19393034279346466
1790028569228688100,15.951688232421875,0.4620809257030487,-0.181959331035614,0.4141969084739685
1790028569258778600,15.981778564453125,0.07422025501728058,-0.7637503147125244,0.9145850539207458
1790028569308888600,16.031888671875,0.12928688526153564,-0.629675030708313,0.3974374830722809
1790028569328908000,16.051907958984376,-0.023942016065120697,-0.7206547260284424,1.8291701078414917
1790028569379048400,16.10204833984375,0.5099649429321289,-0.3878606855869293,0.3471592366695404
1790028569459218000,16.182218017578126,-0.16519992053508759,-0.038307227194309235,-0.4381389021873474
1790028569489247200,16.212247314453126,-0.2944868206977844,-0.1173158809542656,0.4812345504760742
1790028569519307300,16.242307373046874,0.0694318488240242,0.12210428714752197,1.3096283674240112
1790028569529316900,16.25231689453125,0.004788403399288654,0.1412578970193863,1.7956513166427612
1790028569539357200,16.262357177734376,-0.20111294090747833,0.18914192914962769,1.9704279899597168
1790028569549367000,16.272366943359376,-0.2944868206977844,0.45489832758903503,1.9536685943603516
1790028569559407400,16.282407470703124,-0.043095629662275314,0.7996633648872375,1.7381904125213623
1790028569569386500,16.292386474609376,0.0454898327589035,-0.038307227194309235,1.9488801956176758
1790028569579426800,16.3024267578125,-0.07422025501728058,-0.7158663272857666,1.9321208000183105
1790028569589467100,16.312467041015626,-0.10534487664699554,-0.9002198576927185,1.3766659498214722
1790028569609486600,16.332486572265626,-0.1173158809542656,-0.6703764796257019,0.5171475410461426
1790028569619496400,16.342496337890626,-0.0071826050989329815,-0.6224924325942993,0.751779317855835
1790028569629475600,16.3524755859375,-0.23942017555236816,-0.5315127968788147,0.9409212470054626
1790028569649556200,16.37255615234375,-0.9409212470054626,-1.039083480834961,0.933738648891449
1790028569659565800,16.38256591796875,-0.9074024558067322,-0.9888052940368652,0.40940847992897034
1790028569669606100,16.392606201171876,-0.7158663272857666,-0.9600749015808105,0.028730420395731926
1790028569679616000,16.402615966796876,-0.8020575642585754,-1.0414776802062988,0.06464344263076782
1790028569689625900,16.4126259765625,-1.3048399686813354,-1.1899182796478271,-0.040701430290937424
1790028569699635500,16.422635498046876,-1.4484920501708984,-0.9528923034667969,-0.40462008118629456
1790028569709645300,16.432645263671876,-1.37906014919281,-0.8403648138046265,-0.5626373887062073
1790028569729664800,16.452664794921876,-1.800439715385437,-1.314416766166687,-0.18914192914962769
1790028569739705000,16.462705078125,-1.9800047874450684,-1.173158884048462,0.028730420395731926
1790028569749745400,16.472745361328126,-1.9823989868164062,-1.256955862045288,0.42616790533065796
1790028569759755300,16.48275537109375,-2.190694570541382,-1.6041151285171509,0.9744400978088379
1790028569769795300,16.49279541015625,-2.4827871322631836,-1.6160861253738403,1.2306196689605713
1790028569799855400,16.52285546875,-2.4157495498657227,-0.9600749015808105,0.6009446382522583
1790028569870045700,16.593045654296876,-2.4684219360351562,-1.4221558570861816,2.518700122833252
1790028569950185000,16.67318505859375,-2.5977089405059814,-0.950498104095459,1.316810965538025
1790028570020436200,16.743436279296876,-2.118868589401245,-0.3974374830722809,0.8259995579719543
1790028570040486400,16.763486328125,-0.6799532771110535,-0.004788403399288654,-0.011971008032560349
1790028570050526700,16.773526611328126,-0.2585737705230713,-0.08140286058187485,-0.1867477297782898
1790028570110646300,16.833646240234376,0.15562310814857483,-0.28730419278144836,-0.8044517636299133
1790028570120686600,16.8436865234375,0.13168109953403473,-1.1994950771331787,-0.0694318488240242
1790028570130757400,16.85375732421875,-0.9672574996948242,-0.8331822156906128,0.5602431893348694
1790028570140797700,16.863797607421876,-1.482010841369629,0.629675030708313,0.15322890877723694
1790028570150807300,16.873807373046876,-1.1061211824417114,0.9097966551780701,-1.1635819673538208
1790028570160878000,16.883878173828126,-0.569819986820221,0.9193734526634216,-2.585737943649292
1790028570170888000,16.893887939453126,-0.5746083855628967,0.4141969084739685,-2.626439332962036
1790028570180928300,16.90392822265625,-0.9217676520347595,-0.646434485912323,-0.8595184087753296
1790028570190938000,16.913938232421874,-1.1971008777618408,-0.8690952062606812,0.3926490843296051
1790028570200947700,16.92394775390625,-1.37906014919281,-0.3663128614425659,0.043095629662275314
1790028570210957600,16.93395751953125,-0.5003881454467773,0.5961562395095825,-1.50355863571167
1790028570220998000,16.943997802734376,0.22505496442317963,-0.28969839215278625,-0.1604115068912506
1790028570231007500,16.954007568359376,0.16519992053508759,-1.1228805780410767,1.5729905366897583
1790028570241047800,16.9640478515625,-0.22505496442317963,-0.751779317855835,2.2361843585968018
1790028570251088100,16.974088134765626,-0.8427590131759644,0.26815059781074524,1.0893617868423462
1790028570261128400,16.98412841796875,-1.1994950771331787,0.7374141216278076,-0.7206547260284424
1790028570271138300,16.99413818359375,-1.1276689767837524,0.7541735172271729,-1.656787633895874
1790028570281148000,17.00414794921875,-1.3024457693099976,0.10773907601833344,-0.7469909191131592
1790028570291157800,17.01415771484375,-1.139639973640442,-0.43335050344467163,0.5746083855628967
1790028570301167600,17.024167724609374,-0.8020575642585754,0.15322890877723694,0.2322375625371933
1790028570321248000,17.044248046875,-0.9289502501487732,0.9696516990661621,-1.4748282432556152
1790028570331288300,17.054288330078126,-1.173158884048462,0.9481038451194763,-2.1164743900299072
1790028570341298200,17.064298095703126,-1.3623007535934448,0.6009446382522583,-1.53707754611969
1790028570351307800,17.074307861328126,-1.1851298809051514,0.08858546614646912,-0.4189853072166443
1790028570361317600,17.084317626953126,-0.5841852426528931,0.2849099934101105,0.47405192255973816
1790028570371358000,17.09435791015625,-0.5530605912208557,0.8834604024887085,-0.27054479718208313
1790028570381367800,17.104367919921874,-1.0031704902648926,0.5889736413955688,-1.2306196689605713
1790028570391377400,17.11437744140625,-1.4652514457702637,0.07422025501728058,-1.41257905960083
1790028570401417700,17.124417724609376,-1.987187385559082,0.17717093229293823,-1.0893617868423462
1790028570411427600,17.134427490234376,-2.3127987384796143,0.24420857429504395,-0.730231523513794
1790028570431508000,17.154508056640626,-1.3551181554794312,-0.7038952708244324,-0.38546648621559143
1790028570441548300,17.16454833984375,-0.667982280254364,-0.9983820915222168,-0.9050082564353943
1790028570451588600,17.174588623046876,-0.9744400978088379,-0.304063618183136,-1.436521053314209
1790028570511708200,17.234708251953126,-1.8124107122421265,1.8842366933822632,-0.181959331035614
1790028570531758300,17.25475830078125,-2.209848165512085,0.1149216815829277,-0.37828385829925537
1790028570551808300,17.274808349609376,-1.2090718746185303,0.009576806798577309,-0.5099649429321289
1790028570581898800,17.304898681640626,-2.6647465229034424,0.7613561153411865,-0.5841852426528931
1790028570611989000,17.334989013671876,-2.1811177730560303,1.2521674633026123,-0.2849099934101105
1790028570682148900,17.40514892578125,-0.07422025501728058,1.3479355573654175,-0.0933738648891449
1790028570702199000,17.425198974609376,0.6129156351089478,1.9345149993896484,0.5386953949928284
1790028570712239400,17.4352392578125,0.4620809257030487,2.738966703414917,-0.08858546614646912
1790028570722249000,17.4452490234375,0.08619125932455063,3.35667085647583,0.031124621629714966
1790028570732258800,17.4552587890625,-0.3016694188117981,3.3686418533325195,0.009576806798577309
1790028570742268700,17.4652685546875,-0.22505496442317963,3.4572272300720215,-0.9193734526634216
1790028570762288000,17.4852880859375,0.5386953949928284,2.2912509441375732,-0.2825157940387726
1790028570792348000,17.515347900390626,-0.06703764945268631,1.4772224426269531,-0.9696516990661621
1790028570812398000,17.535398193359374,-0.16519992053508759,1.335964560508728,-0.19393034279346466
1790028570822468900,17.54546875,-0.44771572947502136,1.3215993642807007,0.45489832758903503
1790028570842488300,17.56548828125,-0.7541735172271729,0.31124621629714966,0.8571242094039917
1790028570862538200,17.585538330078126,-0.6727706789970398,0.0071826050989329815,-0.026336219161748886
1790028570892598300,17.615598388671874,-1.1468225717544556,0.5626373887062073,-0.1388636976480484
1790028570912617700,17.63561767578125,-1.1875240802764893,0.11252748221158981,0.47644615173339844
1790028570922688500,17.6456884765625,-1.2018892765045166,0.047884032130241394,0.43095630407333374
1790028570952748300,17.675748291015626,-0.8978256583213806,0.08858546614646912,-0.5291185975074768
1790028570972767700,17.695767822265626,-1.0821791887283325,0.31603461503982544,-0.2777273952960968
1790028571012867800,17.735867919921876,0.3687070608139038,0.014365210197865963,-1.7764976024627686
1790028571032856800,17.75585693359375,-1.5705963373184204,1.1827356815338135,-2.2002713680267334
1790028571042897200,17.765897216796876,-1.6160861253738403,0.9169792532920837,-0.9145850539207458
1790028571052937500,17.7759375,-1.0295066833496094,0.3878606855869293,0.9600749015808105
1790028571062947300,17.785947265625,0.002394201699644327,0,1.968033790588379
1790028571072957000,17.79595703125,0.9864110946655273,-0.1364694982767105,0.6392518281936646
1790028571082966800,17.805966796875,0.9672574996948242,0,-1.5442601442337036
1790028571092976600,17.8159765625,0.27054479718208313,0.2346317619085312,-2.655169725418091
1790028571112996000,17.83599609375,-0.8858546018600464,0.5817909836769104,-1.0295066833496094
1790028571143086300,17.86608642578125,0.8092401623725891,0.363918662071228,0.07661445438861847
1790028571153126700,17.876126708984376,0.6416460275650024,0.9169792532920837,-1.778891921043396
1790028571163167000,17.8861669921875,-0.2968810200691223,1.434126853942871,-2.367865562438965
1790028571173207300,17.896207275390626,-0.9409212470054626,1.764526605606079,-1.867477297782898
1790028571183247600,17.90624755859375,-1.1180921792984009,1.8602946996688843,-0.6775590777397156
1790028571193226800,17.916226806640626,-1.2473790645599365,1.3670891523361206,0.12449848651885986
1790028571253346600,17.9763466796875,0.9696516990661621,1.9967641830444336,-0.9145850539207458
1790028571273396500,17.996396484375,-2.1380221843719482,1.5418659448623657,0.6200982332229614
1790028571293446700,18.01644677734375,-2.1092917919158936,-0.5171475410461426,0.26575639843940735
1790028571303456300,18.026456298828126,-1.6352397203445435,-1.235408067703247,-0.9050082564353943
1790028571313466000,18.036466064453126,-0.5889736413955688,-1.37906014919281,-1.3982137441635132
1790028571333485600,18.056485595703126,1.3982137441635132,0.019153613597154617,-0.3711012601852417
1790028571343526000,18.06652587890625,0.7038952708244324,0.7733271718025208,1.0438719987869263
1790028571353535700,18.07653564453125,-0.6871358752250671,1.3335703611373901,0.7589619159698486
1790028571363545300,18.08654541015625,-1.7094600200653076,0.3758896589279175,0.42616790533065796
1790028571373585700,18.096585693359376,-1.5179238319396973,-1.3479355573654175,1.0223240852355957
1790028571383595500,18.106595458984376,-0.36152446269989014,-1.5490485429763794,0.9002198576927185
1790028571393635800,18.1166357421875,0.3758896589279175,-1.2449848651885986,0.026336219161748886
1790028571423726000,18.14672607421875,0.49799394607543945,0.05267243832349777,0.16519992053508759
1790028571513997000,18.2369970703125,-0.7565677165985107,0.2082955539226532,0.2346317619085312
1790028571534047200,18.257047119140626,-0.0694318488240242,-0.11252748221158981,-0.43335050344467163
1790028571544087300,18.26708740234375,-0.023942016065120697,-0.7781155705451965,0.05985504388809204
1790028571554097200,18.27709716796875,-0.23942017555236816,-1.3623007535934448,0.8667010068893433
1790028571564107000,18.28710693359375,-0.47405192255973816,-1.1204863786697388,1.3287819623947144
1790028571574116600,18.29711669921875,0.08140286058187485,0.14844051003456116,0.3687070608139038
1790028571584126500,18.30712646484375,0.7182605266571045,-0.30885201692581177,1.1180921792984009
1790028571594166800,18.317166748046876,0.7493851184844971,-0.871489405632019,2.205059766769409
1790028571624226600,18.3472265625,0.019153613597154617,0.33518823981285095,-0.19871874153614044
1790028571634236400,18.357236328125,-0.1843535304069519,-0.43095630407333374,-0.27054479718208313
1790028571654286300,18.377286376953126,-1.1013327836990356,-0.9289502501487732,1.4197616577148438
1790028571674336500,18.39733642578125,-0.19632454216480255,-0.5770025849342346,1.3311761617660522
1790028571684346000,18.40734619140625,0.3926490843296051,-0.4692635238170624,1.1994950771331787
1790028571694356000,18.41735595703125,0.8427590131759644,-0.3471592366695404,0.6967126727104187
1790028571704365800,18.42736572265625,0.7996633648872375,-0.6727706789970398,0.8595184087753296
1790028571714375400,18.43737548828125,0.19153612852096558,-1.1324573755264282,1.256955862045288
1790028571724385300,18.44738525390625,-0.6536170840263367,-1.1252747774124146,1.501164436340332
1790028571734395100,18.45739501953125,-1.2066776752471924,-0.5626373887062073,1.0606313943862915
1790028571744404700,18.46740478515625,-0.9816226959228516,0.3663128614425659,0.44771572947502136
1790028571794514700,18.5175146484375,-0.2322375625371933,-0.9720458984375,1.0079588890075684
1790028571814595300,18.53759521484375,-0.37828385829925537,-1.0271124839782715,0.8810662031173706
1790028571824605000,18.54760498046875,-0.6655880808830261,-0.8523358106613159,0.2346317619085312
1790028571844685600,18.567685546875,-0.363918662071228,-0.4812345504760742,0.23942017555236816
1790028571864705000,18.587705078125,-0.47884035110473633,-0.5841852426528931,0.586579442024231
1790028571874715000,18.59771484375,-0.8451532125473022,-0.7182605266571045,0.8571242094039917
1790028571904774700,18.627774658203126,-0.2346317619085312,-0.6775590777397156,1.137245774269104
1790028571914784500,18.637784423828126,-0.31124621629714966,-0.6009446382522583,1.0821791887283325
1790028571934804000,18.657803955078126,-0.6512228846549988,-0.20350714027881622,0.6991068720817566
1790028571974904000,18.697904052734376,-0.28730419278144836,0,-0.7972691655158997
1790028572004963800,18.7279638671875,-0.8523358106613159,-0.43335050344467163,-0.12928688526153564
1790028572025014000,18.748013916015626,-0.5626373887062073,-0.4118026793003082,0.13407529890537262
1790028572035054300,18.758054443359374,-0.10534487664699554,-0.17477671802043915,0.28730419278144836
1790028572065114000,18.788114013671876,-1.1109095811843872,-0.8307880163192749,0.9169792532920837
1790028572075123700,18.798123779296876,-1.3455413579940796,-0.7996633648872375,0.7829039692878723
1790028572085133600,18.808133544921876,-1.4676456451416016,-0.5339069962501526,0.6631938815116882
1790028572095143400,18.818143310546876,-1.3718775510787964,-0.8212111592292786,0.6248866319656372
1790028572105153000,18.828153076171876,-1.702277421951294,-1.091755986213684,1.256955862045288
1790028572115193300,18.838193359375,-2.0446481704711914,-1.2952631711959839,1.6065093278884888
1790028572135212800,18.858212890625,-2.5761611461639404,-1.4053963422775269,2.7940332889556885
1790028572185384000,18.908384033203124,-1.50355863571167,-0.5650315880775452,0.6799532771110535
1790028572195424000,18.918424072265626,-1.9081788063049316,-0.6607996821403503,0.7469909191131592
1790028572215474200,18.93847412109375,-1.7573440074920654,-0.5602431893348694,1.0821791887283325
1790028572235493600,18.95849365234375,-1.9057846069335938,-0.5817909836769104,1.0031704902648926
1790028572245503500,18.96850341796875,-2.097320795059204,-0.3663128614425659,0.43335050344467163
1790028572255513000,18.97851318359375,-2.1332337856292725,-0.36152446269989014,0.6392518281936646
1790028572265523000,18.98852294921875,-2.1116859912872314,-0.751779317855835,1.048660397529602
1790028572275563300,18.998563232421876,-2.1787235736846924,-1.137245774269104,1.0319008827209473
1790028572285573000,19.008572998046876,-2.449268341064453,-1.259350061416626,1.0534487962722778
1790028572305653500,19.028653564453126,-2.959233283996582,-1.381454348564148,1.6065093278884888
1790028572325703700,19.04870361328125,-1.922544002532959,-0.9361328482627869,1.4460978507995605
1790028572335713300,19.05871337890625,-1.6639702320098877,-1.1899182796478271,1.7860745191574097
1790028572345692700,19.068692626953126,-1.9919757843017578,-1.113303780555725,1.5897499322891235
1790028572355763500,19.078763427734376,-2.0661959648132324,-0.8978256583213806,0.9672574996948242
1790028572365803800,19.0888037109375,-1.7190368175506592,-1.4724340438842773,0.9552865028381348
1790028572375844000,19.098843994140626,-1.625662922859192,-2.118868589401245,0.9409212470054626
1790028572425923300,19.14892333984375,-1.0199298858642578,1.1803414821624756,0.17238251864910126
1790028572466023400,19.1890234375,-1.1827356815338135,-1.0654197931289673,0.5937620401382446
1790028572476002800,19.1990029296875,-1.2282254695892334,0.2801215946674347,-0.21308395266532898
1790028572486073600,19.209073486328126,-1.0079588890075684,0.7254431247711182,-1.139639973640442
1790028572516133400,19.23913330078125,-1.656787633895874,-0.8834604024887085,0.9026140570640564
1790028572536152800,19.25915283203125,-1.8914192914962769,1.1516109704971313,-0.5985504388809204
1790028572546193200,19.269193115234376,-1.237802267074585,0.4381389021873474,-1.070208191871643
1790028572566243000,19.2892431640625,-1.4724340438842773,0.8667010068893433,-1.1085153818130493
1790028572576253000,19.2992529296875,-1.6903064250946045,-0.031124621629714966,-0.9169792532920837
1790028572586293200,19.309293212890626,-1.8818424940109253,-0.38067805767059326,-0.2537853717803955
1790028572596303000,19.31930322265625,-1.7717092037200928,0.1364694982767105,0.047884032130241394
1790028572616322600,19.339322509765626,-0.4118026793003082,-0.7805097699165344,-0.5123591423034668
1790028572626332400,19.34933251953125,-0.5889736413955688,-0.49559974670410156,0.6057330369949341
1790028572636342000,19.359342041015626,-1.216254472732544,0.06464344263076782,0.6153098344802856
1790028572646352000,19.369351806640626,-1.5825673341751099,0.35673606395721436,0.4572925269603729
1790028572656361500,19.379361572265626,-1.5322890281677246,0.9624691009521484,-0.912190854549408
1790028572666371300,19.389371337890626,-1.1180921792984009,0.9289502501487732,-1.161187767982483
1790028572676381200,19.399381103515626,-0.9193734526634216,0.40701428055763245,-1.1659762859344482
1790028572686390800,19.409390869140626,-1.0558429956436157,-0.6416460275650024,0.16519992053508759
1790028572696400600,19.419400634765626,-1.2090718746185303,-0.0071826050989329815,0.9265560507774353
1790028572716450800,19.439450927734374,-0.849941611289978,0.2968810200691223,-0.8140285611152649
1790028572726460400,19.44946044921875,-0.42856210470199585,1.2665326595306396,-0.9816226959228516
1790028572736470300,19.45947021484375,-0.5291185975074768,0.7469909191131592,-0.5410895943641663
1790028572746510600,19.469510498046876,-0.28730419278144836,0.3423708379268646,0.2106897532939911
1790028572756551000,19.479551025390624,-0.33518823981285095,-0.0071826050989329815,0.5147533416748047
1790028572766591000,19.489591064453126,-0.6009446382522583,0.12689268589019775,1.1971008777618408
1790028572796620300,19.519620361328126,-1.745373010635376,0.26575639843940735,-1.0199298858642578
1790028572806630100,19.529630126953126,-1.8483237028121948,-0.06224924325942993,-0.4812345504760742
1790028572816640000,19.539639892578126,-1.1659762859344482,-0.38307225704193115,0.24181437492370605
1790028572826680300,19.549680419921874,-0.3423708379268646,-0.019153613597154617,0.2753331959247589
1790028572836690000,19.55968994140625,-0.5650315880775452,0.028730420395731926,-0.08379705995321274
1790028572896748500,19.61974853515625,-1.522712230682373,0.19871874153614044,-0.2346317619085312
1790028572926777900,19.64977783203125,-1.8267759084701538,1.278503656387329,-0.47884035110473633
1790028572976887800,19.6998876953125,-0.2106897532939911,-0.9193734526634216,-0.26575639843940735
1790028572986897400,19.7098974609375,-0.7110779285430908,-0.033518824726343155,-0.5937620401382446
1790028572996907300,19.7199072265625,-0.9864110946655273,0.16759411990642548,-0.7493851184844971
1790028573006886400,19.729886474609376,-1.316810965538025,0.3687070608139038,-0.7661445140838623
1790028573016926700,19.7399267578125,-1.6759412288665771,0.5793967843055725,0.1867477297782898
1790028573026906000,19.749906005859376,-1.3623007535934448,0.6727706789970398,0.751779317855835
1790028573107106300,19.830106201171876,-1.1324573755264282,1.7908629179000854,0.5626373887062073
1790028573117146600,19.840146728515624,-1.0989385843276978,1.4221558570861816,0.21787235140800476
1790028573127156200,19.85015625,-1.0773907899856567,1.5322890281677246,-0.2753331959247589
1790028573137135600,19.860135498046876,-0.9768342971801758,1.194706678390503,0.33039984107017517
1790028573167225900,19.890225830078126,-0.45250412821769714,1.580173134803772,0.45010992884635925
1790028573177235700,19.900235595703126,-0.6607996821403503,1.5849615335464478,0.38546648621559143
1790028573197255200,19.920255126953126,-0.2968810200691223,1.5729905366897583,-0.2346317619085312
1790028573207265000,19.93026513671875,0.10534487664699554,1.434126853942871,0.4692635238170624
1790028573217244200,19.940244140625,0.5339069962501526,1.482010841369629,0.11252748221158981
1790028573227254000,19.95025390625,0.28730419278144836,1.278503656387329,-0.3495534360408783
1790028573237294300,19.96029443359375,-0.2944868206977844,0.6919242739677429,-0.7805097699165344
1790028573247304000,19.970303955078126,-0.7565677165985107,0.6727706789970398,-0.7110779285430908
1790028573257313800,19.980313720703126,-0.7134721279144287,0.727837324142456,-0.15562310814857483
1790028573277333200,20.000333251953126,-0.5602431893348694,0.2322375625371933,1.3192051649093628
1790028573287343000,20.010343017578126,-0.16998831927776337,0.06464344263076782,1.400607943534851
1790028573307362600,20.030362548828126,0.11013327538967133,-0.2106897532939911,0.6775590777397156
1790028573317372400,20.040372314453126,-0.2346317619085312,-0.1628057211637497,-0.6057330369949341
1790028573327382000,20.050382080078126,-0.9265560507774353,0.19871874153614044,-0.8619126081466675
1790028573337391900,20.060391845703126,-1.4987702369689941,0.4357447028160095,-0.4141969084739685
1790028573347401700,20.070401611328126,-1.8962076902389526,0.3471592366695404,-0.07182604819536209
1790028573377461500,20.10046142578125,0.5051765441894531,-0.019153613597154617,0.9002198576927185
1790028573387440600,20.110440673828126,1.1492167711257935,0.014365210197865963,-0.33279404044151306
1790028573397481000,20.12048095703125,0.5386953949928284,0.24899697303771973,-1.623268723487854
1790028573407521300,20.130521240234376,-1.4221558570861816,1.1037269830703735,-1.7980455160140991
1790028573417531100,20.14053125,-2.4827871322631836,1.1540051698684692,-1.1444283723831177
1790028573427540700,20.150540771484376,-2.296039342880249,0.31124621629714966,-0.17717093229293823
1790028573437581000,20.1605810546875,-0.7996633648872375,0.181959331035614,1.0989385843276978
1790028573497761800,20.22076171875,-1.5849615335464478,1.1683704853057861,-0.8786720037460327
1790028573507771400,20.230771484375,-1.5442601442337036,0.4572925269603729,-0.20350714027881622
1790028573517781200,20.24078125,-0.9864110946655273,0.16998831927776337,1.0223240852355957
1790028573527821600,20.250821533203126,0.22744916379451752,-0.10295066982507706,1.1803414821624756
1790028573567860700,20.29086083984375,-0.9050082564353943,1.1348515748977661,-1.522712230682373
1790028573627980300,20.350980224609376,0.08858546614646912,0.8978256583213806,-1.1779472827911377
1790028573637990000,20.360989990234376,-1.3982137441635132,0.9241618514060974,-1.2306196689605713
1790028573647999700,20.370999755859376,-2.1547815799713135,0.090979665517807,-0.5434837937355042
1790028573658040000,20.3810400390625,-1.6903064250946045,-0.9528923034667969,0.6105214357376099
1790028573668050000,20.3910498046875,-0.3711012601852417,-1.403002142906189,1.4915876388549805
1790028573678059500,20.4010595703125,0.9600749015808105,-0.7876923680305481,0.5793967843055725
1790028573718159600,20.44115966796875,-0.42377370595932007,1.436521053314209,0.4189853072166443
1790028573728169500,20.45116943359375,-1.4293384552001953,1.3718775510787964,0.26336219906806946
1790028573768269600,20.49126953125,-0.9648633003234863,-1.599326729774475,0.19871874153614044
1790028573778279400,20.501279541015624,0.090979665517807,-0.629675030708313,-0.33279404044151306
1790028573828389000,20.55138916015625,-0.6727706789970398,-0.43335050344467163,1.7334020137786865
1790028573868489200,20.5914892578125,-0.0454898327589035,0.038307227194309235,-1.1971008777618408
1790028573878529500,20.601529541015626,-0.06703764945268631,0.28969839215278625,-1.237802267074585
1790028573888539400,20.611539306640626,-0.5602431893348694,0.014365210197865963,-0.3711012601852417
1790028573898549000,20.621549072265626,-1.1492167711257935,0.05985504388809204,0.7158663272857666
1790028573918568700,20.641568603515626,-1.0271124839782715,-0.7924807667732239,0.7637503147125244
1790028573928578300,20.651578369140626,-0.28730419278144836,-0.5386953949928284,0.009576806798577309
1790028573938618600,20.66161865234375,0.19871874153614044,-0.4405331015586853,-0.08858546614646912
1790028573948628500,20.67162841796875,0.22505496442317963,-0.5841852426528931,0.6775590777397156
1790028573958638000,20.68163818359375,-0.05506663769483566,-0.4884171485900879,1.2042834758758545
1790028573968678400,20.691678466796876,-0.33997663855552673,-0.26336219906806946,0.9409212470054626
1790028573978718700,20.70171875,-0.5602431893348694,-0.5602431893348694,1.0271124839782715
1790028573988728600,20.711728515625,-0.9289502501487732,-0.35913026332855225,0.8475474119186401
1790028573998738200,20.72173828125,-0.7398083209991455,-0.6775590777397156,0.3902548849582672
1790028574008748000,20.731748046875,-0.4405331015586853,-0.828393816947937,0.667982280254364
1790028574018758000,20.7417578125,-0.5363011956214905,-0.009576806798577309,0.10534487664699554
1790028574038777300,20.76177734375,-0.768538773059845,0.3064578175544739,-0.6967126727104187
1790028574048787200,20.771787109375,-0.47405192255973816,0.6200982332229614,-0.3016694188117981
1790028574058796800,20.781796875,-0.5746083855628967,0.22505496442317963,0.569819986820221
1790028574068806700,20.791806640625,-0.4213795065879822,-0.090979665517807,1.3958195447921753
1790028574078816500,20.80181640625,-0.033518824726343155,0.0694318488240242,0.4812345504760742
1790028574108937200,20.831937255859376,1.4053963422775269,-0.24181437492370605,0.1173158809542656
1790028574118947000,20.841947021484376,1.0295066833496094,-0.17477671802043915,1.094150185585022
1790028574159108000,20.882108154296876,0.33518823981285095,-0.0933738648891449,0.3495534360408783
1790028574209218000,20.932218017578126,-0.181959331035614,-0.3758896589279175,1.1779472827911377
1790028574239247400,20.962247314453126,0.5889736413955688,-0.811634361743927,0.6320692300796509
1790028574259297300,20.98229736328125,-0.5434837937355042,-0.49320554733276367,0.43335050344467163
1790028574269337600,20.992337646484376,-0.40222588181495667,0.0071826050989329815,-0.17956513166427612
1790028574279347500,21.002347412109376,-0.19632454216480255,0.272938996553421,-0.15083470940589905
1790028574289357300,21.012357421875,-0.2059013396501541,-0.3926490843296051,0.33279404044151306
1790028574299367000,21.022366943359376,-0.24899697303771973,-0.6416460275650024,0.5578489899635315
1790028574309376800,21.032376708984376,0.05985504388809204,-0.24181437492370605,-0.1388636976480484
1790028574319417000,21.0424169921875,0.6320692300796509,-0.0454898327589035,-0.7254431247711182
1790028574329426700,21.0524267578125,0.9576807022094727,-0.5386953949928284,0.10295066982507706
1790028574339436500,21.0624365234375,0.586579442024231,-0.9385270476341248,1.2545616626739502
1790028574349446400,21.0724462890625,-0.026336219161748886,-0.7757213711738586,1.5179238319396973
1790028574389515800,21.112515869140626,0.9385270476341248,-0.828393816947937,1.3503297567367554
1790028574409596400,21.132596435546876,-0.4118026793003082,-0.6607996821403503,1.2832920551300049
1790028574429615900,21.152615966796876,-0.6320692300796509,-0.3734954595565796,0.09576806426048279
1790028574479665000,21.202664794921876,-0.23942017555236816,-0.07182604819536209,0.35434186458587646
1790028574519734300,21.242734375,-0.9983820915222168,-0.608127236366272,0.7565677165985107
1790028574529805300,21.252805419921874,-0.9696516990661621,-0.19632454216480255,0.5650315880775452
1790028574539815000,21.26281494140625,-0.8451532125473022,-0.24420857429504395,0.5195417404174805
1790028574549824800,21.27282470703125,-0.8427590131759644,-0.3423708379268646,0.7134721279144287
1790028574579884500,21.302884521484376,-1.6328455209732056,-0.7445967197418213,0.667982280254364
1790028574589894400,21.312894287109376,-1.2090718746185303,-0.9672574996948242,0.6105214357376099
1790028574599904000,21.322904052734376,-1.2521674633026123,-1.0869675874710083,0.9744400978088379
1790028574619954200,21.3429541015625,-2.185906171798706,-1.1827356815338135,1.292868971824646
1790028574639973600,21.3629736328125,-2.5234885215759277,-1.6304513216018677,1.1659762859344482
1790028574649983500,21.3729833984375,-2.3056161403656006,-1.8052281141281128,1.0869675874710083
1790028574659993000,21.3829931640625,-2.425326347351074,-1.8986018896102905,1.0247182846069336
1790028574670003000,21.3930029296875,-2.5977089405059814,-2.054224967956543,1.1276689767837524
1790028574700093200,21.42309326171875,-2.03507137298584,-2.2218191623687744,1.4389152526855469
1790028574710103000,21.43310302734375,-2.145204782485962,-2.612074136734009,1.946485996246338
1790028574770222600,21.49322265625,-2.2361843585968018,-2.454056739807129,2.5234885215759277
1790028574790242300,21.5132421875,-3.1938650608062744,-1.723825216293335,1.9752163887023926
1790028574800252000,21.523251953125,-2.8562827110290527,-1.414973258972168,1.4484920501708984
1790028574810261800,21.53326171875,-2.056619167327881,-0.9552865028381348,0.9552865028381348
1790028574820271600,21.543271728515624,-1.5873557329177856,-1.292868971824646,1.3192051649093628
1790028574830281200,21.55328125,-1.889025092124939,-1.6280571222305298,1.5682021379470825
1790028574840291000,21.563291015625,-2.1140801906585693,-1.139639973640442,0.8020575642585754
1790028574850301000,21.573301025390624,-1.9393033981323242,-1.0247182846069336,0.8786720037460327
1790028574860310500,21.583310546875,-2.013523578643799,-1.4389152526855469,1.4700398445129395
1790028574870320400,21.5933203125,-2.006340980529785,-1.3311761617660522,1.3527239561080933
1790028574930379000,21.65337890625,-1.3096283674240112,-0.6584054827690125,0.26575639843940735
1790028574940388600,21.663388671875,-1.0821791887283325,-0.9768342971801758,0.5027823448181152
1790028574950398500,21.6733984375,-0.811634361743927,-0.6631938815116882,0.10055647045373917
1790028574960438800,21.683438720703126,-0.5434837937355042,-0.4620809257030487,-0.30885201692581177
1790028574970448400,21.693448486328126,-0.4381389021873474,-0.45250412821769714,-0.11252748221158981
1790028575040577800,21.763577880859376,-1.2617442607879639,-1.702277421951294,0.689530074596405
1790028575050618000,21.7736181640625,-1.522712230682373,-0.6560112833976746,1.036689281463623
1790028575060628000,21.7836279296875,-1.5705963373184204,-0.040701430290937424,-0.07661445438861847
1790028575070637800,21.793637939453124,-1.2114660739898682,-0.8475474119186401,0.47884035110473633
1790028575080678000,21.803677978515626,-1.1516109704971313,-1.2018892765045166,1.4748282432556152
1790028575090687700,21.813687744140626,-1.5753847360610962,-1.41257905960083,2.3989901542663574
1790028575100697600,21.823697509765626,-1.278503656387329,-0.11971008777618408,1.7118542194366455
1790028575110707200,21.833707275390626,-1.1683704853057861,1.3862427473068237,-0.4213795065879822
1790028575120717000,21.843717041015626,-1.6831238269805908,0.4644751250743866,-0.5267243981361389
1790028575130727000,21.853726806640626,-2.212242364883423,-0.5267243981361389,-0.22266076505184174
1790028575140706000,21.8637060546875,-2.4875755310058594,-1.2258312702178955,0.35434186458587646
1790028575150746400,21.873746337890626,-2.3247697353363037,-0.3016694188117981,0.2059013396501541
1790028575160756200,21.883756103515626,-1.800439715385437,0.950498104095459,-1.766920804977417
1790028575170765800,21.893765869140626,-1.501164436340332,1.0869675874710083,-2.7102363109588623
1790028575190816000,21.91381591796875,-2.1284453868865967,0.9911994934082031,-0.4141969084739685
1790028575200795100,21.923795166015626,-2.5091233253479004,1.5155296325683594,-0.828393816947937
1790028575210835500,21.93383544921875,-2.363077163696289,1.4173674583435059,-1.6400281190872192
1790028575220814600,21.943814697265626,-2.382230758666992,0.7398083209991455,-1.5131354331970215
1790028575240895200,21.963895263671876,-2.2912509441375732,-0.6177040338516235,-0.47884035110473633
1790028575250905000,21.973905029296876,-2.3582887649536133,0.10534487664699554,-0.6536170840263367
1790028575260945400,21.9839453125,-2.782062292098999,1.3527239561080933,-1.5705963373184204
1790028575270955000,21.993955078125,-3.2800562381744385,0.6560112833976746,-2.233790159225464
1790028575280964900,22.00396484375,-3.1076738834381104,-0.7972691655158997,-0.9074024558067322
1790028575291035600,22.01403564453125,-1.7118542194366455,0.019153613597154617,-0.011971008032560349
1790028575321095400,22.044095458984376,-1.8579005002975464,0.9792284965515137,-0.7565677165985107
1790028575331105300,22.054105224609376,-2.03507137298584,1.0007762908935547,-1.0749965906143188
1790028575361134600,22.084134521484376,-2.6001031398773193,1.7334020137786865,-0.7709329724311829
1790028575371144200,22.094144287109376,-2.3942017555236816,1.7812861204147339,-0.19393034279346466
1790028575381123600,22.10412353515625,-2.3056161403656006,2.099714994430542,0.14844051003456116
1790028575391164000,22.114163818359376,-1.8602946996688843,2.2625205516815186,0.524330198764801
1790028575401173500,22.124173583984376,-0.9026140570640564,1.4532804489135742,1.0438719987869263
1790028575411183400,22.134183349609376,-0.6200982332229614,1.4700398445129395,1.194706678390503
1790028575421193200,22.144193115234376,-1.070208191871643,1.766920804977417,0.17238251864910126
1790028575431202800,22.154202880859376,-1.338358759880066,1.623268723487854,0.2346317619085312
1790028575461293300,22.184293212890626,-0.8259995579719543,2.8850131034851074,0.3232172429561615
1790028575471303000,22.194302978515626,-0.811634361743927,3.294421434402466,0.3687070608139038
1790028575501362700,22.22436279296875,-0.5339069962501526,2.9735984802246094,-0.31364041566848755
1790028575511403000,22.234403076171876,-0.3423708379268646,2.6862943172454834,-0.7493851184844971
1790028575521443300,22.244443359375,-0.011971008032560349,2.7317841053009033,-1.2856862545013428
1790028575541493500,22.264493408203126,0.5746083855628967,2.4684219360351562,-1.0342950820922852
1790028575551533800,22.274533935546874,0.33279404044151306,2.5258827209472656,-0.5889736413955688
1790028575571553300,22.29455322265625,-0.4357447028160095,2.8227639198303223,-0.3280056416988373
1790028575581593600,22.304593505859376,-0.2992752194404602,2.185906171798706,-0.11252748221158981
1790028575601613000,22.324613037109376,0.2825157940387726,1.4413094520568848,0.13407529890537262
1790028575621632500,22.344632568359376,0.17956513166427612,0.9696516990661621,-0.09576806426048279
1790028575651723000,22.374722900390626,-1.139639973640442,0.395043283700943,-0.021547814831137657
1790028575661763300,22.384763427734374,-0.790086567401886,0.4572925269603729,0.1604115068912506
1790028575671773000,22.39477294921875,-0.45250412821769714,0.5817909836769104,0.090979665517807
1790028575681813200,22.404813232421876,0.026336219161748886,0.48602294921875,0.4429273009300232
1790028575701863400,22.424863525390624,-0.15083470940589905,1.0821791887283325,-0.4572925269603729
1790028575711903500,22.434903564453126,-0.8643068075180054,0.8882488012313843,-0.5099649429321289
1790028575721913300,22.444913330078126,-1.3503297567367554,0.5386953949928284,-0.8307880163192749
1790028575731923200,22.454923095703126,-1.4844050407409668,0.08619125932455063,-0.49559974670410156
1790028575741932800,22.464932861328126,-0.545877993106842,0.10295066982507706,0.22026655077934265
1790028575751973000,22.47497314453125,0.828393816947937,0.7972691655158997,-0.3280056416988373
1790028575772023300,22.495023193359376,-0.17956513166427612,2.1547815799713135,-2.255337953567505
1790028575782033000,22.505032958984376,-2.0254945755004883,3.361459255218506,-2.3271639347076416
1790028575792042800,22.515042724609376,-2.387019157409668,3.1483752727508545,-0.7158663272857666
1790028575822133000,22.545133056640626,2.3774423599243164,-0.6871358752250671,-0.24660277366638184
1790028575832142800,22.555142822265626,1.7525556087493896,0.608127236366272,-1.7310078144073486
1790028575852223500,22.575223388671876,-1.3934253454208374,1.2234370708465576,-0.7422025203704834
1790028575862263800,22.585263916015624,-1.5418659448623657,0.6727706789970398,0.1149216815829277
1790028575872273400,22.5952734375,-1.2114660739898682,-0.4429273009300232,-0.12928688526153564
1790028575882313700,22.605313720703126,-0.828393816947937,-1.278503656387329,-0.828393816947937
1790028575892323600,22.615323486328126,-0.6919242739677429,-1.3646949529647827,-1.4748282432556152
1790028575902364000,22.625364013671874,-0.4141969084739685,-1.280897855758667,-1.194706678390503
1790028575912404000,22.635404052734376,0.7015010714530945,-0.646434485912323,-0.7781155705451965
1790028575922413800,22.645413818359376,1.6352397203445435,0.5985504388809204,-0.6344634294509888
1790028575932454100,22.6554541015625,1.1803414821624756,1.2186486721038818,0.17956513166427612
1790028575952504000,22.675504150390626,-2.078166961669922,0.8451532125473022,-0.667982280254364
1790028576002583600,22.72558349609375,2.3367409706115723,-0.5602431893348694,1.2258312702178955
1790028576072682500,22.7956826171875,1.5873557329177856,-0.5889736413955688,0.8379706144332886
1790028576122761700,22.84576171875,-0.9744400978088379,-0.11013327538967133,-1.7405846118927002
1790028576132771600,22.855771484375,-0.9552865028381348,-1.1252747774124146,-1.0654197931289673
1790028576142781200,22.86578125,-0.7422025203704834,-1.7693150043487549,1.0079588890075684
1790028576152791000,22.875791015625,-0.019153613597154617,-1.6663644313812256,1.9488801956176758
1790028576162801000,22.88580078125,0.8786720037460327,-0.6440402865409851,1.357512354850769
1790028576172810500,22.895810546875,1.4317326545715332,-0.023942016065120697,0.49320554733276367
1790028576182820400,22.9058203125,1.3096283674240112,-0.19393034279346466,0.26096799969673157
1790028576192830200,22.915830322265624,0.5434837937355042,-0.6129156351089478,0.35434186458587646
1790028576202839800,22.92583984375,-0.26096799969673157,-0.9050082564353943,0.6560112833976746
1790028576212849700,22.935849609375,-0.40940847992897034,-0.6105214357376099,0.22026655077934265
1790028576222859500,22.945859619140624,-0.40222588181495667,-0.31603461503982544,-0.47644615173339844
1790028576232869000,22.955869140625,0.07182604819536209,-0.3064578175544739,-0.5171475410461426
1790028576242909400,22.965909423828126,0.5578489899635315,-0.22026655077934265,0.13168109953403473
1790028576252919300,22.975919189453126,0.6320692300796509,-0.1149216815829277,0.47405192255973816
1790028576282948600,23.005948486328126,0.5913678407669067,-0.9217676520347595,0.49559974670410156
1790028576292988700,23.01598876953125,0.20350714027881622,-1.3072341680526733,1.3838485479354858
1790028576303029000,23.026029052734376,-0.12689268589019775,-1.0007762908935547,1.3431471586227417
1790028576323018000,23.04601806640625,0.7230489253997803,-0.2322375625371933,-0.363918662071228
1790028576333058300,23.056058349609376,1.2880805730819702,-0.26336219906806946,-0.2561795711517334
1790028576343098600,23.0660986328125,1.3958195447921753,-0.790086567401886,1.158793568611145
1790028576363179300,23.08617919921875,0.47644615173339844,-0.5195417404174805,1.5610195398330688
1790028576373188900,23.09618896484375,0.1364694982767105,-0.5793967843055725,1.0223240852355957
1790028576383198700,23.10619873046875,-0.0454898327589035,-0.667982280254364,0.6272808313369751
1790028576393239000,23.116239013671876,0.08619125932455063,-0.8403648138046265,-0.009576806798577309
1790028576403279400,23.126279296875,0.5291185975074768,-1.1659762859344482,-0.13168109953403473
1790028576413289000,23.1362890625,0.7876923680305481,-1.2042834758758545,0.5219359993934631
1790028576503560200,23.226560302734374,-0.06464344263076782,-0.2825157940387726,0.12928688526153564
1790028576523640600,23.246640625,-0.09816227108240128,-0.8188169598579407,0.9026140570640564
1790028576543690800,23.266690673828126,0.19153612852096558,-0.31842881441116333,0.2106897532939911
1790028576583790800,23.306790771484376,-0.5267243981361389,0.08140286058187485,0.08140286058187485
1790028576653981200,23.376981201171876,0.4596867263317108,-0.35913026332855225,0.2849099934101105
1790028576684102100,23.40710205078125,-0.40462008118629456,-0.10055647045373917,0.45489832758903503
1790028576744221700,23.4672216796875,-0.24420857429504395,-1.460463047027588,2.0685901641845703
1790028576824452400,23.547452392578126,-1.2545616626739502,-1.3072341680526733,0.9528923034667969
1790028576874592800,23.5975927734375,-2.1308395862579346,-1.5131354331970215,1.1252747774124146
1790028576884602600,23.6076025390625,-1.8579005002975464,-1.403002142906189,0.727837324142456
1790028576894643000,23.617642822265626,-1.4652514457702637,-1.3527239561080933,0.40940847992897034
1790028576904652500,23.627652587890626,-1.3096283674240112,-1.6927006244659424,0.028730420395731926
1790028576914692900,23.63769287109375,-1.3958195447921753,-1.867477297782898,-0.14844051003456116
1790028576924702700,23.64770263671875,-1.6160861253738403,-1.4891934394836426,0.15801730751991272
1790028576934712300,23.65771240234375,-1.8291701078414917,-1.3718775510787964,0.9026140570640564
1790028576954762500,23.677762451171876,-1.867477297782898,-1.4077905416488647,2.5306711196899414
1790028576964833300,23.687833251953126,-1.5682021379470825,-1.6160861253738403,2.849100112915039
1790028576974873600,23.69787353515625,-1.5322890281677246,-2.0638017654418945,3.287238836288452
1790028576984883200,23.70788330078125,-1.86508309841156,-2.4396915435791016,3.0095114707946777
1790028576994893000,23.71789306640625,-2.013523578643799,-2.1954829692840576,2.5689783096313477
1790028577004903000,23.72790283203125,-2.4612393379211426,-2.3511061668395996,2.2361843585968018
1790028577014912500,23.73791259765625,-2.7006595134735107,-2.33913516998291,2.054224967956543
1790028577024922400,23.74792236328125,-2.382230758666992,-1.8291701078414917,1.7118542194366455
1790028577034932200,23.75793212890625,-1.6400281190872192,-1.623268723487854,2.0183119773864746
1790028577044941800,23.76794189453125,-1.335964560508728,-1.7357962131500244,2.4133553504943848
1790028577054951700,23.77795166015625,-1.522712230682373,-1.5658079385757446,2.209848165512085
1790028577105092000,23.828092041015626,-1.4173674583435059,-0.5602431893348694,0.7661445140838623
1790028577185261800,23.90826171875,-0.4141969084739685,0.23702596127986908,1.357512354850769
1790028577195271400,23.918271484375,-0.6392518281936646,0.8619126081466675,0.24420857429504395
1790028577205281300,23.92828125,-0.6105214357376099,0.6105214357376099,-1.3287819623947144
1790028577215260400,23.938260498046876,-0.646434485912323,-0.15562310814857483,-1.8579005002975464
1790028577225300700,23.94830078125,-1.036689281463623,-0.9600749015808105,-0.9888052940368652
1790028577235310600,23.958310546875,-1.623268723487854,-1.7741034030914307,0.3447650372982025
1790028577245320400,23.968320556640624,-1.8555063009262085,-0.7589619159698486,0.5099649429321289
1790028577255330000,23.978330078125,-1.436521053314209,0.3687070608139038,-0.5841852426528931
1790028577275410700,23.99841064453125,-0.5219359993934631,0.42856210470199585,-0.6153098344802856
1790028577285420500,24.008420654296874,-1.0295066833496094,0.3734954595565796,-0.667982280254364
1790028577295430100,24.01843017578125,-1.4532804489135742,-0.16519992053508759,-1.0438719987869263
1790028577305440000,24.02843994140625,-1.5394717454910278,-1.0342950820922852,-0.36152446269989014
1790028577315449600,24.03844970703125,-1.50355863571167,-0.9050082564353943,-0.17477671802043915
1790028577325459500,24.04845947265625,-1.0797849893569946,-0.33518823981285095,-1.213860273361206
1790028577345479000,24.06847900390625,-0.6488286852836609,-0.8092401623725891,0.23702596127986908
1790028577385548500,24.108548583984376,-0.9097966551780701,0.9744400978088379,-1.3503297567367554
1790028577395558400,24.118558349609376,-0.790086567401886,-0.6177040338516235,-0.8188169598579407
1790028577405568300,24.128568359375,-0.6344634294509888,-1.2545616626739502,0.5410895943641663
1790028577415608300,24.1386083984375,-0.4141969084739685,-0.5410895943641663,0.06224924325942993
1790028577455739100,24.1787392578125,-0.5722141861915588,1.0845733880996704,-1.1348515748977661
1790028577465748700,24.188748779296876,-1.1228805780410767,-0.12689268589019775,-0.6823474764823914
1790028577485768400,24.2087685546875,-0.6584054827690125,-0.1173158809542656,0.5386953949928284
1790028577495808500,24.21880859375,-0.5770025849342346,0.20350714027881622,-0.44532153010368347
1790028577505848800,24.228848876953126,-0.6991068720817566,0.524330198764801,-0.8858546018600464
1790028577515858700,24.238858642578126,-1.1635819673538208,0.6847416758537292,-1.0007762908935547
1790028577525899000,24.24889892578125,-1.580173134803772,0.272938996553421,-0.7733271718025208
1790028577535878100,24.258878173828126,-1.3934253454208374,-0.21787235140800476,-0.09816227108240128
1790028577545918500,24.26891845703125,-0.8068459630012512,-0.6607996821403503,0.5506663918495178
1790028577555958800,24.278958740234376,-0.19153612852096558,-1.0893617868423462,1.6065093278884888
1790028577586049000,24.309049072265626,-2.2697031497955322,0.26096799969673157,0.08858546614646912
1790028577626088200,24.349088134765626,-1.0989385843276978,1.1252747774124146,-2.6001031398773193
1790028577636067300,24.3590673828125,-2.7437551021575928,1.721431016921997,-2.513911724090576
1790028577706227200,24.429227294921876,-1.1228805780410767,0.6751648783683777,1.0534487962722778
1790028577716298200,24.43929833984375,-0.8307880163192749,-0.033518824726343155,0.4405331015586853
1790028577726307800,24.449307861328126,-1.280897855758667,0.6943184733390808,0.5961562395095825
1790028577736317700,24.459317626953126,-1.3096283674240112,1.6496049165725708,0.6344634294509888
1790028577746358000,24.46935791015625,-0.6919242739677429,2.4899697303771973,0.9409212470054626
1790028577756367600,24.47936767578125,0.033518824726343155,3.2752678394317627,0.871489405632019
1790028577766408000,24.489407958984376,0.11252748221158981,3.026270866394043,0.6823474764823914
1790028577776387300,24.49938720703125,-0.26575639843940735,2.5737667083740234,-0.37828385829925537
1790028577796437200,24.519437255859376,-0.2753331959247589,2.2409727573394775,-0.9409212470054626
1790028577806447000,24.529447021484376,-0.395043283700943,2.1571757793426514,-1.4676456451416016
1790028577816456700,24.539456787109376,-0.4668693244457245,2.367865562438965,-1.9369091987609863
1790028577826466600,24.549466552734376,-0.3998316824436188,2.494758129119873,-2.0254945755004883
1790028577836476400,24.559476318359376,-0.0694318488240242,2.75812029838562,-1.237802267074585
1790028577846486000,24.569486083984376,0.3687070608139038,2.9903578758239746,-0.43335050344467163
1790028577866536200,24.5895361328125,0.8259995579719543,2.959233283996582,-0.06464344263076782
1790028577876545800,24.5995458984375,0.507570743560791,2.698265314102173,-0.8690952062606812
1790028577886586000,24.609586181640626,-0.08379705995321274,1.7932571172714233,-1.280897855758667
1790028577896626400,24.61962646484375,-0.4668693244457245,1.3120225667953491,-0.9672574996948242
1790028577906636300,24.62963623046875,-0.22266076505184174,1.482010841369629,-0.790086567401886
1790028577916646000,24.63964599609375,0.05027823522686958,1.01753568649292,0.09816227108240128
1790028577936665600,24.65966552734375,0.31364041566848755,1.213860273361206,0.7805097699165344
1790028577966725400,24.689725341796876,-0.24420857429504395,0.8355764150619507,-0.8690952062606812
1790028578036885200,24.75988525390625,0.15801730751991272,0.20111294090747833,-0.3423708379268646
1790028578056935400,24.779935302734376,-1.0534487962722778,0.5674257874488831,-1.2449848651885986
1790028578066945000,24.789945068359376,-1.3455413579940796,-0.0071826050989329815,-1.1492167711257935
1790028578076955000,24.799954833984376,-1.4844050407409668,-0.8427590131759644,-0.4357447028160095
1790028578086964700,24.80996484375,-0.5937620401382446,-1.137245774269104,0.9265560507774353
1790028578097004800,24.8200048828125,1.0606313943862915,-0.5267243981361389,0.7398083209991455
1790028578106984200,24.829984130859376,1.9273324012756348,0.47644615173339844,-1.5825673341751099
1790028578127034000,24.8500341796875,-1.3048399686813354,2.6623523235321045,-4.3406877517700195
1790028578137013500,24.860013427734376,-3.181894063949585,3.0382418632507324,-3.622427225112915
1790028578147084300,24.870084228515626,-3.5170822143554688,2.604891538619995,-1.3335703611373901
1790028578157094000,24.880093994140626,-1.9776105880737305,0.9552865028381348,0.9169792532920837
1790028578167103700,24.890103759765626,0.7206547260284424,0.021547814831137657,1.1563993692398071
1790028578177113600,24.900113525390626,2.0805611610412598,-0.6272808313369751,-0.5793967843055725
1790028578187092700,24.9100927734375,2.5665841102600098,-0.6751648783683777,-0.7469909191131592
1790028578207143000,24.930142822265626,1.8387469053268433,2.2385785579681396,-3.5865142345428467
1790028578227192800,24.95019287109375,-0.993593692779541,3.177105665206909,-1.9847931861877441
1790028578247212500,24.970212646484374,-0.1867477297782898,-0.0071826050989329815,0.24181437492370605
1790028578257252600,24.980252685546876,1.821987509727478,-0.8954314589500427,0.090979665517807
1790028578277272300,25.000272216796876,3.485957622528076,0.5410895943641663,-1.4724340438842773
1790028578367390700,25.090390625,-2.537853717803955,1.3862427473068237,-2.2170307636260986
1790028578417500400,25.14050048828125,0.2825157940387726,-2.298433542251587,0.42377370595932007
1790028578467610400,25.1906103515625,0.002394201699644327,-0.19153612852096558,0.5650315880775452
1790028578477620200,25.2006201171875,-0.36152446269989014,-1.723825216293335,1.0749965906143188
1790028578487660500,25.21066064453125,0.12689268589019775,-1.5753847360610962,0.9097966551780701
1790028578497670100,25.220670166015626,0.5434837937355042,-0.7038952708244324,-0.16519992053508759
1790028578507680000,25.230679931640626,0.7733271718025208,-0.44532153010368347,-0.3687070608139038
1790028578527760600,25.2507607421875,0.9409212470054626,0.28969839215278625,0.2298433631658554
1790028578547841000,25.270841064453126,1.192312479019165,0.6919242739677429,-0.30885201692581177
1790028578557881300,25.28088134765625,1.4053963422775269,-0.181959331035614,0.6584054827690125
1790028578567921700,25.290921630859376,1.316810965538025,-0.667982280254364,1.4077905416488647
1790028578577931500,25.300931640625,0.9768342971801758,-0.5171475410461426,1.2258312702178955
1790028578587971600,25.3109716796875,0.9169792532920837,0.48602294921875,-0.3663128614425659
1790028578597981400,25.3209814453125,0.8619126081466675,0.2753331959247589,-1.2449848651885986
1790028578607991300,25.3309912109375,1.072602391242981,-0.5841852426528931,-0.45250412821769714
1790028578618001000,25.3410009765625,0.8834604024887085,-0.9433154463768005,0.8882488012313843
1790028578628041200,25.351041259765626,0.44771572947502136,-0.031124621629714966,0.5386953949928284
1790028578638081500,25.36108154296875,0.5554547905921936,0.7015010714530945,-0.9768342971801758
1790028578648121900,25.371121826171876,0.8236053586006165,0.14844051003456116,-0.950498104095459
1790028578658131700,25.381131591796876,1.1180921792984009,-0.1388636976480484,0.15801730751991272
1790028578668141300,25.391141357421876,1.1827356815338135,-0.3447650372982025,0.9265560507774353
1790028578678181600,25.401181640625,1.2832920551300049,-0.6320692300796509,1.357512354850769
1790028578688191500,25.41119140625,1.403002142906189,-0.7661445140838623,1.723825216293335
1790028578718220800,25.441220703125,0.15562310814857483,-0.3878606855869293,0.6703764796257019
1790028578728261000,25.45126123046875,0.5195417404174805,-0.2968810200691223,-0.48602294921875
1790028578748311000,25.47131103515625,0.31603461503982544,-0.9289502501487732,0.8427590131759644
1790028578758321000,25.48132080078125,-0.14604631066322327,-1.2425906658172607,1.2952631711959839
1790028578768330500,25.49133056640625,-0.3256114423274994,-1.237802267074585,1.8315643072128296
1790028578778401300,25.5014013671875,-0.1604115068912506,-1.4317326545715332,1.6759412288665771
1790028578788411100,25.5114111328125,-0.014365210197865963,-1.7501614093780518,1.5753847360610962
1790028578798482000,25.52148193359375,0.08140286058187485,-1.359906554222107,0.7230489253997803
1790028578808461300,25.53146142578125,0.31842881441116333,-0.7589619159698486,-0.6631938815116882
1790028578818501400,25.54150146484375,0.6248866319656372,-1.0534487962722778,-0.5961562395095825
1790028578828541700,25.551541748046876,0.22744916379451752,-1.3886369466781616,0.42377370595932007
1790028578848530700,25.57153076171875,-0.790086567401886,-1.2761094570159912,1.455674648284912
1790028578858571000,25.581571044921876,-0.3902548849582672,-0.7829039692878723,1.137245774269104
1790028578868580900,25.591580810546876,0.5961562395095825,-0.17956513166427612,0.1388636976480484
1790028578878621200,25.60162109375,1.5107412338256836,-0.31603461503982544,0.040701430290937424
1790028578888600300,25.611600341796876,1.644816517829895,-0.7422025203704834,0.8547300100326538
1790028578908650500,25.631650390625,0.1149216815829277,-0.7589619159698486,1.0342950820922852
1790028578918660000,25.64166015625,0.24420857429504395,-0.6272808313369751,0.7924807667732239
1790028578928700400,25.651700439453126,0.3902548849582672,-0.7038952708244324,0.4596867263317108
1790028578948719900,25.671719970703126,0.47405192255973816,-0.6153098344802856,0.1388636976480484
1790028578998891000,25.72189111328125,0.17717093229293823,-0.3878606855869293,0.7374141216278076
1790028579079060500,25.802060546875,-0.6033388376235962,-0.6991068720817566,1.5155296325683594
1790028579099110700,25.822110595703126,-1.1971008777618408,-0.7254431247711182,1.5514427423477173
1790028579129231400,25.8522314453125,-0.8403648138046265,-1.1276689767837524,0.6057330369949341
1790028579149281500,25.872281494140626,-1.4532804489135742,-0.768538773059845,0.8978256583213806
1790028579169301000,25.892301025390626,0.17717093229293823,-0.22744916379451752,0.5746083855628967
1790028579189351200,25.91235107421875,-0.15083470940589905,-0.8403648138046265,1.4915876388549805
1790028579219411000,25.942410888671876,-0.035913024097681046,-0.9888052940368652,0.8547300100326538
1790028579269612300,25.9926123046875,0.38307225704193115,-0.7422025203704834,0.14604631066322327
1790028579329762600,26.052762451171876,0.8858546018600464,-0.4812345504760742,-0.023942016065120697
1790028579349843000,26.072843017578126,0.45489832758903503,-0.16759411990642548,-0.26096799969673157
1790028579359852800,26.082852783203126,0.569819986820221,-0.15322890877723694,-0.10055647045373917
1790028579379903000,26.102903076171874,0.45489832758903503,0.10773907601833344,-0.5578489899635315
1790028579389912600,26.11291259765625,0.10773907601833344,0.07422025501728058,-0.28730419278144836
1790028579399953000,26.122952880859376,0.12689268589019775,0.10055647045373917,-0.304063618183136
1790028579490101800,26.213101806640626,-3.3734302520751953,-1.5538369417190552,0.7206547260284424
1790028579530201900,26.253201904296876,-3.44765043258667,-1.525106430053711,3.3710360527038574
1790028579540242200,26.2632421875,-2.7030537128448486,-2.2433669567108154,1.7094600200653076
1790028579550282500,26.273282470703126,-1.0869675874710083,-2.229001760482788,0.6057330369949341
1790028579560322800,26.28332275390625,0.031124621629714966,-1.9943699836730957,0.09576806426048279
1790028579570363100,26.293363037109376,0.4644751250743866,-1.4724340438842773,-0.2849099934101105
1790028579590413000,26.3134130859375,0.36152446269989014,-0.38067805767059326,0.1867477297782898
1790028579600423000,26.3234228515625,0.17238251864910126,-0.0454898327589035,0.727837324142456
1790028579610432500,26.3334326171875,-0.10055647045373917,0.14844051003456116,1.0007762908935547
1790028579620472800,26.343472900390626,0.14604631066322327,-0.2082955539226532,0.6560112833976746
1790028579630482700,26.353482666015626,0.9959878921508789,-0.507570743560791,-0.12449848651885986
1790028579650532600,26.37353271484375,1.50355863571167,-0.031124621629714966,-1.2306196689605713
1790028579660573000,26.383572998046876,0.8236053586006165,0.43095630407333374,-0.5841852426528931
1790028579670613200,26.39361328125,0.004788403399288654,0.6105214357376099,0.3064578175544739
1790028579690663400,26.413663330078126,0.6105214357376099,1.0821791887283325,0.181959331035614
1790028579780873200,26.503873291015626,0.016759412363171577,0.05027823522686958,-0.05746084079146385
1790028579790913500,26.51391357421875,-0.15801730751991272,-0.002394201699644327,-0.1149216815829277
1790028579810963700,26.533963623046876,-0.14604631066322327,-0.12689268589019775,0.2992752194404602
1790028579820973300,26.543973388671876,-0.08379705995321274,-0.1843535304069519,0.33039984107017517
1790028579841023500,26.5640234375,0.004788403399288654,-0.43335050344467163,0.10295066982507706
1790028579851063800,26.574063720703126,0.043095629662275314,-0.47165772318840027,0.18914192914962769
1790028579861073400,26.584073486328126,0.0071826050989329815,-0.4405331015586853,0.12928688526153564
1790028579871113700,26.59411376953125,-0.0071826050989329815,-0.42856210470199585,0.38067805767059326
1790028579891133400,26.614133544921874,-0.10055647045373917,-0.4596867263317108,0.3423708379268646
1790028579901143000,26.62414306640625,-0.05506663769483566,-0.4692635238170624,0.5506663918495178
1790028579941243100,26.6642431640625,0.028730420395731926,-0.33518823981285095,0.4381389021873474
1790028579951283500,26.674283447265626,-0.07661445438861847,-0.4213795065879822,0.5291185975074768
1790028579971364000,26.694364013671876,-0.08858546614646912,-0.35913026332855225,0.6057330369949341
1790028579981373700,26.704373779296876,-0.14365209639072418,-0.31364041566848755,0.4884171485900879
1790028579991414000,26.7144140625,-0.1388636976480484,-0.11252748221158981,0.004788403399288654
1790028580001454300,26.724454345703126,-0.2082955539226532,-0.06703764945268631,0.031124621629714966
1790028580011525000,26.734525146484376,-0.44532153010368347,-0.13168109953403473,0.038307227194309235
1790028580021596000,26.744595947265626,-0.2849099934101105,-0.17956513166427612,0.2753331959247589
1790028580031605800,26.754605712890626,-0.033518824726343155,-0.10534487664699554,0.3280056416988373
1790028580041646000,26.76464599609375,0.035913024097681046,-0.27054479718208313,0.26575639843940735
1790028580051686400,26.774686279296876,-0.12210428714752197,-0.24420857429504395,0.15322890877723694
1790028580061696000,26.784696044921876,-0.22505496442317963,-0.11971008777618408,0.06464344263076782
1790028580071705900,26.794705810546876,-0.1628057211637497,-0.0454898327589035,0.07182604819536209
1790028580091725300,26.814725341796876,-0.26815059781074524,-0.17238251864910126,0.05746084079146385
1790028580101735200,26.824735107421876,-0.30885201692581177,-0.033518824726343155,0.16998831927776337
1790028580111775500,26.834775390625,-0.1628057211637497,-0.16519992053508759,0.13407529890537262
1790028580121815800,26.84481591796875,-0.10295066982507706,-0.2322375625371933,0.16759411990642548
1790028580151906000,26.874906005859376,-0.08858546614646912,-0.15083470940589905,0.002394201699644327
1790028580232136700,26.95513671875,-0.2801215946674347,-0.10295066982507706,0.20350714027881622
1790028580252187000,26.975186767578126,-0.08619125932455063,0.047884032130241394,-0.05267243832349777
1790028580262257700,26.985257568359376,-0.21787235140800476,-0.13407529890537262,0.05746084079146385
1790028580272267300,26.995267333984376,-0.2106897532939911,-0.26096799969673157,0.2322375625371933
1790028580292317400,27.0153173828125,0.09816227108240128,0.10773907601833344,0.07661445438861847
1790028580302327300,27.025327392578124,-0.035913024097681046,0.181959331035614,0.07900865375995636
1790028580312367400,27.035367431640626,-0.2968810200691223,-0.0454898327589035,0.17717093229293823
1790028580322407700,27.04540771484375,-0.26336219906806946,-0.2059013396501541,0.2825157940387726
1790028580332417500,27.05541748046875,-0.21308395266532898,-0.22026655077934265,0.15562310814857483
1790028580342457900,27.065457763671876,-0.19632454216480255,-0.181959331035614,0.009576806798577309
1790028580392598300,27.115598388671874,0.014365210197865963,0.21787235140800476,0.35434186458587646
1790028580412709400,27.13570947265625,-0.20350714027881622,-0.08619125932455063,0.11971008777618408
1790028580422719000,27.145718994140626,-0.28969839215278625,-0.038307227194309235,-0.040701430290937424
1790028580452840000,27.17583984375,-0.2513911724090576,0,-0.0694318488240242
1790028580462849500,27.185849609375,-0.2059013396501541,0.038307227194309235,-0.13168109953403473
1790028580472889900,27.195889892578126,-0.15322890877723694,0.11252748221158981,-0.026336219161748886
1790028580533101000,27.25610107421875,-0.040701430290937424,-0.1173158809542656,0.0454898327589035
1790028580543141400,27.266141357421876,-0.035913024097681046,-0.1628057211637497,0.043095629662275314
1790028580553181700,27.276181640625,-0.11252748221158981,-0.16519992053508759,0.08379705995321274
1790028580563191600,27.286191650390624,-0.0694318488240242,-0.19632454216480255,0.21787235140800476
1790028580573262300,27.296262451171874,-0.0933738648891449,-0.26336219906806946,0.12689268589019775
1790028580583272000,27.30627197265625,-0.07900865375995636,-0.1628057211637497,0.2082955539226532
1790028580603291600,27.326291748046874,-0.363918662071228,-0.2753331959247589,0.026336219161748886
1790028580633351400,27.356351318359376,-0.090979665517807,-0.2059013396501541,-0.05985504388809204
1790028580693501400,27.41650146484375,0.05746084079146385,-0.0933738648891449,-0.004788403399288654
1790028580703541800,27.426541748046876,-0.10295066982507706,-0.0071826050989329815,-0.0933738648891449
1790028580713551600,27.436551513671876,-0.14365209639072418,-0.043095629662275314,0.13407529890537262
1790028580723530800,27.44653076171875,-0.07661445438861847,-0.2346317619085312,0.27054479718208313
1790028580753682200,27.47668212890625,-0.22266076505184174,-0.10534487664699554,0.019153613597154617
1790028580793751800,27.516751708984376,-0.1364694982767105,-0.05985504388809204,-0.19153612852096558
1790028580803792100,27.526792236328124,-0.24899697303771973,0.035913024097681046,-0.038307227194309235
1790028580813832200,27.536832275390626,-0.24660277366638184,-0.09816227108240128,0.033518824726343155
1790028580823842000,27.546842041015626,-0.23942017555236816,-0.047884032130241394,0.06464344263076782
1790028580833882400,27.55688232421875,-0.13168109953403473,-0.09576806426048279,-0.05506663769483566
1790028580843892200,27.566892333984374,-0.2777273952960968,-0.0071826050989329815,-0.10295066982507706
1790028580853963000,27.576962890625,-0.21547815203666687,-0.05985504388809204,0.14365209639072418
1790028580884022800,27.607022705078126,-0.023942016065120697,-0.038307227194309235,0.07182604819536209
1790028580894063000,27.61706298828125,-0.12449848651885986,-0.17956513166427612,-0.021547814831137657
1790028580924123000,27.647122802734376,-0.2825157940387726,-0.10295066982507706,0.011971008032560349
1790028580934163200,27.6571630859375,-0.17477671802043915,-0.002394201699644327,0
1790028580944172800,27.6671728515625,-0.1604115068912506,-0.06464344263076782,0
1790028580954182700,27.6771826171875,-0.2825157940387726,-0.15801730751991272,-0.021547814831137657
1790028580964192500,27.687192626953124,-0.19153612852096558,-0.12210428714752197,0.019153613597154617
1790028580974232600,27.697232666015626,-0.11971008777618408,-0.07900865375995636,0.1388636976480484
1790028581044453600,27.76745361328125,-0.19153612852096558,0.07900865375995636,-0.2106897532939911
1790028581054494000,27.777493896484376,-0.28730419278144836,-0.040701430290937424,-0.002394201699644327
1790028581064503800,27.78750390625,-0.20111294090747833,-0.07661445438861847,-0.043095629662275314
1790028581074513400,27.797513427734376,-0.12928688526153564,0.0933738648891449,0.07182604819536209
1790028581084523300,27.807523193359376,-0.13168109953403473,0.0071826050989329815,0.0454898327589035
1790028581094532900,27.817532958984376,-0.2059013396501541,-0.07900865375995636,0.10773907601833344
1790028581104542700,27.827542724609376,-0.14365209639072418,-0.07422025501728058,0.002394201699644327
1790028581154683100,27.87768310546875,-0.17956513166427612,-0.09576806426048279,0.14604631066322327
1790028581164693000,27.88769287109375,-0.12689268589019775,0.023942016065120697,0.12210428714752197
1790028581174733000,27.897733154296876,-0.0933738648891449,-0.10534487664699554,0.1173158809542656
1790028581184773400,27.9077734375,-0.08379705995321274,-0.13407529890537262,0.1149216815829277
1790028581194783200,27.917783203125,-0.12689268589019775,-0.1173158809542656,-0.033518824726343155
1790028581204854000,27.92785400390625,-0.17717093229293823,0.031124621629714966,0.026336219161748886
1790028581214894300,27.937894287109376,-0.2513911724090576,-0.06703764945268631,0.0454898327589035
1790028581224904200,27.947904296875,-0.2537853717803955,-0.05027823522686958,0.13407529890537262
1790028581254933200,27.977933349609376,-0.1173158809542656,-0.011971008032560349,0.05746084079146385
1790028581264973600,27.9879736328125,-0.15322890877723694,-0.1173158809542656,0.17956513166427612
1790028581284993300,28.0079931640625,-0.19632454216480255,-0.09816227108240128,0.17238251864910126
1790028581305043200,28.028043212890626,-0.05985504388809204,-0.1388636976480484,-0.016759412363171577
1790028581315083500,28.03808349609375,-0.15083470940589905,-0.12928688526153564,-0.031124621629714966
1790028581335103000,28.05810302734375,-0.20111294090747833,-0.040701430290937424,0.05027823522686958
