time,seconds_elapsed,x,z,y
1790028740211509800,0.161509765625,-0.2082955539226532,0.035913024097681046,-0.07900865375995636
1790028740221519600,0.17151953125,1.0079588890075684,-1.845929503440857,1.2617442607879639
1790028740231359700,0.18135986328125,-0.22266076505184174,0.05506663769483566,0.011971008032560349
1790028740241139000,0.191138916015625,-0.16759411990642548,-0.05027823522686958,-0.016759412363171577
1790028740310868500,0.260868408203125,-0.17956513166427612,-0.13168109953403473,0.12449848651885986
1790028740360917200,0.310917236328125,-0.24420857429504395,-0.2059013396501541,0.06224924325942993
1790028740380936700,0.330936767578125,-0.19393034279346466,-0.11013327538967133,-0.009576806798577309
1790028740390946600,0.340946533203125,-0.09816227108240128,-0.011971008032560349,-0.038307227194309235
1790028740400956400,0.350956298828125,-0.07422025501728058,0.08140286058187485,0.033518824726343155
1790028740410996700,0.360996826171875,-0.1604115068912506,0.08140286058187485,0.23942017555236816
1790028740421006300,0.37100634765625,-0.22026655077934265,0.021547814831137657,0.2059013396501541
1790028740431016200,0.38101611328125,-0.21547815203666687,-0.14365209639072418,-0.05746084079146385
1790028740441056500,0.391056396484375,-0.10773907601833344,-0.07661445438861847,-0.035913024097681046
1790028740451096800,0.401096923828125,-0.019153613597154617,-0.08379705995321274,-0.16759411990642548
1790028740461106400,0.4111064453125,-0.17238251864910126,0.031124621629714966,-0.05267243832349777
1790028740471116300,0.4211162109375,-0.12928688526153564,-0.10055647045373917,0.009576806798577309
1790028740481126000,0.4311259765625,-0.1843535304069519,0.06464344263076782,0.15083470940589905
1790028740491135700,0.4411357421875,-0.22266076505184174,-0.040701430290937424,-0.1604115068912506
1790028740501176000,0.451176025390625,-0.10773907601833344,-0.10295066982507706,0.05985504388809204
1790028740511186000,0.46118603515625,0.035913024097681046,-0.15322890877723694,-0.06224924325942993
1790028740531205400,0.481205322265625,-0.0933738648891449,0.009576806798577309,0.16759411990642548
1790028740541215200,0.49121533203125,-0.040701430290937424,-0.023942016065120697,0.05746084079146385
1790028740551224800,0.501224853515625,-0.14844051003456116,-0.10534487664699554,0.040701430290937424
1790028740561234700,0.511234619140625,-0.19153612852096558,-0.090979665517807,-0.033518824726343155
1790028740571244500,0.52124462890625,-0.22505496442317963,-0.08140286058187485,-0.10773907601833344
1790028740581284600,0.53128466796875,-0.23702596127986908,-0.10295066982507706,-0.10773907601833344
1790028740591294500,0.54129443359375,-0.2059013396501541,0.021547814831137657,-0.023942016065120697
1790028740601304300,0.55130419921875,-0.13168109953403473,-0.05027823522686958,0.06703764945268631
1790028740611314000,0.56131396484375,0.011971008032560349,-0.11252748221158981,0.17238251864910126
1790028740621323800,0.57132373046875,-0.1364694982767105,-0.1149216815829277,0.06703764945268631
1790028740631364000,0.581364013671875,-0.17238251864910126,0.047884032130241394,-0.10534487664699554
1790028740641373700,0.591373779296875,-0.1604115068912506,0.002394201699644327,-0.08858546614646912
1790028740651383600,0.601383544921875,-0.1843535304069519,0.05027823522686958,0.06703764945268631
1790028740661393400,0.611393310546875,0.043095629662275314,0.05985504388809204,0.06464344263076782
1790028740671433700,0.621433837890625,-0.1149216815829277,0.16998831927776337,0.043095629662275314
1790028740691483600,0.641483642578125,-0.24181437492370605,-0.038307227194309235,0.07422025501728058
1790028740701493500,0.651493408203125,-0.07422025501728058,0.014365210197865963,-0.05746084079146385
1790028740731553300,0.68155322265625,-0.11971008777618408,-0.07422025501728058,0.0454898327589035
1790028740821732600,0.771732666015625,-0.14604631066322327,0.019153613597154617,-0.023942016065120697
1790028740881883000,0.8318828125,-0.2082955539226532,-0.028730420395731926,0.043095629662275314
1790028740951981800,0.90198193359375,-0.2322375625371933,-0.016759412363171577,-0.016759412363171577
1790028740961991400,0.911991455078125,-0.21787235140800476,-0.090979665517807,-0.002394201699644327
1790028740972031700,0.92203173828125,-0.1412578970193863,-0.07900865375995636,0.021547814831137657
1790028740982072000,0.932072021484375,-0.19632454216480255,0.011971008032560349,0.05746084079146385
1790028740992082000,0.94208203125,-0.10295066982507706,0.05506663769483566,0.10534487664699554
1790028741002152700,0.952152587890625,-0.033518824726343155,0.011971008032560349,0.08619125932455063
1790028741012193000,0.962193115234375,-0.15083470940589905,-0.035913024097681046,0.05506663769483566
1790028741022202600,0.97220263671875,-0.3447650372982025,-0.0933738648891449,0.05985504388809204
1790028741032182000,0.98218212890625,-0.10295066982507706,-0.023942016065120697,0.043095629662275314
1790028741042222000,0.99222216796875,-0.10055647045373917,-0.07661445438861847,-0.016759412363171577
1790028741062272300,1.012272216796875,-0.090979665517807,-0.009576806798577309,0.002394201699644327
1790028741072282000,1.0222822265625,-0.17477671802043915,0.1149216815829277,-0.019153613597154617
1790028741082322200,1.032322265625,-0.21787235140800476,0.033518824726343155,0.019153613597154617
1790028741092332000,1.04233203125,-0.17477671802043915,0.011971008032560349,0.08140286058187485
1790028741112351500,1.0623515625,-0.035913024097681046,0.05506663769483566,-0.07422025501728058
1790028741132401700,1.082401611328125,-0.20350714027881622,-0.090979665517807,0.0694318488240242
1790028741162492000,1.112491943359375,-0.2801215946674347,0.040701430290937424,0.15562310814857483
1790028741182511600,1.13251171875,-0.090979665517807,0.016759412363171577,0
1790028741192551700,1.1425517578125,-0.05506663769483566,-0.016759412363171577,0.026336219161748886
1790028741212632300,1.16263232421875,-0.2082955539226532,0.038307227194309235,0.05267243832349777
1790028741242661600,1.19266162109375,-0.19153612852096558,-0.002394201699644327,-0.13168109953403473
1790028741252702000,1.202701904296875,-0.2944868206977844,-0.016759412363171577,-0.021547814831137657
1790028741282761700,1.23276171875,0.011971008032560349,0.040701430290937424,0.05027823522686958
1790028741302812000,1.25281201171875,-0.23702596127986908,0.009576806798577309,-0.004788403399288654
1790028741312821500,1.262821533203125,-0.08858546614646912,0.023942016065120697,0.040701430290937424
1790028741322861800,1.27286181640625,-0.1149216815829277,-0.031124621629714966,0.031124621629714966
1790028741332871700,1.28287158203125,-0.11013327538967133,-0.05267243832349777,0.021547814831137657
1790028741352891100,1.30289111328125,-0.1388636976480484,0.06224924325942993,0.08379705995321274
1790028741362901000,1.31290087890625,-0.2059013396501541,-0.047884032130241394,0.20350714027881622
1790028741372910600,1.32291064453125,-0.14604631066322327,0.021547814831137657,0.16998831927776337
1790028741392960800,1.342960693359375,-0.21547815203666687,-0.026336219161748886,-0.031124621629714966
1790028741412980200,1.362980224609375,-0.12449848651885986,-0.06224924325942993,-0.035913024097681046
1790028741422990000,1.372989990234375,-0.1364694982767105,-0.011971008032560349,-0.05985504388809204
1790028741432999700,1.382999755859375,-0.090979665517807,-0.023942016065120697,-0.06224924325942993
1790028741443040000,1.3930400390625,-0.181959331035614,-0.023942016065120697,0.05746084079146385
1790028741453049900,1.4030498046875,-0.2753331959247589,-0.019153613597154617,0.05746084079146385
1790028741473099800,1.423099853515625,-0.20111294090747833,-0.016759412363171577,-0.016759412363171577
1790028741483109600,1.433109619140625,-0.22505496442317963,-0.05027823522686958,-0.05985504388809204
1790028741493150000,1.44314990234375,-0.20350714027881622,-0.08858546614646912,-0.05267243832349777
1790028741503159800,1.453159912109375,-0.20111294090747833,-0.014365210197865963,0.11013327538967133
1790028741543229200,1.493229248046875,-0.031124621629714966,0.05746084079146385,0.19871874153614044
1790028741553239000,1.503239013671875,-0.0694318488240242,0.08140286058187485,0.10534487664699554
1790028741563279400,1.513279296875,-0.1173158809542656,0.08619125932455063,0.043095629662275314
1790028741583298800,1.533298828125,-0.22266076505184174,-0.0454898327589035,0.011971008032560349
1790028741593308700,1.54330859375,-0.17717093229293823,0.05267243832349777,0.014365210197865963
1790028741603318300,1.553318359375,-0.1843535304069519,-0.05027823522686958,0.05267243832349777
1790028741623338000,1.573337890625,-0.14604631066322327,-0.023942016065120697,0.05985504388809204
1790028741643357400,1.593357421875,-0.17477671802043915,0.05267243832349777,0.07900865375995636
1790028741663377000,1.613376953125,-0.15801730751991272,-0.06703764945268631,0.047884032130241394
1790028741703446500,1.653446533203125,-0.12689268589019775,-0.033518824726343155,0.07900865375995636
1790028741723466000,1.673466064453125,-0.11013327538967133,-0.038307227194309235,0.08858546614646912
1790028741733475800,1.683475830078125,-0.22026655077934265,-0.040701430290937424,0.004788403399288654
1790028741743516200,1.69351611328125,-0.21308395266532898,-0.004788403399288654,-0.06464344263076782
1790028741753556500,1.703556396484375,-0.1843535304069519,-0.038307227194309235,0.026336219161748886
1790028741783585800,1.733585693359375,-0.12449848651885986,0.016759412363171577,-0.023942016065120697
1790028741833634600,1.783634521484375,-0.26096799969673157,0.06464344263076782,0.22744916379451752
1790028741883744500,1.83374462890625,-0.15083470940589905,0.043095629662275314,0.11252748221158981
1790028741893754000,1.843754150390625,-0.1173158809542656,-0.004788403399288654,0.12928688526153564
1790028741903764000,1.853763916015625,-0.1149216815829277,0.016759412363171577,0.13407529890537262
1790028741913743000,1.8637431640625,-0.1149216815829277,0.028730420395731926,0.0454898327589035
1790028741923783400,1.873783447265625,0.038307227194309235,0.11013327538967133,0.028730420395731926
1790028741933793300,1.883793212890625,0,0.031124621629714966,-0.05267243832349777
1790028741943803100,1.89380322265625,-0.15083470940589905,-0.004788403399288654,-0.10773907601833344
1790028741953812700,1.903812744140625,-0.1412578970193863,0.0454898327589035,-0.272938996553421
1790028741963822600,1.913822509765625,-0.090979665517807,-0.004788403399288654,-0.31124621629714966
1790028742003892200,1.953892333984375,-0.12210428714752197,-0.1412578970193863,-0.21547815203666687
1790028742013901800,1.96390185546875,-0.19153612852096558,-0.1628057211637497,-0.2561795711517334
1790028742033890800,1.983890869140625,-0.07182604819536209,-0.23702596127986908,-0.08140286058187485
1790028742043931100,1.99393115234375,-0.016759412363171577,-0.20111294090747833,0.009576806798577309
1790028742053941000,2.00394091796875,-0.11971008777618408,-0.17717093229293823,-0.13407529890537262
1790028742063950800,2.013950927734375,-0.07661445438861847,-0.17238251864910126,0.0454898327589035
1790028742073930000,2.023929931640625,-0.15801730751991272,-0.06464344263076782,-0.002394201699644327
1790028742083970300,2.03397021484375,-0.09576806426048279,-0.19632454216480255,0
1790028742093980000,2.04397998046875,-0.26096799969673157,-0.06703764945268631,0.0694318488240242
1790028742113999600,2.06399951171875,-0.3016694188117981,-0.043095629662275314,0.11013327538967133
1790028742124040000,2.0740400390625,-0.3734954595565796,0.011971008032560349,0.2106897532939911
1790028742144120300,2.094120361328125,-0.33758243918418884,-0.033518824726343155,0.21308395266532898
1790028742164201000,2.114200927734375,-0.0694318488240242,-0.014365210197865963,0.4405331015586853
1790028742174241300,2.1242412109375,-0.1388636976480484,-0.038307227194309235,0.5506663918495178
1790028742184251100,2.134251220703125,-0.028730420395731926,-0.08379705995321274,0.44532153010368347
1790028742194291200,2.144291259765625,-0.016759412363171577,-0.011971008032560349,0.3495534360408783
1790028742214341400,2.16434130859375,-0.31124621629714966,0,0.2298433631658554
1790028742224381700,2.174381591796875,-0.272938996553421,-0.1604115068912506,0.14604631066322327
1790028742234391300,2.184391357421875,-0.13168109953403473,-0.2082955539226532,-0.016759412363171577
1790028742244431600,2.194431640625,-0.17717093229293823,-0.26096799969673157,-0.05746084079146385
1790028742254472000,2.204471923828125,-0.2825157940387726,-0.17717093229293823,-0.05267243832349777
1790028742264481800,2.214481689453125,-0.10773907601833344,-0.028730420395731926,-0.181959331035614
1790028742274491400,2.224491455078125,-0.11013327538967133,0.019153613597154617,-0.19153612852096558
1790028742314622200,2.264622314453125,0.033518824726343155,0.016759412363171577,-0.23702596127986908
1790028742324662300,2.274662353515625,-0.14604631066322327,0.181959331035614,-0.24899697303771973
1790028742334702600,2.28470263671875,-0.13407529890537262,0.16998831927776337,-0.21308395266532898
1790028742344743000,2.294742919921875,-0.10295066982507706,-0.05027823522686958,-0.2082955539226532
1790028742364793000,2.31479296875,0,0.090979665517807,-0.19632454216480255
1790028742374802700,2.324802734375,0.014365210197865963,0.1173158809542656,-0.2059013396501541
1790028742404832000,2.35483203125,-0.22744916379451752,0.033518824726343155,0.08379705995321274
1790028742414872300,2.364872314453125,-0.2059013396501541,0.05267243832349777,-0.07182604819536209
1790028742444901600,2.394901611328125,-0.5410895943641663,-0.37828385829925537,0.26336219906806946
1790028742454942000,2.40494189453125,-0.6440402865409851,-0.545877993106842,0.1843535304069519
1790028742464982300,2.414982177734375,-0.6416460275650024,-0.38307225704193115,-0.0071826050989329815
1790028742484971300,2.43497119140625,-0.8020575642585754,-0.12689268589019775,0.009576806798577309
1790028742505052000,2.455052001953125,-1.3766659498214722,-0.26575639843940735,0.7422025203704834
1790028742515061500,2.4650615234375,-1.8818424940109253,-0.6177040338516235,1.0127472877502441
1790028742525101800,2.475101806640625,-2.1595699787139893,-1.113303780555725,0.7206547260284424
1790028742535111700,2.485111572265625,-2.3104045391082764,-1.6352397203445435,0.3064578175544739
1790028742545090800,2.4950908203125,-2.492363929748535,-1.8507179021835327,0.1173158809542656
1790028742555131100,2.505131103515625,-2.322375535964966,-1.3263877630233765,-0.040701430290937424
1790028742565141000,2.51514111328125,-1.7764976024627686,-0.6655880808830261,-0.031124621629714966
1790028742575150600,2.525150634765625,-1.216254472732544,-0.07900865375995636,0.24899697303771973
1790028742585191000,2.53519091796875,-0.6344634294509888,0.07182604819536209,0.6847416758537292
1790028742595200800,2.54520068359375,-0.21547815203666687,0.002394201699644327,0.7182605266571045
1790028742615220200,2.56522021484375,0.026336219161748886,-0.47405192255973816,0.004788403399288654
1790028742625230000,2.57522998046875,0.20350714027881622,-0.7589619159698486,-0.13407529890537262
1790028742635239700,2.58523974609375,0.7374141216278076,-0.7757213711738586,-0.35434186458587646
1790028742645249500,2.59524951171875,1.3072341680526733,-0.6009446382522583,-0.31603461503982544
1790028742655259400,2.60525927734375,1.525106430053711,-0.272938996553421,0.1604115068912506
1790028742665269000,2.61526904296875,0.9193734526634216,0.2585737705230713,1.0462661981582642
1790028742675278800,2.62527880859375,-0.009576806798577309,0.004788403399288654,1.1444283723831177
1790028742685288700,2.635288818359375,-1.3694833517074585,0.10534487664699554,1.2306196689605713
1790028742695328800,2.645328857421875,-2.367865562438965,0,0.15562310814857483
1790028742705338600,2.655338623046875,-2.82515811920166,0.5554547905921936,-1.5825673341751099
1790028742715348500,2.665348388671875,-3.0119056701660156,0.22505496442317963,-2.2864625453948975
1790028742725358000,2.675358154296875,-3.224989652633667,-0.10055647045373917,-0.8906430602073669
1790028742735429000,2.68542919921875,-3.4811692237854004,-0.26815059781074524,0.2849099934101105
1790028742745469200,2.69546923828125,-3.797203779220581,-0.4668693244457245,0.9864110946655273
1790028742765489000,2.715489013671875,-3.9647979736328125,-0.586579442024231,1.1875240802764893
1790028742785538800,2.735538818359375,-2.2625205516815186,-0.2753331959247589,0.629675030708313
1790028742815598600,2.7655986328125,-1.9728221893310547,-0.8475474119186401,1.338358759880066
1790028742825608400,2.7756083984375,-2.013523578643799,-0.6584054827690125,1.1276689767837524
1790028742845628000,2.7956279296875,-0.2585737705230713,-0.05746084079146385,0.17956513166427612
1790028742865678000,2.815677978515625,-1.3958195447921753,-0.8523358106613159,0.7422025203704834
1790028742875687700,2.825687744140625,-1.5203180313110352,-0.35673606395721436,0.586579442024231
1790028742895737900,2.84573779296875,-1.867477297782898,-0.849941611289978,0.6153098344802856
1790028742915757300,2.86575732421875,-0.8619126081466675,0.24420857429504395,-0.026336219161748886
1790028742925767200,2.87576708984375,-1.778891921043396,0.2585737705230713,0.1867477297782898
1790028742935838000,2.885837890625,-1.723825216293335,0.0454898327589035,0.11971008777618408
1790028742945847800,2.895847900390625,-0.9888052940368652,-0.3519476354122162,-0.181959331035614
1790028742975876900,2.925876953125,-2.691082715988159,-1.0534487962722778,0.1173158809542656
1790028742985856300,2.935856201171875,-3.071760892868042,-1.278503656387329,0.031124621629714966
1790028742995896600,2.945896484375,-2.516305923461914,-0.4596867263317108,-0.3256114423274994
1790028743005906200,2.95590625,-1.3407529592514038,0.014365210197865963,-0.5410895943641663
1790028743035935500,2.985935546875,-1.644816517829895,-0.019153613597154617,0.22505496442317963
1790028743045975800,2.995975830078125,-1.1851298809051514,0.3256114423274994,0.1388636976480484
1790028743055985700,3.005985595703125,-0.6512228846549988,0.22026655077934265,-0.22505496442317963
1790028743065995500,3.01599560546875,-0.24660277366638184,0.0454898327589035,-0.047884032130241394
1790028743136094200,3.08609423828125,-0.9145850539207458,-1.357512354850769,0.12689268589019775
1790028743146104000,3.09610400390625,-1.3000515699386597,-0.4357447028160095,-0.10055647045373917
1790028743156174800,3.1061748046875,-1.213860273361206,0.2585737705230713,-1.1851298809051514
1790028743176224800,3.126224853515625,0.047884032130241394,-0.9840168952941895,-1.8171991109848022
1790028743186234600,3.136234619140625,-0.3280056416988373,-0.5147533416748047,-1.2617442607879639
1790028743206254000,3.156254150390625,-1.9991583824157715,-0.040701430290937424,-1.1875240802764893
1790028743236314000,3.186314208984375,-0.6823474764823914,0.4884171485900879,-0.811634361743927
1790028743246323700,3.19632373046875,-1.0893617868423462,-0.026336219161748886,-1.072602391242981
1790028743256364000,3.206364013671875,-1.3910311460494995,-1.1276689767837524,0.10295066982507706
1790028743266343400,3.216343505859375,-1.580173134803772,-0.6775590777397156,0.6057330369949341
1790028743286393300,3.236393310546875,-1.9632453918457031,0.9959878921508789,-0.5554547905921936
1790028743296433700,3.24643359375,-1.4939818382263184,1.3551181554794312,-2.360682964324951
1790028743306443500,3.256443603515625,-1.2832920551300049,0.009576806798577309,-2.099714994430542
1790028743316483600,3.266483642578125,-1.1228805780410767,-0.9648633003234863,-0.35434186458587646
1790028743326493400,3.276493408203125,-1.2665326595306396,-0.4165911078453064,0.21308395266532898
1790028743376603400,3.326603271484375,-1.7525556087493896,-0.933738648891449,-0.12210428714752197
1790028743386643700,3.336643798828125,-1.3718775510787964,0.14365209639072418,-0.009576806798577309
1790028743396653300,3.3466533203125,-1.3982137441635132,0.8188169598579407,-1.5179238319396973
1790028743406693600,3.356693603515625,-1.946485996246338,0.5506663918495178,-1.3287819623947144
1790028743416703500,3.366703369140625,-2.3032219409942627,1.4891934394836426,-2.2673089504241943
1790028743426713000,3.376713134765625,-3.07415509223938,1.280897855758667,-2.628833532333374
1790028743446732800,3.39673291015625,-2.0039467811584473,0.6488286852836609,-1.5514427423477173
1790028743456712000,3.4067119140625,-2.2026655673980713,0.07182604819536209,-1.5921441316604614
1790028743466752300,3.416752197265625,-3.0597896575927734,-0.13168109953403473,-1.2713210582733154
1790028743476792600,3.42679248046875,-3.3231520652770996,-0.47644615173339844,-1.2521674633026123
1790028743486771700,3.436771728515625,-2.5282769203186035,-0.45489832758903503,-0.5841852426528931
1790028743526811000,3.476810791015625,-0.993593692779541,-0.2106897532939911,-0.18914192914962769
1790028743536851200,3.486851318359375,-0.31364041566848755,-0.17956513166427612,0.1173158809542656
1790028743546891500,3.4968916015625,0.22266076505184174,0.17477671802043915,-0.28969839215278625
1790028743556901000,3.506901123046875,-1.158793568611145,1.0989385843276978,-1.237802267074585
1790028743566911000,3.516910888671875,-3.0861260890960693,1.8052281141281128,-1.4437036514282227
1790028743576981800,3.526981689453125,-3.6343982219696045,1.7525556087493896,-0.608127236366272
1790028743586991600,3.53699169921875,-1.9105730056762695,1.6304513216018677,0.028730420395731926
1790028743607041500,3.55704150390625,-0.7230489253997803,2.051830768585205,-0.18914192914962769
1790028743617081900,3.567081787109375,-2.161964178085327,2.9544448852539062,-0.5770025849342346
1790028743627091700,3.577091796875,-2.920926094055176,2.978386878967285,-1.2856862545013428
1790028743647141600,3.5971416015625,-1.8052281141281128,2.099714994430542,-0.8355764150619507
1790028743657151500,3.6071513671875,-1.5466543436050415,1.4844050407409668,-0.6727706789970398
1790028743677201400,3.627201416015625,-1.6041151285171509,1.1348515748977661,1.05105459690094
1790028743687211300,3.637211181640625,-1.6184803247451782,0.2753331959247589,1.0055646896362305
1790028743697220900,3.647220947265625,-0.8930372595787048,-0.45489832758903503,0.2944868206977844
1790028743707230700,3.657230712890625,-0.9145850539207458,0.3232172429561615,0.021547814831137657
1790028743717271000,3.66727099609375,-1.5083470344543457,0.8595184087753296,-0.11013327538967133
1790028743727281000,3.677281005859375,-2.207453966140747,0.5674257874488831,0.043095629662275314
1790028743737290500,3.68729052734375,-2.1380221843719482,0.5123591423034668,0.790086567401886
1790028743747300400,3.69730029296875,-1.5945383310317993,0.5793967843055725,1.3670891523361206
1790028743757310200,3.707310302734375,-0.9361328482627869,0.5626373887062073,1.3335703611373901
1790028743767319800,3.71731982421875,-0.5817909836769104,0.2825157940387726,0.7829039692878723
1790028743777360100,3.727360107421875,-0.4357447028160095,0.3016694188117981,-0.3232172429561615
1790028743787370000,3.737369873046875,-0.5267243981361389,0.9792284965515137,-1.070208191871643
1790028743797410300,3.747410400390625,-0.8092401623725891,1.3694833517074585,-1.4772224426269531
1790028743807420000,3.757419921875,-0.7326257228851318,1.6735470294952393,-1.4317326545715332
1790028743817429800,3.7674296875,-0.3902548849582672,2.382230758666992,-0.6392518281936646
1790028743827439600,3.777439697265625,-0.17238251864910126,2.8107926845550537,-0.033518824726343155
1790028743837449200,3.78744921875,-0.3447650372982025,2.583343744277954,-0.3280056416988373
1790028743847520000,3.79752001953125,-0.5770025849342346,2.367865562438965,-1.0989385843276978
1790028743857529900,3.80752978515625,-0.9409212470054626,2.1045033931732178,-1.2425906658172607
1790028743867539700,3.817539794921875,-1.048660397529602,1.558625340461731,-1.1444283723831177
1790028743877549300,3.82754931640625,-0.6200982332229614,0.7613561153411865,-0.8092401623725891
1790028743897568800,3.84756884765625,0.7422025203704834,0.9983820915222168,-0.828393816947937
1790028743927659300,3.8776591796875,-1.3120225667953491,1.1061211824417114,-1.01753568649292
1790028743947709200,3.897709228515625,-1.6831238269805908,0.2513911724090576,-0.8690952062606812
1790028743967729000,3.91772900390625,0.090979665517807,-0.45010992884635925,0.4381389021873474
1790028743987748400,3.937748291015625,1.039083480834961,0.33997663855552673,-0.569819986820221
1790028744017869000,3.967869140625,-3.2776620388031006,1.213860273361206,-0.6775590777397156
1790028744027909400,3.977909423828125,-2.9257144927978516,0.33518823981285095,-1.0055646896362305
1790028744037949700,3.98794970703125,-2.0231003761291504,-0.05267243832349777,-0.4189853072166443
1790028744058000000,4.007999755859375,0.19393034279346466,-1.2306196689605713,1.3287819623947144
1790028744078019300,4.028019287109375,1.2545616626739502,-0.4381389021873474,-0.8834604024887085
1790028744108018200,4.05801806640625,-2.75812029838562,0.646434485912323,-1.2521674633026123
1790028744138108400,4.0881083984375,2.123656988143921,-0.19632454216480255,2.056619167327881
1790028744158127900,4.1081279296875,-0.09816227108240128,1.8579005002975464,-1.2952631711959839
1790028744198197500,4.148197509765625,-1.115697979927063,-0.06464344263076782,0.2082955539226532
1790028744208207400,4.158207275390625,-0.1388636976480484,-0.727837324142456,0.7134721279144287
1790028744228196400,4.1781962890625,0.6344634294509888,0.16759411990642548,0.031124621629714966
1790028744238236700,4.188236572265625,-0.3519476354122162,1.0103530883789062,-1.6519991159439087
1790028744288316000,4.23831591796875,-0.43095630407333374,-0.9552865028381348,0.6368576288223267
1790028744378556400,4.328556396484375,-0.9169792532920837,-1.5298948287963867,0.13168109953403473
1790028744448685800,4.398685791015625,-1.0869675874710083,0.17238251864910126,-0.42377370595932007
1790028744488755500,4.43875537109375,-0.3495534360408783,-0.871489405632019,0.9217676520347595
1790028744538896000,4.488895751953125,-0.47884035110473633,-0.5626373887062073,0.06703764945268631
1790028744548905500,4.498905517578125,-0.7733271718025208,-0.950498104095459,0.06464344263076782
1790028744558915300,4.508915283203125,-0.6320692300796509,0.14365209639072418,-0.026336219161748886
1790028744568925200,4.51892529296875,-0.6703764796257019,0.8643068075180054,-0.569819986820221
1790028744578934800,4.528934814453125,-0.4429273009300232,0.6320692300796509,-1.0055646896362305
1790028744598954500,4.54895458984375,-0.3974374830722809,-0.8786720037460327,1.0845733880996704
1790028744628983800,4.57898388671875,-0.19393034279346466,-0.4908113479614258,-0.0071826050989329815
1790028744639023900,4.58902392578125,0.11252748221158981,-1.0462661981582642,0.07661445438861847
1790028744649064200,4.599064208984375,0.08858546614646912,-0.9696516990661621,0.45250412821769714
1790028744659074000,4.609073974609375,0.002394201699644327,-0.5961562395095825,0.5099649429321289
1790028744669084000,4.619083984375,-0.004788403399288654,-0.2944868206977844,0.4572925269603729
1790028744679154700,4.62915478515625,0.12449848651885986,-0.35913026332855225,0.35673606395721436
1790028744689164300,4.639164306640625,0.16998831927776337,-0.6919242739677429,0.9385270476341248
1790028744699204600,4.64920458984375,0.05746084079146385,-0.47405192255973816,1.3551181554794312
1790028744739304700,4.6893046875,0.5482721924781799,-1.1180921792984009,0.8092401623725891
1790028744759324200,4.70932421875,0.15322890877723694,-0.5841852426528931,0.9720458984375
1790028744769334000,4.719333984375,0.14604631066322327,-0.3280056416988373,0.7637503147125244
1790028744779344000,4.72934375,0.26096799969673157,-0.13168109953403473,0.7829039692878723
1790028744789353500,4.739353515625,0.16998831927776337,0.05027823522686958,0.6799532771110535
1790028744809373200,4.759373291015625,-0.009576806798577309,-0.4620809257030487,0.3519476354122162
1790028744829423000,4.779423095703125,0.009576806798577309,-0.9792284965515137,0.21308395266532898
1790028744859452400,4.809452392578125,-0.2801215946674347,-0.6703764796257019,0.28969839215278625
1790028744869462300,4.819462158203125,-0.0694318488240242,-0.6368576288223267,0.7565677165985107
1790028744889481700,4.839481689453125,0.1604115068912506,-0.7589619159698486,1.7860745191574097
1790028744899491600,4.84949169921875,0.20111294090747833,-1.173158884048462,1.6304513216018677
1790028744919572000,4.869572021484375,0.05985504388809204,-1.1252747774124146,1.1994950771331787
1790028744929581800,4.879581787109375,0.002394201699644327,-0.811634361743927,0.9097966551780701
1790028744959641600,4.9096416015625,0.05985504388809204,-0.42377370595932007,1.0031704902648926
1790028744969651500,4.9196513671875,0.12689268589019775,-0.4381389021873474,1.1204863786697388
1790028744989701400,4.939701416015625,0.47644615173339844,-0.19153612852096558,0.7182605266571045
1790028745009721000,4.95972119140625,0.9097966551780701,-0.05746084079146385,0.10534487664699554
1790028745019761200,4.96976123046875,0.8068459630012512,-0.016759412363171577,-0.05746084079146385
1790028745039811300,4.989811279296875,0.9457096457481384,0.49559974670410156,-0.5027823448181152
1790028745049821200,4.9998212890625,0.9672574996948242,0.2849099934101105,-0.1628057211637497
1790028745079850500,5.0298505859375,0.09816227108240128,-0.5770025849342346,0.3232172429561615
1790028745089860000,5.039860107421875,0.15562310814857483,-0.33279404044151306,0.19393034279346466
1790028745109879600,5.059879638671875,0.3447650372982025,-0.9313444495201111,0.42377370595932007
1790028745119859000,5.06985888671875,0.15801730751991272,-0.7110779285430908,0.44771572947502136
1790028745129899300,5.079899169921875,-0.26336219906806946,-0.10055647045373917,0.49320554733276367
1790028745139908900,5.089908935546875,-0.3519476354122162,-0.22026655077934265,0.36152446269989014
1790028745149918700,5.099918701171875,-0.35913026332855225,-0.751779317855835,0.8092401623725891
1790028745159928600,5.109928466796875,-0.3663128614425659,-1.0582371950149536,0.7876923680305481
1790028745169907700,5.11990771484375,-0.47644615173339844,-1.192312479019165,0.7661445140838623
1790028745179948000,5.129947998046875,-0.5410895943641663,-1.1420341730117798,0.7661445140838623
1790028745189988400,5.13998828125,-0.272938996553421,-0.8355764150619507,0.6224924325942993
1790028745199998200,5.149998291015625,0.11013327538967133,-0.507570743560791,0.4596867263317108
1790028745210007800,5.1600078125,0.13168109953403473,-0.7158663272857666,0.5578489899635315
1790028745220017700,5.170017578125,-0.1364694982767105,-0.7086837291717529,0.5578489899635315
1790028745240037000,5.190037109375,-0.5626373887062073,-0.2298433631658554,-0.45010992884635925
1790028745250047000,5.200046875,-0.272938996553421,-0.45010992884635925,-0.5937620401382446
1790028745270066400,5.22006640625,-0.30885201692581177,-0.7015010714530945,-0.40222588181495667
1790028745290086000,5.2400859375,-0.7948749661445618,-0.9888052940368652,0.1364694982767105
1790028745300095700,5.250095703125,-0.8810662031173706,-0.9816226959228516,0.181959331035614
1790028745310105600,5.260105712890625,-0.8331822156906128,-0.6655880808830261,0.009576806798577309
1790028745330125000,5.280125,-0.7541735172271729,0.6847416758537292,-0.08140286058187485
1790028745350175000,5.300175048828125,-1.4987702369689941,-0.9888052940368652,1.0342950820922852
1790028745370194700,5.320194580078125,-1.9369091987609863,-1.6208745241165161,1.6687586307525635
1790028745410264300,5.360264404296875,-1.1899182796478271,-0.6224924325942993,1.6855180263519287
1790028745420304400,5.370304443359375,-0.9959878921508789,-0.8930372595787048,1.5538369417190552
1790028745430314200,5.380314208984375,-1.3311761617660522,-1.2306196689605713,1.9512743949890137
1790028745440324000,5.390323974609375,-2.1930887699127197,-1.4939818382263184,1.7525556087493896
1790028745460404500,5.410404541015625,-2.276885747909546,-1.256955862045288,1.5322890281677246
1790028745480424200,5.430424072265625,-1.4915876388549805,-1.2617442607879639,1.4987702369689941
1790028745500474000,5.45047412109375,-2.0231003761291504,-1.3982137441635132,1.9105730056762695
1790028745510514400,5.460514404296875,-2.011129379272461,-1.2976573705673218,1.623268723487854
1790028745540543700,5.490543701171875,-1.9560627937316895,-1.0845733880996704,0.7398083209991455
1790028745550584000,5.500583984375,-1.7812861204147339,-1.7549498081207275,1.2737152576446533
1790028745560624400,5.510624267578125,-1.8076223134994507,-1.946485996246338,1.9129672050476074
1790028745570634000,5.520634033203125,-1.8579005002975464,-2.4851813316345215,2.7246015071868896
1790028745580643800,5.530643798828125,-1.7190368175506592,-2.274491548538208,2.9257144927978516
1790028745600724500,5.550724365234375,-1.0055646896362305,-1.3192051649093628,0.9744400978088379
1790028745620774400,5.5707744140625,-1.4053963422775269,0.6344634294509888,-0.15562310814857483
1790028745640793900,5.5907939453125,-2.006340980529785,-1.0989385843276978,0.933738648891449
1790028745650773200,5.600773193359375,-1.6855180263519287,-0.29209262132644653,0.3734954595565796
1790028745660813600,5.6108134765625,-1.601720929145813,-0.5363011956214905,-0.524330198764801
1790028745680863500,5.630863525390625,-1.0295066833496094,-1.4053963422775269,-0.043095629662275314
1790028745690873300,5.640873291015625,-0.950498104095459,-1.7070658206939697,0.9289502501487732
1790028745700852500,5.6508525390625,-0.7852981686592102,-1.2186486721038818,1.2282254695892334
1790028745710923300,5.66092333984375,-0.6153098344802856,-0.0454898327589035,0.5530605912208557
1790028745720933000,5.67093310546875,-0.7565677165985107,-0.42616790533065796,-0.4620809257030487
1790028745740922000,5.690922119140625,-1.3431471586227417,-1.1180921792984009,-0.021547814831137657
1790028745761002800,5.711002685546875,-1.3838485479354858,-1.3263877630233765,-0.3902548849582672
1790028745771012600,5.7210126953125,-0.7613561153411865,-0.6009446382522583,-1.2617442607879639
1790028745780991700,5.73099169921875,-0.20111294090747833,-0.3447650372982025,-2.013523578643799
1790028745791032000,5.741031982421875,0.10295066982507706,-1.6759412288665771,-0.16759411990642548
1790028745801041700,5.751041748046875,-0.31842881441116333,-1.1994950771331787,1.6543933153152466
1790028745811051500,5.761051513671875,-0.9145850539207458,-0.40940847992897034,2.3247697353363037
1790028745851090700,5.801090576171875,-2.6192567348480225,0.3280056416988373,-1.6041151285171509
1790028745861100300,5.811100341796875,-2.518700122833252,0.3280056416988373,-0.42856210470199585
1790028745871140600,5.821140625,-2.631227731704712,0.629675030708313,-0.7924807667732239
1790028745881150500,5.831150390625,-2.5450363159179688,0.22266076505184174,-0.8930372595787048
1790028745891160300,5.841160400390625,-2.051830768585205,0.2513911724090576,-1.0414776802062988
1790028745901200400,5.851200439453125,-1.4101848602294922,-0.7493851184844971,-0.4357447028160095
1790028745911210200,5.861210205078125,-1.1228805780410767,-0.3758896589279175,0.33518823981285095
1790028745921250600,5.87125048828125,-1.5131354331970215,-0.0071826050989329815,0.3663128614425659
1790028745931260400,5.881260498046875,-1.8195933103561401,0.13168109953403473,0.181959331035614
1790028745941270000,5.89127001953125,-2.1045033931732178,-0.24420857429504395,0
1790028745951310300,5.901310302734375,-2.006340980529785,-0.4620809257030487,0.26575639843940735
1790028745961350700,5.9113505859375,-1.8914192914962769,-0.2825157940387726,-0.15083470940589905
1790028745971360500,5.921360595703125,-1.9560627937316895,0.5961562395095825,-0.8667010068893433
1790028745981370000,5.9313701171875,-2.518700122833252,0.8667010068893433,-1.2497732639312744
1790028745991380000,5.9413798828125,-2.612074136734009,1.680729627609253,-1.403002142906189
1790028746001389600,5.9513896484375,-2.293645143508911,1.0773907899856567,-1.678335428237915
1790028746011399400,5.9613994140625,-1.8076223134994507,0.7493851184844971,-1.113303780555725
1790028746021409300,5.9714091796875,-2.0231003761291504,1.335964560508728,-0.6727706789970398
1790028746031419000,5.9814189453125,-2.231395959854126,0.6344634294509888,-0.2944868206977844
1790028746041428700,5.9914287109375,-1.7190368175506592,0.9074024558067322,-0.42616790533065796
1790028746051438600,6.0014384765625,-1.656787633895874,1.115697979927063,-1.5418659448623657
1790028746061479000,6.01147900390625,-2.1380221843719482,1.0797849893569946,-1.1994950771331787
1790028746071488500,6.021488525390625,-2.4684219360351562,0.667982280254364,-0.4644751250743866
1790028746081498400,6.031498291015625,-2.2194249629974365,0.6392518281936646,-0.21308395266532898
1790028746091538700,6.04153857421875,-1.6519991159439087,-0.5315127968788147,-0.15562310814857483
1790028746101548300,6.05154833984375,-0.8236053586006165,0.29209262132644653,0.15322890877723694
1790028746111588600,6.061588623046875,-1.436521053314209,0.689530074596405,0.6129156351089478
1790028746131608000,6.081608154296875,-1.8124107122421265,0.33518823981285095,0.004788403399288654
1790028746151688700,6.101688720703125,-1.3670891523361206,0.24899697303771973,-0.9744400978088379
1790028746161698600,6.111698486328125,-1.259350061416626,1.4867992401123047,-0.3519476354122162
1790028746171708400,6.12170849609375,-1.0582371950149536,2.3056161403656006,-0.24660277366638184
1790028746191758300,6.14175830078125,-0.7733271718025208,2.6001031398773193,0.7709329724311829
1790028746201798700,6.151798583984375,-1.4652514457702637,4.960785865783691,0.2753331959247589
1790028746211808500,6.16180859375,-1.290474772453308,4.355052947998047,-0.45489832758903503
1790028746221818000,6.171818115234375,-0.9050082564353943,3.756502389907837,0.13168109953403473
1790028746231828000,6.181827880859375,-0.7709329724311829,2.8203697204589844,0.6847416758537292
1790028746271867000,6.221866943359375,0.07182604819536209,0.8164227604866028,-0.7469909191131592
1790028746281876700,6.231876708984375,-0.30885201692581177,1.0821791887283325,-1.3263877630233765
1790028746311936500,6.2619365234375,-0.3256114423274994,1.8986018896102905,1.9321208000183105
1790028746341996300,6.291996337890625,-0.36152446269989014,1.7142484188079834,0.031124621629714966
1790028746352006100,6.302006103515625,-0.2537853717803955,2.2002713680267334,-0.7972691655158997
1790028746382035500,6.332035400390625,-0.05746084079146385,2.0853497982025146,-0.2082955539226532
1790028746402085400,6.35208544921875,-0.10534487664699554,1.8483237028121948,0.20350714027881622
1790028746412125700,6.362125732421875,-0.43335050344467163,1.5442601442337036,0.47644615173339844
1790028746422105000,6.37210498046875,-0.38067805767059326,0.9600749015808105,0.31124621629714966
1790028746442155000,6.392155029296875,-0.011971008032560349,0.7733271718025208,-0.8882488012313843
1790028746512345600,6.462345703125,0.33279404044151306,0.38546648621559143,-1.6160861253738403
1790028746562516500,6.5125166015625,-1.50355863571167,0.19632454216480255,-0.06224924325942993
1790028746572526000,6.522526123046875,-0.6320692300796509,-0.6224924325942993,-1.0678139925003052
1790028746582505500,6.53250537109375,0.09816227108240128,-0.9409212470054626,-1.7142484188079834
1790028746592545800,6.5425458984375,0.26336219906806946,-0.5817909836769104,-1.2258312702178955
1790028746602585900,6.5525859375,0.1843535304069519,0.026336219161748886,-0.24899697303771973
1790028746622575000,6.5725751953125,-0.5051765441894531,0.0933738648891449,-0.8475474119186401
1790028746662675200,6.61267529296875,1.2473790645599365,0.1388636976480484,-0.6344634294509888
1790028746702744600,6.65274462890625,-0.7422025203704834,-0.912190854549408,-0.8930372595787048
1790028746712754400,6.66275439453125,0.2059013396501541,-0.05506663769483566,-1.4987702369689941
1790028746722764300,6.672764404296875,0.1867477297782898,0.7709329724311829,-1.5969325304031372
1790028746772904700,6.72290478515625,0.15322890877723694,0.021547814831137657,0.42856210470199585
1790028746823014400,6.773014404296875,0.3016694188117981,0.22266076505184174,1.1468225717544556
1790028746913346600,6.8633466796875,-0.20350714027881622,0.09816227108240128,0.43335050344467163
1790028747003587000,6.953587158203125,0.545877993106842,-0.2346317619085312,-0.4668693244457245
1790028747063828700,7.013828857421875,0.1867477297782898,-0.3758896589279175,-0.17477671802043915
1790028747163956700,7.113956787109375,0.2968810200691223,-0.28730419278144836,-0.6727706789970398
1790028747274369500,7.22436962890625,0.646434485912323,-0.6536170840263367,1.0893617868423462
1790028747334580500,7.28458056640625,0.5913678407669067,-0.2537853717803955,0.38546648621559143
1790028747394700300,7.3447001953125,0.272938996553421,-0.6919242739677429,0.8643068075180054
1790028747414750200,7.364750244140625,0.19632454216480255,0.033518824726343155,0.4381389021873474
1790028747434770000,7.38477001953125,0.790086567401886,-0.9050082564353943,1.335964560508728
1790028747444810000,7.39481005859375,0.48602294921875,-1.0869675874710083,1.8291701078414917
1790028747454850300,7.404850341796875,0.26575639843940735,-0.9050082564353943,1.745373010635376
1790028747464890600,7.414890625,0.38546648621559143,-0.6153098344802856,1.2282254695892334
1790028747474900500,7.424900390625,0.6512228846549988,-0.545877993106842,0.9385270476341248
1790028747484940800,7.43494091796875,0.7996633648872375,-0.6655880808830261,1.0295066833496094
1790028747494950400,7.444950439453125,0.5793967843055725,-0.47165772318840027,1.0989385843276978
1790028747504990700,7.45499072265625,0.11252748221158981,-0.3423708379268646,1.37906014919281
1790028747525071400,7.4750712890625,-0.0933738648891449,-0.4908113479614258,0.8834604024887085
1790028747535111700,7.485111572265625,0.21787235140800476,-0.5913678407669067,0.569819986820221
1790028747565202000,7.515201904296875,-0.3280056416988373,-0.24420857429504395,0.09816227108240128
1790028747575242200,7.5252421875,-0.12449848651885986,-0.22505496442317963,0.13407529890537262
1790028747615372800,7.565372802734375,-0.011971008032560349,-0.7805097699165344,0.9888052940368652
1790028747635484000,7.58548388671875,0.29209262132644653,-0.6751648783683777,1.235408067703247
1790028747655534000,7.6055341796875,0.12928688526153564,-0.7493851184844971,1.3311761617660522
1790028747665543700,7.615543701171875,0.09576806426048279,-0.5434837937355042,0.9983820915222168
1790028747675584000,7.625583984375,0.2082955539226532,-0.4118026793003082,0.6344634294509888
1790028747685624300,7.635624267578125,0.1173158809542656,-0.727837324142456,0.646434485912323
1790028747695634200,7.64563427734375,-0.14604631066322327,-0.7948749661445618,0.6607996821403503
1790028747705643800,7.655643798828125,-0.5099649429321289,-0.8020575642585754,0.7326257228851318
1790028747715684000,7.66568408203125,-0.8188169598579407,-1.0654197931289673,0.9528923034667969
1790028747735795200,7.685795166015625,-0.5099649429321289,-0.9672574996948242,0.7589619159698486
1790028747745805000,7.69580517578125,-0.16519992053508759,-0.9241618514060974,0.5602431893348694
1790028747755814700,7.705814697265625,-0.33518823981285095,-0.950498104095459,0.569819986820221
1790028747765824500,7.715824462890625,-0.5817909836769104,-0.7589619159698486,0.7876923680305481
1790028747775864800,7.72586474609375,-0.706289529800415,-1.0965443849563599,1.0749965906143188
1790028747785905200,7.7359052734375,-0.7805097699165344,-1.2425906658172607,1.048660397529602
1790028747795945500,7.745945556640625,-0.8427590131759644,-1.2713210582733154,1.1085153818130493
1790028747805985500,7.755985595703125,-0.9145850539207458,-1.5897499322891235,1.1420341730117798
1790028747816056300,7.766056396484375,-0.933738648891449,-1.5466543436050415,1.357512354850769
1790028747856187100,7.806187255859375,-0.22266076505184174,-1.194706678390503,0.8236053586006165
1790028747886216400,7.836216552734375,-1.4915876388549805,-1.2090718746185303,0.727837324142456
1790028747956406800,7.90640673828125,-2.205059766769409,-1.1420341730117798,1.6615760326385498
1790028747966447000,7.916447021484375,-2.432508945465088,-1.2665326595306396,1.7477672100067139
1790028747986527700,7.93652783203125,-1.889025092124939,-1.9943699836730957,1.556231141090393
1790028747996537300,7.946537353515625,-1.6950948238372803,-1.7381904125213623,1.072602391242981
1790028748006547200,7.956547119140625,-1.5753847360610962,-1.8076223134994507,0.7230489253997803
1790028748016556800,7.966556884765625,-1.7477672100067139,-2.3032219409942627,1.2880805730819702
1790028748026597000,7.97659716796875,-1.5825673341751099,-1.7621324062347412,1.434126853942871
1790028748036607000,7.98660693359375,-1.4867992401123047,-2.1739351749420166,1.9129672050476074
1790028748056657000,8.006656982421875,-1.1109095811843872,-1.194706678390503,1.4389152526855469
1790028748066666800,8.016666748046875,-0.6631938815116882,-0.912190854549408,0.9768342971801758
1790028748076676600,8.026676513671875,-0.4692635238170624,-1.625662922859192,1.2306196689605713
1790028748086717000,8.036717041015624,-0.751779317855835,-2.006340980529785,1.723825216293335
1790028748096757000,8.046757080078125,-0.7589619159698486,-2.7437551021575928,2.293645143508911
1790028748106766800,8.056766845703125,-0.4812345504760742,-3.6343982219696045,3.181894063949585
1790028748116807200,8.06680712890625,-0.11252748221158981,-3.1531636714935303,3.4787750244140625
1790028748126847500,8.076847412109375,0.42856210470199585,-3.3949780464172363,2.432508945465088
1790028748136887800,8.0868876953125,0.6488286852836609,-3.533841609954834,1.6927006244659424
1790028748146897400,8.0968974609375,-0.1843535304069519,-2.1356279850006104,0.8954314589500427
1790028748166978000,8.11697802734375,-2.559401512145996,1.3287819623947144,-1.3646949529647827
1790028748176988000,8.12698779296875,-2.849100112915039,2.655169725418091,-3.1268274784088135
1790028748187028200,8.1370283203125,-2.2457611560821533,1.8387469053268433,-3.1723172664642334
1790028748197068300,8.147068359375,-1.259350061416626,0.019153613597154617,-1.0845733880996704
1790028748207078100,8.157078125,-0.9792284965515137,-0.07661445438861847,-0.033518824726343155
1790028748277299200,8.22729931640625,-1.0797849893569946,-0.035913024097681046,1.7310078144073486
1790028748287339500,8.237339599609374,-0.6823474764823914,0.3495534360408783,1.0342950820922852
1790028748297349000,8.24734912109375,-0.4836287498474121,0.751779317855835,-0.3663128614425659
1790028748327439600,8.277439697265624,-1.4293384552001953,-1.1109095811843872,-0.22744916379451752
1790028748337418800,8.287418701171875,-0.8762778043746948,0.07900865375995636,0.028730420395731926
1790028748347489500,8.297489501953125,-0.38546648621559143,-0.031124621629714966,-0.19393034279346466
1790028748367570200,8.317570068359375,-0.49320554733276367,0.2825157940387726,-0.5027823448181152
1790028748397691000,8.34769091796875,-1.843535304069519,1.6496049165725708,0.35673606395721436
1790028748407700700,8.35770068359375,-2.0374655723571777,1.6663644313812256,0.5913678407669067
1790028748417741000,8.367740966796875,-1.5825673341751099,0.9002198576927185,-0.026336219161748886
1790028748427811800,8.377811767578125,-0.8403648138046265,0.5339069962501526,-0.7613561153411865
1790028748437882600,8.387882568359375,-0.9050082564353943,0.4189853072166443,-0.8738836050033569
1790028748447923000,8.3979228515625,-1.3718775510787964,-0.2801215946674347,-0.545877993106842
1790028748457963300,8.40796337890625,-1.7717092037200928,-1.292868971824646,-0.3256114423274994
1790028748468034000,8.418033935546875,-2.011129379272461,-0.9911994934082031,-0.2777273952960968
1790028748478074400,8.428074462890624,-2.1499931812286377,-0.44771572947502136,-1.479616641998291
1790028748488084000,8.438083984375,-2.1308395862579346,-0.22266076505184174,-1.4676456451416016
1790028748498093800,8.44809375,-1.7094600200653076,0.6200982332229614,-0.6344634294509888
1790028748508134100,8.458134033203125,-1.5490485429763794,1.0414776802062988,-0.3926490843296051
1790028748518174500,8.468174560546874,-0.7110779285430908,0.08619125932455063,0.16519992053508759
1790028748528214500,8.478214599609375,0.14844051003456116,0.7350199222564697,-0.49799394607543945
1790028748558305000,8.508304931640625,-1.6352397203445435,0.727837324142456,-1.920149803161621
1790028748598405000,8.548405029296875,-0.6536170840263367,1.556231141090393,-0.9193734526634216
1790028748618455000,8.568455078125,-0.9744400978088379,1.292868971824646,-0.29209262132644653
1790028748628465000,8.57846484375,-1.0007762908935547,0.7829039692878723,-0.40701428055763245
1790028748648514800,8.598514892578125,-0.7182605266571045,0.6560112833976746,-0.35673606395721436
1790028748658585900,8.6085859375,-0.9217676520347595,0.6009446382522583,-0.38067805767059326
1790028748678696700,8.62869677734375,-1.4269442558288574,0.9457096457481384,0.6200982332229614
1790028748688737000,8.638737060546875,-0.8212111592292786,0.6272808313369751,1.1204863786697388
1790028748698747000,8.648746826171875,-0.040701430290937424,0.8403648138046265,0.9169792532920837
1790028748708756700,8.6587568359375,0.026336219161748886,2.389413356781006,-0.3232172429561615
1790028748718796800,8.668796875,-0.7757213711738586,3.375824451446533,-2.056619167327881
1790028748728837000,8.678837158203125,-1.723825216293335,3.5673606395721436,-2.655169725418091
1790028748748917800,8.698917724609375,-1.4700398445129395,3.931279182434082,-0.4884171485900879
1790028748768998400,8.718998291015625,-0.08379705995321274,3.754108190536499,0.023942016065120697
1790028748779069200,8.729069091796875,0.33039984107017517,3.0789434909820557,-0.706289529800415
1790028748789078800,8.739078857421875,0.8595184087753296,2.5474305152893066,-1.2114660739898682
1790028748819230200,8.769230224609375,0.14365209639072418,1.8626888990402222,-1.4221558570861816
1790028748829240000,8.779239990234375,-0.28969839215278625,1.7357962131500244,-0.8547300100326538
1790028748839250000,8.78925,-0.3016694188117981,1.2617442607879639,-0.23702596127986908
1790028748849320700,8.79932080078125,-0.35434186458587646,0.5913678407669067,0.15083470940589905
1790028748859360800,8.80936083984375,-0.363918662071228,0.31124621629714966,0.7972691655158997
1790028748869370600,8.81937060546875,0.20111294090747833,0.7469909191131592,0.8188169598579407
1790028748879411000,8.829410888671875,0.12210428714752197,0.9145850539207458,-0.24660277366638184
1790028748889420800,8.8394208984375,-0.2968810200691223,0.4572925269603729,-0.5434837937355042
1790028748909470700,8.859470703125,-1.0582371950149536,0.6200982332229614,-0.18914192914962769
1790028748919480600,8.86948046875,-1.2114660739898682,0.24181437492370605,-0.090979665517807
1790028748929521000,8.87952099609375,-1.3072341680526733,-0.15801730751991272,0.40462008118629456
1790028748949632000,8.899632080078124,-0.6224924325942993,-0.38067805767059326,0.3016694188117981
1790028748959641600,8.9096416015625,-0.33997663855552673,0.09816227108240128,-0.5626373887062073
1790028748969682000,8.919681884765625,-0.5099649429321289,0.47644615173339844,-1.0295066833496094
1790028748979691800,8.92969189453125,-0.7230489253997803,0.07661445438861847,-1.1516109704971313
1790028749009812500,8.9598125,-1.1300631761550903,0.5099649429321289,-1.4772224426269531
1790028749029923600,8.979923583984375,-1.0295066833496094,-0.19393034279346466,-0.7182605266571045
1790028749049943000,8.999943115234375,1.070208191871643,0.6224924325942993,-1.2090718746185303
1790028749069993200,9.0199931640625,0.6655880808830261,1.3455413579940796,-1.98958158493042
1790028749100083500,9.05008349609375,0.090979665517807,1.9129672050476074,-0.7374141216278076
1790028749110093300,9.06009326171875,0.6272808313369751,0.8451532125473022,-0.5770025849342346
1790028749160203300,9.110203369140624,0.5674257874488831,1.6160861253738403,-1.656787633895874
1790028749190354400,9.1403544921875,-0.8858546018600464,0.33758243918418884,-0.304063618183136
1790028749260514600,9.2105146484375,-0.7876923680305481,1.4413094520568848,-0.2513911724090576
1790028749310685400,9.260685546875,1.8052281141281128,-0.4405331015586853,2.2218191623687744
1790028749380936700,9.330936767578125,0.10295066982507706,-0.8523358106613159,1.1540051698684692
1790028749390946600,9.340946533203125,0.14604631066322327,0.22744916379451752,0.8547300100326538
1790028749400956400,9.350956298828125,-0.06464344263076782,0.40462008118629456,-0.0933738648891449
1790028749410966000,9.360966064453125,-0.2537853717803955,-0.38067805767059326,0.0071826050989329815
1790028749421006300,9.37100634765625,-0.36152446269989014,-0.4692635238170624,0.4357447028160095
1790028749431016200,9.38101611328125,-0.2777273952960968,-0.586579442024231,-0.17477671802043915
1790028749441025800,9.39102587890625,0.24899697303771973,-0.9457096457481384,-0.035913024097681046
1790028749451035600,9.40103564453125,0.7852981686592102,-1.3311761617660522,0.6368576288223267
1790028749491135700,9.4411357421875,0.17717093229293823,-0.45010992884635925,0.16998831927776337
1790028749501176000,9.451176025390625,0.14844051003456116,-0.7350199222564697,-0.1843535304069519
1790028749511216400,9.46121630859375,0.17717093229293823,-0.8786720037460327,-0.043095629662275314
1790028749521226000,9.47122607421875,0.4381389021873474,-0.9074024558067322,0.8259995579719543
1790028749531266300,9.481266357421875,0.5051765441894531,-0.4213795065879822,1.0965443849563599
1790028749541276200,9.491276123046875,0.5913678407669067,0.21308395266532898,0.6440402865409851
1790028749551286000,9.5012861328125,0.5434837937355042,0.3447650372982025,0.40940847992897034
1790028749571305500,9.521305419921875,0.05746084079146385,-0.3734954595565796,1.036689281463623
1790028749581345800,9.531345703125,-0.40701428055763245,-1.235408067703247,1.3000515699386597
1790028749611436000,9.56143603515625,1.3335703611373901,0.014365210197865963,0.08140286058187485
1790028749621446000,9.57144580078125,1.290474772453308,0.13407529890537262,0.8906430602073669
1790028749631486200,9.581486328125,0.6919242739677429,-0.18914192914962769,1.3455413579940796
1790028749641557000,9.591556884765625,0.3016694188117981,-0.20350714027881622,0.9648633003234863
1790028749661637400,9.611637451171875,-0.19632454216480255,-0.629675030708313,-0.28730419278144836
1790028749681657000,9.631656982421875,-0.33997663855552673,-0.21547815203666687,-0.9385270476341248
1790028749691728000,9.641727783203125,-0.22266076505184174,0.1412578970193863,-0.9193734526634216
1790028749711777800,9.66177783203125,-0.49320554733276367,-0.6775590777397156,1.213860273361206
1790028749731828000,9.681827880859375,-0.2849099934101105,-0.011971008032560349,0.011971008032560349
1790028749741898800,9.691898681640625,-0.15083470940589905,-0.023942016065120697,-0.24420857429504395
1790028749751939000,9.70193896484375,-0.1149216815829277,-0.21787235140800476,-0.6009446382522583
1790028749761948700,9.71194873046875,-0.0071826050989329815,-0.629675030708313,0.014365210197865963
1790028749792008700,9.7420087890625,0.05027823522686958,-1.0199298858642578,1.3192051649093628
1790028749802018300,9.752018310546875,0.5889736413955688,-1.0558429956436157,0.5817909836769104
1790028749812058600,9.76205859375,1.0438719987869263,-0.9457096457481384,0.2992752194404602
1790028749822129400,9.77212939453125,1.1468225717544556,-0.8331822156906128,0.47165772318840027
1790028749832139300,9.78213916015625,0.6392518281936646,-0.8954314589500427,1.1540051698684692
1790028749842148900,9.79214892578125,-0.22505496442317963,-0.7948749661445618,1.623268723487854
1790028749852189200,9.802189208984375,-0.24660277366638184,-0.2992752194404602,0.849941611289978
1790028749862199000,9.812198974609375,0.2561795711517334,-0.5147533416748047,0.6440402865409851
1790028749872269800,9.822269775390625,0.629675030708313,-1.0749965906143188,1.3263877630233765
1790028749932419800,9.882419921875,0.35434186458587646,-0.8786720037460327,1.0534487962722778
1790028750002671400,9.95267138671875,-0.7781155705451965,-0.11971008777618408,0.6536170840263367
1790028750082871600,10.03287158203125,0.2825157940387726,-0.1412578970193863,0.6584054827690125
1790028750143021800,10.093021728515625,-0.10773907601833344,-0.3280056416988373,0.4213795065879822
1790028750153031400,10.103031494140625,0.023942016065120697,-0.18914192914962769,0.4572925269603729
1790028750203171800,10.153171875,-0.8307880163192749,-0.5674257874488831,0.7805097699165344
1790028750273270800,10.223270751953125,-1.3455413579940796,-0.7996633648872375,1.3934253454208374
1790028750343461000,10.293461181640625,-0.9864110946655273,-0.8810662031173706,1.4460978507995605
1790028750353471000,10.303470947265625,-1.292868971824646,-1.0534487962722778,1.6639702320098877
1790028750383530800,10.33353076171875,-1.5203180313110352,-1.2090718746185303,1.460463047027588
1790028750463761400,10.413761474609375,-2.056619167327881,-1.5298948287963867,1.987187385559082
1790028750543961600,10.493961669921875,-2.410961151123047,0.751779317855835,0.23702596127986908
1790028750553971500,10.503971435546875,-2.231395959854126,1.0630255937576294,-0.5817909836769104
1790028750564011800,10.51401171875,-1.4844050407409668,-0.016759412363171577,-0.2992752194404602
1790028750574052000,10.524052001953125,-1.1276689767837524,-0.9169792532920837,0.5003881454467773
1790028750584092400,10.534092529296874,-1.094150185585022,-1.2306196689605713,0.8834604024887085
1790028750614121700,10.564121826171874,-0.6775590777397156,-1.0055646896362305,1.2832920551300049
1790028750624131300,10.57413134765625,-0.0933738648891449,-0.4213795065879822,1.3000515699386597
1790028750634141200,10.58414111328125,0.019153613597154617,-0.5889736413955688,1.5729905366897583
1790028750644181500,10.594181396484375,-0.45489832758903503,-0.6967126727104187,1.7190368175506592
1790028750654221800,10.604221923828124,-0.8212111592292786,-0.23702596127986908,0.993593692779541
1790028750664262000,10.614261962890625,-0.7541735172271729,-0.20350714027881622,-0.2346317619085312
1790028750674271700,10.624271728515625,-0.4812345504760742,-1.2114660739898682,-0.38546648621559143
1790028750684312000,10.63431201171875,-0.47165772318840027,-1.8171991109848022,0.49559974670410156
1790028750694352400,10.644352294921875,-0.9696516990661621,-2.078166961669922,1.2641384601593018
1790028750704362000,10.654362060546875,-1.278503656387329,-1.0462661981582642,0.7661445140838623
1790028750774522000,10.724522216796874,-1.2761094570159912,-2.3032219409942627,0.5147533416748047
1790028750784562200,10.734562255859375,-1.4245500564575195,-0.9720458984375,-1.2689268589019775
1790028750794572000,10.744572021484375,-1.8602946996688843,0.8523358106613159,-3.0885202884674072
1790028750854752800,10.804752685546875,-0.9792284965515137,-2.0231003761291504,1.0055646896362305
1790028750864762400,10.814762451171875,-0.9409212470054626,-0.6799532771110535,0
1790028750874772200,10.824772216796875,-1.3742717504501343,1.5466543436050415,-2.5091233253479004
1790028750884782000,10.834781982421875,-2.454056739807129,1.460463047027588,-2.535459518432617
1790028750914872300,10.864872314453125,-1.482010841369629,-0.7422025203704834,0.4381389021873474
1790028750934891800,10.884891845703125,-1.1516109704971313,-0.9457096457481384,-0.8762778043746948
1790028750944932000,10.89493212890625,-0.9265560507774353,-0.3974374830722809,-0.5506663918495178
1790028750954942000,10.90494189453125,-1.5203180313110352,1.8914192914962769,-2.5474305152893066
1790028750964951800,10.914951904296874,-2.2840683460235596,1.8483237028121948,-2.607285737991333
1790028750974961400,10.92496142578125,-2.535459518432617,1.8914192914962769,-0.9528923034667969
1790028750984971300,10.93497119140625,-2.0638017654418945,2.126051187515259,-1.292868971824646
1790028750995011600,10.945011474609375,-1.8579005002975464,1.0797849893569946,-1.0462661981582642
1790028751015031000,10.965031005859375,-1.4413094520568848,0.2944868206977844,-1.1468225717544556
1790028751025071400,10.9750712890625,-1.2713210582733154,0.1604115068912506,-1.3503297567367554
1790028751035111700,10.985111572265625,-1.5705963373184204,0.689530074596405,-2.3702597618103027
1790028751045152000,10.995152099609374,-1.920149803161621,1.4748282432556152,-2.1284453868865967
1790028751055253200,11.005253173828125,-1.9608511924743652,2.296039342880249,-2.1499931812286377
1790028751065293600,11.01529345703125,-1.577778935432434,2.1092917919158936,-1.2497732639312744
1790028751075334000,11.025333984375,-0.8068459630012512,2.492363929748535,-0.028730420395731926
1790028751085374000,11.0353740234375,-0.7038952708244324,2.8155810832977295,-0.3663128614425659
1790028751095414300,11.045414306640625,-1.2521674633026123,2.3367409706115723,-0.6368576288223267
1790028751105454600,11.05545458984375,-1.335964560508728,2.140416383743286,-0.5195417404174805
1790028751115495000,11.065494873046875,-1.278503656387329,2.2242133617401123,-1.05105459690094
1790028751125504800,11.0755048828125,-1.3263877630233765,2.293645143508911,-1.0630255937576294
1790028751135514400,11.085514404296875,-1.41257905960083,2.9281086921691895,-0.24420857429504395
1790028751145524200,11.095524169921875,-1.2306196689605713,2.9041666984558105,0.33758243918418884
1790028751165604900,11.11560498046875,-0.646434485912323,3.6583402156829834,0.17477671802043915
1790028751235825700,11.18582568359375,0.6799532771110535,1.1300631761550903,-0.023942016065120697
1790028751286027300,11.23602734375,-0.7733271718025208,1.357512354850769,-0.20111294090747833
1790028751296036900,11.246036865234375,-0.7086837291717529,1.0295066833496094,0.8092401623725891
1790028751306077200,11.2560771484375,-0.35434186458587646,0.6775590777397156,1.0965443849563599
1790028751316087000,11.266087158203124,0.08379705995321274,0.26575639843940735,0.5793967843055725
1790028751326127400,11.27612744140625,0.3495534360408783,0.33279404044151306,-0.38546648621559143
1790028751336137000,11.286136962890625,0.07661445438861847,0.507570743560791,-1.7501614093780518
1790028751346146800,11.296146728515625,-0.5315127968788147,0.5961562395095825,-2.3487119674682617
1790028751356156400,11.306156494140625,-1.1492167711257935,1.113303780555725,-2.073378562927246
1790028751416367600,11.36636767578125,1.0893617868423462,0.5315127968788147,-2.7078421115875244
1790028751426377500,11.37637744140625,-0.026336219161748886,1.7693150043487549,-3.2585084438323975
1790028751486588700,11.436588623046875,1.0558429956436157,0.090979665517807,-0.7637503147125244
1790028751536668000,11.48666796875,-0.5027823448181152,-1.0845733880996704,0.6200982332229614
1790028751546738700,11.49673876953125,0.524330198764801,-1.314416766166687,0.933738648891449
1790028751556748500,11.50674853515625,0.8667010068893433,-0.2753331959247589,-0.33279404044151306
1790028751566758400,11.51675830078125,0.1388636976480484,0.2298433631658554,-1.2497732639312744
1790028751576798700,11.526798828125,-0.8930372595787048,0.545877993106842,-0.7398083209991455
1790028751586838800,11.5368388671875,-1.3239935636520386,0.07900865375995636,-0.033518824726343155
1790028751596848600,11.5468486328125,-0.790086567401886,-0.9720458984375,0.6009446382522583
1790028751606858500,11.5568583984375,-0.06703764945268631,-1.1204863786697388,0.4572925269603729
1790028751626908400,11.576908447265625,0.12210428714752197,-1.4077905416488647,-0.19393034279346466
1790028751636918300,11.586918212890625,0.3280056416988373,-0.5099649429321289,-0.22744916379451752
1790028751687028200,11.6370283203125,-0.9169792532920837,-2.0159177780151367,1.2617442607879639
1790028751707108600,11.657108642578125,-0.16519992053508759,-0.9672574996948242,-1.1037269830703735
1790028751727158800,11.67715869140625,0.24420857429504395,-0.7852981686592102,0.5027823448181152
1790028751737199000,11.68719921875,0.44771572947502136,-0.17956513166427612,1.4077905416488647
1790028751747208700,11.697208740234375,0.24899697303771973,0.5147533416748047,1.3910311460494995
1790028751757249000,11.7072490234375,-0.2825157940387726,-0.14365209639072418,0.7876923680305481
1790028751777299200,11.72729931640625,-0.629675030708313,-0.8786720037460327,-0.2585737705230713
1790028751787370000,11.737369873046875,-0.5339069962501526,-1.0773907899856567,0.031124621629714966
1790028751797440800,11.747440673828125,-0.05267243832349777,-0.6751648783683777,0.20350714027881622
1790028751837510400,11.787510498046874,-0.3711012601852417,-0.7422025203704834,0.6607996821403503
1790028751847550500,11.797550537109375,-0.45489832758903503,-1.8698714971542358,1.2832920551300049
1790028751887650600,11.837650634765625,0.035913024097681046,-0.545877993106842,0.3016694188117981
1790028751897691000,11.84769091796875,0.3495534360408783,-0.7326257228851318,1.6352397203445435
1790028751917741000,11.867740966796875,0.7972691655158997,-1.173158884048462,1.1276689767837524
1790028751927750700,11.877750732421875,0.9097966551780701,-0.993593692779541,0.3902548849582672
1790028751937791000,11.887791015625,0.7134721279144287,-0.9648633003234863,-0.1173158809542656
1790028751957871600,11.90787158203125,-0.12928688526153564,-1.256955862045288,1.414973258972168
1790028751977921800,11.927921875,0.14604631066322327,-0.3663128614425659,0.608127236366272
1790028751987961900,11.9379619140625,0.5123591423034668,-0.2968810200691223,0.7876923680305481
1790028751998002200,11.948002197265625,0.6488286852836609,-0.19632454216480255,0.7134721279144287
1790028752008012000,11.958011962890625,0.7709329724311829,-0.26096799969673157,0.0454898327589035
1790028752018022000,11.96802197265625,0.40462008118629456,-0.6344634294509888,-0.011971008032560349
1790028752068223200,12.01822314453125,0.5434837937355042,-0.11971008777618408,-0.17956513166427612
1790028752078263600,12.028263671875,0.871489405632019,-0.3711012601852417,-0.0933738648891449
1790028752088303900,12.038303955078124,0.8738836050033569,-0.5195417404174805,0.3447650372982025
1790028752098313500,12.0483134765625,0.5913678407669067,-0.8595184087753296,0.7637503147125244
1790028752108323300,12.0583232421875,0.569819986820221,-0.8451532125473022,0.6320692300796509
1790028752128373200,12.078373291015625,0.16998831927776337,-0.9145850539207458,1.1109095811843872
1790028752138383000,12.088383056640625,-0.1412578970193863,-0.507570743560791,0.8930372595787048
1790028752148423400,12.09842333984375,-0.3519476354122162,-0.21547815203666687,0.26575639843940735
1790028752158433000,12.10843310546875,-0.038307227194309235,-0.20350714027881622,0.2322375625371933
1790028752168473300,12.118473388671875,0.24420857429504395,-0.2968810200691223,0.33518823981285095
1790028752188523500,12.1385234375,0.40462008118629456,-0.272938996553421,0.9457096457481384
1790028752208573400,12.158573486328125,0.4884171485900879,-0.11013327538967133,0.4644751250743866
1790028752218613800,12.16861376953125,0.5602431893348694,-0.3974374830722809,0.7038952708244324
1790028752248673500,12.198673583984375,0.395043283700943,-0.16759411990642548,-0.028730420395731926
1790028752268723700,12.2187236328125,0.028730420395731926,-0.6392518281936646,0.6392518281936646
1790028752308823800,12.25882373046875,0.5219359993934631,-0.21547815203666687,0.6224924325942993
1790028752369035000,12.319034912109375,0.033518824726343155,-0.9720458984375,0.7565677165985107
1790028752379044600,12.329044677734375,-0.42616790533065796,-0.8212111592292786,0.5386953949928284
1790028752389115400,12.339115478515625,-0.667982280254364,-0.3974374830722809,-0.05746084079146385
1790028752399125200,12.349125244140625,-0.395043283700943,-0.17717093229293823,-0.22266076505184174
1790028752409165600,12.35916552734375,0.05985504388809204,-0.33758243918418884,-0.08379705995321274
1790028752419175400,12.369175537109374,0.14365209639072418,-0.23702596127986908,0.3064578175544739
1790028752429215500,12.379215576171875,0.1867477297782898,-0.12449848651885986,0.629675030708313
1790028752439225300,12.389225341796875,0.035913024097681046,-0.2849099934101105,0.751779317855835
1790028752449235200,12.399235107421875,0.11971008777618408,-0.608127236366272,0.45489832758903503
1790028752459244800,12.409244873046875,0.08858546614646912,-0.42616790533065796,0.3064578175544739
1790028752469315600,12.419315673828125,0.05267243832349777,-0.524330198764801,0.22266076505184174
1790028752479325400,12.429325439453125,0.10773907601833344,-0.5099649429321289,0.18914192914962769
1790028752489365800,12.43936572265625,0.24181437492370605,-0.30885201692581177,0.31124621629714966
1790028752509385200,12.45938525390625,-0.028730420395731926,-0.07900865375995636,0.790086567401886
1790028752529496300,12.479496337890625,0.5817909836769104,0.0454898327589035,0.9026140570640564
1790028752549516000,12.49951611328125,0.7996633648872375,-0.33039984107017517,1.2521674633026123
1790028752569566000,12.51956591796875,0.1843535304069519,-0.17477671802043915,0.44532153010368347
1790028752589585400,12.53958544921875,0.11252748221158981,-0.19393034279346466,0.27054479718208313
1790028752599595300,12.54959521484375,0.15801730751991272,-0.05985504388809204,-0.0933738648891449
1790028752619676000,12.569676025390624,0.1412578970193863,-0.13168109953403473,-0.021547814831137657
1790028752629716200,12.57971630859375,-0.3734954595565796,-0.363918662071228,0.12449848651885986
1790028752639695400,12.5896953125,-0.45489832758903503,-0.22744916379451752,-0.2322375625371933
1790028752659745300,12.609745361328125,-0.12689268589019775,0.31603461503982544,-0.5099649429321289
1790028752669785600,12.61978564453125,-0.24899697303771973,0.047884032130241394,-0.2777273952960968
1790028752689835800,12.639835693359375,-0.4165911078453064,-0.3447650372982025,0.10055647045373917
1790028752699876000,12.6498759765625,-0.10295066982507706,0.004788403399288654,-0.15562310814857483
1790028752719926000,12.669926025390625,0.5817909836769104,0.2346317619085312,0.3256114423274994
1790028752729966300,12.67996630859375,0.29209262132644653,-0.3064578175544739,0.8403648138046265
1790028752740006700,12.690006591796875,-0.15083470940589905,-0.7757213711738586,1.2306196689605713
1790028752750047000,12.700046875,-0.5770025849342346,-0.8595184087753296,1.2425906658172607
1790028752770097000,12.720096923828125,-0.49799394607543945,-0.3758896589279175,0.8212111592292786
1790028752800126200,12.750126220703125,-0.8571242094039917,-0.9552865028381348,1.2234370708465576
1790028752820237300,12.7702373046875,-1.6184803247451782,-0.8954314589500427,1.7717092037200928
1790028752830277600,12.780277587890625,-1.764526605606079,-1.2449848651885986,1.723825216293335
1790028752840348400,12.790348388671875,-1.7381904125213623,-1.3718775510787964,1.5083470344543457
1790028752870438700,12.820438720703125,-2.806004285812378,-2.7246015071868896,1.256955862045288
1790028752890519300,12.840519287109375,-2.6360161304473877,-1.5658079385757446,0.8667010068893433
1790028752910569500,12.860569580078124,-1.2617442607879639,-0.7613561153411865,0.7541735172271729
1790028752930619400,12.880619384765625,-1.0438719987869263,-1.3335703611373901,1.0558429956436157
1790028752940629200,12.890629150390625,-1.3958195447921753,-1.4317326545715332,1.434126853942871
1790028752970719500,12.920719482421875,-0.8858546018600464,-1.0797849893569946,1.6041151285171509
1790028752980790300,12.930790283203125,-0.8140285611152649,-1.2545616626739502,1.4724340438842773
1790028752990830600,12.94083056640625,-1.1803414821624756,-1.3742717504501343,1.2186486721038818
1790028753000840400,12.95084033203125,-1.7501614093780518,-1.2042834758758545,0.8595184087753296
1790028753010850000,12.96085009765625,-1.9800047874450684,-1.1875240802764893,0.8762778043746948
1790028753020890400,12.970890380859375,-2.051830768585205,-1.702277421951294,1.4532804489135742
1790028753040971000,12.990970947265625,-2.2218191623687744,-2.3343467712402344,2.1116859912872314
1790028753050980900,13.00098095703125,-2.5498247146606445,-1.824381709098816,2.2697031497955322
1790028753060990500,13.010990478515625,-2.5450363159179688,-0.9600749015808105,1.8411411046981812
1790028753071030800,13.02103076171875,-2.2649147510528564,-0.8212111592292786,1.6041151285171509
1790028753081071000,13.031071044921875,-1.889025092124939,-1.192312479019165,1.41257905960083
1790028753091081000,13.0410810546875,-2.252943754196167,-1.048660397529602,1.4987702369689941
1790028753101090600,13.051090576171875,-2.894589900970459,-0.8762778043746948,0.6512228846549988
1790028753111131000,13.061130859375,-2.894589900970459,-0.3423708379268646,0.004788403399288654
1790028753171281200,13.12128125,-0.586579442024231,0.2777273952960968,-0.9696516990661621
1790028753181290800,13.131290771484375,-0.5386953949928284,-0.026336219161748886,-1.0965443849563599
1790028753191300600,13.141300537109375,-0.7206547260284424,-0.08619125932455063,-0.667982280254364
1790028753201371400,13.151371337890625,-1.173158884048462,0.2059013396501541,-0.7493851184844971
1790028753211381200,13.16138134765625,-1.0558429956436157,-0.023942016065120697,-1.2473790645599365
1790028753251450600,13.20145068359375,-0.7254431247711182,-2.0685901641845703,0.6200982332229614
1790028753281541000,13.231541015625,-0.35434186458587646,1.158793568611145,-0.5650315880775452
1790028753371781600,13.32178173828125,-1.479616641998291,0.2753331959247589,0.569819986820221
1790028753471970800,13.421970703125,0.2777273952960968,0.22744916379451752,0.08619125932455063
1790028753502122000,13.4521220703125,-0.9433154463768005,-0.790086567401886,-0.507570743560791
1790028753522172200,13.472172119140625,-3.665522813796997,2.2433669567108154,-2.6455929279327393
1790028753532212500,13.48221240234375,-4.448426723480225,3.1268274784088135,-2.389413356781006
1790028753542222000,13.49222216796875,-4.481945514678955,2.3295583724975586,-2.4420857429504395
1790028753552262400,13.502262451171875,-2.911349296569824,1.0223240852355957,-1.53707754611969
1790028753562272300,13.512272216796875,-1.5275006294250488,-0.23942017555236816,-0.7469909191131592
1790028753572282000,13.5222822265625,-0.2801215946674347,-0.6224924325942993,0.5147533416748047
1790028753582291700,13.532291748046875,-0.4165911078453064,-0.629675030708313,-0.6009446382522583
1790028753612382200,13.56238232421875,-2.6360161304473877,0.1173158809542656,-0.8786720037460327
1790028753622391800,13.572391845703125,-1.5658079385757446,1.2210428714752197,-0.38546648621559143
1790028753632432000,13.58243212890625,-1.357512354850769,1.656787633895874,-0.35434186458587646
1790028753642472400,13.592472412109375,-1.6376339197158813,0.47644615173339844,0.5099649429321289
1790028753652482300,13.602482421875,-1.6615760326385498,0.363918662071228,0.5602431893348694
1790028753662553000,13.612552978515625,-1.4748282432556152,-0.05267243832349777,0.09576806426048279
1790028753672562700,13.622562744140625,-1.1252747774124146,0.23702596127986908,-0.40462008118629456
1790028753682603000,13.63260302734375,-0.9385270476341248,0.6751648783683777,-0.2992752194404602
1790028753692643300,13.642643310546875,-0.730231523513794,0.6751648783683777,0.31603461503982544
1790028753712693500,13.662693603515624,-0.22266076505184174,0.6751648783683777,0.28969839215278625
1790028753722703000,13.672703125,-0.24660277366638184,1.4101848602294922,-0.033518824726343155
1790028753772843500,13.722843505859375,-0.28969839215278625,4.716577529907227,-1.7046716213226318
1790028753843003400,13.79300341796875,0.6536170840263367,2.6455929279327393,-0.6871358752250671
1790028753863084000,13.813083984375,0.43095630407333374,2.4468741416931152,-0.7445967197418213
1790028753873094000,13.823093994140624,-0.15322890877723694,2.537853717803955,-1.1204863786697388
1790028753883103500,13.833103515625,-0.6560112833976746,2.229001760482788,-1.3263877630233765
1790028753893113300,13.84311328125,-1.0271124839782715,1.742978811264038,-1.213860273361206
1790028753903123200,13.853123291015624,-1.0797849893569946,0.8403648138046265,-0.608127236366272
1790028753913163300,13.863163330078125,-0.5722141861915588,0.2537853717803955,0.15322890877723694
1790028753933213400,13.88321337890625,0.05985504388809204,0.12210428714752197,0.05746084079146385
1790028753953263400,13.903263427734375,-0.3447650372982025,0.6703764796257019,-0.871489405632019
1790028753963303700,13.9133037109375,-1.0055646896362305,0.8523358106613159,-1.6136919260025024
1790028753973344000,13.923343994140625,-1.3048399686813354,0.6129156351089478,-1.45806884765625
1790028754013413600,13.96341357421875,1.9105730056762695,0.028730420395731926,0.8667010068893433
1790028754053544200,14.003544189453125,-2.8419175148010254,0.19153612852096558,-2.2146365642547607
1790028754063584500,14.01358447265625,-2.387019157409668,-1.4508862495422363,-1.2737152576446533
1790028754073624800,14.023624755859375,-0.6607996821403503,-1.5059528350830078,0.090979665517807
1790028754083665200,14.0336650390625,1.0749965906143188,-0.9840168952941895,0.7924807667732239
1790028754103745500,14.05374560546875,1.9321208000183105,2.829946517944336,-0.6727706789970398
1790028754113785900,14.063785888671875,-0.14365209639072418,4.206612586975098,-2.7078421115875244
1790028754123795700,14.073795654296875,-2.2218191623687744,4.031835556030273,-3.2776620388031006
1790028754133836000,14.0838359375,-2.853888511657715,1.7166426181793213,-2.911349296569824
1790028754163895800,14.113895751953125,1.2713210582733154,-2.892195701599121,2.494758129119873
1790028754173936000,14.12393603515625,2.360682964324951,-0.9744400978088379,1.8387469053268433
1790028754183945700,14.13394580078125,2.0470423698425293,0.7230489253997803,-1.0462661981582642
1790028754193955600,14.14395556640625,0.3711012601852417,1.5610195398330688,-2.233790159225464
1790028754203996000,14.153995849609375,-1.314416766166687,1.9105730056762695,-2.2888567447662354
1790028754214005800,14.164005859375,-1.7381904125213623,0.8858546018600464,-1.946485996246338
1790028754224045800,14.1740458984375,-1.01753568649292,-1.3646949529647827,-0.49320554733276367
1790028754254105900,14.20410595703125,1.2976573705673218,-1.4317326545715332,0.9169792532920837
1790028754264146000,14.21414599609375,1.072602391242981,0.8427590131759644,-1.2330138683319092
1790028754274155800,14.22415576171875,0.2849099934101105,1.766920804977417,-1.7764976024627686
1790028754284196000,14.234196044921875,-0.4429273009300232,1.1300631761550903,-0.7829039692878723
1790028754294206000,14.2442060546875,-1.0127472877502441,-0.6200982332229614,0.4381389021873474
1790028754304246000,14.25424609375,-1.1899182796478271,-1.8626888990402222,0.44532153010368347
1790028754314286300,14.264286376953125,-1.1109095811843872,-2.2625205516815186,0.4118026793003082
1790028754324296200,14.274296142578125,-1.094150185585022,-2.231395959854126,0.7086837291717529
1790028754334367000,14.284366943359375,-0.8188169598579407,-2.2026655673980713,0.9289502501487732
1790028754354417200,14.304417236328124,0.14844051003456116,0.1173158809542656,-0.42377370595932007
1790028754404496400,14.354496337890625,-0.6344634294509888,-0.6320692300796509,-0.3423708379268646
1790028754414536700,14.36453662109375,-0.9169792532920837,-0.8882488012313843,-0.6416460275650024
1790028754424546300,14.37454638671875,-0.7876923680305481,-1.1061211824417114,0.18914192914962769
1790028754444596500,14.394596435546875,0.4620809257030487,-0.7422025203704834,0.026336219161748886
1790028754494706400,14.44470654296875,-0.667982280254364,-0.5506663918495178,0.31124621629714966
1790028754504716000,14.454716064453125,-0.6057330369949341,-0.7230489253997803,-0.15562310814857483
1790028754524735700,14.47473583984375,0.38067805767059326,-0.33997663855552673,0.43335050344467163
1790028754534775800,14.48477587890625,0.5099649429321289,0.08140286058187485,0.43335050344467163
1790028754544785700,14.49478564453125,0.5578489899635315,0.090979665517807,-0.7709329724311829
1790028754554826000,14.504825927734375,0.6224924325942993,-0.45010992884635925,-0.1149216815829277
1790028754564866300,14.5148662109375,0.3064578175544739,-0.8619126081466675,1.0223240852355957
1790028754594926000,14.544926025390625,0.08140286058187485,-0.5410895943641663,0.6847416758537292
1790028754604966400,14.55496630859375,0.8595184087753296,-0.24420857429504395,0.5913678407669067
1790028754614976000,14.56497607421875,1.192312479019165,-0.4620809257030487,0.7972691655158997
1790028754625047000,14.575047119140624,0.9744400978088379,-0.8068459630012512,1.381454348564148
1790028754635026200,14.585026123046875,0.4381389021873474,-0.6775590777397156,1.4389152526855469
1790028754645066500,14.59506640625,-0.05267243832349777,-0.5817909836769104,0.6631938815116882
1790028754655076000,14.605076171875,0.009576806798577309,-0.7541735172271729,0.790086567401886
1790028754675126300,14.625126220703125,0.20350714027881622,-0.3064578175544739,1.0031704902648926
1790028754695207000,14.64520703125,0.004788403399288654,-0.2322375625371933,0.5817909836769104
1790028754705247200,14.655247314453124,-0.2777273952960968,-0.6919242739677429,0.950498104095459
1790028754715287300,14.665287353515625,-0.5434837937355042,-0.44532153010368347,0.706289529800415
1790028754725297200,14.675297119140625,-0.507570743560791,-0.524330198764801,0.5434837937355042
1790028754735337500,14.68533740234375,-0.48602294921875,-0.8786720037460327,0.9074024558067322
1790028754745377800,14.695377685546875,-0.40462008118629456,-0.751779317855835,0.5267243981361389
1790028754755418000,14.705418212890624,-0.06224924325942993,-0.7110779285430908,0.15562310814857483
1790028754765427700,14.715427734375,0.4381389021873474,-0.5482721924781799,0.42377370595932007
1790028754785508400,14.73550830078125,-0.06224924325942993,-0.7015010714530945,1.2617442607879639
1790028754795518200,14.745518310546874,-0.3902548849582672,-0.7158663272857666,1.3431471586227417
1790028754805558300,14.755558349609375,-0.33039984107017517,-0.07661445438861847,0.43335050344467163
1790028754815598600,14.7655986328125,0.06224924325942993,0.009576806798577309,-0.0071826050989329815
1790028754845719600,14.795719482421875,-0.028730420395731926,-0.7613561153411865,0.38067805767059326
1790028754875809800,14.825809814453125,0.6368576288223267,-0.22266076505184174,0.9672574996948242
1790028754935990500,14.885990478515625,0.026336219161748886,-0.48602294921875,0.6129156351089478
1790028754946000400,14.89600048828125,0.12449848651885986,-0.47165772318840027,0.7996633648872375
1790028754956040400,14.90604052734375,-0.1173158809542656,-0.4405331015586853,0.7134721279144287
1790028754966111500,14.916111572265624,-0.2753331959247589,-0.5961562395095825,0.7015010714530945
1790028754976121000,14.92612109375,-0.05506663769483566,-0.5650315880775452,0.3974374830722809
1790028754986131000,14.936130859375,-0.07182604819536209,-0.5410895943641663,0.3974374830722809
1790028754996140500,14.946140625,-0.1173158809542656,-0.5291185975074768,0.3471592366695404
1790028755016190700,14.966190673828125,-0.07422025501728058,-0.5003881454467773,0.36152446269989014
1790028755026200600,14.97620068359375,-0.05985504388809204,-0.5147533416748047,0.5674257874488831
1790028755036240600,14.98624072265625,-0.08858546614646912,-0.5219359993934631,0.6272808313369751
1790028755056260400,15.00626025390625,0.24660277366638184,-0.2298433631658554,0.24420857429504395
1790028755066270000,15.01627001953125,0.38067805767059326,-0.3495534360408783,0.4620809257030487
1790028755086320000,15.036320068359375,0.22744916379451752,-0.22505496442317963,0.9840168952941895
1790028755096330000,15.046330078125,0.24899697303771973,-0.16759411990642548,1.0319008827209473
1790028755106370000,15.0563701171875,0.37828385829925537,-0.09576806426048279,0.9481038451194763
1790028755116380000,15.0663798828125,0.38067805767059326,-0.40462008118629456,0.7972691655158997
1790028755126389800,15.0763896484375,0.07900865375995636,-0.36152446269989014,0.6033388376235962
1790028755136430000,15.08643017578125,-0.35673606395721436,-0.3926490843296051,0.4668693244457245
1790028755146439700,15.096439697265625,-0.4692635238170624,-0.33039984107017517,0.22744916379451752
1790028755156480000,15.10647998046875,-0.26575639843940735,-0.05506663769483566,-0.043095629662275314
1790028755166489900,15.11648974609375,0.10295066982507706,0.05267243832349777,-0.004788403399288654
1790028755176530200,15.1265302734375,0.019153613597154617,-0.1412578970193863,-0.08379705995321274
1790028755186539800,15.136539794921875,0.002394201699644327,-0.1843535304069519,-0.023942016065120697
1790028755196549600,15.146549560546875,-0.272938996553421,-0.08140286058187485,0.028730420395731926
1790028755206559500,15.1565595703125,-0.5817909836769104,0.2513911724090576,0.05027823522686958
1790028755216569000,15.166569091796875,-0.8140285611152649,0.10534487664699554,0.1843535304069519
1790028755226548500,15.176548583984374,-0.871489405632019,-0.2825157940387726,0.19871874153614044
1790028755236588500,15.186588623046875,-1.1085153818130493,-0.5291185975074768,0.09816227108240128
1790028755246628900,15.19662890625,-1.1803414821624756,-0.5817909836769104,0.17238251864910126
1790028755266648600,15.216648681640624,-1.1013327836990356,-0.689530074596405,0.181959331035614
1790028755276688600,15.226688720703125,-1.3048399686813354,-1.0989385843276978,0.5363011956214905
1790028755286698500,15.236698486328125,-1.501164436340332,-1.1468225717544556,1.1563993692398071
1790028755306748700,15.256748779296874,-1.723825216293335,-1.5514427423477173,1.5466543436050415
1790028755316819500,15.2668193359375,-1.6208745241165161,-1.5107412338256836,1.436521053314209
1790028755336869400,15.286869384765625,-1.8315643072128296,-1.9297266006469727,1.3263877630233765
1790028755356950000,15.306949951171875,-1.1085153818130493,-1.5753847360610962,1.1276689767837524
1790028755366990300,15.316990234375,-0.7972691655158997,-1.4700398445129395,1.3862427473068237
1790028755397050000,15.347050048828125,-2.0398597717285156,-1.53707754611969,1.7310078144073486
1790028755467240400,15.417240478515625,-2.1978771686553955,-1.4724340438842773,2.188300371170044
1790028755517380900,15.467380859375,-1.9584569931030273,-1.659181833267212,1.0630255937576294
1790028755547440600,15.497440673828125,-1.7549498081207275,-1.6855180263519287,0.6847416758537292
1790028755617692200,15.567692138671875,-0.6200982332229614,-0.5434837937355042,-0.8427590131759644
1790028755647752000,15.597751953125,-1.3192051649093628,-1.2306196689605713,0.5315127968788147
1790028755697831400,15.64783154296875,-1.0749965906143188,-1.381454348564148,0.47644615173339844
1790028755707902200,15.657902099609375,-1.335964560508728,-0.7110779285430908,-0.30885201692581177
1790028755717911800,15.667911865234375,-1.1683704853057861,-0.2346317619085312,-0.507570743560791
1790028755727921700,15.677921630859375,-0.828393816947937,0.5961562395095825,-1.5179238319396973
1790028755737931500,15.687931640625,-0.507570743560791,-0.3064578175544739,-1.192312479019165
1790028755747941000,15.697941162109375,-0.6607996821403503,-1.7741034030914307,0.8068459630012512
1790028755757981400,15.7079814453125,-0.9840168952941895,-2.056619167327881,1.623268723487854
1790028755767991300,15.7179912109375,-1.316810965538025,-1.7860745191574097,1.4197616577148438
1790028755778031600,15.728031494140625,-1.3311761617660522,-0.7805097699165344,-0.035913024097681046
1790028755788041200,15.738041259765625,-1.170764684677124,0.5674257874488831,-1.1994950771331787
1790028755798081500,15.74808154296875,-0.8451532125473022,0.42377370595932007,-1.479616641998291
1790028755808091400,15.75809130859375,-0.5913678407669067,-0.15562310814857483,0.08140286058187485
1790028755818131700,15.768131591796875,-0.5506663918495178,0.3016694188117981,0.07661445438861847
1790028755828141300,15.778141357421875,-0.6344634294509888,-0.28969839215278625,0.4357447028160095
1790028755838151200,15.788151123046875,-0.5339069962501526,-0.20111294090747833,0.586579442024231
1790028755848161000,15.7981611328125,-0.6655880808830261,-0.7757213711738586,-0.17477671802043915
1790028755858170600,15.808170654296875,-0.6799532771110535,-0.9457096457481384,0.31124621629714966
1790028755868180500,15.818180419921875,-0.8427590131759644,-0.11971008777618408,-0.6607996821403503
1790028755878220800,15.828220703125,-1.1635819673538208,0.6871358752250671,-1.920149803161621
1790028755888261000,15.83826123046875,-1.4700398445129395,1.5610195398330688,-2.4803929328918457
1790028755908280600,15.858280517578125,-1.5394717454910278,0.13407529890537262,-0.13168109953403473
1790028755938310000,15.888309814453125,-0.9002198576927185,0.7134721279144287,-0.29209262132644653
1790028755948350200,15.89835009765625,-1.4844050407409668,0.993593692779541,-2.212242364883423
1790028755958329300,15.908329345703125,-2.296039342880249,0.3974374830722809,-2.4468741416931152
1790028755968369700,15.91836962890625,-2.3295583724975586,-0.1412578970193863,-1.0319008827209473
1790028755978379500,15.928379638671874,-1.3335703611373901,-1.2282254695892334,0.035913024097681046
1790028755988389000,15.93838916015625,-0.45010992884635925,-0.7852981686592102,0.5793967843055725
1790028755998399000,15.94839892578125,-1.0438719987869263,0.6751648783683777,-0.023942016065120697
1790028756008408800,15.958408935546874,-2.3295583724975586,0.5434837937355042,-1.4101848602294922
1790028756018418400,15.96841845703125,-2.96162748336792,0.790086567401886,-1.766920804977417
1790028756028458800,15.978458740234375,-2.7317841053009033,0.2968810200691223,-0.9145850539207458
1790028756038468600,15.988468505859375,-1.3455413579940796,-0.05267243832349777,0.021547814831137657
1790028756058488000,16.008488037109377,-1.0462661981582642,1.01753568649292,-1.3455413579940796
1790028756068558800,16.018558837890627,-2.363077163696289,0.9528923034667969,-1.5203180313110352
1790028756088609000,16.038609130859374,-2.1523873805999756,0.26096799969673157,-0.040701430290937424
1790028756118638300,16.068638427734374,-1.3239935636520386,1.3024457693099976,-0.12928688526153564
1790028756138718700,16.08871875,-1.623268723487854,1.8914192914962769,-0.2585737705230713
1790028756148759000,16.098759033203127,-1.4532804489135742,2.456450939178467,-0.7637503147125244
1790028756198807800,16.148807861328127,-1.0223240852355957,4.039018154144287,-0.10295066982507706
1790028756218858000,16.16885791015625,-0.6320692300796509,3.421314239501953,0.3423708379268646
1790028756228837000,16.178837158203127,-0.1412578970193863,3.0550012588500977,0.3663128614425659
1790028756238877400,16.18887744140625,0.2825157940387726,2.7222073078155518,-0.014365210197865963
1790028756248917800,16.198917724609377,0.3902548849582672,2.782062292098999,-0.6655880808830261
1790028756258927600,16.208927734375,0.304063618183136,2.145204782485962,-1.3982137441635132
1790028756339097000,16.28909716796875,-0.14604631066322327,1.4891934394836426,-0.5363011956214905
1790028756399217000,16.349216796875,-0.730231523513794,-0.4118026793003082,0.07182604819536209
1790028756499497500,16.44949755859375,0.19632454216480255,0.9074024558067322,-0.28969839215278625
1790028756579636700,16.52963671875,1.3455413579940796,0.9959878921508789,0.2513911724090576
1790028756589646600,16.539646484375,0.727837324142456,1.280897855758667,-0.8140285611152649
1790028756649796600,16.599796630859377,0.9313444495201111,0.14844051003456116,-0.19632454216480255
1790028756669816300,16.61981640625,0.07900865375995636,0.7589619159698486,-0.6177040338516235
1790028756679826000,16.629825927734377,-0.44532153010368347,1.161187767982483,-0.8403648138046265
1790028756689866200,16.6398662109375,-0.8523358106613159,0.8092401623725891,-1.4628572463989258
1790028756699876000,16.6498759765625,-1.2665326595306396,0.1604115068912506,-1.4700398445129395
1790028756709916400,16.65991650390625,-1.3120225667953491,-0.5841852426528931,-0.6033388376235962
1790028756719956500,16.66995654296875,-0.7422025203704834,-1.5610195398330688,0.6967126727104187
1790028756729966300,16.67996630859375,0.08858546614646912,-1.7812861204147339,1.4508862495422363
1790028756740006700,16.690006591796877,0.811634361743927,-0.2561795711517334,0.42616790533065796
1790028756790147000,16.74014697265625,0.14604631066322327,-1.7980455160140991,1.4317326545715332
1790028756810166500,16.76016650390625,0.45250412821769714,-0.5171475410461426,0.49320554733276367
1790028756820176400,16.77017626953125,0.090979665517807,-0.9193734526634216,1.0797849893569946
1790028756830216700,16.780216796875,-0.10773907601833344,-1.1468225717544556,1.158793568611145
1790028756840226300,16.790226318359377,0.07422025501728058,-0.4836287498474121,0.08619125932455063
1790028756850236200,16.800236083984377,0.090979665517807,0.28730419278144836,-0.9840168952941895
1790028756880296000,16.8302958984375,-0.2561795711517334,-1.2880805730819702,1.5394717454910278
1790028756890366700,16.84036669921875,-0.2106897532939911,-1.1228805780410767,0.9145850539207458
1790028756900376600,16.85037646484375,0.2322375625371933,-1.2330138683319092,0.49799394607543945
1790028756910386200,16.86038623046875,0.8547300100326538,-0.3998316824436188,-0.0694318488240242
1790028756920396000,16.87039599609375,0.9983820915222168,-0.07900865375995636,0
1790028756930436400,16.880436279296877,0.7829039692878723,0.272938996553421,0.2753331959247589
1790028756940476700,16.8904765625,0.304063618183136,0.8738836050033569,-0.16759411990642548
1790028756960557000,16.91055712890625,0.05506663769483566,0.019153613597154617,0.5027823448181152
1790028756970597400,16.920597412109377,-0.0071826050989329815,-0.9696516990661621,1.1659762859344482
1790028757030717200,16.98071728515625,-0.026336219161748886,-1.0749965906143188,1.656787633895874
1790028757040726800,16.990726806640627,-0.15083470940589905,-0.9361328482627869,1.4772224426269531
1790028757050736600,17.000736572265627,0.06703764945268631,-1.0079588890075684,0.689530074596405
1790028757060746500,17.01074658203125,0.4644751250743866,-1.1204863786697388,0.9050082564353943
1790028757070756000,17.020756103515627,0.5650315880775452,-0.9385270476341248,0.8307880163192749
1790028757080735500,17.030735595703124,0.2346317619085312,-0.7876923680305481,0.706289529800415
1790028757090806300,17.04080615234375,-0.10055647045373917,-0.5626373887062073,0.3878606855869293
1790028757100816000,17.05081591796875,-0.3734954595565796,-0.8331822156906128,0.40940847992897034
1790028757110825700,17.06082568359375,-0.5793967843055725,-0.9409212470054626,0.7206547260284424
1790028757120835600,17.070835693359374,-0.790086567401886,-0.8331822156906128,0.6392518281936646
1790028757190903800,17.14090380859375,0.3064578175544739,-0.667982280254364,1.173158884048462
1790028757251023400,17.2010234375,0.23702596127986908,-0.5506663918495178,0.933738648891449
1790028757331254300,17.281254150390627,0.3711012601852417,-0.7805097699165344,1.6687586307525635
1790028757411362800,17.36136279296875,-0.18914192914962769,-1.0869675874710083,0.9361328482627869
1790028757431382300,17.38138232421875,0.33039984107017517,-0.7086837291717529,1.0055646896362305
1790028757441422600,17.391422607421877,0.43095630407333374,-0.2777273952960968,1.048660397529602
1790028757451463000,17.401462890625,0.4692635238170624,0.043095629662275314,1.0223240852355957
1790028757461472800,17.41147265625,0.35913026332855225,0.40940847992897034,0.5793967843055725
1790028757471513000,17.42151318359375,0.30885201692581177,-0.24899697303771973,0.6344634294509888
1790028757481553200,17.43155322265625,0.038307227194309235,-0.49559974670410156,0.45010992884635925
1790028757491563000,17.44156298828125,-0.10055647045373917,-0.4620809257030487,0.19871874153614044
1790028757501572900,17.45157275390625,-0.040701430290937424,-0.4836287498474121,-0.12210428714752197
1790028757581742600,17.53174267578125,0.31124621629714966,-0.3064578175544739,0.19632454216480255
1790028757611832800,17.561832763671877,-0.031124621629714966,-0.26096799969673157,0.31603461503982544
1790028757661973200,17.61197314453125,0.1843535304069519,-0.27054479718208313,0.9050082564353943
1790028757672013600,17.622013671875,0.16759411990642548,-0.31842881441116333,0.6991068720817566
1790028757682023200,17.632023193359377,-0.0694318488240242,-0.586579442024231,0.5003881454467773
1790028757732163600,17.68216357421875,-0.6320692300796509,-0.8954314589500427,1.0893617868423462
1790028757752213800,17.7022138671875,-1.0031704902648926,-0.9576807022094727,1.1204863786697388
1790028757762253800,17.71225390625,-0.9911994934082031,-1.091755986213684,1.0199298858642578
1790028757772294100,17.722294189453127,-1.0295066833496094,-1.2521674633026123,0.7015010714530945
1790028757782304000,17.732303955078127,-0.9696516990661621,-1.1420341730117798,0.33997663855552673
1790028757792313900,17.74231396484375,-1.0965443849563599,-1.237802267074585,0.18914192914962769
1790028757812363800,17.76236376953125,-1.968033790588379,-1.6543933153152466,1.1755530834197998
1790028757822373600,17.77237353515625,-1.886630892753601,-1.4963760375976562,1.1659762859344482
1790028757832444400,17.7824443359375,-1.3192051649093628,-1.4221558570861816,1.05105459690094
1790028757842454000,17.7924541015625,-0.8523358106613159,-1.601720929145813,1.3479355573654175
1790028757852494300,17.802494384765627,-0.9528923034667969,-1.6112977266311646,1.6208745241165161
1790028757862534700,17.81253466796875,-1.3742717504501343,-1.460463047027588,1.7693150043487549
1790028757872544500,17.82254443359375,-1.7501614093780518,-1.501164436340332,1.764526605606079
1790028757882554000,17.83255419921875,-1.886630892753601,-1.3934253454208374,1.8100165128707886
1790028757892594400,17.842594482421877,-1.7693150043487549,-1.1659762859344482,1.6065093278884888
1790028757902604300,17.852604248046877,-1.7166426181793213,-1.3694833517074585,1.7621324062347412
1790028757912644600,17.86264453125,-1.6711528301239014,-1.482010841369629,1.8626888990402222
1790028757952775200,17.902775146484377,-2.564189910888672,-2.3989901542663574,2.013523578643799
1790028757982865400,17.932865478515627,-1.7573440074920654,-1.4652514457702637,0.7230489253997803
1790028758052994800,18.002994873046877,-1.4317326545715332,-0.49559974670410156,0.8044517636299133
1790028758123185400,18.073185302734377,-1.4484920501708984,-0.47884035110473633,0.6009446382522583
1790028758133195000,18.083195068359377,-0.9457096457481384,0.07422025501728058,0.031124621629714966
1790028758173295000,18.123295166015627,-1.338358759880066,-0.993593692779541,1.0989385843276978
1790028758183335400,18.13333544921875,-0.9696516990661621,-1.0893617868423462,1.0893617868423462
1790028758203385600,18.153385498046877,-0.05506663769483566,0.3208230137825012,-0.9959878921508789
1790028758233445400,18.1834453125,-1.9512743949890137,-0.19632454216480255,1.0893617868423462
1790028758253495300,18.203495361328127,-1.0103530883789062,0.10773907601833344,-1.4867992401123047
1790028758283555300,18.233555419921874,-0.7015010714530945,-0.31364041566848755,0.16998831927776337
1790028758303574800,18.25357470703125,-1.1348515748977661,0.4836287498474121,-0.0071826050989329815
1790028758313615000,18.263614990234377,-1.0989385843276978,-0.30885201692581177,-0.3734954595565796
1790028758323686000,18.273685791015627,-0.706289529800415,-1.867477297782898,0.05746084079146385
1790028758333726200,18.283726318359374,-0.07900865375995636,-1.9273324012756348,0.7350199222564697
1790028758343705300,18.293705322265627,-0.031124621629714966,-0.9744400978088379,-0.1412578970193863
1790028758363755500,18.313755615234374,-1.9297266006469727,0.9888052940368652,-2.3702597618103027
1790028758373765000,18.32376513671875,-2.3702597618103027,0.5746083855628967,-1.4915876388549805
1790028758383805400,18.333805419921877,-1.6352397203445435,0.3256114423274994,0.33518823981285095
1790028758393815300,18.343815185546877,-0.5003881454467773,0.26096799969673157,0.9672574996948242
1790028758413834800,18.363834716796877,-0.19632454216480255,-0.1173158809542656,-0.7110779285430908
1790028758423844600,18.3738447265625,-1.1899182796478271,-0.3016694188117981,-2.4684219360351562
1790028758473985000,18.423985107421874,-1.644816517829895,0.29209262132644653,-1.2330138683319092
1790028758494035000,18.444034912109377,-2.873042106628418,0.4357447028160095,-2.1930887699127197
1790028758514054400,18.464054443359377,-1.6184803247451782,-0.043095629662275314,0.4141969084739685
1790028758524064300,18.474064208984377,-1.1444283723831177,1.1420341730117798,-0.3423708379268646
1790028758534104600,18.4841044921875,-1.3215993642807007,1.0678139925003052,-0.5650315880775452
1790028758544114200,18.4941142578125,-1.7693150043487549,0.9361328482627869,-0.7948749661445618
1790028758564134000,18.5141337890625,-0.9241618514060974,1.5107412338256836,-1.2306196689605713
1790028758574143500,18.5241435546875,-0.42616790533065796,1.2832920551300049,-1.1468225717544556
1790028758584183800,18.534183837890627,-0.7541735172271729,1.8411411046981812,-0.6967126727104187
1790028758594224000,18.54422412109375,-1.5705963373184204,1.7980455160140991,-1.2330138683319092
1790028758604234000,18.55423388671875,-1.7741034030914307,1.2545616626739502,-0.8834604024887085
1790028758614243600,18.56424365234375,-1.41257905960083,1.3551181554794312,-0.1628057211637497
1790028758624253400,18.57425341796875,-0.8643068075180054,1.6974890232086182,0.24899697303771973
1790028758634324200,18.58432421875,-0.6991068720817566,2.4133553504943848,0.07422025501728058
1790028758674454800,18.624454833984377,-0.8092401623725891,2.5043349266052246,0.45250412821769714
1790028758684495000,18.6344951171875,-0.6871358752250671,2.8155810832977295,0.13168109953403473
1790028758694505000,18.6445048828125,-0.5578489899635315,2.609679937362671,-0.40462008118629456
1790028758744584200,18.694584228515627,0.5554547905921936,2.5498247146606445,-1.161187767982483
1790028758754624500,18.70462451171875,0.35673606395721436,2.851494312286377,-1.0223240852355957
1790028758804795400,18.75479541015625,0.12449848651885986,1.1013327836990356,0.07661445438861847
1790028758834886000,18.784885986328124,-0.10534487664699554,0.5147533416748047,-0.20350714027881622
1790028758844926000,18.794926025390627,-0.24420857429504395,0.2825157940387726,-0.43335050344467163
1790028758864976100,18.81497607421875,-0.2322375625371933,0.9744400978088379,-0.6416460275650024
1790028758874986000,18.824986083984374,-0.6655880808830261,1.6687586307525635,-0.7996633648872375
1790028758885026000,18.835026123046877,-0.8140285611152649,1.5203180313110352,-0.26815059781074524
1790028758895036000,18.845035888671877,-0.6823474764823914,1.3982137441635132,0.2849099934101105
1790028758905045800,18.855045654296877,-0.7038952708244324,0.7589619159698486,0.12449848651885986
1790028758915055400,18.865055419921877,-0.5291185975074768,-0.27054479718208313,0.1388636976480484
1790028758925065200,18.875065185546877,0.05506663769483566,-0.524330198764801,-0.2059013396501541
1790028758935075000,18.885074951171877,0.4429273009300232,-0.47165772318840027,-1.7046716213226318
1790028758955155500,18.905155517578127,-0.13168109953403473,-0.3064578175544739,-2.051830768585205
1790028758965195800,18.91519580078125,-0.6967126727104187,0.6799532771110535,-1.8962076902389526
1790028758975205600,18.92520556640625,-1.1994950771331787,2.0015525817871094,-1.4700398445129395
1790028758985276400,18.9352763671875,-1.9704279899597168,2.315192937850952,-0.9792284965515137
1790028759005326300,18.955326416015627,0.1364694982767105,0.4620809257030487,0.6344634294509888
1790028759095628000,19.0456279296875,2.5306711196899414,-1.2258312702178955,1.3215993642807007
1790028759125687800,19.075687744140627,-1.6950948238372803,2.075772762298584,-3.9815573692321777
1790028759135697700,19.08569775390625,-2.827552318572998,0.8858546018600464,-2.123656988143921
1790028759145768400,19.0957685546875,-2.169146776199341,-1.2090718746185303,0.4644751250743866
1790028759155778000,19.105778076171877,-0.3471592366695404,-1.987187385559082,2.0614075660705566
1790028759165788000,19.115787841796877,1.2689268589019775,-1.4389152526855469,1.6687586307525635
1790028759175797800,19.1257978515625,1.5897499322891235,-0.47884035110473633,-0.545877993106842
1790028759185837800,19.135837890625,0.17477671802043915,-0.035913024097681046,-1.764526605606079
1790028759195878100,19.145878173828127,-1.05105459690094,0.45489832758903503,-1.886630892753601
1790028759225968600,19.17596875,0.4572925269603729,-1.290474772453308,1.3000515699386597
1790028759236008700,19.1860087890625,0.9385270476341248,-1.1037269830703735,1.237802267074585
1790028759246018600,19.1960185546875,0.6751648783683777,-1.4867992401123047,1.0606313943862915
1790028759256028400,19.2060283203125,0.26815059781074524,-1.5705963373184204,1.5275006294250488
1790028759266068700,19.21606884765625,0.5291185975074768,-0.38067805767059326,0.6512228846549988
1790028759276108800,19.22610888671875,0.8259995579719543,0.5291185975074768,-0.8954314589500427
1790028759296128500,19.24612841796875,0.47644615173339844,-0.8044517636299133,1.3742717504501343
1790028759306199300,19.25619921875,0.5626373887062073,-0.6153098344802856,1.9393033981323242
1790028759316209000,19.266208984375,0.40222588181495667,-0.48602294921875,1.5442601442337036
1790028759356278500,19.306278564453127,0.1628057211637497,-1.0342950820922852,0.8212111592292786
1790028759376328700,19.32632861328125,0.5985504388809204,0.12928688526153564,0.040701430290937424
1790028759386338300,19.33633837890625,0.14604631066322327,-0.828393816947937,1.1803414821624756
1790028759406388500,19.356388427734377,0.2106897532939911,-0.6153098344802856,0.8020575642585754
1790028759446580200,19.396580322265624,0.2992752194404602,-0.38067805767059326,0.44771572947502136
1790028759476701000,19.426700927734377,0.7996633648872375,0.026336219161748886,-0.3280056416988373
1790028759516831500,19.46683154296875,-1.1037269830703735,-0.49320554733276367,0.7422025203704834
1790028759526841300,19.47684130859375,-1.2258312702178955,0.031124621629714966,-0.09816227108240128
1790028759536851200,19.486851318359374,-0.5219359993934631,-0.26336219906806946,-0.5363011956214905
1790028759546891500,19.4968916015625,0.19632454216480255,-0.5985504388809204,-0.031124621629714966
1790028759556901000,19.506901123046877,0.5386953949928284,-0.4812345504760742,0.33039984107017517
1790028759566972000,19.516971923828127,0.3998316824436188,-0.6177040338516235,0.8667010068893433
1790028759576981800,19.526981689453127,0.2825157940387726,-0.5315127968788147,0.689530074596405
1790028759586991600,19.53699169921875,0.4405331015586853,-0.5817909836769104,0.7948749661445618
1790028759597001200,19.547001220703127,0.49799394607543945,-0.7709329724311829,1.601720929145813
1790028759607041500,19.55704150390625,0.507570743560791,-0.950498104095459,1.920149803161621
1790028759637131800,19.5871318359375,0.8307880163192749,-0.7086837291717529,1.0103530883789062
1790028759647172000,19.597172119140627,0.4141969084739685,-1.338358759880066,1.1827356815338135
1790028759657182000,19.607181884765627,-0.40701428055763245,-1.1563993692398071,1.5729905366897583
1790028759667222300,19.61722216796875,-0.8259995579719543,-0.6129156351089478,0.8092401623725891
1790028759677262600,19.6272626953125,-0.5363011956214905,-0.44532153010368347,0.30885201692581177
1790028759697373700,19.647373779296874,0.2825157940387726,-0.026336219161748886,-0.7086837291717529
1790028759727464000,19.6774638671875,0.26096799969673157,-0.1173158809542656,0.21547815203666687
1790028759747483400,19.6974833984375,0.49559974670410156,-0.5578489899635315,0.5722141861915588
1790028759757554200,19.70755419921875,0.4692635238170624,-0.5291185975074768,0.3519476354122162
1790028759767594500,19.717594482421877,0.507570743560791,-0.33758243918418884,-0.28730419278144836
1790028759787614000,19.737614013671877,0.28730419278144836,-0.40462008118629456,-0.18914192914962769
1790028759797623800,19.747623779296877,0.1604115068912506,-0.6560112833976746,0.11971008777618408
1790028759807633700,19.757633544921877,0.038307227194309235,-0.4908113479614258,0.8259995579719543
1790028759827653000,19.777653076171877,0.2106897532939911,-0.5602431893348694,1.115697979927063
1790028759847733800,19.797733642578127,0.4668693244457245,-1.0534487962722778,1.436521053314209
1790028759857743400,19.807743408203127,0.05267243832349777,-1.0319008827209473,1.7381904125213623
1790028759897843500,19.847843505859377,0.033518824726343155,-0.8403648138046265,1.2665326595306396
1790028759927934000,19.877933837890627,0.019153613597154617,-0.5506663918495178,1.338358759880066
1790028759978104800,19.928104736328127,0.5554547905921936,-0.9624691009521484,1.1037269830703735
1790028760048295200,19.998295166015627,0.19393034279346466,-0.12928688526153564,0.4644751250743866
1790028760058305000,20.008304931640627,0.4213795065879822,-0.3734954595565796,0.33279404044151306
1790028760068314600,20.018314697265627,0.569819986820221,-0.6272808313369751,0.22026655077934265
1790028760078355000,20.02835498046875,0.3758896589279175,-0.5961562395095825,0.4836287498474121
1790028760108414700,20.058414794921877,0.36152446269989014,-0.4118026793003082,0.6631938815116882
1790028760118424600,20.068424560546877,0.49320554733276367,-0.45489832758903503,0.7254431247711182
1790028760138505200,20.088505126953127,0.1364694982767105,-0.4381389021873474,1.0965443849563599
1790028760148545500,20.098545654296874,-0.33279404044151306,-0.629675030708313,1.2401964664459229
1790028760158585900,20.1085859375,-0.5003881454467773,-0.7589619159698486,1.213860273361206
1790028760168595500,20.118595458984377,-0.6200982332229614,-0.7469909191131592,1.094150185585022
1790028760178635800,20.1286357421875,-0.5626373887062073,-0.7829039692878723,0.9552865028381348
1790028760188676000,20.138676025390627,-0.45489832758903503,-0.4884171485900879,0.790086567401886
1790028760198686000,20.14868603515625,-0.43095630407333374,-0.42856210470199585,0.7254431247711182
1790028760208695600,20.158695556640627,-0.790086567401886,-0.5913678407669067,0.8810662031173706
1790028760228715000,20.178715087890627,-1.0773907899856567,-0.6177040338516235,0.7805097699165344
1790028760238724900,20.188724853515627,-1.3287819623947144,-0.790086567401886,0.9217676520347595
1790028760248734700,20.198734619140627,-1.4389152526855469,-0.9720458984375,0.9002198576927185
1790028760258744300,20.208744384765627,-1.5873557329177856,-0.9050082564353943,0.9744400978088379
1790028760318894600,20.26889453125,-1.0342950820922852,-1.3886369466781616,0.4884171485900879
1790028760328935000,20.278934814453127,-1.4676456451416016,-1.460463047027588,1.2545616626739502
1790028760348984800,20.29898486328125,-2.2242133617401123,-1.1540051698684692,1.8962076902389526
1790028760358994700,20.30899462890625,-1.9488801956176758,-1.1468225717544556,1.9704279899597168
1790028760369004500,20.319004638671874,-1.5131354331970215,-1.194706678390503,1.7764976024627686
1790028760379014100,20.32901416015625,-1.0103530883789062,-1.534683346748352,2.027888774871826
1790028760389054500,20.339054443359377,-1.139639973640442,-1.8842366933822632,2.8203697204589844
1790028760399094800,20.3490947265625,-1.479616641998291,-1.1994950771331787,1.7334020137786865
1790028760409135000,20.359135009765627,-1.5610195398330688,-1.2234370708465576,1.9081788063049316
1790028760459214300,20.40921435546875,-1.6089035272598267,-1.2018892765045166,1.434126853942871
1790028760469254700,20.419254638671877,-1.644816517829895,-1.3311761617660522,1.1348515748977661
1790028760479264500,20.429264404296877,-1.8076223134994507,-1.3838485479354858,1.5059528350830078
1790028760519364600,20.469364501953127,-0.7565677165985107,-1.048660397529602,0.8954314589500427
1790028760549424400,20.49942431640625,-1.6831238269805908,-0.033518824726343155,0.5841852426528931
1790028760559464700,20.509464599609377,-1.1300631761550903,0.047884032130241394,0.15801730751991272
1790028760569474300,20.519474365234377,-0.8307880163192749,-0.4405331015586853,0.42616790533065796
1790028760579575800,20.529575927734374,-1.1013327836990356,-0.6105214357376099,0.40701428055763245
1790028760589585400,20.53958544921875,-1.4891934394836426,-0.730231523513794,0.4213795065879822
1790028760599625700,20.549625732421877,-1.8171991109848022,-0.8547300100326538,0.6655880808830261
1790028760609666000,20.559666015625,-1.965639591217041,-0.5363011956214905,0.23942017555236816
1790028760629716200,20.57971630859375,-1.0223240852355957,-0.181959331035614,-0.7829039692878723
1790028760649735700,20.599735595703127,-0.689530074596405,-0.8571242094039917,0.8595184087753296
1790028760659776000,20.60977587890625,-1.139639973640442,-0.16998831927776337,0.49320554733276367
1790028760669785600,20.61978564453125,-1.316810965538025,0.1173158809542656,-0.2561795711517334
1790028760679826000,20.629825927734377,-1.0989385843276978,0.5530605912208557,-1.45806884765625
1790028760689866200,20.6398662109375,-0.7182605266571045,0.20111294090747833,-2.0925323963165283
1790028760699876000,20.6498759765625,-0.6177040338516235,-0.7948749661445618,-0.5937620401382446
1790028760709885700,20.6598857421875,-0.8403648138046265,-1.2976573705673218,0.6631938815116882
1790028760719926000,20.669926025390627,-1.158793568611145,-0.7637503147125244,0.706289529800415
1790028760739945500,20.689945556640627,-1.1228805780410767,0.1604115068912506,-1.1276689767837524
1790028760749985800,20.69998583984375,-0.9576807022094727,-0.2801215946674347,-1.5322890281677246
1790028760759895600,20.7098955078125,-0.7254431247711182,-0.6200982332229614,-0.6057330369949341
1790028760769905400,20.719905517578123,-0.5291185975074768,-0.35913026332855225,0.0454898327589035
1790028760779945700,20.72994580078125,-0.4644751250743866,-0.07661445438861847,-0.6344634294509888
1790028760820106800,20.770106689453126,-1.1252747774124146,-0.45250412821769714,0.5434837937355042
1790028760840157000,20.790156982421873,-1.0103530883789062,0.14844051003456116,-0.11013327538967133
1790028760850197200,20.800197265625,-1.1899182796478271,0.016759412363171577,-0.7110779285430908
1790028760900307000,20.850306884765626,-1.414973258972168,1.1563993692398071,0.002394201699644327
1790028760960396000,20.91039599609375,-0.9624691009521484,-0.3495534360408783,0.13407529890537262
1790028760990517000,20.94051708984375,-2.0470423698425293,1.4700398445129395,-1.5394717454910278
1790028761000526800,20.95052685546875,-2.319981336593628,1.2832920551300049,-0.37828385829925537
1790028761030617000,20.9806171875,-0.5315127968788147,0.9864110946655273,-0.2944868206977844
1790028761070656300,21.02065625,-1.2018892765045166,2.1954829692840576,-1.4652514457702637
1790028761080665900,21.030665771484376,-1.4460978507995605,1.7166426181793213,-0.7469909191131592
1790028761090675700,21.04067578125,-1.5969325304031372,1.8267759084701538,-0.2106897532939911
1790028761100685300,21.050685302734376,-1.314416766166687,1.3192051649093628,-0.44532153010368347
1790028761110725600,21.0607255859375,-0.811634361743927,1.9297266006469727,0.004788403399288654
1790028761120766000,21.070765869140626,-1.1683704853057861,2.188300371170044,-0.586579442024231
1790028761130775800,21.08077587890625,-1.4867992401123047,2.013523578643799,-0.6536170840263367
1790028761140846600,21.0908466796875,-1.7262194156646729,1.900996208190918,-0.026336219161748886
1790028761160927200,21.11092724609375,-0.9361328482627869,1.7501614093780518,0.9552865028381348
1790028761181007600,21.131007568359376,-0.5674257874488831,2.032677173614502,0.40462008118629456
1790028761191017500,21.141017578125,-0.6703764796257019,2.2194249629974365,0.021547814831137657
1790028761231117600,21.18111767578125,0.1604115068912506,1.6543933153152466,-0.7398083209991455
1790028761281227500,21.2312275390625,0.09816227108240128,1.9704279899597168,-0.8355764150619507
1790028761291267800,21.241267822265623,0.06703764945268631,1.4269442558288574,-0.2825157940387726
1790028761301277400,21.25127734375,0.09816227108240128,1.2186486721038818,0.019153613597154617
1790028761311287300,21.261287353515623,0.17956513166427612,1.4915876388549805,-0.5746083855628967
1790028761331306800,21.281306640625,-0.667982280254364,1.2617442607879639,-1.173158884048462
1790028761341316600,21.291316650390623,-1.072602391242981,0.5841852426528931,-0.8140285611152649
1790028761351357000,21.30135693359375,-1.115697979927063,0.4381389021873474,-0.47644615173339844
1790028761361397000,21.31139697265625,-0.7589619159698486,0.19393034279346466,-0.33039984107017517
1790028761371406800,21.32140673828125,0.002394201699644327,-0.06224924325942993,-0.05506663769483566
1790028761381416700,21.331416748046873,0.6943184733390808,0.5602431893348694,-0.28730419278144836
1790028761391426300,21.34142626953125,0.6009446382522583,1.599326729774475,-1.0438719987869263
1790028761451576600,21.40157666015625,1.015141487121582,0.9074024558067322,-0.507570743560791
1790028761491615500,21.441615478515626,-1.1348515748977661,0.2106897532939911,-0.9433154463768005
1790028761501625300,21.451625244140626,-1.0654197931289673,-0.5554547905921936,-1.6400281190872192
1790028761511635200,21.46163525390625,-0.2849099934101105,-0.8762778043746948,-1.0534487962722778
1790028761521675500,21.471675537109373,0.7110779285430908,-0.4620809257030487,0.10773907601833344
1790028761531685000,21.48168505859375,1.5969325304031372,0.06703764945268631,0.9792284965515137
1790028761541695000,21.491695068359373,1.5897499322891235,0.2322375625371933,1.1085153818130493
1790028761551704800,21.501704833984373,1.0031704902648926,0.6057330369949341,0.5937620401382446
1790028761561714400,21.51171435546875,-0.40940847992897034,0.3064578175544739,-0.2825157940387726
1790028761631783000,21.581782958984373,0.14365209639072418,0.42616790533065796,0.3447650372982025
1790028761651863300,21.60186328125,-0.17238251864910126,1.1683704853057861,-2.2146365642547607
1790028761661842700,21.6118427734375,-0.1628057211637497,0.7637503147125244,-1.3311761617660522
1790028761671883000,21.621883056640623,0.17238251864910126,0.11971008777618408,-0.038307227194309235
1790028761681892600,21.631892578125,0.7589619159698486,0.31364041566848755,0.5315127968788147
1790028761691933000,21.641932861328126,0.8236053586006165,0.2585737705230713,0.40222588181495667
1790028761722023400,21.6720234375,0.12210428714752197,-0.26096799969673157,-0.1412578970193863
1790028761732033000,21.682032958984376,0.028730420395731926,0.12928688526153564,-1.213860273361206
1790028761742043000,21.69204296875,-0.3256114423274994,0.5003881454467773,-2.4420857429504395
1790028761752052700,21.702052734375,-0.6057330369949341,-0.2561795711517334,-1.0869675874710083
1790028761762062300,21.712062255859376,-0.4644751250743866,-1.314416766166687,1.4963760375976562
1790028761772072200,21.722072265625,0.002394201699644327,-1.4173674583435059,2.4396915435791016
1790028761782143000,21.73214306640625,0.6416460275650024,-0.629675030708313,1.5849615335464478
1790028761792152800,21.74215283203125,0.8547300100326538,0.22026655077934265,0.043095629662275314
1790028761802162400,21.752162353515626,0.2106897532939911,0.33997663855552673,-0.47644615173339844
1790028761832222200,21.78222216796875,-0.8068459630012512,-1.5179238319396973,0.6799532771110535
1790028761842232000,21.792232177734373,-0.42616790533065796,-1.3766659498214722,1.1516109704971313
1790028761852272400,21.8022724609375,-0.0694318488240242,-0.2777273952960968,-0.10534487664699554
1790028761862282200,21.8122822265625,0.05027823522686958,-0.23702596127986908,0.17717093229293823
1790028761872291800,21.822291748046876,0.24420857429504395,-0.5602431893348694,0.7134721279144287
1790028761882301700,21.8323017578125,0.26096799969673157,-1.0295066833496094,1.556231141090393
1790028761892311300,21.842311279296876,0.2346317619085312,-0.5817909836769104,1.3527239561080933
1790028761912331000,21.8623310546875,0.0694318488240242,0.033518824726343155,-0.23942017555236816
1790028761922371300,21.872371337890623,0.023942016065120697,-0.5386953949928284,0.3016694188117981
1790028761932381000,21.882380859375,-0.08619125932455063,-0.7996633648872375,0.8355764150619507
1790028761942390800,21.892390869140623,0.011971008032560349,-0.8523358106613159,0.8738836050033569
1790028761962410200,21.91241015625,0.7757213711738586,0.16519992053508759,-0.569819986820221
1790028761972420000,21.922420166015623,1.094150185585022,0.019153613597154617,-0.09576806426048279
1790028761982491000,21.932490966796873,1.0630255937576294,0.15083470940589905,0.6703764796257019
1790028761992531200,21.94253125,0.4668693244457245,0.20350714027881622,0.7541735172271729
1790028762002540800,21.952540771484376,0.14365209639072418,-0.004788403399288654,0.586579442024231
1790028762012550700,21.962550537109376,-0.15322890877723694,-0.31124621629714966,0.5650315880775452
1790028762022560500,21.972560546875,-0.08619125932455063,-0.2346317619085312,-0.035913024097681046
1790028762042610400,21.9926103515625,0.3974374830722809,-0.8667010068893433,-0.181959331035614
1790028762052620300,22.002620361328123,0.2753331959247589,-0.7757213711738586,0.1412578970193863
1790028762072670200,22.022670166015626,-0.023942016065120697,0.2561795711517334,0.33758243918418884
1790028762082741000,22.032740966796876,0.3519476354122162,0.3064578175544739,0.21787235140800476
1790028762112770300,22.062770263671876,0.3711012601852417,-0.8906430602073669,0.706289529800415
1790028762132759300,22.08275927734375,0.5722141861915588,-0.5386953949928284,-0.37828385829925537
1790028762142799600,22.092799560546876,0.8403648138046265,-0.6033388376235962,0.5793967843055725
1790028762162880300,22.11288037109375,0.6631938815116882,-0.2801215946674347,1.2066776752471924
1790028762172859400,22.122859375,0.7398083209991455,0.545877993106842,0.7134721279144287
1790028762182930400,22.132930419921873,0.849941611289978,0.24660277366638184,0.4668693244457245
1790028762192940000,22.14293994140625,0.8068459630012512,-0.5434837937355042,1.05105459690094
1790028762202980400,22.15298046875,0.6033388376235962,-0.7709329724311829,1.1563993692398071
1790028762233009700,22.183009765625,0.2849099934101105,-1.0534487962722778,1.1252747774124146
1790028762253059600,22.2030595703125,0.5051765441894531,-0.5099649429321289,0.689530074596405
1790028762263069400,22.2130693359375,0.4908113479614258,-0.40462008118629456,0.6009446382522583
1790028762273079300,22.223079345703123,0.3208230137825012,-0.26096799969673157,0.8882488012313843
1790028762283119600,22.23311962890625,-0.07661445438861847,-0.19871874153614044,0.828393816947937
1790028762293129200,22.243129150390626,-0.17956513166427612,-0.2298433631658554,0.6943184733390808
1790028762303169500,22.25316943359375,0.026336219161748886,-0.33279404044151306,0.6919242739677429
1790028762323250200,22.273250244140623,0.016759412363171577,-0.7182605266571045,0.9624691009521484
1790028762333259800,22.283259765625,-0.24899697303771973,-0.7829039692878723,0.8307880163192749
1790028762353340400,22.30334033203125,0.040701430290937424,-0.45250412821769714,0.07182604819536209
1790028762373390600,22.323390625,-0.6967126727104187,-0.8140285611152649,1.2617442607879639
1790028762393501700,22.343501708984373,0.031124621629714966,-0.9026140570640564,0.37828385829925537
1790028762403541800,22.353541748046876,0.2944868206977844,-1.0342950820922852,0.26575639843940735
1790028762413521200,22.363521240234373,0.35434186458587646,-0.871489405632019,0.1867477297782898
1790028762463661600,22.41366162109375,0.05027823522686958,-1.0654197931289673,1.2856862545013428
1790028762493721300,22.443721435546873,-0.2944868206977844,-0.6129156351089478,0.4908113479614258
1790028762513802000,22.463802001953123,-0.28969839215278625,-0.5482721924781799,1.1013327836990356
1790028762523842000,22.473842041015626,-0.395043283700943,-0.4668693244457245,1.0869675874710083
1790028762533852000,22.483851806640626,-0.31124621629714966,-0.4836287498474121,1.0821791887283325
1790028762553902000,22.503902099609373,-0.5937620401382446,-1.139639973640442,1.6089035272598267
1790028762563911700,22.51391162109375,-0.8020575642585754,-1.1803414821624756,1.5418659448623657
1790028762573982500,22.523982421875,-0.8954314589500427,-1.0031704902648926,1.2761094570159912
1790028762584022800,22.534022705078126,-0.7709329724311829,-0.8882488012313843,1.0247182846069336
1790028762594032600,22.54403271484375,-0.7613561153411865,-0.7350199222564697,1.2066776752471924
1790028762604042500,22.55404248046875,-0.9313444495201111,-0.790086567401886,1.656787633895874
1790028762614082600,22.56408251953125,-1.2880805730819702,-0.9696516990661621,1.577778935432434
1790028762624092400,22.574092529296873,-1.2042834758758545,-1.0007762908935547,1.4532804489135742
1790028762634102300,22.584102294921873,-1.0654197931289673,-1.2952631711959839,1.6376339197158813
1790028762644142600,22.594142578125,-0.9074024558067322,-1.3694833517074585,1.6160861253738403
1790028762654213400,22.60421337890625,-0.950498104095459,-1.280897855758667,1.723825216293335
1790028762664223000,22.614222900390626,-0.9457096457481384,-1.3766659498214722,1.6160861253738403
1790028762694313500,22.6443134765625,-1.036689281463623,-1.3910311460494995,1.2665326595306396
1790028762704323000,22.654322998046876,-1.6927006244659424,-1.0438719987869263,1.37906014919281
1790028762714333000,22.6643330078125,-1.6974890232086182,-1.3096283674240112,1.6280571222305298
1790028762744453600,22.69445361328125,-0.706289529800415,-1.1683704853057861,1.968033790588379
1790028762754494000,22.704493896484376,-1.0893617868423462,-1.2449848651885986,1.9536685943603516
1790028762764534300,22.7145341796875,-1.6496049165725708,-1.5753847360610962,1.8914192914962769
1790028762794563600,22.7445634765625,-1.3287819623947144,-0.9720458984375,1.1994950771331787
1790028762804604000,22.75460400390625,-1.3742717504501343,-1.192312479019165,1.2521674633026123
1790028762854774800,22.80477490234375,-1.0678139925003052,-0.7781155705451965,1.0797849893569946
1790028762864845600,22.814845458984376,-0.730231523513794,-0.6177040338516235,1.1085153818130493
1790028762894935800,22.844935791015626,-1.5610195398330688,-1.1276689767837524,0.8834604024887085
1790028762904945700,22.854945556640626,-1.1827356815338135,-0.5841852426528931,-0.35434186458587646
1790028762914955500,22.86495556640625,-0.6224924325942993,-0.05985504388809204,-1.1540051698684692
1790028762924965000,22.874965087890626,-0.31364041566848755,0.31603461503982544,-1.8148049116134644
1790028762934975000,22.88497509765625,-0.5099649429321289,-0.7182605266571045,-1.0654197931289673
1790028762945015300,22.895015380859373,-0.6727706789970398,-1.721431016921997,0.3998316824436188
1790028762965065200,22.915065185546876,-0.15801730751991272,-1.2473790645599365,1.7908629179000854
1790028762975136000,22.925135986328126,0.3711012601852417,-1.525106430053711,3.0837318897247314
1790028762995247000,22.9452470703125,0.06703764945268631,0.5386953949928284,2.3487119674682617
1790028763085579300,23.035579345703123,-0.10295066982507706,-0.5554547905921936,1.0199298858642578
1790028763135780600,23.085780517578126,-0.5650315880775452,1.094150185585022,-2.094926595687866
1790028763165901600,23.115901611328123,-1.2952631711959839,0.646434485912323,-0.6560112833976746
1790028763226112800,23.17611279296875,-0.9265560507774353,0.2992752194404602,-0.10534487664699554
1790028763276253200,23.226253173828123,0.524330198764801,-1.0007762908935547,0.9840168952941895
1790028763346474000,23.296473876953126,0.5434837937355042,-0.8762778043746948,-0.21547815203666687
1790028763396584000,23.346583984375,-3.706224203109741,0.4884171485900879,0.4165911078453064
1790028763406624300,23.356624267578123,-1.7310078144073486,-0.31364041566848755,1.1061211824417114
1790028763416664300,23.366664306640626,-0.2968810200691223,-0.35434186458587646,1.2282254695892334
1790028763436684000,23.38668408203125,-1.4389152526855469,0.3256114423274994,-1.965639591217041
1790028763466774300,23.416774169921876,-0.7589619159698486,1.5873557329177856,-0.1867477297782898
1790028763476784000,23.4267841796875,-0.21787235140800476,2.2816741466522217,-0.3519476354122162
1790028763516945200,23.466945068359376,-0.8331822156906128,1.7286136150360107,-1.5442601442337036
1790028763547005000,23.4970048828125,-0.19153612852096558,2.4612393379211426,-0.28969839215278625
1790028763577126000,23.5271259765625,-0.6799532771110535,1.659181833267212,1.0630255937576294
1790028763617195500,23.567195556640623,-0.2825157940387726,3.335123062133789,-0.6392518281936646
1790028763677345500,23.627345458984376,0.28969839215278625,3.162740468978882,-1.7190368175506592
1790028763727547100,23.677547119140623,-0.15801730751991272,1.6639702320098877,-0.4908113479614258
1790028763737556700,23.687556640625,0.12928688526153564,1.3263877630233765,0.07661445438861847
1790028763747597000,23.69759716796875,0.4381389021873474,1.6855180263519287,-0.05985504388809204
1790028763777718000,23.727718017578123,-0.7829039692878723,1.3096283674240112,-0.7972691655158997
1790028763797798400,23.74779833984375,-0.9624691009521484,0.49320554733276367,-0.6847416758537292
1790028763807808300,23.757808349609373,-0.36152446269989014,-0.5195417404174805,-0.021547814831137657
1790028763827889000,23.777888916015623,0.22266076505184174,0.4572925269603729,-1.2737152576446533
1790028763847938800,23.797938720703126,-0.9552865028381348,1.213860273361206,-1.941697597503662
1790028763898109700,23.848109619140626,0.7805097699165344,1.2832920551300049,-1.335964560508728
1790028763948250000,23.89825,-0.3519476354122162,0.8236053586006165,-1.137245774269104
1790028763958290400,23.90829052734375,-0.22026655077934265,0.5913678407669067,-0.7230489253997803
1790028763968300300,23.91830029296875,0.363918662071228,-0.19632454216480255,0.31603461503982544
1790028763978340400,23.92834033203125,1.1563993692398071,0.028730420395731926,0.933738648891449
1790028764008461300,23.95846142578125,-0.4908113479614258,0.4405331015586853,-1.6759412288665771
1790028764028542000,23.9785419921875,-1.4987702369689941,-0.21308395266532898,-0.7709329724311829
1790028764038582300,23.988582275390623,-0.019153613597154617,0.33279404044151306,-0.043095629662275314
1790028764048561400,23.9985615234375,1.1851298809051514,0.16998831927776337,0.23702596127986908
1790028764058601700,24.008601806640623,1.2114660739898682,-0.7086837291717529,1.5610195398330688
1790028764068642000,24.01864208984375,0.828393816947937,-0.5913678407669067,1.280897855758667
1790028764078682400,24.028682373046873,0.10534487664699554,-0.002394201699644327,-0.7182605266571045
1790028764088661500,24.03866162109375,-0.706289529800415,-0.12449848651885986,-1.7717092037200928
1790028764108711700,24.058711669921873,-0.33279404044151306,-1.192312479019165,0.014365210197865963
1790028764118721300,24.06872119140625,0.5985504388809204,-0.38307225704193115,0.629675030708313
1790028764128731100,24.078731201171873,0.9074024558067322,0.5051765441894531,0.27054479718208313
1790028764148750600,24.09875048828125,-0.1843535304069519,0.47165772318840027,-0.6560112833976746
1790028764168770000,24.11877001953125,0.07661445438861847,-1.1492167711257935,1.1803414821624756
1790028764178810400,24.128810302734376,0.7182605266571045,-0.49559974670410156,0.019153613597154617
1790028764249001000,24.1990009765625,0.5291185975074768,-0.6105214357376099,-1.1540051698684692
1790028764259010600,24.209010498046876,0.4118026793003082,-1.316810965538025,0.6512228846549988
1790028764269020400,24.2190205078125,0.4668693244457245,-1.3431471586227417,2.3271639347076416
1790028764279030300,24.2290302734375,0.933738648891449,-0.1388636976480484,1.3958195447921753
1790028764289040000,24.239039794921876,1.2737152576446533,0.07900865375995636,0.7422025203704834
1790028764299049700,24.2490498046875,1.2497732639312744,-0.14365209639072418,1.4628572463989258
1790028764309059600,24.2590595703125,0.7134721279144287,-0.4836287498474121,1.2952631711959839
1790028764329109500,24.279109619140623,0.011971008032560349,-1.01753568649292,0.16998831927776337
1790028764339119400,24.289119384765623,0.10534487664699554,-0.3471592366695404,-0.3734954595565796
1790028764349129000,24.29912890625,0.019153613597154617,-0.2537853717803955,-0.24181437492370605
1790028764359169300,24.309169189453126,0.13168109953403473,-0.6344634294509888,1.1683704853057861
1790028764369209600,24.319209716796873,0.38546648621559143,-0.33279404044151306,1.3886369466781616
1790028764379219500,24.329219482421873,0.6727706789970398,0.4620809257030487,0.24660277366638184
1790028764389229000,24.33922900390625,0.993593692779541,-0.18914192914962769,0.031124621629714966
1790028764399269400,24.349269287109376,0.7493851184844971,-0.7541735172271729,0.6392518281936646
1790028764429359900,24.37935986328125,0.2082955539226532,-0.10534487664699554,0.6440402865409851
1790028764439400000,24.38939990234375,0.3232172429561615,0.047884032130241394,0.6248866319656372
1790028764449440300,24.399440185546876,0.5315127968788147,-0.47405192255973816,1.01753568649292
1790028764459480600,24.40948046875,0.7469909191131592,-0.9026140570640564,1.2856862545013428
1790028764469521000,24.41952099609375,0.8643068075180054,-0.15801730751991272,0.8020575642585754
1790028764479530800,24.42953076171875,0.8379706144332886,0.12449848651885986,0.16519992053508759
1790028764489601500,24.4396015625,1.0534487962722778,-0.043095629662275314,0.2106897532939911
1790028764499611100,24.449611083984376,0.8068459630012512,-0.45489832758903503,0.8092401623725891
1790028764509651500,24.4596513671875,0.47884035110473633,-0.31842881441116333,0.7613561153411865
1790028764519691800,24.46969189453125,0.31124621629714966,-0.16519992053508759,0.2298433631658554
1790028764599831000,24.5498310546875,0.11252748221158981,-0.9528923034667969,1.3982137441635132
1790028764670082300,24.620082275390626,-0.040701430290937424,0.035913024097681046,1.1204863786697388
1790028764690132500,24.640132568359373,0.8164227604866028,-0.706289529800415,1.3503297567367554
1790028764700172800,24.6501728515625,0.7541735172271729,-0.8619126081466675,1.601720929145813
1790028764710182400,24.660182373046876,0.3926490843296051,-0.8834604024887085,1.2952631711959839
1790028764720222700,24.67022265625,0.021547814831137657,-0.933738648891449,1.01753568649292
1790028764730293500,24.68029345703125,0.047884032130241394,-1.2306196689605713,0.8044517636299133
1790028764740364300,24.6903642578125,0.23942017555236816,-1.338358759880066,0.9241618514060974
1790028764750435000,24.70043505859375,0.19632454216480255,-0.6991068720817566,0.9983820915222168
1790028764760445000,24.71044482421875,0.20111294090747833,-0.27054479718208313,1.0654197931289673
1790028764790566000,24.74056591796875,0.45010992884635925,-0.5267243981361389,1.1851298809051514
1790028764800606200,24.750606201171873,0.24420857429504395,-0.9409212470054626,1.070208191871643
1790028764820625700,24.770625732421873,-0.22505496442317963,-1.0462661981582642,0.8140285611152649
1790028764830696400,24.780696533203123,-0.11252748221158981,-0.9744400978088379,0.8667010068893433
1790028764890877200,24.840877197265623,-0.4644751250743866,-0.993593692779541,1.3263877630233765
1790028764920967400,24.870967529296873,-0.9576807022094727,-0.9528923034667969,1.0223240852355957
1790028764931038200,24.8810380859375,-1.1228805780410767,-0.6512228846549988,0.8858546018600464
1790028764941078500,24.89107861328125,-1.3263877630233765,-0.5937620401382446,1.0319008827209473
1790028764951118800,24.901118896484373,-1.4413094520568848,-0.8355764150619507,1.4532804489135742
1790028764971199200,24.92119921875,-1.316810965538025,-1.8483237028121948,1.5705963373184204
1790028764981209000,24.931208984375,-1.3551181554794312,-1.6208745241165161,1.6400281190872192
1790028764991219000,24.941218994140623,-1.525106430053711,-1.5682021379470825,1.8579005002975464
1790028765001259300,24.95125927734375,-1.4293384552001953,-1.3479355573654175,1.7046716213226318
1790028765011268900,24.961268798828126,-0.9241618514060974,-0.8403648138046265,1.41257905960083
1790028765021278700,24.97127880859375,-0.43335050344467163,-1.036689281463623,1.6519991159439087
1790028765031288600,24.98128857421875,-0.6105214357376099,-1.3311761617660522,1.9369091987609863
1790028765041298200,24.991298095703126,-0.912190854549408,-1.6184803247451782,2.0614075660705566
1790028765051338500,25.00133837890625,-1.139639973640442,-1.4724340438842773,2.0374655723571777
1790028765081459500,25.03145947265625,-0.849941611289978,-1.5107412338256836,2.070984363555908
1790028765091499500,25.04149951171875,-0.8571242094039917,-1.1875240802764893,1.5682021379470825
1790028765101539800,25.051539794921876,-1.1037269830703735,-1.0223240852355957,1.403002142906189
1790028765111549700,25.0615498046875,-1.3192051649093628,-1.5514427423477173,2.070984363555908
1790028765121559600,25.0715595703125,-1.6136919260025024,-1.8722656965255737,2.1092917919158936
1790028765131600000,25.081599853515623,-1.8363527059555054,-1.7525556087493896,1.8746598958969116
1790028765141609500,25.091609375,-1.7142484188079834,-1.2497732639312744,1.5825673341751099
1790028765151649800,25.10164990234375,-1.3335703611373901,-1.2401964664459229,1.699883222579956
1790028765181709600,25.13170947265625,-1.867477297782898,-1.4269442558288574,1.9345149993896484
1790028765241829000,25.1918291015625,0.031124621629714966,-0.6440402865409851,1.7597382068634033
1790028765271950000,25.2219501953125,-0.12210428714752197,0.11013327538967133,0.22744916379451752
1790028765332161300,25.282161376953123,-1.039083480834961,-0.8259995579719543,1.8195933103561401
1790028765342201600,25.29220166015625,-0.8020575642585754,-0.24181437492370605,0.9744400978088379
1790028765352211200,25.302211181640626,-0.17238251864910126,0.1173158809542656,0.028730420395731926
1790028765362251500,25.31225146484375,-0.1149216815829277,0.031124621629714966,0.0933738648891449
1790028765372291800,25.322291748046876,-0.5889736413955688,-0.33758243918418884,0.9097966551780701
1790028765382301700,25.3323017578125,-1.1635819673538208,-0.9002198576927185,1.2737152576446533
1790028765392342000,25.342342041015623,-1.259350061416626,-1.0055646896362305,0.6536170840263367
1790028765402382300,25.35238232421875,-0.8307880163192749,-0.7541735172271729,-0.23942017555236816
1790028765472542200,25.422542236328123,-0.2322375625371933,-0.20350714027881622,-0.26336219906806946
1790028765512642300,25.462642333984373,-1.1252747774124146,-0.5602431893348694,0.33997663855552673
1790028765522652000,25.47265185546875,-1.4915876388549805,0.2346317619085312,-1.1013327836990356
1790028765572731400,25.5227314453125,-0.2585737705230713,-1.3479355573654175,0.811634361743927
1790028765582741000,25.532740966796876,-0.5099649429321289,-1.0558429956436157,0.31842881441116333
1790028765592750800,25.542750732421876,-0.7541735172271729,-0.6416460275650024,-0.9528923034667969
1790028765602791200,25.552791259765623,-1.161187767982483,0.9074024558067322,-0.8307880163192749
1790028765612801000,25.562801025390623,-1.5897499322891235,-0.08140286058187485,0.17717093229293823
1790028765632881400,25.58288134765625,-0.7972691655158997,0.9696516990661621,0.047884032130241394
1790028765642860800,25.59286083984375,-0.9169792532920837,0.08858546614646912,0.021547814831137657
1790028765652901000,25.602901123046873,-0.45010992884635925,-0.12928688526153564,0.33039984107017517
1790028765662941200,25.612941162109376,-0.3423708379268646,-0.07661445438861847,-0.950498104095459
1790028765672951000,25.622950927734376,-0.5003881454467773,0.08140286058187485,-1.0821791887283325
1790028765682961000,25.6329609375,-0.9720458984375,0.24660277366638184,-0.4644751250743866
1790028765693031700,25.64303173828125,-1.0893617868423462,-0.023942016065120697,0.1173158809542656
1790028765703041300,25.653041259765626,-0.5746083855628967,-0.004788403399288654,0.7948749661445618
1790028765723122000,25.673121826171876,-0.9600749015808105,0.4836287498474121,-0.9576807022094727
1790028765733192700,25.683192626953126,-1.8267759084701538,-0.08619125932455063,-1.6352397203445435
1790028765743233000,25.69323291015625,-1.9823989868164062,-0.6727706789970398,-0.6272808313369751
1790028765753243000,25.703242919921873,-1.0630255937576294,-0.7613561153411865,0.3280056416988373
1790028765763283200,25.713283203125,-0.06224924325942993,1.5658079385757446,0.8786720037460327
1790028765823402800,25.77340283203125,-3.1890766620635986,2.5091233253479004,-1.7334020137786865
1790028765853462500,25.803462646484373,-1.3048399686813354,-0.3974374830722809,-0.047884032130241394
1790028765863472400,25.813472412109373,-0.507570743560791,-0.2346317619085312,5.092466831207275
1790028765873512700,25.8235126953125,-0.5554547905921936,1.0797849893569946,6.119579315185547
1790028765883491800,25.833491943359373,-0.8667010068893433,1.9919757843017578,2.5737667083740234
1790028765893532200,25.8435322265625,-0.6799532771110535,2.0231003761291504,0.7781155705451965
1790028765903541800,25.853541748046876,-0.44532153010368347,2.1523873805999756,-1.2042834758758545
1790028765913551600,25.863551513671876,-0.1412578970193863,2.054224967956543,-2.6408045291900635
1790028765923561500,25.8735615234375,-0.30885201692581177,2.3295583724975586,-2.1284453868865967
1790028765933632300,25.88363232421875,-0.20350714027881622,2.7964274883270264,-1.2617442607879639
1790028765983711500,25.93371142578125,0.08619125932455063,2.3989901542663574,0.23942017555236816
1790028765993721300,25.943721435546873,0.5650315880775452,2.6240451335906982,0.14604631066322327
1790028766063911700,26.01391162109375,-0.17238251864910126,1.414973258972168,0.3280056416988373
1790028766073921500,26.023921630859373,-0.2585737705230713,1.1683704853057861,0.3232172429561615
1790028766083961900,26.0339619140625,-0.07661445438861847,1.1492167711257935,0.08619125932455063
1790028766093971500,26.043971435546876,-0.11013327538967133,1.3527239561080933,-0.8547300100326538
1790028766184273200,26.134273193359373,0.09816227108240128,1.278503656387329,-2.9975404739379883
1790028766224403700,26.17440380859375,-0.9002198576927185,0.5554547905921936,0.7134721279144287
1790028766234474500,26.184474609375,-0.22505496442317963,-0.20111294090747833,1.2856862545013428
1790028766244484400,26.194484375,0.646434485912323,-0.22744916379451752,-0.19153612852096558
1790028766254524700,26.204524658203123,0.9193734526634216,0.28969839215278625,-1.702277421951294
1790028766264595500,26.214595458984373,0.3471592366695404,1.5107412338256836,-2.7437551021575928
1790028766274605000,26.22460498046875,-0.768538773059845,1.577778935432434,-2.513911724090576
1790028766294685700,26.244685791015623,-1.5466543436050415,0.47405192255973816,0.5482721924781799
1790028766304695600,26.254695556640623,-0.6248866319656372,-1.0582371950149536,1.4101848602294922
1790028766314735600,26.264735595703126,0.43335050344467163,-1.2952631711959839,1.113303780555725
1790028766324776000,26.27477587890625,1.1348515748977661,-0.9792284965515137,-0.4644751250743866
1790028766334785800,26.284785888671873,1.2880805730819702,-0.22266076505184174,-1.7525556087493896
1790028766344856600,26.294856689453123,0.950498104095459,0.3998316824436188,-1.8100165128707886
1790028766354866400,26.304866455078123,0.5219359993934631,1.6041151285171509,-1.4437036514282227
1790028766364876000,26.3148759765625,-0.3280056416988373,2.248155355453491,-0.7398083209991455
1790028766445107000,26.39510693359375,-0.5674257874488831,1.5083470344543457,-0.9457096457481384
1790028766505226500,26.4552265625,0.09816227108240128,0.6823474764823914,-1.9536685943603516
1790028766525246000,26.475245849609376,0.8906430602073669,0.6224924325942993,0.5578489899635315
1790028766535286300,26.485286376953123,0.950498104095459,0.706289529800415,0.2059013396501541
1790028766545326600,26.49532666015625,0.4908113479614258,0.11971008777618408,-0.5434837937355042
1790028766555367000,26.505366943359373,0.13407529890537262,-1.194706678390503,0.07182604819536209
1790028766565376500,26.51537646484375,0.42856210470199585,-1.235408067703247,1.1013327836990356
1790028766575416800,26.525416748046876,0.751779317855835,-0.4884171485900879,0.014365210197865963
1790028766585426700,26.5354267578125,1.2832920551300049,-0.2944868206977844,-0.7326257228851318
1790028766615486500,26.565486572265623,1.0893617868423462,1.1252747774124146,1.2258312702178955
1790028766625526800,26.57552685546875,0.5961562395095825,0.751779317855835,0.2753331959247589
1790028766635567000,26.585567138671873,0.49559974670410156,-0.1867477297782898,-0.9768342971801758
1790028766655617000,26.605616943359376,0.6775590777397156,-0.689530074596405,0.6631938815116882
1790028766665657300,26.6156572265625,0.5770025849342346,-0.43335050344467163,0.9481038451194763
1790028766675667200,26.625667236328123,0.2968810200691223,-0.5099649429321289,0.9816226959228516
1790028766755897900,26.70589794921875,0.8475474119186401,0.26336219906806946,0.5315127968788147
1790028766805977000,26.75597705078125,0.8259995579719543,-0.5746083855628967,-0.0933738648891449
1790028766816017400,26.766017333984376,0.2298433631658554,-1.0223240852355957,0.9481038451194763
1790028766836067600,26.786067626953123,0.2849099934101105,0.10773907601833344,0.8738836050033569
1790028766846077200,26.7960771484375,0.950498104095459,0.17238251864910126,0.9385270476341248
1790028766856087000,26.806087158203123,1.4508862495422363,-0.23702596127986908,1.403002142906189
1790028766866097000,26.816096923828123,1.3527239561080933,-0.40701428055763245,1.4221558570861816
1790028766876106500,26.8261064453125,1.3551181554794312,-0.047884032130241394,0.6057330369949341
1790028766886146800,26.836146728515626,1.601720929145813,-0.5099649429321289,0.3758896589279175
1790028766896156700,26.84615673828125,1.6615760326385498,-0.8834604024887085,1.1204863786697388
1790028766936226300,26.886226318359373,1.3838485479354858,-1.0414776802062988,1.137245774269104
1790028766946236000,26.89623583984375,1.048660397529602,-1.525106430053711,1.070208191871643
1790028766966316500,26.916316650390623,-0.828393816947937,-0.37828385829925537,0.3447650372982025
1790028766976356900,26.92635693359375,-1.3120225667953491,0.1628057211637497,0.090979665517807
1790028766986366500,26.936366455078126,-1.3551181554794312,-0.2849099934101105,0.3734954595565796
1790028766996376300,26.946376220703126,-1.2401964664459229,-0.6416460275650024,0.17477671802043915
1790028767006386200,26.95638623046875,-0.8690952062606812,-0.4141969084739685,-0.09816227108240128
1790028767026405600,26.976405517578126,-0.27054479718208313,-0.5027823448181152,1.0127472877502441
1790028767036446000,26.986446044921873,-0.043095629662275314,-0.7350199222564697,1.381454348564148
1790028767046455800,26.996455810546873,0.040701430290937424,-0.7493851184844971,1.6065093278884888
1790028767146706000,27.096705810546876,0.5339069962501526,-1.0438719987869263,1.2665326595306396
1790028767176796200,27.126796142578126,0.19153612852096558,-0.9648633003234863,2.0901381969451904
1790028767186836500,27.13683642578125,0.6153098344802856,-0.7015010714530945,1.3934253454208374
1790028767196876800,27.146876708984376,1.1085153818130493,-0.5339069962501526,1.0342950820922852
1790028767206886700,27.15688671875,1.1875240802764893,-0.5578489899635315,0.8140285611152649
1790028767216896300,27.166896240234376,0.7924807667732239,-0.7829039692878723,0.646434485912323
1790028767226906000,27.176906005859376,0.12210428714752197,-0.8475474119186401,0.2537853717803955
1790028767236916000,27.186916015625,0.15562310814857483,-0.7110779285430908,0.07661445438861847
1790028767256966000,27.2069658203125,-0.3519476354122162,-0.7709329724311829,0.2082955539226532
1790028767267006200,27.217006103515626,-0.4357447028160095,-0.5889736413955688,0.13407529890537262
1790028767277046500,27.227046630859373,-0.2825157940387726,-0.3519476354122162,-0.19632454216480255
1790028767287117300,27.237117431640623,-0.033518824726343155,0.021547814831137657,-0.15801730751991272
1790028767297127200,27.247127197265623,-0.19153612852096558,0.33518823981285095,0.24181437492370605
1790028767347267600,27.297267578125,-0.33039984107017517,-0.19153612852096558,0.9265560507774353
1790028767367317500,27.3173173828125,-0.17956513166427612,-0.14365209639072418,0.9193734526634216
1790028767377327400,27.327327392578123,0.11971008777618408,-0.17956513166427612,1.0223240852355957
1790028767387337000,27.3373369140625,0.10773907601833344,0.07900865375995636,1.460463047027588
1790028767407387100,27.35738720703125,-0.06464344263076782,-0.028730420395731926,1.3670891523361206
1790028767437477400,27.387477294921876,-0.05267243832349777,0.12689268589019775,0.33039984107017517
1790028767447517700,27.397517578125,-0.3423708379268646,0.1173158809542656,0.608127236366272
1790028767457527600,27.407527587890623,-0.586579442024231,-0.26096799969673157,0.8451532125473022
1790028767527778800,27.47777880859375,-0.05027823522686958,0.12689268589019775,-0.15562310814857483
1790028767537788700,27.48778857421875,0.08619125932455063,0.08379705995321274,-0.08140286058187485
1790028767547829000,27.4978291015625,0.14604631066322327,-0.14604631066322327,0.026336219161748886
1790028767567879200,27.517879150390623,-0.15083470940589905,-0.6033388376235962,0.8451532125473022
1790028767648140300,27.598140380859373,0.3711012601852417,-0.5985504388809204,0.5147533416748047
1790028767668159700,27.61815966796875,0.0071826050989329815,-0.6751648783683777,0.2753331959247589
1790028767678169600,27.628169677734373,-1.1994950771331787,-1.0319008827209473,1.0630255937576294
1790028767688210000,27.6382099609375,-1.8483237028121948,-1.1899182796478271,1.5753847360610962
1790028767698250200,27.648250244140623,-1.414973258972168,-0.9193734526634216,1.2856862545013428
1790028767758430700,27.7084306640625,-2.252943754196167,-1.8339585065841675,0.811634361743927
1790028767768471000,27.718470947265626,-1.886630892753601,-1.7860745191574097,0.7805097699165344
1790028767778481000,27.72848095703125,-3.07415509223938,-2.1811177730560303,3.332728862762451
1790028767788490500,27.738490478515626,-4.424484729766846,-2.1092917919158936,4.627991676330566
1790028767798500400,27.748500244140626,-3.7253777980804443,-2.6408045291900635,3.1651346683502197
1790028767808540700,27.758540771484373,-0.811634361743927,-3.315969467163086,-0.002394201699644327
1790028767818550500,27.768550537109373,1.1109095811843872,-2.63362193107605,-0.7733271718025208
1790028767828560100,27.77856005859375,1.1013327836990356,-1.5825673341751099,-0.8307880163192749
1790028767838570000,27.788570068359373,0.7350199222564697,-1.1228805780410767,-0.19871874153614044
1790028767888801800,27.8388017578125,0.811634361743927,-0.751779317855835,-0.6248866319656372
1790028767898811600,27.848811767578123,0.5793967843055725,-0.47884035110473633,-1.2186486721038818
1790028767938911700,27.888911865234373,0.12210428714752197,0.507570743560791,0.16998831927776337
1790028767948952000,27.8989521484375,0.05746084079146385,0.4644751250743866,0.2777273952960968
1790028767958992400,27.908992431640623,0.12928688526153564,0.30885201692581177,0.15322890877723694
1790028767969032700,27.91903271484375,0.08858546614646912,0.35434186458587646,0.13407529890537262
1790028768059334100,28.009334228515623,-0.23702596127986908,-0.009576806798577309,0.1843535304069519
1790028768109444000,28.059444091796873,0.002394201699644327,-0.1628057211637497,0.12210428714752197
1790028768119484200,28.069484130859376,-0.06464344263076782,-0.07182604819536209,0.15083470940589905
1790028768129524500,28.0795244140625,-0.021547814831137657,-0.22026655077934265,0.26096799969673157
1790028768139564800,28.089564697265626,0.05985504388809204,-0.2992752194404602,0.26815059781074524
1790028768149605000,28.099605224609373,0.14365209639072418,-0.43095630407333374,0.2513911724090576
1790028768179665000,28.129664794921876,-0.26336219906806946,-0.2753331959247589,0.29209262132644653
1790028768209694200,28.159694091796876,-0.2346317619085312,-0.07661445438861847,0.021547814831137657
1790028768219734500,28.169734619140623,-0.35434186458587646,-0.05267243832349777,-0.016759412363171577
1790028768229744400,28.179744384765623,-0.15801730751991272,-0.033518824726343155,0.0694318488240242
1790028768239754000,28.18975390625,0.1173158809542656,-0.05027823522686958,0.019153613597154617
1790028768249794300,28.199794189453126,0.05267243832349777,-0.05746084079146385,0.10534487664699554
1790028768259804200,28.20980419921875,0.12210428714752197,-0.10055647045373917,0.2513911724090576
1790028768269844500,28.219844482421873,0.009576806798577309,-0.12210428714752197,0.17717093229293823
1790028768279854000,28.22985400390625,0.05746084079146385,-0.09816227108240128,0.21547815203666687
1790028768299873800,28.249873779296873,-0.2298433631658554,0.019153613597154617,0.2537853717803955
1790028768319893200,28.269893310546873,-0.0071826050989329815,-0.17717093229293823,0.21308395266532898
1790028768349953000,28.299953125,-0.20111294090747833,-0.3926490843296051,0.15083470940589905
1790028768370003000,28.3200029296875,-0.12210428714752197,-0.2082955539226532,0.0933738648891449
1790028768380043300,28.330043212890626,-0.15562310814857483,0.11013327538967133,0.16519992053508759
1790028768400124000,28.3501240234375,-0.15801730751991272,-0.14365209639072418,0.4381389021873474
1790028768410133800,28.3601337890625,-0.0933738648891449,-0.40462008118629456,0.4620809257030487
1790028768420174000,28.370174072265623,0.026336219161748886,-0.48602294921875,0.1604115068912506
1790028768430183700,28.38018359375,0.07900865375995636,-0.2561795711517334,-0.17717093229293823
1790028768440224000,28.39022412109375,-0.1364694982767105,-0.22026655077934265,-0.1149216815829277
1790028768520546300,28.47054638671875,-0.16759411990642548,-0.21308395266532898,-0.1364694982767105
1790028768560707300,28.510707275390626,0.004788403399288654,-0.0454898327589035,0.29209262132644653
1790028768580788000,28.5307880859375,0.011971008032560349,-0.17717093229293823,0.11252748221158981
1790028768590797800,28.5407978515625,-0.20111294090747833,-0.24181437492370605,0.10295066982507706
1790028768600807400,28.550807373046876,-0.27054479718208313,-0.28969839215278625,0.10773907601833344
1790028768620827100,28.5708271484375,-0.21308395266532898,-0.1867477297782898,0.07422025501728058
1790028768630836700,28.580836669921876,-0.08619125932455063,0.090979665517807,0.0071826050989329815
1790028768640877000,28.590876953125,-0.17238251864910126,0.2537853717803955,-0.13407529890537262
1790028768660927200,28.61092724609375,-0.4381389021873474,-0.026336219161748886,0.40462008118629456
1790028768670936800,28.620936767578126,-0.1364694982767105,-0.24899697303771973,0.2801215946674347
1790028768680977200,28.63097705078125,0.021547814831137657,-0.2298433631658554,0.1364694982767105
1790028768690987000,28.640987060546873,-0.05746084079146385,0.0071826050989329815,-0.033518824726343155
1790028768711037000,28.661036865234376,-0.08379705995321274,0.019153613597154617,0.22505496442317963
1790028768721107700,28.671107666015626,0.009576806798577309,0.08379705995321274,0.35673606395721436
1790028768731117600,28.68111767578125,-0.1867477297782898,-0.07182604819536209,0.38546648621559143
1790028768741158000,28.691157958984373,-0.043095629662275314,-0.10773907601833344,0.22026655077934265
1790028768751167500,28.70116748046875,-0.002394201699644327,-0.08140286058187485,-0.009576806798577309
1790028768761207800,28.711207763671876,-0.05985504388809204,-0.10295066982507706,0.019153613597154617
1790028768771217700,28.7212177734375,-0.1867477297782898,-0.181959331035614,0.12449848651885986
1790028768781258000,28.731258056640623,-0.26815059781074524,-0.09816227108240128,0.2298433631658554
1790028768791267800,28.741267822265623,-0.2585737705230713,0.031124621629714966,0.11971008777618408
1790028768801308000,28.751307861328126,-0.31603461503982544,0.011971008032560349,0.0933738648891449
1790028768811348200,28.76134814453125,-0.3208230137825012,-0.0694318488240242,-0.07900865375995636
1790028768821358000,28.771358154296873,-0.26815059781074524,0.10534487664699554,-0.10534487664699554
1790028768881508000,28.831508056640626,-0.043095629662275314,-0.13168109953403473,0.19393034279346466
1790028768901588700,28.851588623046876,-0.16998831927776337,-0.011971008032560349,-0.08379705995321274
1790028768911629000,28.861629150390623,-0.35913026332855225,-0.1412578970193863,-0.004788403399288654
1790028768921669400,28.87166943359375,-0.1149216815829277,-0.031124621629714966,0.0454898327589035
1790028768941750000,28.89175,-0.09816227108240128,-0.05027823522686958,0.27054479718208313
1790028768951759600,28.901759521484376,-0.12928688526153564,-0.24181437492370605,0.15322890877723694
1790028768961800000,28.911800048828123,0.07900865375995636,0.05027823522686958,-0.011971008032560349
1790028768971809800,28.921809814453123,-0.043095629662275314,0.07661445438861847,0.05506663769483566
1790028768981850000,28.93185009765625,-0.38546648621559143,-0.043095629662275314,0.22026655077934265
1790028768991859700,28.941859619140626,-0.363918662071228,-0.22744916379451752,0.14604631066322327
1790028769001900000,28.951900146484373,-0.29209262132644653,-0.10773907601833344,0.20350714027881622
1790028769011940400,28.9619404296875,-0.2513911724090576,-0.07900865375995636,0.1364694982767105
1790028769021950200,28.9719501953125,-0.15801730751991272,0.047884032130241394,0
1790028769031959800,28.981959716796876,-0.07661445438861847,0,0.1149216815829277
1790028769052010000,29.002010009765623,-0.3663128614425659,-0.17477671802043915,0.14844051003456116
1790028769072090400,29.02209033203125,-0.1149216815829277,-0.12928688526153564,0.12210428714752197
1790028769082130700,29.032130615234376,-0.21547815203666687,-0.16519992053508759,0.023942016065120697
1790028769092140500,29.042140625,-0.12449848651885986,-0.0694318488240242,0.12449848651885986
1790028769102150400,29.052150390625,-0.1364694982767105,0.021547814831137657,0.22026655077934265
1790028769112190500,29.0621904296875,-0.09576806426048279,0.0071826050989329815,0.05746084079146385
1790028769122230800,29.072230712890626,-0.15801730751991272,0,0.05267243832349777
1790028769152290600,29.10229052734375,-0.1412578970193863,0.07422025501728058,0.009576806798577309
1790028769162331000,29.112330810546876,-0.08140286058187485,-0.05746084079146385,0.090979665517807
1790028769172371200,29.12237109375,-0.13407529890537262,-0.1412578970193863,0.05506663769483566
1790028769182411500,29.13241162109375,-0.19871874153614044,-0.10773907601833344,0
1790028769192421400,29.14242138671875,-0.22266076505184174,-0.13168109953403473,0.0071826050989329815
1790028769202431000,29.152430908203126,-0.23702596127986908,-0.11013327538967133,-0.06464344263076782
1790028769212471300,29.16247119140625,-0.28730419278144836,-0.15801730751991272,-0.05027823522686958
1790028769222481200,29.172481201171873,-0.36152446269989014,-0.19871874153614044,0.009576806798577309
1790028769232552000,29.182552001953123,-0.19393034279346466,-0.13407529890537262,0.10534487664699554
1790028769292732700,29.242732666015623,-0.13407529890537262,-0.22026655077934265,0.2801215946674347
1790028769372932900,29.322932861328123,-0.17717093229293823,-0.08140286058187485,-0.05746084079146385
1790028769413033000,29.363032958984373,-0.17477671802043915,-0.07661445438861847,0.05027823522686958
1790028769423042600,29.37304248046875,-0.2777273952960968,-0.023942016065120697,0.05027823522686958
1790028769433083000,29.383082763671876,-0.2346317619085312,-0.07422025501728058,0.1412578970193863
1790028769443092700,29.3930927734375,-0.16759411990642548,-0.11013327538967133,0.040701430290937424
1790028769453133000,29.403133056640623,-0.12689268589019775,-0.20111294090747833,0.014365210197865963
1790028769463173000,29.413173095703126,-0.14844051003456116,-0.10534487664699554,0.047884032130241394
1790028769473152500,29.423152587890623,-0.06703764945268631,-0.0694318488240242,0.15801730751991272
1790028769493233200,29.443233154296873,-0.19153612852096558,-0.05267243832349777,0.033518824726343155
1790028769503242800,29.45324267578125,-0.16759411990642548,-0.11252748221158981,0.016759412363171577
1790028769513252600,29.463252685546873,-0.22744916379451752,-0.05267243832349777,0.004788403399288654
1790028769523323400,29.473323486328123,-0.2106897532939911,-0.06464344263076782,0.09576806426048279
1790028769533363700,29.48336376953125,-0.2346317619085312,-0.06224924325942993,0.18914192914962769
1790028769543373300,29.493373291015626,-0.08619125932455063,-0.047884032130241394,0.031124621629714966
1790028769563393000,29.51339306640625,-0.2106897532939911,0.035913024097681046,0.023942016065120697
1790028769593452800,29.543452880859373,-0.07182604819536209,-0.0071826050989329815,0.09816227108240128
1790028769613502700,29.563502685546876,-0.14844051003456116,-0.009576806798577309,-0.014365210197865963
1790028769623543000,29.57354296875,-0.35673606395721436,-0.004788403399288654,0.08379705995321274
1790028769653633500,29.603633544921873,-0.24899697303771973,-0.11252748221158981,0.05985504388809204
1790028769663643100,29.61364306640625,-0.08379705995321274,-0.12449848651885986,-0.011971008032560349
1790028769673653000,29.623653076171873,-0.11252748221158981,-0.06224924325942993,-0.15322890877723694
1790028769683693300,29.633693359375,-0.3064578175544739,0.038307227194309235,-0.016759412363171577
1790028769693733600,29.643733642578123,-0.30885201692581177,-0.031124621629714966,0.10773907601833344
1790028769723823900,29.673823974609373,0.009576806798577309,-0.16998831927776337,0.12210428714752197
1790028769733833700,29.683833740234373,-0.24899697303771973,-0.07900865375995636,0.07900865375995636
1790028769763893500,29.7138935546875,-0.05267243832349777,-0.15083470940589905,0.035913024097681046
1790028769773933800,29.723933837890623,-0.26336219906806946,-0.014365210197865963,-0.031124621629714966
1790028769783943400,29.733943359375,-0.2585737705230713,-0.05506663769483566,0.07422025501728058
1790028769803993600,29.75399365234375,-0.09816227108240128,-0.12210428714752197,-0.031124621629714966
1790028769824043500,29.77404345703125,-0.37828385829925537,-0.035913024097681046,0.004788403399288654
1790028769834053400,29.784053466796873,-0.1173158809542656,0.016759412363171577,0.15562310814857483
1790028769844093700,29.79409375,0.08619125932455063,0.05267243832349777,0.09576806426048279
1790028769854103300,29.804103271484376,0.002394201699644327,0.06703764945268631,0.090979665517807
