time,seconds_elapsed,x,z,y
1790028955172163000,0.1021630859375,-0.15322890877723694,-0.0454898327589035,0.019153613597154617
1790028955182172700,0.112172607421875,0.1604115068912506,-1.0055646896362305,-0.7781155705451965
1790028955192182500,0.1221826171875,-0.1173158809542656,-0.047884032130241394,0.08619125932455063
1790028955202222800,0.132222900390625,-0.29209262132644653,-0.14604631066322327,-0.019153613597154617
1790028955212232400,0.142232421875,-0.2849099934101105,-0.14365209639072418,0.11971008777618408
1790028955222042400,0.15204248046875,-0.026336219161748886,-0.08619125932455063,-0.10534487664699554
1790028955241561900,0.171561767578125,-0.17477671802043915,-0.05746084079146385,-0.035913024097681046
1790028955251502000,0.181502197265625,-0.2298433631658554,-0.1364694982767105,0.1388636976480484
1790028955261512000,0.191511962890625,0.07182604819536209,-0.08140286058187485,0.14604631066322327
1790028955341742600,0.27174267578125,-0.1149216815829277,-0.019153613597154617,0.031124621629714966
1790028955361792800,0.291792724609375,-0.2322375625371933,-0.12210428714752197,0.16998831927776337
1790028955371802400,0.30180224609375,-0.2825157940387726,-0.1412578970193863,0.181959331035614
1790028955381781800,0.31178173828125,-0.23702596127986908,-0.181959331035614,-0.0933738648891449
1790028955401862100,0.331862060546875,-0.2106897532939911,0.1388636976480484,-0.014365210197865963
1790028955411841500,0.341841552734375,-0.15322890877723694,0.014365210197865963,0.12449848651885986
1790028955421881900,0.3518818359375,-0.15801730751991272,-0.11971008777618408,0.031124621629714966
1790028955451911200,0.3819111328125,-0.24420857429504395,-0.06224924325942993,0.07661445438861847
1790028955461951500,0.391951416015625,-0.14365209639072418,-0.08858546614646912,0
1790028955471930600,0.4019306640625,-0.19153612852096558,-0.05746084079146385,-0.026336219161748886
1790028955502020900,0.432020751953125,-0.2059013396501541,0.038307227194309235,0.07422025501728058
1790028955542151700,0.472151611328125,0.14844051003456116,0.1604115068912506,0.26096799969673157
1790028955572181000,0.502180908203125,-0.23702596127986908,-0.24660277366638184,0.19153612852096558
1790028955582190600,0.512190673828125,0.06703764945268631,-0.10055647045373917,-0.12928688526153564
1790028955602240800,0.53224072265625,-0.38307225704193115,-0.07182604819536209,-0.035913024097681046
1790028955612250400,0.54225048828125,-0.45010992884635925,-0.26096799969673157,0.12210428714752197
1790028955622229800,0.552229736328125,-0.28969839215278625,-0.1173158809542656,0.07900865375995636
1790028955632300500,0.562300537109375,-0.1364694982767105,-0.1412578970193863,-0.13168109953403473
1790028955642310100,0.57231005859375,-0.2513911724090576,-0.07900865375995636,-0.1388636976480484
1790028955652350500,0.5823505859375,-0.29209262132644653,-0.05985504388809204,-0.1149216815829277
1790028955662360300,0.5923603515625,-0.22505496442317963,-0.09816227108240128,-0.009576806798577309
1790028955672400600,0.602400634765625,-0.1843535304069519,-0.014365210197865963,0.12210428714752197
1790028955682379800,0.6123798828125,-0.10295066982507706,0.043095629662275314,-0.07900865375995636
1790028955702430000,0.632429931640625,-0.181959331035614,-0.047884032130241394,-0.016759412363171577
1790028955712470300,0.64247021484375,-0.1388636976480484,-0.028730420395731926,0.1149216815829277
1790028955722479900,0.65247998046875,-0.08858546614646912,-0.028730420395731926,0.06703764945268631
1790028955732520200,0.662520263671875,-0.15083470940589905,-0.011971008032560349,0
1790028955742530000,0.672530029296875,-0.24420857429504395,0.0071826050989329815,-0.021547814831137657
1790028955782660600,0.71266064453125,-0.0933738648891449,-0.040701430290937424,0.10055647045373917
1790028955812690000,0.74268994140625,-0.1843535304069519,-0.1173158809542656,0.2106897532939911
1790028955822699800,0.75269970703125,-0.19871874153614044,-0.08858546614646912,0.08858546614646912
1790028955832709400,0.76270947265625,-0.1412578970193863,-0.09816227108240128,0.023942016065120697
1790028955842688800,0.772688720703125,-0.21547815203666687,-0.033518824726343155,0.035913024097681046
1790028955852728800,0.782728759765625,-0.13407529890537262,-0.0454898327589035,-0.011971008032560349
1790028955862738700,0.79273876953125,-0.10055647045373917,-0.002394201699644327,0.035913024097681046
1790028955872748500,0.80274853515625,-0.17477671802043915,-0.035913024097681046,0.016759412363171577
1790028955882727700,0.812727783203125,-0.26336219906806946,-0.031124621629714966,0.009576806798577309
1790028955892768000,0.82276806640625,-0.3280056416988373,-0.07900865375995636,0.0933738648891449
1790028955902777900,0.83277783203125,-0.2537853717803955,-0.05746084079146385,0.040701430290937424
1790028955912848600,0.8428486328125,-0.15801730751991272,-0.12689268589019775,-0.014365210197865963
1790028955922858200,0.852858154296875,-0.10295066982507706,-0.08858546614646912,0.06224924325942993
1790028955993018400,0.923018310546875,-0.26575639843940735,-0.035913024097681046,0.016759412363171577
1790028956073157400,1.003157470703125,-0.12449848651885986,-0.08858546614646912,0.1843535304069519
1790028956093207600,1.02320751953125,-0.1388636976480484,-0.019153613597154617,-0.05985504388809204
1790028956103248000,1.033247802734375,-0.1388636976480484,0.07661445438861847,0.05985504388809204
1790028956113227000,1.04322705078125,-0.2849099934101105,-0.047884032130241394,0.040701430290937424
1790028956123236900,1.05323681640625,-0.24420857429504395,-0.035913024097681046,0.24181437492370605
1790028956153327000,1.0833271484375,-0.272938996553421,0.08619125932455063,0
1790028956163306200,1.09330615234375,-0.19393034279346466,-0.07182604819536209,0.15083470940589905
1790028956203375900,1.1333759765625,-0.24899697303771973,-0.17717093229293823,0.035913024097681046
1790028956233405200,1.1634052734375,-0.10055647045373917,-0.0454898327589035,0.1388636976480484
1790028956253424600,1.183424560546875,-0.10534487664699554,-0.0933738648891449,0.11252748221158981
1790028956263434500,1.1934345703125,-0.16998831927776337,-0.0694318488240242,0.028730420395731926
1790028956283454000,1.213453857421875,-0.14604631066322327,-0.023942016065120697,-0.14604631066322327
1790028956313483300,1.243483154296875,-0.30885201692581177,-0.08858546614646912,-0.10295066982507706
1790028956383551700,1.3135517578125,-0.33039984107017517,-0.08858546614646912,0.20350714027881622
1790028956453681200,1.38368115234375,-0.2082955539226532,0,-0.004788403399288654
1790028956503699500,1.433699462890625,0.038307227194309235,-0.040701430290937424,0.07661445438861847
1790028956553809400,1.483809326171875,-0.05027823522686958,-0.07900865375995636,0.10534487664699554
1790028956563819000,1.493819091796875,-0.09816227108240128,-0.07661445438861847,0.021547814831137657
1790028956573828900,1.503828857421875,-0.21547815203666687,-0.06464344263076782,0.16998831927776337
1790028956583808000,1.51380810546875,-0.17477671802043915,-0.1364694982767105,0.20111294090747833
1790028956593848300,1.523848388671875,-0.040701430290937424,0.009576806798577309,0.07900865375995636
1790028956623877600,1.553877685546875,-0.2106897532939911,-0.07422025501728058,-0.021547814831137657
1790028956663947300,1.593947265625,-0.11971008777618408,-0.014365210197865963,0.002394201699644327
1790028956683997200,1.6139970703125,-0.17717093229293823,-0.0454898327589035,0.1149216815829277
1790028956694007000,1.624007080078125,-0.1149216815829277,-0.13407529890537262,-0.016759412363171577
1790028956743995000,1.673994873046875,-0.23942017555236816,0.021547814831137657,0.07422025501728058
1790028956754035200,1.68403515625,-0.1604115068912506,0.040701430290937424,-0.038307227194309235
1790028956764044800,1.694044921875,-0.19871874153614044,0.05746084079146385,0.07182604819536209
1790028956794104600,1.7241044921875,-0.16759411990642548,-0.0071826050989329815,0.22744916379451752
1790028956804145000,1.734144775390625,-0.15083470940589905,-0.06703764945268631,0.1388636976480484
1790028956814154800,1.74415478515625,-0.13168109953403473,-0.016759412363171577,0.021547814831137657
1790028956824134000,1.7541337890625,-0.11971008777618408,-0.035913024097681046,-0.0454898327589035
1790028956844153600,1.774153564453125,-0.26096799969673157,-0.10295066982507706,0.15562310814857483
1790028956854194000,1.78419384765625,-0.24899697303771973,-0.12210428714752197,-0.0694318488240242
1790028956864203500,1.79420361328125,-0.15562310814857483,-0.19632454216480255,0.10534487664699554
1790028956874213400,1.80421337890625,-0.2322375625371933,-0.12928688526153564,0.12689268589019775
1790028956884223000,1.814222900390625,-0.13168109953403473,-0.1412578970193863,0.08379705995321274
1790028956894232800,1.82423291015625,-0.21787235140800476,-0.181959331035614,-0.002394201699644327
1790028956904242700,1.83424267578125,-0.15083470940589905,-0.1364694982767105,0.05985504388809204
1790028956914252300,1.844252197265625,-0.26096799969673157,-0.021547814831137657,0.09816227108240128
1790028956924262100,1.85426220703125,-0.10055647045373917,-0.0071826050989329815,-0.043095629662275314
1790028956944281600,1.874281494140625,-0.08858546614646912,0.002394201699644327,-0.047884032130241394
1790028956984351200,1.914351318359375,-0.17477671802043915,-0.021547814831137657,0.11252748221158981
1790028957004401400,1.9344013671875,-0.26336219906806946,-0.05985504388809204,0.10295066982507706
1790028957014411000,1.944410888671875,-0.2059013396501541,-0.12210428714752197,0.08379705995321274
1790028957024420900,1.9544208984375,-0.1173158809542656,-0.090979665517807,-0.0454898327589035
1790028957044440300,1.9744404296875,-0.2106897532939911,0,0.1388636976480484
1790028957104529400,2.034529296875,-0.17477671802043915,-0.1604115068912506,0.019153613597154617
1790028957124549000,2.054549072265625,-0.12689268589019775,0.08140286058187485,0.0454898327589035
1790028957144568600,2.074568603515625,-0.19153612852096558,-0.019153613597154617,0.009576806798577309
1790028957154578400,2.084578369140625,-0.16998831927776337,-0.009576806798577309,0.0933738648891449
1790028957164588000,2.094588134765625,-0.12210428714752197,0.016759412363171577,0.18914192914962769
1790028957214698000,2.144697998046875,-0.11971008777618408,-0.1173158809542656,-0.047884032130241394
1790028957224768800,2.154768798828125,-0.16519992053508759,0.011971008032560349,-0.033518824726343155
1790028957234778600,2.164778564453125,-0.21547815203666687,-0.043095629662275314,0.004788403399288654
1790028957244818700,2.174818603515625,-0.09576806426048279,-0.038307227194309235,-0.009576806798577309
1790028957254828500,2.18482861328125,-0.1388636976480484,-0.009576806798577309,0.028730420395731926
1790028957264868900,2.194868896484375,-0.15083470940589905,-0.06464344263076782,0.07422025501728058
1790028957274878700,2.204878662109375,-0.17477671802043915,-0.05985504388809204,0.1173158809542656
1790028957294928600,2.2249287109375,-0.11971008777618408,-0.07661445438861847,0.14604631066322327
1790028957325019000,2.255018798828125,0.040701430290937424,0.047884032130241394,-0.05267243832349777
1790028957345038600,2.27503857421875,-0.3256114423274994,-0.090979665517807,0.1867477297782898
1790028957355048200,2.285048095703125,-0.272938996553421,-0.08619125932455063,0.12689268589019775
1790028957365058000,2.29505810546875,-0.10055647045373917,0.047884032130241394,0.05506663769483566
1790028957375098400,2.305098388671875,-0.07422025501728058,0.1173158809542656,-0.1364694982767105
1790028957425208300,2.355208251953125,-0.07422025501728058,-0.0071826050989329815,-0.033518824726343155
1790028957435218000,2.365218017578125,-0.15562310814857483,-0.05985504388809204,0.11971008777618408
1790028957445258200,2.37525830078125,-0.13168109953403473,-0.07661445438861847,0.18914192914962769
1790028957455237600,2.385237548828125,-0.06703764945268631,0.023942016065120697,0.09576806426048279
1790028957475318000,2.405318115234375,-0.304063618183136,-0.13168109953403473,0.0694318488240242
1790028957485358300,2.4153583984375,-0.14844051003456116,-0.2561795711517334,-0.016759412363171577
1790028957505377800,2.435377685546875,-0.1412578970193863,-0.023942016065120697,0.040701430290937424
1790028957515387600,2.4453876953125,-0.22505496442317963,-0.009576806798577309,0.10534487664699554
1790028957525366800,2.45536669921875,-0.15083470940589905,-0.043095629662275314,0.2059013396501541
1790028957535407000,2.465406982421875,-0.12928688526153564,-0.028730420395731926,0.08379705995321274
1790028957545417000,2.4754169921875,-0.10773907601833344,-0.08379705995321274,0.08379705995321274
1790028957555426800,2.4854267578125,-0.1843535304069519,-0.038307227194309235,0.040701430290937424
1790028957565497600,2.49549755859375,-0.07900865375995636,-0.0454898327589035,0.019153613597154617
1790028957575507200,2.505507080078125,-0.10773907601833344,0.0933738648891449,0.043095629662275314
1790028957585517000,2.51551708984375,-0.15083470940589905,-0.05267243832349777,0.031124621629714966
1790028957635657500,2.565657470703125,-0.17477671802043915,0.043095629662275314,0.08858546614646912
1790028957655707400,2.585707275390625,-0.11971008777618408,-0.14365209639072418,0.1388636976480484
1790028957665747700,2.595747802734375,-0.1604115068912506,-0.16759411990642548,0.07900865375995636
1790028957675788000,2.6057880859375,-0.22266076505184174,-0.05746084079146385,0.10055647045373917
1790028957685828400,2.615828369140625,-0.22505496442317963,-0.040701430290937424,0.11971008777618408
1790028957695838200,2.625838134765625,-0.20111294090747833,-0.07182604819536209,0.07900865375995636
1790028957705847800,2.635847900390625,-0.11013327538967133,-0.033518824726343155,0.002394201699644327
1790028957725867300,2.6558671875,-0.2777273952960968,-0.08140286058187485,0.06464344263076782
1790028957735907600,2.665907470703125,-0.15322890877723694,-0.021547814831137657,0.08858546614646912
1790028957765967400,2.69596728515625,-0.1628057211637497,-0.021547814831137657,0.06224924325942993
1790028957806037000,2.736037109375,-0.2825157940387726,-0.2968810200691223,0.19153612852096558
1790028957836035800,2.766035888671875,-0.7134721279144287,-0.4812345504760742,0.38546648621559143
1790028957846045700,2.776045654296875,-0.7326257228851318,-0.5363011956214905,0.37828385829925537
1790028957856116500,2.786116455078125,-0.730231523513794,-0.49320554733276367,0.38067805767059326
1790028957866156800,2.79615673828125,-0.5746083855628967,-0.43335050344467163,0.40462008118629456
1790028957876196900,2.80619677734375,-0.7134721279144287,-0.4381389021873474,0.4118026793003082
1790028957886206700,2.816206787109375,-0.5171475410461426,-0.31124621629714966,0.40462008118629456
1790028957896216600,2.826216552734375,-0.3974374830722809,-0.2992752194404602,0.26815059781074524
1790028957906257000,2.8362568359375,-0.3878606855869293,-0.17477671802043915,0.05985504388809204
1790028957916266500,2.8462666015625,-0.26096799969673157,-0.22744916379451752,0.035913024097681046
1790028957996405800,2.92640576171875,-0.1173158809542656,-0.49320554733276367,0.10055647045373917
1790028958086585000,3.016585205078125,-0.8092401623725891,-0.08619125932455063,1.1204863786697388
1790028958096595000,3.026594970703125,-1.0606313943862915,0.0071826050989329815,1.6950948238372803
1790028958136695000,3.066695068359375,-1.2258312702178955,0.011971008032560349,0.4812345504760742
1790028958166785300,3.096785400390625,-1.3646949529647827,-0.33758243918418884,1.115697979927063
1790028958226874400,3.156874267578125,-1.0079588890075684,-0.18914192914962769,-0.524330198764801
1790028958246924500,3.176924560546875,-1.3120225667953491,-0.7972691655158997,-0.49559974670410156
1790028958296973300,3.226973388671875,-1.7549498081207275,-0.6991068720817566,0.7469909191131592
1790028958306983200,3.236983154296875,-2.2218191623687744,-1.0773907899856567,0.7805097699165344
1790028958316992800,3.24699267578125,-2.470816135406494,-1.0654197931289673,0.8547300100326538
1790028958326972200,3.25697216796875,-2.0661959648132324,-1.0893617868423462,0.45010992884635925
1790028958337043000,3.26704296875,-1.2713210582733154,-0.5554547905921936,0.38307225704193115
1790028958347052800,3.277052734375,-1.3670891523361206,-0.6847416758537292,0.9624691009521484
1790028958357092900,3.2870927734375,-2.2433669567108154,-1.1899182796478271,1.2545616626739502
1790028958417182200,3.34718212890625,-1.5394717454910278,0.14365209639072418,0.8164227604866028
1790028958447303000,3.377302978515625,-0.4118026793003082,-0.2585737705230713,0.05267243832349777
1790028958507453200,3.437453125,0.3495534360408783,-0.1364694982767105,0.14604631066322327
1790028958527503000,3.457503173828125,-1.0438719987869263,-1.278503656387329,0.8523358106613159
1790028958537543400,3.46754345703125,-1.7932571172714233,-2.027888774871826,1.2521674633026123
1790028958547553300,3.47755322265625,-1.766920804977417,-1.7381904125213623,0.17717093229293823
1790028958557563000,3.48756298828125,-1.3623007535934448,-1.0295066833496094,-0.24420857429504395
1790028958577613000,3.507613037109375,-1.5131354331970215,0.6320692300796509,-0.9313444495201111
1790028958587653400,3.5176533203125,-0.9528923034667969,0.16519992053508759,-0.828393816947937
1790028958597663000,3.5276630859375,-0.5722141861915588,-0.4165911078453064,-0.586579442024231
1790028958607672800,3.5376728515625,-0.727837324142456,-0.9050082564353943,-0.07661445438861847
1790028958617682700,3.5476826171875,-1.4413094520568848,-0.9983820915222168,-0.026336219161748886
1790028958627692300,3.5576923828125,-1.6184803247451782,-0.5793967843055725,-0.45010992884635925
1790028958637732600,3.567732666015625,-1.2018892765045166,0.21787235140800476,-1.094150185585022
1790028958647742500,3.577742431640625,-1.0558429956436157,0.1628057211637497,-0.8259995579719543
1790028958697791200,3.627791259765625,0.05506663769483566,-1.5753847360610962,-1.4939818382263184
1790028958707831600,3.63783154296875,-0.033518824726343155,-2.6599581241607666,-0.2944868206977844
1790028958717871900,3.647871826171875,-0.4620809257030487,-2.343923568725586,0.40462008118629456
1790028958727912200,3.657912109375,-0.5841852426528931,1.601720929145813,-1.0295066833496094
1790028958737891300,3.667891357421875,-0.8403648138046265,4.501099109649658,-1.8986018896102905
1790028958747931600,3.677931640625,-0.9457096457481384,1.3239935636520386,-0.2106897532939911
1790028958757972000,3.687971923828125,-1.036689281463623,-0.5650315880775452,1.2952631711959839
1790028958767981600,3.697981689453125,-1.6639702320098877,-0.6009446382522583,0.4836287498474121
1790028958778022000,3.70802197265625,-1.8962076902389526,0.0933738648891449,-1.2018892765045166
1790028958808081700,3.73808154296875,-0.5099649429321289,-0.06464344263076782,-1.3551181554794312
1790028958838111000,3.768111083984375,-1.558625340461731,-0.040701430290937424,-1.4221558570861816
1790028958868232000,3.79823193359375,-1.9345149993896484,-0.5793967843055725,1.5969325304031372
1790028958888251400,3.81825146484375,-1.522712230682373,0.19393034279346466,-2.0614075660705566
1790028958908332000,3.83833203125,-0.7852981686592102,-0.5123591423034668,-0.009576806798577309
1790028958938361300,3.868361328125,-0.706289529800415,-0.8020575642585754,0.7661445140838623
1790028958958411300,3.888411376953125,0.8978256583213806,-1.965639591217041,2.894589900970459
1790028958968421000,3.898421142578125,0.8236053586006165,0.28730419278144836,1.1420341730117798
1790028958988501800,3.918501708984375,-3.3949780464172363,3.021482467651367,-3.026270866394043
1790028958998511400,3.928511474609375,-4.967968463897705,1.434126853942871,-1.9847931861877441
1790028959008521200,3.938521240234375,-4.5825018882751465,-0.035913024097681046,-0.1149216815829277
1790028959048590800,3.9785908203125,-3.5697548389434814,1.1803414821624756,-3.2345664501190186
1790028959058631200,3.988631103515625,-3.7828385829925537,0.40940847992897034,-1.4532804489135742
1790028959078742000,4.008741943359375,-2.315192937850952,-0.42616790533065796,0.29209262132644653
1790028959088751900,4.018751953125,-1.137245774269104,0.20350714027881622,-0.646434485912323
1790028959098792200,4.028792236328125,-1.2473790645599365,0.47884035110473633,-2.1164743900299072
1790028959108802000,4.038802001953125,-1.5849615335464478,1.0247182846069336,-2.2649147510528564
1790028959118842400,4.04884228515625,-1.7908629179000854,1.1204863786697388,-1.968033790588379
1790028959128852000,4.05885205078125,-1.9249382019042969,1.2880805730819702,-1.0295066833496094
1790028959138892300,4.068892333984375,-1.946485996246338,1.01753568649292,0.15322890877723694
1790028959148932600,4.0789326171875,-1.644816517829895,1.6759412288665771,0.3711012601852417
1790028959158942500,4.0889423828125,-1.400607943534851,1.4700398445129395,0.047884032130241394
1790028959168952000,4.0989521484375,-0.9528923034667969,1.1827356815338135,0.05506663769483566
1790028959178962000,4.1089619140625,-1.1516109704971313,1.3000515699386597,-0.2346317619085312
1790028959188971500,4.118971435546875,-1.6328455209732056,0.7374141216278076,-0.5602431893348694
1790028959229010700,4.1590107421875,-0.730231523513794,0.5817909836769104,0.9193734526634216
1790028959309150000,4.23914990234375,-1.0606313943862915,0.9911994934082031,-0.19871874153614044
1790028959349280500,4.279280517578125,0.3734954595565796,1.3670891523361206,-1.0462661981582642
1790028959359351300,4.289351318359375,0.20350714027881622,1.6065093278884888,-1.1827356815338135
1790028959369361200,4.299361083984375,-0.12449848651885986,1.3910311460494995,-1.1013327836990356
1790028959379370800,4.309370849609375,-0.29209262132644653,1.3407529592514038,-1.1875240802764893
1790028959389380600,4.319380615234375,-0.3064578175544739,1.4628572463989258,-1.3263877630233765
1790028959399390200,4.32939013671875,-0.5147533416748047,1.7693150043487549,-1.290474772453308
1790028959409430500,4.339430419921875,-0.7182605266571045,2.1523873805999756,-1.1013327836990356
1790028959419440400,4.3494404296875,-0.4118026793003082,2.3726539611816406,-0.4812345504760742
1790028959429450200,4.3594501953125,0.12689268589019775,2.3247697353363037,-0.5530605912208557
1790028959439490600,4.369490478515625,0.0933738648891449,2.1380221843719482,-1.115697979927063
1790028959449500200,4.379500244140625,-0.2825157940387726,1.6160861253738403,-1.314416766166687
1790028959459540500,4.38954052734375,-0.7469909191131592,1.091755986213684,-1.0678139925003052
1790028959469550300,4.39955029296875,-0.8044517636299133,0.47165772318840027,-0.6584054827690125
1790028959479590700,4.409590576171875,-0.8044517636299133,0.2513911724090576,-0.811634361743927
1790028959489600300,4.419600341796875,-0.4620809257030487,-0.5889736413955688,-1.036689281463623
1790028959509650400,4.439650390625,0.3687070608139038,-1.015141487121582,-1.577778935432434
1790028959539771100,4.469771240234375,-1.3407529592514038,1.2856862545013428,-1.7549498081207275
1790028959549781000,4.479781005859375,-2.1763293743133545,1.8938134908676147,-0.5578489899635315
1790028959569800400,4.499800537109375,-1.5514427423477173,2.628833532333374,1.0821791887283325
1790028959599829800,4.529829833984375,1.1851298809051514,-0.2537853717803955,-0.17238251864910126
1790028959609839600,4.539839599609375,0.24660277366638184,-0.23702596127986908,-0.5434837937355042
1790028959649939700,4.579939697265625,-1.0965443849563599,-0.026336219161748886,-0.09816227108240128
1790028959669989600,4.59998974609375,0.6200982332229614,-0.18914192914962769,-0.12449848651885986
1790028959690039800,4.620039794921875,-0.5626373887062073,0.6560112833976746,-0.9744400978088379
1790028959720160500,4.650160400390625,-1.5442601442337036,0.22266076505184174,-0.17238251864910126
1790028959770240000,4.700239990234375,-0.629675030708313,0.31124621629714966,-0.33279404044151306
1790028959850470700,4.780470703125,-0.6823474764823914,-0.3519476354122162,0.5985504388809204
1790028959870520800,4.800520751953125,-1.3670891523361206,-0.49559974670410156,-0.4213795065879822
1790028959890540300,4.820540283203125,-1.115697979927063,-1.161187767982483,-0.706289529800415
1790028959930640400,4.860640380859375,0.20111294090747833,-0.05985504388809204,0.40222588181495667
1790028959960730600,4.890730712890625,-0.016759412363171577,-1.036689281463623,-0.031124621629714966
1790028959970740500,4.900740478515625,0.047884032130241394,-0.9074024558067322,-0.1364694982767105
1790028960000830700,4.930830810546875,0.0454898327589035,-0.5770025849342346,0.6416460275650024
1790028960081031000,5.011031005859375,-0.1149216815829277,-0.26096799969673157,0.4141969084739685
1790028960141120000,5.0711201171875,-0.5985504388809204,-0.9002198576927185,1.50355863571167
1790028960201239800,5.13123974609375,-0.5626373887062073,-0.9528923034667969,0.24420857429504395
1790028960241370400,5.171370361328125,0.4596867263317108,-0.6177040338516235,1.4748282432556152
1790028960251410700,5.18141064453125,0.5315127968788147,-0.23942017555236816,0.8906430602073669
1790028960261420300,5.191420166015625,1.0797849893569946,-0.031124621629714966,0.5339069962501526
1790028960281470500,5.211470458984375,1.4724340438842773,-0.2346317619085312,1.1061211824417114
1790028960291480000,5.22147998046875,1.1827356815338135,-0.5506663918495178,1.5394717454910278
1790028960301490000,5.231489990234375,0.8307880163192749,-0.38546648621559143,1.7190368175506592
1790028960311499800,5.241499755859375,0.7038952708244324,-0.24420857429504395,1.2282254695892334
1790028960321570600,5.251570556640625,0.7733271718025208,-0.33039984107017517,0.9768342971801758
1790028960331580200,5.261580078125,0.7924807667732239,-0.5315127968788147,1.0319008827209473
1790028960401740300,5.331740234375,0.2968810200691223,-0.37828385829925537,0.7038952708244324
1790028960441840400,5.37184033203125,-0.07182604819536209,-0.363918662071228,1.1013327836990356
1790028960451880400,5.38188037109375,0,-0.6703764796257019,1.1468225717544556
1790028960502020900,5.432020751953125,-0.4596867263317108,-0.7230489253997803,1.1061211824417114
1790028960532141800,5.462141845703125,-0.19632454216480255,-0.8858546018600464,0.5722141861915588
1790028960562262500,5.492262451171875,-0.5003881454467773,-0.5674257874488831,0.047884032130241394
1790028960622382300,5.55238232421875,0.6009446382522583,0.0454898327589035,-0.23942017555236816
1790028960642432300,5.572432373046875,0.871489405632019,0.040701430290937424,0.6823474764823914
1790028960672522800,5.602522705078125,0.3687070608139038,-0.6512228846549988,1.0462661981582642
1790028960682563000,5.61256298828125,0.11971008777618408,-0.6177040338516235,1.015141487121582
1790028960692572700,5.62257275390625,0.06464344263076782,-0.38307225704193115,0.9888052940368652
1790028960712622800,5.642622802734375,0.11252748221158981,-0.7565677165985107,0.7254431247711182
1790028960722632400,5.652632568359375,-0.10295066982507706,-0.9816226959228516,1.0414776802062988
1790028960732642300,5.662642333984375,-0.2082955539226532,-1.0821791887283325,1.3958195447921753
1790028960782782700,5.71278271484375,-0.8547300100326538,-0.8236053586006165,1.2473790645599365
1790028960792792300,5.722792236328125,-0.6727706789970398,-1.0558429956436157,1.2042834758758545
1790028960802802200,5.73280224609375,-0.507570743560791,-1.2401964664459229,1.158793568611145
1790028960812781600,5.742781494140625,-0.3423708379268646,-1.2713210582733154,1.37906014919281
1790028960822821600,5.752821533203125,-0.4692635238170624,-1.4628572463989258,1.7908629179000854
1790028960832831500,5.76283154296875,-0.8427590131759644,-1.5155296325683594,1.8626888990402222
1790028960842871800,5.772871826171875,-0.8427590131759644,-1.2497732639312744,1.580173134803772
1790028960902991400,5.832991455078125,-0.6320692300796509,-1.1204863786697388,1.7046716213226318
1790028960913001200,5.843001220703125,-0.9026140570640564,-1.2617442607879639,2.0231003761291504
1790028960923041500,5.85304150390625,-0.9816226959228516,-1.5969325304031372,2.4420857429504395
1790028960933051100,5.863051025390625,-0.9768342971801758,-1.702277421951294,2.655169725418091
1790028960953101300,5.883101318359375,-1.2425906658172607,-1.4844050407409668,1.5658079385757446
1790028961003241700,5.93324169921875,-1.9273324012756348,-1.4700398445129395,1.161187767982483
1790028961013251300,5.943251220703125,-1.599326729774475,-1.37906014919281,1.4772224426269531
1790028961023291600,5.953291748046875,-1.45806884765625,-1.359906554222107,1.968033790588379
1790028961033301500,5.963301513671875,-1.5753847360610962,-0.9433154463768005,1.766920804977417
1790028961043341800,5.973341796875,-1.4413094520568848,0.19632454216480255,0.9840168952941895
1790028961053351400,5.983351318359375,-1.137245774269104,1.4221558570861816,0.47405192255973816
1790028961063361300,5.993361328125,-0.730231523513794,1.0223240852355957,1.4748282432556152
1790028961083411500,6.013411376953125,-0.21547815203666687,-1.9033904075622559,1.039083480834961
1790028961093421000,6.023421142578125,0.15562310814857483,-2.1092917919158936,-0.07900865375995636
1790028961103431000,6.033430908203125,0.3256114423274994,-1.1899182796478271,-0.4668693244457245
1790028961113471200,6.04347119140625,0.07900865375995636,-0.49559974670410156,-0.586579442024231
1790028961123480800,6.053480712890625,-0.011971008032560349,-0.0071826050989329815,-0.8403648138046265
1790028961133521200,6.063521240234375,-0.10534487664699554,-0.11013327538967133,0.11013327538967133
1790028961143561500,6.0735615234375,-0.4165911078453064,-0.5123591423034668,0.9361328482627869
1790028961153601800,6.083601806640625,-0.6009446382522583,-0.8188169598579407,0.8427590131759644
1790028961163642000,6.09364208984375,-0.6512228846549988,-0.7469909191131592,0.43095630407333374
1790028961173651700,6.103651611328125,-0.5099649429321289,-1.0414776802062988,0.16759411990642548
1790028961193702000,6.123701904296875,-0.42377370595932007,-0.7661445140838623,0.5003881454467773
1790028961203711700,6.133711669921875,-0.5267243981361389,-0.40462008118629456,0.586579442024231
1790028961213782500,6.143782470703125,-0.6488286852836609,0,0.18914192914962769
1790028961223792000,6.153792236328125,-0.6105214357376099,-0.5770025849342346,0.7924807667732239
1790028961233832400,6.16383251953125,-0.6751648783683777,-0.9289502501487732,1.1994950771331787
1790028961243842300,6.17384228515625,-0.8547300100326538,-0.4692635238170624,-0.19632454216480255
1790028961253882600,6.183882568359375,-0.7422025203704834,-0.44532153010368347,-0.7589619159698486
1790028961263892200,6.193892333984375,-0.6799532771110535,-0.4596867263317108,-0.14365209639072418
1790028961273932500,6.2039326171875,-0.8355764150619507,-1.1659762859344482,0.849941611289978
1790028961324012000,6.254011962890625,0,0.7015010714530945,0.4165911078453064
1790028961334021600,6.264021728515625,0.18914192914962769,0.2346317619085312,1.6855180263519287
1790028961364112100,6.294112060546875,-0.8092401623725891,-1.3455413579940796,-0.10055647045373917
1790028961374121700,6.304121826171875,-0.9457096457481384,-1.7477672100067139,0.15322890877723694
1790028961384131600,6.314131591796875,-0.8427590131759644,-1.764526605606079,0.44771572947502136
1790028961394141400,6.324141357421875,-0.8092401623725891,0.933738648891449,-1.6112977266311646
1790028961434241500,6.364241455078125,-0.6703764796257019,-0.8930372595787048,0.21547815203666687
1790028961444251100,6.374251220703125,-0.021547814831137657,-0.4884171485900879,1.1348515748977661
1790028961454291500,6.38429150390625,-0.0454898327589035,-1.1516109704971313,0.790086567401886
1790028961514411000,6.444410888671875,-1.192312479019165,0.2561795711517334,0.49559974670410156
1790028961594580700,6.524580810546875,-1.3742717504501343,0.5913678407669067,-0.5027823448181152
1790028961604590600,6.534590576171875,-1.6735470294952393,1.0749965906143188,-0.6488286852836609
1790028961614631000,6.544630859375,-1.113303780555725,0.9074024558067322,-1.1300631761550903
1790028961624640500,6.554640625,-0.6177040338516235,1.3000515699386597,-1.5275006294250488
1790028961634650400,6.564650390625,-0.8379706144332886,1.5179238319396973,-1.3982137441635132
1790028961644660200,6.57466015625,-1.1180921792984009,1.7286136150360107,-1.6041151285171509
1790028961654700300,6.5847001953125,-1.158793568611145,0.7876923680305481,-1.414973258972168
1790028961664740600,6.59474072265625,-0.7996633648872375,0.43335050344467163,-0.8044517636299133
1790028961674781000,6.604781005859375,-0.35434186458587646,0.8762778043746948,-0.47405192255973816
1790028961684790800,6.614790771484375,-0.6512228846549988,1.601720929145813,-1.0654197931289673
1790028961734931200,6.66493115234375,-0.2298433631658554,2.161964178085327,0.5913678407669067
1790028961805060600,6.735060546875,-0.5099649429321289,1.721431016921997,0.07900865375995636
1790028961845160700,6.77516064453125,0.7781155705451965,0.45489832758903503,-0.6272808313369751
1790028961855231500,6.7852314453125,0.6392518281936646,0.8188169598579407,-0.44532153010368347
1790028961865271800,6.795271728515625,0.40462008118629456,1.5705963373184204,-0.30885201692581177
1790028961875281400,6.805281494140625,0.17238251864910126,1.702277421951294,-0.47644615173339844
1790028961885291300,6.815291259765625,0.2082955539226532,1.2856862545013428,-0.6607996821403503
1790028961895300900,6.82530078125,0.3280056416988373,1.4293384552001953,-1.3862427473068237
1790028961905310700,6.835310791015625,-0.1388636976480484,1.3311761617660522,-2.1978771686553955
1790028961915320600,6.845320556640625,-0.24420857429504395,1.1563993692398071,-1.436521053314209
1790028961945380400,6.87538037109375,0.1604115068912506,1.0534487962722778,0.4908113479614258
1790028961965430300,6.89543017578125,-0.3758896589279175,1.4652514457702637,-1.5394717454910278
1790028961975470600,6.905470703125,-0.7493851184844971,1.2952631711959839,-1.7525556087493896
1790028961985511000,6.915510986328125,-0.9552865028381348,1.3551181554794312,-1.5873557329177856
1790028961995520800,6.925520751953125,-0.9385270476341248,0.7182605266571045,-1.1683704853057861
1790028962005591600,6.935591552734375,-0.6871358752250671,0.13407529890537262,-0.2777273952960968
1790028962015632000,6.9456318359375,-0.5578489899635315,-0.05506663769483566,-0.35434186458587646
1790028962025641500,6.955641357421875,-0.3998316824436188,0,-1.115697979927063
1790028962045661200,6.9756611328125,-0.6847416758537292,1.8195933103561401,-2.3104045391082764
1790028962055670800,6.9856708984375,-1.4101848602294922,2.3247697353363037,-2.6024973392486572
1790028962065741600,6.995741455078125,-1.9536685943603516,1.3551181554794312,-1.601720929145813
1790028962135871000,7.06587109375,-0.7206547260284424,0.30885201692581177,-1.7166426181793213
1790028962155890700,7.085890625,0.6368576288223267,-0.6799532771110535,0.36152446269989014
1790028962185981000,7.11598095703125,0.5554547905921936,0.11971008777618408,-0.35913026332855225
1790028962226020000,7.15602001953125,0.49559974670410156,-0.667982280254364,-1.0821791887283325
1790028962236091000,7.1660908203125,0.8882488012313843,-0.1867477297782898,-0.3471592366695404
1790028962246100500,7.1761005859375,0.9696516990661621,0.13407529890537262,-0.20350714027881622
1790028962256140800,7.186140869140625,1.1899182796478271,0.19871874153614044,-0.3280056416988373
1790028962266150700,7.196150634765625,1.1061211824417114,1.0534487962722778,-0.5554547905921936
1790028962276160300,7.20616015625,0.8331822156906128,0.8978256583213806,-0.8786720037460327
1790028962296241000,7.226240966796875,0.16998831927776337,0,-0.5410895943641663
1790028962316260400,7.24626025390625,0.17477671802043915,-0.545877993106842,0.28730419278144836
1790028962326239700,7.25623974609375,0.06464344263076782,-0.2753331959247589,-0.49320554733276367
1790028962396460500,7.32646044921875,0.5554547905921936,-0.7182605266571045,0.7829039692878723
1790028962446570500,7.376570556640625,0.30885201692581177,0.07422025501728058,-0.3663128614425659
1790028962466620700,7.39662060546875,-0.040701430290937424,-1.1324573755264282,0.5195417404174805
1790028962476630300,7.40663037109375,0.08379705995321274,-1.4987702369689941,1.3000515699386597
1790028962486670600,7.416670654296875,0.5339069962501526,-1.2761094570159912,0.9959878921508789
1790028962496711000,7.4267109375,0.7972691655158997,-0.7613561153411865,0.33758243918418884
1790028962506720800,7.436720703125,0.8212111592292786,-0.35673606395721436,-0.19393034279346466
1790028962516730400,7.44673046875,0.5937620401382446,-0.014365210197865963,-0.38067805767059326
1790028962526770700,7.456770751953125,0.524330198764801,-0.09576806426048279,0
1790028962546820900,7.47682080078125,0.6416460275650024,-0.6440402865409851,1.479616641998291
1790028962556861000,7.48686083984375,0.9002198576927185,-0.6584054827690125,1.7094600200653076
1790028962566932000,7.496931884765625,1.0606313943862915,-0.5985504388809204,1.1994950771331787
1790028962576941600,7.506941650390625,1.0606313943862915,-0.43095630407333374,0.5386953949928284
1790028962586951400,7.516951416015625,0.8954314589500427,-0.35434186458587646,0.19393034279346466
1790028962606971000,7.536970947265625,0.4884171485900879,-0.7709329724311829,0.5434837937355042
1790028962617011200,7.54701123046875,0.6200982332229614,-0.30885201692581177,0.17956513166427612
1790028962657172200,7.587172119140625,0.9959878921508789,-0.38067805767059326,1.6639702320098877
1790028962667212500,7.597212646484375,0.8762778043746948,-0.1628057211637497,0.7757213711738586
1790028962707373800,7.637373779296875,0.8475474119186401,-0.4189853072166443,0.16519992053508759
1790028962717383400,7.647383544921875,1.1875240802764893,-0.4644751250743866,0.0454898327589035
1790028962747412700,7.677412841796875,0.790086567401886,-0.6200982332229614,1.2306196689605713
1790028962757483500,7.6874833984375,0.7829039692878723,-0.22744916379451752,0.5171475410461426
1790028962767463000,7.697462890625,0.9552865028381348,-0.14604631066322327,0.09816227108240128
1790028962777533700,7.70753369140625,1.0414776802062988,-0.4812345504760742,0.15801730751991272
1790028962787543300,7.717543212890625,0.7709329724311829,-1.0654197931289673,0.9050082564353943
1790028962797553200,7.72755322265625,0.2992752194404602,-0.8762778043746948,1.2689268589019775
1790028962807593500,7.737593505859375,0.09816227108240128,-0.40222588181495667,0.5722141861915588
1790028962817603300,7.747603271484375,0.3926490843296051,-0.4620809257030487,0.4692635238170624
1790028962827643400,7.757643310546875,0.6177040338516235,-0.33758243918418884,0.5051765441894531
1790028962877723000,7.807722900390625,0.49559974670410156,-0.5602431893348694,0.9768342971801758
1790028962887732700,7.817732666015625,0.7972691655158997,-0.8140285611152649,1.0462661981582642
1790028962897742300,7.827742431640625,0.6009446382522583,-0.8547300100326538,1.4484920501708984
1790028962907752200,7.837752197265625,0.49320554733276367,-0.6272808313369751,1.3263877630233765
1790028962917761800,7.84776171875,0.3734954595565796,-0.3687070608139038,0.9624691009521484
1790028962927771600,7.857771728515625,0.4357447028160095,-0.5841852426528931,0.8164227604866028
1790028962937812000,7.86781201171875,0.2298433631658554,-0.8044517636299133,0.9433154463768005
1790028962947821800,7.87782177734375,-0.06464344263076782,-0.8595184087753296,0.7757213711738586
1790028962957831400,7.88783154296875,0.09816227108240128,-0.7326257228851318,0.6967126727104187
1790028962967841300,7.89784130859375,0.40462008118629456,-0.4812345504760742,0.47884035110473633
1790028962977881600,7.907881591796875,0.5506663918495178,-0.3519476354122162,0.5674257874488831
1790028962997901000,7.927901123046875,0.09816227108240128,-0.4357447028160095,1.1516109704971313
1790028963007911000,7.937910888671875,0.0071826050989329815,-0.38546648621559143,0.9696516990661621
1790028963017920500,7.94792041015625,0.002394201699644327,-0.5051765441894531,0.7733271718025208
1790028963038001200,7.968001220703125,0.17956513166427612,-0.5386953949928284,0.8092401623725891
1790028963048011000,7.978010986328125,0.13407529890537262,-0.47165772318840027,0.8451532125473022
1790028963058020600,7.9880205078125,0.17717093229293823,-0.36152446269989014,0.5913678407669067
1790028963108130600,8.038130615234374,0.8619126081466675,0.033518824726343155,1.1085153818130493
1790028963178290400,8.10829052734375,0.26336219906806946,0.0071826050989329815,0.06703764945268631
1790028963188300300,8.11830029296875,0.30885201692581177,0.16519992053508759,0.14844051003456116
1790028963198310000,8.128309814453125,0.1843535304069519,-0.023942016065120697,0.3974374830722809
1790028963208350200,8.13835009765625,-0.1604115068912506,-0.3447650372982025,0.6847416758537292
1790028963218390500,8.148390625,-0.33997663855552673,-0.4692635238170624,0.828393816947937
1790028963228430800,8.158430908203124,-0.10773907601833344,-0.31603461503982544,0.47405192255973816
1790028963238440700,8.168440673828124,-0.023942016065120697,-0.5889736413955688,0.4357447028160095
1790028963268470000,8.198469970703124,-0.26815059781074524,-0.3663128614425659,0.47405192255973816
1790028963278479600,8.208479736328124,-0.08858546614646912,-0.2849099934101105,0.3471592366695404
1790028963288550400,8.21855029296875,0.21787235140800476,-0.2059013396501541,0.18914192914962769
1790028963298560300,8.228560302734374,0.002394201699644327,-0.07900865375995636,0.24660277366638184
1790028963308600600,8.2386005859375,-0.14604631066322327,-0.2753331959247589,0.4836287498474121
1790028963318641000,8.248640869140624,-0.3280056416988373,-0.33279404044151306,0.5027823448181152
1790028963328650500,8.258650390625,-0.5027823448181152,-0.363918662071228,0.4405331015586853
1790028963338660400,8.268660400390624,-0.4572925269603729,-0.35434186458587646,0.36152446269989014
1790028963398841000,8.328841064453124,-0.4213795065879822,-0.5770025849342346,0.2059013396501541
1790028963408881400,8.33888134765625,-0.42856210470199585,-0.6488286852836609,0.395043283700943
1790028963418921500,8.34892138671875,-0.5339069962501526,-0.6919242739677429,0.5291185975074768
1790028963439002000,8.369002197265624,-0.2825157940387726,-0.07422025501728058,0.6943184733390808
1790028963449012000,8.379011962890624,0.0933738648891449,-0.28730419278144836,0.8044517636299133
1790028963459052300,8.38905224609375,0.24899697303771973,-0.5602431893348694,1.036689281463623
1790028963519202300,8.449202392578124,-0.3495534360408783,-0.304063618183136,1.1085153818130493
1790028963589423400,8.51942333984375,-0.9552865028381348,-1.0103530883789062,1.2210428714752197
1790028963599433000,8.529432861328125,-0.6871358752250671,-0.6224924325942993,1.0247182846069336
1790028963609473300,8.539473388671874,-0.45489832758903503,-0.5410895943641663,1.158793568611145
1790028963619513600,8.549513671875,-0.5171475410461426,-0.6991068720817566,1.216254472732544
1790028963629554000,8.559553955078124,-1.0534487962722778,-0.9624691009521484,1.0797849893569946
1790028963639594200,8.56959423828125,-1.37906014919281,-1.1516109704971313,0.9457096457481384
1790028963649634600,8.579634521484374,-1.4532804489135742,-0.8738836050033569,0.8188169598579407
1790028963659644200,8.58964404296875,-1.2665326595306396,-0.8236053586006165,0.7661445140838623
1790028963669654000,8.599654052734374,-1.0582371950149536,-0.8738836050033569,1.2042834758758545
1790028963679694300,8.6096943359375,-1.0845733880996704,-0.9385270476341248,1.9129672050476074
1790028963709754000,8.639754150390624,-1.0845733880996704,-0.42377370595932007,1.173158884048462
1790028963719764000,8.649763916015624,-0.8738836050033569,-0.5003881454467773,0.9864110946655273
1790028963729773600,8.659773681640624,-0.7206547260284424,-0.4884171485900879,0.6153098344802856
1790028963739783400,8.669783447265624,-0.7924807667732239,-0.7469909191131592,1.0965443849563599
1790028963749793300,8.679793212890624,-1.2425906658172607,-0.5889736413955688,1.3287819623947144
1790028963759803000,8.689802978515624,-1.3910311460494995,-0.6512228846549988,1.3120225667953491
1790028963840003000,8.770003173828124,-1.4221558570861816,-0.9289502501487732,0.871489405632019
1790028963860053200,8.79005322265625,-1.656787633895874,-0.5339069962501526,-0.6200982332229614
1790028963870062800,8.800062744140625,-1.1324573755264282,-0.7110779285430908,-0.11252748221158981
1790028963880072700,8.81007275390625,-0.8188169598579407,-0.5003881454467773,0.18914192914962769
1790028963900123000,8.830122802734374,-0.912190854549408,0.08858546614646912,-0.2513911724090576
1790028963910132500,8.840132568359374,-1.0031704902648926,-0.10534487664699554,-0.5650315880775452
1790028963920142300,8.850142333984374,-1.0319008827209473,-0.4836287498474121,-0.6224924325942993
1790028963930152000,8.86015185546875,-0.8930372595787048,-1.2976573705673218,-0.19393034279346466
1790028963940192300,8.870192138671875,-1.1204863786697388,-1.3694833517074585,1.0223240852355957
1790028963970313200,8.900313232421874,-0.2298433631658554,0.5003881454467773,-1.1994950771331787
1790028963980323000,8.910322998046874,-0.45250412821769714,-0.011971008032560349,0.021547814831137657
1790028964010382800,8.9403828125,-0.31842881441116333,-3.045424461364746,1.5969325304031372
1790028964040442600,8.970442626953124,-0.545877993106842,2.6384103298187256,-0.21308395266532898
1790028964050452200,8.9804521484375,-1.6950948238372803,3.8594532012939453,-0.3447650372982025
1790028964070563300,9.000563232421875,-1.5729905366897583,-0.5482721924781799,0.9840168952941895
1790028964080573200,9.0105732421875,-1.1085153818130493,-0.5841852426528931,0.37828385829925537
1790028964090613500,9.020613525390624,-0.5099649429321289,-0.5793967843055725,-0.12928688526153564
1790028964110663400,9.040663330078125,-0.8595184087753296,-0.3064578175544739,-0.4620809257030487
1790028964140692700,9.070692626953125,-1.6639702320098877,-0.4118026793003082,0.3519476354122162
1790028964150702600,9.08070263671875,-1.0678139925003052,-0.4381389021873474,0.3256114423274994
1790028964160743000,9.090742919921874,-0.47644615173339844,-0.5123591423034668,-0.10534487664699554
1790028964180762400,9.110762451171874,-0.33997663855552673,-0.3471592366695404,-0.12449848651885986
1790028964190772200,9.120772216796874,-0.8427590131759644,0.8188169598579407,-0.7015010714530945
1790028964200812500,9.1308125,-1.5849615335464478,1.37906014919281,-1.1348515748977661
1790028964220893000,9.150892822265625,-1.6089035272598267,1.2761094570159912,-0.8427590131759644
1790028964230933200,9.160933349609374,-0.7829039692878723,0.586579442024231,-0.36152446269989014
1790028964240943000,9.170943115234374,-0.4644751250743866,0.047884032130241394,-0.42377370595932007
1790028964250953000,9.180952880859374,-1.0031704902648926,0.016759412363171577,-0.10295066982507706
1790028964260962600,9.190962646484374,-1.4245500564575195,0.33279404044151306,-0.19632454216480255
1790028964270972400,9.200972412109374,-1.1563993692398071,0.2968810200691223,-1.0271124839782715
1790028964280982000,9.21098193359375,-0.3734954595565796,-0.16519992053508759,-1.070208191871643
1790028964331153200,9.261153076171874,-0.9097966551780701,-0.4644751250743866,-0.090979665517807
1790028964341162800,9.271162841796874,-0.31603461503982544,-0.8259995579719543,-0.08858546614646912
1790028964351172600,9.281172607421874,-0.1867477297782898,-0.0694318488240242,-0.3663128614425659
1790028964371222500,9.301222412109375,-1.6352397203445435,-0.3519476354122162,-0.5626373887062073
1790028964381202000,9.311201904296874,-2.0159177780151367,-0.1412578970193863,-0.38546648621559143
1790028964391242200,9.3212421875,-1.7956513166427612,0.047884032130241394,-0.40701428055763245
1790028964401251800,9.331251953125,-1.556231141090393,0.08858546614646912,-0.38067805767059326
1790028964411292200,9.341292236328124,-1.3335703611373901,0.5291185975074768,0.17477671802043915
1790028964421302000,9.351302001953124,-1.3479355573654175,1.4053963422775269,-0.24899697303771973
1790028964431311600,9.3613115234375,-1.2976573705673218,1.6424223184585571,-0.3687070608139038
1790028964441321500,9.371321533203124,-0.9481038451194763,0.5889736413955688,-0.19871874153614044
1790028964461341000,9.3913408203125,-1.3311761617660522,1.4891934394836426,-0.033518824726343155
1790028964471350800,9.401350830078124,-1.3431471586227417,0.31364041566848755,0.5770025849342346
1790028964481391000,9.41139111328125,-0.9816226959228516,1.1324573755264282,0.3519476354122162
1790028964511390000,9.441389892578124,-0.768538773059845,1.3527239561080933,-0.4429273009300232
1790028964551520500,9.4815205078125,-0.36152446269989014,2.2409727573394775,-0.14844051003456116
1790028964581549800,9.5115498046875,-0.42377370595932007,1.4700398445129395,0.6129156351089478
1790028964591559400,9.521559326171875,-0.028730420395731926,1.778891921043396,-0.1628057211637497
1790028964601569300,9.5315693359375,0.24660277366638184,1.1899182796478271,-1.1013327836990356
1790028964611609600,9.541609619140624,0.49559974670410156,1.1037269830703735,-0.790086567401886
1790028964621650000,9.55164990234375,0.19153612852096558,1.3048399686813354,-1.015141487121582
1790028964651679200,9.58167919921875,-0.586579442024231,0.790086567401886,0.05027823522686958
1790028964661688800,9.591688720703125,-0.040701430290937424,-0.09576806426048279,1.094150185585022
1790028964671698700,9.60169873046875,0.4812345504760742,0.5626373887062073,0.9481038451194763
1790028964681708500,9.61170849609375,0.2106897532939911,0.5027823448181152,-0.1388636976480484
1790028964691718100,9.62171826171875,-0.19871874153614044,0.2513911724090576,-0.6967126727104187
1790028964701758500,9.631758544921874,-0.6727706789970398,0.1364694982767105,-0.6943184733390808
1790028964711768300,9.641768310546874,-0.8451532125473022,-0.10534487664699554,-0.3974374830722809
1790028964731818200,9.661818359375,-0.31364041566848755,-0.3232172429561615,0.545877993106842
1790028964741828000,9.671828125,0.16998831927776337,-0.828393816947937,0.4644751250743866
1790028964751838000,9.681837890625,0.5219359993934631,-0.3902548849582672,-0.040701430290937424
1790028964761847600,9.69184765625,0.4836287498474121,0.7876923680305481,-1.3120225667953491
1790028964771887900,9.701887939453124,-0.5267243981361389,1.5610195398330688,-1.8315643072128296
1790028964781897700,9.711897705078124,-1.0893617868423462,1.6112977266311646,-0.6991068720817566
1790028964791907300,9.7219072265625,-1.2234370708465576,1.2066776752471924,0.33997663855552673
1790028964801886700,9.73188671875,-0.49799394607543945,0.42856210470199585,0.9074024558067322
1790028964811927000,9.741927001953124,0.6057330369949341,0.1628057211637497,0.23942017555236816
1790028964821967400,9.75196728515625,1.338358759880066,0.19393034279346466,-1.400607943534851
1790028964842017300,9.772017333984374,-0.06464344263076782,2.3032219409942627,-1.5322890281677246
1790028964852057600,9.7820576171875,-1.0869675874710083,2.7700912952423096,-0.7230489253997803
1790028964862067500,9.7920673828125,-1.534683346748352,1.9081788063049316,0.3423708379268646
1790028964872107500,9.802107421875,-1.2449848651885986,0.8547300100326538,0.5434837937355042
1790028964882117400,9.812117431640624,-0.4836287498474121,0.4668693244457245,-0.2322375625371933
1790028964892096500,9.822096435546875,0.35434186458587646,-0.3447650372982025,-0.849941611289978
1790028964902136800,9.83213671875,0.7589619159698486,-0.667982280254364,-0.751779317855835
1790028964912146700,9.842146728515624,0.5315127968788147,-0.004788403399288654,-0.30885201692581177
1790028964922156500,9.852156494140624,0.3232172429561615,0.3926490843296051,-0.10773907601833344
1790028964932166100,9.862166259765624,0.1628057211637497,0.45250412821769714,0.1628057211637497
1790028964952185900,9.882185791015624,0.3232172429561615,0.3519476354122162,-1.1061211824417114
1790028964962226000,9.892225830078125,-0.004788403399288654,0.8403648138046265,-2.3798365592956543
1790028964982276000,9.912276123046874,-0.9193734526634216,0.4596867263317108,-1.2258312702178955
1790028964992286000,9.922285888671874,-0.8403648138046265,0.42616790533065796,0.2082955539226532
1790028965012335900,9.9423359375,-0.12928688526153564,-0.24181437492370605,1.1563993692398071
1790028965022345700,9.952345703125,-0.07422025501728058,-0.3878606855869293,0.16519992053508759
1790028965032355300,9.962355224609375,-0.3423708379268646,-0.524330198764801,-0.8858546018600464
1790028965042365200,9.972365234375,-0.7805097699165344,-0.5506663918495178,-1.7860745191574097
1790028965052375000,9.982375,-1.161187767982483,0.2825157940387726,-2.698265314102173
1790028965062384600,9.992384521484375,-1.4772224426269531,0.7326257228851318,-3.2178070545196533
1790028965072394500,10.00239453125,-1.314416766166687,0.4884171485900879,-2.274491548538208
1790028965082434800,10.012434814453124,-0.8667010068893433,0.10295066982507706,-0.6416460275650024
1790028965102484700,10.032484619140625,-0.47165772318840027,-0.629675030708313,0.8164227604866028
1790028965112494600,10.04249462890625,-0.24420857429504395,-0.3758896589279175,-0.10055647045373917
1790028965132544500,10.06254443359375,-0.19153612852096558,0.4884171485900879,-2.051830768585205
1790028965142584800,10.072584716796875,-0.5315127968788147,0.5291185975074768,-2.0805611610412598
1790028965172705800,10.102705810546874,0.5841852426528931,-0.6703764796257019,0.6488286852836609
1790028965182746000,10.11274609375,1.091755986213684,-1.5514427423477173,1.6208745241165161
1790028965192755700,10.122755615234375,1.5634137392044067,-0.31124621629714966,1.479616641998291
1790028965272895000,10.20289501953125,0.6751648783683777,-0.6009446382522583,0.7493851184844971
1790028965282904800,10.21290478515625,-0.1149216815829277,-0.8236053586006165,0.37828385829925537
1790028965292914400,10.22291455078125,-0.4620809257030487,-0.811634361743927,0.3998316824436188
1790028965332984000,10.262984130859374,-0.3711012601852417,-1.1180921792984009,0.21547815203666687
1790028965403144000,10.33314404296875,0.3016694188117981,-1.0438719987869263,1.8339585065841675
1790028965433173200,10.36317333984375,0.19632454216480255,-0.6272808313369751,0.4357447028160095
1790028965443213600,10.373213623046874,0.17477671802043915,-0.8331822156906128,0.2585737705230713
1790028965483283200,10.413283203125,-0.7110779285430908,-0.730231523513794,1.2713210582733154
1790028965513373400,10.44337353515625,0.4189853072166443,-0.4812345504760742,0.5410895943641663
1790028965523383300,10.45338330078125,0.3256114423274994,-0.9265560507774353,1.0797849893569946
1790028965583472400,10.513472412109374,-0.2825157940387726,-0.9169792532920837,1.1875240802764893
1790028965613501700,10.543501708984374,0.21787235140800476,-0.3495534360408783,0.12210428714752197
1790028965643592000,10.573592041015624,0.4908113479614258,-0.5315127968788147,1.6160861253738403
1790028965653601800,10.583601806640624,0.47165772318840027,-0.2992752194404602,1.3455413579940796
1790028965663642000,10.59364208984375,0.45250412821769714,-0.1173158809542656,0.2944868206977844
1790028965673651700,10.603651611328125,0.5554547905921936,-0.26815059781074524,0.20111294090747833
1790028965703711700,10.633711669921874,-0.2849099934101105,-0.6847416758537292,0.8595184087753296
1790028965713691000,10.64369091796875,-0.11252748221158981,-0.5554547905921936,0.33039984107017517
1790028965723731200,10.653731201171874,-0.13407529890537262,-0.3758896589279175,0.014365210197865963
1790028965733740800,10.66374072265625,-0.1149216815829277,-0.6368576288223267,0.22744916379451752
1790028965753791000,10.683791015625,-0.7374141216278076,-0.5410895943641663,0.12928688526153564
1790028965773810400,10.703810546875,-0.7374141216278076,-0.5602431893348694,0.016759412363171577
1790028965783820300,10.7138203125,-0.545877993106842,-0.6512228846549988,0.08858546614646912
1790028965793860600,10.723860595703124,-0.2513911724090576,-0.8307880163192749,0.09816227108240128
1790028965803870200,10.7338701171875,-0.35434186458587646,-0.8427590131759644,0.2082955539226532
1790028965813880000,10.743880126953124,-0.4213795065879822,-0.9768342971801758,0.5434837937355042
1790028965823859500,10.753859375,-0.33518823981285095,-0.7757213711738586,0.9265560507774353
1790028965833899500,10.7638994140625,-0.10773907601833344,-0.6129156351089478,1.0319008827209473
1790028965843939800,10.77393994140625,0.13407529890537262,-0.646434485912323,1.0031704902648926
1790028965853949700,10.78394970703125,0.40462008118629456,-0.6368576288223267,0.811634361743927
1790028965863990000,10.793989990234374,0.49320554733276367,-0.5171475410461426,0.689530074596405
1790028965873999600,10.80399951171875,0.3519476354122162,-0.3519476354122162,0.5961562395095825
1790028965884040000,10.8140400390625,0.12210428714752197,-0.3471592366695404,0.5985504388809204
1790028965894080300,10.824080322265624,0.2298433631658554,0.05267243832349777,0.3758896589279175
1790028965914099700,10.844099609375,0.7565677165985107,-0.3016694188117981,0.9433154463768005
1790028965924140000,10.85414013671875,0.569819986820221,-0.6799532771110535,1.4293384552001953
1790028965934150000,10.86414990234375,0.35434186458587646,-0.5746083855628967,1.3192051649093628
1790028965954169300,10.88416943359375,0.43335050344467163,0.05267243832349777,0.3758896589279175
1790028965964179200,10.89417919921875,0.6344634294509888,0.16759411990642548,-0.2753331959247589
1790028965974188800,10.904188720703125,0.15562310814857483,-0.3232172429561615,0.043095629662275314
1790028965984229000,10.91422900390625,-0.48602294921875,-0.6607996821403503,0.4908113479614258
1790028965994239000,10.924239013671874,-0.8882488012313843,-0.6512228846549988,0.2298433631658554
1790028966004248800,10.934248779296874,-0.7661445140838623,-0.5961562395095825,-0.14844051003456116
1790028966024268300,10.954268310546874,-0.1867477297782898,-0.5889736413955688,-0.1388636976480484
1790028966034278100,10.964278076171874,-0.3711012601852417,-0.6703764796257019,0.12210428714752197
1790028966064338000,10.994337890625,-0.21547815203666687,0.22744916379451752,-0.44532153010368347
1790028966084387800,11.014387939453124,0.24899697303771973,-0.1867477297782898,-0.016759412363171577
1790028966104468500,11.034468505859374,0.06703764945268631,0.090979665517807,0.2968810200691223
1790028966124488000,11.054488037109374,0.4644751250743866,-0.2992752194404602,0.6536170840263367
1790028966154578400,11.084578369140624,0.2992752194404602,-0.33279404044151306,0.5410895943641663
1790028966174658800,11.104658935546874,0.26575639843940735,-0.0694318488240242,-0.07661445438861847
1790028966184699100,11.11469921875,0.19871874153614044,-0.2753331959247589,0.1149216815829277
1790028966194709000,11.124708984375,-0.07422025501728058,-0.3471592366695404,0.3758896589279175
1790028966214728400,11.144728515625,-0.16519992053508759,-0.19153612852096558,0.2777273952960968
1790028966224768800,11.154768798828124,0.023942016065120697,-0.26096799969673157,0.5506663918495178
1790028966264868900,11.194868896484374,-0.9576807022094727,-0.6224924325942993,0.5554547905921936
1790028966274878700,11.204878662109374,-0.9313444495201111,-0.608127236366272,0.363918662071228
1790028966284949500,11.214949462890624,-0.6751648783683777,-0.646434485912323,0.23702596127986908
1790028966294989800,11.22498974609375,-0.7422025203704834,-0.7972691655158997,0.49559974670410156
1790028966304999400,11.23499951171875,-0.9696516990661621,-0.9409212470054626,0.586579442024231
1790028966325019000,11.255018798828125,-1.4101848602294922,-0.9361328482627869,0.38067805767059326
1790028966335059200,11.26505908203125,-1.2641384601593018,-0.5770025849342346,0.23702596127986908
1790028966345069000,11.275069091796874,-0.9289502501487732,-0.2992752194404602,0.1173158809542656
1790028966355109400,11.285109375,-0.395043283700943,-0.17956513166427612,0.19153612852096558
1790028966395240000,11.325239990234374,-1.0630255937576294,-0.9528923034667969,1.3479355573654175
1790028966415290000,11.3452900390625,-1.0845733880996704,-1.0797849893569946,1.290474772453308
1790028966435370500,11.36537060546875,-0.9481038451194763,-1.072602391242981,1.4293384552001953
1790028966465430300,11.39543017578125,-1.4891934394836426,-1.5490485429763794,1.9919757843017578
1790028966475470600,11.405470703125,-1.8052281141281128,-1.3479355573654175,1.659181833267212
1790028966495490300,11.425490234375,-1.7142484188079834,-1.0414776802062988,1.039083480834961
1790028966505561000,11.43556103515625,-1.5945383310317993,-0.5434837937355042,0.5961562395095825
1790028966515570700,11.44557080078125,-1.6711528301239014,-0.43335050344467163,0.33279404044151306
1790028966525580500,11.45558056640625,-1.6519991159439087,-0.8738836050033569,0.5195417404174805
1790028966535620900,11.465620849609374,-1.9608511924743652,-0.5650315880775452,0.3663128614425659
1790028966545630500,11.47563037109375,-1.7262194156646729,-0.2944868206977844,-0.08379705995321274
1790028966565680600,11.4956806640625,-1.0199298858642578,-0.6799532771110535,0.014365210197865963
1790028966575690500,11.5056904296875,-0.9983820915222168,-1.0199298858642578,0.7326257228851318
1790028966615790600,11.54579052734375,-0.5722141861915588,-0.4141969084739685,1.1683704853057861
1790028966625769700,11.555769775390624,-0.950498104095459,-0.7445967197418213,1.1683704853057861
1790028966635779600,11.565779541015624,-1.1683704853057861,-0.49559974670410156,0.33518823981285095
1790028966645789200,11.5757890625,-1.0965443849563599,-0.20350714027881622,-0.49799394607543945
1790028966655829500,11.58582958984375,-0.8355764150619507,-0.26096799969673157,0.11013327538967133
1790028966705878300,11.635878173828125,-0.9026140570640564,-0.05027823522686958,-0.2322375625371933
1790028966715857700,11.645857666015624,-0.7038952708244324,-1.0247182846069336,0.3687070608139038
1790028966725898000,11.65589794921875,-0.9241618514060974,-1.3862427473068237,1.5849615335464478
1790028966735907600,11.665907470703125,-1.2449848651885986,-1.0893617868423462,0.5482721924781799
1790028966755896600,11.685896484375,-0.6105214357376099,0.3280056416988373,-0.8858546018600464
1790028966765937000,11.69593701171875,-0.6584054827690125,-0.1364694982767105,0.18914192914962769
1790028966775946800,11.70594677734375,-0.6584054827690125,-0.7924807667732239,1.115697979927063
1790028966795996700,11.72599658203125,-0.8044517636299133,-0.8882488012313843,0.2777273952960968
1790028966826087200,11.756087158203124,-1.1755530834197998,-0.9433154463768005,-0.6631938815116882
1790028966866156800,11.79615673828125,-1.0749965906143188,-0.0071826050989329815,-0.17238251864910126
1790028966876196900,11.80619677734375,-1.1324573755264282,-0.646434485912323,-0.6631938815116882
1790028966886237200,11.8162373046875,-1.1635819673538208,-1.194706678390503,-0.2753331959247589
1790028966896277500,11.826277587890624,-0.790086567401886,-1.0893617868423462,0.4429273009300232
1790028966906317800,11.83631787109375,-0.5530605912208557,-0.6871358752250671,0.4118026793003082
1790028966976599800,11.906599853515624,-0.35913026332855225,-0.7661445140838623,1.534683346748352
1790028967016700000,11.946699951171874,-2.1811177730560303,1.7357962131500244,-1.072602391242981
1790028967026740200,11.956740234375,-1.3479355573654175,1.8579005002975464,-0.3687070608139038
1790028967036780500,11.966780517578124,-0.9289502501487732,2.145204782485962,-0.08140286058187485
1790028967046790100,11.9767900390625,-1.3239935636520386,-0.016759412363171577,0.05985504388809204
1790028967056800000,11.986800048828124,-1.7070658206939697,-2.6024973392486572,1.3096283674240112
1790028967066809900,11.996809814453124,-1.3886369466781616,-1.9249382019042969,0.8020575642585754
1790028967076850200,12.00685009765625,-1.280897855758667,-1.5275006294250488,-1.278503656387329
1790028967086859800,12.01685986328125,-1.50355863571167,0.011971008032560349,-1.5131354331970215
1790028967096869600,12.02686962890625,-1.8171991109848022,-0.011971008032560349,-1.6903064250946045
1790028967106879200,12.036879150390625,-1.1013327836990356,-0.2992752194404602,-0.7565677165985107
1790028967116889000,12.04688916015625,-0.181959331035614,0.6392518281936646,-0.05746084079146385
1790028967146948900,12.076948974609374,-1.0749965906143188,-0.24181437492370605,0.19393034279346466
1790028967156989200,12.0869892578125,-1.0127472877502441,0.36152446269989014,-0.9385270476341248
1790028967166999000,12.0969990234375,-1.2521674633026123,0.06703764945268631,-1.3886369466781616
1790028967177039400,12.107039306640624,-1.2401964664459229,1.2976573705673218,-0.8810662031173706
1790028967197058800,12.127058837890624,-2.0638017654418945,1.6927006244659424,-0.12928688526153564
1790028967257148000,12.18714794921875,-1.070208191871643,0.43335050344467163,0.2753331959247589
1790028967307288300,12.237288330078124,-0.7757213711738586,1.5945383310317993,0.7206547260284424
1790028967317328600,12.24732861328125,-0.4429273009300232,2.121262788772583,0.47644615173339844
1790028967327369000,12.257368896484374,-0.6009446382522583,1.800439715385437,0.021547814831137657
1790028967337378600,12.267378662109374,-0.4884171485900879,1.9177556037902832,-0.6177040338516235
1790028967347388400,12.277388427734374,-0.36152446269989014,1.3000515699386597,-1.6950948238372803
1790028967357398300,12.287398193359374,0.181959331035614,0.9528923034667969,-1.0199298858642578
1790028967367438300,12.297438232421875,0.507570743560791,1.702277421951294,-0.9457096457481384
1790028967377448200,12.3074482421875,0.33518823981285095,1.45806884765625,-0.7469909191131592
1790028967397467600,12.327467529296875,-0.1867477297782898,1.4293384552001953,-0.8044517636299133
1790028967407477500,12.3374775390625,-0.2585737705230713,1.2234370708465576,-0.790086567401886
1790028967417487400,12.3474873046875,-0.49320554733276367,0.5674257874488831,-0.3902548849582672
1790028967427497000,12.3574970703125,-0.21547815203666687,0.24181437492370605,0.43335050344467163
1790028967437506800,12.3675068359375,0.26096799969673157,0.10773907601833344,0.395043283700943
1790028967447516700,12.3775166015625,0.667982280254364,0.5506663918495178,-0.33518823981285095
1790028967467597000,12.39759716796875,-0.38067805767059326,0.3687070608139038,-1.1851298809051514
1790028967477637400,12.407637451171874,-0.5770025849342346,0.5003881454467773,-0.828393816947937
1790028967487647200,12.417647216796874,-0.8307880163192749,0.304063618183136,-0.33997663855552673
1790028967497687600,12.4276875,-0.5363011956214905,-0.33518823981285095,0.7182605266571045
1790028967507727600,12.4377275390625,0.035913024097681046,-0.13407529890537262,0.5913678407669067
1790028967557929200,12.48792919921875,-1.53707754611969,0.06464344263076782,-0.4884171485900879
1790028967567938800,12.497938720703125,-1.338358759880066,0.19632454216480255,0.3926490843296051
1790028967577948700,12.50794873046875,-0.7733271718025208,-0.42616790533065796,1.2401964664459229
1790028967587958500,12.51795849609375,0.507570743560791,-0.10295066982507706,1.4245500564575195
1790028967598029300,12.528029296875,1.0031704902648926,0.5147533416748047,-0.16519992053508759
1790028967618079200,12.548079345703124,-0.17477671802043915,0.4692635238170624,-1.0462661981582642
1790028967628150000,12.55814990234375,-0.8619126081466675,0.7158663272857666,-1.1180921792984009
1790028967638160000,12.568159912109374,-1.2761094570159912,0.7086837291717529,-0.8930372595787048
1790028967648169700,12.578169677734374,-1.6400281190872192,0.07422025501728058,-0.4644751250743866
1790028967658209800,12.588209716796875,-1.1875240802764893,-0.10534487664699554,0.5817909836769104
1790028967668219600,12.5982197265625,0.035913024097681046,-0.0454898327589035,0.5961562395095825
1790028967688239000,12.618239013671875,1.3455413579940796,0.6248866319656372,-0.7015010714530945
1790028967708258800,12.6382587890625,-1.213860273361206,1.41257905960083,-2.7222073078155518
1790028967718329600,12.64832958984375,-2.2361843585968018,1.2689268589019775,-2.1763293743133545
1790028967728370000,12.658369873046874,-2.0638017654418945,0.38546648621559143,-1.072602391242981
1790028967738440700,12.668440673828124,-0.9600749015808105,-0.28969839215278625,0.7924807667732239
1790028967748419800,12.678419921875,0.5315127968788147,0.2777273952960968,1.1755530834197998
1790028967758490600,12.68849072265625,0.9983820915222168,0.4213795065879822,0.3471592366695404
1790028967768500500,12.69850048828125,0.7589619159698486,0.6512228846549988,-0.019153613597154617
1790028967778571300,12.7085712890625,0.09576806426048279,0.7972691655158997,-0.8188169598579407
1790028967798652000,12.72865185546875,-1.1540051698684692,0.33997663855552673,-1.7070658206939697
1790028967808661500,12.73866162109375,-1.3838485479354858,-0.16998831927776337,-1.558625340461731
1790028967818701800,12.748701904296874,-0.993593692779541,-0.9265560507774353,-0.16759411990642548
1790028967868781300,12.79878125,-0.6991068720817566,0.26575639843940735,-0.8164227604866028
1790028967898810600,12.828810546875,-0.8068459630012512,-1.2952631711959839,-0.47165772318840027
1790028967908820200,12.8388203125,-0.912190854549408,-0.8403648138046265,-0.11971008777618408
1790028967928839700,12.858839599609375,-1.0845733880996704,-0.5171475410461426,0.5841852426528931
1790028967958899700,12.888899658203124,1.0893617868423462,-0.26575639843940735,-0.569819986820221
1790028967968909300,12.898909423828124,1.2521674633026123,-0.5123591423034668,-0.28969839215278625
1790028967988990000,12.918989990234374,1.1061211824417114,-0.16519992053508759,0.5363011956214905
1790028968029090000,12.959090087890624,0.8595184087753296,0.23942017555236816,-0.2968810200691223
1790028968039100000,12.969099853515624,0.9600749015808105,0.1628057211637497,-0.8140285611152649
1790028968049140000,12.979139892578125,0.9313444495201111,-0.004788403399288654,-1.070208191871643
1790028968059180300,12.98918017578125,0.8451532125473022,0.2849099934101105,-0.7733271718025208
1790028968069190100,12.999190185546874,0.6631938815116882,0.014365210197865963,-0.38307225704193115
1790028968079200000,13.009199951171874,0.31124621629714966,-0.18914192914962769,0.2849099934101105
1790028968089270800,13.019270751953124,0.026336219161748886,-0.4620809257030487,0.009576806798577309
1790028968109290200,13.039290283203124,-0.08619125932455063,-0.9696516990661621,0.22744916379451752
1790028968119269400,13.049269287109375,-0.002394201699644327,-0.646434485912323,-0.7374141216278076
1790028968129309700,13.059309814453124,-0.05027823522686958,-0.3998316824436188,-1.359906554222107
1790028968139319600,13.069319580078124,-0.21547815203666687,-0.7661445140838623,-0.8930372595787048
1790028968149329400,13.079329345703124,-0.1388636976480484,-0.689530074596405,0.15083470940589905
1790028968159339000,13.089339111328124,-0.17956513166427612,-0.4165911078453064,0.3519476354122162
1790028968169348900,13.099348876953124,-0.22505496442317963,-1.0821791887283325,1.1348515748977661
1790028968179358700,13.109358642578124,-0.2106897532939911,-1.647210717201233,1.6352397203445435
1790028968189398800,13.119398681640625,0.07661445438861847,-1.6208745241165161,1.314416766166687
1790028968229468400,13.159468505859374,0.019153613597154617,-1.2473790645599365,1.1683704853057861
1790028968239478300,13.169478271484374,0.31364041566848755,-0.9050082564353943,1.7717092037200928
1790028968249518600,13.1795185546875,0.3423708379268646,-0.667982280254364,1.5729905366897583
1790028968259528200,13.189528076171875,0.5219359993934631,-0.6009446382522583,1.2521674633026123
1790028968329596700,13.2595966796875,0.545877993106842,-0.3878606855869293,0.569819986820221
1790028968339637000,13.269636962890624,0.7230489253997803,-0.706289529800415,0.7829039692878723
1790028968349646600,13.279646484375,1.1061211824417114,-0.30885201692581177,1.0031704902648926
1790028968359687000,13.28968701171875,1.3000515699386597,0.2082955539226532,0.5315127968788147
1790028968369727200,13.299727294921874,1.2186486721038818,0.3758896589279175,0.016759412363171577
1790028968379737000,13.309737060546874,1.036689281463623,0.3016694188117981,-0.031124621629714966
1790028968389777400,13.31977734375,0.6033388376235962,-0.004788403399288654,0.6775590777397156
1790028968399787000,13.329787109375,0.22744916379451752,-0.47884035110473633,1.2282254695892334
1790028968419806700,13.349806640625,0.23702596127986908,-0.629675030708313,1.0534487962722778
1790028968429846800,13.3598466796875,0.31842881441116333,-0.1628057211637497,0.5123591423034668
1790028968439856600,13.369856689453124,0.4429273009300232,0.1412578970193863,0.14365209639072418
1790028968449866500,13.379866455078124,0.44532153010368347,0.08619125932455063,0.5626373887062073
1790028968459906800,13.38990673828125,0.1364694982767105,-0.16998831927776337,1.039083480834961
1790028968469947000,13.39994677734375,-0.031124621629714966,-0.035913024097681046,1.4221558570861816
1790028968479987200,13.4099873046875,0,-0.033518824726343155,1.0199298858642578
1790028968490027500,13.420027587890624,0.2106897532939911,-0.3734954595565796,0.8858546018600464
1790028968500067800,13.43006787109375,0.22744916379451752,-0.6392518281936646,0.8690952062606812
1790028968510108200,13.440108154296874,0.14365209639072418,-0.6967126727104187,0.7637503147125244
1790028968530127600,13.460127685546874,0.11971008777618408,-0.11013327538967133,0.2825157940387726
1790028968540168000,13.47016796875,0.20111294090747833,0.047884032130241394,0.3280056416988373
1790028968550208300,13.480208251953124,0.3208230137825012,0.06703764945268631,0.3998316824436188
1790028968560248600,13.49024853515625,0.4118026793003082,-0.24899697303771973,0.4189853072166443
1790028968570258200,13.500258056640625,0.44532153010368347,-0.272938996553421,0.24181437492370605
1790028968580268000,13.51026806640625,0.5817909836769104,-0.2849099934101105,0.16998831927776337
1790028968600287500,13.53028759765625,0.5291185975074768,-0.5051765441894531,0.2513911724090576
1790028968610297300,13.54029736328125,0.12449848651885986,-0.272938996553421,0.2059013396501541
1790028968650367000,13.580366943359374,0.5650315880775452,-0.3711012601852417,0.2825157940387726
1790028968690436400,13.620436279296875,0.26575639843940735,-0.18914192914962769,0.5985504388809204
1790028968700476700,13.6304765625,0.2106897532939911,-0.3926490843296051,0.6584054827690125
1790028968710486500,13.640486572265624,0.1867477297782898,-0.5578489899635315,0.7493851184844971
1790028968720557300,13.650557373046874,0.1149216815829277,-0.3758896589279175,0.6751648783683777
1790028968750556200,13.68055615234375,0.2059013396501541,-0.14844051003456116,0.16519992053508759
1790028968760596500,13.690596435546874,0.09816227108240128,-0.33518823981285095,0.48602294921875
1790028968770606000,13.700606201171874,-0.004788403399288654,-0.524330198764801,0.6033388376235962
1790028968780616000,13.710615966796874,0.11971008777618408,-0.4141969084739685,0.6320692300796509
1790028968790625800,13.720625732421874,0.22505496442317963,-0.40222588181495667,0.4165911078453064
1790028968800635400,13.730635498046874,0.3734954595565796,-0.395043283700943,0.44771572947502136
1790028968810675700,13.74067578125,0.4165911078453064,-0.4141969084739685,0.5985504388809204
1790028968820685600,13.750685546875,0.3447650372982025,-0.35434186458587646,0.6512228846549988
1790028968830726000,13.760725830078124,0.37828385829925537,-0.24420857429504395,0.7158663272857666
1790028968840735500,13.770735595703124,0.45489832758903503,-0.2585737705230713,0.768538773059845
1790028968850775800,13.78077587890625,0.6536170840263367,-0.15083470940589905,0.6248866319656372
1790028968860785700,13.79078564453125,0.7445967197418213,-0.07661445438861847,0.7565677165985107
1790028968880835600,13.810835693359374,0.6512228846549988,-0.14365209639072418,0.8882488012313843
1790028968900916200,13.830916259765624,0.4141969084739685,-0.23702596127986908,0.7781155705451965
1790028968910926000,13.840926025390624,0.23702596127986908,-0.3471592366695404,0.9193734526634216
1790028968920966100,13.850966064453125,0.10055647045373917,-0.3064578175544739,0.7757213711738586
1790028968930976000,13.86097607421875,-0.026336219161748886,-0.47165772318840027,1.0797849893569946
1790028968941016300,13.871016357421874,-0.040701430290937424,-0.6009446382522583,1.1085153818130493
1790028968951026200,13.881026123046874,-0.019153613597154617,-0.5985504388809204,0.8451532125473022
1790028968981147000,13.91114697265625,-0.1867477297782898,-0.2298433631658554,0.22744916379451752
1790028969001166300,13.931166259765625,-0.4836287498474121,-0.09816227108240128,0.05506663769483566
1790028969021186000,13.95118603515625,-0.3758896589279175,-0.08858546614646912,-0.07661445438861847
1790028969031226400,13.961226318359374,-0.3016694188117981,-0.11013327538967133,-0.07661445438861847
1790028969051276300,13.9812763671875,-0.272938996553421,-0.23702596127986908,-0.038307227194309235
1790028969071357000,14.00135693359375,-0.009576806798577309,-0.1173158809542656,0.05985504388809204
1790028969081366500,14.011366455078125,0.07422025501728058,-0.1388636976480484,0.021547814831137657
1790028969111426600,14.041426513671874,-0.07661445438861847,0.06703764945268631,0.181959331035614
1790028969131476500,14.0614765625,-0.33997663855552673,-0.31124621629714966,0.24899697303771973
1790028969161597400,14.091597412109374,-0.524330198764801,-0.5746083855628967,0.7757213711738586
1790028969171607000,14.10160693359375,-0.3711012601852417,-0.9864110946655273,0.9911994934082031
1790028969201697500,14.131697509765624,-1.1468225717544556,-1.7166426181793213,2.0374655723571777
1790028969221747500,14.15174755859375,-1.192312479019165,-1.5298948287963867,1.941697597503662
1790028969231787800,14.161787841796874,-0.8068459630012512,-1.460463047027588,1.6519991159439087
1790028969241828000,14.171828125,-0.49559974670410156,-0.9864110946655273,1.2976573705673218
1790028969251838000,14.181837890625,-0.4405331015586853,-1.1180921792984009,1.3263877630233765
1790028969261847600,14.19184765625,-0.5386953949928284,-1.3670891523361206,2.3104045391082764
1790028969271888000,14.201887939453124,-0.811634361743927,-1.0797849893569946,2.698265314102173
1790028969291907300,14.2219072265625,-1.0630255937576294,-1.4652514457702637,2.6240451335906982
1790028969301947600,14.23194775390625,-0.8427590131759644,-1.3024457693099976,2.2194249629974365
1790028969311957500,14.24195751953125,-1.0773907899856567,-0.8906430602073669,1.6304513216018677
1790028969321967400,14.25196728515625,-1.400607943534851,-0.9768342971801758,1.434126853942871
1790028969331977000,14.26197705078125,-1.680729627609253,-0.9193734526634216,1.070208191871643
1790028969342047700,14.2720478515625,-1.9177556037902832,-0.9433154463768005,1.2234370708465576
1790028969352057600,14.2820576171875,-1.968033790588379,-1.0558429956436157,1.6160861253738403
1790028969362067500,14.2920673828125,-1.9967641830444336,-1.4652514457702637,1.8076223134994507
1790028969372077000,14.3020771484375,-1.86508309841156,-1.4652514457702637,1.8076223134994507
1790028969392096500,14.322096435546875,-1.4173674583435059,-0.9720458984375,1.6184803247451782
1790028969412146700,14.342146728515624,-2.188300371170044,-1.4987702369689941,1.824381709098816
1790028969432166100,14.362166259765624,-1.5682021379470825,-0.9672574996948242,1.1013327836990356
1790028969462226000,14.392225830078125,-0.9768342971801758,-3.1268274784088135,3.4620156288146973
1790028969542456800,14.472456787109374,-2.5546131134033203,-0.3687070608139038,-1.3335703611373901
1790028969592566500,14.52256640625,-1.1803414821624756,0.16519992053508759,-0.002394201699644327
1790028969602576400,14.532576416015624,-1.5059528350830078,0.13168109953403473,-0.08619125932455063
1790028969612586200,14.542586181640624,-1.4676456451416016,0.004788403399288654,-0.07661445438861847
1790028969622595800,14.552595947265624,-1.1492167711257935,-0.5650315880775452,-1.0582371950149536
1790028969632636200,14.56263623046875,-1.113303780555725,-0.8140285611152649,0.028730420395731926
1790028969642646000,14.57264599609375,-1.0247182846069336,-1.1755530834197998,0.7038952708244324
1790028969672705800,14.602705810546874,-1.170764684677124,0.19871874153614044,-0.19871874153614044
1790028969682746000,14.61274609375,-1.4963760375976562,-0.8140285611152649,0.8906430602073669
1790028969692755700,14.622755615234375,-1.3431471586227417,-1.8507179021835327,1.644816517829895
1790028969702796000,14.632796142578124,-1.1875240802764893,-1.0342950820922852,1.0582371950149536
1790028969712806000,14.642805908203124,-1.9800047874450684,-0.42377370595932007,-0.6967126727104187
1790028969722846200,14.65284619140625,-3.0119056701660156,-0.7757213711738586,-0.6224924325942993
1790028969732855800,14.662855712890625,-3.0765492916107178,-0.3758896589279175,-1.173158884048462
1790028969742865700,14.67286572265625,-3.0119056701660156,-0.272938996553421,-0.727837324142456
1790028969772956000,14.702955810546875,-2.346317768096924,0.35913026332855225,-1.7118542194366455
1790028969813056000,14.743055908203125,-2.056619167327881,0.7326257228851318,-2.346317768096924
1790028969823065900,14.75306591796875,-2.985569477081299,1.2449848651885986,-1.9919757843017578
1790028969833106200,14.763106201171874,-3.0142998695373535,0.8188169598579407,-0.7733271718025208
1790028969863166000,14.793166015625,-0.7781155705451965,1.2401964664459229,-0.5506663918495178
1790028969873175800,14.80317578125,-1.2330138683319092,1.5155296325683594,-1.0342950820922852
1790028969933325800,14.863325927734374,-1.0749965906143188,1.259350061416626,-0.08619125932455063
1790028969953376000,14.8833759765625,-0.8930372595787048,1.623268723487854,-1.091755986213684
1790028969993445600,14.923445556640624,-0.5027823448181152,2.030282974243164,1.0438719987869263
1790028970003455200,14.933455322265624,-0.5434837937355042,2.3056161403656006,0.033518824726343155
1790028970013495600,14.94349560546875,-0.545877993106842,2.2242133617401123,-0.49320554733276367
1790028970023505400,14.95350537109375,-0.5315127968788147,2.0422539710998535,-0.4692635238170624
1790028970033545700,14.963545654296874,-0.4429273009300232,2.5115175247192383,-0.38546648621559143
1790028970043555300,14.973555419921874,-0.3495534360408783,2.784456491470337,-1.0055646896362305
1790028970053626000,14.983626220703124,-0.2777273952960968,2.4229321479797363,-0.5506663918495178
1790028970063666400,14.99366650390625,-0.07900865375995636,2.5761611461639404,-0.3519476354122162
1790028970073676300,15.00367626953125,0.090979665517807,2.5019407272338867,-0.7757213711738586
1790028970093756700,15.023756591796875,0.7134721279144287,2.2457611560821533,-1.0558429956436157
1790028970103766500,15.0337666015625,0.727837324142456,2.2409727573394775,-1.460463047027588
1790028970113776400,15.0437763671875,0.17956513166427612,2.164358377456665,-1.2713210582733154
1790028970123816700,15.053816650390624,-0.06464344263076782,1.656787633895874,-0.49320554733276367
1790028970133856800,15.063856689453125,0.19153612852096558,1.6041151285171509,-0.002394201699644327
1790028970143866600,15.07386669921875,0.040701430290937424,1.0821791887283325,-0.15083470940589905
1790028970163916800,15.093916748046874,-0.12449848651885986,0.6248866319656372,-0.7230489253997803
1790028970183997200,15.1139970703125,-0.26575639843940735,0.12210428714752197,-0.35913026332855225
1790028970194007000,15.124007080078124,-0.08140286058187485,0.9050082564353943,-0.44532153010368347
1790028970204017000,15.134016845703124,-0.2106897532939911,1.1109095811843872,-0.7709329724311829
1790028970214057000,15.144056884765625,-0.5147533416748047,0.9672574996948242,-0.395043283700943
1790028970224066800,15.15406689453125,-0.507570743560791,0.7374141216278076,0.06703764945268631
1790028970234076700,15.16407666015625,-0.5961562395095825,0.5578489899635315,0.08619125932455063
1790028970244117000,15.174116943359374,-0.7350199222564697,0.2561795711517334,0.05985504388809204
1790028970274146300,15.204146240234374,-0.6224924325942993,-0.3471592366695404,-0.5578489899635315
1790028970284156000,15.214156005859374,-0.37828385829925537,-0.31842881441116333,-1.0558429956436157
1790028970344397600,15.2743974609375,1.4173674583435059,1.0055646896362305,-1.2641384601593018
1790028970364417300,15.294417236328124,-1.237802267074585,0.40222588181495667,-0.43335050344467163
1790028970374488000,15.304488037109374,-1.1444283723831177,0.3519476354122162,0.38067805767059326
1790028970384528400,15.3145283203125,-0.5315127968788147,0.2753331959247589,-0.3280056416988373
1790028970394568400,15.324568359375,-0.3974374830722809,-0.1412578970193863,-0.608127236366272
1790028970404578300,15.334578369140624,-0.42616790533065796,-0.0933738648891449,-0.2992752194404602
1790028970414588200,15.344588134765624,-0.07661445438861847,-0.1364694982767105,-0.05267243832349777
1790028970424628500,15.35462841796875,0.23942017555236816,-0.5434837937355042,0.33758243918418884
1790028970474768600,15.4047685546875,-1.3623007535934448,0.17477671802043915,-1.7860745191574097
1790028970534919000,15.4649189453125,-0.28969839215278625,0.9433154463768005,-2.121262788772583
1790028970605048300,15.53504833984375,-0.2513911724090576,-0.2992752194404602,-0.646434485912323
1790028970625067800,15.55506787109375,-0.7422025203704834,-0.8595184087753296,-0.13407529890537262
1790028970635138600,15.565138671875,-0.5147533416748047,-1.2306196689605713,0.9289502501487732
1790028970645179000,15.575178955078124,-0.026336219161748886,-0.8355764150619507,1.2330138683319092
1790028970655219200,15.58521923828125,0.33758243918418884,-0.7613561153411865,0.8355764150619507
1790028970665198300,15.5951982421875,0.5554547905921936,-0.7757213711738586,0.8164227604866028
1790028970675238700,15.60523876953125,0.6703764796257019,-0.5123591423034668,1.0007762908935547
1790028970715308300,15.645308349609374,0.0071826050989329815,-0.7445967197418213,0.26815059781074524
1790028970725318100,15.655318115234374,0.4596867263317108,-0.4836287498474121,0.7924807667732239
1790028970735327700,15.66532763671875,1.0031704902648926,-0.24420857429504395,0.7781155705451965
1790028970745307100,15.67530712890625,1.534683346748352,0.035913024097681046,0.7038952708244324
1790028970755378000,15.6853779296875,1.5729905366897583,0.16759411990642548,0.6440402865409851
1790028970765418200,15.695418212890624,1.381454348564148,0.2801215946674347,0.5626373887062073
1790028970775458600,15.70545849609375,1.0845733880996704,-0.3447650372982025,0.5913678407669067
1790028970785468200,15.71546826171875,1.01753568649292,-0.5027823448181152,0.9050082564353943
1790028970795478000,15.72547802734375,0.8212111592292786,-0.8212111592292786,0.689530074596405
1790028970805487900,15.73548779296875,0.7182605266571045,-0.5578489899635315,0.6727706789970398
1790028970815497500,15.74549755859375,0.5363011956214905,0.05267243832349777,0.09816227108240128
1790028970825507300,15.75550732421875,0.2585737705230713,-0.09576806426048279,-0.26096799969673157
1790028970835517000,15.765516845703125,0.1412578970193863,-0.090979665517807,-0.038307227194309235
1790028970845557200,15.77555712890625,0.08619125932455063,-0.090979665517807,0.07900865375995636
1790028970855567000,15.785567138671874,0.15322890877723694,-0.06703764945268631,0.17238251864910126
1790028970875617000,15.805616943359375,0.6344634294509888,-0.3519476354122162,-0.0071826050989329815
1790028970885627000,15.815626953125,0.6584054827690125,-0.5434837937355042,1.0079588890075684
1790028970895667200,15.825667236328124,0.5315127968788147,-0.6153098344802856,1.45806884765625
1790028970905677000,15.835677001953124,0.2585737705230713,-0.7613561153411865,1.338358759880066
1790028970925757400,15.85575732421875,0.40462008118629456,-0.2753331959247589,0.07182604819536209
1790028970935797800,15.8657978515625,0.7589619159698486,-0.2825157940387726,0.507570743560791
1790028970955878400,15.88587841796875,0.4596867263317108,0.009576806798577309,1.2401964664459229
1790028970965918700,15.895918701171874,0.17717093229293823,-0.18914192914962769,1.5634137392044067
1790028970975928300,15.90592822265625,0.16759411990642548,-0.5410895943641663,1.2234370708465576
1790028970985938200,15.915938232421874,0.1628057211637497,-0.6272808313369751,0.8236053586006165
1790028970995948000,15.925947998046874,0.26096799969673157,-1.173158884048462,0.8379706144332886
1790028971005957600,15.93595751953125,0.22505496442317963,-1.0127472877502441,0.7924807667732239
1790028971016028400,15.9460283203125,0.31603461503982544,-0.24181437492370605,0.038307227194309235
1790028971026068700,15.95606884765625,0.7230489253997803,0.028730420395731926,-0.08619125932455063
1790028971046149400,15.9761494140625,0.8858546018600464,0.009576806798577309,1.1300631761550903
1790028971056189700,15.986189697265624,0.5027823448181152,-0.1628057211637497,1.0247182846069336
1790028971066199300,15.99619921875,0.3471592366695404,-0.2106897532939911,0.5339069962501526
1790028971086249500,16.01624951171875,0.5554547905921936,-0.6584054827690125,0.028730420395731926
1790028971096289800,16.026289794921876,0.42616790533065796,-0.6009446382522583,0.2944868206977844
1790028971116339700,16.046339599609375,0.29209262132644653,-0.38307225704193115,0.2992752194404602
1790028971126380000,16.056380126953126,0.38067805767059326,-0.3064578175544739,0.6224924325942993
1790028971136390000,16.066389892578126,0.45010992884635925,-0.11971008777618408,0.5482721924781799
1790028971156470500,16.086470458984376,0.48602294921875,-0.08379705995321274,-0.24420857429504395
1790028971166510600,16.096510498046875,0.4836287498474121,-0.49559974670410156,0.028730420395731926
1790028971176520400,16.1065205078125,0.43335050344467163,-0.9217676520347595,0.586579442024231
1790028971186530300,16.1165302734375,0.24660277366638184,-0.828393816947937,0.9744400978088379
1790028971196570600,16.126570556640626,0.2992752194404602,-0.7254431247711182,0.8858546018600464
1790028971206580200,16.136580322265626,0.3471592366695404,-0.43335050344467163,1.0654197931289673
1790028971216620500,16.14662060546875,0.646434485912323,-0.2992752194404602,0.8140285611152649
1790028971226660900,16.156660888671876,0.9026140570640564,-0.33279404044151306,0.7326257228851318
1790028971236701200,16.166701171875,0.8619126081466675,-0.4165911078453064,0.9265560507774353
1790028971336951300,16.266951416015626,0.2753331959247589,-0.35913026332855225,0.6200982332229614
1790028971347022000,16.27702197265625,0.1412578970193863,-0.1843535304069519,0.5147533416748047
1790028971357062400,16.2870625,0.3423708379268646,-0.22266076505184174,0.6057330369949341
1790028971367072300,16.297072265625,0.5746083855628967,-0.43095630407333374,0.9241618514060974
1790028971447211300,16.377211181640625,0.12449848651885986,-0.15801730751991272,0.4836287498474121
1790028971497260300,16.42726025390625,0.05027823522686958,-0.08858546614646912,0.9409212470054626
1790028971507331000,16.4373310546875,0.21787235140800476,-0.1604115068912506,0.7230489253997803
1790028971517371400,16.447371337890626,0.2753331959247589,-0.24181437492370605,0.7829039692878723
1790028971527381000,16.457381103515626,0.2082955539226532,-0.2825157940387726,0.9720458984375
1790028971537390800,16.467390869140626,0.10773907601833344,-0.14604631066322327,0.9145850539207458
1790028971547431200,16.47743115234375,0.09816227108240128,-0.21547815203666687,1.015141487121582
1790028971557440800,16.487440673828125,0.05985504388809204,-0.24420857429504395,1.036689281463623
1790028971567481000,16.497481201171876,-0.10773907601833344,-0.24181437492370605,1.1492167711257935
1790028971577521400,16.507521484375,-0.19871874153614044,-0.4572925269603729,0.7541735172271729
1790028971587531300,16.51753125,-0.1628057211637497,-0.42377370595932007,0.44771572947502136
1790028971597602000,16.52760205078125,-0.023942016065120697,-0.33997663855552673,0.21308395266532898
1790028971607611600,16.537611572265625,-0.19632454216480255,-0.33279404044151306,0.20111294090747833
1790028971617621500,16.54762158203125,-0.06224924325942993,-0.24420857429504395,0.14604631066322327
1790028971627661800,16.557661865234376,-0.028730420395731926,-0.22744916379451752,0.19153612852096558
1790028971647742500,16.577742431640626,0.12689268589019775,-0.2849099934101105,0.11252748221158981
1790028971657782800,16.58778271484375,-0.06703764945268631,-0.47884035110473633,0.12689268589019775
1790028971677802200,16.60780224609375,-0.2059013396501541,-0.023942016065120697,0.33279404044151306
1790028971707892500,16.637892578125,0.21308395266532898,0.28730419278144836,0.5051765441894531
1790028971717902300,16.64790234375,0.06703764945268631,0.07182604819536209,0.7948749661445618
1790028971737952300,16.6679521484375,-0.1364694982767105,-0.7158663272857666,0.5626373887062073
1790028971747962000,16.677962158203126,-0.26096799969673157,-0.6703764796257019,0.3208230137825012
1790028971758002400,16.68800244140625,-0.7206547260284424,-0.5482721924781799,0.18914192914962769
1790028971768012300,16.69801220703125,-0.950498104095459,-0.5626373887062073,0.4668693244457245
1790028971788062200,16.718062255859376,-0.9241618514060974,-0.5123591423034668,1.192312479019165
1790028971808112400,16.7381123046875,-1.0103530883789062,-1.1875240802764893,1.1180921792984009
1790028971828162300,16.758162353515626,-1.5897499322891235,-1.5658079385757446,0.9313444495201111
1790028971838172200,16.768172119140626,-1.6879122257232666,-1.2234370708465576,1.0055646896362305
1790028971848212500,16.77821240234375,-1.647210717201233,-1.137245774269104,1.2042834758758545
1790028971858222000,16.78822216796875,-1.5394717454910278,-0.8403648138046265,1.2689268589019775
1790028971868292900,16.79829296875,-0.9050082564353943,-0.8403648138046265,1.3479355573654175
1790028971878333200,16.808333251953126,-0.43335050344467163,-1.1061211824417114,1.6352397203445435
1790028971888343000,16.818343017578126,-0.5650315880775452,-1.290474772453308,1.6855180263519287
1790028971898352600,16.8283525390625,-0.9241618514060974,-1.3527239561080933,1.6376339197158813
1790028971908423400,16.83842333984375,-1.3503297567367554,-1.3024457693099976,1.7094600200653076
1790028971928443100,16.858443115234376,-0.8188169598579407,-0.7876923680305481,1.8531121015548706
1790028971938483500,16.8684833984375,-0.7134721279144287,-1.0869675874710083,2.2026655673980713
1790028971968573700,16.89857373046875,-1.764526605606079,-1.1252747774124146,2.054224967956543
1790028971978583600,16.90858349609375,-1.8315643072128296,-1.479616641998291,1.9536685943603516
1790028971998633500,16.928633544921876,-2.2026655673980713,-1.3431471586227417,1.5825673341751099
1790028972008643300,16.938643310546876,-2.3032219409942627,-0.7972691655158997,1.1444283723831177
1790028972028693200,16.958693359375,-1.699883222579956,-0.8188169598579407,0.8020575642585754
1790028972038703000,16.968703125,-1.5634137392044067,-0.7996633648872375,1.115697979927063
1790028972058753000,16.9887529296875,-2.1308395862579346,0.19871874153614044,0.0071826050989329815
1790028972068823800,16.99882373046875,-1.9033904075622559,0.22266076505184174,-1.1755530834197998
1790028972078864100,17.008864013671875,-1.680729627609253,0.038307227194309235,-1.0127472877502441
1790028972088874000,17.0188740234375,-1.8579005002975464,-0.2825157940387726,-0.4620809257030487
1790028972098914300,17.028914306640626,-1.802833914756775,0.22505496442317963,-0.5291185975074768
1790028972108924000,17.038923828125,-1.3718775510787964,0.06703764945268631,-0.6416460275650024
1790028972118964200,17.048964111328125,-0.6751648783683777,-0.2944868206977844,-0.0454898327589035
1790028972128974000,17.05897412109375,-0.4118026793003082,-0.21787235140800476,0.2585737705230713
1790028972199134000,17.129134033203126,-0.4405331015586853,-0.31364041566848755,0.33997663855552673
1790028972249244000,17.179243896484376,-0.2777273952960968,-0.4812345504760742,0.31603461503982544
1790028972259284200,17.1892841796875,-0.047884032130241394,-0.07182604819536209,-0.9169792532920837
1790028972269324500,17.199324462890626,0.2322375625371933,0.047884032130241394,-0.7709329724311829
1790028972279334100,17.209334228515626,0.090979665517807,0.021547814831137657,0.7182605266571045
1790028972289344000,17.219343994140626,-0.20111294090747833,-0.090979665517807,1.6089035272598267
1790028972299384300,17.22938427734375,0.23942017555236816,0.272938996553421,0.790086567401886
1790028972309394000,17.239393798828125,0.8355764150619507,0.40701428055763245,-0.05985504388809204
1790028972329474600,17.259474609375,0.2561795711517334,0,-0.2298433631658554
1790028972339484400,17.269484375,-0.33279404044151306,-0.2346317619085312,0.5051765441894531
1790028972389533200,17.319533203125,-1.3886369466781616,-1.1468225717544556,-0.9672574996948242
1790028972489752800,17.4197529296875,-0.47884035110473633,-0.8930372595787048,-0.31124621629714966
1790028972559943400,17.489943359375,0.5363011956214905,0.667982280254364,-0.026336219161748886
1790028972590003200,17.520003173828126,-0.29209262132644653,0.1364694982767105,-0.5339069962501526
1790028972630133800,17.5601337890625,-1.1492167711257935,0.19153612852096558,-0.29209262132644653
1790028972690253300,17.62025341796875,-1.9033904075622559,-0.524330198764801,0.08858546614646912
1790028972760444000,17.69044384765625,-0.730231523513794,1.8315643072128296,-1.5682021379470825
1790028972790595000,17.720594970703125,-0.8307880163192749,1.2689268589019775,1.338358759880066
1790028972810706200,17.7407060546875,-0.47405192255973816,1.8387469053268433,0.3495534360408783
1790028972820716000,17.750716064453126,-0.5147533416748047,1.9728221893310547,-0.6775590777397156
1790028972830756400,17.76075634765625,-0.7661445140838623,2.1116859912872314,-0.8738836050033569
1790028972840796700,17.770796630859376,-0.8020575642585754,2.1092917919158936,-1.3048399686813354
1790028972850806300,17.78080615234375,-0.7230489253997803,1.8746598958969116,-0.7661445140838623
1790028972880866000,17.810865966796875,-0.16519992053508759,2.142810583114624,-0.13407529890537262
1790028972900946700,17.83094677734375,0.3447650372982025,1.2521674633026123,0.2561795711517334
1790028972910987000,17.840987060546876,0.395043283700943,0.8930372595787048,0.14844051003456116
1790028972920996900,17.850996826171876,0.043095629662275314,0.9481038451194763,-0.035913024097681046
1790028972961158000,17.891157958984376,-0.0694318488240242,-0.6224924325942993,0.2753331959247589
1790028972971198200,17.9011982421875,-0.05985504388809204,-0.768538773059845,-0.6560112833976746
1790028972981269000,17.91126904296875,-0.2298433631658554,-0.38307225704193115,-1.0558429956436157
1790028972991278800,17.92127880859375,-0.5315127968788147,1.7094600200653076,-1.778891921043396
1790028973001288400,17.931288330078125,-1.3024457693099976,3.550601005554199,-2.406172752380371
1790028973011359200,17.941359130859375,-1.5538369417190552,2.427720546722412,-0.7182605266571045
1790028973021369000,17.951369140625,-0.646434485912323,1.357512354850769,0.5099649429321289
1790028973051490000,17.981489990234376,-0.3758896589279175,2.185906171798706,-0.9074024558067322
1790028973071509500,18.001509521484376,-1.4724340438842773,1.2306196689605713,-0.8834604024887085
1790028973101599700,18.031599853515626,0.5961562395095825,-0.7757213711738586,-0.1628057211637497
1790028973111609600,18.041609619140626,1.3646949529647827,-0.16998831927776337,-0.3423708379268646
1790028973121650000,18.05164990234375,0.9074024558067322,0.028730420395731926,-0.7637503147125244
1790028973131690200,18.061690185546876,-0.07900865375995636,0.4381389021873474,-1.015141487121582
1790028973141699800,18.071699951171876,-1.1827356815338135,0.524330198764801,-0.7637503147125244
1790028973151709700,18.081709716796876,-1.3838485479354858,-0.7541735172271729,0.24420857429504395
1790028973161750000,18.09175,-0.5746083855628967,-1.7477672100067139,0.7829039692878723
1790028973171790300,18.101790283203126,0.33997663855552673,-2.027888774871826,0.42377370595932007
1790028973181800000,18.111800048828126,0.828393816947937,-1.45806884765625,-0.11971008777618408
1790028973201819600,18.131819580078126,-0.10773907601833344,0.2537853717803955,-0.6392518281936646
1790028973211829200,18.141829345703126,-1.0007762908935547,0.45250412821769714,-0.19632454216480255
1790028973282019800,18.212019775390626,-1.0247182846069336,0.950498104095459,-0.5363011956214905
1790028973342231000,18.27223095703125,0.29209262132644653,0.7398083209991455,-1.2282254695892334
1790028973352271000,18.28227099609375,-0.4141969084739685,0.9528923034667969,-1.0271124839782715
1790028973372321300,18.3023212890625,-0.7326257228851318,0.5506663918495178,-0.17477671802043915
1790028973392402000,18.32240185546875,-0.16519992053508759,0.10773907601833344,0.023942016065120697
1790028973402411500,18.33241162109375,0.090979665517807,0.002394201699644327,-0.5841852426528931
1790028973412482300,18.342482421875,0.2992752194404602,-0.2753331959247589,-1.0989385843276978
1790028973482733800,18.41273388671875,0.7086837291717529,-0.6751648783683777,1.1635819673538208
1790028973492804600,18.4228046875,0.5291185975074768,-0.40222588181495667,1.5753847360610962
1790028973502814500,18.432814453125,0.009576806798577309,-0.05027823522686958,1.6950948238372803
1790028973512824000,18.442823974609375,-0.5147533416748047,0.06464344263076782,1.742978811264038
1790028973522864400,18.452864501953126,-1.0678139925003052,-0.10295066982507706,1.50355863571167
1790028973542884000,18.472884033203126,-0.9911994934082031,-0.6607996821403503,0.5793967843055725
1790028973552955000,18.482954833984376,-0.6536170840263367,-1.0414776802062988,1.0989385843276978
1790028973563025700,18.493025634765626,-0.4429273009300232,-1.1109095811843872,1.1994950771331787
1790028973573035300,18.50303515625,0.07422025501728058,-0.8236053586006165,0.524330198764801
1790028973583045000,18.513045166015626,0.272938996553421,-0.7038952708244324,0.35673606395721436
1790028973593055000,18.523054931640626,0.24420857429504395,-0.507570743560791,0.47884035110473633
1790028973603095300,18.53309521484375,-0.031124621629714966,0.07422025501728058,0.004788403399288654
1790028973613105000,18.54310498046875,-0.304063618183136,0.29209262132644653,-1.0462661981582642
1790028973623114800,18.55311474609375,-0.33279404044151306,0.3878606855869293,-0.9193734526634216
1790028973633155000,18.563155029296876,-0.4357447028160095,-0.06464344263076782,0.043095629662275314
1790028973643164700,18.57316455078125,-0.5219359993934631,-0.5171475410461426,0.667982280254364
1790028973673285600,18.60328564453125,0.1604115068912506,0.11971008777618408,-1.2066776752471924
1790028973693335600,18.62333544921875,0.5770025849342346,-0.08619125932455063,0.4357447028160095
1790028973723426000,18.653426025390626,0.3208230137825012,-0.47165772318840027,1.3120225667953491
1790028973733435600,18.663435546875,0.23702596127986908,-0.6440402865409851,1.7142484188079834
1790028973783606500,18.7136064453125,-0.07182604819536209,-0.7206547260284424,2.0470423698425293
1790028973793616400,18.723616455078126,-0.3878606855869293,-0.6105214357376099,1.2976573705673218
1790028973813635800,18.7436357421875,-0.15801730751991272,0.06703764945268631,-0.05985504388809204
1790028973833686000,18.76368603515625,-0.24899697303771973,-0.47884035110473633,0.9624691009521484
1790028973853705500,18.78370556640625,-0.42856210470199585,0.36152446269989014,-0.3016694188117981
1790028973893775000,18.823775146484376,0.4908113479614258,-0.5985504388809204,0.8140285611152649
1790028973903785000,18.833784912109376,0.21308395266532898,-0.5147533416748047,0.9576807022094727
1790028973913825000,18.843824951171875,0.009576806798577309,-0.0071826050989329815,0.6153098344802856
1790028973923865300,18.853865234375,0.17956513166427612,0.27054479718208313,0.05506663769483566
1790028973933875200,18.863875244140626,0.45250412821769714,-0.009576806798577309,0.3687070608139038
1790028973943885000,18.873885009765626,0.3016694188117981,-0.0933738648891449,0.4405331015586853
1790028973953894700,18.883894775390626,0.1604115068912506,0.043095629662275314,0.5530605912208557
1790028973973975300,18.903975341796876,0.12449848651885986,0.1173158809542656,0.7805097699165344
1790028973983985200,18.913985107421876,0.2346317619085312,0.2944868206977844,0.2968810200691223
1790028973993994800,18.923994873046876,0.363918662071228,0.2537853717803955,-0.023942016065120697
1790028974004004600,18.934004638671876,0.395043283700943,-0.1867477297782898,0.395043283700943
1790028974014045000,18.944044921875,0.0933738648891449,-0.7206547260284424,0.7422025203704834
1790028974024054500,18.954054443359375,-0.07900865375995636,-0.7469909191131592,0.8164227604866028
1790028974044104700,18.974104736328126,0.011971008032560349,-0.8547300100326538,0.9696516990661621
1790028974124305000,19.054304931640626,0.21787235140800476,-0.8667010068893433,0.5003881454467773
1790028974134345200,19.06434521484375,0.009576806798577309,-0.4644751250743866,0.667982280254364
1790028974144354800,19.074354736328125,-0.10295066982507706,-0.3663128614425659,0.6248866319656372
1790028974164405000,19.094405029296876,0.12689268589019775,0.047884032130241394,0.6224924325942993
1790028974174445300,19.1044453125,-0.0071826050989329815,-0.016759412363171577,0.9481038451194763
1790028974184455000,19.114454833984375,-0.17477671802043915,0,1.1827356815338135
1790028974194464800,19.12446484375,-0.3519476354122162,-0.08858546614646912,1.1659762859344482
1790028974214484200,19.144484130859375,-0.08379705995321274,-0.24420857429504395,0.7493851184844971
1790028974224494000,19.154494140625,0.011971008032560349,-0.2537853717803955,0.7781155705451965
1790028974234534400,19.164534423828126,-0.12689268589019775,-0.31364041566848755,0.7110779285430908
1790028974244544300,19.174544189453126,-0.3256114423274994,-0.12689268589019775,0.730231523513794
1790028974254553900,19.184553955078126,-0.2968810200691223,-0.15322890877723694,0.9600749015808105
1790028974294623500,19.22462353515625,-0.17717093229293823,-0.5123591423034668,1.5945383310317993
1790028974334723600,19.2647236328125,-0.38067805767059326,-1.072602391242981,1.5131354331970215
1790028974344764000,19.274763916015626,-0.5291185975074768,-0.9840168952941895,1.4508862495422363
1790028974354804200,19.28480419921875,-0.8044517636299133,-1.1252747774124146,1.3287819623947144
1790028974364813800,19.294813720703125,-0.8451532125473022,-1.1563993692398071,1.1492167711257935
1790028974374854100,19.304854248046876,-0.8379706144332886,-1.0079588890075684,1.0199298858642578
1790028974384894500,19.31489453125,-0.7541735172271729,-1.0103530883789062,1.139639973640442
1790028974414984700,19.344984619140625,-0.9457096457481384,-0.8571242094039917,0.6536170840263367
1790028974455054300,19.385054443359376,-0.7350199222564697,-1.3527239561080933,1.7310078144073486
1790028974535254500,19.465254638671876,-1.5418659448623657,-1.0247182846069336,3.4093432426452637
1790028974545294800,19.475294921875,-1.5514427423477173,-0.8978256583213806,2.169146776199341
1790028974555365600,19.48536572265625,-1.400607943534851,-1.2090718746185303,2.4444799423217773
1790028974585486600,19.515486572265626,-1.7070658206939697,-0.7254431247711182,1.0773907899856567
1790028974595496200,19.52549609375,-1.2952631711959839,-0.8068459630012512,0.9385270476341248
1790028974605506000,19.535506103515626,-1.316810965538025,-0.7781155705451965,1.1779472827911377
1790028974615516000,19.545515869140626,-1.6065093278884888,-0.33758243918418884,0.7996633648872375
1790028974625586700,19.555586669921876,-1.479616641998291,-0.14844051003456116,0.3711012601852417
1790028974635596300,19.56559619140625,-0.8643068075180054,-0.4213795065879822,0.5410895943641663
1790028974645636600,19.57563671875,-0.6177040338516235,-0.545877993106842,0.5746083855628967
1790028974655646500,19.585646484375,-0.7948749661445618,-0.5339069962501526,0.2801215946674347
1790028974675696400,19.6056962890625,-0.5051765441894531,-0.23702596127986908,-0.5530605912208557
1790028974695716000,19.625716064453126,-0.47405192255973816,-0.2849099934101105,0.33518823981285095
1790028974705756400,19.63575634765625,-0.6392518281936646,-0.5722141861915588,1.1061211824417114
1790028974725806300,19.655806396484376,-0.9026140570640564,-0.09576806426048279,-0.40701428055763245
1790028974735846700,19.6658466796875,-0.47165772318840027,-0.3519476354122162,-0.26575639843940735
1790028974745887000,19.675886962890626,-0.4812345504760742,-0.9145850539207458,1.072602391242981
1790028974755896600,19.685896484375,-1.0295066833496094,-0.5339069962501526,0.6871358752250671
1790028974816077300,19.746077392578126,-1.158793568611145,-0.1364694982767105,-0.5099649429321289
1790028974826117600,19.75611767578125,-0.950498104095459,0.26575639843940735,-1.4269442558288574
1790028974836127500,19.76612744140625,-0.7733271718025208,-0.7015010714530945,-0.17717093229293823
1790028974846137000,19.77613720703125,-0.8236053586006165,-0.9911994934082031,1.048660397529602
1790028974856147000,19.78614697265625,-0.8164227604866028,-0.5841852426528931,0.45250412821769714
1790028974876166400,19.80616650390625,-0.7829039692878723,0.35434186458587646,-0.8882488012313843
1790028974886176300,19.81617626953125,-0.6775590777397156,0.45250412821769714,-1.259350061416626
1790028974896186000,19.82618603515625,-0.4884171485900879,0.2992752194404602,-0.24420857429504395
1790028974906226200,19.83622607421875,-0.6991068720817566,-0.28730419278144836,1.1827356815338135
1790028974916236000,19.846236083984376,-0.6153098344802856,0.19632454216480255,0.21787235140800476
1790028974926276400,19.8562763671875,-0.8020575642585754,0.4429273009300232,-0.7948749661445618
1790028974936316700,19.866316650390626,-1.0989385843276978,0.689530074596405,-0.7805097699165344
1790028974946326300,19.876326171875,-1.4748282432556152,0.9768342971801758,-0.26096799969673157
1790028974956336000,19.886336181640626,-1.3958195447921753,-0.6847416758537292,1.137245774269104
1790028974966376400,19.89637646484375,-0.7254431247711182,-2.0374655723571777,0.9097966551780701
1790028974996405800,19.92640576171875,-1.0127472877502441,-1.091755986213684,-1.292868971824646
1790028975006446000,19.936446044921876,-1.1899182796478271,-0.9193734526634216,-0.8690952062606812
1790028975016455700,19.94645556640625,-1.4197616577148438,-0.07661445438861847,-0.0933738648891449
1790028975026465500,19.956465576171876,-1.4101848602294922,0.17956513166427612,0.10295066982507706
1790028975036505900,19.966505859375,-1.278503656387329,0.2753331959247589,-0.272938996553421
1790028975046546200,19.976546142578126,-1.400607943534851,0.22266076505184174,-1.0319008827209473
1790028975056586500,19.98658642578125,-1.7094600200653076,0.4405331015586853,-1.3742717504501343
1790028975066596000,19.99659619140625,-1.9153614044189453,-0.4884171485900879,-1.2449848651885986
1790028975076606000,20.00660595703125,-1.4077905416488647,-0.33997663855552673,-0.45250412821769714
1790028975106696200,20.0366962890625,-1.3431471586227417,2.9448680877685547,-1.1204863786697388
1790028975116706000,20.0467060546875,-1.8076223134994507,2.7772738933563232,-0.7589619159698486
1790028975126746400,20.056746337890626,-1.5442601442337036,0.9265560507774353,0.038307227194309235
1790028975136756000,20.066755859375,-0.33518823981285095,-0.5674257874488831,0.629675030708313
1790028975146765800,20.076765869140626,0.6440402865409851,-1.357512354850769,0.8858546018600464
1790028975156775700,20.086775634765626,0.5123591423034668,-1.2282254695892334,-0.22266076505184174
1790028975166785300,20.096785400390626,-1.0630255937576294,-1.2186486721038818,-1.0247182846069336
1790028975176795100,20.106795166015626,-2.1787235736846924,-1.0247182846069336,-1.292868971824646
1790028975216895200,20.146895263671876,-0.9481038451194763,2.346317768096924,-0.42616790533065796
1790028975286994200,20.216994140625,-0.4884171485900879,1.2258312702178955,-0.7565677165985107
1790028975297034500,20.227034423828126,-1.170764684677124,1.2737152576446533,-0.13407529890537262
1790028975307074600,20.237074462890625,-0.933738648891449,0.31364041566848755,0.933738648891449
1790028975327094300,20.25709423828125,-0.3734954595565796,1.292868971824646,2.2218191623687744
1790028975337134600,20.267134521484376,-0.42377370595932007,1.9943699836730957,1.3407529592514038
1790028975347144200,20.277144287109376,-0.8619126081466675,2.126051187515259,0.29209262132644653
1790028975357154000,20.287154052734376,-1.3623007535934448,2.183511972427368,-0.05746084079146385
1790028975367194400,20.2971943359375,-1.1659762859344482,2.4588451385498047,-0.33039984107017517
1790028975377234700,20.307234619140626,-0.9959878921508789,2.4013843536376953,-0.5985504388809204
1790028975387274800,20.317274658203125,-0.8978256583213806,2.3774423599243164,-0.6392518281936646
1790028975397345500,20.327345458984375,-0.47405192255973816,2.0805611610412598,-0.8595184087753296
1790028975417395700,20.347395751953126,0.272938996553421,1.6639702320098877,-1.8315643072128296
1790028975467536100,20.3975361328125,-0.08858546614646912,1.9919757843017578,-0.0071826050989329815
1790028975477576400,20.407576416015626,-0.1173158809542656,1.237802267074585,-0.05506663769483566
1790028975487616800,20.41761669921875,-0.031124621629714966,0.9217676520347595,-0.31842881441116333
1790028975497656800,20.42765673828125,0.002394201699644327,1.1228805780410767,-0.7038952708244324
1790028975507697200,20.437697265625,-0.08379705995321274,1.137245774269104,-0.7661445140838623
1790028975517707000,20.44770703125,-0.26336219906806946,1.094150185585022,-0.5219359993934631
1790028975527747300,20.457747314453126,-0.6368576288223267,0.9983820915222168,-0.28730419278144836
1790028975547797200,20.47779736328125,-1.0438719987869263,0.43335050344467163,-0.5554547905921936
1790028975557837600,20.487837646484376,-0.9864110946655273,-0.047884032130241394,-0.4812345504760742
1790028975567847400,20.497847412109376,-0.5793967843055725,0.15801730751991272,-0.5985504388809204
1790028975587867000,20.517866943359376,-0.6248866319656372,0.7350199222564697,-1.5322890281677246
1790028975607947500,20.537947509765626,-1.0103530883789062,0.08858546614646912,-0.6799532771110535
1790028975617987800,20.54798779296875,-1.0965443849563599,-0.6536170840263367,-0.6177040338516235
1790028975627997400,20.55799755859375,-0.6943184733390808,-0.8906430602073669,-0.047884032130241394
1790028975668097500,20.59809765625,0,2.22660756111145,-2.3965959548950195
1790028975678107400,20.608107421875,-1.2018892765045166,2.4803929328918457,-1.8315643072128296
1790028975708136700,20.63813671875,1.3982137441635132,0.009576806798577309,0.026336219161748886
1790028975738257400,20.66825732421875,-0.6584054827690125,0.2082955539226532,-1.8698714971542358
1790028975798407700,20.72840771484375,-0.45489832758903503,-1.6759412288665771,0.3974374830722809
1790028975808448000,20.738447998046876,-0.5746083855628967,-0.8762778043746948,-0.07422025501728058
1790028975828467500,20.758467529296876,-1.0654197931289673,0.5267243981361389,-1.8579005002975464
1790028975838507800,20.7685078125,-0.9097966551780701,0.9409212470054626,-0.9888052940368652
1790028975848578600,20.77857861328125,-0.727837324142456,0.4118026793003082,0.304063618183136
1790028975868689700,20.798689697265626,-0.4812345504760742,-0.7182605266571045,0.33518823981285095
1790028975888739600,20.818739501953125,0.10773907601833344,0.4141969084739685,-1.9728221893310547
1790028975918830000,20.848830078125,0.8930372595787048,1.2330138683319092,0.7829039692878723
1790028975938849500,20.868849609375,-0.8044517636299133,-0.11252748221158981,0.7469909191131592
1790028975948889900,20.878889892578126,-0.9169792532920837,-0.8547300100326538,-0.2537853717803955
1790028975958899700,20.888899658203126,-0.4812345504760742,-0.8451532125473022,-0.035913024097681046
1790028976039191300,20.96919140625,-1.4891934394836426,-1.4269442558288574,-0.26815059781074524
1790028976139441700,21.069441650390626,0.8331822156906128,-0.0071826050989329815,-0.1604115068912506
1790028976179572200,21.109572265625,0.12928688526153564,-0.38067805767059326,0.23702596127986908
1790028976189582000,21.11958203125,-0.07422025501728058,-0.6631938815116882,-0.5530605912208557
1790028976199591700,21.129591796875,0.019153613597154617,-0.7805097699165344,-0.507570743560791
1790028976209571000,21.139571044921876,0.1149216815829277,-0.19632454216480255,-0.16519992053508759
1790028976219611400,21.149611328125,0.3280056416988373,-0.035913024097681046,0.5961562395095825
1790028976229651500,21.1596513671875,0.6943184733390808,-0.49320554733276367,2.477998733520508
1790028976239691800,21.16969189453125,1.2832920551300049,0.10055647045373917,3.043030261993408
1790028976249671200,21.179671142578126,1.920149803161621,0.6727706789970398,2.075772762298584
1790028976259711500,21.18971142578125,2.4684219360351562,0.33758243918418884,1.4197616577148438
1790028976289710000,21.2197099609375,0.4596867263317108,-0.20350714027881622,0.17238251864910126
1790028976299750400,21.22975048828125,-0.45489832758903503,-0.047884032130241394,-0.10534487664699554
1790028976309760300,21.23976025390625,-1.0271124839782715,-0.07422025501728058,-0.26575639843940735
1790028976319769900,21.249769775390625,-1.4652514457702637,-0.5027823448181152,-0.5363011956214905
1790028976329749200,21.259749267578126,-1.6089035272598267,-1.0582371950149536,-0.17477671802043915
1790028976339789600,21.26978955078125,-1.7190368175506592,-1.158793568611145,-0.17238251864910126
1790028976399970000,21.329969970703125,-0.6584054827690125,-0.2968810200691223,1.403002142906189
1790028976420020200,21.350020263671876,-0.3758896589279175,-0.8523358106613159,0.35673606395721436
1790028976430030000,21.360030029296876,-0.6703764796257019,-0.8571242094039917,0.45489832758903503
1790028976440070100,21.370070068359375,-0.9600749015808105,-0.6799532771110535,0.1388636976480484
1790028976450080000,21.380080078125,-0.8810662031173706,-0.4357447028160095,0.15083470940589905
1790028976530310700,21.460310546875,0.15562310814857483,-0.002394201699644327,0.45489832758903503
1790028976540351000,21.47035107421875,0.05746084079146385,-0.028730420395731926,0.08858546614646912
1790028976550391300,21.480391357421876,0.15801730751991272,0.12689268589019775,-0.5171475410461426
1790028976560431600,21.490431640625,0.18914192914962769,-0.10295066982507706,-0.6057330369949341
1790028976570441500,21.50044140625,0.11252748221158981,-0.016759412363171577,-0.7805097699165344
1790028976590521900,21.52052197265625,0.2346317619085312,-0.3208230137825012,0.47405192255973816
1790028976600531700,21.53053173828125,0.29209262132644653,-0.09816227108240128,0.8954314589500427
1790028976610541600,21.54054150390625,0.17956513166427612,-0.4213795065879822,1.2449848651885986
1790028976630591500,21.560591552734376,0.14844051003456116,-0.35434186458587646,0.8140285611152649
1790028976660681700,21.590681640625,-0.3519476354122162,-0.45010992884635925,0.9672574996948242
1790028976670722000,21.60072216796875,-0.6727706789970398,-0.5530605912208557,0.6368576288223267
1790028976680732000,21.61073193359375,-0.7972691655158997,-0.4668693244457245,0.5291185975074768
1790028976700812500,21.6308125,-0.38307225704193115,-0.507570743560791,0.6655880808830261
1790028976710822100,21.640822265625,-0.4165911078453064,-0.2849099934101105,0.5937620401382446
1790028976720862500,21.650862548828126,-0.29209262132644653,-0.35913026332855225,0.6440402865409851
1790028976730902800,21.66090283203125,-0.21308395266532898,-0.24181437492370605,0.727837324142456
1790028976740943000,21.670943115234376,-0.38546648621559143,-0.026336219161748886,0.5554547905921936
1790028976750953000,21.680952880859376,-0.28969839215278625,0.13407529890537262,0.40222588181495667
1790028976760993000,21.690992919921875,-0.0933738648891449,0.0071826050989329815,0.40462008118629456
1790028976771063800,21.701063720703125,0.2059013396501541,-0.004788403399288654,0.4189853072166443
1790028976781073700,21.71107373046875,0.363918662071228,-0.004788403399288654,0.28730419278144836
1790028976791083500,21.72108349609375,0.09816227108240128,-0.043095629662275314,0.17956513166427612
1790028976801093000,21.731093017578125,0.040701430290937424,-0.17477671802043915,0.35913026332855225
1790028976811164000,21.741163818359375,-0.002394201699644327,-0.16519992053508759,0.2585737705230713
1790028976821173800,21.751173828125,0.05506663769483566,-0.09816227108240128,0.17477671802043915
1790028976831183600,21.76118359375,0.20350714027881622,-0.2082955539226532,0.5147533416748047
1790028976841224000,21.771223876953126,0.1628057211637497,-0.6775590777397156,0.9600749015808105
1790028976851264000,21.781263916015625,-0.028730420395731926,-0.7086837291717529,1.821987509727478
1790028976861304300,21.79130419921875,-0.3208230137825012,-1.1803414821624756,2.2409727573394775
1790028976871314200,21.801314208984376,-0.35434186458587646,-1.3982137441635132,2.2697031497955322
1790028976881324000,21.811323974609376,-0.33279404044151306,-1.7693150043487549,2.3918075561523438
1790028976911383800,21.8413837890625,-0.6033388376235962,-1.6903064250946045,3.2345664501190186
1790028976931495000,21.861494873046876,-0.5746083855628967,-1.4963760375976562,3.002328872680664
1790028976941535200,21.87153515625,-0.3232172429561615,-1.192312479019165,2.494758129119873
1790028976951575300,21.8815751953125,-0.08379705995321274,-1.036689281463623,2.1092917919158936
1790028976961646000,21.89164599609375,-0.1173158809542656,-1.3479355573654175,2.1332337856292725
1790028976971656000,21.901656005859376,-0.33518823981285095,-1.3096283674240112,1.8267759084701538
1790028976981696300,21.9116962890625,-0.5003881454467773,-1.072602391242981,1.2114660739898682
1790028976991736600,21.921736572265626,-0.9409212470054626,-1.2545616626739502,1.4987702369689941
1790028977001777000,21.93177685546875,-1.2713210582733154,-0.950498104095459,1.6735470294952393
1790028977021796400,21.95179638671875,-1.0678139925003052,-1.3910311460494995,1.802833914756775
1790028977031806200,21.96180615234375,-1.5083470344543457,-1.7908629179000854,2.190694570541382
1790028977041846300,21.97184619140625,-2.121262788772583,-1.4197616577148438,1.845929503440857
1790028977051856100,21.981856201171876,-2.4013843536376953,-1.0247182846069336,1.1109095811843872
1790028977061896400,21.991896484375,-2.205059766769409,-1.1635819673538208,1.1252747774124146
1790028977071936800,22.001936767578126,-1.9081788063049316,-1.1803414821624756,1.3479355573654175
1790028977081977000,22.01197705078125,-2.1116859912872314,-1.3407529592514038,1.886630892753601
1790028977091986700,22.021986572265625,-2.5737667083740234,-0.9600749015808105,1.5275006294250488
1790028977101996500,22.03199658203125,-2.6455929279327393,-0.8140285611152649,1.1276689767837524
1790028977112006400,22.04200634765625,-2.0470423698425293,-0.3758896589279175,0.40940847992897034
1790028977122046500,22.05204638671875,-1.4987702369689941,-0.706289529800415,0.4572925269603729
1790028977132086800,22.062086669921875,-1.3455413579940796,-0.9385270476341248,0.5746083855628967
1790028977142096600,22.0720966796875,-1.5729905366897583,-0.7757213711738586,0.4405331015586853
1790028977152198000,22.082197998046876,-1.534683346748352,-0.12689268589019775,-0.23702596127986908
1790028977162207700,22.092207763671876,-1.3024457693099976,0.304063618183136,-0.36152446269989014
1790028977172217600,22.102217529296876,-0.6847416758537292,0.5650315880775452,-0.13168109953403473
1790028977182227200,22.112227294921876,-0.31124621629714966,0.730231523513794,0.3208230137825012
1790028977192267500,22.122267578125,-0.3758896589279175,-0.028730420395731926,1.0414776802062988
1790028977202307800,22.132307861328126,-0.27054479718208313,-0.1628057211637497,1.2186486721038818
1790028977212317700,22.142317626953126,-0.3974374830722809,-0.011971008032560349,0.3232172429561615
1790028977222327300,22.152327392578126,-0.21308395266532898,0.33758243918418884,-1.2473790645599365
1790028977242377500,22.17237744140625,-0.181959331035614,-0.21547815203666687,0.5530605912208557
1790028977252387000,22.182386962890625,-0.545877993106842,-0.5554547905921936,0.33518823981285095
1790028977262427400,22.192427490234376,-0.45010992884635925,-0.22505496442317963,0.06464344263076782
1790028977272498200,22.202498291015626,-0.31124621629714966,0.3447650372982025,-0.6392518281936646
1790028977282538500,22.21253857421875,-0.272938996553421,-0.6607996821403503,-0.6033388376235962
1790028977292609300,22.222609375,-0.6703764796257019,-1.2761094570159912,1.3479355573654175
1790028977302680000,22.23268017578125,-1.1563993692398071,-1.4508862495422363,1.1659762859344482
1790028977312720400,22.242720458984376,-1.2425906658172607,-0.9026140570640564,-0.5123591423034668
1790028977322730200,22.252730224609376,-1.0414776802062988,-0.5817909836769104,-0.3016694188117981
1790028977332801000,22.262801025390626,-0.9768342971801758,-1.290474772453308,0.33758243918418884
1790028977352851000,22.282850830078125,-1.3838485479354858,-0.4908113479614258,0.22505496442317963
1790028977383032800,22.31303271484375,-1.0223240852355957,-0.569819986820221,-0.21547815203666687
1790028977403083000,22.3330830078125,-1.039083480834961,-1.3503297567367554,2.2409727573394775
1790028977413123300,22.343123291015626,-1.070208191871643,-0.9576807022094727,1.0295066833496094
1790028977443213600,22.373213623046876,-0.3447650372982025,0.2968810200691223,-0.8236053586006165
1790028977453223400,22.383223388671876,-0.45250412821769714,0.002394201699644327,-0.21547815203666687
1790028977473273300,22.4032734375,-1.414973258972168,-1.4460978507995605,0.8643068075180054
1790028977493323500,22.423323486328126,-2.3535003662109375,-0.49799394607543945,0.011971008032560349
1790028977553504000,22.48350390625,-1.3024457693099976,-0.667982280254364,0.26096799969673157
1790028977573584600,22.503584716796876,-1.7310078144073486,-1.6543933153152466,-0.021547814831137657
1790028977643775000,22.57377490234375,-1.0869675874710083,-0.30885201692581177,0.11013327538967133
1790028977663855600,22.593855712890626,-2.250549554824829,-0.1149216815829277,-0.5674257874488831
1790028977673896000,22.60389599609375,-1.9393033981323242,0.2968810200691223,-0.6200982332229614
1790028977683966700,22.613966796875,-1.3862427473068237,-0.2059013396501541,-0.4141969084739685
1790028977704047400,22.63404736328125,-1.1037269830703735,0.16998831927776337,0.1604115068912506
1790028977714057000,22.644056884765625,-1.6065093278884888,0.5195417404174805,-0.45010992884635925
1790028977724128000,22.6541279296875,-1.9105730056762695,0.9145850539207458,-0.6177040338516235
1790028977734137600,22.6641376953125,-1.742978811264038,0.4908113479614258,-0.4381389021873474
1790028977744178000,22.674177978515626,-1.1875240802764893,1.1180921792984009,-0.4165911078453064
1790028977754218200,22.68421826171875,-1.4532804489135742,1.6735470294952393,-0.38307225704193115
1790028977794348800,22.724348876953126,-1.1516109704971313,1.556231141090393,-0.06464344263076782
1790028977804389000,22.73438916015625,-0.5913678407669067,1.0606313943862915,0.11013327538967133
1790028977834479400,22.764479248046875,-0.26575639843940735,1.1204863786697388,0.2561795711517334
1790028977844550100,22.774550048828125,-0.5051765441894531,1.0414776802062988,0.24420857429504395
1790028977854560000,22.78456005859375,-0.6536170840263367,1.1827356815338135,0.20350714027881622
1790028977924719900,22.854719970703126,0.4644751250743866,1.968033790588379,-1.460463047027588
1790028977954779600,22.884779541015625,-0.1364694982767105,1.8818424940109253,-1.070208191871643
1790028977964789500,22.89478955078125,-0.19871874153614044,1.7836803197860718,0.06464344263076782
1790028977984839700,22.914839599609376,-0.2753331959247589,1.6903064250946045,0.0933738648891449
1790028977994879700,22.924879638671875,-0.05746084079146385,1.8579005002975464,-0.28730419278144836
1790028978004920000,22.934920166015626,-0.22744916379451752,2.0422539710998535,-1.0534487962722778
1790028978014960400,22.94496044921875,-0.5602431893348694,1.522712230682373,-0.8212111592292786
1790028978025000700,22.955000732421876,-0.6129156351089478,1.0103530883789062,0.11013327538967133
1790028978035010600,22.965010498046876,-0.5195417404174805,0.6033388376235962,0.4644751250743866
1790028978045020200,22.975020263671876,-0.038307227194309235,-0.0071826050989329815,0.7134721279144287
1790028978055060500,22.985060546875,0.42616790533065796,0.6560112833976746,-0.0454898327589035
1790028978065100800,22.995100830078126,0.21547815203666687,1.6089035272598267,-1.5490485429763794
1790028978075110700,23.005110595703126,-0.4908113479614258,2.185906171798706,-2.212242364883423
1790028978085150700,23.015150634765625,-1.0055646896362305,2.049436569213867,-1.8602946996688843
1790028978095221800,23.0252216796875,-0.9840168952941895,1.359906554222107,-0.4836287498474121
1790028978105231400,23.0352314453125,-0.2944868206977844,0.9145850539207458,0.667982280254364
1790028978195441400,23.12544140625,1.53707754611969,-0.21308395266532898,2.4229321479797363
1790028978215491300,23.1454912109375,0.20111294090747833,-0.42377370595932007,-1.944091796875
1790028978255561000,23.18556103515625,-1.192312479019165,-0.9457096457481384,1.2066776752471924
1790028978265570800,23.19557080078125,-0.5291185975074768,-1.1324573755264282,1.8602946996688843
1790028978275580400,23.205580322265625,0.3016694188117981,-0.9481038451194763,1.8579005002975464
1790028978285620700,23.215620849609376,0.7829039692878723,-0.6153098344802856,0.4118026793003082
1790028978305701400,23.235701416015626,-1.5442601442337036,-0.004788403399288654,-1.5682021379470825
1790028978325751300,23.255751220703125,-2.5067291259765625,-1.0007762908935547,-0.4429273009300232
1790028978335791600,23.26579150390625,-1.161187767982483,-1.5179238319396973,0.4357447028160095
1790028978365851400,23.295851318359375,1.9919757843017578,0.9385270476341248,-0.6943184733390808
1790028978375861200,23.305861328125,0.9744400978088379,1.3527239561080933,-1.7501614093780518
1790028978405951500,23.335951416015625,-0.5770025849342346,-0.7661445140838623,1.7094600200653076
1790028978415961300,23.34596142578125,-0.17477671802043915,-0.40222588181495667,2.279279947280884
1790028978426001700,23.356001708984376,-0.26575639843940735,-0.26336219906806946,1.0654197931289673
1790028978446051800,23.3760517578125,-0.6200982332229614,-0.7829039692878723,-0.43335050344467163
1790028978466101800,23.396101806640626,0.040701430290937424,0.19871874153614044,-1.2521674633026123
1790028978476111600,23.406111572265626,-0.17717093229293823,-0.6943184733390808,-0.5434837937355042
1790028978486121200,23.416121337890626,-0.5889736413955688,-0.8307880163192749,0.6344634294509888
1790028978506141000,23.436140869140626,-0.016759412363171577,-0.524330198764801,1.7190368175506592
1790028978516150500,23.446150634765626,0.5410895943641663,-0.5027823448181152,1.1061211824417114
1790028978526160400,23.456160400390626,1.0558429956436157,-0.7182605266571045,0.7015010714530945
1790028978536200700,23.46620068359375,1.292868971824646,-0.9696516990661621,0.35673606395721436
1790028978546210300,23.476210205078125,1.0438719987869263,-0.24899697303771973,-0.13407529890537262
1790028978566291000,23.496291015625,0.17717093229293823,0.19393034279346466,-0.545877993106842
1790028978576331300,23.506331298828126,-0.035913024097681046,-0.19871874153614044,0.019153613597154617
1790028978586371600,23.51637158203125,0.016759412363171577,-0.28730419278144836,0.7852981686592102
1790028978606452200,23.5364521484375,0.849941611289978,-0.20111294090747833,0.4644751250743866
1790028978656623000,23.586623046875,-0.14844051003456116,0.31124621629714966,0.35913026332855225
1790028978686713300,23.61671337890625,-0.4572925269603729,-0.33279404044151306,0.043095629662275314
1790028978746863400,23.67686328125,0.06224924325942993,-0.3711012601852417,0.15562310814857483
1790028978817054000,23.747053955078126,0.6871358752250671,-0.6392518281936646,0.5410895943641663
1790028978837103900,23.767103759765625,0.07661445438861847,-0.7733271718025208,0.6560112833976746
1790028978867163600,23.79716357421875,-0.0933738648891449,-0.15322890877723694,-0.06464344263076782
1790028978877173500,23.807173583984376,0.31124621629714966,-0.35673606395721436,1.113303780555725
1790028978887183400,23.817183349609376,0.3016694188117981,-0.05027823522686958,1.460463047027588
1790028978897193000,23.82719287109375,0.569819986820221,0.16519992053508759,0.2801215946674347
1790028978907263700,23.837263671875,0.8882488012313843,0.2059013396501541,-0.3687070608139038
1790028978917243100,23.8472431640625,1.1037269830703735,-0.16998831927776337,0.6536170840263367
1790028978927283500,23.857283447265626,0.7613561153411865,-0.5291185975074768,1.2521674633026123
1790028978937293000,23.86729296875,0.42377370595932007,-0.7206547260284424,1.2473790645599365
1790028978957312800,23.887312744140626,0.9385270476341248,0.1628057211637497,0.5746083855628967
1790028978987372500,23.91737255859375,0.43095630407333374,-0.6943184733390808,1.5753847360610962
1790028979007453200,23.937453125,-0.08379705995321274,-0.0694318488240242,-0.2753331959247589
1790028979027372500,23.95737255859375,0.4572925269603729,-0.23702596127986908,-0.023942016065120697
1790028979037382400,23.96738232421875,0.3878606855869293,-0.2346317619085312,0.5386953949928284
1790028979047422700,23.977422607421875,0.09576806426048279,-0.5626373887062073,1.015141487121582
1790028979067472600,23.99747265625,0.43095630407333374,-0.45250412821769714,0.3016694188117981
1790028979077482500,24.007482421875,0.5339069962501526,-0.4357447028160095,0.35913026332855225
1790028979117613000,24.047613037109375,0.395043283700943,-0.3064578175544739,1.0965443849563599
1790028979127653400,24.0576533203125,0.272938996553421,-0.4357447028160095,0.933738648891449
1790028979137693700,24.067693603515625,0.12689268589019775,-0.44771572947502136,0.4357447028160095
1790028979147703300,24.077703369140625,0.08379705995321274,-0.5913678407669067,0.6584054827690125
1790028979157713200,24.087713134765625,-0.023942016065120697,-0.5099649429321289,0.8212111592292786
1790028979187834000,24.117834228515626,-0.3232172429561615,-0.849941611289978,1.3503297567367554
1790028979197874400,24.12787451171875,-0.36152446269989014,-0.6967126727104187,0.9481038451194763
1790028979207884000,24.137884033203125,-0.12689268589019775,-0.727837324142456,0.8068459630012512
1790028979217924400,24.14792431640625,0.090979665517807,-0.7350199222564697,0.768538773059845
1790028979227934200,24.157934326171876,-0.06224924325942993,-0.9648633003234863,1.3192051649093628
1790028979237943800,24.16794384765625,-0.19871874153614044,-1.0295066833496094,1.1851298809051514
1790028979247984000,24.177984130859375,-0.2513911724090576,-0.9768342971801758,1.091755986213684
1790028979257994000,24.187993896484375,-0.16998831927776337,-1.0055646896362305,0.7565677165985107
1790028979268003800,24.19800390625,-0.1604115068912506,-0.9840168952941895,0.507570743560791
1790028979278044000,24.2080439453125,0.05985504388809204,-0.6392518281936646,0.2059013396501541
1790028979288053800,24.2180537109375,0.49559974670410156,-0.0071826050989329815,0.33758243918418884
1790028979298094000,24.228093994140625,0.9074024558067322,0.3495534360408783,0.35434186458587646
1790028979308134400,24.238134521484376,0.9600749015808105,0.24420857429504395,0.5386953949928284
1790028979318174700,24.2481748046875,0.7948749661445618,-0.08379705995321274,1.1037269830703735
1790028979328184300,24.258184326171875,0.507570743560791,-0.2298433631658554,1.161187767982483
1790028979398283300,24.328283203125,0.14844051003456116,-0.047884032130241394,1.4101848602294922
1790028979408293000,24.338293212890626,0.11971008777618408,-0.26336219906806946,1.721431016921997
1790028979458402800,24.38840283203125,-1.4389152526855469,-1.3527239561080933,2.274491548538208
1790028979518553000,24.448552978515625,-1.335964560508728,-1.6639702320098877,2.5522189140319824
1790028979578672600,24.508672607421875,-1.4963760375976562,-1.3623007535934448,2.631227731704712
1790028979638883800,24.5688837890625,-1.4724340438842773,-0.7493851184844971,1.1635819673538208
1790028979709105000,24.63910498046875,-1.0654197931289673,-0.5339069962501526,0.7374141216278076
1790028979789427000,24.719427001953125,-0.9864110946655273,-0.8762778043746948,0.9744400978088379
1790028979859556400,24.789556396484375,-0.9911994934082031,-0.9409212470054626,0.5267243981361389
1790028979869566200,24.799566162109375,-1.5322890281677246,-1.2737152576446533,-0.2513911724090576
1790028979879576000,24.809576171875,-1.9704279899597168,-1.1875240802764893,-1.400607943534851
1790028979909635800,24.8396357421875,-1.680729627609253,-0.9528923034667969,-0.569819986820221
1790028979989805600,24.9198056640625,-1.0055646896362305,-0.26815059781074524,-0.17238251864910126
1790028980039915300,24.969915283203125,-0.4908113479614258,1.1516109704971313,-1.0749965906143188
1790028980110044700,25.040044677734375,-1.1444283723831177,1.9249382019042969,-1.2090718746185303
1790028980190275300,25.120275390625,-2.6575639247894287,-0.016759412363171577,1.4963760375976562
1790028980240415700,25.170415771484375,-1.278503656387329,0.9313444495201111,-0.706289529800415
1790028980310667300,25.240667236328125,-0.5315127968788147,2.097320795059204,-0.5817909836769104
1790028980330748000,25.260747802734375,-0.5722141861915588,2.367865562438965,-1.1300631761550903
1790028980340757500,25.270757568359375,-0.4692635238170624,2.6360161304473877,-0.8355764150619507
1790028980350797800,25.2807978515625,-0.3711012601852417,2.964021682739258,-0.849941611289978
1790028980360838100,25.290838134765625,-0.31364041566848755,3.251325845718384,-0.3711012601852417
1790028980370848000,25.300847900390625,-0.33997663855552673,2.942473888397217,0.15322890877723694
1790028980430937000,25.36093701171875,-0.05506663769483566,2.1068975925445557,-1.1228805780410767
1790028980461027300,25.39102734375,0.16519992053508759,1.843535304069519,0.1173158809542656
1790028980471037200,25.401037109375,0.05746084079146385,2.094926595687866,-0.9696516990661621
1790028980481077500,25.411077392578125,-0.2968810200691223,1.599326729774475,-1.3120225667953491
1790028980491117800,25.421117919921876,-0.586579442024231,1.1563993692398071,-0.8930372595787048
1790028980501158000,25.431157958984375,-0.5410895943641663,1.0295066833496094,-0.22266076505184174
1790028980511167700,25.441167724609375,-0.45489832758903503,0.5267243981361389,0.2106897532939911
1790028980531218000,25.461218017578126,-0.2825157940387726,0.043095629662275314,0.689530074596405
1790028980551267800,25.481267822265625,0.3447650372982025,1.091755986213684,-0.545877993106842
1790028980561308200,25.49130810546875,-0.20111294090747833,1.2832920551300049,-1.6112977266311646
1790028980571318000,25.501318115234376,-0.7852981686592102,1.6687586307525635,-1.4724340438842773
1790028980581358000,25.511358154296875,-1.280897855758667,1.381454348564148,-0.9696516990661621
1790028980591368000,25.521367919921875,-1.070208191871643,0.7972691655158997,-0.33279404044151306
1790028980601377800,25.531377685546875,-0.6488286852836609,1.3886369466781616,-0.4405331015586853
1790028980611387400,25.541387451171875,-0.7924807667732239,1.4317326545715332,-1.192312479019165
1790028980621397200,25.551397216796875,-0.7182605266571045,1.1348515748977661,-0.7230489253997803
1790028980651457000,25.58145703125,0.31842881441116333,-0.19393034279346466,-0.08858546614646912
1790028980661497300,25.591497314453125,0.21547815203666687,-0.12928688526153564,-0.7829039692878723
1790028980671537700,25.60153759765625,-0.6344634294509888,-0.1843535304069519,-1.9584569931030273
1790028980681578000,25.611577880859375,-1.235408067703247,-0.5626373887062073,-2.4851813316345215
1790028980691618300,25.621618408203126,-1.1540051698684692,-0.5937620401382446,-1.7310078144073486
1790028980701628000,25.6316279296875,-0.0071826050989329815,-0.811634361743927,-0.3495534360408783
1790028980711637800,25.6416376953125,1.4915876388549805,-0.28730419278144836,1.1420341730117798
1790028980721678000,25.651677978515625,2.1571757793426514,0.6607996821403503,1.0127472877502441
1790028980731687700,25.661687744140625,1.5610195398330688,0.9696516990661621,-0.5219359993934631
1790028980741697500,25.671697509765625,-0.019153613597154617,0.43095630407333374,-0.9959878921508789
1790028980751707400,25.681707275390625,-1.0079588890075684,0.31603461503982544,-1.1899182796478271
1790028980761717000,25.691717041015625,-0.7541735172271729,-0.10055647045373917,-1.1468225717544556
1790028980771726800,25.701726806640625,0.07900865375995636,0.3232172429561615,-1.194706678390503
1790028980781736700,25.71173681640625,0.49320554733276367,0.6416460275650024,-0.8930372595787048
1790028980791746300,25.721746337890625,0.38307225704193115,1.170764684677124,-0.5578489899635315
1790028980801756200,25.731756103515625,0.06703764945268631,1.5945383310317993,-0.4213795065879822
1790028980821806000,25.75180615234375,0.22026655077934265,0.3998316824436188,-1.094150185585022
1790028980831877000,25.761877197265626,-0.10773907601833344,0.2585737705230713,-1.1276689767837524
1790028980841886700,25.77188671875,0.07422025501728058,-0.2298433631658554,-0.9097966551780701
1790028980851896600,25.781896484375,0.689530074596405,-0.16759411990642548,-0.23702596127986908
1790028980861906200,25.79190625,1.1779472827911377,0.1173158809542656,-0.14365209639072418
1790028980871916000,25.801916015625,1.0342950820922852,0.4620809257030487,-0.33039984107017517
1790028980881926000,25.81192578125,0.4908113479614258,0.12210428714752197,-0.1412578970193863
1790028980922056400,25.852056396484375,0.9552865028381348,-0.4141969084739685,0.40940847992897034
1790028980992277500,25.922277587890626,0.2322375625371933,0.047884032130241394,-0.4884171485900879
1790028981082579000,26.012578857421875,1.6160861253738403,-0.0694318488240242,-0.009576806798577309
1790028981172789000,26.1027890625,1.4077905416488647,0.038307227194309235,-1.1875240802764893
1790028981182798600,26.112798583984375,1.460463047027588,0.5027823448181152,-0.9552865028381348
1790028981192808400,26.122808349609375,0.9600749015808105,0.9744400978088379,-0.40222588181495667
1790028981202818000,26.132818115234375,0.21787235140800476,0.6488286852836609,-0.12449848651885986
1790028981212828000,26.142827880859375,0.23942017555236816,0.38546648621559143,0.13168109953403473
1790028981232847400,26.162847412109375,1.1827356815338135,-0.5913678407669067,1.5849615335464478
1790028981313047600,26.243047607421875,0.5291185975074768,0.12928688526153564,0.5123591423034668
1790028981343107600,26.273107666015626,1.3958195447921753,-0.10055647045373917,1.8171991109848022
1790028981353147600,26.283147705078125,1.2473790645599365,-0.043095629662275314,1.292868971824646
1790028981363157500,26.293157470703125,1.2330138683319092,-0.035913024097681046,0.31603461503982544
1790028981373167400,26.30316748046875,1.115697979927063,-0.4668693244457245,0.43095630407333374
1790028981383207700,26.313207763671876,1.0678139925003052,-0.5985504388809204,1.2641384601593018
1790028981393278500,26.323278564453126,0.9002198576927185,-0.17477671802043915,0.6919242739677429
1790028981403318800,26.33331884765625,0.8571242094039917,0.12928688526153564,-0.011971008032560349
1790028981413328400,26.343328369140625,1.1204863786697388,0.20111294090747833,-0.272938996553421
1790028981453459000,26.383458984375,0.028730420395731926,-0.21787235140800476,0.21787235140800476
1790028981463529700,26.39352978515625,0.3280056416988373,-0.26815059781074524,-0.3423708379268646
1790028981473570000,26.403570068359375,0.7326257228851318,-0.8331822156906128,0.22505496442317963
1790028981483610400,26.4136103515625,0.5722141861915588,-0.8140285611152649,0.5123591423034668
1790028981493650700,26.423650634765625,0.17717093229293823,-0.7924807667732239,0.6320692300796509
1790028981503660500,26.43366064453125,-0.07422025501728058,-0.06703764945268631,0.6607996821403503
1790028981513670100,26.443670166015625,0.09816227108240128,0.21308395266532898,0.828393816947937
1790028981573851000,26.503850830078125,0.7972691655158997,-0.9552865028381348,0.9888052940368652
1790028981634001200,26.564001220703126,0.7398083209991455,-0.26575639843940735,0.6560112833976746
1790028981644041200,26.574041259765625,0.5985504388809204,-0.363918662071228,0.42377370595932007
1790028981654051000,26.584051025390625,0.18914192914962769,-0.2537853717803955,-0.035913024097681046
1790028981664061000,26.59406103515625,0.06464344263076782,-0.14604631066322327,-0.19871874153614044
1790028981674040000,26.6040400390625,-0.07182604819536209,-0.4429273009300232,0.1364694982767105
1790028981704161000,26.6341611328125,0.019153613597154617,-0.40222588181495667,0.569819986820221
1790028981714140200,26.64414013671875,0.181959331035614,-0.49559974670410156,0.9816226959228516
1790028981724211000,26.6542109375,0.363918662071228,-0.4692635238170624,1.0462661981582642
1790028981794310000,26.724309814453125,0.3064578175544739,-0.5913678407669067,0.9672574996948242
1790028981804350200,26.73435009765625,0.3495534360408783,-0.5315127968788147,0.8643068075180054
1790028981814390500,26.744390625,0.5626373887062073,-0.4812345504760742,1.015141487121582
1790028981824400100,26.754400146484375,0.5626373887062073,-0.5722141861915588,0.9983820915222168
1790028981844450300,26.7744501953125,0.7326257228851318,0.06224924325942993,0.7110779285430908
1790028981864500200,26.794500244140625,0.2801215946674347,-0.395043283700943,1.2425906658172607
1790028981874540500,26.80454052734375,0.10055647045373917,-0.38067805767059326,1.2042834758758545
1790028981904661500,26.83466162109375,-0.07422025501728058,-1.0893617868423462,0.9169792532920837
1790028981914671000,26.844671142578125,-0.395043283700943,-0.9528923034667969,1.0749965906143188
1790028981924711400,26.85471142578125,-0.8355764150619507,-0.8188169598579407,1.1420341730117798
1790028981934721300,26.86472119140625,-0.7829039692878723,-0.6368576288223267,1.338358759880066
1790028981944792000,26.8747919921875,-0.7230489253997803,-0.7038952708244324,1.7262194156646729
1790028981954802000,26.884802001953126,-0.8164227604866028,-1.316810965538025,2.1715409755706787
1790028981964872700,26.894872802734376,-1.2114660739898682,-1.6663644313812256,2.5306711196899414
1790028981974912800,26.904912841796875,-2.032677173614502,-2.126051187515259,2.2002713680267334
1790028981994932500,26.924932373046875,-2.7533318996429443,-2.564189910888672,1.968033790588379
1790028982045103400,26.975103271484375,-1.4101848602294922,-1.742978811264038,3.24414324760437
1790028982055143700,26.985143798828126,-1.6855180263519287,-1.4532804489135742,2.5713725090026855
1790028982065153300,26.9951533203125,-1.4915876388549805,-1.3910311460494995,2.1523873805999756
1790028982115324200,27.04532421875,-1.5179238319396973,-0.8690952062606812,2.4133553504943848
1790028982165434000,27.09543408203125,-1.9177556037902832,-0.9050082564353943,1.2617442607879639
1790028982175474400,27.105474365234375,-1.7956513166427612,-0.9361328482627869,1.2880805730819702
1790028982185484300,27.115484375,-1.745373010635376,-0.7757213711738586,0.912190854549408
1790028982195524400,27.1255244140625,-1.4532804489135742,-0.2777273952960968,-0.7972691655158997
1790028982205534200,27.1355341796875,-1.1037269830703735,0.2059013396501541,-0.9002198576927185
1790028982215544000,27.1455439453125,-0.8882488012313843,-0.22505496442317963,0.3064578175544739
1790028982225553700,27.1555537109375,-0.8427590131759644,-1.1444283723831177,0.45250412821769714
1790028982235594000,27.165593994140625,-0.6248866319656372,-1.039083480834961,0.9481038451194763
1790028982245634300,27.17563427734375,-0.5482721924781799,-0.0694318488240242,1.659181833267212
1790028982265653800,27.19565380859375,-0.6775590777397156,-0.8068459630012512,2.126051187515259
1790028982285704000,27.215703857421875,-0.45010992884635925,-0.49799394607543945,-0.8212111592292786
1790028982305753900,27.23575390625,-0.44532153010368347,-1.048660397529602,0.17477671802043915
1790028982325804000,27.255803955078125,-1.4221558570861816,-0.24899697303771973,-0.14844051003456116
1790028982345823500,27.275823486328125,-0.181959331035614,-0.6440402865409851,1.170764684677124
1790028982365873700,27.295873779296876,0.3902548849582672,-0.4165911078453064,-0.9145850539207458
1790028982375883300,27.30588330078125,-0.21547815203666687,-0.4141969084739685,-0.5291185975074768
1790028982406034700,27.33603466796875,-1.6376339197158813,0.8020575642585754,-0.6631938815116882
1790028982426054100,27.35605419921875,0.08140286058187485,-0.3758896589279175,-0.30885201692581177
1790028982436125000,27.366125,0.8810662031173706,-1.2761094570159912,0.0933738648891449
1790028982456205600,27.38620556640625,-0.3232172429561615,0.6560112833976746,-0.45489832758903503
1790028982506315500,27.4363154296875,-0.19871874153614044,-0.3734954595565796,1.161187767982483
1790028982526426600,27.456426513671875,-0.2561795711517334,0.5099649429321289,-0.6416460275650024
1790028982566526700,27.496526611328125,0.040701430290937424,0.5602431893348694,0.5291185975074768
1790028982586607000,27.516607177734375,-1.2665326595306396,1.3670891523361206,-1.7357962131500244
1790028982636656000,27.56665625,0.5793967843055725,0.7086837291717529,0.16759411990642548
1790028982646665700,27.576665771484375,-0.43335050344467163,0.22026655077934265,-0.849941611289978
1790028982656675600,27.586675537109375,-1.3910311460494995,0.47165772318840027,-1.1683704853057861
1790028982666685400,27.596685546875,-2.255337953567505,-0.8188169598579407,-1.9704279899597168
1790028982676725800,27.606725830078126,-1.9105730056762695,-0.8978256583213806,-0.16759411990642548
1790028982686765800,27.616765869140625,-1.2976573705673218,0.6368576288223267,-1.1204863786697388
1790028982696775700,27.626775634765625,-1.7190368175506592,-0.9911994934082031,-0.5315127968788147
1790028982706785500,27.63678564453125,-1.7310078144073486,-0.016759412363171577,0.21787235140800476
1790028982716795100,27.646795166015625,-1.5825673341751099,-1.0534487962722778,-0.0454898327589035
1790028982726835500,27.65683544921875,-0.5602431893348694,-0.5770025849342346,0.5817909836769104
1790028982736845300,27.66684521484375,-0.4381389021873474,-0.43095630407333374,-0.014365210197865963
1790028982746885600,27.6768857421875,-0.7613561153411865,0.629675030708313,0.42377370595932007
1790028982756895200,27.686895263671875,-0.8882488012313843,1.278503656387329,0.47405192255973816
1790028982776976000,27.706975830078125,-0.26336219906806946,0.1628057211637497,-1.0558429956436157
1790028982786985700,27.71698583984375,-0.06464344263076782,0.48602294921875,-1.723825216293335
1790028982797026000,27.727026123046876,-0.45250412821769714,0.10055647045373917,-1.3527239561080933
1790028982817106400,27.7471064453125,-1.3623007535934448,1.745373010635376,-0.871489405632019
1790028982827146800,27.757146728515625,-1.436521053314209,2.121262788772583,0.17238251864910126
1790028982837156600,27.767156494140625,-0.9983820915222168,1.53707754611969,-0.45250412821769714
1790028982847166200,27.777166259765625,-0.7254431247711182,0.4836287498474121,-0.7829039692878723
1790028982867216400,27.79721630859375,-1.2521674633026123,1.0893617868423462,-0.5410895943641663
1790028982877287200,27.807287109375,-0.9624691009521484,1.4867992401123047,0.17956513166427612
1790028982887327500,27.817327392578125,-0.6703764796257019,1.8626888990402222,0.31603461503982544
1790028982897337000,27.827337158203125,0.08619125932455063,1.2856862545013428,1.359906554222107
1790028982907347000,27.837346923828125,0.1412578970193863,1.6950948238372803,1.766920804977417
1790028982977568000,27.907568115234376,-0.1388636976480484,3.0765492916107178,-1.161187767982483
1790028982987608300,27.9176083984375,-0.016759412363171577,4.1874589920043945,-1.6112977266311646
1790028982997648400,27.9276484375,-0.363918662071228,4.048594951629639,-1.3192051649093628
1790028983007658200,27.937658203125,-0.047884032130241394,3.4356794357299805,-0.9959878921508789
1790028983027739000,27.95773876953125,1.01753568649292,1.7764976024627686,-0.7134721279144287
1790028983107878000,28.0378779296875,-0.5003881454467773,0.363918662071228,-0.090979665517807
1790028983117887700,28.0478876953125,-0.44532153010368347,-0.3064578175544739,-0.45489832758903503
1790028983147917000,28.0779169921875,-0.6751648783683777,0.5506663918495178,-1.3239935636520386
1790028983178007300,28.10800732421875,-0.3926490843296051,-0.4118026793003082,0.1867477297782898
1790028983198027000,28.128027099609376,-0.2059013396501541,0.9552865028381348,-2.169146776199341
1790028983208067000,28.138067138671875,-0.5961562395095825,1.036689281463623,-1.9919757843017578
1790028983268247800,28.198247802734375,-0.026336219161748886,1.235408067703247,-2.583343744277954
1790028983278318600,28.208318603515625,-0.6248866319656372,0.9169792532920837,-2.5282769203186035
1790028983288328400,28.218328369140625,-0.5123591423034668,1.659181833267212,-1.6184803247451782
1790028983298338300,28.22833837890625,-0.21547815203666687,2.142810583114624,-1.0821791887283325
1790028983308378400,28.23837841796875,-0.13168109953403473,2.2385785579681396,-0.26815059781074524
1790028983318418700,28.248418701171875,-0.05267243832349777,1.4413094520568848,0.272938996553421
1790028983348509200,28.27850927734375,-0.35434186458587646,0.5099649429321289,-2.0039467811584473
1790028983358549200,28.28854931640625,-0.6919242739677429,0.36152446269989014,-2.425326347351074
1790028983368559000,28.29855908203125,-0.38067805767059326,0.8188169598579407,-1.7932571172714233
1790028983378569000,28.30856884765625,0.27054479718208313,1.3335703611373901,-1.1803414821624756
1790028983388609300,28.318609375,0.7781155705451965,1.4221558570861816,-0.047884032130241394
1790028983398619000,28.328618896484375,0.7541735172271729,1.5275006294250488,0.31364041566848755
1790028983408659200,28.3386591796875,0.2059013396501541,0.7924807667732239,0.08858546614646912
1790028983418669000,28.3486689453125,-0.22026655077934265,-0.1867477297782898,-0.43335050344467163
1790028983428709400,28.35870947265625,-0.5434837937355042,-0.33279404044151306,-1.4245500564575195
1790028983458769200,28.38876904296875,0.17956513166427612,0.011971008032560349,-0.9528923034667969
1790028983468778800,28.39877880859375,0.7541735172271729,0.7781155705451965,0.586579442024231
1790028983478788600,28.40878857421875,1.161187767982483,1.1635819673538208,0.6607996821403503
1790028983488798500,28.418798583984376,1.01753568649292,-0.040701430290937424,0.4141969084739685
1790028983498838800,28.4288388671875,0.5195417404174805,-0.5363011956214905,-0.28969839215278625
1790028983508848400,28.438848388671875,0.23702596127986908,-0.586579442024231,-0.933738648891449
1790028983518888700,28.448888671875,0.45250412821769714,-0.6751648783683777,-0.6823474764823914
1790028983528898600,28.458898681640626,0.9672574996948242,-0.6607996821403503,-0.10055647045373917
1790028983538908200,28.468908203125,1.0965443849563599,0.16759411990642548,0.6823474764823914
1790028983548918000,28.47891796875,0.7805097699165344,0.10055647045373917,1.0965443849563599
1790028983558988800,28.48898876953125,0.3064578175544739,-0.07900865375995636,1.1492167711257935
1790028983568998700,28.49899853515625,0.004788403399288654,-0.12210428714752197,0.08140286058187485
1790028983579039000,28.5090390625,-0.4165911078453064,-0.667982280254364,-1.2210428714752197
1790028983589018000,28.51901806640625,-0.667982280254364,-1.2234370708465576,-1.4077905416488647
1790028983599089000,28.5290888671875,-0.5913678407669067,-0.4165911078453064,-1.3000515699386597
1790028983609129200,28.539129150390625,-0.2513911724090576,0.14604631066322327,-1.2258312702178955
1790028983619139000,28.54913916015625,0.07900865375995636,0.2968810200691223,-1.1085153818130493
1790028983629118200,28.5591181640625,0.08140286058187485,0.5003881454467773,-1.3431471586227417
1790028983639189000,28.56918896484375,-0.15562310814857483,0.4405331015586853,-0.811634361743927
1790028983729460000,28.6594599609375,0.43335050344467163,-0.35673606395721436,-0.5339069962501526
1790028983739530800,28.66953076171875,0.4812345504760742,-1.2449848651885986,0.026336219161748886
1790028983749510100,28.67951025390625,0.9193734526634216,-1.6041151285171509,1.2258312702178955
1790028983759550500,28.689550537109376,1.3431471586227417,-0.8690952062606812,1.3694833517074585
1790028983769590500,28.699590576171875,1.7070658206939697,0.06464344263076782,0.7398083209991455
1790028983779600400,28.709600341796875,1.7405846118927002,0.33039984107017517,0.8236053586006165
1790028983789579500,28.71957958984375,1.2545616626739502,-0.2059013396501541,1.4628572463989258
1790028983799619800,28.729619873046875,0.6057330369949341,-0.9792284965515137,2.6599581241607666
1790028983819670000,28.749669921875,-0.011971008032560349,-0.15083470940589905,-0.304063618183136
1790028983829649200,28.759649169921875,0.5147533416748047,-0.19871874153614044,-1.4891934394836426
1790028983839720000,28.769719970703125,0.9672574996948242,-0.950498104095459,-0.2801215946674347
1790028983849729800,28.779729736328125,0.5889736413955688,-1.6663644313812256,1.2114660739898682
1790028983859770000,28.78977001953125,0.1628057211637497,-0.1412578970193863,0.36152446269989014
1790028983869841000,28.7998408203125,0.22026655077934265,0.8906430602073669,-1.036689281463623
1790028983879881200,28.809881103515625,0.9744400978088379,0.10295066982507706,-0.06703764945268631
1790028983889921500,28.819921630859376,1.2473790645599365,-0.629675030708313,1.4221558570861816
1790028983899961600,28.829961669921875,0.8667010068893433,-0.4620809257030487,0.9050082564353943
1790028983940061700,28.870061767578125,2.121262788772583,-0.12689268589019775,1.886630892753601
1790028983950071600,28.880071533203125,1.8938134908676147,-0.08858546614646912,2.3558945655822754
1790028983980131300,28.91013134765625,1.0989385843276978,0.06464344263076782,0.10055647045373917
1790028983990141200,28.92014111328125,1.0893617868423462,-0.38067805767059326,0.37828385829925537
1790028984040281600,28.970281494140625,0.7350199222564697,-0.5434837937355042,0.19871874153614044
1790028984050291200,28.980291259765625,0.9840168952941895,-0.5746083855628967,-1.0199298858642578
1790028984070341400,29.00034130859375,0.6655880808830261,-0.42377370595932007,-0.4405331015586853
1790028984130583000,29.0605830078125,-0.47644615173339844,-1.259350061416626,2.1499931812286377
1790028984210783200,29.140783203125,-0.10295066982507706,-1.5490485429763794,1.256955862045288
1790028984260893200,29.19089306640625,0.09816227108240128,-0.6416460275650024,1.5705963373184204
1790028984270902800,29.20090283203125,0.42616790533065796,-0.3495534360408783,0.993593692779541
1790028984280912600,29.21091259765625,0.7015010714530945,-0.3016694188117981,0.751779317855835
1790028984290922500,29.220922607421876,0.2537853717803955,-0.5746083855628967,1.161187767982483
1790028984341123800,29.271123779296875,0.5985504388809204,-0.5219359993934631,0.11252748221158981
1790028984361173800,29.291173828125,0.3232172429561615,-0.4405331015586853,0.0071826050989329815
1790028984371275300,29.301275146484375,0.08619125932455063,-0.3447650372982025,-0.2992752194404602
1790028984381284900,29.311284912109375,0.16998831927776337,-0.42856210470199585,-0.29209262132644653
1790028984391294700,29.321294677734375,-0.002394201699644327,-0.38067805767059326,0.07900865375995636
1790028984401335000,29.3313349609375,0.13407529890537262,-0.3423708379268646,0.10773907601833344
1790028984471586600,29.401586669921876,-0.3208230137825012,-0.569819986820221,1.4844050407409668
1790028984481596200,29.41159619140625,-1.015141487121582,-0.5171475410461426,1.501164436340332
1790028984491636500,29.421636474609375,-1.3120225667953491,-0.4189853072166443,1.2306196689605713
1790028984501676800,29.4316767578125,-1.0462661981582642,0.031124621629714966,0.8140285611152649
1790028984511717000,29.441717041015625,-1.113303780555725,0.019153613597154617,0.9385270476341248
1790028984521757400,29.45175732421875,-1.5514427423477173,-0.05746084079146385,1.036689281463623
1790028984531767000,29.46176708984375,-1.6041151285171509,0.07900865375995636,0.5003881454467773
1790028984551847700,29.48184765625,-0.7374141216278076,0.569819986820221,0.2777273952960968
1790028984591978200,29.521978271484375,-0.6703764796257019,0.20111294090747833,-0.011971008032560349
1790028984622099200,29.55209912109375,-0.3471592366695404,-0.031124621629714966,0.4836287498474121
1790028984632109000,29.562109130859376,-0.07422025501728058,-0.272938996553421,0.2082955539226532
1790028984652189400,29.582189453125,-1.460463047027588,-0.7350199222564697,1.678335428237915
1790028984662199300,29.59219921875,-0.9265560507774353,-0.5147533416748047,-0.26815059781074524
1790028984682249200,29.612249267578125,-2.832340717315674,-0.21787235140800476,1.8171991109848022
1790028984692259000,29.622259033203125,-4.0533833503723145,-0.569819986820221,2.0231003761291504
1790028984702269000,29.63226904296875,-3.1244332790374756,-1.0821791887283325,1.5083470344543457
1790028984742338600,29.672338623046876,-2.3247697353363037,-1.0031704902648926,3.4811692237854004
1790028984752348200,29.68234814453125,-1.8986018896102905,-1.7262194156646729,2.126051187515259
1790028984772398300,29.7023984375,-0.7541735172271729,-2.513911724090576,2.75812029838562
1790028984872709600,29.802709716796876,0.8140285611152649,-1.0773907899856567,-0.5291185975074768
1790028984922911000,29.852910888671875,-0.19632454216480255,-0.30885201692581177,0.9576807022094727
1790028984942991600,29.87299169921875,-0.3926490843296051,0.19632454216480255,1.4915876388549805
1790028984953001200,29.883001220703125,-0.38307225704193115,-0.0694318488240242,1.5418659448623657
1790028984963011000,29.893010986328125,-0.33039984107017517,-0.3280056416988373,1.0319008827209473
1790028985003050000,29.933050048828125,0.019153613597154617,0.05985504388809204,0.47165772318840027
1790028985013121000,29.94312109375,-0.004788403399288654,0.24420857429504395,0.8451532125473022
1790028985023161000,29.9531611328125,0.16998831927776337,0.23942017555236816,0.6033388376235962
1790028985033171000,29.9631708984375,0.3256114423274994,0.19153612852096558,0.17956513166427612
1790028985043211300,29.973211181640625,0.16759411990642548,-0.043095629662275314,-0.06464344263076782
1790028985053221000,29.98322119140625,-0.0694318488240242,-0.031124621629714966,-0.2992752194404602
1790028985063230700,29.993230712890625,-0.019153613597154617,-0.1388636976480484,-0.3232172429561615
1790028985073240600,30.003240478515625,-0.035913024097681046,-0.2777273952960968,-0.21308395266532898
1790028985093290500,30.02329052734375,-0.1388636976480484,-0.15083470940589905,0.023942016065120697
1790028985123350300,30.053350341796875,0.26815059781074524,-0.24420857429504395,0.6560112833976746
1790028985133390600,30.063390625,0.2753331959247589,-0.2346317619085312,0.47165772318840027
1790028985143431000,30.073430908203125,0.1388636976480484,-0.4429273009300232,0.24660277366638184
1790028985153471200,30.08347119140625,0.06464344263076782,-0.45250412821769714,0.31603461503982544
1790028985163481000,30.093481201171876,0.14365209639072418,-0.3423708379268646,0.42616790533065796
1790028985223692300,30.1536923828125,-0.019153613597154617,-0.17477671802043915,0.12928688526153564
1790028985253752000,30.183751953125,0.08619125932455063,-0.3280056416988373,0.2825157940387726
1790028985293791000,30.223791015625,-0.24660277366638184,-0.019153613597154617,0.33997663855552673
1790028985303800800,30.23380078125,-0.10295066982507706,-0.043095629662275314,0.3734954595565796
1790028985313841200,30.243841064453125,-0.1628057211637497,-0.033518824726343155,0.1843535304069519
1790028985374052400,30.30405224609375,0.0454898327589035,-0.07661445438861847,0.10773907601833344
1790028985414152400,30.34415234375,-0.0454898327589035,0.016759412363171577,0.10534487664699554
1790028985424162000,30.354162109375,0.12210428714752197,0.021547814831137657,-0.035913024097681046
1790028985434172000,30.364171875,-0.05506663769483566,-0.22744916379451752,-0.17717093229293823
1790028985454252500,30.38425244140625,-0.26336219906806946,-0.181959331035614,0
1790028985464262100,30.39426220703125,-0.05027823522686958,-0.14604631066322327,0.040701430290937424
1790028985504393000,30.43439306640625,-0.0694318488240242,0.038307227194309235,0.0071826050989329815
1790028985544523500,30.4745234375,0.0933738648891449,-0.28969839215278625,-0.028730420395731926
1790028985574552800,30.504552734375,-0.17717093229293823,-0.2082955539226532,0.3016694188117981
1790028985584623600,30.51462353515625,-0.23702596127986908,-0.18914192914962769,0.3519476354122162
1790028985594694400,30.5246943359375,-0.07900865375995636,-0.29209262132644653,0.15322890877723694
1790028985624845800,30.554845703125,-0.22744916379451752,-0.2106897532939911,0.028730420395731926
1790028985634855400,30.56485546875,-0.1173158809542656,-0.1604115068912506,0.16998831927776337
1790028985644865300,30.574865234375,-0.07182604819536209,-0.10055647045373917,0.2777273952960968
1790028985654875100,30.584875244140626,-0.13168109953403473,-0.0933738648891449,0.22744916379451752
1790028985674925000,30.604925048828125,-0.0071826050989329815,-0.17717093229293823,-0.05506663769483566
1790028985684965400,30.61496533203125,-0.07900865375995636,-0.20350714027881622,-0.08379705995321274
1790028985705076500,30.635076416015625,-0.3208230137825012,-0.11252748221158981,0.31842881441116333
1790028985715086300,30.64508642578125,-0.12928688526153564,-0.17477671802043915,0.23702596127986908
1790028985725096000,30.655095947265625,-0.13168109953403473,-0.22744916379451752,0.021547814831137657
1790028985735105800,30.665105712890625,-0.24420857429504395,-0.07900865375995636,0.05027823522686958
1790028985745115600,30.67511572265625,-0.23942017555236816,0.1843535304069519,0.3423708379268646
1790028985755155700,30.68515576171875,0.035913024097681046,-0.11013327538967133,0.2753331959247589
1790028985765196000,30.695196044921875,-0.21787235140800476,-0.2944868206977844,0.19153612852096558
1790028985775236400,30.705236328125,-0.2801215946674347,-0.1843535304069519,0.047884032130241394
1790028985785246200,30.71524609375,-0.07182604819536209,-0.08140286058187485,0.016759412363171577
1790028985795255800,30.725255859375,0.026336219161748886,-0.040701430290937424,-0.0933738648891449
1790028985805296000,30.735296142578125,-0.06224924325942993,-0.05985504388809204,-0.12689268589019775
1790028985815336400,30.74533642578125,-0.26575639843940735,-0.05746084079146385,-0.08140286058187485
1790028985835386600,30.76538671875,-0.2298433631658554,0.004788403399288654,0.15083470940589905
1790028985845396200,30.775396240234375,-0.14604631066322327,-0.019153613597154617,0.12928688526153564
1790028985855406000,30.785406005859375,-0.05267243832349777,-0.26575639843940735,0.11013327538967133
1790028985865446400,30.7954462890625,-0.033518824726343155,-0.3208230137825012,0.090979665517807
1790028985875456000,30.8054560546875,-0.15322890877723694,-0.24420857429504395,0
1790028985925535500,30.855535400390625,-0.2585737705230713,-0.22266076505184174,0.09816227108240128
1790028985945616100,30.8756162109375,-0.23942017555236816,0,-0.11013327538967133
1790028986015837000,30.9458369140625,0.011971008032560349,0.09576806426048279,-0.019153613597154617
1790028986025877200,30.955877197265625,-0.18914192914962769,0.023942016065120697,0.24660277366638184
1790028986035948000,30.965947998046875,-0.3064578175544739,-0.08619125932455063,0.30885201692581177
1790028986045988400,30.97598828125,-0.3280056416988373,-0.05267243832349777,0.2777273952960968
1790028986056028700,30.986028564453125,-0.15083470940589905,-0.08379705995321274,0.3687070608139038
1790028986066038300,30.996038330078125,-0.14604631066322327,-0.31842881441116333,-0.033518824726343155
1790028986076048100,31.006048095703125,-0.19632454216480255,-0.3495534360408783,-0.12210428714752197
1790028986086119000,31.016118896484375,-0.21308395266532898,-0.38546648621559143,-0.1867477297782898
1790028986096128800,31.026128662109375,-0.2992752194404602,-0.22744916379451752,-0.20350714027881622
1790028986106138400,31.036138427734375,-0.3974374830722809,-0.023942016065120697,0.16759411990642548
1790028986156217900,31.0862177734375,-0.033518824726343155,-0.181959331035614,0.0454898327589035
1790028986176237300,31.1062373046875,-0.1364694982767105,-0.011971008032560349,0.1364694982767105
1790028986186277600,31.116277587890625,-0.2825157940387726,0.05267243832349777,0.09816227108240128
1790028986196287500,31.12628759765625,-0.3016694188117981,0.14844051003456116,-0.1604115068912506
1790028986206327800,31.136327880859376,-0.17477671802043915,0.06464344263076782,-0.035913024097681046
1790028986226377700,31.156377685546875,-0.08858546614646912,0.014365210197865963,0.05746084079146385
1790028986236387600,31.1663876953125,-0.1149216815829277,-0.11971008777618408,-0.0071826050989329815
1790028986246397200,31.176397216796875,-0.12449848651885986,-0.05506663769483566,0.028730420395731926
1790028986256407000,31.186406982421875,-0.033518824726343155,-0.05985504388809204,0.26575639843940735
1790028986266417000,31.1964169921875,0.05267243832349777,-0.31842881441116333,0.23942017555236816
1790028986306517000,31.23651708984375,-0.2944868206977844,-0.1388636976480484,-0.05506663769483566
1790028986316526600,31.246526611328125,-0.2585737705230713,-0.2322375625371933,0.11971008777618408
1790028986326536400,31.256536376953125,-0.21308395266532898,-0.06703764945268631,0.24181437492370605
1790028986376707300,31.306707275390625,-0.06703764945268631,-0.2322375625371933,0.2322375625371933
1790028986396788000,31.3267880859375,-0.24660277366638184,-0.08858546614646912,0.047884032130241394
1790028986406858800,31.336858642578125,-0.1412578970193863,-0.06703764945268631,0.019153613597154617
1790028986426939100,31.356939208984375,-0.35913026332855225,-0.016759412363171577,0.05267243832349777
1790028986456999200,31.386999267578126,-0.18914192914962769,-0.14604631066322327,-0.16759411990642548
1790028986467008800,31.3970087890625,-0.19871874153614044,-0.05027823522686958,-0.1628057211637497
1790028986487089400,31.41708935546875,-0.15562310814857483,-0.035913024097681046,0.19393034279346466
1790028986497190700,31.427190673828125,0.05027823522686958,-0.0694318488240242,0.26336219906806946
1790028986507200500,31.437200439453125,-0.10534487664699554,0.021547814831137657,0.0454898327589035
1790028986567411700,31.49741162109375,-0.19871874153614044,-0.14365209639072418,0.2513911724090576
1790028986627592400,31.557592529296876,-0.10055647045373917,-0.05027823522686958,-0.019153613597154617
