time,seconds_elapsed,x,z,y
1790028791160113200,0.095113037109375,-0.15801730751991272,-0.08619125932455063,0.10295066982507706
1790028791170092300,0.10509228515625,-0.2082955539226532,-0.33518823981285095,-0.1149216815829277
1790028791180102100,0.11510205078125,-0.33518823981285095,-0.090979665517807,0.023942016065120697
1790028791200021800,0.135021728515625,-0.2298433631658554,-0.09816227108240128,0.019153613597154617
1790028791209831400,0.14483154296875,-0.15562310814857483,-0.08140286058187485,0.08619125932455063
1790028791219741200,0.1547412109375,-0.15322890877723694,-0.019153613597154617,0.07661445438861847
1790028791229651000,0.16465087890625,-0.12210428714752197,-0.10773907601833344,0.07182604819536209
1790028791239691300,0.174691162109375,-0.038307227194309235,-0.13168109953403473,0.1628057211637497
1790028791259710700,0.194710693359375,-0.24899697303771973,-0.047884032130241394,-0.05506663769483566
1790028791269751000,0.2047509765625,-0.15562310814857483,-0.023942016065120697,0.09816227108240128
1790028791319799800,0.2547998046875,-0.13168109953403473,-0.10055647045373917,-0.05746084079146385
1790028791329840000,0.264840087890625,-0.20111294090747833,0.019153613597154617,-0.08140286058187485
1790028791339850000,0.27485009765625,-0.2322375625371933,-0.09816227108240128,-0.05506663769483566
1790028791349890300,0.284890380859375,-0.2346317619085312,-0.10295066982507706,-0.011971008032560349
1790028791359930400,0.294930419921875,-0.33039984107017517,-0.035913024097681046,0.13407529890537262
1790028791369970700,0.304970703125,-0.2346317619085312,-0.011971008032560349,-0.011971008032560349
1790028791389990400,0.324990478515625,-0.19153612852096558,-0.20350714027881622,0.15801730751991272
1790028791410009900,0.345009765625,-0.272938996553421,-0.13168109953403473,0.19871874153614044
1790028791420050200,0.35505029296875,-0.2513911724090576,-0.19153612852096558,0.14844051003456116
1790028791430059800,0.365059814453125,-0.18914192914962769,-0.12449848651885986,0.08140286058187485
1790028791440069600,0.375069580078125,-0.15322890877723694,-0.07422025501728058,-0.047884032130241394
1790028791450079500,0.38507958984375,-0.15562310814857483,0.09816227108240128,-0.12210428714752197
1790028791460058600,0.39505859375,-0.2346317619085312,0.05267243832349777,0.014365210197865963
1790028791470129400,0.40512939453125,-0.20111294090747833,0.026336219161748886,-0.004788403399288654
1790028791480108800,0.41510888671875,-0.11971008777618408,0.0071826050989329815,-0.05267243832349777
1790028791500189200,0.435189208984375,-0.1173158809542656,-0.05985504388809204,0.08858546614646912
1790028791520239400,0.4552392578125,-0.035913024097681046,-0.1149216815829277,0.0694318488240242
1790028791530249200,0.465249267578125,-0.07661445438861847,-0.1173158809542656,0.011971008032560349
1790028791540258800,0.4752587890625,-0.2968810200691223,-0.24420857429504395,0.18914192914962769
1790028791550299100,0.485299072265625,-0.26096799969673157,-0.21308395266532898,0.2777273952960968
1790028791560309000,0.49530908203125,-0.1604115068912506,-0.181959331035614,0.2585737705230713
1790028791570349300,0.505349365234375,-0.002394201699644327,0.06703764945268631,0.07661445438861847
1790028791580359000,0.51535888671875,-0.038307227194309235,0.1843535304069519,-0.05267243832349777
1790028791590399200,0.525399169921875,-0.35913026332855225,-0.035913024097681046,0.1149216815829277
1790028791600378400,0.53537841796875,-0.3447650372982025,-0.19871874153614044,0.22505496442317963
1790028791610418700,0.545418701171875,-0.1173158809542656,-0.0933738648891449,0.06703764945268631
1790028791620428500,0.555428466796875,-0.16519992053508759,-0.10773907601833344,-0.12449848651885986
1790028791630468900,0.56546875,-0.4141969084739685,-0.05506663769483566,-0.10295066982507706
1790028791640478700,0.575478759765625,-0.26096799969673157,-0.040701430290937424,-0.0071826050989329815
1790028791650488300,0.58548828125,0,-0.019153613597154617,0.05027823522686958
1790028791660498200,0.595498291015625,-0.05506663769483566,0.016759412363171577,0.011971008032560349
1790028791680548000,0.615548095703125,-0.2561795711517334,0.038307227194309235,-0.08619125932455063
1790028791690588400,0.62558837890625,-0.30885201692581177,-0.043095629662275314,-0.028730420395731926
1790028791700598300,0.635598388671875,-0.2106897532939911,-0.05027823522686958,-0.035913024097681046
1790028791720617700,0.65561767578125,-0.17956513166427612,0.043095629662275314,-0.023942016065120697
1790028791740637200,0.67563720703125,-0.14365209639072418,0.009576806798577309,0.10055647045373917
1790028791750647000,0.68564697265625,-0.2082955539226532,-0.040701430290937424,0.12928688526153564
1790028791760626200,0.695626220703125,-0.31124621629714966,-0.22026655077934265,0.11252748221158981
1790028791770666500,0.70566650390625,-0.14844051003456116,-0.019153613597154617,-0.1173158809542656
1790028791780706800,0.715706787109375,-0.24420857429504395,0.011971008032560349,-0.07900865375995636
1790028791790716700,0.725716552734375,-0.2849099934101105,-0.05746084079146385,0.07661445438861847
1790028791800757000,0.735757080078125,-0.1628057211637497,-0.08858546614646912,0.05746084079146385
1790028791810766600,0.7457666015625,-0.07422025501728058,-0.07900865375995636,0.08858546614646912
1790028791820807000,0.755806884765625,-0.19393034279346466,-0.08379705995321274,0.1364694982767105
1790028791830816800,0.765816650390625,-0.3495534360408783,-0.05746084079146385,0.14365209639072418
1790028791860876500,0.79587646484375,-0.10295066982507706,-0.11252748221158981,-0.10295066982507706
1790028791870855700,0.805855712890625,-0.23942017555236816,-0.040701430290937424,-0.0694318488240242
1790028791880926500,0.815926513671875,-0.15083470940589905,-0.0071826050989329815,-0.028730420395731926
1790028791890936300,0.825936279296875,-0.05746084079146385,-0.047884032130241394,-0.026336219161748886
1790028791910986500,0.845986572265625,-0.4381389021873474,-0.1173158809542656,0.05267243832349777
1790028791920996000,0.85599609375,-0.2801215946674347,-0.08379705995321274,0.05267243832349777
1790028791931006000,0.866005859375,-0.1843535304069519,-0.0694318488240242,-0.10534487664699554
1790028791951056000,0.886055908203125,-0.1843535304069519,-0.15083470940589905,0.090979665517807
1790028791961065700,0.896065673828125,-0.009576806798577309,-0.11971008777618408,0.0071826050989329815
1790028791981146400,0.916146484375,-0.17717093229293823,-0.05267243832349777,0.12449848651885986
1790028791991156000,0.926156005859375,-0.19632454216480255,-0.014365210197865963,0.06224924325942993
1790028792001135400,0.93613525390625,-0.05267243832349777,-0.004788403399288654,-0.026336219161748886
1790028792011206100,0.9462060546875,-0.23942017555236816,-0.023942016065120697,0.014365210197865963
1790028792021185300,0.956185302734375,-0.2992752194404602,0.026336219161748886,0.1604115068912506
1790028792031225600,0.9662255859375,-0.22744916379451752,-0.07422025501728058,0.1388636976480484
1790028792041205000,0.976205078125,-0.11013327538967133,0.002394201699644327,0.05027823522686958
1790028792051245300,0.986245361328125,-0.08379705995321274,-0.05506663769483566,0.07661445438861847
1790028792061285400,0.996285400390625,-0.26575639843940735,-0.07422025501728058,0.13168109953403473
1790028792141394200,1.076394287109375,-0.26575639843940735,-0.09576806426048279,0.06703764945268631
1790028792181494300,1.116494384765625,-0.29209262132644653,-0.15801730751991272,0.10773907601833344
1790028792191534600,1.12653466796875,-0.22026655077934265,-0.07422025501728058,0.07900865375995636
1790028792201544200,1.136544189453125,-0.1149216815829277,-0.021547814831137657,0.021547814831137657
1790028792211554000,1.146553955078125,-0.21787235140800476,-0.06703764945268631,0.043095629662275314
1790028792221594400,1.156594482421875,-0.23942017555236816,-0.05027823522686958,0.019153613597154617
1790028792231604000,1.16660400390625,-0.10295066982507706,-0.004788403399288654,0.009576806798577309
1790028792241644300,1.176644287109375,0.004788403399288654,-0.08379705995321274,-0.011971008032560349
1790028792291723800,1.226723876953125,-0.15083470940589905,0.05506663769483566,0.1843535304069519
1790028792301764000,1.23676416015625,-0.2082955539226532,-0.016759412363171577,-0.016759412363171577
1790028792321814000,1.25681396484375,-0.2106897532939911,0.009576806798577309,0.08379705995321274
1790028792422094800,1.3570947265625,-0.19871874153614044,-0.10773907601833344,-0.021547814831137657
1790028792472204500,1.40720458984375,-0.15322890877723694,-0.05267243832349777,0
1790028792492224300,1.427224365234375,-0.17717093229293823,-0.10295066982507706,0.10773907601833344
1790028792502233900,1.43723388671875,-0.22266076505184174,-0.004788403399288654,0.1867477297782898
1790028792522284000,1.457283935546875,-0.15322890877723694,0.05985504388809204,0.14604631066322327
1790028792542303500,1.477303466796875,-0.1843535304069519,0.08858546614646912,0.10055647045373917
1790028792552343800,1.48734375,-0.181959331035614,0.004788403399288654,0.002394201699644327
1790028792562353700,1.497353759765625,-0.2059013396501541,-0.15801730751991272,0.05027823522686958
1790028792572363300,1.50736328125,-0.09816227108240128,0,0.08858546614646912
1790028792582342700,1.5173427734375,-0.2106897532939911,0.009576806798577309,0.031124621629714966
1790028792592383000,1.527383056640625,-0.22505496442317963,-0.11013327538967133,0.08858546614646912
1790028792602423300,1.53742333984375,-0.272938996553421,-0.14604631066322327,0.1843535304069519
1790028792642492700,1.57749267578125,-0.2849099934101105,-0.15083470940589905,0.10534487664699554
1790028792682592800,1.6175927734375,-0.20111294090747833,0.0454898327589035,-0.10295066982507706
1790028792692602600,1.6276025390625,-0.31842881441116333,-0.1173158809542656,0.090979665517807
1790028792712683300,1.647683349609375,-0.09816227108240128,-0.0694318488240242,0.11013327538967133
1790028792762793000,1.69779296875,-0.21547815203666687,-0.11252748221158981,0.2082955539226532
1790028792802893000,1.73789306640625,-0.090979665517807,0.12928688526153564,-0.14365209639072418
1790028792812903000,1.74790283203125,-0.05746084079146385,0.2968810200691223,0
1790028792822912800,1.757912841796875,-0.12928688526153564,0.1388636976480484,0.0694318488240242
1790028792832952800,1.767952880859375,-0.26336219906806946,-0.05746084079146385,0.13168109953403473
1790028792903082200,1.838082275390625,-0.20350714027881622,-0.08858546614646912,0.15083470940589905
1790028792943151900,1.87815185546875,-0.2059013396501541,-0.09576806426048279,-0.016759412363171577
1790028792953161700,1.88816162109375,-0.18914192914962769,-0.08140286058187485,0.18914192914962769
1790028792963202000,1.8982021484375,-0.15322890877723694,-0.08140286058187485,0.1867477297782898
1790028792973211600,1.908211669921875,-0.22744916379451752,-0.035913024097681046,0.12210428714752197
1790028792983282400,1.918282470703125,-0.21787235140800476,-0.13168109953403473,0.011971008032560349
1790028792993322800,1.92832275390625,-0.17238251864910126,-0.021547814831137657,0.043095629662275314
1790028793003363000,1.938363037109375,-0.1628057211637497,-0.021547814831137657,-0.05267243832349777
1790028793013373000,1.948373046875,-0.08858546614646912,-0.05267243832349777,0.13168109953403473
1790028793043493600,1.97849365234375,-0.08379705995321274,0.038307227194309235,0.004788403399288654
1790028793053564400,1.988564453125,-0.1604115068912506,-0.08140286058187485,0.040701430290937424
1790028793063574300,1.99857421875,-0.038307227194309235,-0.10773907601833344,0.09816227108240128
1790028793073584000,2.008584228515625,-0.1412578970193863,-0.031124621629714966,0.014365210197865963
1790028793083593700,2.01859375,-0.19393034279346466,-0.031124621629714966,0.14365209639072418
1790028793093634000,2.028634033203125,-0.31842881441116333,-0.09576806426048279,0.14844051003456116
1790028793103674400,2.03867431640625,-0.2059013396501541,-0.0454898327589035,0.09816227108240128
1790028793113653800,2.04865380859375,-0.16519992053508759,-0.1149216815829277,0.002394201699644327
1790028793123724500,2.058724609375,-0.17717093229293823,-0.10055647045373917,-0.09576806426048279
1790028793133734100,2.068734130859375,-0.15083470940589905,0.043095629662275314,0
1790028793143744000,2.078743896484375,-0.1173158809542656,0,0.1628057211637497
1790028793153753900,2.08875390625,-0.08858546614646912,-0.10773907601833344,0.08140286058187485
1790028793173773300,2.108773193359375,-0.21787235140800476,-0.16759411990642548,0.12689268589019775
1790028793193823200,2.1288232421875,-0.021547814831137657,-0.08619125932455063,0.08858546614646912
1790028793203833000,2.1388330078125,-0.06464344263076782,0.12449848651885986,0.004788403399288654
1790028793213843000,2.148843017578125,-0.17956513166427612,-0.021547814831137657,-0.08140286058187485
1790028793223883000,2.158883056640625,-0.2968810200691223,-0.06464344263076782,0.1604115068912506
1790028793263983000,2.198983154296875,-0.21547815203666687,-0.090979665517807,0.023942016065120697
1790028793274023400,2.2090234375,-0.19153612852096558,-0.05746084079146385,0.1173158809542656
1790028793314093000,2.249093017578125,-0.19871874153614044,-0.1604115068912506,0.12210428714752197
1790028793414251800,2.349251708984375,-0.7015010714530945,-0.5650315880775452,0.23942017555236816
1790028793474463000,2.409462890625,-1.2018892765045166,-0.7948749661445618,0.17238251864910126
1790028793544653300,2.4796533203125,-0.7086837291717529,-0.8140285611152649,1.4101848602294922
1790028793574743800,2.509743896484375,0.11252748221158981,-1.0654197931289673,0.9385270476341248
1790028793584784100,2.5197841796875,0.545877993106842,-1.235408067703247,0.7493851184844971
1790028793594793700,2.529793701171875,0.9959878921508789,-1.4652514457702637,0.9983820915222168
1790028793604803600,2.539803466796875,1.2282254695892334,-1.139639973640442,1.2258312702178955
1790028793624884200,2.55988427734375,0.7182605266571045,-0.8690952062606812,1.5849615335464478
1790028793634924300,2.56992431640625,0.1388636976480484,-0.7876923680305481,1.5155296325683594
1790028793644934100,2.57993408203125,-0.42616790533065796,-0.7158663272857666,0.811634361743927
1790028793685064700,2.620064697265625,-2.7676970958709717,-0.5530605912208557,-0.9409212470054626
1790028793705115000,2.640114990234375,-2.7317841053009033,-0.3423708379268646,-0.4620809257030487
1790028793715155200,2.6501552734375,-2.7892448902130127,-0.5291185975074768,-0.05267243832349777
1790028793725195300,2.6601953125,-3.177105665206909,-0.912190854549408,0.4836287498474121
1790028793735205000,2.670205078125,-3.600879430770874,-1.235408067703247,0.9816226959228516
1790028793745276000,2.68027587890625,-3.490746021270752,-1.0007762908935547,1.1180921792984009
1790028793765326000,2.700326171875,-2.38462495803833,-0.6272808313369751,1.2330138683319092
1790028793775335700,2.710335693359375,-2.183511972427368,-0.5746083855628967,1.482010841369629
1790028793785376000,2.7203759765625,-2.7557260990142822,-1.01753568649292,1.338358759880066
1790028793795385900,2.7303857421875,-3.184288263320923,-1.0438719987869263,1.1180921792984009
1790028793805426200,2.74042626953125,-3.050212860107422,-0.9528923034667969,0.8571242094039917
1790028793825476000,2.76047607421875,-1.9345149993896484,-0.6416460275650024,0.8020575642585754
1790028793835486000,2.77048583984375,-1.7046716213226318,-0.7374141216278076,1.0582371950149536
1790028793845526300,2.7805263671875,-1.580173134803772,-0.7254431247711182,1.0534487962722778
1790028793855535900,2.790535888671875,-0.8379706144332886,-0.26096799969673157,0.8547300100326538
1790028793865576200,2.800576171875,-1.4748282432556152,-0.751779317855835,1.2401964664459229
1790028793875586000,2.8105859375,-2.121262788772583,-1.039083480834961,0.9409212470054626
1790028793915655700,2.85065576171875,-0.6033388376235962,-0.019153613597154617,0.3711012601852417
1790028793925665300,2.860665283203125,-0.49559974670410156,-0.6368576288223267,0.790086567401886
1790028793965735000,2.90073486328125,-1.824381709098816,0,-0.10295066982507706
1790028794025824000,2.960823974609375,-1.7764976024627686,0.3471592366695404,-2.1140801906585693
1790028794065985300,3.0009853515625,-2.5546131134033203,-0.6967126727104187,-0.24420857429504395
1790028794075995000,3.010994873046875,-2.279279947280884,0.6512228846549988,-1.968033790588379
1790028794086035200,3.02103515625,-1.170764684677124,1.280897855758667,-2.7054479122161865
1790028794096045000,3.031045166015625,-0.9361328482627869,-0.49320554733276367,-0.6272808313369751
1790028794106054700,3.0410546875,-1.7693150043487549,-1.965639591217041,0.9289502501487732
1790028794116095000,3.051094970703125,-2.5713725090026855,-0.5961562395095825,0.7374141216278076
1790028794136145200,3.071145263671875,-1.534683346748352,1.039083480834961,-2.252943754196167
1790028794146154800,3.08115478515625,-0.5410895943641663,0.6248866319656372,-2.5067291259765625
1790028794156164600,3.09116455078125,-0.5770025849342346,-0.27054479718208313,-1.3551181554794312
1790028794186194000,3.12119384765625,-0.2825157940387726,0.4884171485900879,-0.09816227108240128
1790028794206274600,3.141274658203125,-0.31124621629714966,0.06224924325942993,-1.4915876388549805
1790028794216315000,3.15131494140625,-0.17477671802043915,-0.6057330369949341,-1.6400281190872192
1790028794236364800,3.17136474609375,-1.1540051698684692,-0.1388636976480484,-0.5554547905921936
1790028794246374700,3.181374755859375,-1.8531121015548706,0.07661445438861847,-0.5913678407669067
1790028794266394000,3.20139404296875,-2.032677173614502,-0.08858546614646912,-1.314416766166687
1790028794276434400,3.211434326171875,-2.0925323963165283,-1.9704279899597168,0.2106897532939911
1790028794286444300,3.2214443359375,-1.8555063009262085,-2.011129379272461,1.235408067703247
1790028794296454000,3.231453857421875,-1.900996208190918,-0.42616790533065796,0.33279404044151306
1790028794316534500,3.251534423828125,-2.647987127304077,0.9481038451194763,-1.9632453918457031
1790028794326544400,3.26154443359375,-3.1699230670928955,-0.9050082564353943,-1.280897855758667
1790028794336554000,3.271553955078125,-2.868253707885742,-2.1523873805999756,0.181959331035614
1790028794346563800,3.281563720703125,-2.0183119773864746,-0.4213795065879822,0.019153613597154617
1790028794356573400,3.291573486328125,-2.0183119773864746,0.23942017555236816,-1.2856862545013428
1790028794366583300,3.301583251953125,-1.9584569931030273,0.028730420395731926,-0.9050082564353943
1790028794376593200,3.31159326171875,-1.7741034030914307,0.3423708379268646,-0.8379706144332886
1790028794386602800,3.321602783203125,-1.944091796875,0.8834604024887085,-1.2976573705673218
1790028794396612600,3.331612548828125,-2.1499931812286377,0.29209262132644653,-2.319981336593628
1790028794406622500,3.34162255859375,-2.183511972427368,-0.3232172429561615,-1.987187385559082
1790028794416601600,3.3516015625,-2.293645143508911,-0.6871358752250671,-0.9050082564353943
1790028794436651800,3.37165185546875,-1.7980455160140991,0.47405192255973816,-0.43095630407333374
1790028794526770200,3.461770263671875,-2.9520506858825684,3.622427225112915,-1.6136919260025024
1790028794586859300,3.521859375,-0.8978256583213806,1.482010841369629,-0.026336219161748886
1790028794667029000,3.602029052734375,-0.6727706789970398,2.22660756111145,1.4101848602294922
1790028794737158400,3.672158447265625,-0.7996633648872375,1.6759412288665771,0.014365210197865963
1790028794767218200,3.70221826171875,-0.24899697303771973,0.6703764796257019,-0.9074024558067322
1790028794777258500,3.712258544921875,-0.6344634294509888,0.689530074596405,-0.7374141216278076
1790028794787298600,3.722298583984375,-0.6560112833976746,0.7733271718025208,-0.28730419278144836
1790028794797308400,3.732308349609375,-0.43095630407333374,0.6488286852836609,0.21787235140800476
1790028794807318300,3.742318359375,-0.5650315880775452,0.4908113479614258,0.3878606855869293
1790028794827368200,3.7623681640625,-0.33997663855552673,1.170764684677124,0.14844051003456116
1790028794857397500,3.7923974609375,-1.4532804489135742,1.3982137441635132,-0.5889736413955688
1790028794877447700,3.81244775390625,-1.3407529592514038,-0.6009446382522583,0.24660277366638184
1790028794897497600,3.83249755859375,-0.12449848651885986,-1.460463047027588,-0.28730419278144836
1790028794907568400,3.842568359375,0.2944868206977844,-0.8020575642585754,-1.0845733880996704
1790028794947668500,3.88266845703125,-3.1483752727508545,2.7676970958709717,-3.9217023849487305
1790028794987799000,3.922799072265625,2.1547815799713135,0.9792284965515137,0.524330198764801
1790028794997809000,3.932808837890625,2.075772762298584,1.3335703611373901,0.14365209639072418
1790028795007849200,3.94284912109375,0.5913678407669067,1.7046716213226318,-1.0223240852355957
1790028795017859000,3.952859130859375,-1.434126853942871,1.7190368175506592,-1.7501614093780518
1790028795027899100,3.962899169921875,-2.801215887069702,0.9409212470054626,-1.8339585065841675
1790028795037909000,3.972908935546875,-2.389413356781006,-0.8738836050033569,-0.9481038451194763
1790028795047918800,3.9829189453125,-0.8643068075180054,-2.6240451335906982,0.6057330369949341
1790028795067999200,4.002999267578125,2.499546527862549,-1.9776105880737305,1.742978811264038
1790028795078009000,4.013009033203125,2.4827871322631836,-0.5434837937355042,-0.43095630407333374
1790028795088049400,4.02304931640625,0.24181437492370605,0.9528923034667969,-2.0877439975738525
1790028795098059300,4.033059326171875,-2.7988216876983643,1.5897499322891235,-2.1308395862579346
1790028795108099300,4.043099365234375,-4.486733913421631,0.38067805767059326,-1.2952631711959839
1790028795118139600,4.0531396484375,-3.864241600036621,-1.7262194156646729,0.4213795065879822
1790028795128180000,4.063179931640625,-1.8195933103561401,-2.3558945655822754,1.1563993692398071
1790028795138220300,4.07322021484375,0.026336219161748886,-1.9776105880737305,0.6536170840263367
1790028795148260600,4.083260498046875,0.9600749015808105,-1.015141487121582,-0.4189853072166443
1790028795158270500,4.0932705078125,0.5051765441894531,0.24181437492370605,-1.2952631711959839
1790028795168310500,4.103310546875,-0.849941611289978,1.161187767982483,-1.3551181554794312
1790028795178320400,4.1133203125,-1.9249382019042969,1.3263877630233765,-1.0319008827209473
1790028795188330200,4.123330322265625,-2.2864625453948975,0.5602431893348694,-1.0295066833496094
1790028795198370600,4.13337060546875,-1.7741034030914307,-1.0845733880996704,-0.2849099934101105
1790028795208380200,4.143380126953125,-0.6392518281936646,-2.2912509441375732,1.1228805780410767
1790028795218390000,4.15339013671875,0.5578489899635315,-2.0853497982025146,1.8387469053268433
1790028795228399600,4.163399658203125,1.5705963373184204,-0.27054479718208313,0.9097966551780701
1790028795238409500,4.173409423828125,1.5634137392044067,1.2521674633026123,-0.6105214357376099
1790028795258459600,4.193459716796875,0.1412578970193863,-0.19871874153614044,0.6153098344802856
1790028795268499700,4.203499755859375,-0.37828385829925537,-1.2737152576446533,1.8100165128707886
1790028795288550000,4.2235498046875,-0.849941611289978,-1.01753568649292,-0.35913026332855225
1790028795318670800,4.2536708984375,-0.8738836050033569,-0.8355764150619507,1.1827356815338135
1790028795328680400,4.263680419921875,-0.5578489899635315,-0.33518823981285095,0.1388636976480484
1790028795368750000,4.30375,-1.2186486721038818,-1.0630255937576294,0.6153098344802856
1790028795388830700,4.323830810546875,-1.0606313943862915,0.8188169598579407,-1.1300631761550903
1790028795398840300,4.33384033203125,-0.545877993106842,0.8643068075180054,-1.2330138683319092
1790028795418890500,4.353890380859375,-0.8236053586006165,0.6560112833976746,-1.6927006244659424
1790028795438940400,4.3739404296875,-1.259350061416626,-1.8507179021835327,-0.014365210197865963
1790028795448950300,4.3839501953125,-1.0414776802062988,-1.7597382068634033,0.8667010068893433
1790028795458990600,4.393990478515625,-0.42856210470199585,-0.6703764796257019,0.6272808313369751
1790028795469000200,4.404000244140625,0.08140286058187485,-0.019153613597154617,0.22266076505184174
1790028795499151600,4.434151611328125,-0.33518823981285095,-1.5131354331970215,1.1013327836990356
1790028795509222400,4.444222412109375,-0.7948749661445618,-1.235408067703247,1.5107412338256836
1790028795519262700,4.4542626953125,-0.6512228846549988,-0.6057330369949341,1.2186486721038818
1790028795529272600,4.4642724609375,-0.19871874153614044,-0.3280056416988373,0.9648633003234863
1790028795539343400,4.47434326171875,0.2777273952960968,-0.43335050344467163,1.2114660739898682
1790028795549383700,4.4843837890625,0.2106897532939911,-0.40462008118629456,1.4317326545715332
1790028795579443500,4.514443359375,-0.33039984107017517,-0.667982280254364,0.6129156351089478
1790028795589483800,4.52448388671875,-0.2968810200691223,-0.35434186458587646,-0.0694318488240242
1790028795609533700,4.54453369140625,-0.2753331959247589,0.26336219906806946,-0.8810662031173706
1790028795619604500,4.5546044921875,-0.44771572947502136,-0.019153613597154617,-0.3256114423274994
1790028795629644800,4.564644775390625,-0.849941611289978,-0.21547815203666687,0.28730419278144836
1790028795639654700,4.574654541015625,-0.8044517636299133,-0.08379705995321274,0.3519476354122162
1790028795649695000,4.584695068359375,-0.22744916379451752,0.20350714027881622,-0.1364694982767105
1790028795669775400,4.604775390625,0.5793967843055725,-0.4884171485900879,-0.3974374830722809
1790028795679815700,4.614815673828125,0.12928688526153564,-0.7158663272857666,-0.0454898327589035
1790028795689886500,4.624886474609375,-0.5674257874488831,-0.5554547905921936,0.42856210470199585
1790028795699926800,4.6349267578125,-1.1228805780410767,-0.2106897532939911,0.29209262132644653
1790028795709936600,4.6449365234375,-1.070208191871643,-0.3974374830722809,0.13407529890537262
1790028795729986600,4.664986572265625,-0.4405331015586853,-0.768538773059845,0.6488286852836609
1790028795750006300,4.68500634765625,-0.5315127968788147,-0.6967126727104187,0.6200982332229614
1790028795770086700,4.705086669921875,-0.44532153010368347,-0.8092401623725891,0.8427590131759644
1790028795790167300,4.725167236328125,-0.9385270476341248,-0.35673606395721436,1.0295066833496094
1790028795800177200,4.73517724609375,-0.9385270476341248,-0.45250412821769714,0.9097966551780701
1790028795810186800,4.745186767578125,-0.706289529800415,-0.7829039692878723,0.9600749015808105
1790028795820227000,4.75522705078125,-0.569819986820221,-0.9074024558067322,1.0438719987869263
1790028795840246800,4.775246826171875,-1.1324573755264282,-0.6919242739677429,1.6041151285171509
1790028795850286800,4.785286865234375,-1.1013327836990356,-0.7182605266571045,1.3670891523361206
1790028795860296700,4.795296630859375,-1.0989385843276978,-0.849941611289978,1.1563993692398071
1790028795890326000,4.825325927734375,-1.1994950771331787,-0.8738836050033569,0.7541735172271729
1790028795900335900,4.8353359375,-1.723825216293335,-1.1659762859344482,0.9864110946655273
1790028795920355300,4.855355224609375,-1.5825673341751099,-1.0319008827209473,0.7829039692878723
1790028795950384600,4.885384521484375,-1.5490485429763794,-1.4245500564575195,1.5298948287963867
1790028795960394200,4.895394287109375,-1.7717092037200928,-1.6112977266311646,1.4963760375976562
1790028795990515200,4.92551513671875,-1.2952631711959839,-1.8722656965255737,0.7589619159698486
1790028796000586000,4.9355859375,-1.534683346748352,-1.766920804977417,1.2090718746185303
1790028796010595800,4.945595947265625,-2.0254945755004883,-1.2761094570159912,1.414973258972168
1790028796090734800,5.02573486328125,-2.0231003761291504,-1.290474772453308,2.011129379272461
1790028796140905700,5.07590576171875,-1.625662922859192,-2.056619167327881,1.5658079385757446
1790028796201056000,5.136055908203125,-0.811634361743927,-0.5267243981361389,-0.19632454216480255
1790028796251166000,5.186166015625,-1.41257905960083,-0.33997663855552673,0.49799394607543945
1790028796311215900,5.2462158203125,-1.745373010635376,-0.5410895943641663,0.3926490843296051
1790028796331235600,5.266235595703125,-1.2545616626739502,1.656787633895874,-1.6424223184585571
1790028796341245200,5.2762451171875,-1.036689281463623,1.1563993692398071,-2.2194249629974365
1790028796381345300,5.31634521484375,-1.1324573755264282,-1.0247182846069336,0.14844051003456116
1790028796391355100,5.326355224609375,-0.7589619159698486,-0.22505496442317963,-0.8882488012313843
1790028796401395500,5.3363955078125,-0.5506663918495178,-0.028730420395731926,-1.2090718746185303
1790028796411435800,5.346435791015625,-0.6033388376235962,0.4118026793003082,-0.4405331015586853
1790028796421476000,5.35647607421875,-1.0654197931289673,1.6280571222305298,-0.5363011956214905
1790028796431485700,5.366485595703125,-1.6280571222305298,0.7757213711738586,-0.7445967197418213
1790028796441495600,5.37649560546875,-1.359906554222107,-0.33758243918418884,0.1843535304069519
1790028796461576200,5.396576171875,-1.1635819673538208,-0.6584054827690125,-0.9816226959228516
1790028796551755500,5.486755615234375,-1.5945383310317993,2.612074136734009,0.6440402865409851
1790028796561765400,5.496765380859375,-2.3965959548950195,2.3247697353363037,0.13168109953403473
1790028796581876500,5.51687646484375,-2.604891538619995,0.8140285611152649,-1.1252747774124146
1790028796591886000,5.526885986328125,-1.2330138683319092,-0.5961562395095825,-0.4189853072166443
1790028796601896000,5.53689599609375,-0.33039984107017517,-0.768538773059845,0.0694318488240242
1790028796611905800,5.54690576171875,-0.28730419278144836,-1.1085153818130493,0.6703764796257019
1790028796621976600,5.5569765625,-1.1228805780410767,-0.021547814831137657,0.7589619159698486
1790028796631986200,5.566986083984375,-2.3918075561523438,-0.0933738648891449,-0.2537853717803955
1790028796641996000,5.57699609375,-2.451662540435791,-0.07900865375995636,-0.11013327538967133
1790028796652006000,5.587005859375,-2.1045033931732178,-0.6775590777397156,-0.5506663918495178
1790028796662046000,5.5970458984375,-1.4867992401123047,0.10773907601833344,-0.26575639843940735
1790028796672055800,5.607055908203125,-1.6041151285171509,-0.0933738648891449,0.1412578970193863
1790028796682035200,5.61703515625,-1.9177556037902832,0.7637503147125244,0.6368576288223267
1790028796692075300,5.6270751953125,-2.387019157409668,0.706289529800415,-0.023942016065120697
1790028796712125400,5.64712548828125,-1.7357962131500244,0.31842881441116333,-0.19393034279346466
1790028796722165800,5.657165771484375,-1.2066776752471924,0.4908113479614258,-0.9624691009521484
1790028796742185200,5.677185302734375,-1.7334020137786865,1.577778935432434,-1.072602391242981
1790028796752195000,5.687195068359375,-1.98958158493042,1.7262194156646729,-0.6177040338516235
1790028796762204700,5.69720458984375,-1.53707754611969,1.644816517829895,-0.20350714027881622
1790028796812284200,5.7472841796875,-1.2090718746185303,0.4596867263317108,-0.33518823981285095
1790028796832303600,5.7673037109375,-1.1803414821624756,1.094150185585022,0.44532153010368347
1790028796872403700,5.80740380859375,-0.5410895943641663,2.1499931812286377,0.13407529890537262
1790028796892423200,5.827423095703125,-0.31603461503982544,1.8962076902389526,0.17717093229293823
1790028796962705200,5.897705078125,-0.13407529890537262,1.3862427473068237,-0.6272808313369751
1790028796982755300,5.91775537109375,-0.3471592366695404,1.45806884765625,-0.9050082564353943
1790028797022825000,5.957824951171875,-0.12689268589019775,-0.002394201699644327,0.2346317619085312
1790028797032865300,5.967865234375,-0.14844051003456116,-0.21787235140800476,0.19393034279346466
1790028797042875000,5.977875,0.15322890877723694,-0.1843535304069519,0.569819986820221
1790028797062955500,5.99795556640625,-0.31364041566848755,0.4812345504760742,0.08858546614646912
1790028797082975000,6.01797509765625,-0.7852981686592102,0.3495534360408783,-0.002394201699644327
1790028797093015300,6.028015380859375,-0.5937620401382446,0.0071826050989329815,0.10773907601833344
1790028797103025200,6.038025146484375,-0.4429273009300232,-0.6871358752250671,0.014365210197865963
1790028797113034800,6.04803466796875,-0.1604115068912506,-1.0869675874710083,0.1149216815829277
1790028797133115400,6.068115478515625,0.395043283700943,0.10055647045373917,-0.4165911078453064
1790028797143155700,6.07815576171875,-0.3734954595565796,1.036689281463623,-0.8810662031173706
1790028797163175200,6.098175048828125,-1.6519991159439087,0.047884032130241394,-0.3711012601852417
1790028797173185000,6.10818505859375,-1.2258312702178955,-0.5315127968788147,-0.2753331959247589
1790028797183195000,6.11819482421875,-0.45250412821769714,-0.42377370595932007,0.13168109953403473
1790028797203275300,6.138275146484375,0.524330198764801,-0.038307227194309235,0.12210428714752197
1790028797223295000,6.158294921875,-0.40462008118629456,1.3670891523361206,-2.0207061767578125
1790028797273404700,6.20840478515625,1.3407529592514038,0.8164227604866028,-1.0103530883789062
1790028797303434000,6.23843408203125,-0.6224924325942993,0.6033388376235962,0.6751648783683777
1790028797353482800,6.288482666015625,0.7541735172271729,-0.2777273952960968,-1.1013327836990356
1790028797393582800,6.328582763671875,-1.137245774269104,-1.534683346748352,0.8595184087753296
1790028797423703800,6.358703857421875,-0.15562310814857483,-0.42616790533065796,-1.1899182796478271
1790028797433713700,6.368713623046875,-0.7733271718025208,-0.2849099934101105,-0.181959331035614
1790028797463743000,6.398742919921875,-0.18914192914962769,0.30885201692581177,-0.3926490843296051
1790028797473752600,6.408752685546875,-0.38067805767059326,-0.8044517636299133,0.011971008032560349
1790028797483762400,6.418762451171875,-0.4357447028160095,-1.1204863786697388,0.3232172429561615
1790028797493772000,6.42877197265625,-0.2585737705230713,-0.6272808313369751,-0.1173158809542656
1790028797503782000,6.438781982421875,0.272938996553421,-0.24660277366638184,-0.4668693244457245
1790028797513852700,6.448852783203125,0.507570743560791,-0.35913026332855225,0.33039984107017517
1790028797523862500,6.458862548828125,0.47405192255973816,-0.43095630407333374,1.2473790645599365
1790028797533902800,6.46890283203125,0.6919242739677429,0.14365209639072418,0.7924807667732239
1790028797564023600,6.4990234375,0.090979665517807,0.08140286058187485,-0.5841852426528931
1790028797584134700,6.519134765625,-0.2585737705230713,-0.7805097699165344,0.2968810200691223
1790028797604215300,6.53921533203125,0.9840168952941895,0.30885201692581177,-0.42377370595932007
1790028797614225200,6.54922509765625,1.158793568611145,0.16998831927776337,0.24181437492370605
1790028797624234800,6.55923486328125,1.0055646896362305,0.40222588181495667,0.33039984107017517
1790028797634244600,6.56924462890625,0.6248866319656372,-0.0454898327589035,0.272938996553421
1790028797654294500,6.58929443359375,0.44532153010368347,-0.5530605912208557,-0.028730420395731926
1790028797674344700,6.6093447265625,0.021547814831137657,-0.002394201699644327,-0.40222588181495667
1790028797684354300,6.619354248046875,-0.0933738648891449,-0.3064578175544739,-0.17956513166427612
1790028797714444800,6.64944482421875,0.36152446269989014,-0.9672574996948242,0.4405331015586853
1790028797754605800,6.689605712890625,0.023942016065120697,-0.5003881454467773,0.7230489253997803
1790028797794706000,6.729705810546875,1.5514427423477173,-0.8044517636299133,1.5107412338256836
1790028797804746200,6.739746337890625,1.6184803247451782,-0.42616790533065796,1.0654197931289673
1790028797814756000,6.749756103515625,1.4628572463989258,0.4189853072166443,0.21547815203666687
1790028797824765700,6.759765625,1.0821791887283325,0.15322890877723694,-0.2322375625371933
1790028797834806000,6.769805908203125,0.5363011956214905,-0.3734954595565796,0.2059013396501541
1790028797844816000,6.77981591796875,0.35434186458587646,-0.608127236366272,0.5434837937355042
1790028797874906000,6.809906005859375,0.8978256583213806,0.12689268589019775,-0.43335050344467163
1790028797884916000,6.819916015625,1.1755530834197998,-0.09576806426048279,-0.7805097699165344
1790028797894956300,6.829956298828125,1.4173674583435059,0.10055647045373917,-0.4189853072166443
1790028797904996600,6.83999658203125,1.400607943534851,0.45489832758903503,0.014365210197865963
1790028797915036700,6.85003662109375,1.0606313943862915,0.37828385829925537,0.507570743560791
1790028797925077000,6.860076904296875,1.0055646896362305,0.4884171485900879,0.20111294090747833
1790028797935086800,6.8700869140625,1.113303780555725,0.27054479718208313,-0.11252748221158981
1790028797945127200,6.880127197265625,1.2641384601593018,-0.5123591423034668,0.6560112833976746
1790028797955167500,6.89016748046875,1.1444283723831177,-0.47405192255973816,0.7852981686592102
1790028797965177000,6.900177001953125,1.1994950771331787,-0.0933738648891449,0.4381389021873474
1790028797975217400,6.910217529296875,1.2713210582733154,-0.0071826050989329815,0.4118026793003082
1790028797985227300,6.920227294921875,1.137245774269104,-0.40940847992897034,0.9313444495201111
1790028797995267600,6.930267578125,0.8427590131759644,-0.43335050344467163,1.414973258972168
1790028798015287000,6.950287109375,0.6967126727104187,-0.4381389021873474,1.091755986213684
1790028798035367700,6.97036767578125,0.9265560507774353,-0.5363011956214905,0.2298433631658554
1790028798045408000,6.980407958984375,0.8786720037460327,-1.0797849893569946,0.8475474119186401
1790028798065458000,7.0004580078125,0.20350714027881622,-0.5123591423034668,0.35673606395721436
1790028798075498200,7.010498291015625,0.10773907601833344,-0.3447650372982025,0
1790028798085508000,7.020508056640625,0.2753331959247589,-0.2968810200691223,0.14604631066322327
1790028798095517700,7.030517578125,0.35913026332855225,-0.47884035110473633,0.9074024558067322
1790028798165769200,7.100769287109375,0.3902548849582672,-0.3256114423274994,1.072602391242981
1790028798175779000,7.110779052734375,0.6512228846549988,0.2777273952960968,-0.2561795711517334
1790028798215879200,7.150879150390625,0.6057330369949341,-0.2106897532939911,0.5578489899635315
1790028798225888800,7.160888671875,0.5746083855628967,0.08619125932455063,0.2992752194404602
1790028798235929000,7.17092919921875,0.7230489253997803,-0.24420857429504395,0.2513911724090576
1790028798245939000,7.18093896484375,0.6607996821403503,-0.6392518281936646,0.6751648783683777
1790028798265988900,7.20098876953125,0.10773907601833344,-0.7422025203704834,0.6512228846549988
1790028798276029200,7.211029296875,0.09576806426048279,-0.9169792532920837,0.35913026332855225
1790028798296079400,7.231079345703125,-0.0933738648891449,-1.070208191871643,0.7781155705451965
1790028798306150100,7.241150146484375,-0.17717093229293823,-1.0007762908935547,1.0247182846069336
1790028798316159700,7.25115966796875,-0.07900865375995636,-0.9792284965515137,1.2042834758758545
1790028798326169600,7.261169677734375,0.23702596127986908,-0.8619126081466675,1.0845733880996704
1790028798336210000,7.2712099609375,0.31603461503982544,-0.9457096457481384,1.3192051649093628
1790028798376371000,7.311370849609375,-0.6368576288223267,-1.0893617868423462,1.1779472827911377
1790028798396451600,7.33145166015625,-0.090979665517807,-1.1683704853057861,0.8978256583213806
1790028798426511400,7.361511474609375,-0.7637503147125244,-0.706289529800415,0.8643068075180054
1790028798436551700,7.3715517578125,-0.7829039692878723,-0.8834604024887085,0.7637503147125244
1790028798446530800,7.38153076171875,-0.6512228846549988,-1.1971008777618408,0.9816226959228516
1790028798456571100,7.391571044921875,-0.569819986820221,-1.2641384601593018,1.094150185585022
1790028798466611500,7.401611572265625,-0.6751648783683777,-1.1348515748977661,1.1971008777618408
1790028798476651800,7.41165185546875,-0.7709329724311829,-1.3311761617660522,1.3024457693099976
1790028798486631000,7.421630859375,-0.6919242739677429,-1.3311761617660522,1.3694833517074585
1790028798496671200,7.431671142578125,-0.5363011956214905,-1.3192051649093628,1.403002142906189
1790028798546842000,7.481842041015625,0.028730420395731926,-1.800439715385437,1.968033790588379
1790028798566861800,7.50186181640625,-0.5506663918495178,-1.1827356815338135,1.9033904075622559
1790028798586973000,7.521972900390625,-0.545877993106842,-1.115697979927063,1.400607943534851
1790028798596982500,7.531982421875,-0.3423708379268646,-1.5083470344543457,1.3694833517074585
1790028798647123000,7.582123046875,-1.3072341680526733,-1.7357962131500244,1.7357962131500244
1790028798697324300,7.63232421875,-0.6560112833976746,-0.7781155705451965,0.667982280254364
1790028798707334100,7.642334228515625,-0.7422025203704834,-1.2521674633026123,1.216254472732544
1790028798727384300,7.66238427734375,-1.158793568611145,-0.4596867263317108,0.9864110946655273
1790028798787503900,7.72250390625,-0.19632454216480255,-2.0470423698425293,2.6647465229034424
1790028798797513700,7.732513671875,-0.5602431893348694,-2.070984363555908,2.9328970909118652
1790028798807523300,7.7425234375,-1.072602391242981,-1.5131354331970215,2.583343744277954
1790028798817533200,7.752533203125,-1.173158884048462,-0.629675030708313,1.5322890281677246
1790028798827542800,7.762542724609375,-0.5195417404174805,-0.6919242739677429,0.545877993106842
1790028798847623400,7.78262353515625,0.1149216815829277,-2.121262788772583,1.4724340438842773
1790028798857633300,7.79263330078125,-0.40222588181495667,-2.734178304672241,2.2026655673980713
1790028798867643000,7.802642822265625,-0.7805097699165344,-2.276885747909546,2.185906171798706
1790028798877683200,7.81268310546875,-0.9097966551780701,-1.4389152526855469,1.1324573755264282
1790028798887693000,7.822693115234375,-0.8906430602073669,-0.24420857429504395,-0.023942016065120697
1790028798917814000,7.85281396484375,-2.2361843585968018,-0.31842881441116333,-1.6903064250946045
1790028798927854000,7.86285400390625,-2.0446481704711914,-0.45489832758903503,-0.8834604024887085
1790028798937864000,7.872864013671875,-1.501164436340332,-0.6991068720817566,-0.009576806798577309
1790028798967923700,7.902923828125,0.1173158809542656,0.9624691009521484,-0.646434485912323
1790028798988004400,7.92300439453125,-0.9026140570640564,-0.8427590131759644,-0.12928688526153564
1790028799008115500,7.943115478515625,-0.395043283700943,-1.3096283674240112,0.5410895943641663
1790028799018125000,7.953125,0.40462008118629456,-0.8044517636299133,1.7908629179000854
1790028799028135000,7.963135009765625,0.7709329724311829,-0.17477671802043915,1.3335703611373901
1790028799038175200,7.97317529296875,0.07422025501728058,0.7086837291717529,0.5147533416748047
1790028799058225200,7.99322509765625,-3.0190882682800293,-0.5985504388809204,0.6488286852836609
1790028799068265500,8.003265380859375,-3.406949043273926,-0.4668693244457245,-0.2346317619085312
1790028799078275300,8.013275390625,-2.9688100814819336,-0.5817909836769104,-1.623268723487854
1790028799118375400,8.05337548828125,-0.44532153010368347,0.8451532125473022,-0.7182605266571045
1790028799128385300,8.06338525390625,-0.9026140570640564,2.7533318996429443,-1.946485996246338
1790028799188535300,8.123535400390624,-0.8978256583213806,2.166752576828003,-1.6831238269805908
1790028799208585500,8.14358544921875,-3.361459255218506,1.843535304069519,-0.7206547260284424
1790028799218595000,8.153594970703125,-2.7317841053009033,1.8267759084701538,0.31364041566848755
1790028799228665900,8.163665771484375,-1.4389152526855469,0.3016694188117981,0.49559974670410156
1790028799238706200,8.1737060546875,-0.363918662071228,1.6950948238372803,0.5219359993934631
1790028799248716000,8.183716064453124,-0.8307880163192749,0.933738648891449,-0.7493851184844971
1790028799258756400,8.19375634765625,-1.3886369466781616,0.3974374830722809,-0.8020575642585754
1790028799268766000,8.203765869140625,-1.8195933103561401,-0.33518823981285095,-1.9393033981323242
1790028799278806300,8.21380615234375,-1.3910311460494995,-1.1204863786697388,-1.2306196689605713
1790028799298856400,8.2338564453125,-0.9600749015808105,0.05267243832349777,0.0454898327589035
1790028799318876000,8.2538759765625,-0.7398083209991455,1.5131354331970215,0.047884032130241394
1790028799328885800,8.2638857421875,-0.5530605912208557,2.3487119674682617,-0.6177040338516235
1790028799338926000,8.273926025390624,-0.2992752194404602,2.564189910888672,-0.9313444495201111
1790028799348935700,8.283935791015624,-0.26096799969673157,2.492363929748535,-1.5418659448623657
1790028799359006500,8.29400634765625,-0.1149216815829277,2.499546527862549,-1.45806884765625
1790028799369016300,8.304016357421874,-0.021547814831137657,2.0614075660705566,-0.9720458984375
1790028799379056600,8.314056640625,-0.10773907601833344,2.387019157409668,-1.0247182846069336
1790028799399076000,8.334076171875,-0.5626373887062073,3.3470940589904785,-1.05105459690094
1790028799409116400,8.344116455078124,-0.21787235140800476,3.31118106842041,-0.7565677165985107
1790028799459317800,8.39431787109375,0.6129156351089478,2.7126305103302,-0.751779317855835
1790028799479398400,8.4143984375,0.10055647045373917,2.387019157409668,-0.608127236366272
1790028799489408300,8.424408203125,0.14365209639072418,1.7908629179000854,-0.6320692300796509
1790028799549527800,8.48452783203125,-0.4692635238170624,0.8475474119186401,-0.4141969084739685
1790028799559568100,8.494568115234374,-0.5147533416748047,0.14604631066322327,0.05506663769483566
1790028799579618000,8.5146181640625,0.2298433631658554,0.507570743560791,-0.07661445438861847
1790028799589628000,8.5246279296875,0.2537853717803955,0.5937620401382446,-0.5985504388809204
1790028799599698700,8.53469873046875,0.0694318488240242,0.6631938815116882,-0.42616790533065796
1790028799609739000,8.544739013671874,-0.20111294090747833,1.1779472827911377,-0.4381389021873474
1790028799629819400,8.5648193359375,-0.9289502501487732,1.048660397529602,-0.8403648138046265
1790028799649869600,8.58486962890625,-0.8930372595787048,0.3208230137825012,-0.2513911724090576
1790028799659879400,8.59487939453125,0.20111294090747833,-0.2322375625371933,0.828393816947937
1790028799679959800,8.614959716796875,1.625662922859192,0.8978256583213806,-1.094150185585022
1790028799690000100,8.625000244140624,0.35913026332855225,1.290474772453308,-1.5275006294250488
1790028799700040400,8.63504052734375,-0.9864110946655273,1.721431016921997,-1.7621324062347412
1790028799710080800,8.645080810546874,-1.403002142906189,1.3072341680526733,-1.742978811264038
1790028799720090600,8.655090576171874,-1.50355863571167,0.3902548849582672,-1.3455413579940796
1790028799740110000,8.675110107421874,0.569819986820221,-0.6871358752250671,0.6607996821403503
1790028799770200300,8.705200439453124,0.8595184087753296,1.501164436340332,-0.751779317855835
1790028799790219800,8.7252197265625,-1.2713210582733154,1.1659762859344482,-2.0015525817871094
1790028799820340700,8.7553408203125,0.5722141861915588,-0.7541735172271729,0.7924807667732239
1790028799840451800,8.775451904296874,1.1300631761550903,0.3926490843296051,-0.49559974670410156
1790028799860532500,8.795532470703124,-1.2856862545013428,1.280897855758667,-1.314416766166687
1790028799870542000,8.8055419921875,-1.6735470294952393,0.7110779285430908,-1.4652514457702637
1790028799900632600,8.835632568359374,1.1013327836990356,-0.5147533416748047,0.21787235140800476
1790028799910642200,8.84564208984375,1.9273324012756348,0.011971008032560349,-0.17717093229293823
1790028799970823000,8.905822998046874,-0.2298433631658554,-1.1899182796478271,-0.31842881441116333
1790028800021024300,8.956024169921875,0.0933738648891449,0.3711012601852417,-0.009576806798577309
1790028800061124400,8.996124267578125,0.11013327538967133,-1.2114660739898682,1.0223240852355957
1790028800101255200,9.036255126953124,0.026336219161748886,0.1149216815829277,-0.8427590131759644
1790028800111295200,9.046295166015625,0.014365210197865963,-0.5674257874488831,-0.40940847992897034
1790028800121274600,9.056274658203124,0.13168109953403473,-1.2617442607879639,0.20350714027881622
1790028800131315000,9.06631494140625,0.33758243918418884,-1.039083480834961,0.9888052940368652
1790028800141324500,9.076324462890625,0.4836287498474121,-0.5291185975074768,0.8355764150619507
1790028800151334400,9.08633447265625,0.47405192255973816,-0.33518823981285095,0.6105214357376099
1790028800161313500,9.0963134765625,0.47165772318840027,0,0.9816226959228516
1790028800171384600,9.106384521484374,0.507570743560791,-0.12928688526153564,0.8451532125473022
1790028800181424600,9.116424560546875,0.8092401623725891,-0.2346317619085312,0.6320692300796509
1790028800191434500,9.1264345703125,0.8307880163192749,-0.2849099934101105,0.4572925269603729
1790028800241544400,9.17654443359375,0.36152446269989014,-0.7086837291717529,0.6129156351089478
1790028800301755600,9.236755615234374,0.5674257874488831,-0.5793967843055725,1.0654197931289673
1790028800311765200,9.24676513671875,0.24420857429504395,-0.7398083209991455,0.5937620401382446
1790028800381955800,9.316955810546874,-0.20350714027881622,-1.1827356815338135,1.6974890232086182
1790028800391965400,9.32696533203125,-0.15083470940589905,-0.7254431247711182,1.292868971824646
1790028800402005800,9.337005859375,0.1628057211637497,-0.5602431893348694,0.44532153010368347
1790028800412015600,9.347015625,0.42856210470199585,-1.0989385843276978,0.40701428055763245
1790028800422025200,9.357025146484375,0.5003881454467773,-1.455674648284912,0.8858546018600464
1790028800432096000,9.367095947265625,0.3998316824436188,-0.706289529800415,0.6536170840263367
1790028800442136300,9.37713623046875,0.4189853072166443,0.47165772318840027,-0.1149216815829277
1790028800452176600,9.3871767578125,0.629675030708313,0.44771572947502136,-0.05267243832349777
1790028800512357400,9.447357421875,0.3878606855869293,-0.06224924325942993,-0.27054479718208313
1790028800522367200,9.4573671875,0.47644615173339844,-0.14844051003456116,0.2082955539226532
1790028800532376800,9.467376953125,0.26815059781074524,-0.5291185975074768,0.7948749661445618
1790028800552396300,9.487396240234375,0.13168109953403473,-0.6033388376235962,0.7445967197418213
1790028800612455000,9.547454833984375,0.0454898327589035,-0.5626373887062073,1.2449848651885986
1790028800622495200,9.5574951171875,0.3016694188117981,-0.6200982332229614,1.1037269830703735
1790028800632505000,9.567505126953124,0.395043283700943,-0.5219359993934631,1.1994950771331787
1790028800652585700,9.587585693359374,0.021547814831137657,-0.4357447028160095,0.7015010714530945
1790028800712735700,9.64773583984375,0.49559974670410156,-0.24181437492370605,0.6033388376235962
1790028800752835800,9.6878359375,0.1604115068912506,-0.2537853717803955,1.0055646896362305
1790028800762845700,9.697845703125,0.5961562395095825,-0.2537853717803955,1.0989385843276978
1790028800792905500,9.727905517578124,0.9193734526634216,-0.8667010068893433,1.3958195447921753
1790028800802915300,9.737915283203124,0.6368576288223267,-0.7709329724311829,1.357512354850769
1790028800812925000,9.747925048828124,0.4429273009300232,-0.7996633648872375,1.1061211824417114
1790028800822934800,9.757934814453124,0.27054479718208313,-0.6799532771110535,0.7972691655158997
1790028800832975000,9.76797509765625,0.14365209639072418,-0.5578489899635315,0.6129156351089478
1790028800843046000,9.7780458984375,0.2082955539226532,-0.6775590777397156,0.6057330369949341
1790028800883146000,9.81814599609375,-0.22026655077934265,-0.6919242739677429,0.5363011956214905
1790028800963437600,9.8984375,-1.1444283723831177,-1.403002142906189,1.2713210582733154
1790028800973447400,9.908447509765624,-1.0462661981582642,-1.6519991159439087,1.3742717504501343
1790028800983487700,9.91848779296875,-1.2641384601593018,-1.7286136150360107,1.434126853942871
1790028800993528000,9.928528076171874,-1.5131354331970215,-1.3694833517074585,1.0630255937576294
1790028801023618300,9.958618408203124,-1.2234370708465576,-1.1228805780410767,0.730231523513794
1790028801033628200,9.968628173828124,-0.8044517636299133,-0.9600749015808105,0.6799532771110535
1790028801043637800,9.9786376953125,-0.6584054827690125,-1.1109095811843872,1.0462661981582642
1790028801053647600,9.988647705078124,-0.8906430602073669,-1.3072341680526733,1.8483237028121948
1790028801063657500,9.998657470703124,-1.1204863786697388,-1.4532804489135742,2.5737667083740234
1790028801083677000,10.018677001953124,-0.9696516990661621,-1.8555063009262085,2.5761611461639404
1790028801093717200,10.02871728515625,-1.0007762908935547,-1.8914192914962769,2.6575639247894287
1790028801103757600,10.038757568359374,-1.1851298809051514,-1.1492167711257935,2.1811177730560303
1790028801143857700,10.078857666015624,-1.1827356815338135,-1.5490485429763794,2.2218191623687744
1790028801153898000,10.08889794921875,-1.6400281190872192,-1.6543933153152466,2.3319525718688965
1790028801163907600,10.098907470703125,-1.6855180263519287,-1.4293384552001953,2.070984363555908
1790028801173917400,10.10891748046875,-1.5298948287963867,-0.9576807022094727,1.3551181554794312
1790028801183957800,10.118957763671874,-1.1085153818130493,-0.871489405632019,1.237802267074585
1790028801193967400,10.12896728515625,-1.2401964664459229,-0.9888052940368652,1.2473790645599365
1790028801214017500,10.149017578125,-1.113303780555725,-0.48602294921875,0.3902548849582672
1790028801224057900,10.159057861328124,-0.7422025203704834,-0.7469909191131592,0.6248866319656372
1790028801234098200,10.16909814453125,-0.6105214357376099,-0.43095630407333374,0.49559974670410156
1790028801244107800,10.179107666015625,-0.7326257228851318,-0.08140286058187485,-0.43335050344467163
1790028801264158000,10.199157958984374,-0.9624691009521484,-0.9983820915222168,0.5530605912208557
1790028801274167600,10.20916748046875,-1.3910311460494995,-0.8092401623725891,1.0893617868423462
1790028801284238300,10.21923828125,-1.4269442558288574,-0.5051765441894531,0.646434485912323
1790028801294278700,10.229278564453125,-0.667982280254364,-0.17717093229293823,-0.507570743560791
1790028801344510700,10.2795107421875,-0.47884035110473633,0.17477671802043915,0.47165772318840027
1790028801404722000,10.339721923828124,-0.5937620401382446,-0.2968810200691223,1.3934253454208374
1790028801424771800,10.359771728515625,-1.436521053314209,-1.039083480834961,1.1851298809051514
1790028801434812200,10.369812255859374,-1.5705963373184204,-1.1276689767837524,0.5626373887062073
1790028801444852500,10.3798525390625,-1.7310078144073486,-0.5339069962501526,-0.6607996821403503
1790028801454892800,10.389892822265624,-1.8339585065841675,-0.2059013396501541,-1.455674648284912
1790028801464902400,10.39990234375,-1.9033904075622559,-0.7709329724311829,-0.3471592366695404
1790028801474912300,10.409912353515624,-1.5514427423477173,-0.21308395266532898,0.3423708379268646
1790028801484952600,10.41995263671875,-1.479616641998291,-0.28730419278144836,0.021547814831137657
1790028801494962400,10.42996240234375,-1.4173674583435059,-0.15322890877723694,-0.07422025501728058
1790028801505002500,10.44000244140625,-1.381454348564148,-0.272938996553421,-0.7948749661445618
1790028801515042800,10.450042724609375,-1.1037269830703735,-0.42377370595932007,-1.0893617868423462
1790028801545163800,10.480163818359374,-0.7182605266571045,-0.6153098344802856,-0.021547814831137657
1790028801555204000,10.4902041015625,-0.9816226959228516,0.13168109953403473,0.07182604819536209
1790028801565275000,10.50027490234375,-1.656787633895874,0.2849099934101105,-1.1635819673538208
1790028801575284500,10.510284423828125,-2.027888774871826,-0.16998831927776337,-1.292868971824646
1790028801585324800,10.52032470703125,-2.0685901641845703,-0.3423708379268646,-0.7972691655158997
1790028801595365000,10.530365234375,-1.501164436340332,-0.6416460275650024,-0.17238251864910126
1790028801605375000,10.540375,-0.6967126727104187,-0.06224924325942993,0.002394201699644327
1790028801615415300,10.550415283203124,-0.9265560507774353,0.12210428714752197,-0.751779317855835
1790028801685605600,10.620605712890624,-1.5322890281677246,0.06224924325942993,-0.35913026332855225
1790028801705686300,10.640686279296874,-1.7381904125213623,-0.9193734526634216,-0.7206547260284424
1790028801715726600,10.6507265625,-1.2737152576446533,-1.5705963373184204,0.2082955539226532
1790028801755826700,10.69082666015625,-1.6328455209732056,0.07422025501728058,0.13168109953403473
1790028801785886500,10.720886474609374,-2.7533318996429443,0.35434186458587646,1.1779472827911377
1790028801805906000,10.740906005859374,-1.6208745241165161,0.48602294921875,0.2801215946674347
1790028801815946200,10.7509462890625,-1.5131354331970215,0.5746083855628967,-0.3687070608139038
1790028801825956000,10.7609560546875,-1.5658079385757446,0.1628057211637497,-0.15801730751991272
1790028801835965700,10.770965576171875,-1.3287819623947144,0.9648633003234863,-0.10534487664699554
1790028801866056200,10.80105615234375,-1.3910311460494995,1.501164436340332,0.5841852426528931
1790028801876096300,10.81109619140625,-1.1252747774124146,1.867477297782898,0.6847416758537292
1790028801886106000,10.821106201171874,-0.47644615173339844,2.3918075561523438,0.6224924325942993
1790028801896116000,10.831115966796874,-0.40701428055763245,2.9688100814819336,0.1867477297782898
1790028801906156300,10.84115625,-0.8307880163192749,3.5003228187561035,-0.27054479718208313
1790028801926206200,10.861206298828124,-0.9576807022094727,3.4308910369873047,-0.3974374830722809
1790028801936216000,10.871216064453124,-0.48602294921875,3.117250680923462,-0.3280056416988373
1790028801946225700,10.8812255859375,-0.2825157940387726,3.0334534645080566,-0.6631938815116882
1790028801976346600,10.9113466796875,0.026336219161748886,2.7509377002716064,-0.9145850539207458
1790028801986356500,10.9213564453125,0.07182604819536209,2.7772738933563232,-0.9840168952941895
1790028801996396500,10.931396484375,0.0694318488240242,2.477998733520508,-0.9026140570640564
1790028802006467600,10.941467529296874,-0.07661445438861847,2.3319525718688965,-0.8810662031173706
1790028802016477200,10.951477294921874,-0.038307227194309235,1.8483237028121948,-0.6224924325942993
1790028802026487000,10.961487060546874,-0.09816227108240128,1.0558429956436157,-0.004788403399288654
1790028802036496600,10.97149658203125,-0.22026655077934265,0.5434837937355042,0.2777273952960968
1790028802096707800,11.031707763671875,-0.8188169598579407,0.23942017555236816,0.5937620401382446
1790028802106717700,11.0417177734375,-0.6272808313369751,-0.2346317619085312,0.8020575642585754
1790028802116696800,11.05169677734375,-0.2585737705230713,-0.608127236366272,0.8690952062606812
1790028802126737200,11.061737060546875,0.021547814831137657,-0.7493851184844971,0.10773907601833344
1790028802136808000,11.071807861328125,-0.035913024097681046,-0.38546648621559143,-1.7310078144073486
1790028802146848300,11.08184814453125,-0.8068459630012512,0.22026655077934265,-2.676717519760132
1790028802206998500,11.14199853515625,0.5123591423034668,0.7733271718025208,-0.7422025203704834
1790028802217008000,11.152008056640625,0.5147533416748047,0.8451532125473022,-1.0749965906143188
1790028802227048400,11.16204833984375,-0.05506663769483566,1.2521674633026123,-1.161187767982483
1790028802237088800,11.1720888671875,-0.5793967843055725,1.1420341730117798,-0.8212111592292786
1790028802247098600,11.1820986328125,-0.8451532125473022,0.7996633648872375,-0.3902548849582672
1790028802257108200,11.192108154296875,-0.9050082564353943,0.6177040338516235,-0.24420857429504395
1790028802267148500,11.2021484375,-0.8259995579719543,0.08379705995321274,-0.3064578175544739
1790028802277158400,11.212158447265624,-0.33758243918418884,-1.0199298858642578,0.10534487664699554
1790028802287198700,11.22219873046875,0.1412578970193863,-1.0342950820922852,0.4429273009300232
1790028802337339100,11.272339111328124,-1.259350061416626,-0.28730419278144836,-0.1628057211637497
1790028802397458700,11.332458740234374,0.26096799969673157,-0.2777273952960968,-0.4405331015586853
1790028802407468500,11.342468505859374,-0.06703764945268631,0.49799394607543945,-0.8331822156906128
1790028802417478100,11.35247802734375,-0.8547300100326538,0.768538773059845,-1.6974890232086182
1790028802427518500,11.3625185546875,-1.2641384601593018,0.37828385829925537,-1.4867992401123047
1790028802437558800,11.372558837890624,-0.8475474119186401,-0.8858546018600464,-0.6224924325942993
1790028802447599000,11.38259912109375,0.689530074596405,-1.1851298809051514,0.31603461503982544
1790028802457608700,11.392608642578125,2.1092917919158936,-0.26336219906806946,0.0933738648891449
1790028802467618600,11.40261865234375,2.3343467712402344,0.5123591423034668,0.026336219161748886
1790028802477628400,11.41262841796875,1.5825673341751099,1.2042834758758545,-0.040701430290937424
1790028802487668700,11.422668701171874,0.14365209639072418,1.5490485429763794,-0.8547300100326538
1790028802517820000,11.45281982421875,-0.2059013396501541,-1.3311761617660522,0.11013327538967133
1790028802527829800,11.462829833984374,0.7924807667732239,-1.158793568611145,0.43335050344467163
1790028802537870000,11.4728701171875,1.1827356815338135,0.05267243832349777,-0.5147533416748047
1790028802547880000,11.4828798828125,0.6392518281936646,-0.2082955539226532,-1.1875240802764893
1790028802557920000,11.492919921875,0.2561795711517334,-0.10295066982507706,0.15083470940589905
1790028802578000600,11.513000732421874,0.3974374830722809,0.4668693244457245,0.7565677165985107
1790028802598050800,11.53305078125,-0.019153613597154617,0.07900865375995636,-1.2210428714752197
1790028802608060400,11.543060302734375,-0.33039984107017517,-0.7110779285430908,-0.6177040338516235
1790028802618131200,11.553131103515625,-0.05985504388809204,-1.7764976024627686,0.7206547260284424
1790028802628171500,11.563171630859374,0.6224924325942993,-1.5945383310317993,1.7525556087493896
1790028802638211800,11.5732119140625,1.0319008827209473,-0.524330198764801,1.0630255937576294
1790028802648252200,11.583252197265624,0.7158663272857666,0.395043283700943,0.2801215946674347
1790028802658262000,11.593261962890624,0.16759411990642548,0.26336219906806946,-0.4118026793003082
1790028802668271600,11.603271728515624,-0.40701428055763245,-0.23702596127986908,-0.08619125932455063
1790028802678281500,11.613281494140624,-0.5051765441894531,-1.5275006294250488,1.6136919260025024
1790028802688321800,11.62332177734375,-0.36152446269989014,-1.8579005002975464,2.5330653190612793
1790028802698362000,11.633362060546874,0.1364694982767105,-0.8667010068893433,0.7781155705451965
1790028802708371700,11.643371826171874,0.07182604819536209,-0.5937620401382446,-0.6799532771110535
1790028802718381600,11.653381591796874,-0.10295066982507706,-0.6727706789970398,-0.2537853717803955
1790028802728422000,11.663421875,-0.2825157940387726,-0.8331822156906128,0.7829039692878723
1790028802738462200,11.673462158203124,-0.2585737705230713,-0.7254431247711182,0.9050082564353943
1790028802748502300,11.683502197265625,-0.038307227194309235,-0.15083470940589905,0.4668693244457245
1790028802828641500,11.7636416015625,0.5099649429321289,0.4213795065879822,-0.5003881454467773
1790028802848722200,11.78372216796875,0.026336219161748886,-0.5985504388809204,0.7230489253997803
1790028802888822300,11.823822265625,0.11013327538967133,-0.45489832758903503,0.5746083855628967
1790028802898832000,11.833831787109375,-0.05027823522686958,-0.5793967843055725,0.7493851184844971
1790028802908933400,11.843933349609374,-0.05506663769483566,-0.5722141861915588,0.6775590777397156
1790028802918943000,11.85394287109375,0.16998831927776337,-0.33758243918418884,0.181959331035614
1790028802928952800,11.863952880859374,0.1412578970193863,-0.5434837937355042,0.5123591423034668
1790028802938993200,11.8739931640625,-0.026336219161748886,-0.7876923680305481,1.036689281463623
1790028802949033500,11.884033447265624,-0.07661445438861847,-0.6919242739677429,1.1228805780410767
1790028802969083400,11.90408349609375,0.4189853072166443,-0.8092401623725891,1.070208191871643
1790028802979123700,11.914123779296874,0.3423708379268646,-0.7254431247711182,0.9792284965515137
1790028802989133600,11.924133544921874,0.17238251864910126,-0.6224924325942993,0.5841852426528931
1790028802999173600,11.934173583984375,-0.07900865375995636,-0.9169792532920837,0.730231523513794
1790028803009214000,11.9442138671875,-0.24181437492370605,-1.1037269830703735,0.8188169598579407
1790028803019223800,11.954223876953124,-0.3471592366695404,-1.0127472877502441,0.545877993106842
1790028803029233700,11.964233642578124,-0.12210428714752197,-0.8020575642585754,0.1843535304069519
1790028803049314000,11.98431396484375,0.36152446269989014,-0.3998316824436188,0.42616790533065796
1790028803059324000,11.994323974609374,0.4644751250743866,-0.33518823981285095,0.912190854549408
1790028803079374000,12.0143740234375,0.49320554733276367,-0.07182604819536209,1.0031704902648926
1790028803089414100,12.0244140625,0.4572925269603729,-0.38307225704193115,0.9816226959228516
1790028803149564400,12.084564453125,0.7757213711738586,0.016759412363171577,0.48602294921875
1790028803159574300,12.09457421875,0.7709329724311829,-0.22266076505184174,0.5937620401382446
1790028803169614300,12.1046142578125,0.45250412821769714,-0.6368576288223267,1.2282254695892334
1790028803179624200,12.114624267578124,0.3016694188117981,-0.751779317855835,1.41257905960083
1790028803189664500,12.12466455078125,0.3016694188117981,-0.6512228846549988,1.115697979927063
1790028803209714400,12.14471435546875,0.3064578175544739,-0.8259995579719543,0.7493851184844971
1790028803219724300,12.154724365234374,0.2992752194404602,-0.9816226959228516,0.6991068720817566
1790028803229734100,12.164734130859374,0.090979665517807,-0.933738648891449,0.8164227604866028
1790028803239774500,12.1747744140625,0.12928688526153564,-1.161187767982483,1.0534487962722778
1790028803249814500,12.184814453125,0.07900865375995636,-1.1037269830703735,1.1994950771331787
1790028803299985400,12.2349853515625,-0.33039984107017517,-0.6775590777397156,0.7015010714530945
1790028803320096500,12.255096435546875,-0.7230489253997803,-0.9744400978088379,0.07661445438861847
1790028803330136800,12.26513671875,-0.8236053586006165,-1.0055646896362305,0.021547814831137657
1790028803340146700,12.275146728515624,-0.7661445140838623,-0.8403648138046265,0.42377370595932007
1790028803350187000,12.28518701171875,-0.6631938815116882,-0.7757213711738586,0.6871358752250671
1790028803380307700,12.3153076171875,-0.19871874153614044,-0.5506663918495178,1.4197616577148438
1790028803390348000,12.32534814453125,0.009576806798577309,-0.6344634294509888,1.3287819623947144
1790028803400358000,12.33535791015625,-0.22505496442317963,-0.9888052940368652,1.3982137441635132
1790028803410398200,12.345398193359374,-0.6751648783683777,-1.1563993692398071,1.3910311460494995
1790028803420438500,12.3554384765625,-0.9528923034667969,-1.5418659448623657,1.4915876388549805
1790028803430478600,12.365478515625,-1.0127472877502441,-1.3287819623947144,1.4915876388549805
1790028803440488400,12.375488525390624,-0.8978256583213806,-1.048660397529602,1.2066776752471924
1790028803460538600,12.39553857421875,-0.1412578970193863,-1.01753568649292,1.7405846118927002
1790028803470548200,12.40554833984375,-0.3878606855869293,-1.3527239561080933,2.008735179901123
1790028803500608000,12.43560791015625,-0.6512228846549988,-1.2090718746185303,1.1204863786697388
1790028803560727800,12.495727783203124,-1.039083480834961,-1.4652514457702637,1.941697597503662
1790028803620877800,12.5558779296875,-1.292868971824646,-0.6416460275650024,0.9983820915222168
1790028803630887700,12.5658876953125,-1.237802267074585,-0.5482721924781799,0.31603461503982544
1790028803640897300,12.575897216796875,-0.9169792532920837,-0.6871358752250671,0.4836287498474121
1790028803650937600,12.5859375,-0.8212111592292786,-0.8738836050033569,0.7781155705451965
1790028803660947500,12.595947509765624,-0.5434837937355042,-1.944091796875,1.9608511924743652
1790028803670957300,12.605957275390624,-0.05027823522686958,-1.6711528301239014,2.166752576828003
1790028803681028000,12.616028076171874,0.8188169598579407,-1.6615760326385498,2.4851813316345215
1790028803691037700,12.62603759765625,1.4676456451416016,-1.6519991159439087,2.9903578758239746
1790028803701047600,12.636047607421874,1.2306196689605713,-0.6033388376235962,3.3231520652770996
1790028803721067000,12.65606689453125,-0.7086837291717529,-0.004788403399288654,1.9919757843017578
1790028803731076900,12.666076904296874,-1.05105459690094,1.2952631711959839,-0.3256114423274994
1790028803741147600,12.676147705078124,-1.41257905960083,0.569819986820221,-1.525106430053711
1790028803751188000,12.68618798828125,-1.482010841369629,-0.24181437492370605,-1.237802267074585
1790028803761197600,12.696197509765625,-1.742978811264038,-1.2497732639312744,-0.2298433631658554
1790028803831388200,12.76638818359375,-2.403778553009033,-1.1563993692398071,-0.5267243981361389
1790028803841428500,12.776428466796874,-1.922544002532959,-1.9321208000183105,0.6392518281936646
1790028803891507700,12.8265078125,-1.6615760326385498,0.3447650372982025,-1.501164436340332
1790028803901517600,12.836517578125,-1.647210717201233,-0.8595184087753296,0.44532153010368347
1790028803911496700,12.84649658203125,-0.9050082564353943,-0.8379706144332886,1.4484920501708984
1790028803921537000,12.856537109375,-0.4692635238170624,-0.5626373887062073,0.21547815203666687
1790028803931547000,12.866546875,-0.30885201692581177,-0.4429273009300232,-0.1628057211637497
1790028803941556500,12.876556396484375,-1.0295066833496094,0.24181437492370605,-0.933738648891449
1790028803951566300,12.88656640625,-2.013523578643799,0.507570743560791,-1.115697979927063
1790028803961637000,12.89663720703125,-2.0207061767578125,0.7230489253997803,-1.1875240802764893
1790028803971647000,12.90664697265625,-1.6065093278884888,0.3687070608139038,-0.6560112833976746
1790028803981656600,12.916656494140625,-0.8523358106613159,0.016759412363171577,0.19632454216480255
1790028803991666400,12.92666650390625,-0.30885201692581177,0.22505496442317963,-0.3423708379268646
1790028804021787400,12.956787353515624,-1.3503297567367554,-0.26575639843940735,-0.7182605266571045
1790028804031797000,12.966796875,-0.646434485912323,0.4812345504760742,-0.667982280254364
1790028804041806800,12.976806884765624,-0.3734954595565796,0.9074024558067322,-1.0079588890075684
1790028804051816700,12.986816650390624,-0.7038952708244324,0.8164227604866028,-0.8355764150619507
1790028804061826300,12.996826416015624,-1.235408067703247,0.6440402865409851,-1.0462661981582642
1790028804071836200,13.006836181640624,-1.5658079385757446,0.4357447028160095,-1.7621324062347412
1790028804081845800,13.016845703125,-1.6424223184585571,0.2513911724090576,-1.3120225667953491
1790028804091886000,13.026885986328125,-1.213860273361206,0.2849099934101105,0.29209262132644653
1790028804101896000,13.03689599609375,-0.5267243981361389,-0.3256114423274994,0.6344634294509888
1790028804162137600,13.0971376953125,-1.2473790645599365,-1.072602391242981,0.9289502501487732
1790028804232236500,13.167236572265624,-0.871489405632019,1.6160861253738403,-0.2298433631658554
1790028804242276900,13.17727685546875,-0.9864110946655273,1.7405846118927002,-0.3016694188117981
1790028804252286500,13.187286376953125,-1.0773907899856567,2.0446481704711914,0.043095629662275314
1790028804272336600,13.207336669921874,-0.40462008118629456,2.1380221843719482,-0.2561795711517334
1790028804282346200,13.21734619140625,-0.35673606395721436,2.1547815799713135,0.2849099934101105
1790028804292356000,13.227356201171874,-0.507570743560791,1.558625340461731,0.4908113479614258
1790028804302396400,13.237396484375,-0.6320692300796509,1.1061211824417114,0.8140285611152649
1790028804312406300,13.24740625,-0.8834604024887085,1.4245500564575195,0.22744916379451752
1790028804322415900,13.257415771484375,-0.8858546018600464,1.8698714971542358,-0.2992752194404602
1790028804342496500,13.27749658203125,0.12210428714752197,1.9823989868164062,-0.42856210470199585
1790028804352536800,13.287536865234374,-0.2753331959247589,2.6384103298187256,-0.004788403399288654
1790028804362607600,13.297607666015624,-0.4836287498474121,2.7724854946136475,0.10295066982507706
1790028804392697900,13.32769775390625,0.6033388376235962,3.026270866394043,-1.3048399686813354
1790028804442930000,13.377929931640624,0.0071826050989329815,1.3407529592514038,0.06224924325942993
1790028804493009200,13.428009033203125,0.2106897532939911,0.8068459630012512,-0.6105214357376099
1790028804523069000,13.45806884765625,-0.8427590131759644,0.2944868206977844,-0.40222588181495667
1790028804543088600,13.478088623046874,-0.3016694188117981,0.07661445438861847,-0.31842881441116333
1790028804553098200,13.48809814453125,0.0694318488240242,0.08379705995321274,0.0071826050989329815
1790028804563138600,13.498138671875,0.2513911724090576,0.7829039692878723,-0.5219359993934631
1790028804573148400,13.5081484375,-0.06224924325942993,1.434126853942871,-1.3455413579940796
1790028804583158000,13.518157958984375,-0.5003881454467773,1.7693150043487549,-1.5514427423477173
1790028804603208200,13.538208251953124,-0.7829039692878723,0.9241618514060974,-0.6919242739677429
1790028804613218000,13.548218017578124,-0.49320554733276367,0.7445967197418213,-1.2330138683319092
1790028804623227600,13.5582275390625,-0.272938996553421,0.19632454216480255,-0.9169792532920837
1790028804633268000,13.56826806640625,0.3758896589279175,-0.2082955539226532,-0.40701428055763245
1790028804643277800,13.57827783203125,1.1252747774124146,0.26575639843940735,-0.35913026332855225
1790028804663297300,13.59829736328125,0.10055647045373917,0.569819986820221,-0.4692635238170624
1790028804673337600,13.608337646484374,-0.9552865028381348,0.5434837937355042,-0.6775590777397156
1790028804683347500,13.618347412109374,-1.6927006244659424,0.0454898327589035,-1.0342950820922852
1790028804693357000,13.628357177734374,-1.7501614093780518,-0.9409212470054626,-0.7733271718025208
1790028804703427800,13.638427734375,-1.015141487121582,-1.4867992401123047,-0.5195417404174805
1790028804713468200,13.64846826171875,0.011971008032560349,-0.7781155705451965,-0.2513911724090576
1790028804723478000,13.65847802734375,0.6919242739677429,0.10055647045373917,-0.24181437492370605
1790028804733487600,13.668487548828125,0.8451532125473022,0.31603461503982544,-0.3256114423274994
1790028804743497500,13.67849755859375,0.20111294090747833,0.40222588181495667,-0.45250412821769714
1790028804753537800,13.688537841796874,-0.5746083855628967,0.5650315880775452,-0.2513911724090576
1790028804763547600,13.698547607421874,-1.1492167711257935,0.3998316824436188,-0.5770025849342346
1790028804773618400,13.708618408203124,-1.0678139925003052,-0.05506663769483566,-0.7326257228851318
1790028804783628000,13.7186279296875,-0.4668693244457245,-0.35913026332855225,-0.9265560507774353
1790028804793668400,13.72866845703125,0.2322375625371933,-1.0127472877502441,-0.395043283700943
1790028804813718500,13.748718505859374,1.8124107122421265,0.13407529890537262,-0.0454898327589035
1790028804873868500,13.80886865234375,0.9050082564353943,-1.1109095811843872,1.455674648284912
1790028804923978500,13.858978515625,-1.5466543436050415,0.29209262132644653,-1.1755530834197998
1790028804954068700,13.88906884765625,-0.933738648891449,-1.4844050407409668,1.0821791887283325
1790028804964078600,13.89907861328125,0.16759411990642548,-1.5107412338256836,1.3479355573654175
1790028804974088200,13.909088134765625,0.586579442024231,-1.01753568649292,0.5363011956214905
1790028804984159200,13.9191591796875,0.5722141861915588,0.014365210197865963,-0.8571242094039917
1790028804994168800,13.9291689453125,0.011971008032560349,1.3670891523361206,-2.806004285812378
1790028805004178700,13.9391787109375,-0.7158663272857666,1.4077905416488647,-2.4133553504943848
1790028805014188300,13.949188232421875,-1.0055646896362305,0.0071826050989329815,-0.12210428714752197
1790028805024198100,13.9591982421875,-0.811634361743927,-1.1276689767837524,1.5179238319396973
1790028805044248300,13.979248291015624,0.4884171485900879,-0.5770025849342346,0.23702596127986908
1790028805054258000,13.9892578125,0.6272808313369751,-0.3758896589279175,-0.8259995579719543
1790028805064298200,13.99929833984375,0.8044517636299133,-0.6727706789970398,-0.2777273952960968
1790028805074308000,14.00930810546875,1.0749965906143188,-0.26336219906806946,-0.16519992053508759
1790028805084317700,14.019317626953125,1.1252747774124146,0.002394201699644327,0.5434837937355042
1790028805094358000,14.02935791015625,0.8427590131759644,-0.42377370595932007,1.5610195398330688
1790028805104367900,14.039367919921874,0.3280056416988373,-1.1971008777618408,2.2385785579681396
1790028805114408200,14.049408203125,0.0071826050989329815,-1.1109095811843872,1.6903064250946045
1790028805144498400,14.07949853515625,-0.15562310814857483,-1.314416766166687,-0.10773907601833344
1790028805154538800,14.089538818359374,-0.45010992884635925,-1.4867992401123047,0.6871358752250671
1790028805174649900,14.10964990234375,-0.38546648621559143,-0.27054479718208313,-0.3208230137825012
1790028805184659700,14.11965966796875,-0.5722141861915588,-0.05267243832349777,-0.15562310814857483
1790028805194669300,14.12966943359375,-0.6272808313369751,-0.40462008118629456,-0.1388636976480484
1790028805204679200,14.13967919921875,-0.31124621629714966,-0.8595184087753296,0.33758243918418884
1790028805244840200,14.179840087890625,0.6416460275650024,-0.49320554733276367,0.2561795711517334
1790028805284970800,14.219970703125,0.6607996821403503,-0.45250412821769714,0.8858546018600464
1790028805315061200,14.250061279296874,0.7206547260284424,0.26096799969673157,0.5937620401382446
1790028805325101600,14.2601015625,0.5913678407669067,0.1364694982767105,0.6105214357376099
1790028805335142000,14.270141845703124,0.3208230137825012,-0.5123591423034668,0.751779317855835
1790028805345151500,14.2801513671875,-0.10773907601833344,-0.9672574996948242,1.0342950820922852
1790028805365171200,14.300171142578124,-0.3016694188117981,-0.36152446269989014,-0.5937620401382446
1790028805375180800,14.310180908203124,-0.15562310814857483,-0.7924807667732239,-0.3998316824436188
1790028805385190700,14.320190673828124,-0.17238251864910126,-0.8906430602073669,0.28969839215278625
1790028805395200300,14.3302001953125,-0.30885201692581177,-0.6009446382522583,0.4405331015586853
1790028805405210000,14.340210205078124,-0.33758243918418884,-0.47884035110473633,0.9648633003234863
1790028805415220000,14.350219970703124,-0.16759411990642548,-0.524330198764801,1.3455413579940796
1790028805435270000,14.370269775390625,0.14604631066322327,-0.4836287498474121,0.6416460275650024
1790028805475400400,14.410400390625,-0.26575639843940735,-0.8762778043746948,0.3711012601852417
1790028805535520300,14.470520263671874,0.3998316824436188,-0.4812345504760742,0.6440402865409851
1790028805555539700,14.490539794921874,0.14604631066322327,-0.07422025501728058,0.21308395266532898
1790028805565549600,14.500549560546874,0.37828385829925537,0.08140286058187485,-0.20111294090747833
1790028805575528700,14.51052880859375,0.48602294921875,-0.2992752194404602,-0.019153613597154617
1790028805585599500,14.520599609375,0.4141969084739685,-0.6799532771110535,0.2777273952960968
1790028805595639800,14.530639892578124,0.12689268589019775,-0.689530074596405,0.37828385829925537
1790028805605649700,14.540649658203124,-0.06703764945268631,-0.8475474119186401,0.5171475410461426
1790028805615659300,14.5506591796875,-0.026336219161748886,-0.9409212470054626,0.7924807667732239
1790028805625730000,14.56072998046875,0.1604115068912506,-0.4165911078453064,0.6919242739677429
1790028805635770400,14.570770263671875,0.16519992053508759,-0.038307227194309235,0.5793967843055725
1790028805645780200,14.5807802734375,0.15562310814857483,0.023942016065120697,0.27054479718208313
1790028805675840000,14.610840087890624,-0.2513911724090576,-0.8810662031173706,0.9528923034667969
1790028805685849900,14.620849853515624,-0.43335050344467163,-0.7637503147125244,1.0271124839782715
1790028805705899800,14.640899658203125,-0.4908113479614258,-0.7852981686592102,0.608127236366272
1790028805725950000,14.660949951171874,-0.2801215946674347,-0.9720458984375,0.5817909836769104
1790028805735959600,14.67095947265625,-0.16519992053508759,-0.6512228846549988,0.363918662071228
1790028805745969400,14.680969482421874,-0.1604115068912506,-0.38307225704193115,0.15801730751991272
1790028805755979300,14.690979248046874,0.08858546614646912,-0.24181437492370605,0.1867477297782898
1790028805766019600,14.70101953125,0.1867477297782898,-0.12689268589019775,0.3998316824436188
1790028805776029200,14.711029296875,0.1388636976480484,-0.09576806426048279,0.38307225704193115
1790028805786039000,14.7210390625,0.10055647045373917,-0.05985504388809204,0.2298433631658554
1790028805796048600,14.731048583984375,0.22744916379451752,-0.22026655077934265,0.363918662071228
1790028805806089000,14.7410888671875,0.2585737705230713,-0.5650315880775452,0.4812345504760742
1790028805816159700,14.75115966796875,0.3208230137825012,-0.8882488012313843,0.5937620401382446
1790028805826139100,14.76113916015625,0.2777273952960968,-0.9265560507774353,0.6057330369949341
1790028805836210000,14.7712099609375,0.2801215946674347,-0.6512228846549988,0.7206547260284424
1790028805846219800,14.7812197265625,0.28969839215278625,-0.42856210470199585,0.6177040338516235
1790028805856290600,14.79129052734375,0.28730419278144836,-0.24660277366638184,0.5985504388809204
1790028805866300200,14.801300048828125,0.11013327538967133,-0.45489832758903503,1.1444283723831177
1790028805876340500,14.811340576171874,-0.0454898327589035,-0.6607996821403503,1.2761094570159912
1790028805886350300,14.821350341796874,-0.33997663855552673,-1.0821791887283325,1.381454348564148
1790028805896360000,14.83135986328125,-0.730231523513794,-1.5155296325683594,1.4101848602294922
1790028805906369800,14.841369873046874,-1.1851298809051514,-1.8076223134994507,1.3431471586227417
1790028805916410000,14.85141015625,-1.3934253454208374,-1.6424223184585571,1.0223240852355957
1790028805926450400,14.861450439453124,-1.2832920551300049,-1.3455413579940796,0.8259995579719543
1790028805946500400,14.881500244140625,-0.6320692300796509,-1.335964560508728,0.9241618514060974
1790028805956510200,14.89151025390625,-0.8690952062606812,-1.4532804489135742,1.4532804489135742
1790028806016721400,14.951721435546874,-0.9481038451194763,-0.6655880808830261,1.944091796875
1790028806066892300,15.001892333984374,-1.3503297567367554,-1.6615760326385498,1.3096283674240112
1790028806106992400,15.041992431640624,-0.5937620401382446,-1.05105459690094,1.290474772453308
1790028806157163300,15.092163330078124,-0.12449848651885986,-0.7757213711738586,1.1444283723831177
1790028806187314700,15.122314697265624,-1.5466543436050415,-1.41257905960083,1.170764684677124
1790028806197385500,15.132385498046874,-0.6512228846549988,-1.4772224426269531,0.9433154463768005
1790028806227537000,15.162536865234374,-0.23942017555236816,0.7709329724311829,1.1013327836990356
1790028806237577000,15.172576904296875,-0.8667010068893433,0.19153612852096558,0.933738648891449
1790028806257627100,15.192627197265624,-1.577778935432434,-0.2346317619085312,-0.35673606395721436
1790028806267667500,15.20266748046875,-1.889025092124939,-0.9193734526634216,-0.6631938815116882
1790028806277707800,15.212707763671874,-1.8052281141281128,-1.2832920551300049,-1.4700398445129395
1790028806287717400,15.22271728515625,-1.3646949529647827,-2.585737943649292,-0.7326257228851318
1790028806297727200,15.232727294921874,-0.6129156351089478,-2.7078421115875244,0.22266076505184174
1790028806307737000,15.242737060546874,-0.22266076505184174,-1.721431016921997,0.8810662031173706
1790028806317777200,15.252777099609375,-0.4572925269603729,-0.33997663855552673,0.9959878921508789
1790028806327787000,15.262787109375,-0.8643068075180054,0.24899697303771973,1.3287819623947144
1790028806347837200,15.282837158203124,-1.0893617868423462,0.3232172429561615,0.17477671802043915
1790028806357877200,15.292877197265625,-0.3902548849582672,-0.9097966551780701,-0.40701428055763245
1790028806387998200,15.322998291015624,-0.07182604819536209,1.2234370708465576,-1.3024457693099976
1790028806398008000,15.333008056640624,-0.9145850539207458,0.9816226959228516,-1.1252747774124146
1790028806408048400,15.34304833984375,-1.139639973640442,0.45489832758903503,-0.5339069962501526
1790028806428098300,15.363098388671874,-0.05027823522686958,-0.5003881454467773,1.1085153818130493
1790028806438138600,15.373138671875,0.0694318488240242,-1.1085153818130493,1.2856862545013428
1790028806448179000,15.383178955078124,-0.0694318488240242,-1.4437036514282227,1.3982137441635132
1790028806458188500,15.3931884765625,-0.42377370595932007,-0.9672574996948242,0.3902548849582672
1790028806468228900,15.403228759765625,-0.689530074596405,-0.1149216815829277,-0.49320554733276367
1790028806508390100,15.44339013671875,-2.0470423698425293,-0.21547815203666687,0.21787235140800476
1790028806518461000,15.4534609375,-2.786850690841675,-0.3734954595565796,0.47644615173339844
1790028806528470500,15.463470458984375,-3.1699230670928955,0.05746084079146385,-1.091755986213684
1790028806548520700,15.483520751953124,-2.715024709701538,-0.8595184087753296,-0.6392518281936646
1790028806558530600,15.493530517578124,-1.173158884048462,-1.3503297567367554,0.40701428055763245
1790028806588651300,15.5236513671875,-1.525106430053711,1.4628572463989258,-2.1475989818573
1790028806628843000,15.563843017578124,0.47644615173339844,0.26575639843940735,-0.004788403399288654
1790028806669004000,15.604004150390624,-0.8188169598579407,0.9074024558067322,-0.8738836050033569
1790028806679014000,15.614013916015624,-0.8475474119186401,1.8100165128707886,-1.292868971824646
1790028806689023500,15.6240234375,-1.5682021379470825,1.7549498081207275,-0.6823474764823914
1790028806699063800,15.634063720703125,-1.7310078144073486,1.7166426181793213,-0.05985504388809204
1790028806709073700,15.64407373046875,-1.192312479019165,0.950498104095459,-0.7158663272857666
1790028806719083500,15.65408349609375,-0.4836287498474121,0.4381389021873474,-0.45010992884635925
1790028806729123600,15.66412353515625,-0.6272808313369751,0.9696516990661621,-0.5410895943641663
1790028806759183600,15.69418359375,-1.3670891523361206,2.2026655673980713,-0.24660277366638184
1790028806769223700,15.7042236328125,-0.8978256583213806,2.2888567447662354,0.5315127968788147
1790028806779233500,15.714233642578124,-0.7230489253997803,2.1356279850006104,0.0933738648891449
1790028806789243400,15.724243408203124,-0.7493851184844971,1.534683346748352,0.1628057211637497
1790028806799253000,15.7342529296875,-0.8858546018600464,1.2401964664459229,0.17956513166427612
1790028806809293300,15.744293212890625,-0.5530605912208557,1.2282254695892334,0.2777273952960968
1790028806819333600,15.754333740234374,-0.272938996553421,2.1595699787139893,0.2849099934101105
1790028806829374000,15.7643740234375,-0.15083470940589905,2.027888774871826,0.23942017555236816
1790028806839444700,15.77444482421875,0.3998316824436188,1.7142484188079834,0.6584054827690125
1790028806849485000,15.784485107421874,0.5889736413955688,1.7836803197860718,0.3232172429561615
1790028806859495000,15.794494873046874,0.3711012601852417,2.1523873805999756,-0.07661445438861847
1790028806889615600,15.82461572265625,0.0071826050989329815,2.1045033931732178,-0.5339069962501526
1790028806929715700,15.8647158203125,-0.021547814831137657,1.3407529592514038,-0.38307225704193115
1790028806989927000,15.924927001953124,0.272938996553421,-0.3447650372982025,1.173158884048462
1790028807020078300,15.955078369140624,-0.5051765441894531,0.7015010714530945,-1.4221558570861816
1790028807030088200,15.965088134765624,-0.8595184087753296,0.7254431247711182,-1.625662922859192
1790028807040128300,15.975128173828125,-0.849941611289978,0.19393034279346466,-1.434126853942871
1790028807050138000,15.98513818359375,-0.4812345504760742,0.6871358752250671,-1.2497732639312744
1790028807070218800,16.00521875,-0.09816227108240128,0.028730420395731926,-0.13168109953403473
1790028807080259000,16.015259033203126,0.304063618183136,-0.10295066982507706,-0.22744916379451752
1790028807100339500,16.03533935546875,-0.6584054827690125,0.3878606855869293,-1.3503297567367554
1790028807110349300,16.045349365234376,-1.2497732639312744,0.8236053586006165,-1.6496049165725708
1790028807120359200,16.055359130859376,-1.1085153818130493,1.0462661981582642,-1.3646949529647827
1790028807130399200,16.065399169921875,-0.2082955539226532,0.44532153010368347,-0.5817909836769104
1790028807140409000,16.0754091796875,0.9720458984375,0.4165911078453064,-0.5626373887062073
1790028807150480000,16.08547998046875,1.381454348564148,0.35913026332855225,-1.8076223134994507
1790028807180509200,16.11550927734375,-0.5985504388809204,0.3208230137825012,-1.1899182796478271
1790028807190549500,16.125549560546876,-0.6751648783683777,0.2082955539226532,-0.7254431247711182
1790028807200559400,16.135559326171876,-0.5267243981361389,-0.09816227108240128,-0.14844051003456116
1790028807210569000,16.14556884765625,-0.05985504388809204,-0.4189853072166443,0.2777273952960968
1790028807220578800,16.155578857421876,0.9145850539207458,-0.811634361743927,0.05267243832349777
1790028807230588700,16.165588623046876,1.7764976024627686,-0.19393034279346466,-0.7757213711738586
1790028807260648400,16.1956484375,-0.667982280254364,0.9744400978088379,-1.113303780555725
1790028807300779000,16.235779052734376,0.8547300100326538,-1.0319008827209473,0.08140286058187485
1790028807310788900,16.245788818359376,0.9911994934082031,-0.6799532771110535,-1.2234370708465576
1790028807350919400,16.28591943359375,-0.9481038451194763,0.5722141861915588,-0.11252748221158981
1790028807360929000,16.295928955078125,-0.6703764796257019,-0.8810662031173706,1.5729905366897583
1790028807370939000,16.30593896484375,0.1843535304069519,-1.501164436340332,2.0183119773864746
1790028807380948700,16.31594873046875,0.9959878921508789,-1.292868971824646,0.6033388376235962
1790028807411008500,16.346008544921876,-0.45010992884635925,0.15083470940589905,-0.8643068075180054
1790028807421048800,16.356048828125,-0.6847416758537292,0.4836287498474121,-0.6272808313369751
1790028807431058400,16.366058349609375,-0.5410895943641663,0.1843535304069519,-0.05985504388809204
1790028807511289300,16.446289306640626,-0.7996633648872375,1.1994950771331787,0.4189853072166443
1790028807571409000,16.506408935546876,-0.28730419278144836,-0.9097966551780701,-0.7158663272857666
1790028807581418800,16.516418701171876,-0.20350714027881622,-0.5195417404174805,-0.9313444495201111
1790028807591489500,16.526489501953126,-0.002394201699644327,-0.8188169598579407,0.2777273952960968
1790028807601499100,16.5364990234375,0.272938996553421,-1.3718775510787964,1.5322890281677246
1790028807621518800,16.556518798828126,0.4812345504760742,-0.6416460275650024,0.3663128614425659
1790028807641660400,16.576660400390626,0.30885201692581177,-1.4413094520568848,1.1755530834197998
1790028807651700700,16.58670068359375,0.23942017555236816,-1.1013327836990356,1.4844050407409668
1790028807661679900,16.596679931640626,0.33279404044151306,-0.4596867263317108,1.039083480834961
1790028807671720200,16.60672021484375,0.524330198764801,-0.31124621629714966,0.7445967197418213
1790028807681729800,16.616729736328125,0.24660277366638184,-0.19393034279346466,0.706289529800415
1790028807691770000,16.62677001953125,0.019153613597154617,-0.4884171485900879,0.608127236366272
1790028807701810400,16.636810546875,-0.2585737705230713,-1.280897855758667,0.7589619159698486
1790028807721830000,16.656829833984375,-0.19871874153614044,-0.5339069962501526,-0.2849099934101105
1790028807731839700,16.66683984375,-0.07661445438861847,-0.4836287498474121,0.011971008032560349
1790028807771939800,16.70693994140625,-0.26815059781074524,-0.667982280254364,-0.8140285611152649
1790028807792020500,16.7270205078125,-0.1173158809542656,-0.7493851184844971,0.11971008777618408
1790028807802030000,16.737030029296875,0.023942016065120697,-0.751779317855835,0.3447650372982025
1790028807822080300,16.757080322265626,0.47165772318840027,0.047884032130241394,0.2106897532939911
1790028807832090000,16.767090087890626,0.5386953949928284,-0.1628057211637497,0.16519992053508759
1790028807842099700,16.777099609375,0.507570743560791,-0.4141969084739685,0.18914192914962769
1790028807852109600,16.787109619140626,0.0933738648891449,-0.45489832758903503,0.181959331035614
1790028807892209700,16.827209716796876,0.45010992884635925,-0.6967126727104187,1.0630255937576294
1790028807902219500,16.837219482421876,0.4118026793003082,-0.2825157940387726,0.828393816947937
1790028807912229000,16.84722900390625,0.45010992884635925,0.0071826050989329815,0.7709329724311829
1790028807922269400,16.85726953125,0.4620809257030487,-0.14844051003456116,0.7469909191131592
1790028807942289000,16.877288818359375,0.2561795711517334,-0.667982280254364,0.9265560507774353
1790028807952329200,16.8873291015625,-0.043095629662275314,-0.5602431893348694,1.0031704902648926
1790028807962339000,16.897339111328126,-0.08379705995321274,-0.7398083209991455,1.0558429956436157
1790028807972349000,16.907348876953126,0.026336219161748886,-0.7398083209991455,0.7254431247711182
1790028807982358500,16.917358642578126,0.33758243918418884,-0.727837324142456,0.6153098344802856
1790028807992398800,16.92739892578125,0.31842881441116333,-0.7206547260284424,0.912190854549408
1790028808002439200,16.937439208984376,0.38546648621559143,-0.7326257228851318,0.586579442024231
1790028808012449000,16.947448974609376,0.38307225704193115,-0.6105214357376099,0.08619125932455063
1790028808032529400,16.967529296875,0.31603461503982544,-0.3519476354122162,0.5410895943641663
1790028808052610000,16.987610107421876,-0.1149216815829277,-0.4668693244457245,1.1803414821624756
1790028808092740600,17.02774072265625,0.8427590131759644,0.6177040338516235,0.6009446382522583
1790028808102781000,17.037781005859376,0.33039984107017517,0.3519476354122162,0.9409212470054626
1790028808112821200,17.0478212890625,0.0071826050989329815,0,1.1779472827911377
1790028808122861600,17.057861572265626,-0.15083470940589905,-0.16519992053508759,0.8451532125473022
1790028808132871200,17.06787109375,-0.08858546614646912,-0.26336219906806946,0.4429273009300232
1790028808142881000,17.077881103515626,0.035913024097681046,-0.4644751250743866,0.40222588181495667
1790028808162961700,17.097961669921876,0.035913024097681046,-0.42377370595932007,0.6488286852836609
1790028808183011600,17.118011474609375,0.4620809257030487,-0.40701428055763245,0.5985504388809204
1790028808203092200,17.13809228515625,0.2753331959247589,-0.12210428714752197,0.43335050344467163
1790028808223111700,17.158111572265625,0.0071826050989329815,-0.035913024097681046,0.06224924325942993
1790028808243161900,17.178161865234376,0,-0.3926490843296051,0.15083470940589905
1790028808253171500,17.18817138671875,-0.14365209639072418,-0.545877993106842,0.28969839215278625
1790028808263181300,17.198181396484376,-0.3471592366695404,-0.828393816947937,0.545877993106842
1790028808273252000,17.208252197265626,-0.2561795711517334,-0.8044517636299133,0.629675030708313
1790028808283292400,17.21829248046875,-0.031124621629714966,-0.7613561153411865,0.43095630407333374
1790028808313413400,17.248413330078126,-0.3902548849582672,-0.26815059781074524,0.8307880163192749
1790028808323423000,17.258423095703126,-0.8020575642585754,-0.4692635238170624,0.8427590131759644
1790028808333493800,17.26849365234375,-0.9097966551780701,-0.19393034279346466,0.5267243981361389
1790028808343534000,17.2785341796875,-0.8523358106613159,-0.38067805767059326,0.4620809257030487
1790028808353574400,17.288574462890626,-1.036689281463623,-0.5171475410461426,1.0606313943862915
1790028808373624300,17.308624267578125,-1.580173134803772,-1.987187385559082,2.0446481704711914
1790028808383634200,17.31863427734375,-1.3646949529647827,-2.2026655673980713,1.5179238319396973
1790028808393644000,17.32864404296875,-1.2306196689605713,-1.9512743949890137,1.4245500564575195
1790028808403684400,17.338684326171876,-1.316810965538025,-2.3319525718688965,2.099714994430542
1790028808443845400,17.378845458984376,-0.6248866319656372,-1.2330138683319092,1.01753568649292
1790028808493985800,17.42898583984375,-0.31603461503982544,-1.0773907899856567,2.6360161304473877
1790028808504056600,17.439056640625,-0.35434186458587646,-1.1348515748977661,2.6431987285614014
1790028808524167700,17.459167724609376,-0.5913678407669067,-0.8810662031173706,1.6831238269805908
1790028808544248300,17.479248291015626,-0.8858546018600464,-1.53707754611969,2.470816135406494
1790028808554288400,17.489288330078125,-0.7709329724311829,-1.414973258972168,1.867477297782898
1790028808564328700,17.49932861328125,-1.113303780555725,-1.8363527059555054,1.5298948287963867
1790028808574369000,17.509369140625,-1.5155296325683594,-2.293645143508911,1.9153614044189453
1790028808594388500,17.529388427734375,-1.9345149993896484,-0.7805097699165344,0.9193734526634216
1790028808604428800,17.5394287109375,-1.3335703611373901,-0.8020575642585754,0.5195417404174805
1790028808614469000,17.54946923828125,-1.0414776802062988,-0.8643068075180054,1.0247182846069336
1790028808624509400,17.559509521484376,-1.3958195447921753,-1.0773907899856567,1.455674648284912
1790028808634549800,17.5695498046875,-1.9919757843017578,-0.706289529800415,1.1899182796478271
1790028808644590000,17.579590087890626,-2.1284453868865967,0.16998831927776337,0.3064578175544739
1790028808654630400,17.58963037109375,-1.5418659448623657,0.4572925269603729,0.016759412363171577
1790028808664670500,17.59967041015625,-0.9193734526634216,0.8595184087753296,0.09576806426048279
1790028808674710800,17.609710693359375,-0.6392518281936646,0.42616790533065796,1.0271124839782715
1790028808704862200,17.6398623046875,-0.16998831927776337,-0.47405192255973816,0.43095630407333374
1790028808714872000,17.6498720703125,-0.5003881454467773,-0.21547815203666687,-0.3519476354122162
1790028808724912400,17.659912353515626,-0.7996633648872375,-0.48602294921875,-1.4484920501708984
1790028808734983200,17.669983154296876,-0.933738648891449,-1.3694833517074585,-0.30885201692581177
1790028808745023500,17.6800234375,-1.0558429956436157,-1.4939818382263184,0.5674257874488831
1790028808785123600,17.72012353515625,-0.5530605912208557,-0.8906430602073669,-0.44532153010368347
1790028808835263700,17.770263671875,-0.0454898327589035,-0.5123591423034668,1.359906554222107
1790028808855344400,17.790344482421876,-0.3495534360408783,-0.49559974670410156,-0.8331822156906128
1790028808865354200,17.800354248046876,-1.0582371950149536,-0.7709329724311829,-0.4357447028160095
1790028808875363800,17.81036376953125,-1.2114660739898682,-0.9409212470054626,1.4844050407409668
1790028808885404200,17.820404052734375,-0.4812345504760742,0.2825157940387726,0.3998316824436188
1790028808895414000,17.8304140625,-0.608127236366272,1.0055646896362305,-1.4293384552001953
1790028808905484800,17.84048486328125,-1.4245500564575195,0.912190854549408,-1.843535304069519
1790028808925565400,17.8605654296875,-1.0342950820922852,-1.1013327836990356,-0.2585737705230713
1790028808935575000,17.870574951171875,-0.4213795065879822,-1.414973258972168,0.1149216815829277
1790028808955625200,17.890625244140626,-1.3215993642807007,0.14844051003456116,-1.7046716213226318
1790028808965665500,17.90066552734375,-1.9057846069335938,0.31842881441116333,-1.4915876388549805
1790028808975736300,17.910736328125,-2.0422539710998535,0.09576806426048279,-1.05105459690094
1790028808985776600,17.920776611328126,-1.2306196689605713,-0.8212111592292786,0.026336219161748886
1790028808995786200,17.9307861328125,-0.5650315880775452,-1.6615760326385498,0.6607996821403503
1790028809025876700,17.960876708984376,-3.0334534645080566,0.7852981686592102,-4.876988887786865
1790028809045957000,17.98095703125,-1.5753847360610962,0.33518823981285095,-0.790086567401886
1790028809076047600,18.011047607421876,-4.639962673187256,2.094926595687866,-2.169146776199341
1790028809086118400,18.021118408203126,-3.7229835987091064,1.1468225717544556,0.1364694982767105
1790028809096158700,18.03115869140625,-1.6974890232086182,0.8307880163192749,1.3479355573654175
1790028809106198800,18.04119873046875,-0.5793967843055725,0.07182604819536209,1.6735470294952393
1790028809116208600,18.051208740234376,-0.181959331035614,0.5722141861915588,2.1954829692840576
1790028809126218500,18.061218505859376,-0.6512228846549988,0.5746083855628967,1.292868971824646
1790028809146329600,18.08132958984375,-1.6041151285171509,1.41257905960083,1.0055646896362305
1790028809156370000,18.091369873046876,-1.556231141090393,1.5155296325683594,1.072602391242981
1790028809166379500,18.101379638671876,-0.7469909191131592,1.501164436340332,1.556231141090393
1790028809176389400,18.111389404296876,-0.3974374830722809,2.03507137298584,1.7597382068634033
1790028809186429700,18.1214296875,-0.7445967197418213,2.8874073028564453,0.9217676520347595
1790028809196470000,18.131469970703126,-1.3239935636520386,3.3016040325164795,0.15801730751991272
1790028809206510000,18.141510009765625,-1.316810965538025,3.404554843902588,-0.8571242094039917
1790028809216520000,18.15152001953125,-0.6991068720817566,2.911349296569824,-1.4676456451416016
1790028809226590700,18.1615908203125,-0.11252748221158981,2.454056739807129,-1.161187767982483
1790028809236600600,18.1716005859375,-0.009576806798577309,2.6001031398773193,-1.1971008777618408
1790028809266660400,18.201660400390626,0.7422025203704834,3.184288263320923,-0.8786720037460327
1790028809276670200,18.211670166015626,0.5171475410461426,3.1076738834381104,-0.689530074596405
1790028809286679800,18.2216796875,0.31124621629714966,3.0382418632507324,-0.7374141216278076
1790028809296750600,18.23175048828125,0.07422025501728058,2.760514497756958,-0.9145850539207458
1790028809306760400,18.241760498046876,-0.05506663769483566,2.2601263523101807,-0.8882488012313843
1790028809316800800,18.25180078125,0.014365210197865963,1.7190368175506592,-0.26815059781074524
1790028809326810400,18.261810302734375,0.090979665517807,1.4915876388549805,-0.08619125932455063
1790028809336820200,18.2718203125,0.019153613597154617,1.3718775510787964,0.035913024097681046
1790028809386960600,18.321960693359376,-0.6177040338516235,0.3519476354122162,-0.3232172429561615
1790028809397001000,18.3320009765625,-0.4644751250743866,0.22505496442317963,-0.6488286852836609
1790028809407010600,18.342010498046875,-0.3423708379268646,0.28730419278144836,-0.8834604024887085
1790028809437101000,18.37210107421875,-0.9145850539207458,0.5530605912208557,-1.501164436340332
1790028809467160800,18.402160888671876,-0.304063618183136,0.1867477297782898,-1.8100165128707886
1790028809477201200,18.412201171875,0.11013327538967133,0.43095630407333374,-2.846705913543701
1790028809497251000,18.4322509765625,-0.08619125932455063,1.6352397203445435,-1.6136919260025024
1790028809517301200,18.45230126953125,0.4118026793003082,1.9488801956176758,-0.6560112833976746
1790028809537351200,18.47235107421875,0.3758896589279175,0.7541735172271729,-0.5817909836769104
1790028809547422000,18.482421875,0.17956513166427612,-0.0933738648891449,-0.38546648621559143
1790028809557431800,18.492431884765626,0.5602431893348694,-0.009576806798577309,-0.31842881441116333
1790028809567472000,18.50247216796875,0.6512228846549988,0.06224924325942993,-0.6009446382522583
1790028809627713800,18.5627138671875,-1.1228805780410767,-0.11971008777618408,-0.7805097699165344
1790028809647794400,18.58279443359375,-0.17238251864910126,-0.751779317855835,0.7398083209991455
1790028809657834800,18.592834716796876,0.7086837291717529,-0.4908113479614258,0.10773907601833344
1790028809667844400,18.60284423828125,0.5482721924781799,0.3447650372982025,-1.335964560508728
1790028809677884700,18.612884765625,-0.1149216815829277,0.44532153010368347,-1.8818424940109253
1790028809697904000,18.632904052734375,-0.3902548849582672,-0.0933738648891449,-0.9888052940368652
1790028809707914000,18.6429140625,-0.009576806798577309,-0.7924807667732239,0.5961562395095825
1790028809717923800,18.652923828125,0.8619126081466675,-0.8188169598579407,1.501164436340332
1790028809727933400,18.662933349609375,1.479616641998291,-0.23942017555236816,0.33279404044151306
1790028809737943300,18.672943359375,0.828393816947937,0.2082955539226532,-0.2777273952960968
1790028809747983600,18.682983642578126,0.06464344263076782,0.44771572947502136,-0.21308395266532898
1790028809757993200,18.6929931640625,-0.38067805767059326,-0.4572925269603729,-0.5219359993934631
1790028809768033500,18.703033447265625,0.4189853072166443,-1.0749965906143188,0.8834604024887085
1790028809828275200,18.763275146484375,-0.16759411990642548,-0.21308395266532898,0.689530074596405
1790028809838285000,18.77328515625,-0.15562310814857483,-0.0071826050989329815,-0.6751648783683777
1790028809848325400,18.783325439453126,-0.363918662071228,-0.38307225704193115,-1.2042834758758545
1790028809858335200,18.793335205078126,-0.5722141861915588,-0.9768342971801758,-0.12689268589019775
1790028809868375300,18.803375244140625,-0.31364041566848755,-0.8188169598579407,0.4668693244457245
1790028809878385200,18.81338525390625,0.11971008777618408,-0.3926490843296051,0.43095630407333374
1790028809938626800,18.873626708984375,0.5650315880775452,-1.161187767982483,0.9911994934082031
1790028809948667100,18.883667236328126,0.3208230137825012,-0.2059013396501541,0.45250412821769714
1790028809958707500,18.89370751953125,-0.304063618183136,0.1867477297782898,-0.4908113479614258
1790028809968717300,18.90371728515625,-0.5937620401382446,-0.4118026793003082,0.016759412363171577
1790028809978727000,18.913726806640625,-0.3926490843296051,-0.933738648891449,0.8236053586006165
1790028810008756200,18.943756103515625,0.28730419278144836,0.011971008032560349,-0.22026655077934265
1790028810028806400,18.963806396484376,-0.040701430290937424,0.49799394607543945,-1.0055646896362305
1790028810038877200,18.973877197265626,-0.05027823522686958,-0.035913024097681046,-0.44771572947502136
1790028810048886800,18.98388671875,0.0933738648891449,-0.8164227604866028,0.4357447028160095
1790028810129026000,19.064026123046876,1.235408067703247,-0.2537853717803955,1.6711528301239014
1790028810139066400,19.07406640625,1.3958195447921753,-0.08140286058187485,1.6376339197158813
1790028810149106700,19.084106689453126,1.501164436340332,0.3758896589279175,1.1276689767837524
1790028810159116300,19.0941162109375,1.5203180313110352,0.09816227108240128,0.17956513166427612
1790028810169156600,19.104156494140625,1.2258312702178955,-0.6488286852836609,0.9026140570640564
1790028810179166500,19.11416650390625,0.33758243918418884,-1.0055646896362305,1.4269442558288574
1790028810189206800,19.124206787109376,-0.07900865375995636,-0.5267243981361389,0.9888052940368652
1790028810199216400,19.13421630859375,0.1604115068912506,-0.3016694188117981,0.19632454216480255
1790028810209226200,19.144226318359376,0.5793967843055725,-0.45010992884635925,0.304063618183136
1790028810219266600,19.1542666015625,0.5051765441894531,-0.7972691655158997,0.8092401623725891
1790028810249326300,19.184326416015626,0.38307225704193115,-0.6368576288223267,0.8331822156906128
1790028810259366700,19.19436669921875,0.49799394607543945,-0.5267243981361389,0.7445967197418213
1790028810269407000,19.204406982421876,0.4596867263317108,-0.4213795065879822,0.8451532125473022
1790028810279416600,19.21441650390625,0.23702596127986908,-0.569819986820221,1.1755530834197998
1790028810329526500,19.264526611328126,-0.05027823522686958,-0.7206547260284424,0.28969839215278625
1790028810379575300,19.3145751953125,0.22266076505184174,-0.7015010714530945,0.3064578175544739
1790028810389615600,19.32461572265625,-0.028730420395731926,-0.6703764796257019,0.6584054827690125
1790028810399656000,19.334656005859376,-0.19153612852096558,-0.3998316824436188,0.5530605912208557
1790028810409696300,19.3446962890625,-0.0694318488240242,-0.22744916379451752,0.5003881454467773
1790028810419705900,19.354705810546875,-0.004788403399288654,-0.4596867263317108,0.7589619159698486
1790028810429715700,19.3647158203125,0.17238251864910126,-0.6009446382522583,0.9576807022094727
1790028810459836700,19.394836669921876,-0.023942016065120697,-1.0031704902648926,0.9768342971801758
1790028810469877000,19.404876953125,-0.05027823522686958,-0.7326257228851318,0.9888052940368652
1790028810479886600,19.414886474609375,-0.002394201699644327,-0.5051765441894531,1.094150185585022
1790028810489927000,19.424927001953126,-0.16998831927776337,-0.3974374830722809,1.1563993692398071
1790028810499936800,19.434936767578126,-0.3256114423274994,0.011971008032560349,1.0127472877502441
1790028810509977000,19.44497705078125,-0.1843535304069519,-0.3256114423274994,0.7469909191131592
1790028810519986700,19.454986572265625,0.047884032130241394,-0.2968810200691223,0.4884171485900879
1790028810529996500,19.46499658203125,0.1843535304069519,-0.5602431893348694,0.4381389021873474
1790028810590146600,19.525146484375,0.2059013396501541,-0.12689268589019775,0.689530074596405
1790028810600187000,19.535186767578125,0.11971008777618408,-0.2513911724090576,0.6512228846549988
1790028810610196700,19.54519677734375,-0.12210428714752197,-0.6368576288223267,0.828393816947937
1790028810630246700,19.56524658203125,-0.1604115068912506,-0.7350199222564697,0.8906430602073669
1790028810640256500,19.575256591796876,0.11252748221158981,-0.9026140570640564,0.7637503147125244
1790028810650266400,19.585266357421876,0.040701430290937424,-1.1683704853057861,0.9744400978088379
1790028810710477600,19.6454775390625,-0.2537853717803955,-1.2306196689605713,1.4484920501708984
1790028810720517600,19.655517578125,-0.363918662071228,-1.6208745241165161,1.5658079385757446
1790028810730558000,19.665557861328125,-0.4405331015586853,-2.1811177730560303,1.6112977266311646
1790028810740598300,19.675598388671876,-0.4189853072166443,-1.9704279899597168,1.482010841369629
1790028810750608100,19.685608154296876,-0.35673606395721436,-1.2306196689605713,0.7661445140838623
1790028810780698400,19.715698486328126,-0.40222588181495667,-1.2545616626739502,1.7501614093780518
1790028810790769200,19.72576904296875,-0.4620809257030487,-1.580173134803772,2.470816135406494
1790028810800779000,19.735779052734376,-0.7422025203704834,-1.3862427473068237,2.52109432220459
1790028810810819300,19.7458193359375,-0.7829039692878723,-0.7589619159698486,1.5873557329177856
1790028810820859600,19.755859619140626,-1.0342950820922852,-0.17956513166427612,0.507570743560791
1790028810830869200,19.765869140625,-1.1109095811843872,-0.569819986820221,0.6105214357376099
1790028810840909600,19.77590966796875,-1.45806884765625,-1.0462661981582642,1.4173674583435059
1790028810850919400,19.78591943359375,-1.900996208190918,-1.5849615335464478,1.802833914756775
1790028810880979200,19.815979248046876,-1.3910311460494995,-2.1571757793426514,2.2002713680267334
1790028810890989000,19.825989013671876,-1.699883222579956,-1.4915876388549805,2.185906171798706
1790028810900998700,19.83599853515625,-1.7190368175506592,-0.9145850539207458,2.03507137298584
1790028810911008500,19.846008544921876,-1.6663644313812256,-0.9002198576927185,2.126051187515259
1790028810931089200,19.866089111328126,-1.3503297567367554,-1.434126853942871,2.1763293743133545
1790028810951139000,19.88613916015625,-1.2665326595306396,-1.039083480834961,0.7876923680305481
1790028810961149000,19.89614892578125,-0.7374141216278076,-1.3551181554794312,0.7541735172271729
1790028810971189200,19.906189208984376,-0.7996633648872375,-1.1468225717544556,1.534683346748352
1790028810991208700,19.926208740234376,-1.3718775510787964,-0.3016694188117981,1.434126853942871
1790028811001218600,19.936218505859376,-0.9241618514060974,0.13168109953403473,0.22266076505184174
1790028811041379600,19.976379638671876,-0.28969839215278625,-1.4724340438842773,1.357512354850769
1790028811051389400,19.986389404296876,-0.3758896589279175,-0.07422025501728058,0.21787235140800476
1790028811071439400,20.006439453125,0.6871358752250671,0.5937620401382446,-0.6344634294509888
1790028811081449200,20.01644921875,0.8236053586006165,0.6153098344802856,-0.7110779285430908
1790028811091458800,20.026458740234375,0.5674257874488831,-0.5291185975074768,0.10534487664699554
1790028811101499100,20.0364990234375,0.3998316824436188,-1.0342950820922852,0.950498104095459
1790028811111539500,20.04653955078125,0.10773907601833344,-1.1276689767837524,1.039083480834961
1790028811121579800,20.056579833984376,-0.20111294090747833,-0.7206547260284424,0.811634361743927
1790028811131589600,20.066589599609376,-0.49559974670410156,-0.5602431893348694,0.06224924325942993
1790028811141599200,20.07659912109375,-0.4141969084739685,0.5506663918495178,-0.8882488012313843
1790028811151639600,20.0866396484375,-0.2849099934101105,0.7613561153411865,-1.8579005002975464
1790028811191709200,20.126709228515626,-0.2849099934101105,-1.2880805730819702,1.2713210582733154
1790028811201749500,20.13674951171875,-0.30885201692581177,-1.0773907899856567,0.014365210197865963
1790028811211789800,20.146789794921876,-0.38067805767059326,-0.4141969084739685,-0.9983820915222168
1790028811221860600,20.156860595703126,-0.9145850539207458,0.3280056416988373,-0.9313444495201111
1790028811231870200,20.1668701171875,-1.5658079385757446,0.1388636976480484,-0.31364041566848755
1790028811251890000,20.186889892578126,-1.3742717504501343,-0.304063618183136,0.7206547260284424
1790028811261930000,20.196929931640625,-0.8882488012313843,-1.0319008827209473,0.28969839215278625
1790028811271970300,20.20697021484375,-0.014365210197865963,-2.030282974243164,0.002394201699644327
1790028811312040000,20.2470400390625,-0.9624691009521484,2.477998733520508,-1.9297266006469727
1790028811322049800,20.2570498046875,-3.6798880100250244,2.7724854946136475,-2.190694570541382
1790028811332029000,20.26702880859375,-5.39174222946167,1.678335428237915,-1.0342950820922852
1790028811342099700,20.277099609375,-4.436455726623535,-0.17477671802043915,0.08619125932455063
1790028811352109600,20.287109619140626,-1.7046716213226318,-0.15322890877723694,-0.06703764945268631
1790028811362180400,20.297180419921876,-0.6488286852836609,-0.9552865028381348,-0.42856210470199585
1790028811392240000,20.327240234375,-3.021482467651367,-0.4692635238170624,-1.625662922859192
1790028811402250000,20.33725,-1.886630892753601,0.09576806426048279,-0.26815059781074524
1790028811422361000,20.357361083984376,-0.08140286058187485,0.768538773059845,0.2944868206977844
1790028811432370700,20.36737060546875,-0.9959878921508789,-0.5051765441894531,0.6105214357376099
1790028811462400000,20.39739990234375,-1.556231141090393,-1.98958158493042,0.9193734526634216
1790028811472440300,20.4074404296875,-0.09576806426048279,0.272938996553421,0.21308395266532898
1790028811482480600,20.417480712890626,-1.0342950820922852,1.7118542194366455,-1.434126853942871
1790028811492490500,20.427490478515626,-2.456450939178467,1.6639702320098877,-0.1388636976480484
1790028811502500000,20.4375,-2.762908697128296,2.786850690841675,0.4644751250743866
1790028811512510000,20.447510009765626,-2.250549554824829,3.287238836288452,0.4572925269603729
1790028811542600200,20.47760009765625,0.028730420395731926,1.3407529592514038,0.730231523513794
1790028811552610000,20.487610107421876,0.10295066982507706,1.3120225667953491,-0.5195417404174805
1790028811562650400,20.497650390625,-0.3447650372982025,0.9145850539207458,-0.569819986820221
1790028811572660000,20.507659912109375,-0.950498104095459,1.41257905960083,-0.5746083855628967
1790028811582669800,20.517669921875,-0.811634361743927,0.8236053586006165,-0.7254431247711182
1790028811592679700,20.5276796875,-0.4118026793003082,0.5051765441894531,-0.2537853717803955
1790028811602689300,20.537689208984375,0.023942016065120697,0.7350199222564697,0.4189853072166443
1790028811622709000,20.557708984375,0.009576806798577309,1.1085153818130493,-0.3974374830722809
1790028811632749300,20.567749267578126,-0.35434186458587646,0.6943184733390808,-1.2306196689605713
1790028811642789400,20.577789306640625,-0.569819986820221,0.6416460275650024,-1.1563993692398071
1790028811652799200,20.58779931640625,-0.3758896589279175,1.3551181554794312,-1.292868971824646
1790028811662870000,20.5978701171875,-0.5530605912208557,1.9776105880737305,-1.216254472732544
1790028811682920200,20.617920166015626,0.5913678407669067,2.7269957065582275,-0.4884171485900879
1790028811692960300,20.627960205078125,1.2401964664459229,3.9432501792907715,-0.9983820915222168
1790028811713010400,20.648010498046876,0.44532153010368347,3.5625722408294678,-1.8842366933822632
1790028811723020300,20.658020263671876,0.2513911724090576,3.359065055847168,-1.6280571222305298
1790028811733030000,20.66802978515625,0.026336219161748886,2.609679937362671,-1.3934253454208374
1790028811743039700,20.678039794921876,0.0071826050989329815,1.764526605606079,-0.9552865028381348
1790028811753080000,20.688080078125,0.15322890877723694,1.5083470344543457,-0.5626373887062073
1790028811763089700,20.698089599609375,0.2825157940387726,1.5490485429763794,-0.7948749661445618
1790028811773160400,20.708160400390625,0.19632454216480255,0.3998316824436188,-0.7326257228851318
1790028811783170300,20.71817041015625,0.27054479718208313,0.26815059781074524,-0.021547814831137657
1790028811793210600,20.728210693359376,0.16759411990642548,0.9648633003234863,-0.21308395266532898
1790028811803220500,20.738220458984376,-0.05985504388809204,1.4197616577148438,-0.9217676520347595
1790028811813230000,20.74822998046875,-0.4812345504760742,1.4772224426269531,-1.036689281463623
1790028811833280300,20.7682802734375,-0.4692635238170624,0.8355764150619507,-0.6344634294509888
1790028811843289900,20.778289794921875,-0.38546648621559143,0.6560112833976746,-0.5889736413955688
1790028811853299700,20.7882998046875,-0.20350714027881622,0.05746084079146385,-0.3495534360408783
1790028811883359500,20.818359375,0.19153612852096558,0.6631938815116882,-1.3287819623947144
1790028811913450000,20.848449951171876,-0.5339069962501526,1.1779472827911377,-1.194706678390503
1790028811963620900,20.898620849609376,-0.5770025849342346,1.0438719987869263,-2.5306711196899414
1790028811973630500,20.90863037109375,-0.7398083209991455,2.013523578643799,-1.8579005002975464
1790028811983640300,20.918640380859376,-0.7086837291717529,2.1787235736846924,-1.4245500564575195
1790028811993650200,20.928650146484376,0,0.8307880163192749,-0.5147533416748047
1790028812023740400,20.958740478515626,1.1779472827911377,-0.14844051003456116,-1.1971008777618408
1790028812063871000,20.99887109375,-0.23942017555236816,0.8595184087753296,0.1388636976480484
1790028812134092000,21.069092041015626,-1.3192051649093628,1.01753568649292,-1.9153614044189453
1790028812184171300,21.119171142578125,0.13407529890537262,-0.6033388376235962,-0.507570743560791
1790028812274411800,21.209411865234376,0.7733271718025208,-0.5506663918495178,0.4572925269603729
1790028812304532700,21.23953271484375,-0.2561795711517334,0.10295066982507706,-0.2968810200691223
1790028812314572800,21.24957275390625,0.011971008032560349,-1.0558429956436157,1.6711528301239014
1790028812324582700,21.259582763671876,0.42377370595932007,-1.6927006244659424,2.542642116546631
1790028812334623000,21.269623046875,1.0462661981582642,-1.4700398445129395,2.518700122833252
1790028812344632800,21.2796328125,1.1635819673538208,-0.33518823981285095,0.4668693244457245
1790028812354642400,21.289642333984375,0.8547300100326538,-0.033518824726343155,-0.6512228846549988
1790028812364682800,21.299682861328126,0.33997663855552673,-0.5339069962501526,0.38067805767059326
1790028812404722000,21.339721923828126,0.5626373887062073,-1.2282254695892334,0.9840168952941895
1790028812434812200,21.369812255859376,0.12210428714752197,-0.44771572947502136,0.6344634294509888
1790028812464872000,21.399871826171875,0.5147533416748047,-0.2322375625371933,0.608127236366272
1790028812494901200,21.4299013671875,0.07182604819536209,-0.45250412821769714,-0.42616790533065796
1790028812504911000,21.4399111328125,0.2322375625371933,-0.9385270476341248,-0.31842881441116333
1790028812555051500,21.490051513671876,0.5650315880775452,-0.608127236366272,0.3256114423274994
1790028812575071000,21.510071044921876,0.24660277366638184,-1.1492167711257935,0.9696516990661621
1790028812585080800,21.520080810546876,0.2298433631658554,-0.9265560507774353,0.38307225704193115
1790028812595090400,21.53009033203125,0.42616790533065796,-0.7637503147125244,0.304063618183136
1790028812665250300,21.600250244140625,0.22266076505184174,-0.38307225704193115,0.6727706789970398
1790028812675260200,21.61026025390625,-0.05506663769483566,-0.3064578175544739,0.751779317855835
1790028812685270000,21.62027001953125,-0.20350714027881622,-0.5386953949928284,1.2425906658172607
1790028812695310300,21.630310302734376,-0.19632454216480255,-0.5961562395095825,1.05105459690094
1790028812705350400,21.640350341796875,0.15322890877723694,-0.10295066982507706,0.2585737705230713
1790028812725370000,21.6603701171875,0.5027823448181152,-0.5051765441894531,0.706289529800415
1790028812745450500,21.680450439453125,0.08619125932455063,-0.16998831927776337,1.0007762908935547
1790028812755460400,21.69046044921875,0.5386953949928284,-0.3423708379268646,0.5889736413955688
1790028812765500700,21.700500732421876,0.8092401623725891,-0.35913026332855225,0.7086837291717529
1790028812785520000,21.72052001953125,0.49320554733276367,-0.8092401623725891,0.9528923034667969
1790028812795530000,21.730530029296876,0.3974374830722809,-0.7182605266571045,0.9145850539207458
1790028812805539800,21.740539794921876,0.5099649429321289,-0.3974374830722809,0.9241618514060974
1790028812835660500,21.77066064453125,0.47884035110473633,-0.35913026332855225,0.7206547260284424
1790028812845731300,21.7807314453125,0.37828385829925537,-0.6224924325942993,0.7158663272857666
1790028812855771600,21.790771728515626,0.10534487664699554,-0.8595184087753296,0.8427590131759644
1790028812865781500,21.800781494140626,-0.1149216815829277,-1.1444283723831177,1.1037269830703735
1790028812875791000,21.810791015625,-0.19153612852096558,-1.1468225717544556,1.0223240852355957
1790028812885831400,21.82083154296875,-0.272938996553421,-0.9911994934082031,0.8595184087753296
1790028812895871700,21.830871826171876,-0.27054479718208313,-0.8667010068893433,0.6440402865409851
1790028812905881600,21.840881591796876,-0.10534487664699554,-0.8571242094039917,0.7015010714530945
1790028812915922000,21.850921875,-0.12689268589019775,-0.6536170840263367,0.5410895943641663
1790028812935971800,21.870971923828126,-0.09816227108240128,-0.9050082564353943,0.7972691655158997
1790028812945981700,21.880981689453126,-0.1173158809542656,-0.7230489253997803,0.7972691655158997
1790028812955991300,21.8909912109375,0.08379705995321274,-0.5363011956214905,0.6991068720817566
1790028812966001200,21.901001220703126,0.18914192914962769,-0.8092401623725891,0.6799532771110535
1790028812976041500,21.91104150390625,0.09576806426048279,-0.8188169598579407,0.8906430602073669
1790028812986081800,21.921081787109376,0.2513911724090576,-0.5722141861915588,0.727837324142456
1790028812996091400,21.93109130859375,0.09576806426048279,-0.3663128614425659,0.6584054827690125
1790028813006101200,21.941101318359376,0.10295066982507706,-0.1388636976480484,0.48602294921875
1790028813046171000,21.9811708984375,-0.912190854549408,-1.3718775510787964,1.4101848602294922
1790028813096280600,22.031280517578125,0.5267243981361389,-1.5083470344543457,1.9991583824157715
1790028813106290400,22.04129052734375,-0.019153613597154617,-1.7118542194366455,2.212242364883423
1790028813116330800,22.051330810546876,-0.4381389021873474,-1.6759412288665771,1.9776105880737305
1790028813126310000,22.061309814453125,-0.6871358752250671,-1.1324573755264282,1.4628572463989258
1790028813136350200,22.07135009765625,-0.5027823448181152,-0.8236053586006165,1.3024457693099976
1790028813186460200,22.121460205078126,-0.608127236366272,-1.2497732639312744,2.5498247146606445
1790028813196500500,22.13150048828125,-0.42377370595932007,-0.8547300100326538,1.1659762859344482
1790028813206540800,22.141540771484376,-1.0271124839782715,-1.3694833517074585,1.886630892753601
1790028813216550400,22.15155029296875,-1.7717092037200928,-1.0271124839782715,1.4915876388549805
1790028813226590700,22.1615908203125,-1.7860745191574097,-1.4532804489135742,1.7142484188079834
1790028813236600600,22.1716005859375,-1.625662922859192,-1.278503656387329,1.7884687185287476
1790028813256620000,22.1916201171875,-0.8403648138046265,-1.3120225667953491,0.849941611289978
1790028813276670200,22.211670166015626,-1.3503297567367554,-1.455674648284912,1.3623007535934448
1790028813286679800,22.2216796875,-1.6519991159439087,-1.742978811264038,1.3215993642807007
1790028813316770300,22.251770263671876,0.8188169598579407,-1.0582371950149536,-0.2082955539226532
1790028813336820200,22.2718203125,0.17717093229293823,-0.6967126727104187,0.14844051003456116
1790028813346830000,22.281830078125,-0.6823474764823914,-0.5626373887062073,0.16519992053508759
1790028813356839700,22.291839599609375,-1.1755530834197998,-0.4189853072166443,0.3423708379268646
1790028813376889900,22.311889892578126,-0.933738648891449,0.5482721924781799,-0.3711012601852417
1790028813397001000,22.3320009765625,-0.5267243981361389,0.6009446382522583,-0.2082955539226532
1790028813417020400,22.3520205078125,-0.5554547905921936,-0.48602294921875,0.26815059781074524
1790028813447080200,22.382080078125,-0.5961562395095825,-1.8148049116134644,2.5498247146606445
1790028813457120500,22.39212060546875,-0.22026655077934265,-0.7469909191131592,2.3702597618103027
1790028813467160800,22.402160888671876,-0.49559974670410156,0.24181437492370605,1.5610195398330688
1790028813487180300,22.42218017578125,-0.5123591423034668,-0.047884032130241394,0.1867477297782898
1790028813497190100,22.432190185546876,-0.4357447028160095,-1.3479355573654175,2.363077163696289
1790028813517209600,22.452209716796876,1.2401964664459229,-1.0558429956436157,1.338358759880066
1790028813527219500,22.462219482421876,1.0007762908935547,-0.7565677165985107,1.192312479019165
1790028813537229000,22.47222900390625,0.21547815203666687,-1.015141487121582,0.828393816947937
1790028813547269400,22.482269287109375,-0.6727706789970398,-0.20350714027881622,0.07422025501728058
1790028813557279200,22.492279296875,-1.8483237028121948,0.8307880163192749,-0.6177040338516235
1790028813567289000,22.5022890625,-2.7126305103302,0.8140285611152649,-0.7374141216278076
1790028813577298700,22.512298583984375,-3.1483752727508545,1.5155296325683594,-0.768538773059845
1790028813587339000,22.522339111328126,-3.2393548488616943,1.7357962131500244,-1.0462661981582642
1790028813607389200,22.54238916015625,-0.768538773059845,-0.6153098344802856,-1.290474772453308
1790028813627469600,22.562469482421875,-1.5131354331970215,-0.009576806798577309,-0.6991068720817566
1790028813637479400,22.5724794921875,-2.2218191623687744,0.05985504388809204,-0.7445967197418213
1790028813657590500,22.592590576171876,-2.7748796939849854,1.0582371950149536,-1.723825216293335
1790028813687742000,22.622741943359376,0.002394201699644327,0.22266076505184174,-0.6871358752250671
1790028813697751600,22.63275146484375,0.16759411990642548,0.14604631066322327,0.047884032130241394
1790028813717771300,22.652771240234376,-0.790086567401886,1.290474772453308,-0.5386953949928284
1790028813767850500,22.7028505859375,-0.28730419278144836,0.0454898327589035,0.6607996821403503
1790028813777860400,22.7128603515625,0.1173158809542656,1.0773907899856567,-0.3208230137825012
1790028813787870000,22.722869873046875,-0.14365209639072418,0.5099649429321289,-1.2210428714752197
1790028813797879800,22.7328798828125,-0.8068459630012512,0.3232172429561615,-0.9002198576927185
1790028813827939600,22.762939697265626,-0.6799532771110535,-0.5578489899635315,-0.8259995579719543
1790028813878080000,22.813080078125,-0.2082955539226532,1.292868971824646,-0.07422025501728058
1790028813898099500,22.833099365234375,-0.751779317855835,1.8315643072128296,0.10055647045373917
1790028813908109300,22.843109375,-0.6631938815116882,1.8962076902389526,-0.1412578970193863
1790028813918119200,22.853119140625,-0.4572925269603729,1.5490485429763794,-0.2059013396501541
1790028813998319400,22.9333193359375,-0.009576806798577309,3.3638534545898438,-1.53707754611969
1790028814008329000,22.943328857421875,0.2585737705230713,3.536235809326172,-1.3455413579940796
1790028814018338800,22.9533388671875,0.5219359993934631,3.35667085647583,-0.7422025203704834
1790028814028379100,22.963379150390626,0.7230489253997803,3.2082302570343018,-0.3926490843296051
1790028814038419500,22.97341943359375,0.43335050344467163,3.136404275894165,-0.667982280254364
1790028814048429000,22.983428955078125,0.1364694982767105,2.5115175247192383,-0.9792284965515137
1790028814068479200,23.003479248046876,0.004788403399288654,1.7262194156646729,-1.3048399686813354
1790028814078488800,23.01348876953125,-0.016759412363171577,1.5514427423477173,-0.7230489253997803
1790028814128568300,23.063568359375,-0.18914192914962769,-0.10773907601833344,0.07900865375995636
1790028814138578200,23.073578125,0.06224924325942993,-0.689530074596405,-0.047884032130241394
1790028814148587800,23.083587890625,0.47165772318840027,-0.5913678407669067,-0.08140286058187485
1790028814238797800,23.1737978515625,-1.1085153818130493,1.678335428237915,-0.9217676520347595
1790028814278898000,23.21389794921875,1.1061211824417114,-0.8188169598579407,-0.9864110946655273
1790028814288907500,23.223907470703125,1.7334020137786865,-0.2968810200691223,-2.3511061668395996
1790028814298917400,23.23391748046875,1.534683346748352,0.8930372595787048,-4.302380561828613
1790028814308957700,23.243957763671876,0.4884171485900879,1.434126853942871,-4.4939165115356445
1790028814379148000,23.31414794921875,0.3447650372982025,0.5171475410461426,-1.6950948238372803
1790028814389158000,23.324157958984376,-1.920149803161621,0.9313444495201111,-1.6065093278884888
1790028814399167700,23.334167724609376,-2.7964274883270264,-0.17717093229293823,-0.524330198764801
1790028814409208000,23.3442080078125,-1.9297266006469727,-1.1324573755264282,0.8092401623725891
1790028814419217700,23.3542177734375,0.0694318488240242,-0.8451532125473022,0.4620809257030487
1790028814429227500,23.3642275390625,1.400607943534851,-0.9959878921508789,-1.072602391242981
1790028814439237000,23.374237060546875,1.8124107122421265,-1.50355863571167,-1.0223240852355957
1790028814479337200,23.414337158203125,-2.4229321479797363,1.920149803161621,-0.9744400978088379
1790028814509397200,23.444397216796876,2.099714994430542,-0.9169792532920837,0.4165911078453064
1790028814519437300,23.454437255859375,3.1699230670928955,-0.20350714027881622,-0.45489832758903503
1790028814529447200,23.464447265625,2.494758129119873,1.072602391242981,-0.6919242739677429
1790028814539457000,23.47445703125,0.8475474119186401,2.0231003761291504,-1.6879122257232666
1790028814599607000,23.53460693359375,1.802833914756775,-1.194706678390503,0.05985504388809204
1790028814609617000,23.544616943359376,1.3335703611373901,-0.993593692779541,0.37828385829925537
1790028814619626800,23.554626708984376,0.5003881454467773,-0.586579442024231,0.6177040338516235
1790028814629636400,23.56463623046875,-0.2106897532939911,-0.9696516990661621,0.6392518281936646
1790028814639707100,23.57470703125,-0.36152446269989014,-1.4915876388549805,0.9672574996948242
1790028814659726800,23.594726806640626,0.706289529800415,-1.3551181554794312,0.9888052940368652
1790028814669736400,23.604736328125,0.8571242094039917,-1.194706678390503,1.237802267074585
1790028814679776800,23.61477685546875,0.3711012601852417,-1.0845733880996704,1.400607943534851
1790028814689786600,23.62478662109375,-0.17956513166427612,-1.0821791887283325,1.4077905416488647
1790028814699796200,23.634796142578125,-0.5003881454467773,-1.3335703611373901,1.2234370708465576
1790028814709836500,23.64483642578125,-0.4596867263317108,-0.8547300100326538,0.24420857429504395
1790028814759946500,23.694946533203126,1.113303780555725,-0.2537853717803955,0.6057330369949341
1790028814769986800,23.70498681640625,1.434126853942871,0.009576806798577309,-0.608127236366272
1790028814780057600,23.7150576171875,1.3335703611373901,0.304063618183136,-1.0319008827209473
1790028814790067200,23.725067138671875,0.5889736413955688,-0.23942017555236816,-0.5027823448181152
1790028814800107500,23.735107421875,0.1628057211637497,-0.12689268589019775,-0.31842881441116333
1790028814890409200,23.8254091796875,0.07661445438861847,-0.6943184733390808,0.6177040338516235
1790028814900480000,23.83547998046875,0.2944868206977844,-0.5961562395095825,0.12449848651885986
1790028814910489600,23.845489501953125,0.5027823448181152,-1.0295066833496094,-0.22026655077934265
1790028814920530000,23.855530029296876,0.49320554733276367,-1.256955862045288,0.2849099934101105
1790028814930570200,23.8655703125,0.17238251864910126,-0.586579442024231,0.14844051003456116
1790028814940580000,23.875580078125,0.0454898327589035,-0.10295066982507706,-0.16519992053508759
1790028814970670300,23.90567041015625,0.24660277366638184,-0.47165772318840027,1.094150185585022
1790028815000699600,23.93569970703125,0.5003881454467773,-0.5913678407669067,0.730231523513794
1790028815010770400,23.9457705078125,0.3423708379268646,-0.4429273009300232,0.2849099934101105
1790028815020810800,23.955810791015626,0.272938996553421,-0.3280056416988373,0.2082955539226532
1790028815030851000,23.96585107421875,-0.026336219161748886,-0.44771572947502136,0.6129156351089478
1790028815040860700,23.975860595703125,-0.26575639843940735,-0.40701428055763245,0.8355764150619507
1790028815050931500,23.985931396484375,-0.06703764945268631,-0.38546648621559143,0.31842881441116333
1790028815060941300,23.99594140625,0.5386953949928284,-0.6799532771110535,0.363918662071228
1790028815070981600,24.005981689453126,0.6799532771110535,-0.5386953949928284,0.6105214357376099
1790028815101041400,24.03604150390625,0.17238251864910126,-1.216254472732544,0.950498104095459
1790028815111112200,24.0461123046875,0.3232172429561615,-1.2473790645599365,0.8020575642585754
1790028815121122000,24.0561220703125,0.47405192255973816,-1.0869675874710083,0.9145850539207458
1790028815131131600,24.066131591796875,0.31124621629714966,-0.8044517636299133,1.1851298809051514
1790028815141141500,24.0761416015625,0.18914192914962769,-0.3232172429561615,0.8571242094039917
1790028815151151400,24.0861513671875,0.1604115068912506,-0.38067805767059326,0.7086837291717529
1790028815161191700,24.096191650390626,0.3208230137825012,-0.5889736413955688,1.3455413579940796
1790028815171201300,24.106201171875,0.12210428714752197,-0.828393816947937,1.900996208190918
1790028815181211100,24.116211181640626,-0.20350714027881622,-0.7972691655158997,1.7932571172714233
1790028815201230600,24.136230712890626,-0.10055647045373917,-0.8667010068893433,1.2880805730819702
1790028815221280800,24.15628076171875,-0.10295066982507706,-0.7829039692878723,1.048660397529602
1790028815231351600,24.1663515625,-0.035913024097681046,-0.6272808313369751,0.8451532125473022
1790028815241361200,24.176361083984375,0.08379705995321274,-0.2849099934101105,0.706289529800415
1790028815301572400,24.236572265625,-0.10055647045373917,-0.9744400978088379,0.7541735172271729
1790028815341672400,24.27667236328125,0.16519992053508759,-0.5674257874488831,1.015141487121582
1790028815351743200,24.2867431640625,0.040701430290937424,-0.768538773059845,1.259350061416626
1790028815361753000,24.296753173828126,-0.038307227194309235,-0.9241618514060974,1.2425906658172607
1790028815371823900,24.306823974609376,0.07661445438861847,-0.9409212470054626,1.2306196689605713
1790028815381833700,24.316833740234376,-0.043095629662275314,-0.9433154463768005,1.158793568611145
1790028815391843300,24.32684326171875,-0.06464344263076782,-1.0199298858642578,1.2521674633026123
1790028815401883600,24.336883544921875,-0.3471592366695404,-0.9457096457481384,1.3239935636520386
1790028815421933800,24.356933837890626,-0.47165772318840027,-0.9959878921508789,0.8643068075180054
1790028815441983700,24.376983642578125,-0.16519992053508759,-0.9097966551780701,0.6631938815116882
1790028815451993600,24.38699365234375,0.12210428714752197,-0.7972691655158997,0.5937620401382446
1790028815462034000,24.397033935546876,-0.12689268589019775,-1.235408067703247,0.8068459630012512
1790028815472013000,24.407012939453125,-0.6272808313369751,-1.5753847360610962,1.0319008827209473
1790028815552213200,24.487213134765625,-1.4772224426269531,-1.6639702320098877,2.056619167327881
1790028815582242600,24.51724267578125,0.07661445438861847,-1.1683704853057861,1.9033904075622559
1790028815662442800,24.59744287109375,-1.5969325304031372,-1.764526605606079,2.47560453414917
1790028815702542800,24.63754296875,-1.6304513216018677,-1.036689281463623,0.035913024097681046
1790028815712613600,24.647613525390625,-1.558625340461731,-1.2258312702178955,0.15083470940589905
1790028815722623500,24.65762353515625,-1.9704279899597168,-0.8786720037460327,0.20111294090747833
1790028815732633300,24.66763330078125,-2.585737943649292,-0.8619126081466675,0.545877993106842
1790028815742643000,24.677642822265625,-2.5905263423919678,-0.5051765441894531,0.3926490843296051
1790028815752683300,24.687683349609376,-1.5729905366897583,-0.20111294090747833,-0.7613561153411865
1790028815762723600,24.6977236328125,-0.4381389021873474,0.15322890877723694,-0.9816226959228516
1790028815772764000,24.707763916015626,0.26096799969673157,-0.13407529890537262,0.090979665517807
1790028815782804200,24.71780419921875,0.6560112833976746,-0.7182605266571045,1.194706678390503
1790028815792813800,24.727813720703125,0.6440402865409851,-1.0582371950149536,1.623268723487854
1790028815812864000,24.747864013671876,0.9648633003234863,0.5386953949928284,-0.040701430290937424
1790028815822873600,24.75787353515625,0.7996633648872375,0.4429273009300232,-0.24181437492370605
1790028815832883500,24.767883544921876,0.8547300100326538,0.22026655077934265,-0.871489405632019
1790028815842893300,24.777893310546876,0.8044517636299133,-0.5482721924781799,-0.1364694982767105
1790028815852903000,24.78790283203125,0.5147533416748047,-0.48602294921875,0.6057330369949341
1790028815862943200,24.797943115234375,0.06464344263076782,-0.7805097699165344,1.5275006294250488
1790028815872983600,24.807983642578126,0.31603461503982544,-0.7876923680305481,1.721431016921997
1790028815882993400,24.817993408203126,0.272938996553421,-0.20350714027881622,0.7038952708244324
1790028815933103000,24.86810302734375,0.646434485912323,-0.0454898327589035,0.35673606395721436
1790028816003324200,24.93832421875,-0.16759411990642548,0.44771572947502136,1.7310078144073486
1790028816053556000,24.988555908203125,-0.586579442024231,0.3663128614425659,-0.19632454216480255
1790028816083616000,25.018615966796876,-1.1085153818130493,-0.395043283700943,-2.492363929748535
1790028816093625600,25.02862548828125,-1.501164436340332,-0.4429273009300232,-2.8419175148010254
1790028816153836800,25.0888369140625,-2.073378562927246,0.751779317855835,-2.784456491470337
1790028816163877000,25.098877197265626,-1.9991583824157715,-0.5841852426528931,-1.01753568649292
1790028816173887000,25.108886962890626,-0.8475474119186401,-0.035913024097681046,-0.2513911724090576
1790028816183927300,25.11892724609375,-0.45489832758903503,0.19632454216480255,0.0694318488240242
1790028816193937000,25.12893701171875,-0.9792284965515137,0.751779317855835,-0.5817909836769104
1790028816203977200,25.138977294921876,-1.8076223134994507,0.8164227604866028,-1.9345149993896484
1790028816224027400,25.15902734375,-1.37906014919281,0.10295066982507706,-0.6536170840263367
1790028816244046800,25.179046875,0.7805097699165344,0.6847416758537292,0.011971008032560349
1790028816254087200,25.189087158203126,0.6775590777397156,1.139639973640442,-0.8762778043746948
1790028816274198300,25.2091982421875,-0.4405331015586853,0.016759412363171577,-1.1516109704971313
1790028816294248200,25.229248291015626,0.6703764796257019,0.2298433631658554,-1.2617442607879639
1790028816314328800,25.249328857421876,-1.0989385843276978,2.0853497982025146,-1.1635819673538208
1790028816324338400,25.25933837890625,-1.357512354850769,2.2625205516815186,-0.3208230137825012
1790028816334378800,25.269378662109375,-0.7876923680305481,1.5634137392044067,0.608127236366272
1790028816344449500,25.279449462890625,-0.06464344263076782,2.099714994430542,0.524330198764801
1790028816364499700,25.299499755859376,-0.42856210470199585,2.6431987285614014,-0.8068459630012512
1790028816384549600,25.319549560546875,-0.8331822156906128,2.0422539710998535,-0.6416460275650024
1790028816394559500,25.3295595703125,-0.45010992884635925,1.9297266006469727,-0.524330198764801
1790028816414640000,25.34964013671875,-0.6344634294509888,2.1284453868865967,0.5219359993934631
1790028816424649700,25.359649658203125,-0.2346317619085312,1.7190368175506592,0.912190854549408
1790028816434690000,25.36968994140625,-0.026336219161748886,1.7764976024627686,0.8930372595787048
1790028816444730400,25.37973046875,-0.35673606395721436,1.4293384552001953,0.7015010714530945
1790028816454770700,25.389770751953126,-0.47884035110473633,1.292868971824646,0.8379706144332886
1790028816464780500,25.399780517578126,-0.2777273952960968,1.213860273361206,0.3974374830722809
1790028816474790100,25.4097900390625,0.10055647045373917,1.0295066833496094,-0.26336219906806946
1790028816494870800,25.429870849609376,0.3519476354122162,1.1635819673538208,-0.8259995579719543
1790028816565152800,25.50015283203125,0.2777273952960968,1.4915876388549805,-0.35434186458587646
1790028816645414000,25.580413818359375,0.0454898327589035,-0.5985504388809204,0.09816227108240128
1790028816665494500,25.60049462890625,-0.8236053586006165,-0.15322890877723694,0.5003881454467773
1790028816675534800,25.610534912109376,-0.7613561153411865,0.011971008032560349,0.7158663272857666
1790028816685544700,25.620544677734376,-0.8595184087753296,0.2561795711517334,0.7829039692878723
1790028816725614000,25.660614013671875,-0.19153612852096558,-0.1388636976480484,-1.702277421951294
1790028816735654400,25.670654296875,-0.10295066982507706,-0.090979665517807,-2.9472622871398926
1790028816745694700,25.68069482421875,0.021547814831137657,-0.1628057211637497,-3.581725835800171
1790028816755735000,25.690735107421876,0.10773907601833344,0.7374141216278076,-4.637568473815918
1790028816765775400,25.700775390625,-0.12689268589019775,1.7405846118927002,-4.637568473815918
1790028816775785000,25.710784912109375,-0.7781155705451965,1.8315643072128296,-1.802833914756775
1790028816785794800,25.720794921875,-0.7398083209991455,1.335964560508728,0.2992752194404602
1790028816795774200,25.730774169921876,0.2298433631658554,0.22505496442317963,1.1755530834197998
1790028816825864400,25.760864501953126,1.644816517829895,0.950498104095459,-3.4572272300720215
1790028816835874300,25.770874267578126,0.667982280254364,2.27209734916687,-4.1611223220825195
1790028816845884000,25.7808837890625,-0.2346317619085312,2.6886885166168213,-3.3877954483032227
1790028816855893800,25.790893798828126,-0.8020575642585754,2.52109432220459,-2.1356279850006104
1790028816875913200,25.810913330078126,-0.395043283700943,0.8068459630012512,-0.9552865028381348
1790028816885953500,25.82095361328125,0.47884035110473633,0.2777273952960968,-1.2856862545013428
1790028816906003700,25.841003662109376,1.8171991109848022,-0.09816227108240128,-2.2361843585968018
1790028816966275800,25.90127587890625,0.3734954595565796,0.304063618183136,-2.3056161403656006
1790028816986387000,25.921386962890626,1.1540051698684692,-0.9744400978088379,0.06703764945268631
1790028816996366000,25.931365966796875,1.8076223134994507,-0.7422025203704834,0.16998831927776337
1790028817006406400,25.941406494140626,1.7405846118927002,-0.5363011956214905,0.6392518281936646
1790028817016416300,25.951416259765626,0.7972691655158997,0.1173158809542656,-0.17956513166427612
1790028817056486000,25.99148583984375,-0.9050082564353943,-0.5985504388809204,-1.4437036514282227
1790028817066465000,26.001465087890626,0.2849099934101105,-0.7206547260284424,-0.26336219906806946
1790028817076505300,26.01150537109375,1.2737152576446533,-0.7445967197418213,0.11252748221158981
1790028817096524800,26.03152490234375,1.0654197931289673,0.9768342971801758,-0.7661445140838623
1790028817116544300,26.051544189453125,-0.8547300100326538,1.3982137441635132,-3.6727054119110107
1790028817126584600,26.06158447265625,-0.5674257874488831,0.3256114423274994,-2.6384103298187256
1790028817136625000,26.071625,-0.1388636976480484,-0.6991068720817566,-0.3256114423274994
1790028817146634800,26.081634765625,0.2944868206977844,-1.601720929145813,2.4468741416931152
1790028817156675000,26.091675048828126,0.7996633648872375,-1.37906014919281,3.141192674636841
1790028817176694500,26.111694580078126,1.845929503440857,-0.7015010714530945,-0.2585737705230713
1790028817186734800,26.12173486328125,1.9153614044189453,-0.8834604024887085,-0.17477671802043915
1790028817196805600,26.1318056640625,1.9560627937316895,-0.8379706144332886,0.10055647045373917
1790028817256925200,26.19192529296875,0.5123591423034668,0.040701430290937424,-1.5418659448623657
1790028817266935000,26.20193505859375,0.49320554733276367,-0.44532153010368347,-1.8195933103561401
1790028817276944600,26.211944580078125,0.3878606855869293,-0.45250412821769714,-1.455674648284912
1790028817286985000,26.22198486328125,0.17717093229293823,-0.2968810200691223,-1.2234370708465576
1790028817296994800,26.231994873046876,0,-0.19153612852096558,-0.706289529800415
1790028817307035100,26.24203515625,-0.05267243832349777,-0.6368576288223267,-0.014365210197865963
1790028817317044700,26.252044677734375,0.31124621629714966,-0.5746083855628967,0.033518824726343155
1790028817327085000,26.2620849609375,0.7493851184844971,-0.18914192914962769,-0.4836287498474121
1790028817337155800,26.27215576171875,0.8236053586006165,-0.26815059781074524,-1.3623007535934448
1790028817347165700,26.282165771484376,0.6823474764823914,-0.5363011956214905,-1.4628572463989258
1790028817357236500,26.292236572265626,0.4118026793003082,0.031124621629714966,-1.3192051649093628
1790028817377256000,26.312255859375,-0.4165911078453064,0.14365209639072418,1.2282254695892334
1790028817387296300,26.322296142578125,-0.37828385829925537,0.12210428714752197,0.7350199222564697
1790028817397336600,26.332336669921876,0.24660277366638184,-0.3471592366695404,-0.12928688526153564
1790028817407346400,26.342346435546876,0.7086837291717529,-1.170764684677124,0.1867477297782898
1790028817427366000,26.362365966796876,0.5506663918495178,-1.158793568611145,1.2617442607879639
1790028817437375700,26.372375732421876,0.12210428714752197,-1.2617442607879639,1.4053963422775269
1790028817457425700,26.39242578125,-0.15083470940589905,-1.0414776802062988,0.9864110946655273
1790028817467435500,26.402435546875,-0.31603461503982544,-1.0295066833496094,1.170764684677124
1790028817487455000,26.422455078125,0.047884032130241394,-0.7254431247711182,-0.2082955539226532
1790028817507535600,26.44253564453125,0.05985504388809204,-1.280897855758667,0.8212111592292786
1790028817517576000,26.452575927734376,-0.11252748221158981,-1.3311761617660522,0.828393816947937
1790028817527585500,26.46258544921875,0.014365210197865963,-1.0223240852355957,-0.23702596127986908
1790028817537656300,26.47265625,0.35434186458587646,-1.0606313943862915,-0.9552865028381348
1790028817547696600,26.482696533203125,0.7326257228851318,-1.278503656387329,-1.0199298858642578
1790028817557737000,26.492737060546876,0.2082955539226532,-1.3503297567367554,-0.3280056416988373
1790028817567777300,26.50277734375,-0.26575639843940735,-1.039083480834961,0.26096799969673157
1790028817577787100,26.512787109375,-0.3016694188117981,-0.4884171485900879,0.6200982332229614
1790028817587796700,26.522796630859375,0.004788403399288654,-0.31842881441116333,0.7182605266571045
1790028817617887200,26.55288720703125,0.5410895943641663,-1.0079588890075684,0.849941611289978
1790028817627927300,26.56292724609375,0.13407529890537262,-1.3982137441635132,1.41257905960083
1790028817658048300,26.59304833984375,0.6536170840263367,-1.2401964664459229,1.9943699836730957
1790028817668088600,26.603088623046876,0.2753331959247589,-1.5418659448623657,2.5737667083740234
1790028817678129000,26.61312890625,-0.395043283700943,-1.403002142906189,3.1866824626922607
1790028817688169200,26.623169189453126,-0.3447650372982025,-1.1037269830703735,2.741360902786255
1790028817708219100,26.64321923828125,1.680729627609253,-0.7924807667732239,1.414973258972168
1790028817728299800,26.6632998046875,0.4429273009300232,-1.280897855758667,2.0590133666992188
1790028817748380400,26.68338037109375,-0.3064578175544739,-1.2665326595306396,1.5442601442337036
1790028817758390000,26.69339013671875,0.1173158809542656,-1.4173674583435059,1.1420341730117798
1790028817768430300,26.703430419921876,0.17477671802043915,-1.50355863571167,0.9313444495201111
1790028817788449800,26.72344970703125,0.29209262132644653,-1.1994950771331787,0.5937620401382446
1790028817798490000,26.733489990234375,0.33279404044151306,-0.7948749661445618,0.6416460275650024
1790028817818540300,26.753540283203126,0.27054479718208313,0.033518824726343155,0.05267243832349777
1790028817828580600,26.76358056640625,0.35434186458587646,-0.26096799969673157,0.21787235140800476
1790028817838620700,26.77362060546875,0.4405331015586853,-0.7350199222564697,0.751779317855835
1790028817848661000,26.783660888671875,0.08858546614646912,-1.0319008827209473,1.2976573705673218
1790028817858701300,26.793701416015626,-0.16759411990642548,-1.1109095811843872,1.4508862495422363
1790028817868711200,26.803711181640626,-0.17956513166427612,-1.599326729774475,1.8100165128707886
1790028817888791600,26.82379150390625,0.016759412363171577,-1.3670891523361206,1.3311761617660522
1790028817959043000,26.89404296875,-0.3208230137825012,-1.1444283723831177,1.2497732639312744
1790028818029203000,26.964202880859375,-0.06464344263076782,-1.173158884048462,0.21787235140800476
1790028818049253000,26.984253173828126,0.20350714027881622,-0.5099649429321289,0.16998831927776337
1790028818079343400,27.01434326171875,0.11252748221158981,-0.47644615173339844,-0.07900865375995636
1790028818089383700,27.0243837890625,0.5913678407669067,0.10773907601833344,-0.8379706144332886
1790028818129545000,27.064544921875,-0.026336219161748886,-0.05506663769483566,-0.0071826050989329815
1790028818139554600,27.074554443359375,-0.19393034279346466,-0.2082955539226532,-0.23702596127986908
1790028818149564400,27.084564453125,-0.3711012601852417,-0.002394201699644327,-0.45489832758903503
1790028818159604700,27.094604736328126,-0.5746083855628967,0.05267243832349777,-0.009576806798577309
1790028818169614300,27.1046142578125,-0.28730419278144836,0.3471592366695404,0.035913024097681046
1790028818179624200,27.114624267578126,-0.5506663918495178,0.26336219906806946,0.3016694188117981
1790028818189634000,27.124634033203126,-1.5729905366897583,-0.37828385829925537,1.357512354850769
1790028818199674400,27.13467431640625,-1.7717092037200928,-0.42616790533065796,2.10210919380188
1790028818209684000,27.14468408203125,-2.0877439975738525,-0.5315127968788147,1.721431016921997
1790028818259854800,27.194854736328125,-2.765302896499634,-1.0199298858642578,0.7134721279144287
1790028818269864700,27.20486474609375,-1.4173674583435059,-1.0295066833496094,0.768538773059845
1790028818279935500,27.214935546875,-0.6153098344802856,-0.9481038451194763,1.1085153818130493
1790028818289945300,27.2249453125,-0.6655880808830261,-0.9888052940368652,1.5490485429763794
1790028818299985400,27.2349853515625,-1.5490485429763794,-1.6496049165725708,2.8227639198303223
1790028818310056400,27.245056396484376,-2.0829553604125977,-1.968033790588379,2.9927520751953125
1790028818330106400,27.2651064453125,0.08858546614646912,-2.054224967956543,0.016759412363171577
1790028818340146700,27.275146728515626,0.5961562395095825,-1.534683346748352,-0.14844051003456116
1790028818350156500,27.285156494140626,0.47165772318840027,-0.8044517636299133,0.10773907601833344
1790028818360166100,27.295166259765626,0.272938996553421,-0.3998316824436188,0.9097966551780701
1790028818370206500,27.30520654296875,0.13407529890537262,-0.3974374830722809,1.580173134803772
1790028818380216300,27.31521630859375,0.11252748221158981,-0.7134721279144287,1.8124107122421265
1790028818390226000,27.325225830078125,0.17477671802043915,-0.9672574996948242,1.601720929145813
1790028818400235800,27.33523583984375,0.31603461503982544,-1.0414776802062988,0.7422025203704834
1790028818410306600,27.345306640625,0.395043283700943,-0.8259995579719543,0.06224924325942993
1790028818450437000,27.38543701171875,0.3208230137825012,0.17238251864910126,0.08858546614646912
1790028818460447000,27.395447021484376,0.10534487664699554,0.45250412821769714,0.12689268589019775
1790028818480527600,27.415527587890626,-0.1364694982767105,0.3064578175544739,0.023942016065120697
1790028818520688600,27.455688720703126,-0.5434837937355042,-0.05985504388809204,-0.0694318488240242
1790028818530698500,27.465698486328126,-0.5482721924781799,0.043095629662275314,-0.2849099934101105
1790028818540738800,27.47573876953125,-0.49559974670410156,0.035913024097681046,-0.4381389021873474
1790028818550718000,27.485718017578126,-0.3423708379268646,0.14604631066322327,-0.47405192255973816
1790028818560788700,27.495788818359376,-0.2968810200691223,0.043095629662275314,-0.2537853717803955
1790028818570829000,27.5058291015625,-0.20350714027881622,-0.10773907601833344,0
1790028818580839000,27.5158388671875,0.028730420395731926,-0.2322375625371933,0.06224924325942993
1790028818600888800,27.535888916015626,0.20350714027881622,-0.2082955539226532,0.014365210197865963
1790028818620908300,27.555908203125,0.36152446269989014,-0.18914192914962769,0.10773907601833344
1790028818670957300,27.605957275390626,-0.08858546614646912,-0.2992752194404602,0.3926490843296051
1790028818721097500,27.656097412109375,-0.2082955539226532,-0.19153612852096558,0.5913678407669067
1790028818731137800,27.6661376953125,-0.05267243832349777,-0.13168109953403473,0.6871358752250671
1790028818751218400,27.686218505859376,-0.12928688526153564,-0.11013327538967133,0.31364041566848755
1790028818761289200,27.696289306640626,-0.031124621629714966,-0.1388636976480484,0.27054479718208313
1790028818771299000,27.706299072265626,-0.0694318488240242,-0.20111294090747833,0.3208230137825012
1790028818781308700,27.71630859375,-0.05027823522686958,-0.3519476354122162,0.15083470940589905
1790028818791318500,27.726318603515626,-0.004788403399288654,-0.21547815203666687,0.17238251864910126
1790028818801389300,27.736389404296876,-0.2059013396501541,-0.1149216815829277,0.18914192914962769
1790028818811429600,27.7464296875,-0.2561795711517334,-0.0071826050989329815,0.08858546614646912
1790028818821500400,27.75650048828125,-0.24181437492370605,-0.10055647045373917,0.15322890877723694
1790028818831510300,27.76651025390625,-0.20350714027881622,-0.12210428714752197,-0.028730420395731926
1790028818841550600,27.776550537109376,-0.2346317619085312,-0.1173158809542656,-0.043095629662275314
1790028818851590700,27.786590576171875,-0.22505496442317963,-0.06703764945268631,-0.09816227108240128
1790028818881620000,27.816619873046875,-0.15801730751991272,-0.19632454216480255,-0.07900865375995636
1790028818891629800,27.8266298828125,-0.1628057211637497,-0.028730420395731926,-0.031124621629714966
1790028818901639700,27.8366396484375,-0.16519992053508759,-0.038307227194309235,0.043095629662275314
1790028818911679700,27.8466796875,-0.14604631066322327,-0.0933738648891449,-0.07422025501728058
1790028818921689600,27.856689697265626,-0.21787235140800476,0.07661445438861847,-0.031124621629714966
1790028818931699500,27.866699462890626,-0.24899697303771973,-0.07182604819536209,-0.004788403399288654
1790028818941739800,27.87673974609375,-0.29209262132644653,-0.18914192914962769,0.09816227108240128
1790028818951779800,27.88677978515625,-0.05985504388809204,-0.0071826050989329815,0.07182604819536209
1790028818961820200,27.896820068359375,-0.07422025501728058,0.06703764945268631,0.047884032130241394
1790028818971860500,27.906860595703126,-0.14844051003456116,0.08140286058187485,-0.07900865375995636
1790028818981931300,27.91693115234375,-0.31364041566848755,-0.043095629662275314,0.040701430290937424
1790028819012082700,27.947082763671876,0.002394201699644327,-0.019153613597154617,-0.033518824726343155
1790028819072294000,28.0072939453125,-0.16998831927776337,0.07661445438861847,0.021547814831137657
1790028819082334200,28.017334228515626,-0.2585737705230713,-0.016759412363171577,0.14604631066322327
1790028819092343800,28.02734375,-0.1843535304069519,-0.19632454216480255,0.2585737705230713
1790028819102384000,28.037384033203125,-0.10295066982507706,-0.24660277366638184,0.2106897532939911
1790028819112424400,28.047424560546876,-0.021547814831137657,-0.14604631066322327,0.08858546614646912
1790028819122434300,28.057434326171876,-0.0454898327589035,0.0454898327589035,0.014365210197865963
1790028819132444000,28.06744384765625,-0.2346317619085312,0.043095629662275314,-0.038307227194309235
1790028819182615000,28.117614990234376,-0.26575639843940735,-0.14844051003456116,-0.3232172429561615
1790028819192655000,28.127655029296875,-0.2106897532939911,-0.021547814831137657,-0.19393034279346466
1790028819202695400,28.1376953125,-0.17477671802043915,0.004788403399288654,-0.05267243832349777
1790028819222745600,28.15774560546875,-0.05746084079146385,0.090979665517807,0.10534487664699554
1790028819232786000,28.167785888671876,-0.11252748221158981,0.019153613597154617,0.031124621629714966
1790028819242795500,28.17779541015625,-0.17717093229293823,-0.0071826050989329815,-0.021547814831137657
1790028819252805400,28.187805419921876,-0.16759411990642548,-0.038307227194309235,-0.002394201699644327
1790028819353086200,28.288086181640626,-0.16998831927776337,-0.05746084079146385,0.06464344263076782
1790028819373105700,28.308105712890626,-0.15083470940589905,-0.043095629662275314,0.1149216815829277
1790028819383176400,28.318176513671876,-0.15562310814857483,-0.0071826050989329815,-0.026336219161748886
1790028819393186300,28.328186279296876,-0.17717093229293823,-0.24899697303771973,-0.038307227194309235
1790028819403196000,28.33819580078125,-0.14604631066322327,-0.2322375625371933,0.07661445438861847
1790028819413236200,28.348236328125,-0.15322890877723694,-0.016759412363171577,0.07182604819536209
1790028819423246000,28.35824609375,-0.0933738648891449,0.05267243832349777,0.17477671802043915
1790028819433286400,28.368286376953126,-0.05746084079146385,-0.021547814831137657,0.13407529890537262
1790028819443296000,28.3782958984375,-0.13168109953403473,-0.026336219161748886,0.009576806798577309
1790028819453305900,28.388305908203126,-0.1843535304069519,-0.038307227194309235,0.13407529890537262
1790028819463315700,28.398315673828126,-0.16998831927776337,-0.06464344263076782,0.11252748221158981
1790028819493406000,28.428406005859376,-0.1628057211637497,-0.08140286058187485,0.08858546614646912
1790028819503446300,28.4384462890625,-0.15562310814857483,-0.13168109953403473,0.05267243832349777
1790028819513455900,28.448455810546875,-0.17238251864910126,-0.17238251864910126,-0.004788403399288654
1790028819523496200,28.45849609375,-0.14604631066322327,-0.06464344263076782,-0.07422025501728058
1790028819543576800,28.478576904296876,-0.18914192914962769,0.05027823522686958,0.023942016065120697
1790028819553617200,28.4886171875,-0.08858546614646912,0.047884032130241394,0.08379705995321274
1790028819563627000,28.498626953125,-0.1604115068912506,-0.028730420395731926,0.2059013396501541
1790028819573636600,28.50863671875,-0.15322890877723694,-0.038307227194309235,0.1628057211637497
1790028819583677000,28.518677001953126,-0.15562310814857483,-0.11013327538967133,0.08858546614646912
1790028819593686800,28.528686767578126,-0.10773907601833344,-0.22505496442317963,-0.026336219161748886
1790028819603696400,28.5386962890625,-0.11971008777618408,-0.05746084079146385,0.031124621629714966
1790028819613706200,28.548706298828126,-0.19871874153614044,-0.011971008032560349,0.026336219161748886
1790028819623716000,28.558716064453126,-0.20350714027881622,0.009576806798577309,0.15322890877723694
1790028819633725700,28.5687255859375,-0.016759412363171577,-0.0933738648891449,0.1364694982767105
1790028819643735600,28.578735595703126,-0.12449848651885986,-0.002394201699644327,0.15562310814857483
1790028819653745400,28.588745361328126,-0.14844051003456116,0.014365210197865963,-0.07661445438861847
1790028819663816200,28.598816162109376,-0.16519992053508759,-0.05985504388809204,0.028730420395731926
1790028819673856300,28.608856201171875,-0.10295066982507706,-0.1867477297782898,-0.031124621629714966
1790028819683927300,28.61892724609375,-0.11971008777618408,-0.043095629662275314,0.11252748221158981
1790028819693967400,28.62896728515625,-0.26336219906806946,0,-0.021547814831137657
1790028819703977200,28.638977294921876,-0.1867477297782898,0.07422025501728058,0.11971008777618408
1790028819724088300,28.65908837890625,-0.20111294090747833,0.0933738648891449,0.016759412363171577
1790028819744107800,28.679107666015625,-0.2944868206977844,-0.033518824726343155,0.090979665517807
1790028819764158000,28.699157958984376,-0.17956513166427612,-0.05506663769483566,-0.06703764945268631
1790028819774167600,28.70916748046875,-0.11971008777618408,-0.035913024097681046,-0.028730420395731926
1790028819784177400,28.719177490234376,-0.06224924325942993,-0.13168109953403473,0.11013327538967133
1790028819814267600,28.749267578125,-0.1843535304069519,0.038307227194309235,0.12210428714752197
1790028819834317800,28.76931787109375,-0.2537853717803955,-0.20111294090747833,0.2059013396501541
1790028819874387500,28.809387451171876,-0.1388636976480484,0.09816227108240128,0.1412578970193863
1790028819884397000,28.81939697265625,-0.12928688526153564,-0.021547814831137657,0.22266076505184174
1790028819904447200,28.839447265625,-0.26815059781074524,-0.019153613597154617,0.20350714027881622
1790028819954587600,28.889587646484376,-0.13407529890537262,-0.11013327538967133,0.13168109953403473
1790028819974607000,28.909607177734376,-0.26815059781074524,-0.033518824726343155,0.014365210197865963
1790028820004697300,28.939697265625,-0.08619125932455063,-0.014365210197865963,-0.11252748221158981
1790028820064908500,28.999908447265625,-0.033518824726343155,-0.002394201699644327,0.016759412363171577
1790028820074918400,29.00991845703125,-0.12689268589019775,-0.11971008777618408,0.06464344263076782
