time,seconds_elapsed,x,z,y
1790028906213032400,0.162032470703125,-0.1412578970193863,-0.05027823522686958,-0.08858546614646912
1790028906263081200,0.212081298828125,-0.3495534360408783,-0.22266076505184174,-0.0694318488240242
1790028906293080000,0.242080078125,-0.028730420395731926,-0.14365209639072418,-0.17477671802043915
1790028906303120400,0.252120361328125,-0.05985504388809204,0.09576806426048279,-0.12689268589019775
1790028906313060600,0.262060546875,-0.12689268589019775,0.08379705995321274,-0.06703764945268631
1790028906322870300,0.271870361328125,-0.1149216815829277,-0.07661445438861847,0.035913024097681046
1790028906332649700,0.281649658203125,-0.12210428714752197,-0.11013327538967133,-0.014365210197865963
1790028906342689800,0.291689697265625,-0.14844051003456116,-0.17956513166427612,-0.07182604819536209
1790028906352699600,0.30169970703125,-0.1173158809542656,-0.07900865375995636,-0.12689268589019775
1790028906362709500,0.31170947265625,-0.14604631066322327,-0.10773907601833344,-0.1149216815829277
1790028906372719000,0.321718994140625,-0.13407529890537262,-0.16759411990642548,0.16998831927776337
1790028906382729000,0.33172900390625,-0.1173158809542656,-0.24420857429504395,0.07661445438861847
1790028906392799700,0.3417998046875,-0.10534487664699554,-0.15562310814857483,0.033518824726343155
1790028906402809600,0.3518095703125,-0.08379705995321274,-0.10773907601833344,-0.08140286058187485
1790028906412819200,0.361819091796875,-0.14604631066322327,-0.19153612852096558,-0.021547814831137657
1790028906422829000,0.3718291015625,-0.14604631066322327,-0.10055647045373917,0.10295066982507706
1790028906432869400,0.381869384765625,-0.07182604819536209,-0.10773907601833344,0.047884032130241394
1790028906442879200,0.391879150390625,-0.1843535304069519,-0.09816227108240128,0.047884032130241394
1790028906452858400,0.4018583984375,-0.18914192914962769,0.05985504388809204,-0.06703764945268631
1790028906462929200,0.41192919921875,-0.12689268589019775,0.05506663769483566,0.06224924325942993
1790028906472969500,0.421969482421875,-0.181959331035614,0.004788403399288654,0.0694318488240242
1790028906492989000,0.441989013671875,-0.26336219906806946,-0.040701430290937424,0.07661445438861847
1790028906503029200,0.452029296875,-0.3256114423274994,-0.13168109953403473,-0.05267243832349777
1790028906513008400,0.46200830078125,-0.31364041566848755,-0.1388636976480484,0.047884032130241394
1790028906523018200,0.472018310546875,-0.10534487664699554,-0.06703764945268631,0.023942016065120697
1790028906533058600,0.48205859375,0.08140286058187485,0.14604631066322327,-0.11252748221158981
1790028906543068400,0.492068359375,0.002394201699644327,0.17477671802043915,-0.1149216815829277
1790028906553078000,0.502078125,-0.13407529890537262,-0.07422025501728058,0.16519992053508759
1790028906573097700,0.52209765625,-0.12449848651885986,-0.10295066982507706,0.12689268589019775
1790028906583076900,0.532076904296875,-0.2513911724090576,-0.0933738648891449,-0.038307227194309235
1790028906593117200,0.5421171875,-0.23702596127986908,-0.14604631066322327,-0.009576806798577309
1790028906603127000,0.552126953125,-0.11252748221158981,-0.11971008777618408,-0.05027823522686958
1790028906613136600,0.56213671875,-0.0071826050989329815,-0.10295066982507706,0.014365210197865963
1790028906623116000,0.572115966796875,-0.24660277366638184,-0.10295066982507706,0.19393034279346466
1790028906653236700,0.60223681640625,-0.1604115068912506,-0.15322890877723694,-0.07182604819536209
1790028906673256200,0.622256103515625,-0.20111294090747833,-0.13168109953403473,0.05746084079146385
1790028906683266000,0.63226611328125,0.038307227194309235,0.023942016065120697,-0.1149216815829277
1790028906693276000,0.64227587890625,-0.0071826050989329815,0.016759412363171577,-0.1388636976480484
1790028906703316200,0.652316162109375,-0.2992752194404602,-0.15083470940589905,-0.043095629662275314
1790028906713356300,0.662356201171875,-0.23942017555236816,-0.090979665517807,0.12689268589019775
1790028906723366100,0.6723662109375,-0.12689268589019775,-0.13168109953403473,0.09816227108240128
1790028906733376000,0.6823759765625,-0.15083470940589905,-0.09816227108240128,0.0071826050989329815
1790028906743355100,0.692355224609375,-0.1843535304069519,-0.026336219161748886,0.08379705995321274
1790028906753395500,0.7023955078125,0.0071826050989329815,0.11013327538967133,-0.08858546614646912
1790028906763405300,0.7124052734375,0.016759412363171577,0.1149216815829277,-0.17717093229293823
1790028906773415000,0.722414794921875,-0.2322375625371933,-0.028730420395731926,0.05985504388809204
1790028906783424800,0.7324248046875,-0.35434186458587646,-0.14844051003456116,0.07182604819536209
1790028906793434600,0.7424345703125,-0.07422025501728058,-0.19153612852096558,-0.0071826050989329815
1790028906813423600,0.762423583984375,-0.28969839215278625,-0.10295066982507706,-0.05267243832349777
1790028906823464000,0.7724638671875,-0.004788403399288654,0.043095629662275314,-0.17717093229293823
1790028906833504000,0.78250390625,0.043095629662275314,-0.05746084079146385,-0.031124621629714966
1790028906883614000,0.832614013671875,-0.19153612852096558,-0.17477671802043915,0.014365210197865963
1790028906923714000,0.872714111328125,-0.14365209639072418,-0.06464344263076782,0.07661445438861847
1790028907013893600,0.9628935546875,-0.14365209639072418,-0.026336219161748886,0.09816227108240128
1790028907033974000,0.98297412109375,-0.13168109953403473,0,-0.1412578970193863
1790028907043984000,0.99298388671875,-0.22266076505184174,-0.05506663769483566,0.019153613597154617
1790028907053993700,1.00299365234375,-0.10295066982507706,0.009576806798577309,0.06224924325942993
1790028907064003300,1.01300341796875,-0.17956513166427612,-0.011971008032560349,0.19153612852096558
1790028907074013200,1.02301318359375,-0.1173158809542656,0.1149216815829277,0.023942016065120697
1790028907084053500,1.033053466796875,-0.11971008777618408,0.016759412363171577,-0.11013327538967133
1790028907094063000,1.04306298828125,-0.15801730751991272,0.031124621629714966,-0.038307227194309235
1790028907114113300,1.06311328125,-0.10773907601833344,-0.009576806798577309,0.090979665517807
1790028907124153600,1.073153564453125,-0.3495534360408783,0.0071826050989329815,0.15801730751991272
1790028907134163200,1.0831630859375,-0.3687070608139038,-0.17717093229293823,0.1843535304069519
1790028907144203500,1.09320361328125,-0.1388636976480484,-0.14604631066322327,0.08619125932455063
1790028907214333000,1.1633330078125,-0.20350714027881622,0.10295066982507706,-0.0071826050989329815
1790028907234413600,1.18341357421875,-0.05506663769483566,0.002394201699644327,0.31842881441116333
1790028907294624800,1.243624755859375,-0.23702596127986908,-0.12210428714752197,0.06224924325942993
1790028907334724900,1.283724853515625,-0.24660277366638184,-0.038307227194309235,0.05985504388809204
1790028907374794500,1.32379443359375,-0.19632454216480255,-0.1173158809542656,-0.014365210197865963
1790028907434914000,1.3839140625,-0.14604631066322327,-0.12928688526153564,0.1173158809542656
1790028907465004300,1.41400439453125,-0.2825157940387726,0.14844051003456116,-0.1628057211637497
1790028907505104400,1.4541044921875,-0.2082955539226532,0,-0.043095629662275314
1790028907515114200,1.4641142578125,-0.15562310814857483,-0.15322890877723694,0.10773907601833344
1790028907525154600,1.474154541015625,-0.10055647045373917,-0.13407529890537262,0.12449848651885986
1790028907535164200,1.4841640625,-0.13168109953403473,-0.17956513166427612,0.09816227108240128
1790028907545204500,1.49420458984375,-0.1604115068912506,-0.2537853717803955,0.14604631066322327
1790028907555244800,1.504244873046875,-0.06703764945268631,-0.023942016065120697,0.1149216815829277
1790028907575264300,1.52426416015625,-0.29209262132644653,0.026336219161748886,0.1364694982767105
1790028907585304600,1.5343046875,-0.4429273009300232,-0.0071826050989329815,0.26815059781074524
1790028907635384000,1.584384033203125,-0.1364694982767105,0.15083470940589905,0.090979665517807
1790028907645393700,1.5943935546875,-0.05985504388809204,0.0933738648891449,0.09576806426048279
1790028907655434000,1.60443408203125,0.019153613597154617,-0.031124621629714966,0.004788403399288654
1790028907665443800,1.61444384765625,-0.21787235140800476,0.047884032130241394,0.07422025501728058
1790028907675484200,1.624484130859375,-0.28969839215278625,-0.05746084079146385,0.0694318488240242
1790028907685493800,1.63449365234375,-0.16519992053508759,-0.0071826050989329815,0.021547814831137657
1790028907695534000,1.6445341796875,-0.05267243832349777,-0.023942016065120697,-0.021547814831137657
1790028907715553800,1.6645537109375,-0.30885201692581177,-0.06224924325942993,0.19871874153614044
1790028907725563400,1.6745634765625,-0.26575639843940735,-0.0933738648891449,0.1173158809542656
1790028907745582800,1.694582763671875,0.12928688526153564,0.002394201699644327,-0.06224924325942993
1790028907755592700,1.7045927734375,-0.15562310814857483,-0.14844051003456116,0.11013327538967133
1790028907765602600,1.7146025390625,-0.4189853072166443,-0.07182604819536209,0.1867477297782898
1790028907775612200,1.724612060546875,-0.26336219906806946,-0.10773907601833344,0.19393034279346466
1790028907785622000,1.7346220703125,-0.2801215946674347,-0.13168109953403473,0.06703764945268631
1790028907805672200,1.754672119140625,-0.19632454216480255,0.009576806798577309,-0.07182604819536209
1790028907815681800,1.764681884765625,-0.3016694188117981,-0.004788403399288654,0.1149216815829277
1790028907835732000,1.78473193359375,-0.05027823522686958,0.10295066982507706,0.10295066982507706
1790028907905891800,1.854891845703125,-0.2346317619085312,-0.05746084079146385,-0.05267243832349777
1790028907915901700,1.864901611328125,-0.09576806426048279,0.05985504388809204,0.06464344263076782
1790028908016182300,1.965182373046875,-0.26815059781074524,-0.07900865375995636,0.1149216815829277
1790028908036232400,1.985232421875,-0.1412578970193863,0.1173158809542656,-0.05027823522686958
1790028908086433800,2.035433837890625,-0.1412578970193863,-0.11013327538967133,-0.10055647045373917
1790028908166725600,2.1157255859375,-0.33518823981285095,-0.09816227108240128,0.1173158809542656
1790028908186775600,2.135775634765625,-0.014365210197865963,-0.08140286058187485,0.11013327538967133
1790028908216896500,2.165896484375,-0.24181437492370605,-0.2561795711517334,0.16519992053508759
1790028908277016000,2.22601611328125,-0.038307227194309235,0.1628057211637497,0.06703764945268631
1790028908287026000,2.23602587890625,-0.10534487664699554,0.10055647045373917,0.047884032130241394
1790028908327156500,2.276156494140625,-0.16519992053508759,-0.047884032130241394,-0.002394201699644327
1790028908377327400,2.326327392578125,-0.12210428714752197,0.06464344263076782,0.047884032130241394
1790028908447487200,2.3964873046875,-0.14365209639072418,0.14365209639072418,-0.002394201699644327
1790028908457497000,2.4064970703125,-0.026336219161748886,0.009576806798577309,0.016759412363171577
1790028908467598300,2.416598388671875,-0.1364694982767105,-0.10055647045373917,-0.002394201699644327
1790028908477608200,2.426608154296875,-0.31603461503982544,-0.05985504388809204,0.047884032130241394
1790028908487617800,2.43661767578125,-0.2801215946674347,0.031124621629714966,0.14844051003456116
1790028908497627600,2.446627685546875,-0.26336219906806946,-0.028730420395731926,0.13407529890537262
1790028908507698400,2.456698486328125,-0.15322890877723694,-0.028730420395731926,0.1843535304069519
1790028908517708300,2.466708251953125,-0.05506663769483566,-0.06464344263076782,0.12449848651885986
1790028908527748600,2.47674853515625,-0.08858546614646912,-0.07182604819536209,0.15562310814857483
1790028908587868200,2.5368681640625,-0.181959331035614,-0.05746084079146385,0.05267243832349777
1790028908597878000,2.5468779296875,-0.2106897532939911,-0.019153613597154617,0.023942016065120697
1790028908607918000,2.55691796875,-0.1867477297782898,-0.14844051003456116,0.07422025501728058
1790028908617928000,2.566927978515625,-0.09576806426048279,0.023942016065120697,0.10773907601833344
1790028908627968300,2.57696826171875,-0.18914192914962769,-0.043095629662275314,0.0933738648891449
1790028908637978000,2.58697802734375,-0.17956513166427612,-0.1412578970193863,0.08858546614646912
1790028908648049000,2.597048828125,-0.1412578970193863,-0.05027823522686958,-0.05746084079146385
1790028908658089000,2.6070888671875,-0.11013327538967133,-0.05746084079146385,-0.031124621629714966
1790028908668098800,2.617098876953125,-0.17238251864910126,-0.05027823522686958,0.011971008032560349
1790028908678108700,2.627108642578125,-0.15562310814857483,-0.08619125932455063,0.08858546614646912
1790028908688118300,2.6371181640625,-0.002394201699644327,-0.014365210197865963,0.028730420395731926
1790028908718178300,2.66717822265625,-0.26096799969673157,-0.07182604819536209,0.1388636976480484
1790028908748238000,2.697238037109375,-0.10295066982507706,0.002394201699644327,0.047884032130241394
1790028908768288000,2.7172880859375,-0.24181437492370605,-0.19632454216480255,0.05506663769483566
1790028908778267400,2.727267333984375,-0.15562310814857483,-0.07900865375995636,0.023942016065120697
1790028908788307500,2.737307373046875,-0.2298433631658554,-0.10055647045373917,-0.009576806798577309
1790028908828346600,2.7773466796875,-0.2082955539226532,0.07900865375995636,0.304063618183136
1790028908838387000,2.787386962890625,-0.4692635238170624,-0.009576806798577309,0.5554547905921936
1790028908848396800,2.797396728515625,-0.44771572947502136,-0.395043283700943,0.4189853072166443
1790028908858376000,2.8073759765625,-0.4213795065879822,-0.5722141861915588,0.1173158809542656
1790028908868385800,2.8173857421875,-0.47405192255973816,-0.5482721924781799,0.021547814831137657
1790028908878426000,2.827426025390625,-0.43335050344467163,-0.49799394607543945,-0.019153613597154617
1790028908888497000,2.837496826171875,-0.3711012601852417,-0.38546648621559143,0.181959331035614
1790028908898476000,2.84747607421875,-0.37828385829925537,-0.35913026332855225,0.18914192914962769
1790028908918526200,2.867526123046875,-0.5985504388809204,-0.11013327538967133,0.06703764945268631
1790028908978584600,2.92758447265625,-1.723825216293335,-0.828393816947937,0.05267243832349777
1790028908988655400,2.9376552734375,-1.580173134803772,-0.31364041566848755,0.10773907601833344
1790028909028694500,2.977694580078125,-1.3335703611373901,-0.6200982332229614,0.15562310814857483
1790028909058784800,3.00778466796875,-0.6320692300796509,-0.6512228846549988,-0.14844051003456116
1790028909078804500,3.027804443359375,0.22505496442317963,-0.4668693244457245,-0.11013327538967133
1790028909088814000,3.03781396484375,0.2825157940387726,-0.16519992053508759,0.22026655077934265
1790028909098854400,3.0478544921875,-0.8643068075180054,-0.4118026793003082,1.4724340438842773
1790028909108864300,3.0578642578125,-2.0614075660705566,-0.8690952062606812,1.9943699836730957
1790028909118843400,3.067843505859375,-2.0590133666992188,-0.4165911078453064,0.8834604024887085
1790028909128914200,3.0779140625,-1.889025092124939,-0.36152446269989014,-0.05506663769483566
1790028909138924000,3.087924072265625,-2.0254945755004883,-0.6703764796257019,0.07661445438861847
1790028909148964400,3.09796435546875,-2.231395959854126,-0.5530605912208557,0.5482721924781799
1790028909159004700,3.108004638671875,-2.4372973442077637,-0.6368576288223267,0.933738648891449
1790028909189095000,3.138094970703125,-2.121262788772583,-0.6775590777397156,0.8259995579719543
1790028909199104800,3.148104736328125,-2.2218191623687744,-0.8307880163192749,0.5746083855628967
1790028909239174400,3.18817431640625,-2.5330653190612793,-0.9026140570640564,0.47884035110473633
1790028909249184000,3.19818408203125,-2.470816135406494,-1.0199298858642578,0.5650315880775452
1790028909299385300,3.24838525390625,-0.9648633003234863,0.07182604819536209,0.5602431893348694
1790028909309456400,3.258456298828125,-1.0031704902648926,-0.4812345504760742,0.35913026332855225
1790028909319466000,3.268466064453125,-0.8020575642585754,-0.5195417404174805,-0.4141969084739685
1790028909349556500,3.298556396484375,-3.4165258407592773,-1.0414776802062988,0.2513911724090576
1790028909359566000,3.308566162109375,-2.6862943172454834,0.14604631066322327,-1.0965443849563599
1790028909369576000,3.318575927734375,-1.280897855758667,0.8571242094039917,-1.3335703611373901
1790028909379616300,3.3286162109375,-0.3519476354122162,0.363918662071228,-1.0845733880996704
1790028909399666200,3.348666259765625,-1.9704279899597168,-0.4668693244457245,0.9361328482627869
1790028909409706500,3.35870654296875,-2.784456491470337,-0.33039984107017517,0.3974374830722809
1790028909419716400,3.36871630859375,-2.3702597618103027,0.38307225704193115,-0.26096799969673157
1790028909429726000,3.378725830078125,-1.0103530883789062,1.3431471586227417,-1.161187767982483
1790028909439735800,3.38873583984375,0.1604115068912506,0.8786720037460327,-1.5155296325683594
1790028909449776000,3.398776123046875,0.11013327538967133,-0.3998316824436188,-1.8914192914962769
1790028909459785700,3.40878564453125,-0.7110779285430908,-1.0199298858642578,-1.9057846069335938
1790028909469795600,3.418795654296875,-2.0661959648132324,-0.9744400978088379,-0.24899697303771973
1790028909499855400,3.44885546875,0.3256114423274994,-0.07900865375995636,0.5267243981361389
1790028909509895700,3.458895751953125,0.811634361743927,-0.40701428055763245,0.9145850539207458
1790028909519936000,3.46893603515625,-0.07900865375995636,-0.20111294090747833,1.1516109704971313
1790028909529976300,3.478976318359375,-0.9193734526634216,0.23702596127986908,0.4118026793003082
1790028909540016600,3.4890166015625,-0.5530605912208557,0.5841852426528931,-0.5770025849342346
1790028909550057000,3.499056884765625,0.8667010068893433,1.0749965906143188,-2.2170307636260986
1790028909560066600,3.509066650390625,1.4101848602294922,0.9074024558067322,-2.3965959548950195
1790028909570076400,3.519076416015625,0.395043283700943,-0.4668693244457245,-0.48602294921875
1790028909580086000,3.5290859375,-1.699883222579956,-0.993593692779541,0.7924807667732239
1790028909590126300,3.539126220703125,-2.9664158821105957,-0.15801730751991272,-0.4884171485900879
1790028909630196000,3.579196044921875,-0.5291185975074768,1.2449848651885986,-2.3989901542663574
1790028909640205800,3.589205810546875,-1.824381709098816,0.9864110946655273,-1.6879122257232666
1790028909650246100,3.59924609375,-2.410961151123047,0.5027823448181152,-1.1444283723831177
1790028909680306000,3.629305908203125,-0.33997663855552673,-1.1635819673538208,0.23702596127986908
1790028909690315500,3.6393154296875,-0.6967126727104187,-1.0127472877502441,1.1971008777618408
1790028909710396200,3.659396240234375,-0.31842881441116333,-0.10055647045373917,-0.9217676520347595
1790028909720436500,3.6694365234375,0.5123591423034668,-0.6799532771110535,-0.0933738648891449
1790028909730476800,3.679476806640625,-0.14365209639072418,-0.1173158809542656,0.5410895943641663
1790028909750496300,3.699496337890625,-1.3718775510787964,1.0271124839782715,-0.9600749015808105
1790028909760536600,3.70953662109375,-1.2258312702178955,0.7134721279144287,-0.9600749015808105
1790028909770546400,3.71954638671875,-0.6943184733390808,0.05506663769483566,-1.7693150043487549
1790028909790596400,3.739596435546875,-0.5578489899635315,-3.4763808250427246,0.9672574996948242
1790028909810615800,3.75961572265625,-2.140416383743286,2.5929205417633057,-1.6328455209732056
1790028909840736800,3.78973681640625,-1.0127472877502441,-0.028730420395731926,0.871489405632019
1790028909900917500,3.84991748046875,-2.5306711196899414,-0.6871358752250671,0.9050082564353943
1790028909920967400,3.869967529296875,-1.644816517829895,0.993593692779541,-2.0590133666992188
1790028909930977300,3.879977294921875,-1.3718775510787964,-0.11971008777618408,-1.623268723487854
1790028909940987100,3.889987060546875,-1.1468225717544556,-1.7764976024627686,0.4620809257030487
1790028909950996700,3.899996826171875,-0.9457096457481384,-1.8124107122421265,1.965639591217041
1790028909961006600,3.910006591796875,-0.7445967197418213,-0.17477671802043915,1.0103530883789062
1790028909971016200,3.92001611328125,-1.4844050407409668,0.5961562395095825,-0.8379706144332886
1790028909981026000,3.930026123046875,-2.4372973442077637,0.7493851184844971,-1.2952631711959839
1790028909991066400,3.94006640625,-3.0334534645080566,1.1204863786697388,-1.4724340438842773
1790028910001076200,3.950076171875,-2.779668092727661,0.4884171485900879,-0.7781155705451965
1790028910011085800,3.9600859375,-1.8914192914962769,0.5027823448181152,-0.5339069962501526
1790028910021156600,3.970156494140625,-1.5969325304031372,1.2210428714752197,-0.6919242739677429
1790028910031166500,3.98016650390625,-2.27209734916687,0.44771572947502136,-2.631227731704712
1790028910041176300,3.99017626953125,-2.7006595134735107,0.023942016065120697,-2.894589900970459
1790028910071297000,4.020297119140625,-0.10534487664699554,0.5027823448181152,0.31842881441116333
1790028910081367800,4.030367919921875,-1.4844050407409668,2.073378562927246,0.629675030708313
1790028910091408100,4.040408203125,-2.7676970958709717,2.296039342880249,-0.09816227108240128
1790028910101448400,4.050448486328125,-2.9161376953125,0.4189853072166443,-1.2042834758758545
1790028910171577900,4.120577880859375,-1.4173674583435059,0.790086567401886,-0.2322375625371933
1790028910191597300,4.140597412109375,-0.9217676520347595,1.625662922859192,0.524330198764801
1790028910201668000,4.150668212890625,-1.357512354850769,1.5729905366897583,0.2106897532939911
1790028910211678000,4.160677978515625,-1.625662922859192,1.292868971824646,-0.07900865375995636
1790028910221718300,4.17071826171875,-1.6065093278884888,1.3503297567367554,-0.5171475410461426
1790028910231727900,4.180727783203125,-1.5059528350830078,1.1635819673538208,-0.3208230137825012
1790028910241768200,4.190768310546875,-1.256955862045288,1.2042834758758545,0.17238251864910126
1790028910251778000,4.200778076171875,-1.1228805780410767,0.7134721279144287,-0.1867477297782898
1790028910312019700,4.261019775390625,0.038307227194309235,1.8291701078414917,-0.181959331035614
1790028910322029600,4.271029541015625,-0.2537853717803955,1.8076223134994507,-0.17477671802043915
1790028910332039200,4.2810390625,-0.4165911078453064,1.7525556087493896,-0.0071826050989329815
1790028910342079500,4.29107958984375,-0.5770025849342346,1.699883222579956,-0.3998316824436188
1790028910352089300,4.30108935546875,-0.5650315880775452,1.338358759880066,-0.12928688526153564
1790028910362129700,4.311129638671875,-0.5793967843055725,1.599326729774475,0.07900865375995636
1790028910382179600,4.3311796875,-0.5171475410461426,0.11971008777618408,0.33997663855552673
1790028910392220000,4.341219970703125,-0.10773907601833344,0.40940847992897034,-0.2849099934101105
1790028910402260200,4.35126025390625,-0.3758896589279175,0.1604115068912506,-0.730231523513794
1790028910422310100,4.37131005859375,-1.1013327836990356,0.6919242739677429,-1.259350061416626
1790028910432350500,4.3813505859375,-1.558625340461731,0.7206547260284424,-0.8738836050033569
1790028910442360300,4.3913603515625,-1.8602946996688843,1.2425906658172607,-0.6368576288223267
1790028910462410200,4.41141015625,-2.0829553604125977,0.17238251864910126,0.33758243918418884
1790028910472420000,4.421420166015625,-0.8619126081466675,-0.2753331959247589,0.7445967197418213
1790028910482430000,4.431429931640625,0.7206547260284424,-0.23942017555236816,0.751779317855835
1790028910492439600,4.441439453125,1.436521053314209,-0.1412578970193863,0.5386953949928284
1790028910502480000,4.45147998046875,1.192312479019165,0.7613561153411865,-0.6488286852836609
1790028910512489700,4.46148974609375,-0.10055647045373917,0.6440402865409851,-2.3367409706115723
1790028910522499600,4.47149951171875,-1.4389152526855469,0.3663128614425659,-2.38462495803833
1790028910532570400,4.4815703125,-2.1811177730560303,0.2082955539226532,-1.4484920501708984
1790028910552589800,4.50158984375,-0.7206547260284424,-0.16998831927776337,0.08619125932455063
1790028910562599700,4.511599609375,0.31364041566848755,-0.6368576288223267,0.42377370595932007
1790028910582649600,4.531649658203125,0.8619126081466675,0,-0.26815059781074524
1790028910592690000,4.54168994140625,-0.0933738648891449,0.4596867263317108,-0.33758243918418884
1790028910602730200,4.551730224609375,-1.2306196689605713,0.35434186458587646,-0.7326257228851318
1790028910622780200,4.5717802734375,-1.601720929145813,-0.6033388376235962,-0.23942017555236816
1790028910632820500,4.581820556640625,-1.1228805780410767,-1.4844050407409668,0
1790028910642830300,4.591830322265625,-0.6320692300796509,-1.9512743949890137,0.4429273009300232
1790028910652840000,4.60183984375,-0.06224924325942993,-1.0965443849563599,0.06464344263076782
1790028910662880300,4.61188037109375,-0.31364041566848755,-0.47405192255973816,-1.0965443849563599
1790028910743141600,4.6921416015625,0.20350714027881622,1.2880805730819702,-1.1109095811843872
1790028910773231900,4.72223193359375,-0.395043283700943,-0.23702596127986908,1.2641384601593018
1790028910783272200,4.732272216796875,0.272938996553421,-0.5099649429321289,0.6584054827690125
1790028910793282000,4.742281982421875,0.5123591423034668,-0.8571242094039917,-0.36152446269989014
1790028910803291600,4.752291748046875,0.36152446269989014,-0.6847416758537292,-0.5267243981361389
1790028910813301500,4.762301513671875,0,-0.2777273952960968,-0.5482721924781799
1790028910833351400,4.782351318359375,-0.8858546018600464,-0.0071826050989329815,0.002394201699644327
1790028910843361300,4.792361328125,-0.8188169598579407,-0.38546648621559143,0.6033388376235962
1790028910853340400,4.80234033203125,-0.10055647045373917,-1.1899182796478271,0.33039984107017517
1790028910863380700,4.812380615234375,0.26575639843940735,-1.434126853942871,0.2513911724090576
1790028910873390600,4.822390625,0.16998831927776337,-1.039083480834961,0.07661445438861847
1790028910883400400,4.832400390625,-0.40462008118629456,-1.2976573705673218,-0.12210428714752197
1790028910893410000,4.84241015625,-0.6488286852836609,-1.237802267074585,-0.035913024097681046
1790028910903420000,4.852419921875,-0.7733271718025208,-1.1037269830703735,-0.05746084079146385
1790028910913460200,4.862460205078125,-0.6607996821403503,-0.727837324142456,-0.004788403399288654
1790028910963570000,4.91256982421875,0.07661445438861847,-1.1779472827911377,0.689530074596405
1790028910973549300,4.92254931640625,0.05027823522686958,-0.9241618514060974,0.5674257874488831
1790028910983620000,4.9326201171875,0.09576806426048279,-0.3495534360408783,0.5650315880775452
1790028910993630000,4.9426298828125,0.16759411990642548,-0.26336219906806946,0.23942017555236816
1790028911003670000,4.952669921875,0.08619125932455063,-0.7805097699165344,0.8930372595787048
1790028911023720200,4.97272021484375,-0.05746084079146385,-0.35913026332855225,0.47165772318840027
1790028911063789800,5.012789794921875,-0.4141969084739685,-0.9864110946655273,0.7541735172271729
1790028911073830100,5.022830078125,-0.5027823448181152,-0.7398083209991455,0.9026140570640564
1790028911083839700,5.03283984375,-0.36152446269989014,-0.5099649429321289,0.40222588181495667
1790028911093910500,5.04291064453125,-0.11252748221158981,-0.16998831927776337,-0.3232172429561615
1790028911103950800,5.052950927734375,-0.035913024097681046,-0.5770025849342346,-0.3447650372982025
1790028911133980200,5.082980224609375,-0.043095629662275314,-0.2992752194404602,0.4381389021873474
1790028911164070400,5.1130703125,0.09576806426048279,-0.3016694188117981,0.090979665517807
1790028911234261000,5.183260986328125,0.5793967843055725,0.05506663769483566,0.5602431893348694
1790028911244270600,5.1932705078125,0.5602431893348694,0.090979665517807,0.1364694982767105
1790028911254280400,5.203280517578125,0.5841852426528931,-0.3687070608139038,0.3280056416988373
1790028911264290300,5.213290283203125,0.5913678407669067,-0.3232172429561615,-0.13407529890537262
1790028911274330600,5.22333056640625,0.8068459630012512,-0.12689268589019775,-0.5841852426528931
1790028911284370700,5.23337060546875,1.158793568611145,-0.08858546614646912,-0.4812345504760742
1790028911294380500,5.243380615234375,0.8882488012313843,-0.3471592366695404,0.5027823448181152
1790028911314430700,5.2634306640625,-0.0071826050989329815,0.1364694982767105,0.4118026793003082
1790028911324440300,5.2734404296875,0.1628057211637497,-0.07182604819536209,-0.011971008032560349
1790028911334480600,5.283480712890625,0.45250412821769714,-0.1173158809542656,0.06464344263076782
1790028911344521000,5.29352099609375,0.6631938815116882,-0.28730419278144836,0.035913024097681046
1790028911354530800,5.30353076171875,0.4165911078453064,-0.5793967843055725,0.20350714027881622
1790028911364540400,5.31354052734375,0.181959331035614,-0.5889736413955688,0.49320554733276367
1790028911374580700,5.323580810546875,0.009576806798577309,-0.12210428714752197,0.2753331959247589
1790028911384590600,5.333590576171875,0.14365209639072418,-0.19153612852096558,0.06224924325942993
1790028911394600200,5.34360009765625,0.42377370595932007,-0.5889736413955688,0.5099649429321289
1790028911404610000,5.353610107421875,0.4812345504760742,-0.395043283700943,0.6991068720817566
1790028911414620000,5.363619873046875,0.2777273952960968,-0.40701428055763245,0.5434837937355042
1790028911424660200,5.37366015625,0.05027823522686958,-0.7422025203704834,0.8236053586006165
1790028911434669800,5.383669921875,-0.11971008777618408,-0.608127236366272,0.9840168952941895
1790028911454720000,5.403719970703125,0.16998831927776337,-0.2992752194404602,0.4884171485900879
1790028911474739500,5.423739501953125,0.43335050344467163,-0.5171475410461426,0.47884035110473633
1790028911494759000,5.443759033203125,0.10055647045373917,-0.8068459630012512,0.9002198576927185
1790028911524788200,5.473788330078125,-0.05506663769483566,-0.7422025203704834,0.4668693244457245
1790028911534798000,5.483798095703125,-0.0071826050989329815,-0.9720458984375,0.7996633648872375
1790028911574928600,5.5239287109375,0.44771572947502136,0.35913026332855225,0.7015010714530945
1790028911605019000,5.554018798828125,0.48602294921875,-0.667982280254364,1.4844050407409668
1790028911615059200,5.56405908203125,0.3758896589279175,-0.5889736413955688,1.1516109704971313
1790028911625069000,5.574069091796875,0.38546648621559143,-0.4357447028160095,0.7398083209991455
1790028911635079000,5.584078857421875,0.4644751250743866,-0.2992752194404602,0.4644751250743866
1790028911645088500,5.594088623046875,0.4812345504760742,-0.3495534360408783,0.5147533416748047
1790028911655128800,5.60412890625,0.3232172429561615,-0.3447650372982025,0.6129156351089478
1790028911665138700,5.614138671875,0.40222588181495667,-0.2513911724090576,0.7206547260284424
1790028911675148300,5.624148193359375,0.4429273009300232,0.047884032130241394,0.6751648783683777
1790028911685158100,5.634158203125,0.28969839215278625,-0.13407529890537262,0.6512228846549988
1790028911695168000,5.64416796875,0.2298433631658554,-0.31124621629714966,0.6368576288223267
1790028911705177600,5.654177490234375,0.07182604819536209,-0.6560112833976746,0.7182605266571045
1790028911715187500,5.6641875,-0.14604631066322327,-0.7805097699165344,0.828393816947937
1790028911725227800,5.674227783203125,-0.15562310814857483,-0.5315127968788147,0.608127236366272
1790028911755257000,5.704257080078125,0.10295066982507706,-0.3974374830722809,0.6392518281936646
1790028911765297400,5.71429736328125,0.0071826050989329815,-0.3447650372982025,0.8092401623725891
1790028911775337700,5.724337646484375,-0.12928688526153564,-0.4644751250743866,0.7948749661445618
1790028911785347300,5.734347412109375,0.004788403399288654,-0.31603461503982544,0.8379706144332886
1790028911805428000,5.754427978515625,0.22026655077934265,-0.5961562395095825,0.8140285611152649
1790028911815437800,5.764437744140625,0.011971008032560349,-0.8020575642585754,0.8092401623725891
1790028911855568400,5.804568359375,-0.35434186458587646,-0.507570743560791,0.545877993106842
1790028911875648800,5.824648681640625,-0.5506663918495178,-0.6512228846549988,0.5386953949928284
1790028911885719800,5.8347197265625,-0.6344634294509888,-0.7565677165985107,0.4836287498474121
1790028911895760000,5.844759765625,-0.5793967843055725,-1.0199298858642578,0.40462008118629456
1790028911905800200,5.85480029296875,-0.8906430602073669,-1.3096283674240112,0.6129156351089478
1790028911915810000,5.86481005859375,-1.3694833517074585,-1.599326729774475,0.6847416758537292
1790028911925820000,5.87481982421875,-1.6639702320098877,-1.3527239561080933,0.44771572947502136
1790028911935829500,5.88482958984375,-2.1380221843719482,-1.3215993642807007,0.42377370595932007
1790028912006020000,5.95502001953125,-0.3734954595565796,-1.4437036514282227,3.0573954582214355
1790028912016060200,5.96506005859375,-0.5147533416748047,-1.2234370708465576,3.0334534645080566
1790028912026070000,5.975070068359375,-0.8068459630012512,-1.039083480834961,2.806004285812378
1790028912036079900,5.985079833984375,-1.0989385843276978,-0.9768342971801758,2.559401512145996
1790028912046120200,5.9951201171875,-1.2401964664459229,-1.2449848651885986,1.9823989868164062
1790028912056160300,6.00516015625,-1.3096283674240112,-1.525106430053711,1.5753847360610962
1790028912086250800,6.035250732421875,-1.6663644313812256,-1.3263877630233765,1.1085153818130493
1790028912146400800,6.09540087890625,-1.501164436340332,-1.455674648284912,0.6584054827690125
1790028912156410600,6.10541064453125,-1.5634137392044067,-1.6400281190872192,0.9744400978088379
1790028912166420500,6.11542041015625,-1.7956513166427612,-1.460463047027588,0.667982280254364
1790028912176460500,6.12546044921875,-1.4101848602294922,-1.7597382068634033,0.11013327538967133
1790028912186470400,6.135470458984375,-0.3926490843296051,-2.9472622871398926,1.2473790645599365
1790028912196480300,6.145480224609375,-0.3016694188117981,-3.514688014984131,2.7724854946136475
1790028912226570500,6.175570556640625,-0.7086837291717529,1.5322890281677246,-0.9552865028381348
1790028912236580400,6.185580322265625,-0.47405192255973816,1.2018892765045166,-1.4748282432556152
1790028912246620700,6.19562060546875,-0.395043283700943,0.023942016065120697,-1.0630255937576294
1790028912256660700,6.20566064453125,-0.8164227604866028,-0.7829039692878723,-0.004788403399288654
1790028912266731800,6.215731689453125,-1.6903064250946045,-0.38546648621559143,-0.5578489899635315
1790028912276741400,6.225741455078125,-1.8076223134994507,0.8068459630012512,-2.31758713722229
1790028912296791600,6.24579150390625,-0.05985504388809204,0.009576806798577309,-1.8076223134994507
1790028912306862300,6.2558623046875,0.3423708379268646,-1.113303780555725,0.13168109953403473
1790028912316902700,6.265902587890625,-0.06224924325942993,-1.2330138683319092,1.45806884765625
1790028912326912300,6.275912353515625,-0.37828385829925537,-0.040701430290937424,1.2066776752471924
1790028912336922000,6.285922119140625,-0.5578489899635315,1.6903064250946045,-0.6392518281936646
1790028912346962400,6.29596240234375,-0.6344634294509888,1.0989385843276978,-1.680729627609253
1790028912356972000,6.305971923828125,-0.8068459630012512,-0.9289502501487732,0.031124621629714966
1790028912366982000,6.31598193359375,-0.9002198576927185,0.05985504388809204,-0.08140286058187485
1790028912387001300,6.33600146484375,-0.031124621629714966,-1.1300631761550903,-0.3758896589279175
1790028912397011200,6.34601123046875,0.4692635238170624,-2.0661959648132324,1.3718775510787964
1790028912407021000,6.35602099609375,0.6057330369949341,-2.1140801906585693,2.1475989818573
1790028912417061000,6.36606103515625,1.0199298858642578,-2.38462495803833,1.4197616577148438
1790028912427132200,6.376132080078125,1.900996208190918,-1.7357962131500244,-0.06703764945268631
1790028912437141800,6.386141845703125,2.207453966140747,-0.8331822156906128,0.002394201699644327
1790028912447182000,6.39618212890625,1.161187767982483,0.7781155705451965,0.2059013396501541
1790028912457192000,6.40619189453125,-0.6823474764823914,0.8355764150619507,0.9193734526634216
1790028912467232300,6.416232177734375,-2.2673089504241943,0.7637503147125244,1.6687586307525635
1790028912477241900,6.426241943359375,-2.8347349166870117,1.525106430053711,0.3663128614425659
1790028912487282200,6.4362822265625,-2.4660277366638184,1.2114660739898682,-1.235408067703247
1790028912497322500,6.446322509765625,-1.4700398445129395,0.7996633648872375,-1.3215993642807007
1790028912507362800,6.45636279296875,-0.8762778043746948,0.6536170840263367,-0.8595184087753296
1790028912517372400,6.466372314453125,-0.5602431893348694,0.023942016065120697,-0.45250412821769714
1790028912557442000,6.506442138671875,-0.4692635238170624,-0.009576806798577309,-0.10295066982507706
1790028912577461500,6.52646142578125,-2.4013843536376953,1.0199298858642578,-1.6089035272598267
1790028912587471400,6.536471435546875,-2.782062292098999,-0.38307225704193115,-0.4381389021873474
1790028912607521500,6.556521484375,0.2561795711517334,0.0071826050989329815,0.9193734526634216
1790028912637642200,6.586642333984375,-1.6424223184585571,-0.4908113479614258,-0.6009446382522583
1790028912667732700,6.616732666015625,-1.2210428714752197,-0.7445967197418213,0.7254431247711182
1790028912677742300,6.626742431640625,-0.7876923680305481,-0.9433154463768005,0.689530074596405
1790028912687721700,6.6367216796875,-0.6440402865409851,-0.6799532771110535,0.2513911724090576
1790028912697762000,6.646761962890625,-0.9002198576927185,-0.5961562395095825,-0.17717093229293823
1790028912707802000,6.656802001953125,-1.039083480834961,-0.17477671802043915,-0.7038952708244324
1790028912717812000,6.66681201171875,-0.9313444495201111,0.20350714027881622,-1.0821791887283325
1790028912727882800,6.6768828125,-0.6847416758537292,0.047884032130241394,-0.9888052940368652
1790028912737892600,6.686892578125,-0.42377370595932007,0.8044517636299133,-0.9720458984375
1790028912747933000,6.696932861328125,-0.22026655077934265,1.4963760375976562,-1.9704279899597168
1790028912757973000,6.706972900390625,-1.4077905416488647,1.436521053314209,-3.3925838470458984
1790028912767982800,6.71698291015625,-2.999934673309326,1.656787633895874,-3.24414324760437
1790028912777992700,6.72699267578125,-3.708618402481079,0.8738836050033569,-2.0398597717285156
1790028912788002300,6.737002197265625,-2.212242364883423,1.86508309841156,-0.090979665517807
1790028912798012200,6.74701220703125,-1.256955862045288,2.494758129119873,0.014365210197865963
1790028912807991300,6.7569912109375,-1.455674648284912,1.7262194156646729,1.3646949529647827
1790028912818031600,6.767031494140625,-2.494758129119873,1.6711528301239014,1.2401964664459229
1790028912828041500,6.77704150390625,-2.626439332962036,0.9888052940368652,-0.05506663769483566
1790028912878090200,6.82709033203125,-0.9552865028381348,0.26336219906806946,0.3926490843296051
1790028912918190300,6.8671904296875,-0.35434186458587646,2.190694570541382,-0.36152446269989014
1790028912928200200,6.8772001953125,-0.5913678407669067,2.454056739807129,-0.8786720037460327
1790028912938271000,6.88727099609375,-0.8475474119186401,2.6216509342193604,-1.1899182796478271
1790028912948280800,6.89728076171875,-0.9097966551780701,2.626439332962036,-1.534683346748352
1790028912958290400,6.90729052734375,-0.6584054827690125,2.87064790725708,-1.45806884765625
1790028912968300300,6.91730029296875,-0.002394201699644327,2.6862943172454834,-0.8882488012313843
1790028912988350200,6.93735009765625,0.7374141216278076,3.7421371936798096,-1.0606313943862915
1790028912998360000,6.947360107421875,0.35673606395721436,3.6942532062530518,-1.357512354850769
1790028913028419800,6.977419921875,0.23702596127986908,2.956839084625244,-1.113303780555725
1790028913038429700,6.9874296875,-0.05027823522686958,2.4372973442077637,-0.6655880808830261
1790028913058449200,7.00744921875,-0.38307225704193115,1.6831238269805908,0.16998831927776337
1790028913068489500,7.017489501953125,0.10773907601833344,0.993593692779541,0.29209262132644653
1790028913078529800,7.02752978515625,0.7924807667732239,0.47405192255973816,-0.19871874153614044
1790028913098579700,7.047579833984375,-0.4812345504760742,0.8930372595787048,-0.9720458984375
1790028913108589600,7.057589599609375,-1.3623007535934448,1.1037269830703735,-0.8690952062606812
1790028913118630000,7.0676298828125,-1.7477672100067139,1.2856862545013428,-0.8044517636299133
1790028913128639500,7.077639404296875,-1.7932571172714233,0.8571242094039917,-0.28730419278144836
1790028913138649300,7.0876494140625,-1.0821791887283325,0.8930372595787048,0.4572925269603729
1790028913148689700,7.097689697265625,-0.2059013396501541,1.0654197931289673,0.3902548849582672
1790028913158699500,7.107699462890625,0.40940847992897034,1.139639973640442,0.05506663769483566
1790028913168709000,7.117709228515625,0.5650315880775452,1.2856862545013428,-0.6009446382522583
1790028913178719000,7.127718994140625,-0.4118026793003082,1.0414776802062988,-0.8164227604866028
1790028913208748300,7.157748291015625,-1.501164436340332,-0.06464344263076782,-1.5059528350830078
1790028913218758100,7.167758056640625,-0.5554547905921936,-0.6775590777397156,-1.158793568611145
1790028913228767700,7.177767822265625,0.545877993106842,-0.8738836050033569,-0.47644615173339844
1790028913238777600,7.187777587890625,1.256955862045288,-0.5506663918495178,0.0071826050989329815
1790028913248848400,7.197848388671875,1.678335428237915,-0.21787235140800476,0.15083470940589905
1790028913258858200,7.207858154296875,1.158793568611145,0.033518824726343155,-0.44771572947502136
1790028913268898300,7.217898193359375,-0.3447650372982025,0.07661445438861847,-0.8954314589500427
1790028913278908200,7.227908203125,-1.647210717201233,0.24899697303771973,-1.41257905960083
1790028913288948500,7.237948486328125,-1.6615760326385498,-0.2059013396501541,-1.4963760375976562
1790028913299019300,7.248019287109375,-0.22026655077934265,-0.849941611289978,-0.8140285611152649
1790028913309029000,7.258029052734375,1.3886369466781616,-0.4812345504760742,0.19393034279346466
1790028913319038700,7.268038818359375,2.1332337856292725,-0.05506663769483566,0.7134721279144287
1790028913329079000,7.2780791015625,2.075772762298584,-0.1628057211637497,0.7805097699165344
1790028913339089000,7.2880888671875,0.9840168952941895,0.2944868206977844,0.3064578175544739
1790028913349098500,7.298098388671875,-0.6607996821403503,0.49799394607543945,-0.10055647045373917
1790028913359108400,7.3081083984375,-1.6519991159439087,0.2585737705230713,-0.5027823448181152
1790028913369118200,7.3181181640625,-1.5921441316604614,-0.05027823522686958,-1.115697979927063
1790028913389198600,7.338198486328125,0.6488286852836609,-0.8140285611152649,-0.5817909836769104
1790028913399239000,7.348239013671875,1.944091796875,-0.5841852426528931,0.26815059781074524
1790028913409248800,7.358248779296875,2.516305923461914,0.3064578175544739,0.5506663918495178
1790028913419258600,7.368258544921875,1.802833914756775,1.7046716213226318,0.16759411990642548
1790028913429268200,7.378268310546875,-0.13168109953403473,2.2002713680267334,-0.9840168952941895
1790028913439278000,7.388278076171875,-1.8339585065841675,1.6304513216018677,-1.7836803197860718
1790028913459328000,7.408327880859375,-2.121262788772583,-1.1540051698684692,0.3423708379268646
1790028913469337900,7.418337890625,-0.9696516990661621,-1.678335428237915,0.5506663918495178
1790028913479347700,7.42834765625,0.10773907601833344,-1.0438719987869263,-0.023942016065120697
1790028913489357300,7.438357421875,0.5937620401382446,-0.5841852426528931,-0.8643068075180054
1790028913499428000,7.448427978515625,1.0223240852355957,0.19393034279346466,-0.5434837937355042
1790028913589638100,7.53863818359375,-0.3423708379268646,-0.36152446269989014,-0.6224924325942993
1790028913619728400,7.568728271484375,0.5315127968788147,-0.5626373887062073,1.0007762908935547
1790028913699806700,7.648806640625,1.460463047027588,0.31603461503982544,-0.20111294090747833
1790028913719856600,7.668856689453125,0.6751648783683777,-0.7541735172271729,1.4269442558288574
1790028913810158000,7.759157958984375,-0.6775590777397156,-0.6823474764823914,0.002394201699644327
1790028913820168000,7.76916796875,-0.8810662031173706,-1.3694833517074585,0.7374141216278076
1790028913890389000,7.839388916015625,0.7541735172271729,-0.5434837937355042,1.2018892765045166
1790028913960579300,7.909579345703125,0.9289502501487732,-0.4213795065879822,2.2170307636260986
1790028913980660000,7.929659912109375,0.8930372595787048,-0.21308395266532898,1.0079588890075684
1790028914040840400,7.98984033203125,-0.10055647045373917,-0.181959331035614,-0.3471592366695404
1790028914121071400,8.0700712890625,0.667982280254364,-0.35913026332855225,0.7948749661445618
1790028914161140700,8.110140625,0.5913678407669067,-0.6584054827690125,1.3311761617660522
1790028914211220200,8.16022021484375,0.21308395266532898,-0.2992752194404602,1.0342950820922852
1790028914221260500,8.170260498046876,0.2849099934101105,0.014365210197865963,0.5817909836769104
1790028914231270100,8.180270263671876,0.5434837937355042,0.05746084079146385,0.3447650372982025
1790028914251289900,8.200289794921876,0.9217676520347595,-0.9696516990661621,1.0606313943862915
1790028914261299500,8.210299560546876,0.6847416758537292,-0.6512228846549988,1.1228805780410767
1790028914271309300,8.220309326171876,0.4692635238170624,-0.4381389021873474,0.768538773059845
1790028914281319200,8.230319091796876,0.44532153010368347,-0.4884171485900879,0.646434485912323
1790028914291359200,8.240359130859375,0.10295066982507706,-0.8331822156906128,0.7038952708244324
1790028914301399600,8.250399658203126,-0.33758243918418884,-0.9576807022094727,0.8259995579719543
1790028914311409400,8.260409423828126,-0.6488286852836609,-0.8451532125473022,0.42856210470199585
1790028914321449700,8.27044970703125,-0.5626373887062073,-0.912190854549408,0.5099649429321289
1790028914331490000,8.280489990234376,-0.33279404044151306,-0.933738648891449,0.6919242739677429
1790028914341530000,8.290530029296875,-0.3902548849582672,-0.9481038451194763,0.646434485912323
1790028914351540000,8.3005400390625,-0.5027823448181152,-1.0319008827209473,0.6105214357376099
1790028914361549800,8.3105498046875,-0.689530074596405,-1.072602391242981,0.730231523513794
1790028914391609600,8.340609619140626,-0.2849099934101105,-0.21547815203666687,0.1867477297782898
1790028914441811000,8.39081103515625,0.040701430290937424,-0.05746084079146385,-0.13407529890537262
1790028914491951400,8.440951416015626,0.2825157940387726,-0.16519992053508759,0.5602431893348694
1790028914502022100,8.451022216796876,0.47884035110473633,-0.023942016065120697,0.40940847992897034
1790028914512032000,8.461031982421876,0.6823474764823914,-0.019153613597154617,0.727837324142456
1790028914522041600,8.47104150390625,0.6775590777397156,-0.3687070608139038,1.0055646896362305
1790028914532082000,8.48108203125,0.4572925269603729,-0.26575639843940735,1.0582371950149536
1790028914542091800,8.491091796875,0.3495534360408783,-0.49559974670410156,0.9097966551780701
1790028914552101600,8.5011015625,0.2944868206977844,-0.5267243981361389,0.6703764796257019
1790028914572121000,8.52112109375,-0.13407529890537262,-0.48602294921875,0.5554547905921936
1790028914582131000,8.531130859375,-0.35913026332855225,-0.33279404044151306,0.6727706789970398
1790028914612160000,8.561159912109375,-0.4596867263317108,-0.7805097699165344,0.5482721924781799
1790028914622169900,8.571169921875,-0.5410895943641663,-0.5554547905921936,0.36152446269989014
1790028914652260000,8.601260009765625,-1.4891934394836426,-0.9624691009521484,0.44771572947502136
1790028914672279800,8.62127978515625,-1.5705963373184204,-1.501164436340332,0.871489405632019
1790028914692329700,8.641329833984376,-1.6424223184585571,-1.1085153818130493,1.1468225717544556
1790028914712380000,8.6613798828125,-1.1827356815338135,-0.3711012601852417,0.42377370595932007
1790028914722359000,8.671359130859376,-0.5746083855628967,-0.4836287498474121,0.5315127968788147
1790028914732399400,8.6813994140625,-0.5482721924781799,-0.7709329724311829,1.0845733880996704
1790028914752418800,8.701418701171875,-1.4963760375976562,-1.1563993692398071,1.1899182796478271
1790028914762428700,8.7114287109375,-1.414973258972168,-1.2234370708465576,1.1971008777618408
1790028914772469000,8.721468994140626,-1.3982137441635132,-1.0319008827209473,1.0295066833496094
1790028914782509300,8.73150927734375,-1.2737152576446533,-0.8690952062606812,1.0199298858642578
1790028914792519000,8.741518798828125,-1.4101848602294922,-0.933738648891449,1.0558429956436157
1790028914802589700,8.751589599609375,-1.3215993642807007,-1.0007762908935547,0.9026140570640564
1790028914812599600,8.761599609375,-1.1755530834197998,-1.381454348564148,0.7374141216278076
1790028914822609400,8.771609375,-1.400607943534851,-1.53707754611969,0.8427590131759644
1790028914832649700,8.781649658203126,-1.7693150043487549,-1.5083470344543457,1.039083480834961
1790028914842689800,8.791689697265625,-2.0614075660705566,-1.7525556087493896,1.113303780555725
1790028914852730000,8.801730224609376,-2.097320795059204,-1.6903064250946045,0.933738648891449
1790028914882759400,8.831759521484376,-1.3000515699386597,-1.0055646896362305,1.1683704853057861
1790028914892769300,8.841769287109376,-1.173158884048462,-0.7565677165985107,1.1013327836990356
1790028914902748400,8.85174853515625,-1.2832920551300049,-0.8259995579719543,0.8690952062606812
1790028914912788700,8.861788818359376,-1.3910311460494995,-0.7398083209991455,0.6129156351089478
1790028914922829000,8.8718291015625,-1.1180921792984009,-0.47884035110473633,0.40940847992897034
1790028914932839000,8.8818388671875,-0.689530074596405,-0.6584054827690125,0.8834604024887085
1790028914942848500,8.8918486328125,-0.8331822156906128,-0.6368576288223267,1.1420341730117798
1790028914952858400,8.9018583984375,-0.9145850539207458,-0.22026655077934265,0.7206547260284424
1790028915022987800,8.97198779296875,-0.9840168952941895,-0.8667010068893433,0.3734954595565796
1790028915033028000,8.982028076171876,-1.094150185585022,-1.280897855758667,0.9983820915222168
1790028915043068400,8.992068359375,-1.235408067703247,-0.7876923680305481,0.9624691009521484
1790028915053108500,9.0021083984375,-1.0127472877502441,0.47165772318840027,-0.20350714027881622
1790028915113228300,9.062228271484376,-1.3263877630233765,0.47165772318840027,-1.01753568649292
1790028915153298000,9.1022978515625,-1.0749965906143188,-0.23702596127986908,-0.6584054827690125
1790028915163307500,9.1123076171875,-0.7565677165985107,-0.6129156351089478,-0.36152446269989014
1790028915173317400,9.1223173828125,-0.828393816947937,-0.8427590131759644,0.4692635238170624
1790028915183327200,9.1323271484375,-1.3096283674240112,-0.8547300100326538,0.2849099934101105
1790028915193336800,9.1423369140625,-1.4269442558288574,-0.47884035110473633,-1.1180921792984009
1790028915203377200,9.152377197265626,-0.9983820915222168,-0.33279404044151306,-2.1499931812286377
1790028915213387000,9.162386962890626,-0.6129156351089478,-0.2944868206977844,-1.335964560508728
1790028915223457800,9.172457763671876,-0.5291185975074768,-0.2968810200691223,-0.6560112833976746
1790028915233498000,9.182498046875,-0.5482721924781799,-0.7182605266571045,0.912190854549408
1790028915243538200,9.1925380859375,-0.43335050344467163,-0.13168109953403473,0.8595184087753296
1790028915253578500,9.20257861328125,-0.3208230137825012,0.19153612852096558,-0.37828385829925537
1790028915273628700,9.222628662109376,0.3256114423274994,-0.7230489253997803,-0.10295066982507706
1790028915293678600,9.2426787109375,0.40222588181495667,-0.272938996553421,0.35673606395721436
1790028915303688400,9.2526884765625,0.004788403399288654,0.5195417404174805,0.023942016065120697
1790028915313698300,9.2626982421875,-0.49799394607543945,0.5506663918495178,-0.17717093229293823
1790028915323708000,9.2727080078125,-1.0749965906143188,0.5530605912208557,0.10295066982507706
1790028915333717800,9.2827177734375,-1.50355863571167,0.5770025849342346,-0.9624691009521484
1790028915343727600,9.2927275390625,-1.8411411046981812,-0.11971008777618408,-1.3311761617660522
1790028915353737200,9.3027373046875,-1.3335703611373901,-0.9050082564353943,-0.10534487664699554
1790028915363777500,9.312777587890626,-0.6224924325942993,-1.1635819673538208,0.5985504388809204
1790028915373817900,9.32281787109375,-0.3663128614425659,0.2968810200691223,-0.12449848651885986
1790028915424019200,9.373019287109376,-0.7374141216278076,-1.1683704853057861,0.667982280254364
1790028915444038700,9.39303857421875,0.3256114423274994,-0.9744400978088379,1.1563993692398071
1790028915454079000,9.403078857421875,0.43095630407333374,-0.6153098344802856,-0.3902548849582672
1790028915464119300,9.413119384765626,-0.45489832758903503,0.7445967197418213,-1.7621324062347412
1790028915504219400,9.453219482421876,0.3280056416988373,0.7733271718025208,1.8579005002975464
1790028915514229200,9.463229248046876,1.4293384552001953,1.45806884765625,0.22744916379451752
1790028915584419600,9.533419677734376,-0.7086837291717529,-0.10773907601833344,-0.12449848651885986
1790028915594460000,9.5434599609375,-0.6320692300796509,-0.3998316824436188,-0.7182605266571045
1790028915604469800,9.5534697265625,-1.0079588890075684,-0.24420857429504395,-0.8140285611152649
1790028915614479400,9.563479248046875,-1.6687586307525635,0.2777273952960968,-0.7038952708244324
1790028915654549000,9.603549072265626,-0.7038952708244324,0.9026140570640564,0.3016694188117981
1790028915684670000,9.633669921875,-1.2282254695892334,1.414973258972168,0.38307225704193115
1790028915704720000,9.653719970703126,-1.1037269830703735,0.912190854549408,1.3024457693099976
1790028915714790700,9.663790771484376,-0.524330198764801,-0.019153613597154617,1.3910311460494995
1790028915734840800,9.6838408203125,-0.36152446269989014,2.6599581241607666,-2.3247697353363037
1790028915744850400,9.693850341796875,-1.2282254695892334,3.4811692237854004,-3.3925838470458984
1790028915754890800,9.703890869140626,-1.9488801956176758,3.313575267791748,-2.161964178085327
1790028915764900600,9.713900634765626,-1.3958195447921753,2.4157495498657227,0.5051765441894531
1790028915774941000,9.72394091796875,-0.24899697303771973,1.9536685943603516,1.5921441316604614
1790028915784950500,9.733950439453125,0.5746083855628967,1.7070658206939697,-0.22744916379451752
1790028915794960400,9.74396044921875,0.21547815203666687,1.1994950771331787,-1.659181833267212
1790028915805000700,9.754000732421876,-0.06464344263076782,1.3431471586227417,-1.9608511924743652
1790028915815010600,9.764010498046876,0.05506663769483566,1.235408067703247,-2.367865562438965
1790028915835060500,9.784060546875,-0.33518823981285095,0.7781155705451965,-0.7613561153411865
1790028915845100800,9.794100830078126,-0.47644615173339844,0.9911994934082031,-0.5315127968788147
1790028915865150700,9.814150634765625,0.5195417404174805,0.6033388376235962,-0.08858546614646912
1790028915875160600,9.82416064453125,0.6919242739677429,0.8523358106613159,-0.7541735172271729
1790028915885201000,9.834200927734376,0.2298433631658554,0.6631938815116882,-0.828393816947937
1790028915895210800,9.844210693359376,-0.181959331035614,0.42377370595932007,-0.730231523513794
1790028915905250800,9.854250732421875,-0.6655880808830261,0.2537853717803955,-0.6033388376235962
1790028915965431600,9.914431640625,0.15801730751991272,0.6871358752250671,-1.5729905366897583
1790028915975471900,9.924471923828126,-0.26336219906806946,0.8092401623725891,-1.2665326595306396
1790028915985481700,9.934481689453126,-0.8020575642585754,0.8355764150619507,-0.4908113479614258
1790028916015602400,9.9646025390625,-0.026336219161748886,-0.35434186458587646,-0.2968810200691223
1790028916025612300,9.9746123046875,0.3519476354122162,0.16998831927776337,-1.6663644313812256
1790028916035622100,9.9846220703125,-0.016759412363171577,0.363918662071228,-2.2864625453948975
1790028916055672000,10.004672119140626,-0.1867477297782898,1.2066776752471924,-0.3878606855869293
1790028916095802600,10.044802734375,0.20350714027881622,-0.8786720037460327,-0.26096799969673157
1790028916105843000,10.054843017578126,1.0271124839782715,-0.7709329724311829,-0.9026140570640564
1790028916115852800,10.064852783203126,1.4676456451416016,0.21787235140800476,-1.5203180313110352
1790028916125893000,10.07489306640625,0.5770025849342346,1.3551181554794312,-1.8626888990402222
1790028916135902700,10.08490283203125,-0.6823474764823914,1.3982137441635132,-0.7445967197418213
1790028916145912600,10.09491259765625,-1.4293384552001953,0.6799532771110535,0.026336219161748886
1790028916206032100,10.1550322265625,0.14844051003456116,0.7422025203704834,-0.2082955539226532
1790028916216042000,10.1650419921875,0.2944868206977844,-0.272938996553421,1.400607943534851
1790028916226051800,10.1750517578125,0.5410895943641663,-0.5817909836769104,1.4724340438842773
1790028916236092000,10.185091796875,0.4884171485900879,-0.8331822156906128,0.08858546614646912
1790028916246101800,10.195101806640626,-0.3447650372982025,-0.7924807667732239,-0.790086567401886
1790028916256172500,10.205172607421876,-1.3048399686813354,-0.5961562395095825,-0.9911994934082031
1790028916266182400,10.215182373046876,-1.6160861253738403,-0.6703764796257019,-0.21308395266532898
1790028916276192000,10.22519189453125,-1.1563993692398071,-0.6775590777397156,-0.2513911724090576
1790028916286232300,10.235232421875,-0.2944868206977844,-0.7493851184844971,0.1628057211637497
1790028916296242200,10.2452421875,0.33279404044151306,-0.35434186458587646,0.24899697303771973
1790028916306282500,10.255282470703126,0.49320554733276367,-0.3471592366695404,-0.05506663769483566
1790028916336403200,10.2854033203125,0.07182604819536209,-1.0438719987869263,0.42856210470199585
1790028916346413000,10.2954130859375,0.31124621629714966,-0.9816226959228516,0.49320554733276367
1790028916356423000,10.3054228515625,0.5841852426528931,-0.5602431893348694,0.2346317619085312
1790028916366463000,10.315462890625,0.9672574996948242,0.023942016065120697,0.26575639843940735
1790028916376472800,10.325472900390626,0.6823474764823914,0.2944868206977844,0.33279404044151306
1790028916386482700,10.335482666015626,0.11252748221158981,0.043095629662275314,0.5363011956214905
1790028916406502100,10.355502197265626,-0.35434186458587646,0.08858546614646912,-0.9097966551780701
1790028916486672000,10.435671875,-0.021547814831137657,0.10295066982507706,-0.5434837937355042
1790028916566841600,10.515841552734376,0.5315127968788147,-1.0007762908935547,0.44532153010368347
1790028916586922000,10.535921875,0.35434186458587646,0.16998831927776337,0.05746084079146385
1790028916596992800,10.54599267578125,0.40462008118629456,0.36152446269989014,-0.004788403399288654
1790028916616982000,10.56598193359375,0.4141969084739685,-0.5123591423034668,0.7996633648872375
1790028916637032000,10.586031982421876,0.2968810200691223,-0.9193734526634216,0.6368576288223267
1790028916647072300,10.596072265625,0.18914192914962769,-0.3232172429561615,-0.1149216815829277
1790028916657051400,10.606051513671876,0.05985504388809204,-0.6129156351089478,0.30885201692581177
1790028916667091700,10.616091796875,0.043095629662275314,-0.507570743560791,0.5889736413955688
1790028916717171200,10.666171142578126,0.38546648621559143,-0.5722141861915588,1.0869675874710083
1790028916747292000,10.6962919921875,0.8259995579719543,0.8954314589500427,-0.4405331015586853
1790028916757301800,10.7063017578125,0.6416460275650024,0.0454898327589035,0.13407529890537262
1790028916767311400,10.716311279296875,0.13168109953403473,-0.6775590777397156,1.1180921792984009
1790028916787361500,10.736361572265626,0.2059013396501541,-0.5722141861915588,0.12449848651885986
1790028916867592200,10.81659228515625,1.1204863786697388,0.3208230137825012,-0.2753331959247589
1790028916877602000,10.82660205078125,0.8810662031173706,0.13407529890537262,-0.49320554733276367
1790028916887612000,10.83661181640625,0.5123591423034668,0.033518824726343155,-0.3280056416988373
1790028916897621500,10.84662158203125,-0.035913024097681046,-0.45250412821769714,0.1173158809542656
1790028916907692300,10.8566923828125,-0.3447650372982025,-0.6105214357376099,0.1604115068912506
1790028916917732600,10.866732666015626,-0.11971008777618408,-0.7398083209991455,-0.0454898327589035
1790028916927742500,10.876742431640626,0.5123591423034668,-0.6703764796257019,0.17477671802043915
1790028916937813200,10.886813232421876,0.7805097699165344,-0.6967126727104187,0.5554547905921936
1790028916987923000,10.9369228515625,0.31364041566848755,0.019153613597154617,1.6089035272598267
1790028916997963300,10.94696337890625,0.38067805767059326,-0.5793967843055725,1.4245500564575195
1790028917007973000,10.95697314453125,0.14365209639072418,-0.8307880163192749,1.1180921792984009
1790028917017983000,10.96698291015625,-0.035913024097681046,-0.545877993106842,0.706289529800415
1790028917038002400,10.98700244140625,-0.10773907601833344,-0.29209262132644653,0.9911994934082031
1790028917048012300,10.99701220703125,-0.15801730751991272,-0.3998316824436188,1.0606313943862915
1790028917058052400,11.00705224609375,-0.10534487664699554,-0.3232172429561615,0.9313444495201111
1790028917088112400,11.0371123046875,0.37828385829925537,-0.23942017555236816,0.47165772318840027
1790028917168343000,11.117343017578126,-0.3016694188117981,-0.524330198764801,1.048660397529602
1790028917208382000,11.1573818359375,-0.05985504388809204,-0.6847416758537292,1.213860273361206
1790028917218391800,11.167391845703126,0.12210428714752197,-0.5027823448181152,1.2090718746185303
1790028917228432100,11.17743212890625,0.2106897532939911,-0.7158663272857666,1.292868971824646
1790028917238441700,11.187441650390625,0.1843535304069519,-0.7637503147125244,1.1540051698684692
1790028917258492000,11.207491943359376,0.6799532771110535,-0.35673606395721436,0.5937620401382446
1790028917268501800,11.217501708984376,0.6560112833976746,0.16998831927776337,0.569819986820221
1790028917278511400,11.227511474609376,0.5841852426528931,0.38546648621559143,0.2849099934101105
1790028917288551700,11.2375517578125,0.5147533416748047,0.24660277366638184,0.3016694188117981
1790028917298592000,11.247592041015626,0.4692635238170624,-0.33279404044151306,0.7182605266571045
1790028917308601900,11.257601806640626,0.5099649429321289,-0.6392518281936646,0.7206547260284424
1790028917318672600,11.267672607421876,0.49559974670410156,-0.6631938815116882,0.3878606855869293
1790028917328682200,11.27768212890625,0.4620809257030487,-0.8379706144332886,0.23942017555236816
1790028917358711600,11.307711669921876,-0.05027823522686958,-0.4812345504760742,0.3902548849582672
1790028917388771300,11.337771240234375,-0.24899697303771973,0.07900865375995636,0.2322375625371933
1790028917398811600,11.347811767578126,-0.22026655077934265,-0.4596867263317108,0.4165911078453064
1790028917428902100,11.377902099609376,-0.4836287498474121,-0.8092401623725891,0.6344634294509888
1790028917479103500,11.428103515625,-0.3902548849582672,-0.3232172429561615,0.6991068720817566
1790028917489113300,11.43811328125,-0.4692635238170624,-0.47644615173339844,0.5817909836769104
1790028917499123000,11.448123046875,-0.5602431893348694,-0.3926490843296051,0.38067805767059326
1790028917509132800,11.4581328125,-0.5099649429321289,-0.304063618183136,0.0933738648891449
1790028917519142700,11.468142578125,-0.2346317619085312,-0.395043283700943,0.22505496442317963
1790028917529182700,11.4781826171875,-0.304063618183136,-0.6105214357376099,0.5291185975074768
1790028917539223000,11.48822314453125,-0.45489832758903503,-0.7254431247711182,0.7086837291717529
1790028917549263400,11.498263427734376,-0.5315127968788147,-0.5171475410461426,0.5123591423034668
1790028917559273200,11.508273193359376,-0.6967126727104187,-0.11971008777618408,0.8690952062606812
1790028917569282800,11.51828271484375,-0.9696516990661621,-0.19393034279346466,0.9696516990661621
1790028917579353600,11.528353515625,-1.6519991159439087,-1.2856862545013428,0.9864110946655273
1790028917599403800,11.54840380859375,-1.946485996246338,-1.8076223134994507,0.6320692300796509
1790028917629463600,11.578463623046876,-0.9911994934082031,-1.5634137392044067,1.522712230682373
1790028917639473400,11.588473388671876,-0.9696516990661621,-1.5921441316604614,1.1683704853057861
1790028917649483000,11.59848291015625,-0.8068459630012512,-0.727837324142456,1.4437036514282227
1790028917659523300,11.6085234375,-0.9313444495201111,-0.7158663272857666,0.730231523513794
1790028917669563600,11.618563720703126,-0.7996633648872375,-0.5913678407669067,0.36152446269989014
1790028917689583000,11.6385830078125,-1.0534487962722778,-0.5626373887062073,0.5578489899635315
1790028917699593000,11.648593017578126,-1.05105459690094,-0.6871358752250671,1.1420341730117798
1790028917709602800,11.658602783203126,-0.9720458984375,-1.0869675874710083,1.7262194156646729
1790028917719612400,11.6686123046875,-0.9050082564353943,-1.2210428714752197,2.013523578643799
1790028917749703000,11.698702880859376,-1.9608511924743652,-1.41257905960083,1.8411411046981812
1790028917759712500,11.70871240234375,-1.9800047874450684,-1.5107412338256836,2.1308395862579346
1790028917769722400,11.718722412109376,-1.9393033981323242,-1.7334020137786865,2.6168625354766846
1790028917779793200,11.728793212890626,-2.6623523235321045,-2.27209734916687,2.47560453414917
1790028917789803000,11.738802978515626,-3.2154128551483154,-2.0638017654418945,1.7094600200653076
1790028917799812600,11.7488125,-3.24414324760437,-1.4628572463989258,0.4572925269603729
1790028917809853000,11.75885302734375,-2.4181437492370605,-0.9193734526634216,-0.3687070608139038
1790028917819893200,11.768893310546876,-1.6136919260025024,-1.0007762908935547,0.05506663769483566
1790028917829903000,11.778903076171876,-1.8746598958969116,-2.0374655723571777,0.9959878921508789
1790028917890083600,11.83908349609375,-0.7110779285430908,-0.5219359993934631,-0.3208230137825012
1790028917910164200,11.859164306640626,-1.5179238319396973,-0.706289529800415,-0.8762778043746948
1790028917920204500,11.86920458984375,-1.113303780555725,-0.6584054827690125,-0.3663128614425659
1790028917930244900,11.879244873046876,-0.2777273952960968,-0.6248866319656372,0.38067805767059326
1790028917940254700,11.889254638671876,0.11013327538967133,-1.259350061416626,1.764526605606079
1790028917950264300,11.899264404296876,-0.10295066982507706,-1.4724340438842773,1.9393033981323242
1790028917960304600,11.9093046875,-0.047884032130241394,-0.3232172429561615,-0.1843535304069519
1790028917970314500,11.919314453125,0.4836287498474121,0.9792284965515137,-1.5394717454910278
1790028917980324000,11.929323974609375,0.15562310814857483,0.2561795711517334,-0.9002198576927185
1790028918010384000,11.9593837890625,-1.6065093278884888,-0.08140286058187485,0.5937620401382446
1790028918020424200,11.969424072265625,-0.9624691009521484,-0.45250412821769714,1.335964560508728
1790028918030464500,11.979464599609376,-0.3423708379268646,0.14844051003456116,0.3663128614425659
1790028918040474400,11.989474365234376,-0.24181437492370605,-0.1388636976480484,-0.5722141861915588
1790028918050484000,11.99948388671875,-0.5889736413955688,-1.6687586307525635,0.38067805767059326
1790028918060524300,12.009524169921875,-1.0869675874710083,-2.0853497982025146,1.659181833267212
1790028918070534100,12.0195341796875,-1.623268723487854,-0.7469909191131592,0.730231523513794
1790028918080544000,12.0295439453125,-1.6136919260025024,0.5746083855628967,-1.213860273361206
1790028918090553600,12.0395537109375,-1.0606313943862915,0.33039984107017517,-0.6440402865409851
1790028918110634200,12.05963427734375,-0.36152446269989014,0.5410895943641663,1.2090718746185303
1790028918120644000,12.06964404296875,-0.7613561153411865,0.4692635238170624,1.2473790645599365
1790028918130684200,12.07968408203125,-0.9241618514060974,-0.06464344263076782,-0.7350199222564697
1790028918140694000,12.089694091796876,-0.6703764796257019,-0.06703764945268631,-2.738966703414917
1790028918150703900,12.099703857421876,-1.0223240852355957,-0.2585737705230713,-2.7126305103302
1790028918170723300,12.119723388671876,-1.9057846069335938,-0.05027823522686958,1.7381904125213623
1790028918180733200,12.129733154296876,-2.0805611610412598,0.7158663272857666,1.1252747774124146
1790028918200813600,12.1498134765625,-1.8124107122421265,1.2186486721038818,-2.2433669567108154
1790028918210823400,12.159823486328126,-1.742978811264038,-0.8619126081466675,-1.2401964664459229
1790028918220833300,12.169833251953126,-0.6272808313369751,-2.1068975925445557,0.5793967843055725
1790028918240883200,12.18988330078125,-0.6631938815116882,-0.6775590777397156,-0.849941611289978
1790028918250893000,12.19989306640625,-2.011129379272461,0.28730419278144836,-2.0254945755004883
1790028918270943000,12.21994287109375,-2.8993782997131348,1.1875240802764893,-1.113303780555725
1790028918281013800,12.230013671875,-1.7980455160140991,0.3280056416988373,1.0893617868423462
1790028918291023600,12.240023681640626,0.10295066982507706,-0.524330198764801,0.6320692300796509
1790028918301064000,12.25006396484375,-0.009576806798577309,-0.019153613597154617,-1.525106430053711
1790028918311073800,12.26007373046875,-1.8579005002975464,0.7781155705451965,-2.229001760482788
1790028918321113900,12.27011376953125,-2.2601263523101807,0.5386953949928284,-2.3989901542663574
1790028918331154200,12.280154296875,-1.3838485479354858,0.08858546614646912,-1.2497732639312744
1790028918351174000,12.300173828125,0.20350714027881622,1.0654197931289673,-0.5650315880775452
1790028918361183500,12.31018359375,-0.5817909836769104,1.9704279899597168,-1.2114660739898682
1790028918371193300,12.320193359375,-1.8363527059555054,1.721431016921997,-1.625662922859192
1790028918381203200,12.330203125,-1.9033904075622559,1.0893617868423462,-1.3311761617660522
1790028918401253000,12.350253173828126,-0.13407529890537262,0.2082955539226532,-0.8140285611152649
1790028918421272600,12.3702724609375,-1.5490485429763794,1.9584569931030273,-1.3048399686813354
1790028918431282400,12.380282470703126,-1.9608511924743652,1.9369091987609863,-0.6440402865409851
1790028918441353200,12.390353271484376,-1.3431471586227417,1.9991583824157715,-0.2944868206977844
1790028918471443500,12.420443359375,-1.0055646896362305,0.790086567401886,-0.2944868206977844
1790028918481453300,12.430453369140626,-1.01753568649292,0.5267243981361389,-0.4572925269603729
1790028918501503500,12.45050341796875,-1.3623007535934448,0.8523358106613159,0.28730419278144836
1790028918511482600,12.460482666015626,-1.8579005002975464,1.0582371950149536,0.7182605266571045
1790028918531563300,12.480563232421876,-1.2330138683319092,1.0654197931289673,1.335964560508728
1790028918551613200,12.50061328125,0.07422025501728058,0.8643068075180054,-1.0749965906143188
1790028918571633000,12.5206328125,-0.9959878921508789,1.800439715385437,-1.5753847360610962
1790028918581703700,12.53070361328125,-0.5530605912208557,1.558625340461731,-0.7445967197418213
1790028918591713300,12.54071337890625,-0.05746084079146385,1.7286136150360107,0.24660277366638184
1790028918601784000,12.5507841796875,0.6224924325942993,1.9297266006469727,0.22744916379451752
1790028918631813400,12.5808134765625,-0.1173158809542656,2.3295583724975586,-1.4484920501708984
1790028918641853700,12.590853759765626,-0.2561795711517334,1.6974890232086182,-0.689530074596405
1790028918651863600,12.600863525390626,-0.009576806798577309,0.933738648891449,-0.05746084079146385
1790028918661934300,12.610934326171876,0.10055647045373917,0.6847416758537292,0.016759412363171577
1790028918671913500,12.62091357421875,0.1412578970193863,0.38067805767059326,-0.07182604819536209
1790028918681953800,12.630953857421876,0.1628057211637497,0.6560112833976746,-0.49559974670410156
1790028918691963600,12.640963623046876,0.1149216815829277,0.6248866319656372,-0.8451532125473022
1790028918701973200,12.65097314453125,-0.1867477297782898,0.47884035110473633,-0.9145850539207458
1790028918712013600,12.661013671875,-0.5937620401382446,0.646434485912323,-0.811634361743927
1790028918722054000,12.671053955078126,-0.8140285611152649,0.6272808313369751,-0.21547815203666687
1790028918782173400,12.73117333984375,-1.0438719987869263,1.9153614044189453,-2.5234885215759277
1790028918792213800,12.7412138671875,-1.721431016921997,1.8339585065841675,-2.140416383743286
1790028918812294400,12.76129443359375,-0.7398083209991455,0.9457096457481384,0.06703764945268631
1790028918842354200,12.791354248046876,0.8307880163192749,-0.272938996553421,-0.6153098344802856
1790028918862404400,12.811404296875,-0.15083470940589905,-0.29209262132644653,-2.121262788772583
1790028918902504400,12.85150439453125,-0.45250412821769714,0.17956513166427612,0.043095629662275314
1790028918972664300,12.921664306640626,-1.8507179021835327,-0.2537853717803955,-1.0055646896362305
1790028918982674000,12.931673828125,-1.0678139925003052,-1.2856862545013428,0.5722141861915588
1790028919032723000,12.981722900390626,-0.38067805767059326,0.33039984107017517,-2.097320795059204
1790028919042732500,12.991732666015626,-0.011971008032560349,0.05027823522686958,-1.036689281463623
1790028919052742400,13.001742431640626,0.608127236366272,-0.016759412363171577,-0.5937620401382446
1790028919072761900,13.021761962890626,0.5339069962501526,0.22266076505184174,0.5578489899635315
1790028919092781600,13.041781494140626,0.6033388376235962,-0.2513911724090576,0.28730419278144836
1790028919102791200,13.051791259765626,0.8164227604866028,0.26096799969673157,-0.2513911724090576
1790028919112801000,13.061801025390626,0.706289529800415,0.790086567401886,-1.2186486721038818
1790028919162911000,13.111910888671876,0.6655880808830261,-0.6560112833976746,0.7469909191131592
1790028919172951000,13.121950927734375,0.6775590777397156,-0.10295066982507706,-0.2825157940387726
1790028919182930400,13.131930419921876,0.5506663918495178,0.5099649429321289,-1.5969325304031372
1790028919213051100,13.162051025390625,-0.49320554733276367,0.08619125932455063,-0.38067805767059326
1790028919223091500,13.172091552734376,-0.8044517636299133,0.26096799969673157,0.22744916379451752
1790028919233131800,13.1821318359375,-0.6847416758537292,-0.49799394607543945,0.5267243981361389
1790028919243141600,13.1921416015625,-0.09576806426048279,-1.0247182846069336,1.0462661981582642
1790028919253151200,13.202151123046875,0.7733271718025208,-0.8667010068893433,1.5131354331970215
1790028919263191600,13.212191650390626,1.2952631711959839,-0.26575639843940735,0.608127236366272
1790028919273201400,13.222201416015626,1.2306196689605713,-0.15322890877723694,0.021547814831137657
1790028919293220900,13.242220947265626,-0.09816227108240128,-0.47884035110473633,0.7613561153411865
1790028919323280600,13.27228076171875,-0.6703764796257019,-1.3000515699386597,0.8188169598579407
1790028919333290500,13.28229052734375,-0.15322890877723694,-1.2761094570159912,1.0223240852355957
1790028919343330800,13.292330810546876,0.16519992053508759,-0.689530074596405,0.5410895943641663
1790028919353371100,13.30237109375,0.3256114423274994,-0.24420857429504395,0.002394201699644327
1790028919363442000,13.31244189453125,0.272938996553421,0.023942016065120697,-0.8259995579719543
1790028919373451500,13.322451416015625,0.2513911724090576,-0.26096799969673157,-0.569819986820221
1790028919383461400,13.33246142578125,0.0933738648891449,-0.8020575642585754,0.6488286852836609
1790028919393471200,13.34247119140625,-0.040701430290937424,-1.0606313943862915,1.0989385843276978
1790028919403542000,13.3525419921875,0,-1.0965443849563599,1.381454348564148
1790028919413551600,13.362551513671875,0.18914192914962769,-0.3232172429561615,0.26336219906806946
1790028919423561500,13.3725615234375,0.4668693244457245,-0.2849099934101105,-0.7110779285430908
1790028919453651700,13.402651611328125,-0.016759412363171577,-0.7972691655158997,1.290474772453308
1790028919463661600,13.41266162109375,0.15801730751991272,-0.2849099934101105,1.194706678390503
1790028919493721300,13.442721435546876,0.9145850539207458,-0.8786720037460327,1.3192051649093628
1790028919513832400,13.46283251953125,-0.45489832758903503,-0.5650315880775452,0.6272808313369751
1790028919523842300,13.47284228515625,-0.3208230137825012,-0.3663128614425659,0.22026655077934265
1790028919563912000,13.512911865234376,0.40940847992897034,-0.40940847992897034,0.05267243832349777
1790028919573952000,13.522951904296875,0.49559974670410156,-0.47165772318840027,-0.17238251864910126
1790028919593971700,13.5429716796875,0.28730419278144836,-0.7182605266571045,0.5123591423034668
1790028919604042500,13.55304248046875,0.07900865375995636,-0.26815059781074524,0.8164227604866028
1790028919624123000,13.573122802734375,-0.011971008032560349,-0.002394201699644327,0.7398083209991455
1790028919664253700,13.613253662109376,-0.07661445438861847,-0.7781155705451965,0.6344634294509888
1790028919674263300,13.62326318359375,-0.10055647045373917,-0.7206547260284424,0.8236053586006165
1790028919694313500,13.6433134765625,-0.38307225704193115,-1.137245774269104,1.0271124839782715
1790028919704323300,13.6533232421875,-0.524330198764801,-1.400607943534851,1.1683704853057861
1790028919714363400,13.66336328125,-0.9193734526634216,-1.6424223184585571,1.3024457693099976
1790028919724373200,13.673373291015626,-1.0319008827209473,-1.5610195398330688,1.2617442607879639
1790028919734383000,13.683383056640626,-0.569819986820221,-1.290474772453308,1.048660397529602
1790028919744392700,13.693392822265626,-0.019153613597154617,-0.730231523513794,0.8667010068893433
1790028919754402600,13.703402587890626,0.1604115068912506,-1.0606313943862915,1.0845733880996704
1790028919764412400,13.713412353515626,-0.21787235140800476,-0.9193734526634216,1.1204863786697388
1790028919774452500,13.723452392578125,-0.4213795065879822,-0.8619126081466675,1.0199298858642578
1790028919784462300,13.73346240234375,-0.33758243918418884,-0.5578489899635315,0.5889736413955688
1790028919804512500,13.753512451171876,0.11013327538967133,-0.5889736413955688,0.646434485912323
1790028919814522000,13.763522216796876,0.1412578970193863,-0.49799394607543945,0.5602431893348694
1790028919824532000,13.773531982421876,0.08379705995321274,-0.43095630407333374,0.6392518281936646
1790028919834572300,13.783572265625,-0.1173158809542656,-0.3280056416988373,0.5913678407669067
1790028919844612600,13.793612548828126,-0.038307227194309235,-0.2082955539226532,0.5147533416748047
1790028919854622200,13.803622314453126,0.1388636976480484,-0.2968810200691223,0.5027823448181152
1790028919864632000,13.813632080078126,0.12689268589019775,-0.2992752194404602,0.6536170840263367
1790028919874672400,13.82367236328125,-0.035913024097681046,-0.33039984107017517,1.0199298858642578
1790028919924843300,13.87384326171875,0.15083470940589905,-0.24181437492370605,0.31364041566848755
1790028919934883600,13.883883544921876,0.043095629662275314,-0.12689268589019775,0.35913026332855225
1790028919984962800,13.933962890625,0,-0.4429273009300232,0.2777273952960968
1790028920065102000,14.01410205078125,0.7589619159698486,0.10534487664699554,0.272938996553421
1790028920145393700,14.0943935546875,-0.35913026332855225,-0.6823474764823914,0.7182605266571045
1790028920215492600,14.16449267578125,-1.5705963373184204,-1.5298948287963867,0.9289502501487732
1790028920295632000,14.2446318359375,-2.0661959648132324,-1.2114660739898682,1.6280571222305298
1790028920365852700,14.314852783203126,-1.8794482946395874,-1.764526605606079,1.0773907899856567
1790028920425941800,14.374941650390625,-1.0055646896362305,-1.192312479019165,1.6089035272598267
1790028920496162800,14.445162841796876,-0.9888052940368652,-0.7852981686592102,0.27054479718208313
1790028920506203100,14.455203125,-1.0199298858642578,-0.9050082564353943,0.2059013396501541
1790028920516212700,14.465212646484375,-1.3335703611373901,-0.8020575642585754,0.21547815203666687
1790028920556252000,14.505251953125,-1.556231141090393,0.5291185975074768,0.4429273009300232
1790028920586250800,14.535250732421876,-0.5841852426528931,-1.192312479019165,0.33518823981285095
1790028920606270200,14.555270263671876,-1.3239935636520386,-0.49320554733276367,-0.47405192255973816
1790028920616310500,14.565310546875,-0.8259995579719543,0.304063618183136,-1.3958195447921753
1790028920676430000,14.62543017578125,-0.8882488012313843,-1.0342950820922852,-0.646434485912323
1790028920756752400,14.70575244140625,-0.4644751250743866,-0.9265560507774353,-1.3623007535934448
1790028920766762200,14.71576220703125,-0.4908113479614258,-1.6903064250946045,-0.7086837291717529
1790028920776802600,14.725802490234376,-0.5482721924781799,-1.213860273361206,-0.35913026332855225
1790028920786842600,14.735842529296875,-0.6919242739677429,-0.24181437492370605,-0.586579442024231
1790028920806862300,14.7558623046875,-0.8140285611152649,0.13407529890537262,-0.08858546614646912
1790028920826942700,14.775942626953125,-0.7493851184844971,0.5267243981361389,-1.2018892765045166
1790028920837013500,14.786013427734375,-0.8379706144332886,-0.30885201692581177,-1.3096283674240112
1790028920846993000,14.795992919921876,-0.6224924325942993,-0.689530074596405,-0.6847416758537292
1790028920857033200,14.806033203125,-0.4836287498474121,-0.9840168952941895,-0.3902548849582672
1790028920867042800,14.816042724609375,-0.38307225704193115,0.7182605266571045,-0.47644615173339844
1790028920887062500,14.8360625,-1.1803414821624756,1.3623007535934448,-1.170764684677124
1790028920917214000,14.8662138671875,0.06224924325942993,-0.10055647045373917,0.4189853072166443
1790028920927223600,14.8762236328125,0.07422025501728058,0.4189853072166443,-0.05985504388809204
1790028920937263900,14.886263916015626,-0.5315127968788147,0.026336219161748886,-0.6224924325942993
1790028920977364000,14.926364013671876,-0.10773907601833344,0.7876923680305481,0.040701430290937424
1790028920987404300,14.936404296875,-0.2298433631658554,0.14365209639072418,0.10295066982507706
1790028921067604500,15.0166044921875,-1.161187767982483,0.4405331015586853,0.17238251864910126
1790028921077614300,15.0266142578125,-0.6009446382522583,-0.7709329724311829,0.22744916379451752
1790028921087654400,15.036654296875,0.09576806426048279,0.12928688526153564,0.4429273009300232
1790028921097664300,15.046664306640626,-0.6392518281936646,0.3064578175544739,-0.7805097699165344
1790028921117745000,15.066744873046876,-1.2210428714752197,0.028730420395731926,0.09816227108240128
1790028921127754500,15.07675439453125,-0.706289529800415,0.9959878921508789,-0.524330198764801
1790028921157845000,15.106844970703126,-1.802833914756775,0.05027823522686958,0.15322890877723694
1790028921167885300,15.11688525390625,-1.0821791887283325,0.17477671802043915,0.9816226959228516
1790028921177925400,15.12692529296875,-0.37828385829925537,0.26336219906806946,0.6129156351089478
1790028921187935200,15.136935302734376,-0.6368576288223267,0.26336219906806946,1.1851298809051514
1790028921197975600,15.1469755859375,-1.1252747774124146,0.09576806426048279,1.2018892765045166
1790028921207985400,15.1569853515625,-1.460463047027588,-0.40940847992897034,0.9145850539207458
1790028921217995000,15.1669951171875,-1.5705963373184204,0.3016694188117981,0.44771572947502136
1790028921238075600,15.18707568359375,-0.7972691655158997,0.3447650372982025,0.5770025849342346
1790028921248085500,15.19708544921875,-0.8834604024887085,1.0773907899856567,0.016759412363171577
1790028921258156300,15.20715625,-1.1204863786697388,0.7182605266571045,0.6967126727104187
1790028921278206200,15.227206298828126,-1.1492167711257935,0.689530074596405,1.2617442607879639
1790028921288216000,15.237216064453126,-0.6655880808830261,1.680729627609253,-0.004788403399288654
1790028921298256400,15.24725634765625,-0.9265560507774353,1.8124107122421265,-1.946485996246338
1790028921308296700,15.257296630859376,-1.2258312702178955,1.9752163887023926,-2.564189910888672
1790028921328346600,15.2773466796875,-0.629675030708313,1.601720929145813,-0.5386953949928284
1790028921358467600,15.307467529296876,0.7015010714530945,1.8411411046981812,-1.0534487962722778
1790028921378517500,15.327517578125,-0.31603461503982544,1.2856862545013428,-1.556231141090393
1790028921388557800,15.337557861328126,-0.11252748221158981,0.9816226959228516,-1.2018892765045166
1790028921398628600,15.347628662109376,-0.26815059781074524,0.5363011956214905,-0.5051765441894531
1790028921408699400,15.357699462890626,-0.35913026332855225,0.2944868206977844,0.23702596127986908
1790028921418739700,15.36773974609375,-0.038307227194309235,0.12689268589019775,0.6823474764823914
1790028921428749600,15.37774951171875,0.4213795065879822,0.363918662071228,-0.0933738648891449
1790028921438759200,15.38775927734375,0.18914192914962769,0.6129156351089478,-1.036689281463623
1790028921468849700,15.417849609375,-1.1779472827911377,0.646434485912323,-0.8762778043746948
1790028921478920400,15.42792041015625,-1.2976573705673218,0.4884171485900879,-0.4357447028160095
1790028921488991200,15.4379912109375,-1.173158884048462,-0.14844051003456116,0.090979665517807
1790028921499000800,15.448000732421875,-0.28730419278144836,-0.5770025849342346,1.0678139925003052
1790028921509010700,15.4580107421875,1.0582371950149536,-0.23702596127986908,0.6775590777397156
1790028921529091300,15.47809130859375,0.2801215946674347,0.5051765441894531,-1.290474772453308
1790028921539101000,15.488100830078125,-0.730231523513794,0.7613561153411865,-1.335964560508728
1790028921549110800,15.49811083984375,-1.2545616626739502,0.4620809257030487,-0.9744400978088379
1790028921619240200,15.568240234375,0.20350714027881622,1.3215993642807007,-1.5298948287963867
1790028921629311000,15.57831103515625,-0.7110779285430908,0.7972691655158997,-1.6089035272598267
1790028921649361200,15.598361083984376,-0.6057330369949341,-0.8403648138046265,-0.07900865375995636
1790028921669411000,15.6184111328125,0.009576806798577309,-1.192312479019165,0.19393034279346466
1790028921699501300,15.648501220703125,-1.3000515699386597,1.525106430053711,-2.0254945755004883
1790028921769692000,15.71869189453125,0.5027823448181152,-0.021547814831137657,-0.7182605266571045
1790028921779732200,15.728732177734376,-0.3495534360408783,0.4213795065879822,-0.8810662031173706
1790028921789772500,15.7387724609375,-1.1803414821624756,0.9050082564353943,-1.0989385843276978
1790028921839882200,15.78888232421875,0.48602294921875,0.22505496442317963,-0.5841852426528931
1790028921889961700,15.838961669921876,-0.7733271718025208,-0.05506663769483566,0.05746084079146385
1790028921899971300,15.848971435546876,-0.5482721924781799,0.17238251864910126,-0.4429273009300232
1790028921910011600,15.85901171875,-0.31124621629714966,-0.0933738648891449,-0.9145850539207458
1790028921930061800,15.879061767578126,-0.026336219161748886,0.040701430290937424,-0.0454898327589035
1790028921940102000,15.889101806640625,-0.33758243918418884,0.24420857429504395,-0.11252748221158981
1790028921950111700,15.89911181640625,-0.5267243981361389,0.3878606855869293,-0.7374141216278076
1790028921960152000,15.909152099609376,-0.5386953949928284,0.47884035110473633,-0.3687070608139038
1790028921990242300,15.9392421875,0.21787235140800476,-0.1173158809542656,0.009576806798577309
1790028922000282600,15.94928271484375,0.16998831927776337,0.19153612852096558,-0.7733271718025208
1790028922010323000,15.959322998046876,0.043095629662275314,-0.07661445438861847,-0.9097966551780701
1790028922020363300,15.96936328125,-0.2298433631658554,-0.3878606855869293,-0.2059013396501541
1790028922050453500,15.99945361328125,0.14604631066322327,-0.5578489899635315,1.2832920551300049
1790028922060463400,16.00946337890625,0,-0.3495534360408783,0.727837324142456
1790028922070473200,16.01947314453125,-0.10055647045373917,-0.4572925269603729,0.17956513166427612
1790028922080482800,16.02948291015625,-0.5530605912208557,-0.8786720037460327,0.19871874153614044
1790028922120552400,16.069552490234376,-0.5363011956214905,-0.7757213711738586,0.3663128614425659
1790028922140572000,16.089572021484376,0.0454898327589035,0.2777273952960968,-0.36152446269989014
1790028922150642700,16.099642578125,0.3447650372982025,0.1364694982767105,-0.7134721279144287
1790028922160652500,16.109652587890626,0.45489832758903503,-0.47884035110473633,-0.4429273009300232
1790028922170662400,16.119662353515626,0.5195417404174805,-0.40222588181495667,0.1604115068912506
1790028922180672000,16.129672119140626,0.35434186458587646,-1.0319008827209473,1.1827356815338135
1790028922190681900,16.139681884765626,0.5147533416748047,-0.6871358752250671,1.3527239561080933
1790028922200691700,16.149691650390626,0.7445967197418213,0.2513911724090576,-0.0454898327589035
1790028922210701300,16.159701416015626,1.0965443849563599,0.28730419278144836,0.019153613597154617
1790028922220711200,16.169711181640626,1.5298948287963867,-0.26336219906806946,1.235408067703247
1790028922230751500,16.17975146484375,1.216254472732544,-1.1037269830703735,2.0422539710998535
1790028922280830700,16.229830810546876,-0.3687070608139038,-0.7565677165985107,0.28969839215278625
1790028922290901500,16.239901611328126,-0.507570743560791,-0.7326257228851318,0.6224924325942993
1790028922300911400,16.249911376953126,-0.2298433631658554,-0.7709329724311829,0.9097966551780701
1790028922310921200,16.259921142578126,0.26336219906806946,-0.811634361743927,1.0773907899856567
1790028922320930800,16.269930908203126,0.3519476354122162,-0.7852981686592102,1.5610195398330688
1790028922340981000,16.28998095703125,0.3208230137825012,0.047884032130241394,0.6320692300796509
1790028922350990600,16.299990478515625,0.5171475410461426,-0.2106897532939911,0.6177040338516235
1790028922360970000,16.309969970703126,0.3902548849582672,-0.5841852426528931,0.8882488012313843
1790028922371010300,16.32001025390625,0.10773907601833344,-0.727837324142456,0.6416460275650024
1790028922381050600,16.330050537109376,0.10295066982507706,-0.6991068720817566,0.5626373887062073
1790028922391060200,16.340060302734376,0.33279404044151306,-0.4357447028160095,0.6847416758537292
1790028922401070000,16.350070068359376,0.6129156351089478,-0.06464344263076782,0.8858546018600464
1790028922411110400,16.3601103515625,0.790086567401886,-0.24899697303771973,1.6112977266311646
1790028922421120000,16.3701201171875,0.8140285611152649,-0.2561795711517334,1.7381904125213623
1790028922431129900,16.3801298828125,0.7110779285430908,-0.35673606395721436,1.7334020137786865
1790028922451149300,16.4001494140625,0.31364041566848755,-0.7134721279144287,1.216254472732544
1790028922461159200,16.4101591796875,0.10534487664699554,-0.9624691009521484,0.9648633003234863
1790028922471169000,16.4201689453125,-0.040701430290937424,-0.8523358106613159,1.091755986213684
1790028922521309200,16.47030908203125,-0.19153612852096558,-0.5578489899635315,0.9097966551780701
1790028922531349500,16.480349609375,-0.40222588181495667,-0.40462008118629456,0.8331822156906128
1790028922611427600,16.560427490234375,0.090979665517807,0.15322890877723694,0.27054479718208313
1790028922621437400,16.5704375,-0.09816227108240128,-0.1388636976480484,0.706289529800415
1790028922641457000,16.590456787109375,-0.17238251864910126,-0.33279404044151306,0.6631938815116882
1790028922651497200,16.600497314453126,-0.040701430290937424,-0.44532153010368347,0.7350199222564697
1790028922661537500,16.61053759765625,0.10773907601833344,-0.43095630407333374,0.7422025203704834
1790028922671577900,16.620577880859376,0.13407529890537262,-0.3998316824436188,0.7398083209991455
1790028922681587700,16.630587646484376,0.09816227108240128,-0.35434186458587646,0.8236053586006165
1790028922691597300,16.640597412109376,-0.06224924325942993,-0.3687070608139038,0.8164227604866028
1790028922701607200,16.650607177734376,-0.12449848651885986,-0.12928688526153564,0.6631938815116882
1790028922711647500,16.6606474609375,0.043095629662275314,-0.0694318488240242,0.5099649429321289
1790028922721657000,16.670656982421875,0.0071826050989329815,-0.14604631066322327,0.6129156351089478
1790028922731667000,16.6806669921875,0.011971008032560349,-0.2968810200691223,0.7182605266571045
1790028922751717000,16.700717041015626,-0.040701430290937424,-0.2968810200691223,0.9959878921508789
1790028922761726700,16.710726806640626,0.11971008777618408,-0.29209262132644653,0.9864110946655273
1790028922771767000,16.72076708984375,0.011971008032560349,-0.33279404044151306,0.933738648891449
1790028922781777000,16.73077685546875,0.05027823522686958,-0.304063618183136,0.7110779285430908
1790028922791786500,16.740786376953125,-0.016759412363171577,-0.38067805767059326,0.608127236366272
1790028922801826800,16.750826904296876,-0.2082955539226532,-0.47644615173339844,0.7206547260284424
1790028922841896400,16.790896484375,-0.8858546018600464,-0.9552865028381348,0.6991068720817566
1790028922861946400,16.8109462890625,-0.8068459630012512,-0.8523358106613159,0.6105214357376099
1790028922922066200,16.871066162109376,-0.8882488012313843,-1.0319008827209473,0.7422025203704834
1790028922932075800,16.88107568359375,-0.6799532771110535,-1.0582371950149536,0.7996633648872375
1790028922952095500,16.901095458984376,-0.29209262132644653,-1.1659762859344482,0.5434837937355042
1790028922962135800,16.9111357421875,-0.09576806426048279,-1.2330138683319092,0.727837324142456
1790028922982155300,16.9311552734375,-0.395043283700943,-0.7230489253997803,0.950498104095459
1790028922992195600,16.941195556640626,-0.43335050344467163,-1.048660397529602,1.1085153818130493
1790028923012215000,16.961215087890626,-0.3711012601852417,-1.0869675874710083,0.6057330369949341
1790028923022225000,16.971224853515626,-0.4572925269603729,-0.9265560507774353,0.5626373887062073
1790028923032234500,16.981234375,-0.7374141216278076,-0.7015010714530945,0.5195417404174805
1790028923052254200,17.001254150390626,-0.8690952062606812,-0.38546648621559143,1.0534487962722778
1790028923062294300,17.011294189453125,-0.8762778043746948,-0.6344634294509888,1.2641384601593018
1790028923072304000,17.02130419921875,-0.7015010714530945,-0.7398083209991455,1.0319008827209473
1790028923082314000,17.03131396484375,-0.9241618514060974,-0.9313444495201111,0.9552865028381348
1790028923092323600,17.041323486328125,-1.2449848651885986,-1.3551181554794312,1.4437036514282227
1790028923102333400,17.05133349609375,-1.525106430053711,-1.5418659448623657,1.3694833517074585
1790028923112373800,17.061373779296876,-1.6927006244659424,-1.3766659498214722,1.4484920501708984
1790028923132393200,17.081393310546876,-1.625662922859192,-0.8810662031173706,1.3048399686813354
1790028923162453000,17.111452880859375,-2.1045033931732178,-1.5298948287963867,1.3479355573654175
1790028923222572800,17.17157275390625,-0.6703764796257019,-0.6320692300796509,0.6512228846549988
1790028923242622700,17.191622802734376,-1.2545616626739502,-0.0694318488240242,-0.47884035110473633
1790028923252663000,17.2016630859375,-1.0007762908935547,-0.6536170840263367,0.49320554733276367
1790028923292763100,17.24176318359375,-0.1149216815829277,-0.0071826050989329815,0.44771572947502136
1790028923302773000,17.25177294921875,-0.2082955539226532,-0.569819986820221,0.2346317619085312
1790028923312843800,17.26184375,-0.49320554733276367,-0.6655880808830261,0.33279404044151306
1790028923322853400,17.271853271484375,-0.9840168952941895,-0.524330198764801,0.05506663769483566
1790028923332893700,17.281893798828126,-0.7422025203704834,-0.3663128614425659,-0.5123591423034668
1790028923342903600,17.291903564453126,-0.7733271718025208,-0.9050082564353943,0.2825157940387726
1790028923372993800,17.321993896484376,-1.314416766166687,0.2106897532939911,-0.4908113479614258
1790028923383003600,17.332003662109376,-0.6320692300796509,0.15083470940589905,-0.6536170840263367
1790028923423073300,17.3720732421875,-1.8411411046981812,-0.2825157940387726,-0.47165772318840027
1790028923433113600,17.382113525390626,-1.4173674583435059,-0.6440402865409851,-0.17717093229293823
1790028923443153700,17.392153564453125,-1.2713210582733154,-0.7613561153411865,-0.021547814831137657
1790028923463203800,17.412203857421876,-1.2018892765045166,-0.6177040338516235,-0.6392518281936646
1790028923473213700,17.422213623046876,-1.2473790645599365,-0.9648633003234863,0.1843535304069519
1790028923483284500,17.432284423828126,-1.2210428714752197,-1.0558429956436157,0.9576807022094727
1790028923493294000,17.442294189453126,-1.2210428714752197,-0.9528923034667969,0.6272808313369751
1790028923503304000,17.452303955078126,-1.139639973640442,-0.730231523513794,-0.6967126727104187
1790028923513313800,17.462313720703126,-1.0654197931289673,-0.5291185975074768,-1.4939818382263184
1790028923533333200,17.482333251953126,-0.849941611289978,-0.9888052940368652,0.11971008777618408
1790028923603462700,17.552462646484376,-0.7206547260284424,-0.5506663918495178,0.8403648138046265
1790028923643501600,17.59250146484375,-1.4867992401123047,-0.28730419278144836,-0.8906430602073669
1790028923653511400,17.602511474609376,-1.0797849893569946,-1.3215993642807007,0.5530605912208557
1790028923663551700,17.6125517578125,-0.5841852426528931,-0.1412578970193863,0.689530074596405
1790028923673561600,17.6225615234375,-1.0582371950149536,1.194706678390503,0.12210428714752197
1790028923693611500,17.642611572265626,-1.5945383310317993,-0.6033388376235962,-0.5746083855628967
1790028923703651800,17.65265185546875,-1.4844050407409668,-1.6112977266311646,-0.3974374830722809
1790028923713661700,17.66266162109375,-0.6584054827690125,-1.7501614093780518,0
1790028923723701800,17.67270166015625,-0.08140286058187485,-2.056619167327881,-0.11013327538967133
1790028923733711600,17.682711669921876,-0.3280056416988373,-0.3687070608139038,-0.31364041566848755
1790028923743721500,17.692721435546876,-1.3527239561080933,0.8212111592292786,-1.1563993692398071
1790028923753761800,17.70276171875,-2.0231003761291504,1.8171991109848022,-1.0989385843276978
1790028923763801900,17.7128017578125,-2.33913516998291,0.7805097699165344,-0.5793967843055725
1790028923773811700,17.722811767578126,-1.4628572463989258,0.5195417404174805,0.0694318488240242
1790028923834023000,17.78302294921875,-2.8371291160583496,2.0614075660705566,-0.9002198576927185
1790028923864052200,17.81305224609375,-1.3551181554794312,2.3247697353363037,0.3974374830722809
1790028923914192600,17.863192626953126,-1.556231141090393,0.6009446382522583,0.15322890877723694
1790028923944283000,17.893282958984376,-1.1540051698684692,3.73016619682312,-0.8954314589500427
1790028923954292700,17.903292724609376,-1.1180921792984009,3.361459255218506,-0.42856210470199585
1790028923964302300,17.91330224609375,-0.790086567401886,2.784456491470337,0.35913026332855225
1790028923974342700,17.9233427734375,-0.4836287498474121,2.7222073078155518,0.49799394607543945
1790028923984352500,17.9333525390625,-0.33279404044151306,2.2170307636260986,-0.13407529890537262
1790028923994362400,17.9433623046875,-0.2513911724090576,1.9369091987609863,-0.5937620401382446
1790028924004372000,17.9533720703125,-0.07422025501728058,1.778891921043396,-1.1252747774124146
1790028924024452600,17.97345263671875,0.05027823522686958,2.0590133666992188,-1.8267759084701538
1790028924034462500,17.98346240234375,0.021547814831137657,1.4077905416488647,-1.1276689767837524
1790028924044472000,17.99347216796875,0.17477671802043915,1.3072341680526733,0.06224924325942993
1790028924094520800,18.043520751953125,-0.35913026332855225,0.20111294090747833,-0.3016694188117981
1790028924114540500,18.06354052734375,-0.7134721279144287,0.21547815203666687,-0.08619125932455063
1790028924174599200,18.12359912109375,-0.7876923680305481,0.2513911724090576,-0.10773907601833344
1790028924214668500,18.16366845703125,-0.5817909836769104,-0.9074024558067322,0.4668693244457245
1790028924224708900,18.173708984375,0.47165772318840027,-0.5051765441894531,-0.07900865375995636
1790028924234718700,18.18371875,0.6009446382522583,0.4884171485900879,-1.3311761617660522
1790028924244759000,18.193759033203126,-0.31124621629714966,1.335964560508728,-1.9608511924743652
1790028924254768600,18.2037685546875,-1.3431471586227417,2.0183119773864746,-1.5203180313110352
1790028924264809000,18.21380908203125,-1.9105730056762695,1.2832920551300049,-0.9145850539207458
1790028924274849300,18.223849365234376,-1.659181833267212,-0.019153613597154617,0.40940847992897034
1790028924284889600,18.2338896484375,-0.5003881454467773,-0.45250412821769714,0.6584054827690125
1790028924294899500,18.2438994140625,0.7733271718025208,-0.5530605912208557,0.002394201699644327
1790028924304909000,18.253908935546875,1.5729905366897583,-0.09816227108240128,-0.2753331959247589
1790028924334999600,18.28399951171875,-0.9026140570640564,0.7924807667732239,-1.3096283674240112
1790028924345009200,18.294009033203125,-1.5203180313110352,-0.011971008032560349,-0.3471592366695404
1790028924355019000,18.30401904296875,-1.216254472732544,-0.8212111592292786,0.42856210470199585
1790028924365059300,18.314059326171876,-0.42377370595932007,-1.2497732639312744,0.18914192914962769
1790028924375099600,18.324099609375,0.5147533416748047,-0.3447650372982025,-0.8810662031173706
1790028924385109200,18.334109130859375,0.7996633648872375,0.16998831927776337,-1.8962076902389526
1790028924395119000,18.344119140625,0.7254431247711182,0.33997663855552673,-1.723825216293335
1790028924405159400,18.354159423828126,-0.011971008032560349,1.0869675874710083,-1.6496049165725708
1790028924415169000,18.3641689453125,-0.7613561153411865,0.6560112833976746,-0.9002198576927185
1790028924435188700,18.384188720703126,-0.6344634294509888,-0.16998831927776337,0.1412578970193863
1790028924475227600,18.4242275390625,1.4413094520568848,0.10534487664699554,-0.35434186458587646
1790028924515327700,18.46432763671875,-1.403002142906189,0.33279404044151306,-0.4836287498474121
1790028924525368000,18.4743681640625,-1.173158884048462,-0.6991068720817566,0.2777273952960968
1790028924535378000,18.4843779296875,-0.304063618183136,-0.6272808313369751,-0.24899697303771973
1790028924545418200,18.494418212890626,0.31603461503982544,-0.18914192914962769,-0.7206547260284424
1790028924605476900,18.554476806640626,-1.5682021379470825,-0.667982280254364,-0.7565677165985107
1790028924615486500,18.564486572265626,-1.5131354331970215,-0.9528923034667969,-0.6703764796257019
1790028924625496300,18.574496337890626,-0.7206547260284424,-1.3455413579940796,0.3232172429561615
1790028924635475500,18.584475341796875,0.38067805767059326,-0.8379706144332886,0.6105214357376099
1790028924645515800,18.594515869140626,0.8786720037460327,-0.4836287498474121,0.14365209639072418
1790028924655495200,18.6044951171875,0.7445967197418213,-0.047884032130241394,-0.033518824726343155
1790028924665504800,18.6145048828125,0.2849099934101105,-0.181959331035614,0.05027823522686958
1790028924675514600,18.6245146484375,-0.3902548849582672,-0.24899697303771973,0.3447650372982025
1790028924685524500,18.6345244140625,-0.9911994934082031,-0.40940847992897034,0.2513911724090576
1790028924695503600,18.644503662109376,-1.0007762908935547,-0.8140285611152649,0.21547815203666687
1790028924785622000,18.7346220703125,0.2777273952960968,0.021547814831137657,0.21787235140800476
1790028924805702700,18.75470263671875,-0.043095629662275314,-0.5602431893348694,-0.0694318488240242
1790028924825722000,18.77472216796875,0.07661445438861847,-0.7206547260284424,0.9840168952941895
1790028924835732000,18.78473193359375,0.004788403399288654,-0.6177040338516235,1.091755986213684
1790028924845772300,18.794772216796876,0.19632454216480255,-0.48602294921875,1.5083470344543457
1790028924865822200,18.814822265625,0.15562310814857483,0.45489832758903503,-0.035913024097681046
1790028924875832000,18.82483203125,0.33758243918418884,-0.4189853072166443,0.15083470940589905
1790028924885872400,18.834872314453126,0.4405331015586853,-0.768538773059845,1.0079588890075684
1790028924895882000,18.844882080078126,0.47405192255973816,-0.3232172429561615,0.8810662031173706
1790028924905891800,18.854891845703126,0.26096799969673157,-0.22505496442317963,0.9409212470054626
1790028924915901700,18.864901611328126,0.2537853717803955,0.08619125932455063,0.47405192255973816
1790028924925911300,18.874911376953126,0.22026655077934265,0.21547815203666687,-0.17477671802043915
1790028924935951600,18.88495166015625,0.181959331035614,-0.6224924325942993,0.304063618183136
1790028924945992000,18.894991943359376,-0.3663128614425659,-0.5961562395095825,0.4668693244457245
1790028924966011400,18.915011474609376,-0.6991068720817566,-0.33039984107017517,-0.5817909836769104
1790028924976051700,18.9250517578125,-0.272938996553421,-0.35673606395721436,-0.5003881454467773
1790028924986092000,18.935092041015626,-0.047884032130241394,-0.6607996821403503,0.07661445438861847
1790028925006111500,18.955111572265626,-0.004788403399288654,-0.4596867263317108,0.28969839215278625
1790028925026131000,18.975130859375,0.5003881454467773,-0.6224924325942993,0.5099649429321289
1790028925096321500,19.045321533203126,0.26096799969673157,-0.8355764150619507,1.1994950771331787
1790028925126411800,19.075411865234376,0.2825157940387726,-0.6105214357376099,1.0654197931289673
1790028925136452000,19.0854521484375,0.24660277366638184,-0.019153613597154617,0.6919242739677429
1790028925146462000,19.0954619140625,0.2801215946674347,-0.13168109953403473,0.7469909191131592
1790028925156471600,19.105471435546875,0.2537853717803955,-0.6512228846549988,1.1803414821624756
1790028925166511900,19.115511962890626,-0.035913024097681046,-0.8140285611152649,1.3072341680526733
1790028925186531300,19.13553125,-0.12928688526153564,-0.5123591423034668,0.7254431247711182
1790028925196571600,19.145571533203125,-0.05985504388809204,-0.5506663918495178,0.5985504388809204
1790028925206581500,19.15558154296875,0.07182604819536209,-0.5746083855628967,0.5315127968788147
1790028925216591400,19.16559130859375,0.090979665517807,-0.363918662071228,0.36152446269989014
1790028925226662100,19.175662109375,0.08379705995321274,-0.2849099934101105,0.2585737705230713
1790028925236702500,19.185702392578126,0.11252748221158981,-0.1412578970193863,0.2849099934101105
1790028925246712000,19.195712158203126,0.31842881441116333,-0.16519992053508759,0.3663128614425659
1790028925256722000,19.205721923828126,0.3280056416988373,-0.35673606395721436,0.5171475410461426
1790028925266762200,19.21576220703125,0.17717093229293823,-0.38067805767059326,0.6320692300796509
1790028925296822000,19.245822021484376,0.10773907601833344,-0.6057330369949341,0.9289502501487732
1790028925306832000,19.255831787109376,0.1867477297782898,-0.6224924325942993,0.7757213711738586
1790028925316841500,19.265841552734376,0.028730420395731926,-0.6823474764823914,0.7469909191131592
1790028925326851300,19.275851318359376,-0.09816227108240128,-0.5913678407669067,0.7374141216278076
1790028925336891600,19.2858916015625,-0.06464344263076782,-0.31364041566848755,0.5578489899635315
1790028925346901200,19.2959013671875,0.016759412363171577,-0.14844051003456116,0.5003881454467773
1790028925356911000,19.3059111328125,0.10055647045373917,-0.3280056416988373,0.6512228846549988
1790028925397011200,19.34601123046875,0.06224924325942993,-0.5267243981361389,0.6512228846549988
1790028925437080800,19.386080810546876,-0.031124621629714966,-0.4572925269603729,0.7326257228851318
1790028925477181000,19.426180908203126,-0.014365210197865963,-0.5099649429321289,0.1843535304069519
1790028925487190500,19.4361904296875,0.011971008032560349,-0.45250412821769714,0.15801730751991272
1790028925497200400,19.446200439453126,-0.016759412363171577,-0.35913026332855225,0.28730419278144836
1790028925507210200,19.456210205078126,-0.12928688526153564,-0.35673606395721436,0.2298433631658554
1790028925537361400,19.486361328125,-0.08379705995321274,-0.15801730751991272,0.17717093229293823
1790028925567421400,19.51642138671875,-0.3064578175544739,-0.3447650372982025,0.3423708379268646
1790028925577431000,19.52643115234375,-0.40701428055763245,-0.7350199222564697,0.6655880808830261
1790028925587471400,19.536471435546876,-0.7134721279144287,-0.9481038451194763,0.9888052940368652
1790028925607521500,19.556521484375,-1.2521674633026123,-1.764526605606079,1.5418659448623657
1790028925617531100,19.56653125,-1.0438719987869263,-2.0877439975738525,1.8291701078414917
1790028925637581300,19.586581298828126,-1.3407529592514038,-1.4101848602294922,1.7166426181793213
1790028925657631200,19.60663134765625,-1.3431471586227417,-0.7805097699165344,0.828393816947937
1790028925667641000,19.61664111328125,-1.4915876388549805,-1.3886369466781616,0.993593692779541
1790028925687721700,19.6367216796875,-1.867477297782898,-1.2761094570159912,0.9433154463768005
1790028925697731300,19.6467314453125,-2.078166961669922,-1.1779472827911377,1.036689281463623
1790028925757851100,19.70685107421875,-1.7070658206939697,-1.2401964664459229,1.9632453918457031
1790028925818001200,19.767001220703126,-1.723825216293335,-0.7613561153411865,1.0271124839782715
1790028925828011000,19.777010986328126,-1.580173134803772,-0.7852981686592102,1.0007762908935547
1790028925838051300,19.78705126953125,-1.2282254695892334,-0.811634361743927,1.0773907899856567
1790028925848061000,19.79706103515625,-1.2114660739898682,-0.5674257874488831,0.9672574996948242
1790028925858101200,19.807101318359376,-1.4772224426269531,-0.17238251864910126,0.5027823448181152
1790028925868111000,19.817111083984376,-1.3551181554794312,2.212242364883423,-1.0773907899856567
1790028925878151400,19.8271513671875,-0.706289529800415,1.8483237028121948,-0.8619126081466675
1790028925888161000,19.8371611328125,0.13168109953403473,-0.10055647045373917,0.19871874153614044
1790028925898171000,19.8471708984375,0.24660277366638184,-1.1635819673538208,0.8667010068893433
1790028925908180700,19.8571806640625,-0.5051765441894531,-1.460463047027588,0.7829039692878723
1790028925918190300,19.8671904296875,-0.933738648891449,-1.2258312702178955,0.38307225704193115
1790028925928261000,19.87726123046875,-0.8595184087753296,-0.6368576288223267,-0.033518824726343155
1790028925948280800,19.89728076171875,-1.0749965906143188,-1.4245500564575195,1.886630892753601
1790028925958290400,19.90729052734375,-1.7334020137786865,-0.014365210197865963,0.6272808313369751
1790028925978340600,19.927340576171876,-0.9481038451194763,0.2849099934101105,-1.1635819673538208
1790028925988350200,19.93735009765625,-0.3902548849582672,-0.14365209639072418,-0.9265560507774353
1790028925998421000,19.9474208984375,-0.6033388376235962,-0.8140285611152649,0.06703764945268631
1790028926008461300,19.95746142578125,-1.139639973640442,-1.0199298858642578,0.7493851184844971
1790028926018501600,19.967501708984376,-1.455674648284912,-0.7469909191131592,0.06703764945268631
1790028926028511500,19.977511474609376,-1.2713210582733154,-1.0630255937576294,-0.12689268589019775
1790028926038521000,19.98752099609375,-0.7996633648872375,-0.9074024558067322,0.5530605912208557
1790028926048531000,19.997531005859376,-0.667982280254364,-0.038307227194309235,0.17477671802043915
1790028926058540800,20.007540771484376,-0.48602294921875,-0.0071826050989329815,-0.038307227194309235
1790028926108681200,20.05768115234375,-1.0630255937576294,-0.7206547260284424,-0.7350199222564697
1790028926118690800,20.06769091796875,-1.094150185585022,-0.9768342971801758,-1.0821791887283325
1790028926138741000,20.087740966796876,-0.35673606395721436,-0.22266076505184174,0.090979665517807
1790028926208900900,20.15790087890625,-0.9289502501487732,-1.1755530834197998,0.363918662071228
1790028926238991000,20.1879912109375,-1.6136919260025024,0.48602294921875,-1.7405846118927002
1790028926319100000,20.268099853515626,-0.9385270476341248,-0.13168109953403473,-0.48602294921875
1790028926379189000,20.32818896484375,-0.20350714027881622,-0.6224924325942993,0.7852981686592102
1790028926419289000,20.3682890625,-1.0462661981582642,0.19393034279346466,-0.5889736413955688
1790028926449440500,20.3984404296875,-0.7015010714530945,-0.30885201692581177,0.5099649429321289
1790028926479469600,20.428469482421875,-1.3048399686813354,-0.06464344263076782,-0.5841852426528931
1790028926529579500,20.47857958984375,-1.173158884048462,1.5179238319396973,-0.3280056416988373
1790028926539589400,20.48858935546875,-1.2976573705673218,1.3311761617660522,-0.6727706789970398
1790028926549568500,20.498568603515626,-1.3551181554794312,0.9600749015808105,-0.6248866319656372
1790028926569649200,20.518649169921876,-0.8882488012313843,1.800439715385437,0.6416460275650024
1790028926579659000,20.528658935546876,-0.5123591423034668,1.5298948287963867,0.768538773059845
1790028926589638100,20.53863818359375,-0.3423708379268646,1.7190368175506592,0.33518823981285095
1790028926599678500,20.548678466796876,-0.8571242094039917,1.941697597503662,-0.15322890877723694
1790028926609718800,20.55871875,-1.256955862045288,1.414973258972168,-0.2944868206977844
1790028926619759000,20.568759033203126,-1.3000515699386597,1.3623007535934448,0.22026655077934265
1790028926629738200,20.57873828125,-0.9433154463768005,1.2856862545013428,0.8164227604866028
1790028926649788400,20.598788330078126,-0.047884032130241394,1.9704279899597168,0.21547815203666687
1790028926669777400,20.61877734375,-0.545877993106842,1.6089035272598267,-0.646434485912323
1790028926699898000,20.648898193359376,-0.4572925269603729,0.8188169598579407,0.6057330369949341
1790028926709969000,20.658968994140626,-0.28969839215278625,0.38546648621559143,0.7637503147125244
1790028926730019000,20.67901904296875,0.14604631066322327,0.5267243981361389,-0.49559974670410156
1790028926750069000,20.699069091796876,-0.49559974670410156,0.7781155705451965,-0.2059013396501541
1790028926760109300,20.709109375,-0.5554547905921936,0.9457096457481384,-0.12210428714752197
1790028926770149600,20.719149658203126,-0.7350199222564697,0.17717093229293823,0.30885201692581177
1790028926800239900,20.749239990234376,0.014365210197865963,0.2082955539226532,0.8930372595787048
1790028926850319400,20.7993193359375,-1.3192051649093628,1.4293384552001953,-1.4963760375976562
1790028926860329000,20.809328857421875,-0.7781155705451965,0.8738836050033569,-1.015141487121582
1790028926870338800,20.8193388671875,0.0071826050989329815,0.849941611289978,-0.7182605266571045
1790028926880379100,20.829379150390626,0.2992752194404602,0.5267243981361389,-0.21787235140800476
1790028926930428000,20.879427978515626,-1.4053963422775269,0.8619126081466675,-1.3718775510787964
1790028926970558500,20.919558349609375,-0.4189853072166443,-0.3902548849582672,-0.3687070608139038
1790028926980568300,20.929568359375,-0.7182605266571045,0.27054479718208313,-1.3958195447921753
1790028926990639000,20.93963916015625,-1.50355863571167,0.6919242739677429,-2.032677173614502
1790028927000649000,20.94964892578125,-2.118868589401245,-0.24181437492370605,-1.4915876388549805
1790028927010689300,20.959689208984376,-1.41257905960083,-1.0606313943862915,0.2059013396501541
1790028927030739200,20.9797392578125,1.9033904075622559,0.5937620401382446,-1.2210428714752197
1790028927040749000,20.9897490234375,1.7334020137786865,0.8092401623725891,-0.7374141216278076
1790028927050758700,20.999758544921875,0.4213795065879822,0.7757213711738586,-0.21787235140800476
1790028927070808800,21.019808837890626,-0.5506663918495178,-0.751779317855835,0.5650315880775452
1790028927080818700,21.029818603515626,0.26336219906806946,-1.7142484188079834,1.1444283723831177
1790028927090858800,21.039858642578125,0.8738836050033569,-0.8595184087753296,0.6200982332229614
1790028927100899000,21.049899169921876,0.7206547260284424,-0.0694318488240242,-0.7661445140838623
1790028927120918800,21.069918701171876,-0.5985504388809204,0.1604115068912506,-0.08619125932455063
1790028927140938200,21.089938232421876,-0.5386953949928284,-0.2106897532939911,0.47405192255973816
1790028927150947800,21.09994775390625,-0.38546648621559143,-0.002394201699644327,-0.26336219906806946
1790028927160957700,21.109957763671876,-0.7709329724311829,0.3711012601852417,-1.4053963422775269
1790028927170967600,21.119967529296876,-1.2042834758758545,-0.950498104095459,-1.216254472732544
1790028927180946700,21.12994677734375,-0.8667010068893433,-1.9033904075622559,0.31603461503982544
1790028927190987000,21.139987060546876,0.36152446269989014,-1.2665326595306396,0.47644615173339844
1790028927211037200,21.160037109375,0.37828385829925537,0.42616790533065796,-0.6392518281936646
1790028927221016300,21.170016357421876,-0.07900865375995636,-0.3423708379268646,0.06703764945268631
1790028927231026200,21.180026123046876,0.19632454216480255,-0.4644751250743866,0.10055647045373917
1790028927241035800,21.190035888671876,0.6320692300796509,-0.28730419278144836,-0.023942016065120697
1790028927261086000,21.2100859375,0.7924807667732239,0.15801730751991272,-0.19153612852096558
1790028927281135900,21.230135986328126,0.6919242739677429,-1.3215993642807007,2.123656988143921
1790028927291145700,21.240145751953126,0.811634361743927,-1.2713210582733154,2.4660277366638184
1790028927311165200,21.260165283203126,0.05267243832349777,-1.0079588890075684,0.5267243981361389
1790028927321175000,21.270175048828126,-0.4189853072166443,-0.38546648621559143,-0.3711012601852417
1790028927331215400,21.28021533203125,-0.629675030708313,-0.3519476354122162,-0.45489832758903503
1790028927351234800,21.30023486328125,-0.5674257874488831,-0.16998831927776337,0.4644751250743866
1790028927371346000,21.320345947265626,-0.23942017555236816,0.6799532771110535,-0.6631938815116882
1790028927381355800,21.330355712890626,-0.17956513166427612,0.11252748221158981,-1.113303780555725
1790028927391395800,21.340395751953125,-0.2561795711517334,0.20111294090747833,-1.0079588890075684
1790028927401436200,21.350436279296876,-0.30885201692581177,0.1604115068912506,-0.9217676520347595
1790028927411446000,21.360446044921876,-0.17238251864910126,0.17956513166427612,-0.5363011956214905
1790028927421456000,21.370455810546876,0.31603461503982544,0.6033388376235962,-0.5386953949928284
1790028927431496000,21.380495849609375,0.6991068720817566,0.5195417404174805,-0.43095630407333374
1790028927441536300,21.390536376953126,0.9145850539207458,0.3926490843296051,0.043095629662275314
1790028927451515600,21.400515625,0.9289502501487732,0.12210428714752197,0.8044517636299133
1790028927461556000,21.410555908203126,0.6631938815116882,-0.035913024097681046,0.9433154463768005
1790028927531624200,21.480624267578126,-0.6799532771110535,-0.8786720037460327,0.7134721279144287
1790028927541564400,21.490564453125,-0.8451532125473022,-1.115697979927063,1.1252747774124146
1790028927551543800,21.500543701171875,-0.7374141216278076,-0.5530605912208557,0.5267243981361389
1790028927561614600,21.510614501953125,-0.4381389021873474,-0.4213795065879822,0.26096799969673157
1790028927581634000,21.530634033203125,-0.42856210470199585,-0.912190854549408,1.0582371950149536
1790028927591674400,21.54067431640625,-0.43335050344467163,-0.8834604024887085,0.9696516990661621
1790028927611724500,21.560724609375,-0.21308395266532898,-0.6823474764823914,0.9361328482627869
1790028927621734100,21.570734130859375,-0.1388636976480484,-0.6344634294509888,0.7709329724311829
1790028927631713500,21.580713623046876,-0.07661445438861847,-0.6177040338516235,0.43095630407333374
1790028927651763500,21.600763427734375,0.004788403399288654,-0.44532153010368347,-0.11013327538967133
1790028927661803800,21.6108037109375,0.19393034279346466,-0.15801730751991272,-0.3974374830722809
1790028927671844000,21.620843994140625,0.38307225704193115,-0.2059013396501541,-0.11013327538967133
1790028927681884400,21.630884521484376,0.12928688526153564,-0.3878606855869293,0.33758243918418884
1790028927691924700,21.6409248046875,0.1867477297782898,-0.37828385829925537,0.2082955539226532
1790028927701934300,21.650934326171875,0.24181437492370605,-0.37828385829925537,0.5746083855628967
1790028927722015000,21.671014892578125,0.8044517636299133,-0.42616790533065796,0.31603461503982544
1790028927732024800,21.68102490234375,0.7805097699165344,-0.6416460275650024,1.0127472877502441
1790028927752074800,21.70107470703125,0.5889736413955688,-0.3064578175544739,0.9576807022094727
1790028927802184700,21.751184814453126,-0.2753331959247589,-0.7661445140838623,0.7493851184844971
1790028927822234600,21.771234619140625,-0.19393034279346466,-0.6392518281936646,0.6057330369949341
1790028927842315300,21.791315185546875,0.08858546614646912,-0.7086837291717529,1.1109095811843872
1790028927852325000,21.8013251953125,-0.047884032130241394,-0.7182605266571045,1.216254472732544
1790028927862334700,21.811334716796875,-0.1628057211637497,-0.5602431893348694,1.070208191871643
1790028927892455700,21.84145556640625,0.26096799969673157,-0.22266076505184174,0.35913026332855225
1790028927982696200,21.9316962890625,0.3663128614425659,0.40940847992897034,0.45250412821769714
1790028928032775400,21.981775390625,-0.026336219161748886,-1.0223240852355957,0.6655880808830261
1790028928042785300,21.991785400390626,-0.16519992053508759,-1.1516109704971313,0.6272808313369751
1790028928052795000,22.001794921875,-0.26575639843940735,-1.1109095811843872,0.6009446382522583
1790028928062804700,22.0118046875,-0.3280056416988373,-0.9050082564353943,0.7254431247711182
1790028928082855000,22.03185498046875,-0.5506663918495178,-0.7350199222564697,0.9409212470054626
1790028928092895000,22.04189501953125,-0.4189853072166443,-0.6320692300796509,0.8882488012313843
1790028928102935300,22.051935302734375,-0.4405331015586853,-0.33997663855552673,1.094150185585022
1790028928112975600,22.0619755859375,-0.30885201692581177,-0.10773907601833344,1.170764684677124
1790028928123016000,22.072015869140625,-0.043095629662275314,-0.3280056416988373,1.4173674583435059
1790028928133056300,22.08205615234375,-0.023942016065120697,-0.47884035110473633,1.5466543436050415
1790028928143065900,22.09206591796875,-0.038307227194309235,-0.667982280254364,1.1563993692398071
1790028928153106200,22.102106201171875,-0.028730420395731926,-0.6655880808830261,0.8068459630012512
1790028928163146500,22.112146484375,0.035913024097681046,-0.5937620401382446,0.689530074596405
1790028928173186800,22.122186767578125,-0.07900865375995636,-0.3734954595565796,0.7972691655158997
1790028928183196700,22.13219677734375,-0.2513911724090576,-0.2944868206977844,0.7110779285430908
1790028928213226000,22.16222607421875,-0.6177040338516235,-0.3687070608139038,0.8379706144332886
1790028928223235600,22.172235595703125,-0.4836287498474121,-0.4668693244457245,0.7661445140838623
1790028928233245400,22.182245361328125,-0.4189853072166443,-0.6272808313369751,0.8475474119186401
1790028928243255300,22.19225537109375,-0.8259995579719543,-1.2234370708465576,0.9911994934082031
1790028928273345500,22.222345458984375,-1.8722656965255737,-1.1061211824417114,1.0678139925003052
1790028928283385900,22.2323857421875,-1.8124107122421265,-0.9241618514060974,1.256955862045288
1790028928293395500,22.2423955078125,-1.8986018896102905,-0.7996633648872375,1.4197616577148438
1790028928303435800,22.252435791015625,-1.8938134908676147,-0.9385270476341248,1.3838485479354858
1790028928313445600,22.262445556640625,-1.5298948287963867,-1.2186486721038818,0.933738648891449
1790028928383605500,22.33260546875,-1.6160861253738403,-1.2066776752471924,2.3319525718688965
1790028928403625000,22.352625,-1.6974890232086182,-1.4413094520568848,1.8986018896102905
1790028928413634800,22.362634765625,-2.231395959854126,-2.051830768585205,2.123656988143921
1790028928423644700,22.372644775390626,-2.5306711196899414,-1.9345149993896484,1.7764976024627686
1790028928433685000,22.38268505859375,-2.2864625453948975,-1.9081788063049316,1.2425906658172607
1790028928443694600,22.392694580078125,-1.9488801956176758,-1.7932571172714233,1.7070658206939697
1790028928453704400,22.402704345703125,-1.8124107122421265,-1.2186486721038818,1.5729905366897583
1790028928463744800,22.412744873046876,-1.53707754611969,-0.5793967843055725,1.1085153818130493
1790028928473754400,22.42275439453125,-1.403002142906189,-0.3878606855869293,1.01753568649292
1790028928483794700,22.432794677734375,-1.335964560508728,-0.5339069962501526,0.44771572947502136
1790028928493835000,22.4428349609375,-1.4484920501708984,-0.6105214357376099,0.10295066982507706
1790028928513854500,22.4628544921875,-2.3104045391082764,-1.434126853942871,0.629675030708313
1790028928523864300,22.4728642578125,-2.118868589401245,-0.7709329724311829,-0.19153612852096558
1790028928533874200,22.482874267578126,-1.235408067703247,-0.6823474764823914,-0.043095629662275314
1790028928543883800,22.4928837890625,-0.17477671802043915,-0.40701428055763245,-0.05985504388809204
1790028928553954600,22.50295458984375,0.12928688526153564,-0.05746084079146385,-0.11971008777618408
1790028928563964400,22.51296435546875,-0.05506663769483566,-0.2537853717803955,0.6105214357376099
1790028928574035200,22.52303515625,-0.9959878921508789,-0.10534487664699554,1.1348515748977661
1790028928584014300,22.533014404296875,-1.5179238319396973,0.40462008118629456,0.181959331035614
1790028928614074400,22.563074462890626,-0.1173158809542656,0.038307227194309235,-0.2849099934101105
1790028928624114700,22.57311474609375,-0.4429273009300232,-0.1843535304069519,-0.047884032130241394
1790028928634154800,22.58315478515625,-0.6560112833976746,0.05027823522686958,-0.07422025501728058
1790028928684203800,22.633203857421876,-0.2082955539226532,0.8475474119186401,-0.9433154463768005
1790028928694213400,22.64321337890625,-0.3974374830722809,-0.31124621629714966,0.15083470940589905
1790028928704223200,22.65322314453125,-0.7493851184844971,-0.9648633003234863,0.9457096457481384
1790028928714263600,22.663263671875,-0.9217676520347595,-0.40222588181495667,0.6177040338516235
1790028928724273200,22.673273193359375,-0.7493851184844971,0.3232172429561615,0.031124621629714966
1790028928734283000,22.683282958984375,-0.45010992884635925,-0.1388636976480484,-0.19632454216480255
1790028928744323300,22.6933232421875,-0.15562310814857483,-0.33279404044151306,-0.4620809257030487
1790028928754363600,22.70336376953125,-0.4405331015586853,0.28969839215278625,-0.5530605912208557
1790028928764373200,22.713373291015625,-1.0271124839782715,-0.16759411990642548,0.08858546614646912
1790028928774383000,22.723383056640625,-1.4389152526855469,-0.6560112833976746,0.8547300100326538
1790028928844512500,22.793512451171875,-0.9744400978088379,0.4141969084739685,-0.9097966551780701
1790028928914611500,22.863611572265626,-0.11252748221158981,-0.5602431893348694,1.867477297782898
1790028928944671200,22.893671142578125,-1.2856862545013428,-0.5626373887062073,-1.1252747774124146
1790028928954711600,22.903711669921876,-0.3926490843296051,0.9816226959228516,-0.1843535304069519
1790028928964721200,22.91372119140625,-0.3256114423274994,1.3982137441635132,0.11252748221158981
1790028928974731000,22.92373095703125,-0.4884171485900879,2.365471363067627,0.6416460275650024
1790028928984740900,22.933740966796876,-0.7613561153411865,1.314416766166687,-0.031124621629714966
1790028928994781200,22.94378125,-0.20111294090747833,0.3495534360408783,-0.040701430290937424
1790028929024932400,22.973932373046875,0.06464344263076782,-0.2944868206977844,0.14844051003456116
1790028929034972700,22.98397265625,-0.7805097699165344,-0.8810662031173706,0.3447650372982025
1790028929054992100,23.0039921875,-1.0797849893569946,-0.9840168952941895,0.26336219906806946
1790028929065032400,23.014032470703125,-0.3974374830722809,0.3902548849582672,-0.849941611289978
1790028929075042300,23.024042236328125,-0.7733271718025208,1.1444283723831177,-1.2186486721038818
1790028929085082600,23.03408251953125,-1.0845733880996704,-0.014365210197865963,-0.9050082564353943
1790028929095092200,23.04409228515625,-0.629675030708313,-0.7326257228851318,-0.0454898327589035
1790028929105132500,23.054132568359375,-0.21787235140800476,-1.4413094520568848,0.3423708379268646
1790028929125152300,23.07415234375,-1.2856862545013428,-1.4532804489135742,0.6655880808830261
1790028929135161900,23.084161865234375,-1.8363527059555054,-1.036689281463623,0.8188169598579407
1790028929145171700,23.094171630859375,-1.4915876388549805,-0.7110779285430908,1.170764684677124
1790028929155181600,23.104181640625,-1.280897855758667,1.2306196689605713,0.15801730751991272
1790028929165221600,23.1142216796875,-1.534683346748352,0.6200982332229614,0.26815059781074524
1790028929175262000,23.124261962890625,-1.6352397203445435,0.8738836050033569,0.035913024097681046
1790028929205352400,23.1543525390625,-0.9457096457481384,-0.12210428714752197,0.730231523513794
1790028929215362000,23.164362060546875,-0.9289502501487732,0.8595184087753296,-0.7948749661445618
1790028929235442700,23.184442626953125,-1.5179238319396973,2.8826189041137695,-1.6855180263519287
1790028929245483000,23.19448291015625,-1.3527239561080933,5.116408824920654,-2.2146365642547607
1790028929255523300,23.2045234375,-1.216254472732544,4.20421838760376,-1.920149803161621
1790028929265533000,23.214532958984375,-0.768538773059845,3.1316158771514893,-0.363918662071228
1790028929285552600,23.234552734375,-0.993593692779541,2.7533318996429443,-0.7422025203704834
1790028929295562200,23.244562255859375,-0.9217676520347595,1.9536685943603516,-1.4221558570861816
1790028929355743000,23.304742919921875,0.4620809257030487,1.525106430053711,-0.2777273952960968
1790028929365813800,23.314813720703125,0.1867477297782898,0.8786720037460327,-0.011971008032560349
1790028929375823600,23.32482373046875,-0.36152446269989014,0.5506663918495178,-0.07182604819536209
1790028929385833200,23.334833251953125,-0.44771572947502136,0.8188169598579407,-0.3208230137825012
1790028929395873500,23.34487353515625,-0.07661445438861847,0.6847416758537292,-0.40701428055763245
1790028929405883400,23.35488330078125,0.181959331035614,0.7805097699165344,-0.2944868206977844
1790028929415923700,23.364923828125,0.10055647045373917,1.381454348564148,-1.0319008827209473
1790028929425964000,23.374964111328126,-0.3663128614425659,1.3646949529647827,-1.1875240802764893
1790028929436034800,23.385034912109376,-0.8643068075180054,1.015141487121582,-0.9744400978088379
1790028929456084700,23.405084716796875,-1.0893617868423462,-0.31364041566848755,0.047884032130241394
1790028929466125000,23.415125,-0.47405192255973816,-0.646434485912323,0.35673606395721436
1790028929476135000,23.425135009765626,0.05506663769483566,-0.33997663855552673,-0.033518824726343155
1790028929486144500,23.43514453125,0.14844051003456116,-0.13407529890537262,-0.44771572947502136
1790028929496154400,23.445154296875,0.26336219906806946,0.3232172429561615,-0.33279404044151306
1790028929506194700,23.455194580078125,0.17956513166427612,1.1971008777618408,-0.9361328482627869
1790028929516204300,23.465204345703125,-0.4812345504760742,1.158793568611145,-1.3239935636520386
1790028929526244600,23.47524462890625,-1.139639973640442,0.569819986820221,-1.259350061416626
1790028929536254500,23.48525439453125,-1.53707754611969,0.026336219161748886,-0.9313444495201111
1790028929546233600,23.495233642578125,-1.742978811264038,-1.0749965906143188,-0.6129156351089478
1790028929556304400,23.505304443359375,-1.2449848651885986,-1.2114660739898682,0.3974374830722809
1790028929566314200,23.515314208984375,-0.3758896589279175,-0.15801730751991272,-0.15322890877723694
1790028929596374000,23.5453740234375,-0.05746084079146385,1.886630892753601,-3.464409828186035
1790028929606383900,23.5553837890625,-0.849941611289978,0.7613561153411865,-2.5977089405059814
1790028929616393700,23.565393798828126,-1.0414776802062988,-0.5602431893348694,-0.26815059781074524
1790028929636443600,23.585443603515625,0.11013327538967133,-1.5945383310317993,1.4508862495422363
1790028929676543700,23.625543701171875,0.15562310814857483,0.43095630407333374,-0.8355764150619507
1790028929686584000,23.635583984375,0.5841852426528931,1.1516109704971313,-0.9720458984375
1790028929696594000,23.645593994140626,0.545877993106842,0.9911994934082031,-0.40462008118629456
1790028929706634000,23.655634033203125,-0.16759411990642548,0.3423708379268646,0.14604631066322327
1790028929716643800,23.665643798828125,-0.8643068075180054,-0.38307225704193115,-0.06464344263076782
1790028929726653700,23.67565380859375,-1.3335703611373901,-0.8738836050033569,0.0454898327589035
1790028929756774400,23.7057744140625,0.5985504388809204,0.2801215946674347,-0.5578489899635315
1790028929766784300,23.7157841796875,0.45010992884635925,1.235408067703247,-1.2210428714752197
1790028929776794000,23.725794189453126,0.011971008032560349,1.3551181554794312,-0.8451532125473022
1790028929786865000,23.735864990234376,-0.5147533416748047,0.8667010068893433,-0.5530605912208557
1790028929796905000,23.745905029296875,-0.6799532771110535,-0.47405192255973816,0.40940847992897034
1790028929806945300,23.7559453125,-0.07182604819536209,-0.5051765441894531,0.6584054827690125
1790028929816955100,23.765955078125,0.3016694188117981,-0.5722141861915588,-0.5530605912208557
1790028929837005300,23.78600537109375,0.6847416758537292,-0.3663128614425659,0.12689268589019775
1790028929857024800,23.806024658203125,0.30885201692581177,1.3048399686813354,-1.4628572463989258
1790028929867034400,23.816034423828125,0.016759412363171577,0.8930372595787048,-0.3974374830722809
1790028929917144300,23.866144287109375,-0.181959331035614,-0.507570743560791,-0.0694318488240242
1790028929927184600,23.8761845703125,-0.6775590777397156,-0.6129156351089478,0.004788403399288654
1790028929977263900,23.926263916015625,0.14844051003456116,-0.30885201692581177,0.10055647045373917
1790028929997314000,23.94631396484375,0.10534487664699554,-0.6631938815116882,0.9002198576927185
1790028930007324000,23.956323974609376,0.090979665517807,-0.768538773059845,0.730231523513794
1790028930017364000,23.966364013671875,0.06703764945268631,-0.6560112833976746,0.6368576288223267
1790028930027434800,23.976434814453125,0.22266076505184174,-0.5027823448181152,0.6943184733390808
1790028930037444600,23.986444580078125,0.42616790533065796,-0.1843535304069519,0.26336219906806946
1790028930047485000,23.99648486328125,0.6177040338516235,-0.08619125932455063,0.31124621629714966
1790028930057525200,24.006525146484375,0.7613561153411865,0.12210428714752197,0.22505496442317963
1790028930067534800,24.016534912109375,0.5817909836769104,0.181959331035614,0.751779317855835
1790028930087646000,24.03664599609375,-0.10295066982507706,-0.09576806426048279,0.8355764150619507
1790028930097655800,24.04665576171875,-0.035913024097681046,-0.19632454216480255,0.7972691655158997
1790028930107665700,24.056665771484376,0.29209262132644653,0.1867477297782898,-0.7350199222564697
1790028930127746000,24.07674609375,1.139639973640442,0.023942016065120697,-0.5841852426528931
1790028930157867000,24.106866943359375,0.06224924325942993,-0.06224924325942993,1.1300631761550903
1790028930177947600,24.12694775390625,0.21547815203666687,-0.5363011956214905,0.871489405632019
1790028930208068400,24.157068359375,-0.07661445438861847,-0.7589619159698486,1.1803414821624756
1790028930228118500,24.177118408203125,-0.1149216815829277,-0.8762778043746948,1.0989385843276978
1790028930238128000,24.187128173828125,-0.30885201692581177,-0.7326257228851318,1.0031704902648926
1790028930278228200,24.227228271484375,0.07182604819536209,-0.586579442024231,1.048660397529602
1790028930318328300,24.267328369140625,-0.021547814831137657,-0.912190854549408,1.1468225717544556
1790028930328368600,24.27736865234375,0.10773907601833344,-0.8044517636299133,1.0342950820922852
1790028930338409000,24.287408935546875,0.1604115068912506,-0.5793967843055725,0.8259995579719543
1790028930368499200,24.317499267578125,-0.08619125932455063,-0.33518823981285095,0.090979665517807
1790028930388549400,24.33754931640625,-0.26815059781074524,-0.45489832758903503,0.811634361743927
1790028930398559200,24.347559326171876,-0.31124621629714966,-0.5123591423034668,0.6751648783683777
1790028930408599300,24.357599365234375,-0.004788403399288654,-0.4692635238170624,0.45250412821769714
1790028930418609200,24.367609130859375,0.2537853717803955,-0.4644751250743866,0.24420857429504395
1790028930428619000,24.377618896484375,0.44532153010368347,-0.38546648621559143,0.06464344263076782
1790028930448638500,24.397638427734375,0.13168109953403473,-0.17477671802043915,0.4213795065879822
1790028930458678800,24.4076787109375,-0.014365210197865963,0.14604631066322327,0.5650315880775452
1790028930518767900,24.467767822265625,0.1867477297782898,-1.1516109704971313,1.213860273361206
1790028930618987500,24.567987548828125,0.2753331959247589,-0.6751648783683777,1.9393033981323242
1790028930629027800,24.57802783203125,0.12210428714752197,-0.7374141216278076,1.8387469053268433
1790028930639037700,24.58803759765625,0.2106897532939911,-0.7757213711738586,1.6496049165725708
1790028930649078000,24.598078125,0.4118026793003082,-0.828393816947937,1.8100165128707886
1790028930679107300,24.628107421875,0.17956513166427612,-0.768538773059845,1.577778935432434
1790028930689147400,24.6381474609375,0.17717093229293823,-0.9050082564353943,1.3718775510787964
1790028930699126800,24.648126708984375,0.15562310814857483,-0.8906430602073669,1.3024457693099976
1790028930709197600,24.658197509765625,0.08379705995321274,-0.9169792532920837,1.0965443849563599
1790028930719207400,24.66820751953125,0.14844051003456116,-0.5937620401382446,0.9002198576927185
1790028930729247700,24.678247802734376,-0.07422025501728058,-0.40222588181495667,0.811634361743927
1790028930819366100,24.7683662109375,-1.5322890281677246,-1.400607943534851,1.3120225667953491
1790028930829406200,24.77840625,-1.6759412288665771,-1.3958195447921753,1.3096283674240112
1790028930839446500,24.788446533203125,-1.5466543436050415,-1.1300631761550903,0.8188169598579407
1790028930849456400,24.798456298828125,-1.1994950771331787,-1.3192051649093628,0.9097966551780701
1790028930869506300,24.81850634765625,-1.2952631711959839,-1.4053963422775269,1.5418659448623657
1790028930879516200,24.82851611328125,-1.5203180313110352,-1.7310078144073486,2.1068975925445557
1790028930889556500,24.838556396484375,-1.599326729774475,-1.8818424940109253,2.4205379486083984
1790028930899596800,24.8485966796875,-1.3479355573654175,-1.9632453918457031,2.612074136734009
1790028930919616300,24.8686162109375,-0.7805097699165344,-1.3766659498214722,1.9105730056762695
1790028930929656600,24.878656494140625,-1.1085153818130493,-1.235408067703247,1.9345149993896484
1790028930939666400,24.88866650390625,-1.647210717201233,-1.1324573755264282,1.7860745191574097
1790028930949676000,24.898676025390625,-1.7764976024627686,-1.015141487121582,1.3024457693099976
1790028930969726200,24.918726318359376,-1.4293384552001953,-1.5753847360610962,1.3503297567367554
1790028931049834800,24.998834716796875,-1.7980455160140991,-0.608127236366272,0.10055647045373917
1790028931069854200,25.018854248046875,-1.2066776752471924,-0.040701430290937424,-0.5746083855628967
1790028931079894500,25.02889453125,-0.5171475410461426,-0.0071826050989329815,-0.6440402865409851
1790028931089934800,25.038934814453125,-0.26096799969673157,-0.42377370595932007,-0.3208230137825012
1790028931099944700,25.04894482421875,-0.16998831927776337,0.026336219161748886,0.27054479718208313
1790028931109985000,25.058985107421876,-0.5291185975074768,0.29209262132644653,0.24181437492370605
1790028931119994600,25.06899462890625,-0.38307225704193115,-0.4118026793003082,0.7924807667732239
1790028931130004500,25.07900439453125,-0.33279404044151306,-0.9361328482627869,1.7334020137786865
1790028931170104600,25.1191044921875,-0.07422025501728058,-0.2298433631658554,1.3431471586227417
1790028931240264400,25.189264404296875,-1.0223240852355957,-0.45489832758903503,1.1563993692398071
1790028931260284000,25.209283935546875,-1.3096283674240112,-0.14604631066322327,-0.33997663855552673
1790028931290344000,25.239343994140626,-0.4908113479614258,-1.036689281463623,-0.05506663769483566
1790028931360564700,25.309564697265625,-1.0558429956436157,0.011971008032560349,-0.6512228846549988
1790028931370574600,25.31957470703125,-0.569819986820221,-0.5626373887062073,0.19871874153614044
1790028931380615000,25.329614990234376,-0.5506663918495178,-1.335964560508728,0.9145850539207458
1790028931390624500,25.33962451171875,-0.47165772318840027,-0.6320692300796509,0.9792284965515137
1790028931400634400,25.34963427734375,-0.7493851184844971,0.2992752194404602,-0.17477671802043915
1790028931410705200,25.359705078125,-0.6799532771110535,0.5482721924781799,-0.6560112833976746
1790028931450744300,25.399744384765626,-0.8858546018600464,-1.091755986213684,0.7757213711738586
1790028931460754000,25.40975390625,-0.8379706144332886,-0.8427590131759644,-0.6033388376235962
1790028931470763800,25.419763671875,-0.7254431247711182,-0.8810662031173706,-0.6871358752250671
1790028931480773400,25.4297734375,-0.3902548849582672,0.06464344263076782,-0.8738836050033569
1790028931490783200,25.439783203125,-0.42616790533065796,0.35673606395721436,-0.730231523513794
1790028931510833400,25.45983349609375,-1.3192051649093628,-0.24660277366638184,0.9672574996948242
1790028931520843000,25.469843017578125,-1.1037269830703735,-0.2849099934101105,1.4173674583435059
1790028931530852900,25.479852783203125,-0.4692635238170624,-0.9481038451194763,0.0694318488240242
1790028931540893200,25.48989306640625,-0.05985504388809204,-0.629675030708313,0.608127236366272
1790028931560912600,25.50991259765625,-0.6751648783683777,0.7398083209991455,-0.9026140570640564
1790028931570922500,25.519922607421876,-0.9864110946655273,0.4381389021873474,0.49559974670410156
1790028931580962800,25.529962890625,-0.5219359993934631,-0.17477671802043915,1.1659762859344482
1790028931590972400,25.539972412109375,0.08140286058187485,0.5315127968788147,0.6847416758537292
1790028931600982300,25.549982177734375,-0.3663128614425659,1.2832920551300049,-0.0071826050989329815
1790028931610992000,25.5599921875,-1.1037269830703735,0.8140285611152649,-1.094150185585022
1790028931621001700,25.570001708984375,-1.678335428237915,0.5219359993934631,-1.290474772453308
1790028931631042000,25.5800419921875,-1.5825673341751099,0.31842881441116333,0.2513911724090576
1790028931641052000,25.590052001953126,-0.768538773059845,-0.23702596127986908,0.42616790533065796
1790028931651092200,25.60009228515625,-0.15083470940589905,-0.7158663272857666,0.07661445438861847
1790028931661132300,25.61013232421875,-0.8906430602073669,-0.5913678407669067,-0.272938996553421
1790028931681182500,25.630182373046875,-2.1763293743133545,-0.6655880808830261,-0.4812345504760742
1790028931691192300,25.6401923828125,-2.0590133666992188,-0.49799394607543945,-0.5363011956214905
1790028931701263000,25.65026318359375,-1.8483237028121948,-0.5171475410461426,-0.6631938815116882
1790028931711303200,25.66030322265625,-1.2258312702178955,-1.1204863786697388,-0.05506663769483566
1790028931721313000,25.67031298828125,-0.5003881454467773,0.016759412363171577,-0.9241618514060974
1790028931731353300,25.680353271484375,-0.9864110946655273,-0.36152446269989014,-0.9457096457481384
1790028931741363200,25.69036328125,-1.4173674583435059,0.5817909836769104,-0.4596867263317108
1790028931751403300,25.7004033203125,-1.6903064250946045,0.26575639843940735,-0.3280056416988373
1790028931761413000,25.7104130859375,-0.9720458984375,0.22266076505184174,0.9145850539207458
1790028931771423000,25.720423095703126,-0.6200982332229614,0.4572925269603729,0.17956513166427612
1790028931781432600,25.7304326171875,-0.42616790533065796,0.4381389021873474,0.011971008032560349
1790028931791442400,25.7404423828125,-1.1109095811843872,0.40940847992897034,-0.12449848651885986
1790028931801482800,25.750482666015625,-1.7717092037200928,-0.1173158809542656,0.5267243981361389
1790028931871673000,25.820673095703125,-1.944091796875,1.8698714971542358,0.40222588181495667
1790028931911773200,25.860773193359375,-1.0678139925003052,2.5282769203186035,-1.039083480834961
1790028931921783000,25.870782958984375,-1.5059528350830078,2.535459518432617,-1.039083480834961
1790028931931793000,25.88079296875,-1.2449848651885986,2.5665841102600098,-0.45010992884635925
1790028931961883100,25.910883056640625,0.4572925269603729,1.37906014919281,0.4692635238170624
1790028931971923500,25.92092333984375,0.7996633648872375,1.944091796875,-0.9672574996948242
1790028931981963800,25.9309638671875,0.19632454216480255,2.387019157409668,-2.145204782485962
1790028931991973400,25.940973388671875,-0.5339069962501526,2.6360161304473877,-2.188300371170044
1790028932001983200,25.950983154296875,-0.6799532771110535,2.406172752380371,-1.4269442558288574
1790028932012023600,25.9610234375,-0.7445967197418213,2.1523873805999756,-0.5530605912208557
1790028932022063900,25.97106396484375,-0.6440402865409851,1.316810965538025,0.12449848651885986
1790028932032073500,25.981073486328125,0.10295066982507706,0.6440402865409851,0.6584054827690125
1790028932042083300,25.991083251953125,0.9313444495201111,0.8547300100326538,-0.15801730751991272
1790028932052093200,26.00109326171875,0.6823474764823914,1.3431471586227417,-1.1851298809051514
1790028932122283500,26.071283447265625,0.9576807022094727,0.33758243918418884,-0.9696516990661621
1790028932162353200,26.111353271484376,-2.0446481704711914,0.5650315880775452,1.213860273361206
1790028932202453200,26.151453369140626,1.6855180263519287,-0.43095630407333374,-0.5746083855628967
1790028932212462800,26.161462890625,0.40940847992897034,-0.1628057211637497,-1.764526605606079
1790028932222472700,26.17147265625,-1.8267759084701538,0.7589619159698486,-1.7932571172714233
1790028932232482600,26.181482666015626,-3.2561142444610596,0.8164227604866028,-1.7142484188079834
1790028932242492200,26.1914921875,-2.8347349166870117,-0.7493851184844971,-0.019153613597154617
1790028932252502000,26.201501953125,-0.6847416758537292,-1.7070658206939697,2.006340980529785
1790028932262511900,26.211511962890626,1.5753847360610962,-1.6519991159439087,1.8938134908676147
1790028932292541200,26.241541259765626,0.033518824726343155,1.1899182796478271,-2.518700122833252
1790028932312530200,26.2615302734375,-1.8746598958969116,1.2713210582733154,-0.3447650372982025
1790028932322570500,26.271570556640626,-1.4101848602294922,-0.13407529890537262,0.8810662031173706
1790028932362701000,26.311701171875,0.933738648891449,0.8331822156906128,-1.922544002532959
1790028932382751000,26.3317509765625,-0.9720458984375,2.296039342880249,-2.6671407222747803
1790028932402801200,26.35180126953125,-0.45010992884635925,-0.5602431893348694,2.255337953567505
1790028932412810800,26.361810791015625,0.24899697303771973,-0.8236053586006165,1.9105730056762695
1790028932432891400,26.381891357421875,0.09576806426048279,-0.5219359993934631,-1.3503297567367554
1790028932442901200,26.3919013671875,1.05105459690094,-0.23942017555236816,-0.751779317855835
1790028932452880400,26.40188037109375,1.556231141090393,0.9481038451194763,-0.38307225704193115
1790028932462920700,26.411920654296875,0.7086837291717529,1.5753847360610962,-0.7661445140838623
1790028932472930600,26.4219306640625,-0.7972691655158997,1.479616641998291,-0.6416460275650024
1790028932482971000,26.431970947265626,-1.3407529592514038,0.4357447028160095,0.12689268589019775
1790028932492950000,26.441949951171875,-0.8954314589500427,-0.6033388376235962,0.9313444495201111
1790028932502990300,26.451990234375,-0.26336219906806946,-1.3503297567367554,0.7972691655158997
1790028932513000000,26.462,0.05506663769483566,-0.7948749661445618,0.026336219161748886
1790028932543121000,26.492120849609375,0.14604631066322327,0.4141969084739685,-0.7493851184844971
1790028932553161200,26.5021611328125,-0.021547814831137657,0.10295066982507706,0.9888052940368652
1790028932563171000,26.512171142578126,-0.17238251864910126,-0.3232172429561615,1.944091796875
1790028932573150200,26.522150146484375,-0.4189853072166443,-0.27054479718208313,1.3958195447921753
1790028932593230800,26.54223095703125,-0.9074024558067322,-0.8834604024887085,-0.3926490843296051
1790028932603240400,26.552240478515625,-0.6655880808830261,-0.7781155705451965,-0.2106897532939911
1790028932633300200,26.58230029296875,-0.2513911724090576,-0.11971008777618408,0.7326257228851318
1790028932663329500,26.61232958984375,-0.38546648621559143,-1.0678139925003052,0.9888052940368652
1790028932683349200,26.632349365234376,-0.2992752194404602,-0.0454898327589035,0.07661445438861847
1790028932713378600,26.662378662109376,0.10295066982507706,-0.28730419278144836,0.727837324142456
1790028932743468800,26.69246875,-0.011971008032560349,0.5410895943641663,-0.181959331035614
1790028932763488300,26.71248828125,0.014365210197865963,-0.3280056416988373,-0.1412578970193863
1790028932793609200,26.742609130859375,0.608127236366272,0.023942016065120697,0.7206547260284424
1790028932803619000,26.752619140625,0.9720458984375,0.10055647045373917,0.4620809257030487
1790028932823699500,26.772699462890625,0.6416460275650024,-0.014365210197865963,0.7805097699165344
1790028932853759200,26.80275927734375,-0.10534487664699554,-0.4836287498474121,0.22026655077934265
1790028932863769000,26.81276904296875,0.1364694982767105,-0.5195417404174805,0.6631938815116882
1790028932873779000,26.822779052734376,0.31364041566848755,-0.5386953949928284,1.1061211824417114
1790028932883788500,26.83278857421875,0.47165772318840027,-0.5841852426528931,1.3455413579940796
1790028932893798400,26.84279833984375,0.6488286852836609,-0.11252748221158981,0.26336219906806946
1790028932903838700,26.852838623046875,0.7972691655158997,-0.5770025849342346,0.8068459630012512
1790028932913848300,26.862848388671875,0.5793967843055725,-0.7709329724311829,1.3694833517074585
1790028932923858200,26.872858154296875,0.33758243918418884,-0.7637503147125244,1.6184803247451782
1790028932963988700,26.91298876953125,0.5626373887062073,-0.5913678407669067,0.49559974670410156
1790028932984039000,26.933038818359375,1.0007762908935547,-0.47884035110473633,1.0534487962722778
1790028933004088800,26.9530888671875,0.26575639843940735,-0.06464344263076782,0.4118026793003082
1790028933034148900,26.98314892578125,-0.2346317619085312,0.06464344263076782,-0.42377370595932007
1790028933054198800,27.00319873046875,-0.29209262132644653,-0.7876923680305481,0.42856210470199585
1790028933084197600,27.03319775390625,0.09576806426048279,-0.19632454216480255,0.8882488012313843
1790028933114318300,27.063318359375,0.2513911724090576,-0.181959331035614,0.9648633003234863
1790028933144347600,27.09334765625,-0.16759411990642548,0.3998316824436188,-0.06224924325942993
1790028933154357500,27.103357421875,-0.040701430290937424,0.33997663855552673,-0.11013327538967133
1790028933164367400,27.113367431640626,0.08619125932455063,-0.10055647045373917,0.33279404044151306
1790028933174377000,27.123376953125,0.2777273952960968,-0.2537853717803955,0.5482721924781799
1790028933184386800,27.13338671875,0.4429273009300232,-0.17238251864910126,0.49559974670410156
1790028933194396400,27.143396484375,0.6847416758537292,-0.1843535304069519,0.4596867263317108
1790028933224456400,27.17345654296875,0.07182604819536209,-0.40701428055763245,0.811634361743927
1790028933234496500,27.18349658203125,0.22026655077934265,-0.043095629662275314,0.7996633648872375
1790028933244506400,27.19350634765625,0.5937620401382446,-0.2298433631658554,0.8307880163192749
1790028933254516200,27.20351611328125,0.7637503147125244,-0.2346317619085312,0.7398083209991455
1790028933264525800,27.21352587890625,0.5530605912208557,-0.8403648138046265,1.235408067703247
1790028933274535700,27.22353564453125,0.15322890877723694,-1.2641384601593018,1.4844050407409668
1790028933284545500,27.233545654296876,-0.08619125932455063,-1.1971008777618408,1.742978811264038
1790028933304595500,27.253595458984375,-0.047884032130241394,-1.2306196689605713,1.625662922859192
1790028933314605300,27.263605224609375,-0.011971008032560349,-1.192312479019165,1.3024457693099976
1790028933324645600,27.273645751953126,-0.14604631066322327,-1.1037269830703735,1.173158884048462
1790028933334716400,27.28371630859375,-0.6440402865409851,-0.7254431247711182,0.7661445140838623
1790028933354766300,27.303766357421875,-1.048660397529602,-0.5147533416748047,0.08140286058187485
1790028933445006800,27.3940068359375,-0.4836287498474121,-0.5291185975074768,1.0031704902648926
1790028933455047200,27.404047119140625,-0.3663128614425659,-0.11013327538967133,0.5482721924781799
1790028933495177700,27.444177734375,-0.8619126081466675,-1.0845733880996704,0.8451532125473022
1790028933505187600,27.4541875,-0.9145850539207458,-1.091755986213684,0.993593692779541
1790028933515197400,27.464197509765626,-0.6248866319656372,-1.237802267074585,1.2114660739898682
1790028933525237500,27.474237548828125,-0.40222588181495667,-1.381454348564148,1.2521674633026123
1790028933535308300,27.484308349609375,-0.6009446382522583,-1.3982137441635132,1.1061211824417114
1790028933545318100,27.494318115234375,-1.1659762859344482,-0.9074024558067322,0.8619126081466675
1790028933555358500,27.5043583984375,-1.5969325304031372,-0.5530605912208557,0.5147533416748047
1790028933565368300,27.514368408203126,-1.3311761617660522,-0.9169792532920837,0.7350199222564697
1790028933575439000,27.524439208984376,-0.8355764150619507,-1.3431471586227417,0.9145850539207458
1790028933585479400,27.5344794921875,-0.6224924325942993,-1.335964560508728,1.1013327836990356
1790028933615569700,27.564569580078125,-0.9696516990661621,-0.9217676520347595,1.2234370708465576
1790028933635589000,27.584589111328125,-0.33279404044151306,-1.3072341680526733,1.5418659448623657
1790028933645599000,27.594598876953125,-0.6129156351089478,-1.625662922859192,2.1787235736846924
1790028933655639300,27.604639404296876,-0.9074024558067322,-1.4197616577148438,2.276885747909546
1790028933665649000,27.61464892578125,-0.828393816947937,-1.5466543436050415,2.011129379272461
1790028933675658800,27.62465869140625,-0.4596867263317108,-1.4700398445129395,1.6950948238372803
1790028933685699000,27.634698974609375,-0.43335050344467163,-1.237802267074585,1.4700398445129395
1790028933695708700,27.644708740234375,-0.4884171485900879,-0.7541735172271729,1.2665326595306396
1790028933705688000,27.65468798828125,-0.7350199222564697,-0.7541735172271729,1.3407529592514038
1790028933715728400,27.664728271484375,-1.0199298858642578,-0.912190854549408,1.3742717504501343
1790028933725768700,27.674768798828126,-1.1444283723831177,-0.9816226959228516,1.278503656387329
1790028933735778300,27.6847783203125,-1.05105459690094,-0.7996633648872375,0.6344634294509888
1790028933745788200,27.6947880859375,-0.8667010068893433,-0.8068459630012512,0.12928688526153564
1790028933755798000,27.704798095703126,-1.2665326595306396,-1.2473790645599365,1.0797849893569946
1790028933765807600,27.7148076171875,-1.723825216293335,-1.216254472732544,1.357512354850769
1790028933795898000,27.744898193359376,-1.0654197931289673,-0.7398083209991455,0.28969839215278625
1790028933815978500,27.764978515625,-0.933738648891449,-1.113303780555725,0.6033388376235962
1790028933835998200,27.784998291015626,-1.280897855758667,-0.689530074596405,1.0797849893569946
1790028933856048000,27.805048095703125,-1.5490485429763794,-1.1468225717544556,1.6950948238372803
1790028933866058000,27.81505810546875,-1.2258312702178955,0.4644751250743866,0.49320554733276367
1790028933876067600,27.825067626953125,-0.8212111592292786,0.5554547905921936,0.3447650372982025
1790028933896087300,27.84508740234375,-0.33279404044151306,0.42377370595932007,0.16759411990642548
1790028933906097000,27.855096923828125,-0.569819986820221,-0.07900865375995636,-0.06224924325942993
1790028933916106800,27.865106689453125,-0.9576807022094727,-0.08140286058187485,-0.629675030708313
1790028933926116600,27.87511669921875,-1.015141487121582,-0.06224924325942993,-0.6536170840263367
1790028933936156700,27.88515673828125,-0.4165911078453064,-0.06224924325942993,-0.43335050344467163
1790028933946166500,27.89516650390625,0.026336219161748886,-0.26336219906806946,0.790086567401886
1790028933966125000,27.915125,-0.28969839215278625,0.363918662071228,0.8403648138046265
1790028933976135000,27.925135009765626,-0.49559974670410156,0.6009446382522583,0.20350714027881622
1790028934006194700,27.955194580078125,-1.3742717504501343,-0.7637503147125244,-0.2082955539226532
1790028934016204300,27.965204345703125,-1.292868971824646,-0.26575639843940735,-0.16519992053508759
1790028934026244600,27.97524462890625,-0.9409212470054626,0.7996633648872375,-1.0271124839782715
1790028934106384000,28.0553837890625,-0.8140285611152649,0.47644615173339844,-0.08379705995321274
1790028934176543700,28.125543701171875,-0.9002198576927185,0.05506663769483566,-1.0893617868423462
1790028934206603500,28.155603515625,-1.0821791887283325,0.3878606855869293,-0.24660277366638184
1790028934216643800,28.165643798828125,-0.5722141861915588,-0.24181437492370605,0.507570743560791
1790028934226653700,28.17565380859375,-0.35673606395721436,-0.6416460275650024,0.7469909191131592
1790028934236632800,28.1856328125,-0.22744916379451752,-0.6823474764823914,0.28969839215278625
1790028934246642700,28.195642578125,-0.5291185975074768,-1.094150185585022,-0.21787235140800476
1790028934256683000,28.20568310546875,-0.6919242739677429,-0.47165772318840027,-0.42377370595932007
1790028934276733000,28.22573291015625,-1.680729627609253,0.6512228846549988,-1.1971008777618408
1790028934286742800,28.23574267578125,-1.8602946996688843,0.12928688526153564,-0.05027823522686958
1790028934296783000,28.245783203125,-1.0654197931289673,-0.26575639843940735,0.5913678407669067
1790028934316833000,28.2658330078125,0.3687070608139038,-0.5315127968788147,0.5339069962501526
1790028934326843000,28.2758427734375,0.19393034279346466,-0.3878606855869293,-0.20350714027881622
1790028934336852500,28.2858525390625,-0.22026655077934265,-0.3256114423274994,-0.42856210470199585
1790028934346862300,28.2958623046875,-0.2513911724090576,0.5315127968788147,-0.40222588181495667
1790028934366912500,28.31591259765625,-1.335964560508728,1.4532804489135742,-0.7326257228851318
1790028934457122300,28.406122314453125,0.3711012601852417,0.272938996553421,0.7924807667732239
1790028934477172500,28.42617236328125,-0.5937620401382446,0.29209262132644653,-1.359906554222107
1790028934517242000,28.4662421875,-1.2330138683319092,-1.5538369417190552,0.993593692779541
1790028934557372700,28.50637255859375,-1.5131354331970215,-0.849941611289978,0.569819986820221
1790028934567351800,28.516351806640625,-1.0295066833496094,0.5171475410461426,0.31603461503982544
1790028934577422600,28.526422607421875,-0.9026140570640564,1.4844050407409668,-0.7110779285430908
1790028934587432400,28.536432373046875,-1.460463047027588,1.316810965538025,0.33279404044151306
1790028934597472800,28.54647265625,-1.920149803161621,1.7166426181793213,0.8427590131759644
1790028934647552000,28.596552001953125,-0.849941611289978,0.019153613597154617,0.2298433631658554
1790028934657561900,28.606561767578125,-1.2234370708465576,0.4213795065879822,-0.26575639843940735
1790028934667571700,28.61657177734375,-1.6927006244659424,1.1971008777618408,-0.011971008032560349
1790028934677581300,28.626581298828125,-1.400607943534851,1.2306196689605713,1.01753568649292
1790028934687621600,28.63662158203125,-0.9217676520347595,1.0223240852355957,1.800439715385437
1790028934697662000,28.646661865234375,-0.6033388376235962,1.522712230682373,1.647210717201233
1790028934707671800,28.656671875,-0.667982280254364,1.9584569931030273,0.1867477297782898
1790028934717712000,28.6667119140625,-0.48602294921875,1.7980455160140991,-0.7781155705451965
1790028934737823000,28.686822998046875,-0.17238251864910126,1.5083470344543457,-1.2473790645599365
1790028934747832800,28.696832763671875,0.3519476354122162,1.091755986213684,-0.16519992053508759
1790028934757842700,28.7068427734375,0.2106897532939911,1.1180921792984009,0.3878606855869293
1790028934777862100,28.726862060546875,-0.2346317619085312,0.5434837937355042,0.11971008777618408
1790028934787902500,28.73690234375,-0.13407529890537262,0.7206547260284424,-0.6823474764823914
1790028934868072200,28.817072265625,-0.4884171485900879,-0.9792284965515137,-0.05746084079146385
1790028934948211200,28.897211181640625,1.1635819673538208,-0.05506663769483566,-2.027888774871826
1790028934958221000,28.907220947265625,0.5817909836769104,0.31364041566848755,-1.7549498081207275
1790028934968261400,28.917261474609376,-0.3423708379268646,1.3096283674240112,-0.8762778043746948
1790028934978271000,28.92727099609375,-1.1779472827911377,1.8602946996688843,-0.40462008118629456
1790028934988280800,28.93728076171875,-1.479616641998291,1.1803414821624756,-0.12210428714752197
1790028934998321200,28.947321044921875,-1.2497732639312744,0.12928688526153564,0.3878606855869293
1790028935008361500,28.957361572265626,-0.2777273952960968,-0.5722141861915588,0.2777273952960968
1790028935018401800,28.96740185546875,1.0678139925003052,-0.9840168952941895,-0.5291185975074768
1790028935028441900,28.97744189453125,1.5753847360610962,-0.730231523513794,-0.8930372595787048
1790028935038512600,28.9875126953125,0.912190854549408,0.5937620401382446,-0.727837324142456
1790028935048553000,28.997552978515625,-0.22266076505184174,1.5873557329177856,-0.6584054827690125
1790028935058562800,29.007562744140625,-1.0319008827209473,1.5394717454910278,-0.3902548849582672
1790028935068572700,29.01757275390625,-1.3934253454208374,0.912190854549408,-0.28730419278144836
1790028935078582300,29.027582275390625,-1.3862427473068237,-0.05267243832349777,-0.15562310814857483
1790028935088592100,29.037592041015625,-0.9097966551780701,-0.706289529800415,-0.040701430290937424
1790028935108642000,29.05764208984375,0.8978256583213806,-0.646434485912323,-0.7924807667732239
1790028935168761900,29.117761962890626,-0.3232172429561615,-0.5051765441894531,-0.1412578970193863
1790028935198791200,29.147791259765626,0.7254431247711182,0.545877993106842,-1.2234370708465576
1790028935218902300,29.16790234375,-0.5195417404174805,1.1851298809051514,-1.091755986213684
1790028935228911900,29.177911865234375,-0.6751648783683777,0.8523358106613159,-0.6320692300796509
1790028935309081600,29.25808154296875,-0.45489832758903503,0.33039984107017517,-0.3998316824436188
1790028935369262300,29.318262451171876,-0.10773907601833344,0.181959331035614,0.1173158809542656
1790028935449401300,29.3984013671875,0.19393034279346466,-0.11252748221158981,0.47884035110473633
1790028935459411200,29.4084111328125,0.26336219906806946,0.2059013396501541,-0.5195417404174805
1790028935469421000,29.418421142578126,0.28730419278144836,-0.4213795065879822,-0.5099649429321289
1790028935479430700,29.4284306640625,0.33279404044151306,-1.0749965906143188,0.21308395266532898
1790028935489440500,29.4384404296875,0.35913026332855225,-0.6799532771110535,-0.08140286058187485
1790028935499450400,29.448450439453126,0.507570743560791,-0.42377370595932007,-0.33039984107017517
1790028935519530800,29.46853076171875,0.6320692300796509,0.07661445438861847,-0.13168109953403473
1790028935529540600,29.47854052734375,0.7158663272857666,0.08140286058187485,-0.38307225704193115
1790028935539581000,29.488580810546875,0.849941611289978,-0.4668693244457245,0.11971008777618408
1790028935549590500,29.498590576171875,1.0055646896362305,-0.6703764796257019,0.507570743560791
1790028935559630800,29.508630859375,1.0199298858642578,-0.9361328482627869,0.40222588181495667
1790028935659820000,29.608820068359375,0.8690952062606812,-0.3423708379268646,0.4620809257030487
1790028935679870200,29.6288701171875,0.8690952062606812,0.36152446269989014,0.7805097699165344
1790028935689880000,29.638880126953126,1.2306196689605713,0.6153098344802856,0.22744916379451752
1790028935699889700,29.6488896484375,1.6663644313812256,0.12689268589019775,0.7924807667732239
1790028935719939800,29.66893994140625,1.6711528301239014,-0.507570743560791,1.8602946996688843
1790028935729949400,29.678949462890625,1.4987702369689941,-0.49799394607543945,2.2242133617401123
1790028935739959300,29.688959228515625,1.2856862545013428,-0.2777273952960968,2.183511972427368
1790028935749969200,29.69896923828125,1.278503656387329,-0.2561795711517334,1.8291701078414917
1790028935759978800,29.708978759765625,1.2282254695892334,-0.4908113479614258,1.3623007535934448
1790028935769988600,29.718988525390625,0.9457096457481384,-0.7469909191131592,1.3910311460494995
1790028935780029000,29.72902880859375,0.37828385829925537,-0.7086837291717529,1.2689268589019775
1790028935790038500,29.73903857421875,0.07182604819536209,-0.42616790533065796,0.9864110946655273
1790028935800048400,29.74904833984375,0.2944868206977844,-0.08619125932455063,0.6153098344802856
1790028935830169300,29.77916943359375,-0.2298433631658554,-0.35673606395721436,1.0055646896362305
1790028935890289000,29.839288818359375,0.2944868206977844,-0.5482721924781799,1.3215993642807007
1790028935900298800,29.849298828125,0.6177040338516235,-0.5841852426528931,2.3247697353363037
1790028935910308400,29.859308349609375,0.7086837291717529,-0.7852981686592102,3.0358476638793945
1790028935920318200,29.869318115234375,0.8882488012313843,-0.5267243981361389,2.6599581241607666
1790028935970458600,29.919458740234376,0.5003881454467773,-0.21547815203666687,0.4596867263317108
1790028935990508500,29.939508544921875,1.1803414821624756,-0.42616790533065796,1.0247182846069336
1790028936000518400,29.949518310546875,0.7996633648872375,-0.5339069962501526,1.0007762908935547
1790028936010528300,29.9595283203125,0.7422025203704834,-0.38067805767059326,0.7565677165985107
1790028936020537900,29.969537841796875,0.6799532771110535,-0.40940847992897034,0.689530074596405
1790028936030578200,29.979578125,0.8595184087753296,-0.5650315880775452,0.48602294921875
1790028936040588000,29.989588134765626,0.5889736413955688,-0.7445967197418213,0.4668693244457245
1790028936090697700,30.03969775390625,0.4189853072166443,-0.26096799969673157,0.42616790533065796
1790028936100738000,30.049738037109375,-0.090979665517807,-0.3926490843296051,1.0271124839782715
1790028936110748000,30.059747802734375,-0.2106897532939911,-0.19871874153614044,1.1276689767837524
1790028936120757500,30.069757568359375,0.22744916379451752,-0.2059013396501541,0.9433154463768005
1790028936130767400,30.079767333984375,1.0247182846069336,-0.2298433631658554,0.7445967197418213
1790028936140777200,30.089777099609375,0.8523358106613159,-0.507570743560791,1.2449848651885986
1790028936190856400,30.1398564453125,0.06224924325942993,-0.2753331959247589,1.1899182796478271
1790028936281066500,30.23006640625,0.44771572947502136,0.05027823522686958,0.20111294090747833
1790028936321136000,30.27013623046875,0.42856210470199585,-0.08140286058187485,0.07900865375995636
1790028936331145700,30.280145751953125,0.933738648891449,0.1604115068912506,-0.07661445438861847
1790028936341155600,30.290155517578125,0.43095630407333374,-0.24181437492370605,0.47405192255973816
1790028936351196000,30.30019580078125,-0.17717093229293823,-0.5147533416748047,0.5506663918495178
1790028936361205500,30.31020556640625,-0.21308395266532898,-0.4596867263317108,0.43335050344467163
1790028936371215400,30.32021533203125,0.16519992053508759,-0.26336219906806946,-0.10055647045373917
1790028936391265500,30.340265625,-0.1388636976480484,-0.5219359993934631,0.08379705995321274
1790028936401275100,30.350275146484375,-0.6871358752250671,-0.912190854549408,0.44771572947502136
1790028936441344800,30.3903447265625,0.035913024097681046,-0.5817909836769104,0.15801730751991272
1790028936451385000,30.400385009765625,-0.6320692300796509,-0.8451532125473022,0.6631938815116882
1790028936471435000,30.42043505859375,-0.3280056416988373,-0.5793967843055725,0.43335050344467163
1790028936481444900,30.43044482421875,0.05027823522686958,-0.43335050344467163,0.15801730751991272
1790028936491454700,30.440454833984376,0.05985504388809204,-0.4213795065879822,0.22744916379451752
1790028936551574300,30.50057421875,-0.3447650372982025,0.014365210197865963,-0.16519992053508759
1790028936581573000,30.530572998046875,-1.0319008827209473,-0.3902548849582672,0.4118026793003082
1790028936631622000,30.580621826171875,-0.9409212470054626,-0.2801215946674347,0.21547815203666687
1790028936641631700,30.5906318359375,-0.5817909836769104,-0.31364041566848755,0.0694318488240242
1790028936651671800,30.600671875,-0.5219359993934631,-0.2537853717803955,0.3878606855869293
1790028936661681700,30.610681640625,-0.48602294921875,-0.5147533416748047,1.05105459690094
1790028936671691500,30.62069140625,-1.314416766166687,-1.3862427473068237,1.9129672050476074
1790028936681670700,30.630670654296875,-1.5466543436050415,-1.0295066833496094,2.118868589401245
1790028936691711000,30.6407109375,-0.6823474764823914,-0.5147533416748047,0.7422025203704834
1790028936701751300,30.650751220703125,-1.194706678390503,-0.33758243918418884,0.45489832758903503
1790028936711791600,30.66079150390625,-2.070984363555908,-0.038307227194309235,-0.1412578970193863
1790028936721832000,30.67083203125,-2.535459518432617,-0.44532153010368347,0.6392518281936646
1790028936731841500,30.680841552734375,-2.87064790725708,-0.7422025203704834,1.2665326595306396
1790028936761870800,30.710870849609375,-0.6320692300796509,-0.28969839215278625,0.768538773059845
1790028936771911200,30.7209111328125,-0.7876923680305481,-0.12449848651885986,0.12210428714752197
1790028936781951500,30.730951416015625,-1.0319008827209473,-0.6320692300796509,0.6967126727104187
1790028936791961300,30.74096142578125,-1.1635819673538208,-0.9648633003234863,0.9911994934082031
1790028936801971000,30.750970947265625,-0.9481038451194763,-1.1563993692398071,0.6129156351089478
1790028936812011300,30.76101123046875,-0.5123591423034668,-1.0295066833496094,0.24420857429504395
1790028936822051600,30.771051513671875,0.05746084079146385,-0.45010992884635925,-0.29209262132644653
1790028936832061400,30.7810615234375,0.3926490843296051,0.1388636976480484,-0.9816226959228516
1790028936872130800,30.821130859375,-0.09816227108240128,0.5051765441894531,0.19153612852096558
1790028936882140700,30.831140625,0.11971008777618408,0.22266076505184174,0.038307227194309235
1790028936892181000,30.841180908203125,-0.043095629662275314,0.07422025501728058,-0.33279404044151306
1790028936922210300,30.871210205078125,-0.6224924325942993,0.033518824726343155,-0.10295066982507706
1790028936962280000,30.911280029296876,-0.6991068720817566,0.2106897532939911,0.646434485912323
1790028936972320000,30.921320068359375,-0.47405192255973816,0.1604115068912506,0.4884171485900879
1790028936982360300,30.9313603515625,-0.5410895943641663,0.07182604819536209,0.3495534360408783
1790028936992370200,30.9413701171875,-0.4644751250743866,0.011971008032560349,0.19632454216480255
1790028937002410500,30.951410400390625,-0.2298433631658554,0.1364694982767105,0.2298433631658554
1790028937012450800,30.961450927734376,-0.17477671802043915,0.14604631066322327,0.4908113479614258
1790028937022491100,30.9714912109375,-0.05746084079146385,0.06703764945268631,0.5506663918495178
1790028937032500700,30.981500732421875,-0.12689268589019775,-0.06224924325942993,0.4836287498474121
1790028937042510600,30.991510498046875,-0.12928688526153564,-0.16998831927776337,0.33518823981285095
1790028937052581400,31.001581298828125,-0.16759411990642548,-0.05506663769483566,0.26096799969673157
1790028937082641200,31.03164111328125,-0.3208230137825012,-0.3232172429561615,0.3974374830722809
1790028937092651000,31.041651123046876,-0.272938996553421,-0.08140286058187485,0.17956513166427612
1790028937102660600,31.05166064453125,-0.08379705995321274,-0.10773907601833344,-0.19632454216480255
1790028937112731400,31.0617314453125,-0.19632454216480255,-0.028730420395731926,-0.14365209639072418
1790028937122741200,31.0717412109375,-0.22505496442317963,0.05746084079146385,0.05985504388809204
1790028937132751000,31.081751220703126,-0.15801730751991272,-0.004788403399288654,0.14365209639072418
1790028937142760700,31.0917607421875,-0.06224924325942993,-0.05027823522686958,0.33997663855552673
1790028937152740000,31.101739990234375,-0.1628057211637497,-0.07661445438861847,0.19871874153614044
1790028937182830300,31.131830322265625,0.22505496442317963,-0.22026655077934265,-0.08140286058187485
1790028937192901000,31.141901123046875,0.047884032130241394,-0.08140286058187485,-0.1843535304069519
1790028937202911000,31.151910888671875,-0.12449848651885986,-0.009576806798577309,0.1149216815829277
1790028937212920800,31.1619208984375,-0.26096799969673157,-0.181959331035614,0.4189853072166443
1790028937232940300,31.181940185546875,-0.13407529890537262,-0.304063618183136,0.1388636976480484
1790028937242950000,31.191949951171875,0.08619125932455063,-0.2106897532939911,0.12689268589019775
1790028937252959700,31.201959716796875,0.14604631066322327,-0.10534487664699554,0.0933738648891449
1790028937262969600,31.211969482421875,0.05027823522686958,-0.16519992053508759,0.11971008777618408
1790028937273010000,31.222010009765626,-0.16519992053508759,-0.31364041566848755,0.26575639843940735
1790028937283050000,31.232050048828125,-0.27054479718208313,-0.26336219906806946,0.40940847992897034
1790028937293059800,31.242059814453125,-0.304063618183136,-0.21547815203666687,0.3280056416988373
1790028937303069700,31.252069580078125,-0.19632454216480255,-0.20350714027881622,0.2825157940387726
1790028937313079300,31.262079345703125,-0.21547815203666687,-0.2513911724090576,0.15801730751991272
1790028937323089200,31.272089111328125,-0.17956513166427612,-0.22026655077934265,0.20111294090747833
1790028937333129500,31.28212939453125,-0.20350714027881622,-0.21308395266532898,0.15562310814857483
1790028937343169800,31.292169677734375,-0.2346317619085312,-0.23702596127986908,0.17477671802043915
1790028937353179400,31.302179443359375,-0.3280056416988373,-0.15083470940589905,0.1364694982767105
1790028937363189200,31.312189208984375,-0.181959331035614,-0.2082955539226532,0.1412578970193863
1790028937383208700,31.332208740234375,-0.16519992053508759,-0.15801730751991272,0.1412578970193863
1790028937393218600,31.342218505859375,-0.3016694188117981,-0.23702596127986908,0.1364694982767105
1790028937413268700,31.362268798828126,-0.14844051003456116,-0.0933738648891449,0.06224924325942993
1790028937473418800,31.422418701171875,-0.2968810200691223,0.004788403399288654,0.1604115068912506
1790028937523498000,31.472498046875,-0.15801730751991272,0.021547814831137657,0.033518824726343155
1790028937533507800,31.4825078125,-0.17717093229293823,-0.05746084079146385,0.08858546614646912
1790028937593688600,31.5426884765625,-0.16998831927776337,0.026336219161748886,0.023942016065120697
1790028937613738500,31.562738525390625,-0.06703764945268631,0.07422025501728058,0.06224924325942993
1790028937623748400,31.572748291015625,-0.06464344263076782,0.08379705995321274,0.24660277366638184
1790028937643798300,31.59279833984375,-0.2801215946674347,-0.08379705995321274,0.3447650372982025
1790028937653808000,31.60280810546875,-0.3878606855869293,-0.13407529890537262,0.3902548849582672
1790028937663818000,31.61281787109375,-0.33997663855552673,-0.09816227108240128,0.26096799969673157
1790028937673827600,31.62282763671875,-0.1843535304069519,-0.15083470940589905,0.19153612852096558
1790028937683868000,31.632867919921875,-0.10055647045373917,-0.10773907601833344,0.2059013396501541
1790028937693877800,31.642877685546875,-0.27054479718208313,-0.11013327538967133,0.033518824726343155
1790028937703887600,31.6528876953125,-0.4405331015586853,-0.24899697303771973,0.24660277366638184
1790028937713897200,31.662897216796875,-0.21787235140800476,-0.26575639843940735,0.43095630407333374
1790028937733947400,31.682947509765626,0.0454898327589035,0.009576806798577309,-0.16998831927776337
1790028937743957000,31.69295703125,-0.13168109953403473,-0.019153613597154617,-0.14844051003456116
1790028937753997300,31.702997314453125,-0.42856210470199585,-0.10055647045373917,0.090979665517807
1790028937784118300,31.7331181640625,-0.1843535304069519,-0.13168109953403473,-0.08379705995321274
1790028937804168200,31.753168212890625,-0.18914192914962769,0.07661445438861847,-0.304063618183136
1790028937814239000,31.763239013671875,-0.27054479718208313,-0.10055647045373917,-0.05985504388809204
1790028937854339000,31.803339111328125,-0.19871874153614044,-0.05506663769483566,-0.21787235140800476
1790028937864379400,31.81337939453125,-0.05746084079146385,-0.10773907601833344,-0.07661445438861847
1790028937874419700,31.823419677734375,0.031124621629714966,0.014365210197865963,0.05985504388809204
1790028937884429600,31.8334296875,-0.12928688526153564,-0.12449848651885986,0.09576806426048279
1790028937894439200,31.843439208984375,-0.1628057211637497,-0.2585737705230713,0.22505496442317963
1790028937904479500,31.8534794921875,-0.06464344263076782,-0.3711012601852417,0.22505496442317963
1790028937944610000,31.893610107421875,-0.22505496442317963,-0.09816227108240128,0.09816227108240128
1790028937954620000,31.903619873046875,-0.26815059781074524,-0.1364694982767105,0.05267243832349777
1790028937964660200,31.91366015625,-0.26096799969673157,-0.05267243832349777,0.026336219161748886
1790028937974670000,31.923670166015626,-0.31124621629714966,0.08858546614646912,0.05985504388809204
1790028937984679700,31.9336796875,-0.33997663855552673,-0.12210428714752197,0.10295066982507706
1790028937994689500,31.943689453125,-0.27054479718208313,-0.17717093229293823,0.272938996553421
1790028938064941000,32.013941162109376,0,-0.06464344263076782,0.13168109953403473
1790028938084991000,32.03399096679688,-0.42856210470199585,-0.23702596127986908,0.08379705995321274
1790028938095000800,32.04400073242188,-0.35913026332855225,-0.15083470940589905,0.047884032130241394
1790028938105041200,32.054041259765626,-0.08379705995321274,-0.090979665517807,0.10534487664699554
1790028938115081500,32.06408154296875,-0.11013327538967133,0.021547814831137657,-0.028730420395731926
1790028938125091000,32.07409106445313,-0.33518823981285095,0.043095629662275314,-0.021547814831137657
1790028938145110500,32.09411059570313,-0.1388636976480484,0.13168109953403473,-0.08619125932455063
1790028938155120400,32.10412036132813,-0.10295066982507706,0.09816227108240128,-0.019153613597154617
1790028938165130200,32.11413012695313,-0.1843535304069519,0.2059013396501541,0.14365209639072418
1790028938175139800,32.12413989257813,-0.22505496442317963,0,-0.004788403399288654
1790028938195159600,32.14415966796875,-0.07182604819536209,-0.05506663769483566,0.1364694982767105
1790028938205200000,32.154199951171876,-0.031124621629714966,0.1843535304069519,0.033518824726343155
1790028938215240000,32.16423999023438,-0.16519992053508759,-0.028730420395731926,-0.07900865375995636
1790028938225249800,32.17424975585938,-0.3926490843296051,-0.12689268589019775,0
1790028938245361000,32.19436083984375,-0.20111294090747833,-0.1364694982767105,0.16998831927776337
1790028938265411000,32.2144111328125,-0.2082955539226532,-0.11252748221158981,0.016759412363171577
1790028938295409700,32.24440966796875,0.0071826050989329815,-0.09576806426048279,0.22744916379451752
1790028938305450000,32.25444995117188,-0.09576806426048279,-0.043095629662275314,0.1149216815829277
1790028938325500200,32.274500244140626,-0.2968810200691223,-0.11971008777618408,0.05985504388809204
1790028938335571000,32.284571044921876,-0.15801730751991272,-0.1628057211637497,0.06703764945268631
1790028938345580500,32.29458056640625,-0.17956513166427612,-0.15083470940589905,0.11971008777618408
1790028938355620900,32.30462084960938,-0.14844051003456116,-0.15801730751991272,-0.1412578970193863
1790028938365630700,32.31463061523438,-0.1867477297782898,0.011971008032560349,-0.1412578970193863
1790028938395690500,32.3446904296875,-0.07661445438861847,0.019153613597154617,0.4141969084739685
1790028938405700400,32.354700439453126,-0.011971008032560349,-0.040701430290937424,0.004788403399288654
1790028938415710000,32.3647099609375,-0.11971008777618408,-0.05985504388809204,-0.026336219161748886
1790028938425719800,32.3747197265625,-0.24181437492370605,-0.0933738648891449,0.10295066982507706
1790028938445769700,32.39476977539063,-0.16998831927776337,-0.13168109953403473,0.26336219906806946
1790028938455779600,32.40477954101563,-0.2825157940387726,-0.040701430290937424,0.06464344263076782
1790028938465820000,32.41481982421875,-0.23942017555236816,-0.038307227194309235,-0.019153613597154617
1790028938475829800,32.424829833984376,-0.10534487664699554,-0.033518824726343155,-0.14365209639072418
1790028938485839400,32.43483935546875,0.12449848651885986,0.06464344263076782,0
1790028938495849200,32.44484912109375,-0.11013327538967133,0.09816227108240128,0.11252748221158981
1790028938565948200,32.5149482421875,-0.3280056416988373,-0.12449848651885986,0.10773907601833344
1790028938616088300,32.56508837890625,0.090979665517807,-0.047884032130241394,0.17477671802043915
1790028938626098200,32.57509814453125,0.011971008032560349,-0.14604631066322327,0.17956513166427612
1790028938636138500,32.58513842773438,-0.1843535304069519,-0.0933738648891449,0.08619125932455063
1790028938676208000,32.6252080078125,-0.3926490843296051,-0.11013327538967133,0.021547814831137657
1790028938706298400,32.65529833984375,-0.26096799969673157,-0.019153613597154617,-0.16998831927776337
