time,seconds_elapsed,x,z,y
1790028845178393900,0.111393798828125,-0.08140286058187485,0.3064578175544739,0.021547814831137657
1790028845188373000,0.121373046875,-0.3208230137825012,0.24420857429504395,-0.16519992053508759
1790028845198082800,0.131082763671875,-0.040701430290937424,0.021547814831137657,0.019153613597154617
1790028845217502500,0.15050244140625,0.016759412363171577,-0.2753331959247589,0.07182604819536209
1790028845237252400,0.17025244140625,-0.15562310814857483,-0.09576806426048279,0.05506663769483566
1790028845247262200,0.18026220703125,-0.08619125932455063,-0.047884032130241394,0.06224924325942993
1790028845257272000,0.19027197265625,-0.08619125932455063,0.05267243832349777,0.0071826050989329815
1790028845267281700,0.20028173828125,-0.2513911724090576,-0.11971008777618408,0.10295066982507706
1790028845287301000,0.220301025390625,-0.45010992884635925,-0.07661445438861847,0.21547815203666687
1790028845347359700,0.28035986328125,-0.035913024097681046,-0.031124621629714966,0.08858546614646912
1790028845357339100,0.290339111328125,-0.08140286058187485,-0.0454898327589035,-0.038307227194309235
1790028845367348700,0.3003486328125,-0.0933738648891449,0.0071826050989329815,-0.014365210197865963
1790028845377389000,0.31038916015625,0.028730420395731926,-0.035913024097681046,-0.023942016065120697
1790028845387368400,0.320368408203125,-0.090979665517807,-0.043095629662275314,0.09816227108240128
1790028845397378000,0.3303779296875,-0.27054479718208313,-0.10773907601833344,0.16759411990642548
1790028845407418400,0.34041845703125,-0.26336219906806946,-0.2059013396501541,0.021547814831137657
1790028845417458700,0.350458740234375,-0.13168109953403473,-0.18914192914962769,0.090979665517807
1790028845437478100,0.37047802734375,-0.23702596127986908,-0.13168109953403473,-0.06703764945268631
1790028845447518500,0.3805185546875,-0.08858546614646912,-0.11013327538967133,-0.07900865375995636
1790028845457558800,0.390558837890625,-0.1628057211637497,-0.17238251864910126,0.05985504388809204
1790028845467599000,0.40059912109375,-0.36152446269989014,0.038307227194309235,0.10773907601833344
1790028845477609000,0.41060888671875,-0.33758243918418884,-0.06464344263076782,0.12689268589019775
1790028845487618600,0.42061865234375,-0.19393034279346466,-0.1149216815829277,0.11013327538967133
1790028845497628400,0.43062841796875,-0.10534487664699554,-0.08379705995321274,0.06464344263076782
1790028845507638300,0.44063818359375,-0.15562310814857483,-0.033518824726343155,0.09816227108240128
1790028845517617400,0.450617431640625,-0.2801215946674347,-0.090979665517807,0.17238251864910126
1790028845527657700,0.46065771484375,-0.181959331035614,0.0071826050989329815,0.08858546614646912
1790028845537698000,0.470697998046875,-0.18914192914962769,-0.031124621629714966,-0.05027823522686958
1790028845557717500,0.490717529296875,-0.24660277366638184,-0.10295066982507706,-0.038307227194309235
1790028845567727400,0.500727294921875,-0.35434186458587646,-0.17717093229293823,0.07182604819536209
1790028845577737000,0.510737060546875,-0.23702596127986908,-0.22505496442317963,0.08379705995321274
1790028845587746800,0.520746826171875,-0.24181437492370605,-0.18914192914962769,0.043095629662275314
1790028845597756700,0.530756591796875,-0.12689268589019775,-0.17477671802043915,-0.1364694982767105
1790028845627816400,0.56081640625,-0.0933738648891449,-0.16759411990642548,0.031124621629714966
1790028845637856800,0.570856689453125,0,-0.009576806798577309,-0.023942016065120697
1790028845647836000,0.5808359375,-0.023942016065120697,-0.06703764945268631,0.002394201699644327
1790028845667886000,0.600885986328125,0.002394201699644327,-0.038307227194309235,-0.06224924325942993
1790028845677895700,0.610895751953125,-0.06464344263076782,0.026336219161748886,-0.043095629662275314
1790028845687905500,0.620905517578125,-0.09816227108240128,-0.021547814831137657,-0.10534487664699554
1790028845697915100,0.6309150390625,-0.10055647045373917,-0.004788403399288654,0.023942016065120697
1790028845707955500,0.64095556640625,-0.16998831927776337,-0.05267243832349777,0.06703764945268631
1790028845727944400,0.6609443359375,-0.019153613597154617,0.15083470940589905,0.014365210197865963
1790028845737984800,0.67098486328125,-0.15801730751991272,0.10773907601833344,0.026336219161748886
1790028845788033500,0.721033447265625,-0.2753331959247589,-0.19632454216480255,0.0454898327589035
1790028845868203300,0.801203369140625,-0.15801730751991272,-0.11013327538967133,0.033518824726343155
1790028845878213000,0.811213134765625,-0.11252748221158981,-0.1149216815829277,0.10773907601833344
1790028845888223000,0.821222900390625,-0.1412578970193863,0.026336219161748886,-0.040701430290937424
1790028845908273000,0.84127294921875,0.0071826050989329815,0.05267243832349777,0.023942016065120697
1790028845918313200,0.851313232421875,-0.14365209639072418,-0.047884032130241394,0.07900865375995636
1790028845928292400,0.861292236328125,-0.11971008777618408,-0.06224924325942993,0.10534487664699554
1790028845938363100,0.871363037109375,-0.10295066982507706,0.019153613597154617,0.038307227194309235
1790028845948434200,0.88143408203125,-0.09576806426048279,-0.011971008032560349,-0.05506663769483566
1790028845958505000,0.8915048828125,-0.1867477297782898,-0.031124621629714966,-0.019153613597154617
1790028845968514600,0.9015146484375,-0.2106897532939911,-0.09816227108240128,-0.05027823522686958
1790028845978494000,0.911493896484375,-0.1388636976480484,-0.0933738648891449,0.047884032130241394
1790028845988534300,0.9215341796875,-0.019153613597154617,-0.028730420395731926,0.10055647045373917
1790028845998574300,0.93157421875,-0.09816227108240128,0.038307227194309235,0.1843535304069519
1790028846008584200,0.941584228515625,-0.15083470940589905,-0.009576806798577309,0.19632454216480255
1790028846018594000,0.951593994140625,-0.13168109953403473,-0.016759412363171577,0.1149216815829277
1790028846028603600,0.961603759765625,-0.13168109953403473,-0.014365210197865963,0.12928688526153564
1790028846048623400,0.981623291015625,-0.10055647045373917,-0.028730420395731926,0.05746084079146385
1790028846058633000,0.991633056640625,-0.06224924325942993,-0.11252748221158981,0.07182604819536209
1790028846068642800,1.001642822265625,-0.31364041566848755,-0.08379705995321274,0.10055647045373917
1790028846078713600,1.011713623046875,-0.20350714027881622,-0.031124621629714966,0.07900865375995636
1790028846088723500,1.021723388671875,-0.0694318488240242,-0.08858546614646912,-0.05267243832349777
1790028846098733000,1.031733154296875,-0.023942016065120697,-0.016759412363171577,-0.043095629662275314
1790028846108712400,1.04171240234375,-0.15562310814857483,0.021547814831137657,0.0071826050989329815
1790028846118783200,1.051783203125,-0.2082955539226532,-0.15322890877723694,-0.014365210197865963
1790028846128762400,1.061762451171875,-0.13407529890537262,-0.09576806426048279,0.08140286058187485
1790028846138833200,1.071833251953125,-0.11971008777618408,-0.12928688526153564,0.047884032130241394
1790028846148843000,1.081843017578125,-0.21787235140800476,-0.1173158809542656,0.06224924325942993
1790028846168862500,1.101862548828125,-0.1867477297782898,0.009576806798577309,0.004788403399288654
1790028846178872300,1.111872314453125,-0.06224924325942993,-0.009576806798577309,0.033518824726343155
1790028846188821000,1.121821044921875,-0.047884032130241394,-0.11013327538967133,0.028730420395731926
1790028846198800400,1.13180029296875,-0.1149216815829277,0,0.14604631066322327
1790028846278939400,1.211939453125,-0.33279404044151306,-0.12928688526153564,0.038307227194309235
1790028846288949200,1.22194921875,-0.2968810200691223,-0.07422025501728058,0.1604115068912506
1790028846299020000,1.23202001953125,-0.24899697303771973,0.047884032130241394,0.035913024097681046
1790028846309029600,1.242029541015625,-0.08619125932455063,-0.035913024097681046,-0.06224924325942993
1790028846319039500,1.25203955078125,-0.10295066982507706,-0.038307227194309235,-0.0933738648891449
1790028846349129700,1.282129638671875,-0.1388636976480484,-0.15083470940589905,0.12210428714752197
1790028846369149400,1.3021494140625,-0.31603461503982544,-0.10534487664699554,0.0454898327589035
1790028846379189800,1.312189697265625,-0.19153612852096558,-0.043095629662275314,0.019153613597154617
1790028846389199400,1.322199462890625,-0.019153613597154617,-0.004788403399288654,0.07661445438861847
1790028846399209200,1.332209228515625,-0.1843535304069519,0.043095629662275314,0.12210428714752197
1790028846409249500,1.34224951171875,-0.15562310814857483,-0.07422025501728058,0.14365209639072418
1790028846419259100,1.352259033203125,-0.20350714027881622,-0.090979665517807,-0.028730420395731926
1790028846449288400,1.382288330078125,-0.1412578970193863,0.002394201699644327,0.033518824726343155
1790028846459328800,1.392328857421875,-0.12449848651885986,-0.011971008032560349,0.07900865375995636
1790028846469338600,1.402338623046875,0,-0.043095629662275314,0.06464344263076782
1790028846479379000,1.41237890625,-0.016759412363171577,-0.15083470940589905,-0.05746084079146385
1790028846489388500,1.422388427734375,-0.16519992053508759,-0.019153613597154617,-0.07900865375995636
1790028846569497300,1.502497314453125,0.026336219161748886,-0.1173158809542656,0.1173158809542656
1790028846649606000,1.58260595703125,-0.1867477297782898,-0.11971008777618408,0.07661445438861847
1790028846739816000,1.67281591796875,-0.05746084079146385,-0.05267243832349777,0
1790028846789956400,1.722956298828125,-0.12449848651885986,0.05506663769483566,0.1149216815829277
1790028846880135700,1.8131357421875,-0.031124621629714966,-0.023942016065120697,-0.023942016065120697
1790028846960244500,1.893244384765625,-0.1388636976480484,-0.08619125932455063,0.040701430290937424
1790028846990334700,1.923334716796875,-0.08140286058187485,-0.05985504388809204,-0.031124621629714966
1790028847000375000,1.933375,-0.14844051003456116,-0.08140286058187485,0.033518824726343155
1790028847030404400,1.963404296875,-0.12210428714752197,-0.026336219161748886,-0.0071826050989329815
1790028847080483600,2.013483642578125,-0.08619125932455063,0.09816227108240128,0.08858546614646912
1790028847090493400,2.023493408203125,-0.090979665517807,0.07900865375995636,0.033518824726343155
1790028847130563000,2.06356298828125,-0.10295066982507706,-0.05985504388809204,-0.040701430290937424
1790028847140572700,2.07357275390625,-0.12449848651885986,-0.011971008032560349,-0.06464344263076782
1790028847150582500,2.08358251953125,-0.14604631066322327,-0.0694318488240242,0.13168109953403473
1790028847160592400,2.09359228515625,-0.15562310814857483,0,0.1173158809542656
1790028847170571500,2.103571533203125,-0.10055647045373917,-0.004788403399288654,0.12449848651885986
1790028847180611800,2.11361181640625,-0.15083470940589905,-0.05985504388809204,0.07661445438861847
1790028847190621400,2.123621337890625,-0.2968810200691223,0.08619125932455063,-0.014365210197865963
1790028847210641200,2.14364111328125,-0.26096799969673157,-0.15801730751991272,0.043095629662275314
1790028847220712000,2.1537119140625,-0.18914192914962769,-0.043095629662275314,-0.05027823522686958
1790028847230721500,2.163721435546875,-0.13407529890537262,0.019153613597154617,-0.06703764945268631
1790028847240761900,2.173761962890625,-0.08619125932455063,-0.09816227108240128,-0.004788403399288654
1790028847250771700,2.183771728515625,-0.17477671802043915,-0.07182604819536209,0.028730420395731926
1790028847260781600,2.193781494140625,-0.13407529890537262,-0.035913024097681046,0.05267243832349777
1790028847270852400,2.203852294921875,-0.20350714027881622,-0.035913024097681046,0.1388636976480484
1790028847280862000,2.213862060546875,-0.14604631066322327,0.06224924325942993,-0.028730420395731926
1790028847290871800,2.223871826171875,-0.12928688526153564,0.009576806798577309,0.0454898327589035
1790028847300881700,2.233881591796875,-0.08140286058187485,0.014365210197865963,0.05506663769483566
1790028847381173200,2.31417333984375,-0.1867477297782898,0.038307227194309235,-0.009576806798577309
1790028847391213600,2.324213623046875,-0.15562310814857483,0.08619125932455063,0.014365210197865963
1790028847401254000,2.33425390625,-0.08140286058187485,0.035913024097681046,0.019153613597154617
1790028847431313700,2.364313720703125,-0.24660277366638184,0.038307227194309235,0.05985504388809204
1790028847451363800,2.38436376953125,-0.035913024097681046,0.023942016065120697,0.12928688526153564
1790028847461404000,2.39440380859375,-0.0933738648891449,-0.040701430290937424,-0.07422025501728058
1790028847471413800,2.404413818359375,-0.11971008777618408,-0.09576806426048279,-0.08619125932455063
1790028847481423600,2.414423583984375,-0.19153612852096558,-0.12449848651885986,0.033518824726343155
1790028847491433200,2.42443310546875,-0.07422025501728058,-0.023942016065120697,0.1173158809542656
1790028847501504000,2.43450390625,-0.181959331035614,-0.07661445438861847,-0.026336219161748886
1790028847511513900,2.444513916015625,-0.2059013396501541,-0.14844051003456116,-0.040701430290937424
1790028847521523700,2.454523681640625,-0.1628057211637497,-0.05027823522686958,-0.009576806798577309
1790028847541604000,2.47460400390625,-0.15562310814857483,-0.016759412363171577,0.05985504388809204
1790028847551614000,2.484614013671875,-0.1628057211637497,0.021547814831137657,0.12928688526153564
1790028847591683600,2.52468359375,-0.10055647045373917,0.002394201699644327,0.06703764945268631
1790028847631783700,2.56478369140625,-0.019153613597154617,-0.026336219161748886,0.14365209639072418
1790028847661843500,2.594843505859375,-0.1364694982767105,0.1149216815829277,0.07422025501728058
1790028847671853300,2.604853271484375,-0.06464344263076782,0.07661445438861847,0.014365210197865963
1790028847681893600,2.6148935546875,-0.21308395266532898,-0.06224924325942993,0.07182604819536209
1790028847691903200,2.6249033203125,-0.272938996553421,-0.15083470940589905,0.14365209639072418
1790028847762032600,2.69503271484375,-0.0933738648891449,0.0454898327589035,0.13168109953403473
1790028847772042500,2.70504248046875,-0.06464344263076782,-0.0933738648891449,-0.0071826050989329815
1790028847782082800,2.715082763671875,-0.15083470940589905,-0.15801730751991272,-0.05506663769483566
1790028847802102300,2.735102294921875,-0.16519992053508759,-0.06703764945268631,0.05506663769483566
1790028847812112100,2.745112060546875,-0.2561795711517334,-0.026336219161748886,0
1790028847822121700,2.755121826171875,-0.19393034279346466,0.0071826050989329815,-0.031124621629714966
1790028847862191400,2.79519140625,-0.0933738648891449,0.13168109953403473,0.08379705995321274
1790028847892251100,2.825251220703125,-0.11971008777618408,-0.002394201699644327,0.13168109953403473
1790028847902261000,2.835260986328125,-0.07900865375995636,0.023942016065120697,0.14604631066322327
1790028847912270800,2.845270751953125,-0.2059013396501541,-0.0694318488240242,0.026336219161748886
1790028847922280400,2.855280517578125,-0.26575639843940735,-0.09816227108240128,0.011971008032560349
1790028847932290300,2.865290283203125,-0.3064578175544739,0,-0.07661445438861847
1790028847942300000,2.8752998046875,-0.3256114423274994,-0.15083470940589905,0.13168109953403473
1790028847952309800,2.885309814453125,-0.38307225704193115,-0.15801730751991272,0.47644615173339844
1790028847972329200,2.9053291015625,-0.09816227108240128,-0.3495534360408783,0.9792284965515137
1790028847982369500,2.91536962890625,-0.23942017555236816,-0.14365209639072418,0.9696516990661621
1790028847992379400,2.92537939453125,-0.4812345504760742,-0.3280056416988373,0.9768342971801758
1790028848002419700,2.935419677734375,-0.6320692300796509,-0.8930372595787048,0.7613561153411865
1790028848012460000,2.9454599609375,-0.9696516990661621,-1.1971008777618408,0.4357447028160095
1790028848022469600,2.9554697265625,-1.3215993642807007,-1.0438719987869263,0.15083470940589905
1790028848032540400,2.96554052734375,-1.5921441316604614,-0.6919242739677429,-0.4405331015586853
1790028848042550300,2.97555029296875,-1.5107412338256836,-0.3208230137825012,-0.9433154463768005
1790028848052590600,2.985590576171875,-1.338358759880066,-0.038307227194309235,-1.192312479019165
1790028848062600200,2.99560009765625,-1.072602391242981,0.021547814831137657,-1.0319008827209473
1790028848082620000,3.015619873046875,-1.6328455209732056,-0.3687070608139038,0.17956513166427612
1790028848092629500,3.02562939453125,-1.7980455160140991,-0.6368576288223267,0.019153613597154617
1790028848102639400,3.035639404296875,-1.5059528350830078,-0.6584054827690125,-0.4836287498474121
1790028848112649200,3.045649169921875,-0.9983820915222168,-0.5003881454467773,-0.9026140570640564
1790028848132699100,3.06569921875,-0.7398083209991455,-0.026336219161748886,-0.14604631066322327
1790028848212838400,3.14583837890625,-2.212242364883423,-0.29209262132644653,0.3495534360408783
1790028848252969000,3.185968994140625,-2.300827741622925,-0.8427590131759644,-0.2106897532939911
1790028848273019100,3.20601904296875,-3.045424461364746,-1.1037269830703735,0.9600749015808105
1790028848293099500,3.226099609375,-2.3056161403656006,-1.1348515748977661,1.522712230682373
1790028848303109400,3.236109375,-2.2649147510528564,-1.2090718746185303,1.721431016921997
1790028848313149700,3.246149658203125,-2.4181437492370605,-1.3192051649093628,1.6615760326385498
1790028848323159300,3.2561591796875,-2.9975404739379883,-1.357512354850769,1.843535304069519
1790028848333169200,3.266169189453125,-3.3423056602478027,-1.6280571222305298,1.2330138683319092
1790028848413308400,3.346308349609375,-2.1978771686553955,-0.48602294921875,0.5770025849342346
1790028848423318000,3.356318115234375,-3.5936968326568604,-0.8786720037460327,0.33279404044151306
1790028848443337700,3.376337646484375,-1.3000515699386597,0.37828385829925537,-1.5275006294250488
1790028848453347300,3.386347412109375,-0.5099649429321289,-0.4381389021873474,-0.6607996821403503
1790028848463387600,3.3963876953125,-1.1252747774124146,-1.280897855758667,0.05267243832349777
1790028848473397500,3.4063974609375,-2.5234885215759277,-1.0295066833496094,0.10534487664699554
1790028848553536500,3.48653662109375,-0.7781155705451965,0.5123591423034668,-1.3455413579940796
1790028848563576800,3.496576904296875,0.9193734526634216,-0.19393034279346466,-0.5985504388809204
1790028848603646500,3.536646484375,-1.2976573705673218,-0.17717093229293823,-0.7613561153411865
1790028848613625600,3.54662548828125,-0.2585737705230713,0.3256114423274994,-1.599326729774475
1790028848623666000,3.556666015625,-0.3711012601852417,-0.16759411990642548,-0.8954314589500427
1790028848633706200,3.566706298828125,-1.4987702369689941,-0.42856210470199585,-0.629675030708313
1790028848643746600,3.57674658203125,-1.9297266006469727,-0.07422025501728058,-1.6519991159439087
1790028848653756400,3.58675634765625,-0.9313444495201111,0.3711012601852417,-2.432508945465088
1790028848663766000,3.59676611328125,-0.07182604819536209,-0.5674257874488831,-2.0398597717285156
1790028848673775900,3.60677587890625,-0.22266076505184174,-1.4987702369689941,-0.8810662031173706
1790028848703805200,3.63680517578125,-1.5705963373184204,1.8555063009262085,-1.1683704853057861
1790028848713815000,3.64681494140625,-1.623268723487854,1.6519991159439087,-0.2944868206977844
1790028848723855000,3.656855224609375,-1.5729905366897583,1.659181833267212,-0.3064578175544739
1790028848783975000,3.716974853515625,-0.9864110946655273,0.5985504388809204,-0.6033388376235962
1790028848803994400,3.736994384765625,-2.1547815799713135,0.9169792532920837,-0.035913024097681046
1790028848814004200,3.747004150390625,-2.626439332962036,0.751779317855835,0.4668693244457245
1790028848834054100,3.76705419921875,-1.9919757843017578,-0.4668693244457245,-1.115697979927063
1790028848874123800,3.807123779296875,-1.8602946996688843,0.7948749661445618,-0.7469909191131592
1790028848944222700,3.87722265625,-5.872976779937744,0.24899697303771973,-1.6639702320098877
1790028848954232300,3.887232421875,-7.592013359069824,0.28730419278144836,-2.537853717803955
1790028848964242200,3.8972421875,-8.322244644165039,0.35673606395721436,-3.5889084339141846
1790028848974282500,3.907282470703125,-7.802703380584717,-0.011971008032560349,-4.2329487800598145
1790028848984292000,3.9172919921875,-5.765237808227539,0.304063618183136,-2.5785553455352783
1790028848994363100,3.927363037109375,-3.157952070236206,0.15322890877723694,-0.8738836050033569
1790028849004434000,3.937433837890625,-1.4748282432556152,-0.1628057211637497,-0.7469909191131592
1790028849014443500,3.947443603515625,-1.8148049116134644,-0.05985504388809204,-1.1803414821624756
1790028849044472800,3.977472900390625,-2.2625205516815186,-0.7230489253997803,0.023942016065120697
1790028849054513200,3.98751318359375,-1.2282254695892334,-0.9528923034667969,-0.6153098344802856
1790028849074532600,4.00753271484375,-3.1651346683502197,0.17238251864910126,-1.7094600200653076
1790028849104562000,4.03756201171875,-1.0965443849563599,0.4118026793003082,0.42856210470199585
1790028849114602200,4.047602294921875,-1.0127472877502441,0.9457096457481384,-0.1867477297782898
1790028849134652400,4.06765234375,-2.118868589401245,1.9321208000183105,0.14604631066322327
1790028849144662000,4.077662109375,-1.8602946996688843,2.075772762298584,-0.16759411990642548
1790028849154671900,4.087671875,-1.764526605606079,2.5761611461639404,-0.1604115068912506
1790028849184731600,4.117731689453125,-1.1252747774124146,2.3295583724975586,0.8595184087753296
1790028849264809700,4.197809814453125,-0.8643068075180054,0.8858546018600464,-0.3423708379268646
1790028849364999000,4.2979990234375,-1.170764684677124,0.11252748221158981,0.15801730751991272
1790028849465218800,4.39821875,-0.19153612852096558,-0.4692635238170624,-0.5099649429321289
1790028849495278600,4.428278564453125,-1.2066776752471924,0.19393034279346466,-1.5729905366897583
1790028849505288200,4.4382880859375,-1.3287819623947144,0.2346317619085312,-1.4700398445129395
1790028849535378700,4.468378662109375,-1.036689281463623,-0.40940847992897034,-0.2849099934101105
1790028849545388300,4.47838818359375,-0.12928688526153564,-0.18914192914962769,0.6536170840263367
1790028849555398100,4.488398193359375,0.42856210470199585,-0.004788403399288654,0.4357447028160095
1790028849565408000,4.498407958984375,0,0.272938996553421,-0.026336219161748886
1790028849585488400,4.51848828125,-1.6831238269805908,0.44771572947502136,-1.3431471586227417
1790028849605508000,4.538508056640625,-1.6855180263519287,-0.1388636976480484,-0.6033388376235962
1790028849615517700,4.548517578125,-0.8044517636299133,-0.7469909191131592,0.0694318488240242
1790028849635567900,4.56856787109375,0.9672574996948242,-0.8547300100326538,1.965639591217041
1790028849645608200,4.578608154296875,1.2090718746185303,0.21787235140800476,0.730231523513794
1790028849655648500,4.5886484375,-0.05027823522686958,0.8236053586006165,-1.7597382068634033
1790028849685738800,4.61873876953125,-2.738966703414917,-1.4987702369689941,-0.2801215946674347
1790028849745888800,4.678888671875,-2.695871114730835,0.2992752194404602,-0.7469909191131592
1790028849826058500,4.75905859375,-1.7597382068634033,0.47644615173339844,-0.7398083209991455
1790028849896157400,4.829157470703125,-1.381454348564148,-0.6488286852836609,-0.18914192914962769
1790028849956338200,4.889338134765625,-1.4628572463989258,0.06464344263076782,-0.4644751250743866
1790028849976388000,4.90938818359375,-1.2689268589019775,-1.1755530834197998,0.6416460275650024
1790028849986428400,4.919428466796875,-0.7781155705451965,-1.213860273361206,0.5267243981361389
1790028849996468700,4.92946875,-0.15801730751991272,-0.1843535304069519,0.28969839215278625
1790028850006478600,4.939478515625,0.06464344263076782,0.14365209639072418,-0.272938996553421
1790028850016488200,4.94948828125,0.040701430290937424,0.011971008032560349,-0.14844051003456116
1790028850026528500,4.959528564453125,-0.26575639843940735,-0.3280056416988373,-0.09816227108240128
1790028850046548000,4.9795478515625,-0.5985504388809204,-1.0223240852355957,1.7621324062347412
1790028850056588300,4.98958837890625,-0.15562310814857483,-0.35913026332855225,0.5674257874488831
1790028850066628600,4.999628662109375,0.3663128614425659,-0.38307225704193115,0.06224924325942993
1790028850076638500,5.009638427734375,0.3711012601852417,-0.42856210470199585,0.28730419278144836
1790028850086648000,5.01964794921875,0.009576806798577309,-0.5339069962501526,0.7661445140838623
1790028850096658000,5.029657958984375,-0.6799532771110535,-0.31842881441116333,1.173158884048462
1790028850106698200,5.0396982421875,-0.933738648891449,0.2968810200691223,-0.05985504388809204
1790028850116708000,5.0497080078125,-0.7589619159698486,-0.14604631066322327,-0.811634361743927
1790028850126748200,5.059748046875,-0.43335050344467163,-0.9289502501487732,-0.6703764796257019
1790028850176797200,5.109797119140625,-0.828393816947937,-0.2968810200691223,0.5722141861915588
1790028850186837200,5.119837158203125,-0.8331822156906128,-0.21547815203666687,0.3280056416988373
1790028850226846000,5.159845947265625,-0.42856210470199585,-0.7733271718025208,0.08858546614646912
1790028850276956000,5.209955810546875,0.026336219161748886,-0.6775590777397156,0.5267243981361389
1790028850307015700,5.240015625,-0.5171475410461426,-0.090979665517807,0.38307225704193115
1790028850317025300,5.250025390625,-0.3663128614425659,-0.33279404044151306,0.2106897532939911
1790028850327035100,5.26003515625,-0.2346317619085312,-0.5434837937355042,0.5482721924781799
1790028850337075500,5.270075439453125,-0.3423708379268646,-0.790086567401886,0.7134721279144287
1790028850347115800,5.28011572265625,-0.4405331015586853,-0.751779317855835,0.768538773059845
1790028850357186600,5.2901865234375,-0.2801215946674347,-0.40701428055763245,0.47884035110473633
1790028850367196200,5.300196044921875,-0.24420857429504395,0.1604115068912506,0.28969839215278625
1790028850387216000,5.3202158203125,-0.1843535304069519,-0.272938996553421,0.5770025849342346
1790028850397225500,5.3302255859375,-0.40701428055763245,-0.3998316824436188,0.8044517636299133
1790028850407235300,5.3402353515625,-0.6751648783683777,-0.40462008118629456,0.40462008118629456
1790028850417245200,5.3502451171875,-0.6512228846549988,-0.5123591423034668,-0.019153613597154617
1790028850437234200,5.370234130859375,-0.5195417404174805,-0.586579442024231,0.1173158809542656
1790028850447305000,5.380304931640625,-0.689530074596405,-0.6320692300796509,0.38067805767059326
1790028850457345300,5.39034521484375,-0.8595184087753296,-0.7469909191131592,0.45010992884635925
1790028850477395200,5.410395263671875,-0.6560112833976746,-0.36152446269989014,0.7924807667732239
1790028850487435500,5.420435546875,-0.33279404044151306,-0.689530074596405,0.8044517636299133
1790028850497445400,5.4304453125,-0.16759411990642548,-0.8212111592292786,0.7398083209991455
1790028850507455000,5.440455078125,-0.33518823981285095,-0.5171475410461426,0.5650315880775452
1790028850527505200,5.460505126953125,-0.14844051003456116,-0.1843535304069519,0.15562310814857483
1790028850537514800,5.4705146484375,-0.1364694982767105,-0.33758243918418884,0.363918662071228
1790028850547524600,5.480524658203125,-0.2082955539226532,-0.4812345504760742,0.3519476354122162
1790028850557565000,5.49056494140625,-0.2106897532939911,-0.6224924325942993,0.23702596127986908
1790028850587594200,5.52059423828125,-0.38546648621559143,0.15083470940589905,-0.12928688526153564
1790028850597634600,5.530634521484375,-0.19632454216480255,-0.016759412363171577,-0.1843535304069519
1790028850607644200,5.54064404296875,-0.038307227194309235,-0.24899697303771973,0.15083470940589905
1790028850617684500,5.5506845703125,-0.3280056416988373,-0.1412578970193863,0.33518823981285095
1790028850627694300,5.5606943359375,-0.5482721924781799,-0.3878606855869293,0.4884171485900879
1790028850637704200,5.5707041015625,-0.629675030708313,-0.6871358752250671,0.667982280254364
1790028850647744300,5.580744140625,-0.8355764150619507,-0.6967126727104187,0.5578489899635315
1790028850657754000,5.590754150390625,-0.9528923034667969,-0.6392518281936646,0.47405192255973816
1790028850687844400,5.62084423828125,-1.7525556087493896,-0.8355764150619507,0.730231523513794
1790028850697854200,5.630854248046875,-1.8818424940109253,-1.2737152576446533,0.5722141861915588
1790028850707864000,5.640864013671875,-1.968033790588379,-1.501164436340332,0.730231523513794
1790028850727914000,5.6609140625,-2.365471363067627,-1.4963760375976562,1.01753568649292
1790028850737923800,5.670923828125,-2.38462495803833,-1.338358759880066,1.0606313943862915
1790028850778024000,5.71102392578125,-1.2258312702178955,-1.5394717454910278,1.015141487121582
1790028850798043400,5.73104345703125,-1.8914192914962769,-1.3527239561080933,1.137245774269104
1790028850818093600,5.751093505859375,-1.4915876388549805,-1.2497732639312744,1.45806884765625
1790028850838113000,5.771113037109375,-1.280897855758667,-0.40462008118629456,0.9265560507774353
1790028850858132500,5.791132568359375,-1.968033790588379,-0.38067805767059326,0.6560112833976746
1790028850868142300,5.801142333984375,-1.8626888990402222,-0.9720458984375,0.6177040338516235
1790028850908242400,5.841242431640625,-1.764526605606079,-1.170764684677124,1.1420341730117798
1790028850928262000,5.861261962890625,-2.0614075660705566,-1.4389152526855469,2.0207061767578125
1790028850958291200,5.891291259765625,-1.4867992401123047,-0.3232172429561615,-0.0071826050989329815
1790028850998330400,5.931330322265625,-1.9704279899597168,-0.9600749015808105,1.2713210582733154
1790028851018380300,5.95138037109375,-1.0271124839782715,0.38307225704193115,0.11252748221158981
1790028851028420600,5.961420654296875,-0.3256114423274994,0.5746083855628967,-0.3998316824436188
1790028851098550000,6.031550048828125,-1.0462661981582642,-0.28969839215278625,0.11013327538967133
1790028851188821000,6.121821044921875,-1.2066776752471924,-0.031124621629714966,-0.33039984107017517
1790028851228951600,6.16195166015625,-0.9289502501487732,-0.11013327538967133,-0.21547815203666687
1790028851289101800,6.222101806640625,-1.2976573705673218,1.1324573755264282,-0.950498104095459
1790028851349221400,6.282221435546875,-0.6368576288223267,-0.3471592366695404,1.525106430053711
1790028851359231200,6.292231201171875,-0.7254431247711182,0.28730419278144836,0.5339069962501526
1790028851369271600,6.302271484375,-1.1779472827911377,0.4812345504760742,-0.9864110946655273
1790028851379342300,6.31234228515625,-1.3670891523361206,0.26575639843940735,-1.1300631761550903
1790028851389382700,6.322382568359375,-1.0654197931289673,0.07422025501728058,-0.48602294921875
1790028851409432600,6.3424326171875,-0.4836287498474121,-0.3974374830722809,0.47405192255973816
1790028851419503400,6.35250341796875,-0.6416460275650024,-0.31603461503982544,0.33758243918418884
1790028851439522800,6.372522705078125,-1.7573440074920654,1.1420341730117798,-1.5634137392044067
1790028851449593600,6.382593505859375,-1.9847931861877441,0.7469909191131592,-1.6400281190872192
1790028851459634000,6.392634033203125,-1.3455413579940796,-0.12928688526153564,-1.01753568649292
1790028851469643800,6.402643798828125,-0.4884171485900879,-0.06224924325942993,-0.6943184733390808
1790028851479653600,6.412653564453125,-0.7422025203704834,-0.4381389021873474,-0.4908113479614258
1790028851499734000,6.432734130859375,-1.8339585065841675,0.49559974670410156,-0.1843535304069519
1790028851509743900,6.442743896484375,-2.1595699787139893,1.9345149993896484,-0.7541735172271729
1790028851519753700,6.452753662109375,-2.142810583114624,1.139639973640442,-1.1180921792984009
1790028851539834000,6.472834228515625,-1.6304513216018677,0.5554547905921936,-1.9345149993896484
1790028851549874400,6.48287451171875,-2.1475989818573,1.1420341730117798,-1.5514427423477173
1790028851559884300,6.49288427734375,-1.7717092037200928,1.072602391242981,-1.0007762908935547
1790028851579965000,6.51296484375,-0.7637503147125244,-1.0031704902648926,1.1252747774124146
1790028851589974500,6.522974609375,-1.6735470294952393,-0.7541735172271729,1.1109095811843872
1790028851599984400,6.532984375,-2.5522189140319824,-0.7829039692878723,0.7230489253997803
1790028851670236000,6.60323583984375,-1.1013327836990356,0.016759412363171577,-0.028730420395731926
1790028851680245500,6.61324560546875,-0.5793967843055725,-0.9481038451194763,0.304063618183136
1790028851690285800,6.623285888671875,-0.38307225704193115,-0.8571242094039917,0.4572925269603729
1790028851700356600,6.633356689453125,-0.7422025203704834,-0.48602294921875,0.33758243918418884
1790028851710366500,6.643366455078125,-1.4197616577148438,-0.08140286058187485,1.2018892765045166
1790028851720406800,6.65340673828125,-1.2880805730819702,0.05506663769483566,1.9369091987609863
1790028851730447000,6.663447021484375,-0.5123591423034668,1.0606313943862915,1.659181833267212
1790028851760629000,6.69362890625,-1.1755530834197998,1.3694833517074585,0.6512228846549988
1790028851770669000,6.7036689453125,-1.0534487962722778,1.53707754611969,0.47165772318840027
1790028851790749700,6.723749755859375,-0.7829039692878723,1.094150185585022,-0.09576806426048279
1790028851800820500,6.733820556640625,-0.6416460275650024,1.3072341680526733,-0.45489832758903503
1790028851810830300,6.743830322265625,-0.3998316824436188,1.161187767982483,-0.7182605266571045
1790028851820901000,6.753901123046875,0.028730420395731926,0.9816226959228516,-0.021547814831137657
1790028851840981800,6.773981689453125,0.22026655077934265,0.8523358106613159,0.181959331035614
1790028851881051100,6.814051025390625,-0.49320554733276367,-0.3064578175544739,0.2825157940387726
1790028851891091500,6.824091552734375,-0.4908113479614258,-0.31603461503982544,0.6847416758537292
1790028851901162200,6.834162353515625,-0.3495534360408783,-0.3663128614425659,0.44771572947502136
1790028851911202600,6.84420263671875,-0.090979665517807,-0.26096799969673157,0.5506663918495178
1790028851921243000,6.854242919921875,-0.1843535304069519,0.22505496442317963,0.4189853072166443
1790028851931252700,6.864252685546875,-0.5147533416748047,-0.0071826050989329815,-0.22266076505184174
1790028851941262300,6.874262451171875,-0.8044517636299133,0.05267243832349777,-0.5913678407669067
1790028851951272200,6.884272216796875,-1.1013327836990356,0.08858546614646912,-0.5027823448181152
1790028851971291600,6.904291748046875,-1.1635819673538208,0.2082955539226532,0.1412578970193863
1790028851981362400,6.914362548828125,-0.7924807667732239,-0.2585737705230713,0.5410895943641663
1790028851991402800,6.92440283203125,-0.26575639843940735,-0.5578489899635315,0.16998831927776337
1790028852021462500,6.954462646484375,-0.2537853717803955,-0.5315127968788147,-1.5538369417190552
1790028852031472400,6.964472412109375,-0.5171475410461426,-0.1604115068912506,-1.3455413579940796
1790028852041512700,6.9745126953125,-0.8307880163192749,0.6751648783683777,-0.8810662031173706
1790028852051553000,6.984552978515625,-1.2473790645599365,1.256955862045288,-0.3208230137825012
1790028852111764200,7.04476416015625,0.10534487664699554,0.7541735172271729,-0.21547815203666687
1790028852121804300,7.05480419921875,-0.05985504388809204,0.2849099934101105,-0.811634361743927
1790028852131844600,7.0648447265625,-0.1173158809542656,-0.6536170840263367,-0.950498104095459
1790028852141885000,7.074885009765625,0.19871874153614044,-0.9241618514060974,-0.4405331015586853
1790028852171975400,7.104975341796875,-0.35673606395721436,0.004788403399288654,0.3447650372982025
1790028852202096000,7.13509619140625,-0.30885201692581177,-0.7110779285430908,0.05267243832349777
1790028852212136400,7.145136474609375,-0.3471592366695404,-0.5195417404174805,-0.363918662071228
1790028852222176800,7.1551767578125,-0.5339069962501526,-0.8140285611152649,-0.6536170840263367
1790028852242196200,7.1751962890625,-0.7158663272857666,-0.026336219161748886,-0.10773907601833344
1790028852272286700,7.20528662109375,0.3064578175544739,-0.35913026332855225,0.6320692300796509
1790028852322366000,7.255365966796875,-0.12928688526153564,-0.36152446269989014,-0.4213795065879822
1790028852332406300,7.26540625,0.4668693244457245,-0.3663128614425659,0.3471592366695404
1790028852342446600,7.275446533203125,0.7613561153411865,-0.05746084079146385,0.9576807022094727
1790028852352487000,7.28548681640625,0.7924807667732239,0.2322375625371933,0.4165911078453064
1790028852362527000,7.29552685546875,0.6009446382522583,0.47405192255973816,-0.7996633648872375
1790028852372597800,7.30559765625,0.2992752194404602,0.35673606395721436,-1.173158884048462
1790028852382607600,7.315607666015625,0.014365210197865963,0.3064578175544739,-1.2713210582733154
1790028852392617500,7.325617431640625,-0.2561795711517334,0.6200982332229614,-1.1875240802764893
1790028852402688300,7.335688232421875,-0.7326257228851318,0.8595184087753296,-1.139639973640442
1790028852412728600,7.345728515625,-0.9193734526634216,0.13168109953403473,-1.3766659498214722
1790028852422738200,7.35573828125,-0.395043283700943,-0.9959878921508789,-0.8379706144332886
1790028852432748000,7.365748046875,0.646434485912323,-0.4908113479614258,0.2537853717803955
1790028852442758000,7.3757578125,1.7142484188079834,-0.05506663769483566,0.8930372595787048
1790028852502969000,7.435968994140625,0.7038952708244324,-0.6177040338516235,0.8188169598579407
1790028852543038500,7.47603857421875,0.17717093229293823,-0.05985504388809204,-0.38067805767059326
1790028852553078800,7.486078857421875,0.0933738648891449,-0.13168109953403473,-0.5291185975074768
1790028852563088600,7.496088623046875,0.19871874153614044,-0.2944868206977844,-1.0797849893569946
1790028852573098200,7.50609814453125,0.45489832758903503,-0.6416460275650024,-0.667982280254364
1790028852583169300,7.516169189453125,0.7134721279144287,-0.8259995579719543,0.1628057211637497
1790028852593209300,7.526209228515625,0.9624691009521484,-0.5817909836769104,0.6177040338516235
1790028852603219200,7.53621923828125,0.9959878921508789,0.014365210197865963,0.35673606395721436
1790028852673440300,7.606440185546875,1.1971008777618408,0.004788403399288654,0.45010992884635925
1790028852693520600,7.626520751953125,1.2952631711959839,-0.15801730751991272,0.8475474119186401
1790028852703530500,7.636530517578125,1.0342950820922852,0.2537853717803955,-0.42856210470199585
1790028852713540400,7.646540283203125,0.849941611289978,0.08858546614646912,-1.1348515748977661
1790028852723580400,7.656580322265625,0.7805097699165344,-0.31603461503982544,-0.2561795711517334
1790028852783700200,7.7167001953125,1.2617442607879639,-0.15083470940589905,0.23702596127986908
1790028852793740500,7.726740478515625,0.751779317855835,-0.31842881441116333,0.569819986820221
1790028852803811300,7.736811279296875,0.37828385829925537,-0.10295066982507706,0.08858546614646912
1790028852843850200,7.776850341796875,0.49559974670410156,0.031124621629714966,-0.15801730751991272
1790028852873940700,7.806940673828125,0.023942016065120697,-0.2801215946674347,0.13168109953403473
1790028852883950300,7.816950439453125,-0.2849099934101105,-0.5841852426528931,0.5051765441894531
1790028852893990700,7.82699072265625,-0.2849099934101105,-0.2513911724090576,-0.023942016065120697
1790028852914010000,7.847010009765625,0.004788403399288654,-1.2713210582733154,-0.10773907601833344
1790028852924020000,7.85702001953125,-0.07182604819536209,-1.2306196689605713,0.26096799969673157
1790028852934060300,7.867060302734375,-0.3447650372982025,-0.6703764796257019,0.11971008777618408
1790028852944070100,7.877070068359375,-0.24181437492370605,-0.07182604819536209,-0.44771572947502136
1790028852974160400,7.907160400390625,0.7661445140838623,-0.5961562395095825,1.7812861204147339
1790028852984170200,7.917170166015625,0.6440402865409851,-0.26336219906806946,1.7262194156646729
1790028853004189700,7.937189697265625,1.216254472732544,0.1173158809542656,-0.3495534360408783
1790028853014199600,7.947199462890625,1.6615760326385498,-0.28730419278144836,0.20350714027881622
1790028853024239600,7.957239501953125,1.3479355573654175,-0.5578489899635315,0.8906430602073669
1790028853034219000,7.967218994140625,0.8212111592292786,-0.5602431893348694,0.9648633003234863
1790028853064339700,7.997339599609375,0.8667010068893433,-0.40940847992897034,0.8571242094039917
1790028853074349600,8.007349609375,0.8978256583213806,-0.19632454216480255,0.629675030708313
1790028853084390000,8.017389892578125,0.7972691655158997,-0.15801730751991272,0.40701428055763245
1790028853094430200,8.02743017578125,0.2944868206977844,-0.2346317619085312,0.6751648783683777
1790028853104470500,8.037470458984375,-0.1364694982767105,0.06464344263076782,0.7733271718025208
1790028853114510600,8.047510498046876,-0.24660277366638184,-0.2777273952960968,0.9720458984375
1790028853124520400,8.0575205078125,-0.21547815203666687,-0.7829039692878723,0.9026140570640564
1790028853134530300,8.0675302734375,-0.17238251864910126,-0.7086837291717529,0.6847416758537292
1790028853144540000,8.077539794921876,-0.35673606395721436,-0.7852981686592102,0.507570743560791
1790028853174691300,8.10769140625,-0.10773907601833344,-0.4644751250743866,-0.20350714027881622
1790028853184701200,8.117701171875,0.016759412363171577,-0.7565677165985107,0.5961562395095825
1790028853194680300,8.127680419921875,-0.10295066982507706,-0.7565677165985107,1.2761094570159912
1790028853204751000,8.137751220703125,-0.15562310814857483,-0.8595184087753296,1.3455413579940796
1790028853214761000,8.147760986328125,0.2561795711517334,-0.8259995579719543,1.113303780555725
1790028853224831700,8.157831787109375,0.5793967843055725,-0.6655880808830261,1.216254472732544
1790028853234811000,8.167810791015626,0.5722141861915588,-0.6177040338516235,1.314416766166687
1790028853244851200,8.177851318359375,0.3495534360408783,-0.6967126727104187,1.2425906658172607
1790028853274880500,8.207880615234375,0.17956513166427612,-0.33279404044151306,1.0055646896362305
1790028853305032000,8.238031982421875,0.11252748221158981,-0.5363011956214905,0.8762778043746948
1790028853325051400,8.258051513671875,0.33758243918418884,-0.4692635238170624,0.8810662031173706
1790028853335122200,8.2681220703125,0.4812345504760742,-0.3208230137825012,0.9169792532920837
1790028853345132000,8.278132080078125,0.4405331015586853,-0.42856210470199585,0.9193734526634216
1790028853355142000,8.288141845703125,0.42616790533065796,-0.3926490843296051,0.7996633648872375
1790028853385232100,8.318232177734375,-0.35673606395721436,-0.17477671802043915,0.5650315880775452
1790028853395272400,8.3282724609375,-0.10295066982507706,0.047884032130241394,0.49320554733276367
1790028853415353000,8.34835302734375,-0.0071826050989329815,-1.113303780555725,1.2258312702178955
1790028853425362700,8.35836279296875,-0.26096799969673157,-1.0893617868423462,1.482010841369629
1790028853435372500,8.36837255859375,-0.16519992053508759,-0.8355764150619507,1.501164436340332
1790028853445382400,8.37838232421875,0.014365210197865963,-0.6224924325942993,1.338358759880066
1790028853455422500,8.38842236328125,0.15562310814857483,-0.6991068720817566,1.3694833517074585
1790028853475442200,8.408442138671875,-0.3902548849582672,-0.7709329724311829,1.3766659498214722
1790028853485451800,8.41845166015625,-0.8259995579719543,-0.6775590777397156,1.4508862495422363
1790028853495492000,8.4284921875,-0.6967126727104187,-0.6057330369949341,1.048660397529602
1790028853555672800,8.4886728515625,-0.9864110946655273,-0.8403648138046265,0.8164227604866028
1790028853575722800,8.50872265625,-0.7038952708244324,-0.8547300100326538,0.6727706789970398
1790028853625894000,8.558893798828125,-0.5602431893348694,-1.0007762908935547,0.9385270476341248
1790028853635903500,8.568903564453125,-0.5626373887062073,-0.8978256583213806,0.7781155705451965
1790028853655953700,8.58895361328125,-0.6967126727104187,-0.7637503147125244,0.6009446382522583
1790028853665963300,8.59896337890625,-0.8331822156906128,-0.8188169598579407,0.5961562395095825
1790028853676003600,8.609003662109375,-0.9193734526634216,-0.5817909836769104,0.5793967843055725
1790028853696023000,8.62902294921875,-0.629675030708313,-0.5051765441894531,0.7996633648872375
1790028853706033000,8.639032958984375,-0.9911994934082031,-0.6368576288223267,1.3096283674240112
1790028853716042800,8.649042724609375,-1.45806884765625,-0.7541735172271729,1.5442601442337036
1790028853726052400,8.65905224609375,-1.6376339197158813,-0.7398083209991455,1.556231141090393
1790028853736092700,8.6690927734375,-1.1994950771331787,-0.7158663272857666,1.4963760375976562
1790028853746102500,8.6791025390625,-0.8786720037460327,-0.8523358106613159,1.6424223184585571
1790028853756142800,8.689142822265625,-0.9026140570640564,-0.9552865028381348,1.6208745241165161
1790028853766183200,8.69918310546875,-1.1803414821624756,-1.0223240852355957,1.4221558570861816
1790028853776254000,8.70925390625,-1.3694833517074585,-0.6584054827690125,1.161187767982483
1790028853786263600,8.719263671875,-1.0654197931289673,-0.5793967843055725,1.1563993692398071
1790028853796304000,8.729303955078125,-0.7374141216278076,-0.8355764150619507,1.338358759880066
1790028853806374700,8.739374755859375,-0.6655880808830261,-1.2066776752471924,1.7501614093780518
1790028853816384500,8.749384521484375,-0.933738648891449,-1.3527239561080933,1.9153614044189453
1790028853826455300,8.759455322265625,-1.2425906658172607,-1.5059528350830078,1.8291701078414917
1790028853836495600,8.76949560546875,-1.2713210582733154,-1.2952631711959839,1.5107412338256836
1790028853846505500,8.77950537109375,-0.9744400978088379,-0.5506663918495178,0.849941611289978
1790028853856545500,8.789545654296875,-0.3232172429561615,-0.8140285611152649,0.6536170840263367
1790028853866555400,8.799555419921875,0.038307227194309235,-1.01753568649292,0.545877993106842
1790028853876565200,8.809565185546875,0.28730419278144836,-1.2473790645599365,0.8571242094039917
1790028853886574800,8.819574951171875,0.1867477297782898,-2.0853497982025146,1.6759412288665771
1790028853896615200,8.829615234375,-0.24660277366638184,-2.736572504043579,2.4803929328918457
1790028853906655500,8.839655517578125,-0.12928688526153564,-2.252943754196167,2.255337953567505
1790028853916695800,8.84969580078125,0.4908113479614258,-1.8483237028121948,1.5729905366897583
1790028853926736100,8.859736083984375,0.5674257874488831,-0.6224924325942993,1.3766659498214722
1790028853936776400,8.8697763671875,0.08379705995321274,1.3718775510787964,-0.2059013396501541
1790028853946816500,8.87981640625,-0.2082955539226532,2.3367409706115723,-1.1468225717544556
1790028853976968000,8.909968017578125,-0.17238251864910126,0.2968810200691223,-0.6727706789970398
1790028853987008300,8.92000830078125,-0.4908113479614258,-0.009576806798577309,-0.363918662071228
1790028853997018000,8.93001806640625,-0.3878606855869293,-0.6224924325942993,0.2322375625371933
1790028854007027700,8.94002783203125,-0.2513911724090576,-0.6416460275650024,0.5099649429321289
1790028854017068000,8.950068115234375,0.038307227194309235,-0.5410895943641663,1.2330138683319092
1790028854037087700,8.970087646484375,-0.14604631066322327,0.0933738648891449,1.5418659448623657
1790028854047097300,8.980097412109375,-0.090979665517807,0.3974374830722809,0.5578489899635315
1790028854057137700,8.9901376953125,-0.1628057211637497,0.1628057211637497,-0.22266076505184174
1790028854067147500,9.0001474609375,-0.2059013396501541,-0.49320554733276367,-0.15083470940589905
1790028854077187800,9.010187744140625,-0.4620809257030487,-0.9864110946655273,0.8164227604866028
1790028854087197400,9.020197509765625,-0.6009446382522583,-1.0797849893569946,0.9481038451194763
1790028854097237800,9.03023779296875,-0.5506663918495178,-0.3447650372982025,0.9457096457481384
1790028854107247600,9.04024755859375,-0.14844051003456116,0.5219359993934631,0.6344634294509888
1790028854117288000,9.050287841796875,0.42856210470199585,0.9145850539207458,0.2777273952960968
1790028854147408600,9.08040869140625,0.6943184733390808,0.06464344263076782,2.0805611610412598
1790028854157479400,9.0904794921875,0.5003881454467773,-0.10773907601833344,0.26815059781074524
1790028854177529600,9.110529541015625,-1.2114660739898682,0.4141969084739685,-0.12449848651885986
1790028854187539200,9.120539306640625,-2.2433669567108154,0.5099649429321289,-0.05506663769483566
1790028854197579500,9.13057958984375,-2.741360902786255,0.8307880163192749,-1.4652514457702637
1790028854217690600,9.150690673828125,-2.1595699787139893,-0.9552865028381348,-1.335964560508728
1790028854237771300,9.170771240234375,-0.6057330369949341,-0.3974374830722809,-0.5099649429321289
1790028854307900700,9.240900634765625,0.07661445438861847,0.1628057211637497,0.0454898327589035
1790028854368142300,9.301142333984375,-1.1444283723831177,-0.569819986820221,-0.751779317855835
1790028854378182700,9.3111826171875,-0.5937620401382446,-0.9385270476341248,-0.33997663855552673
1790028854398202000,9.3312021484375,-0.6943184733390808,-0.304063618183136,-1.1204863786697388
1790028854408212000,9.3412119140625,-1.460463047027588,-0.0071826050989329815,-1.7286136150360107
1790028854418221600,9.3512216796875,-2.2625205516815186,-0.4644751250743866,-2.5665841102600098
1790028854428262000,9.361261962890625,-2.4229321479797363,-0.7326257228851318,-2.073378562927246
1790028854508462000,9.441462158203125,-1.3455413579940796,0.9840168952941895,0.4165911078453064
1790028854538521900,9.47152197265625,0.29209262132644653,0.7206547260284424,0.4429273009300232
1790028854578683100,9.51168310546875,-0.8379706144332886,0.8451532125473022,-0.028730420395731926
1790028854598733000,9.531733154296875,-0.21547815203666687,1.6711528301239014,0.6224924325942993
1790028854618813700,9.551813720703125,-1.0749965906143188,2.118868589401245,-0.17717093229293823
1790028854688943000,9.621943115234375,-0.3663128614425659,1.699883222579956,-0.24420857429504395
1790028854759133400,9.692133544921875,-0.12928688526153564,1.4939818382263184,0.3423708379268646
1790028854799264300,9.73226416015625,-0.272938996553421,0.9457096457481384,-0.3974374830722809
1790028854869485000,9.802485107421875,0.42616790533065796,0.014365210197865963,-0.023942016065120697
1790028854879555800,9.812555908203125,0.3423708379268646,0.5961562395095825,-0.6057330369949341
1790028854889596200,9.82259619140625,0.0933738648891449,0.9409212470054626,-0.7613561153411865
1790028854909585200,9.842585205078125,-0.45489832758903503,0.9026140570640564,-0.5267243981361389
1790028854919625500,9.85262548828125,-0.6703764796257019,0.7589619159698486,-0.3495534360408783
1790028854929635300,9.86263525390625,-0.7733271718025208,0.1149216815829277,-0.2106897532939911
1790028854969735400,9.9027353515625,1.3000515699386597,-1.0989385843276978,-0.689530074596405
1790028855039986700,9.972986572265626,0.6991068720817566,1.4676456451416016,0.45250412821769714
1790028855049996500,9.98299658203125,1.2832920551300049,1.403002142906189,-0.10773907601833344
1790028855080086800,10.013086669921876,0.35673606395721436,0.768538773059845,-1.7741034030914307
1790028855100137000,10.033136962890625,-0.3423708379268646,0.9768342971801758,-1.0414776802062988
1790028855110146800,10.043146728515625,-0.5147533416748047,1.3096283674240112,-0.15083470940589905
1790028855120187000,10.053186767578126,-0.751779317855835,1.0989385843276978,0.545877993106842
1790028855130196700,10.06319677734375,-0.8762778043746948,0.8810662031173706,0.912190854549408
1790028855140206600,10.07320654296875,-0.9026140570640564,0.6727706789970398,0.304063618183136
1790028855180276200,10.113276123046875,0.8379706144332886,-0.07422025501728058,-0.933738648891449
1790028855230447000,10.163447021484375,-0.3064578175544739,-1.0869675874710083,0.9648633003234863
1790028855240456700,10.173456787109375,-0.009576806798577309,-0.608127236366272,0.181959331035614
1790028855250527500,10.183527587890625,-0.181959331035614,0.07422025501728058,-0.7709329724311829
1790028855260537300,10.193537353515625,-0.3902548849582672,-0.20111294090747833,-1.0319008827209473
1790028855270547200,10.203547119140625,-0.42856210470199585,0.181959331035614,-0.7374141216278076
1790028855280556800,10.213556884765625,-0.524330198764801,0.38307225704193115,-0.9911994934082031
1790028855300576500,10.233576416015625,-0.9696516990661621,-0.5171475410461426,-0.3926490843296051
1790028855310586000,10.243586181640625,-0.7158663272857666,-1.4293384552001953,-0.11252748221158981
1790028855320626400,10.25362646484375,-0.20350714027881622,-1.6160861253738403,-0.3711012601852417
1790028855330636300,10.26363623046875,0.3734954595565796,-1.1444283723831177,-0.545877993106842
1790028855340676600,10.273676513671875,0.7589619159698486,-0.42616790533065796,-0.49799394607543945
1790028855350686200,10.283686279296875,0.6751648783683777,0.023942016065120697,-0.5770025849342346
1790028855380746000,10.31374609375,0.646434485912323,-0.35913026332855225,0.5746083855628967
1790028855440957200,10.373957275390625,0.9576807022094727,-0.043095629662275314,0.7876923680305481
1790028855461037800,10.394037841796875,0.8164227604866028,-0.9552865028381348,1.0654197931289673
1790028855501351400,10.434351318359376,-0.5985504388809204,-0.26096799969673157,-0.5506663918495178
1790028855511422500,10.44442236328125,-0.730231523513794,-0.4620809257030487,-0.10055647045373917
1790028855521432000,10.45443212890625,-0.5291185975074768,-0.17717093229293823,0.07661445438861847
1790028855531442000,10.46444189453125,-0.23942017555236816,-0.07422025501728058,0.014365210197865963
1790028855541512700,10.4745126953125,0.009576806798577309,-0.181959331035614,0.0933738648891449
1790028855551522600,10.4845224609375,0.31124621629714966,-0.5099649429321289,0.3878606855869293
1790028855561532200,10.4945322265625,0.5817909836769104,-0.5961562395095825,1.0414776802062988
1790028855571633400,10.50463330078125,0.8451532125473022,0.14365209639072418,0.8212111592292786
1790028855591653000,10.524653076171875,0.7565677165985107,0.06224924325942993,-0.5841852426528931
1790028855601693400,10.534693359375,1.0007762908935547,-0.14365209639072418,-0.16519992053508759
1790028855611703000,10.544703125,1.2976573705673218,-0.38546648621559143,0.33279404044151306
1790028855621743400,10.554743408203125,1.647210717201233,-0.35434186458587646,1.015141487121582
1790028855691903200,10.6249033203125,0.9911994934082031,-0.24181437492370605,1.170764684677124
1790028855752053500,10.685053466796875,0.11013327538967133,-1.1420341730117798,0.1412578970193863
1790028855762063000,10.69506298828125,-0.38307225704193115,-1.0630255937576294,0.05746084079146385
1790028855772073000,10.705072998046875,-0.7086837291717529,-0.35434186458587646,-0.768538773059845
1790028855782082800,10.715082763671875,-0.5171475410461426,-0.22026655077934265,-1.213860273361206
1790028855792123100,10.725123046875,-0.17238251864910126,-0.2561795711517334,-0.5674257874488831
1790028855802132700,10.7351328125,0.13407529890537262,-0.3902548849582672,0.040701430290937424
1790028855822183000,10.755182861328125,0.19393034279346466,-0.5099649429321289,0.5961562395095825
1790028855832223200,10.76522314453125,0.26575639843940735,-0.3208230137825012,0.4572925269603729
1790028855842263300,10.77526318359375,0.5147533416748047,-0.23942017555236816,0.0694318488240242
1790028855852273200,10.785273193359375,0.6799532771110535,-0.07661445438861847,-0.028730420395731926
1790028855862283000,10.795282958984375,0.6536170840263367,-0.2825157940387726,0.1149216815829277
1790028855872292600,10.805292724609375,0.49320554733276367,-0.44771572947502136,0.8236053586006165
1790028855882333000,10.8153330078125,0.5315127968788147,-0.023942016065120697,1.0271124839782715
1790028855892373200,10.825373291015625,0.8236053586006165,0.014365210197865963,0.9816226959228516
1790028855902383000,10.835383056640625,1.0462661981582642,-0.5722141861915588,1.3503297567367554
1790028855912392700,10.845392822265625,0.9983820915222168,-0.7230489253997803,1.4628572463989258
1790028855942422000,10.875422119140625,0.40940847992897034,-0.5123591423034668,0.9864110946655273
1790028855952462300,10.88546240234375,0.47884035110473633,-0.3016694188117981,0.6512228846549988
1790028855962472200,10.89547216796875,0.3926490843296051,-0.3758896589279175,0.5123591423034668
1790028855972512500,10.905512451171875,0.21787235140800476,-0.4596867263317108,0.7038952708244324
1790028855982522000,10.915522216796875,-0.031124621629714966,-0.47405192255973816,0.5506663918495178
1790028855992562400,10.9255625,0.009576806798577309,-0.5770025849342346,0.5171475410461426
1790028856042794500,10.97579443359375,0.2513911724090576,-0.6200982332229614,0.5291185975074768
1790028856052834800,10.985834716796875,0.33039984107017517,-0.6129156351089478,0.48602294921875
1790028856062875000,10.995875,0.009576806798577309,-0.43095630407333374,0.3711012601852417
1790028856072884700,11.005884765625,0.023942016065120697,-0.6943184733390808,0.30885201692581177
1790028856112984800,11.04598486328125,0.2944868206977844,-0.6536170840263367,0.9552865028381348
1790028856122994700,11.05599462890625,0.3902548849582672,-0.4357447028160095,0.8092401623725891
1790028856133035000,11.066034912109375,0.6009446382522583,-0.3064578175544739,0.7589619159698486
1790028856153115400,11.086115478515625,0.21787235140800476,-0.7972691655158997,1.4891934394836426
1790028856163155700,11.09615576171875,-0.06703764945268631,-0.5195417404174805,1.2737152576446533
1790028856173196000,11.106196044921875,0.014365210197865963,-0.26815059781074524,0.9002198576927185
1790028856183236400,11.116236328125,0.3974374830722809,-0.33997663855552673,0.6129156351089478
1790028856203347500,11.136347412109375,0.2106897532939911,-0.49559974670410156,1.1109095811843872
1790028856213387800,11.1463876953125,-0.05027823522686958,-0.6751648783683777,1.0606313943862915
1790028856223427800,11.156427734375,-0.026336219161748886,-0.44771572947502136,0.9959878921508789
1790028856233468200,11.16646826171875,0.13168109953403473,-0.37828385829925537,0.8906430602073669
1790028856243539000,11.1765390625,0.15322890877723694,-0.33039984107017517,0.7541735172271729
1790028856253548800,11.186548828125,0.2346317619085312,-0.26575639843940735,0.5746083855628967
1790028856273599000,11.206598876953125,0.07661445438861847,-0.031124621629714966,0.4596867263317108
1790028856293618400,11.226618408203125,0.21308395266532898,-0.42377370595932007,0.38307225704193115
1790028856343758800,11.2767587890625,-0.12210428714752197,-0.45010992884635925,0.21547815203666687
1790028856353768400,11.2867685546875,-0.11971008777618408,-0.4357447028160095,0.31124621629714966
1790028856363778300,11.2967783203125,-0.2106897532939911,-0.47644615173339844,0.5793967843055725
1790028856373818600,11.306818603515625,-0.33758243918418884,-0.40940847992897034,0.5315127968788147
1790028856383828200,11.316828125,-0.2585737705230713,-0.3734954595565796,0.24420857429504395
1790028856393838000,11.326838134765625,-0.06703764945268631,-0.3734954595565796,0.2825157940387726
1790028856403878400,11.33687841796875,-0.035913024097681046,-0.4572925269603729,0.4836287498474121
1790028856413888300,11.34688818359375,0.05506663769483566,-0.3711012601852417,0.6272808313369751
1790028856423897900,11.35689794921875,0.038307227194309235,-0.5195417404174805,0.8762778043746948
1790028856453988400,11.38698828125,0.19393034279346466,-0.2753331959247589,0.9145850539207458
1790028856484048100,11.417048095703125,-0.22266076505184174,-0.5219359993934631,0.6871358752250671
1790028856494057700,11.4270576171875,-0.35434186458587646,-0.6177040338516235,0.5961562395095825
1790028856514199600,11.447199462890625,-0.181959331035614,-0.40940847992897034,0.3423708379268646
1790028856594399700,11.527399658203125,-1.400607943534851,-0.7374141216278076,0.6368576288223267
1790028856604409300,11.537409423828125,-1.359906554222107,-0.6991068720817566,0.8427590131759644
1790028856614449700,11.54744970703125,-1.0438719987869263,-0.6631938815116882,0.6512228846549988
1790028856624429000,11.557428955078125,-0.7158663272857666,-0.4908113479614258,0.16519992053508759
1790028856634469000,11.56746923828125,-0.4692635238170624,-0.5817909836769104,0.019153613597154617
1790028856644509400,11.577509521484375,-0.8092401623725891,-0.6512228846549988,0.11252748221158981
1790028856654519300,11.587519287109375,-1.2066776752471924,-0.689530074596405,0.38067805767059326
1790028856664590000,11.597590087890625,-1.4053963422775269,-0.8164227604866028,0.47165772318840027
1790028856684609500,11.617609619140625,-1.0749965906143188,-0.6775590777397156,0.5219359993934631
1790028856704629200,11.637629150390625,-0.6823474764823914,-0.4381389021873474,0.7805097699165344
1790028856714638800,11.647638916015625,-0.7038952708244324,-0.5482721924781799,1.0869675874710083
1790028856724679200,11.65767919921875,-1.1061211824417114,-0.7326257228851318,0.9911994934082031
1790028856734719500,11.667719482421875,-1.3958195447921753,-0.828393816947937,0.7254431247711182
1790028856744729300,11.677729248046875,-1.3407529592514038,-0.871489405632019,0.4165911078453064
1790028856754769400,11.687769287109376,-1.4389152526855469,-0.9983820915222168,0.3998316824436188
1790028856784890400,11.717890380859375,-1.4939818382263184,-0.09576806426048279,0.2849099934101105
1790028856794930700,11.7279306640625,-1.6974890232086182,0.5650315880775452,0.08140286058187485
1790028856825021000,11.75802099609375,-1.1061211824417114,-1.2737152576446533,1.2186486721038818
1790028856855142000,11.788141845703125,-1.7334020137786865,-1.0630255937576294,1.5969325304031372
1790028856865182200,11.79818212890625,-1.9081788063049316,-1.4891934394836426,1.4173674583435059
1790028856935281000,11.868281005859375,-1.5538369417190552,-1.2330138683319092,0.9265560507774353
1790028856945290800,11.878290771484375,-1.316810965538025,-1.3192051649093628,1.0055646896362305
1790028856955331000,11.8883310546875,-1.1635819673538208,-1.2210428714752197,0.5793967843055725
1790028856965371400,11.898371337890625,-0.8427590131759644,-0.8044517636299133,0.44532153010368347
1790028856985451800,11.91845166015625,-0.7637503147125244,0.6823474764823914,0.24660277366638184
1790028856995461600,11.928461669921875,-0.5793967843055725,-0.06703764945268631,0.21547815203666687
1790028857005471500,11.938471435546875,-0.5817909836769104,-0.9864110946655273,0.10773907601833344
1790028857015542300,11.948542236328125,-1.0007762908935547,-1.721431016921997,0.363918662071228
1790028857025552000,11.9585517578125,-1.5179238319396973,-1.9704279899597168,0.6009446382522583
1790028857035561700,11.968561767578125,-1.6663644313812256,-2.4803929328918457,0.7829039692878723
1790028857045571600,11.978571533203125,-1.3623007535934448,-1.2066776752471924,0.4884171485900879
1790028857055581200,11.988581298828125,-0.6057330369949341,2.535459518432617,-1.699883222579956
1790028857065621500,11.99862158203125,-0.028730420395731926,3.2130186557769775,-2.3487119674682617
1790028857145943800,12.07894384765625,-0.7493851184844971,0.8236053586006165,-0.5889736413955688
1790028857216073200,12.1490732421875,-0.7422025203704834,-0.6560112833976746,0.4908113479614258
1790028857226083000,12.1590830078125,-1.1013327836990356,0.4596867263317108,0.6105214357376099
1790028857256173300,12.18917333984375,-1.314416766166687,-0.5123591423034668,-0.9193734526634216
1790028857266183200,12.19918310546875,-1.0055646896362305,-1.4915876388549805,-0.043095629662275314
1790028857276192800,12.20919287109375,-0.667982280254364,-1.7693150043487549,1.0797849893569946
1790028857286233000,12.219233154296875,-0.8547300100326538,-1.3958195447921753,0.950498104095459
1790028857296243000,12.229242919921875,-1.3048399686813354,1.1803414821624756,0.4118026793003082
1790028857306252500,12.23925244140625,-1.721431016921997,1.0342950820922852,-1.015141487121582
1790028857316262400,12.249262451171875,-1.5107412338256836,1.723825216293335,-1.1061211824417114
1790028857326302700,12.259302734375,-1.2306196689605713,0.15322890877723694,-1.280897855758667
1790028857346383400,12.27938330078125,-0.1412578970193863,-0.9624691009521484,-0.05506663769483566
1790028857366433300,12.299433349609375,-0.9481038451194763,-0.507570743560791,-0.9097966551780701
1790028857376443100,12.309443115234375,-1.0606313943862915,-0.10534487664699554,-1.4221558570861816
1790028857386483500,12.3194833984375,-2.183511972427368,4.098873138427734,-2.717418909072876
1790028857396523800,12.329523681640625,-3.670311212539673,3.069366693496704,-3.0621838569641113
1790028857406563800,12.339563720703126,-2.999934673309326,0,-0.35913026332855225
1790028857416604200,12.349604248046875,-0.8738836050033569,-0.7086837291717529,1.6831238269805908
1790028857426644500,12.35964453125,0.7493851184844971,0.8379706144332886,0.05985504388809204
1790028857436684800,12.369684814453125,-0.7398083209991455,0.1412578970193863,-1.359906554222107
1790028857456765400,12.389765380859375,-3.423708438873291,-0.6871358752250671,-1.4915876388549805
1790028857466805800,12.3998056640625,-2.0159177780151367,-0.9265560507774353,-0.43095630407333374
1790028857476815400,12.4098154296875,-0.5482721924781799,-1.1540051698684692,0.6584054827690125
1790028857486855700,12.419855712890625,-0.05985504388809204,-0.40701428055763245,1.3886369466781616
1790028857506875100,12.439875244140625,-0.49320554733276367,-0.272938996553421,-0.13407529890537262
1790028857516915500,12.44991552734375,0.031124621629714966,0.5410895943641663,-0.7589619159698486
1790028857577096200,12.51009619140625,-1.381454348564148,1.3527239561080933,1.0127472877502441
1790028857667336700,12.600336669921875,-0.9600749015808105,0.6560112833976746,0.9552865028381348
1790028857677377000,12.610376953125,-0.8475474119186401,0.7613561153411865,1.0247182846069336
1790028857687417000,12.6204169921875,-0.4908113479614258,1.4772224426269531,-0.08379705995321274
1790028857697427000,12.630427001953125,-0.8164227604866028,1.5131354331970215,-0.6536170840263367
1790028857707467300,12.64046728515625,-0.6703764796257019,1.522712230682373,-0.3208230137825012
1790028857717477000,12.65047705078125,-0.33518823981285095,1.4963760375976562,-0.9433154463768005
1790028857727486700,12.66048681640625,0.07182604819536209,0.38067805767059326,-0.31842881441116333
1790028857737496600,12.67049658203125,0.30885201692581177,-0.15562310814857483,-0.019153613597154617
1790028857767556400,12.700556396484375,0.14844051003456116,-0.033518824726343155,-0.5195417404174805
1790028857787637000,12.720636962890625,-0.2298433631658554,0.10055647045373917,-0.3711012601852417
1790028857797646600,12.730646484375,-0.4141969084739685,-0.28969839215278625,0.15322890877723694
1790028857807656400,12.740656494140625,0.05985504388809204,-0.5386953949928284,0.9816226959228516
1790028857817666300,12.750666259765625,0.6177040338516235,-0.3734954595565796,0.45489832758903503
1790028857827676000,12.760676025390625,0.24660277366638184,-0.7733271718025208,-0.090979665517807
1790028857837685800,12.770685791015625,-0.2082955539226532,-1.1994950771331787,-0.1628057211637497
1790028857847726000,12.78072607421875,-0.2585737705230713,-0.42856210470199585,-0.8236053586006165
1790028857857736000,12.79073583984375,-0.5291185975074768,-0.15322890877723694,-1.2234370708465576
1790028857867806700,12.800806640625,-0.3974374830722809,0.21547815203666687,-0.507570743560791
1790028857877846800,12.8108466796875,-0.10773907601833344,1.0797849893569946,-0.5003881454467773
1790028857907906800,12.84090673828125,0.004788403399288654,1.0079588890075684,-1.2952631711959839
1790028857917947000,12.85094677734375,-0.07422025501728058,0.35673606395721436,-1.7310078144073486
1790028857927956700,12.860956787109375,-0.2513911724090576,0.586579442024231,-1.1204863786697388
1790028857937966600,12.870966552734375,-0.17956513166427612,0.9289502501487732,-0.9169792532920837
1790028857947976200,12.88097607421875,0.16519992053508759,0.6488286852836609,-0.828393816947937
1790028857958016500,12.8910166015625,0.689530074596405,0.7613561153411865,-0.06703764945268631
1790028857968026400,12.9010263671875,0.8762778043746948,1.0007762908935547,-0.1604115068912506
1790028857988045800,12.9210458984375,-0.06224924325942993,0.524330198764801,-0.7493851184844971
1790028858028146000,12.96114599609375,-0.33997663855552673,-0.6488286852836609,0.6392518281936646
1790028858038155800,12.97115576171875,0.6751648783683777,-0.06224924325942993,0.8355764150619507
1790028858048196000,12.981196044921875,0.9888052940368652,0.2801215946674347,-0.011971008032560349
1790028858108407300,13.0414072265625,-0.4836287498474121,-0.14604631066322327,-0.011971008032560349
1790028858118417000,13.0514169921875,0.05027823522686958,-0.586579442024231,0.8834604024887085
1790028858128426800,13.0614267578125,0.6631938815116882,-0.6320692300796509,0.7996633648872375
1790028858158517000,13.09151708984375,0.1173158809542656,0.019153613597154617,-0.9840168952941895
1790028858168526800,13.10152685546875,-0.5913678407669067,-0.17477671802043915,-1.2617442607879639
1790028858208687900,13.14168798828125,-0.043095629662275314,-0.9624691009521484,1.1204863786697388
1790028858248788000,13.1817880859375,-0.8858546018600464,1.1827356815338135,-2.473210334777832
1790028858258828300,13.191828369140625,-1.2449848651885986,1.1683704853057861,-2.1356279850006104
1790028858298928400,13.231928466796875,1.1180921792984009,0.040701430290937424,0.038307227194309235
1790028858308938200,13.241938232421875,0.706289529800415,0.5171475410461426,-0.6655880808830261
1790028858328988200,13.26198828125,-0.12689268589019775,0.7541735172271729,-1.0654197931289673
1790028858349038300,13.282038330078125,0.1388636976480484,-0.22505496442317963,-0.22744916379451752
1790028858359078700,13.29207861328125,0.7326257228851318,-0.30885201692581177,0.363918662071228
1790028858369057800,13.302057861328125,0.8427590131759644,-0.7254431247711182,0.730231523513794
1790028858379098000,13.31209814453125,0.545877993106842,-0.4118026793003082,0.7374141216278076
1790028858399148300,13.332148193359375,-0.23702596127986908,-0.9816226959228516,-1.2521674633026123
1790028858409188400,13.342188232421876,-0.3687070608139038,-0.9002198576927185,-0.9696516990661621
1790028858429238500,13.362238525390625,-0.3998316824436188,-0.10295066982507706,0.272938996553421
1790028858439278800,13.37227880859375,-0.2849099934101105,0.21547815203666687,0.5099649429321289
1790028858449288400,13.382288330078126,-0.13168109953403473,0.2322375625371933,0.45250412821769714
1790028858459328800,13.392328857421875,0.06224924325942993,-0.2585737705230713,0.26336219906806946
1790028858469369000,13.402369140625,0.2059013396501541,0.23702596127986908,-0.12449848651885986
1790028858479409400,13.412409423828125,0.2106897532939911,0.3974374830722809,-1.256955862045288
1790028858489449700,13.42244970703125,0.33997663855552673,-0.26575639843940735,-1.3287819623947144
1790028858499428900,13.432428955078125,0.40222588181495667,-0.7757213711738586,-0.2585737705230713
1790028858509499600,13.442499755859375,0.5937620401382446,-0.667982280254364,0.6105214357376099
1790028858539559400,13.472559326171876,0.8403648138046265,0.20111294090747833,0.14604631066322327
1790028858549630500,13.48263037109375,0.7230489253997803,-0.17717093229293823,0.395043283700943
1790028858559640000,13.49264013671875,0.7613561153411865,-0.43335050344467163,0.3734954595565796
1790028858629861000,13.562861083984375,0.45010992884635925,-0.2106897532939911,-0.18914192914962769
1790028858680032000,13.613031982421875,1.0989385843276978,-0.1173158809542656,-0.0071826050989329815
1790028858690072300,13.623072265625,1.1061211824417114,-0.2992752194404602,0.49799394607543945
1790028858710152700,13.643152587890626,0.8954314589500427,-0.7852981686592102,0.5506663918495178
1790028858720193000,13.653193115234375,0.6177040338516235,-0.7134721279144287,0.06464344263076782
1790028858730203000,13.663202880859375,0.35913026332855225,-0.9193734526634216,-0.21547815203666687
1790028858740212700,13.673212646484375,0.16998831927776337,-1.1276689767837524,0.5889736413955688
1790028858750252800,13.683252685546876,0.10534487664699554,-0.5817909836769104,0.3471592366695404
1790028858760293000,13.693293212890625,0.5027823448181152,-0.12210428714752197,-0.6536170840263367
1790028858770303000,13.703302978515625,0.8930372595787048,-0.6177040338516235,-0.5626373887062073
1790028858780282000,13.7132822265625,0.8547300100326538,-0.7709329724311829,0.5219359993934631
1790028858790322400,13.723322509765625,0.5506663918495178,-0.9097966551780701,0.5674257874488831
1790028858800362800,13.73336279296875,0.26575639843940735,-0.8978256583213806,0.3734954595565796
1790028858810372600,13.74337255859375,0.0454898327589035,-0.507570743560791,-0.2801215946674347
1790028858820382200,13.75338232421875,0.4381389021873474,-0.3519476354122162,-0.646434485912323
1790028858830422500,13.763422607421875,0.8068459630012512,-0.47405192255973816,0.38546648621559143
1790028858840462800,13.773462890625,0.7924807667732239,-0.31124621629714966,0.9840168952941895
1790028858850472700,13.78347265625,0.849941611289978,0.3256114423274994,0.31603461503982544
1790028858860482300,13.793482421875,0.9074024558067322,0.44771572947502136,-0.09816227108240128
1790028858870522600,13.803522705078125,0.7948749661445618,-0.035913024097681046,0.5123591423034668
1790028858880563000,13.81356298828125,0.507570743560791,-0.4165911078453064,0.9792284965515137
1790028858890603300,13.823603271484375,0.24181437492370605,-0.5650315880775452,1.292868971824646
1790028858900643600,13.8336435546875,0.2968810200691223,-0.49799394607543945,0.9648633003234863
1790028858970895000,13.90389501953125,0.4908113479614258,-0.4692635238170624,0.6751648783683777
1790028859021035300,13.95403515625,0.5147533416748047,-0.12210428714752197,1.3000515699386597
1790028859091164700,14.02416455078125,-0.1364694982767105,-0.545877993106842,0.6320692300796509
1790028859101174500,14.034174560546875,-0.05746084079146385,-0.6105214357376099,0.7709329724311829
1790028859121194000,14.054194091796875,-0.19632454216480255,-0.5722141861915588,1.3192051649093628
1790028859131203800,14.064203857421875,-0.16519992053508759,-0.5482721924781799,1.280897855758667
1790028859151253800,14.084253662109376,0.4908113479614258,-0.3663128614425659,0.7254431247711182
1790028859161263600,14.094263671875,0.5793967843055725,-0.5051765441894531,0.912190854549408
1790028859171273500,14.1042734375,0.5003881454467773,-0.363918662071228,1.139639973640442
1790028859181313800,14.114313720703125,0.2777273952960968,0.08140286058187485,0.9289502501487732
1790028859191323400,14.124323486328125,0.4357447028160095,0.2585737705230713,0.5530605912208557
1790028859201333200,14.134333251953125,0.8140285611152649,-0.3064578175544739,0.8188169598579407
1790028859211373600,14.14437353515625,0.7924807667732239,-0.7637503147125244,1.2234370708465576
1790028859251412500,14.18441259765625,0.31842881441116333,-0.8044517636299133,0.5315127968788147
1790028859261452800,14.194452880859375,0.3064578175544739,-0.5889736413955688,0.586579442024231
1790028859271462700,14.204462646484375,0.08858546614646912,-0.44532153010368347,0.6416460275650024
1790028859281472500,14.214472412109375,0.026336219161748886,-0.20350714027881622,0.6823474764823914
1790028859291512600,14.2245126953125,0.014365210197865963,-0.07422025501728058,0.47884035110473633
1790028859301522400,14.2345224609375,0.05746084079146385,-0.21308395266532898,0.7876923680305481
1790028859311532300,14.2445322265625,0.028730420395731926,-0.45489832758903503,0.7709329724311829
1790028859321572600,14.254572509765625,-0.002394201699644327,-0.43335050344467163,1.036689281463623
1790028859331612700,14.26461279296875,-0.08619125932455063,-0.6847416758537292,0.8858546018600464
1790028859341622500,14.27462255859375,-0.10773907601833344,-0.5746083855628967,0.8595184087753296
1790028859361642000,14.29464208984375,-0.17717093229293823,-0.3423708379268646,0.6847416758537292
1790028859391732500,14.324732421875,-0.07900865375995636,-0.3016694188117981,0.586579442024231
1790028859401742000,14.3347421875,0.21547815203666687,-0.033518824726343155,0.5363011956214905
1790028859421792300,14.354792236328125,-0.3663128614425659,-0.3734954595565796,0.667982280254364
1790028859481881300,14.41488134765625,-0.33039984107017517,-0.4908113479614258,0.5003881454467773
1790028859491891200,14.42489111328125,-0.17477671802043915,-0.5434837937355042,0.47165772318840027
1790028859501931300,14.43493115234375,-0.026336219161748886,-0.569819986820221,0.3878606855869293
1790028859511971600,14.4449716796875,-0.09576806426048279,-0.4668693244457245,0.5219359993934631
1790028859521981400,14.4549814453125,-0.4381389021873474,-0.4429273009300232,0.6320692300796509
1790028859532021800,14.465021728515625,-0.44532153010368347,-0.2992752194404602,0.4620809257030487
1790028859542062000,14.47506201171875,-0.22505496442317963,-0.33758243918418884,0.5434837937355042
1790028859572121900,14.505121826171875,-0.12449848651885986,-0.507570743560791,0.768538773059845
1790028859582131500,14.51513134765625,-0.1867477297782898,-0.4908113479614258,0.6177040338516235
1790028859592171800,14.525171875,-0.15801730751991272,-0.2849099934101105,0.47644615173339844
1790028859612191500,14.54519140625,-0.07900865375995636,-0.40222588181495667,0.4668693244457245
1790028859622201000,14.555201171875,-0.11971008777618408,-0.28969839215278625,0.2849099934101105
1790028859632241400,14.565241455078125,-0.11013327538967133,-0.1628057211637497,-0.08140286058187485
1790028859642251300,14.575251220703125,-0.1628057211637497,-0.009576806798577309,-0.20350714027881622
1790028859652291600,14.58529150390625,-0.3974374830722809,-0.14604631066322327,-0.08140286058187485
1790028859672341500,14.605341552734375,-0.9409212470054626,-0.6607996821403503,0.6799532771110535
1790028859682351400,14.615351318359375,-1.0749965906143188,-1.091755986213684,0.9983820915222168
1790028859692391700,14.6253916015625,-1.137245774269104,-1.0582371950149536,0.8451532125473022
1790028859702431700,14.635431640625,-1.0654197931289673,-0.8427590131759644,0.6224924325942993
1790028859712472000,14.64547216796875,-0.8140285611152649,-0.5650315880775452,0.33518823981285095
1790028859722482000,14.65548193359375,-0.6775590777397156,-0.689530074596405,0.43335050344467163
1790028859732522200,14.665522216796875,-0.7876923680305481,-0.8667010068893433,0.9648633003234863
1790028859742562600,14.6755625,-0.7565677165985107,-1.0127472877502441,1.1180921792984009
1790028859752572200,14.685572265625,-0.811634361743927,-0.9648633003234863,0.9672574996948242
1790028859762582000,14.69558203125,-1.137245774269104,-0.9145850539207458,0.7709329724311829
1790028859772622300,14.705622314453125,-1.1635819673538208,-1.1468225717544556,0.9576807022094727
1790028859782632000,14.7156318359375,-1.1659762859344482,-1.01753568649292,1.2976573705673218
1790028859792641800,14.725641845703125,-1.1348515748977661,-0.6272808313369751,1.4867992401123047
1790028859802651600,14.735651611328125,-1.2401964664459229,-0.569819986820221,1.6496049165725708
1790028859812692000,14.74569189453125,-1.3838485479354858,-0.5506663918495178,1.5610195398330688
1790028859822701600,14.75570166015625,-1.5897499322891235,-0.8020575642585754,1.4844050407409668
1790028859842751700,14.775751708984375,-1.4389152526855469,-0.8427590131759644,0.8212111592292786
1790028859852761300,14.78576123046875,-1.3335703611373901,-0.8427590131759644,0.7230489253997803
1790028859872781000,14.805781005859375,-1.7334020137786865,-0.7876923680305481,0.6751648783683777
1790028859882851800,14.815851806640625,-1.7262194156646729,-0.8643068075180054,0.7781155705451965
1790028859892892200,14.82589208984375,-1.625662922859192,-0.9050082564353943,1.0007762908935547
1790028859912942000,14.845942138671875,-1.843535304069519,-1.3766659498214722,1.3072341680526733
1790028859933022700,14.866022705078125,-2.425326347351074,-1.1875240802764893,-0.4213795065879822
1790028859943063000,14.87606298828125,-2.38462495803833,-1.4508862495422363,-1.6687586307525635
1790028859953072600,14.88607275390625,-1.778891921043396,-0.44771572947502136,-2.1499931812286377
1790028859963082500,14.89608251953125,-1.2306196689605713,-0.6823474764823914,-0.9600749015808105
1790028859973153300,14.9061533203125,-1.139639973640442,-0.3711012601852417,0.8236053586006165
1790028859993172700,14.9261728515625,-0.6584054827690125,0.6607996821403503,2.075772762298584
1790028860003182600,14.9361826171875,-0.13407529890537262,-0.5554547905921936,2.1763293743133545
1790028860013192400,14.9461923828125,-0.10295066982507706,-0.2968810200691223,0.849941611289978
1790028860023202000,14.9562021484375,-0.14365209639072418,-0.1867477297782898,-0.3926490843296051
1790028860053292500,14.98629248046875,-0.6871358752250671,-0.4118026793003082,0.5003881454467773
1790028860063332900,14.996332763671875,-0.31603461503982544,-0.689530074596405,0.7805097699165344
1790028860093453600,15.02645361328125,-0.9193734526634216,-1.2545616626739502,1.2761094570159912
1790028860133584100,15.066584228515625,-0.08140286058187485,-0.26096799969673157,0.1388636976480484
1790028860163735600,15.096735595703125,-1.2617442607879639,0.2777273952960968,0.586579442024231
1790028860203805200,15.13680517578125,-0.7852981686592102,-0.08858546614646912,-0.7805097699165344
1790028860213815000,15.14681494140625,-0.8667010068893433,-0.14365209639072418,-0.5961562395095825
1790028860223824600,15.15682470703125,-0.9792284965515137,-0.15801730751991272,0.19153612852096558
1790028860243905300,15.1769052734375,-1.139639973640442,1.1061211824417114,-1.0558429956436157
1790028860253915100,15.1869150390625,-0.993593692779541,0.33039984107017517,-1.7980455160140991
1790028860263955200,15.196955078125,-0.9672574996948242,-0.8738836050033569,-1.3646949529647827
1790028860294015200,15.22701513671875,-0.7709329724311829,-2.4468741416931152,0.8762778043746948
1790028860304024800,15.23702490234375,-0.5195417404174805,-0.6129156351089478,-0.42856210470199585
1790028860314034700,15.24703466796875,-0.6919242739677429,1.723825216293335,-1.5131354331970215
1790028860324075000,15.257074951171875,-1.4484920501708984,4.398148536682129,-1.601720929145813
1790028860334084600,15.267084716796875,-2.2649147510528564,2.4229321479797363,-0.3471592366695404
1790028860344094500,15.277094482421875,-1.2761094570159912,0.4908113479614258,1.0414776802062988
1790028860354104300,15.287104248046875,-0.17956513166427612,0.035913024097681046,0.9097966551780701
1790028860364114000,15.297114013671875,0.43095630407333374,-0.026336219161748886,0.7158663272857666
1790028860374123800,15.307123779296875,0.047884032130241394,0.304063618183136,-0.24899697303771973
1790028860384164000,15.3171640625,-0.8690952062606812,0.5841852426528931,-1.278503656387329
1790028860404214000,15.337214111328125,-2.233790159225464,0.42856210470199585,-1.338358759880066
1790028860414224000,15.347223876953125,-1.4724340438842773,-0.2513911724090576,0.608127236366272
1790028860434304500,15.367304443359375,-0.2513911724090576,-1.1468225717544556,1.3287819623947144
1790028860444375300,15.377375244140625,-0.48602294921875,-0.9840168952941895,0.7134721279144287
1790028860454354400,15.3873544921875,-1.3527239561080933,-0.5410895943641663,-0.4836287498474121
1790028860464394800,15.397394775390625,-2.2433669567108154,0.24660277366638184,-0.7661445140838623
1790028860474435000,15.40743505859375,-2.889801502227783,0.7422025203704834,-0.3687070608139038
1790028860534585000,15.467585205078125,-1.359906554222107,-0.14844051003456116,-2.3032219409942627
1790028860544625400,15.47762548828125,-2.406172752380371,0.5626373887062073,-1.7262194156646729
1790028860554665700,15.487665771484375,-2.3487119674682617,0.20350714027881622,-0.7254431247711182
1790028860564706000,15.4977060546875,-1.2880805730819702,-0.33518823981285095,0.8738836050033569
1790028860574716000,15.5077158203125,0.0933738648891449,0.5339069962501526,0.3208230137825012
1790028860634896400,15.567896484375,-1.0342950820922852,0.38546648621559143,-0.5027823448181152
1790028860644906200,15.57790625,-2.032677173614502,0.5099649429321289,-0.23702596127986908
1790028860654885400,15.587885498046875,-1.802833914756775,0.9361328482627869,0.40940847992897034
1790028860674935600,15.607935546875,-0.9959878921508789,0.23702596127986908,-0.4884171485900879
1790028860684945400,15.6179453125,-0.9744400978088379,0.22744916379451752,0.0694318488240242
1790028860694955000,15.627955078125,-0.8475474119186401,-0.2322375625371933,-0.22744916379451752
1790028860704995300,15.637995361328125,-0.6177040338516235,-0.42616790533065796,0.17238251864910126
1790028860715035600,15.64803564453125,-0.5674257874488831,-0.5746083855628967,0.6536170840263367
1790028860725045500,15.65804541015625,-0.8164227604866028,0.2968810200691223,-0.15083470940589905
1790028860765176000,15.698176025390625,-0.7541735172271729,0.014365210197865963,1.8267759084701538
1790028860775246800,15.708246826171875,-0.6751648783683777,0.08858546614646912,1.45806884765625
1790028860785256400,15.71825634765625,-0.2968810200691223,-0.1843535304069519,1.5394717454910278
1790028860795296800,15.728296875,-0.5123591423034668,0.21547815203666687,1.1013327836990356
1790028860805306600,15.738306640625,-0.6153098344802856,0.05746084079146385,0.3280056416988373
1790028860815377400,15.74837744140625,-0.5985504388809204,0.272938996553421,0.016759412363171577
1790028860825417700,15.758417724609375,-0.8068459630012512,0.7469909191131592,-0.950498104095459
1790028860845498400,15.778498291015625,-0.7158663272857666,1.6831238269805908,-0.43335050344467163
1790028860855508000,15.788508056640625,-0.2801215946674347,1.5514427423477173,-0.3064578175544739
1790028860865517800,15.798517822265625,-0.1149216815829277,1.6376339197158813,0.304063618183136
1790028860875527700,15.808527587890625,0.24420857429504395,1.9991583824157715,-0.19393034279346466
1790028860885537300,15.818537353515625,-0.040701430290937424,1.9991583824157715,-0.7996633648872375
1790028860945656800,15.87865673828125,0.023942016065120697,0.8834604024887085,0.5363011956214905
1790028860955666700,15.888666748046875,0.1843535304069519,0.8882488012313843,0.5363011956214905
1790028860965676500,15.898676513671875,-0.27054479718208313,0.5674257874488831,0.43095630407333374
1790028860975716900,15.908716796875,-0.43335050344467163,0.028730420395731926,0.45250412821769714
1790028860985726500,15.9187265625,-0.5985504388809204,-0.3758896589279175,0.33518823981285095
1790028860995736300,15.928736328125,-0.4812345504760742,-0.6368576288223267,0.090979665517807
1790028861005776600,15.938776611328125,-0.2082955539226532,-0.6344634294509888,0.0933738648891449
1790028861015786200,15.9487861328125,-0.031124621629714966,-0.19153612852096558,0.27054479718208313
1790028861025796000,15.958796142578125,-0.021547814831137657,0.26336219906806946,-0.05985504388809204
1790028861035806000,15.968805908203125,-0.43335050344467163,0.08379705995321274,0.040701430290937424
1790028861055855900,15.98885595703125,-1.0055646896362305,-0.19393034279346466,0.4189853072166443
1790028861075936500,16.0089365234375,0.5003881454467773,-1.2880805730819702,1.4389152526855469
1790028861085946400,16.0189462890625,1.8579005002975464,-0.8307880163192749,0.1604115068912506
1790028861105965800,16.0389658203125,0.19393034279346466,0.7422025203704834,-1.3718775510787964
1790028861116006100,16.049006103515627,-1.3335703611373901,1.3503297567367554,-0.8547300100326538
1790028861126015700,16.059015625,-2.1787235736846924,1.941697597503662,-0.5315127968788147
1790028861176125700,16.109125732421877,1.702277421951294,-0.10055647045373917,-0.9720458984375
1790028861226174500,16.159174560546877,-1.1348515748977661,-0.7398083209991455,-1.2425906658172607
1790028861236214800,16.16921484375,-0.21787235140800476,-1.9847931861877441,0.2849099934101105
1790028861246224600,16.179224609375,1.0055646896362305,-1.802833914756775,0.9959878921508789
1790028861256265000,16.189264892578127,1.7381904125213623,-1.2258312702178955,0.7565677165985107
1790028861266274600,16.199274658203127,1.6208745241165161,-0.5482721924781799,0.17477671802043915
1790028861276284400,16.209284423828127,0.5219359993934631,0.1364694982767105,-0.4381389021873474
1790028861336495600,16.26949560546875,-0.569819986820221,-1.3742717504501343,0.05746084079146385
1790028861386605600,16.31960546875,-0.9720458984375,0.9864110946655273,-1.161187767982483
1790028861396615200,16.329615234375,-1.290474772453308,0.31364041566848755,-0.43335050344467163
1790028861406625000,16.339625,-0.47644615173339844,-1.01753568649292,0.5195417404174805
1790028861416634600,16.349634521484376,0.9289502501487732,-1.0007762908935547,1.1516109704971313
1790028861426675000,16.359675048828127,1.400607943534851,-0.3232172429561615,0.19632454216480255
1790028861486794800,16.419794677734377,-0.12689268589019775,-1.1348515748977661,0.6177040338516235
1790028861506905900,16.43990576171875,0.24899697303771973,-0.7326257228851318,-0.8858546018600464
1790028861516946000,16.44994580078125,0.026336219161748886,-0.8379706144332886,-0.24899697303771973
1790028861526986200,16.459986328125,0.14844051003456116,-0.47884035110473633,0.16998831927776337
1790028861537026600,16.470026611328127,-0.031124621629714966,0.6057330369949341,-1.0869675874710083
1790028861547036400,16.480036376953127,-0.6943184733390808,0.2992752194404602,-1.699883222579956
1790028861597207300,16.530207275390627,-0.1628057211637497,-0.026336219161748886,-1.2401964664459229
1790028861647286500,16.58028662109375,-0.23942017555236816,-0.23702596127986908,-0.17717093229293823
1790028861677377000,16.610376953125,0.36152446269989014,-0.8020575642585754,0.14844051003456116
1790028861687386600,16.62038671875,1.113303780555725,0.26815059781074524,-0.05506663769483566
1790028861697427000,16.630427001953127,1.5873557329177856,0.2322375625371933,-0.08140286058187485
1790028861707436800,16.640436767578127,1.6974890232086182,-0.11971008777618408,0.3734954595565796
1790028861717477000,16.65047705078125,1.4389152526855469,-0.016759412363171577,0.4908113479614258
1790028861727486700,16.66048681640625,0.586579442024231,-0.3711012601852417,0.5339069962501526
1790028861737527000,16.670527099609377,-0.08619125932455063,-1.2066776752471924,0.7206547260284424
1790028861747537000,16.680536865234377,-0.24899697303771973,-0.8643068075180054,0.07661445438861847
1790028861757577200,16.6905771484375,-0.1412578970193863,-0.8667010068893433,-0.07422025501728058
1790028861767617300,16.7006171875,0.047884032130241394,-1.015141487121582,0.7350199222564697
1790028861777627100,16.710627197265627,0.19393034279346466,-0.7541735172271729,1.1420341730117798
1790028861787637000,16.720636962890627,0.26575639843940735,-0.15801730751991272,0.35434186458587646
1790028861797646600,16.730646484375,0.33518823981285095,0.19632454216480255,-0.44532153010368347
1790028861827706600,16.76070654296875,-0.014365210197865963,-1.0797849893569946,0.4836287498474121
1790028861837716200,16.77071630859375,0.011971008032560349,-0.6775590777397156,0.11971008777618408
1790028861847756500,16.780756591796877,0.15083470940589905,-0.15322890877723694,-0.524330198764801
1790028861857766400,16.790766357421877,0.3926490843296051,-0.4692635238170624,-0.1412578970193863
1790028861867806700,16.800806640625,0.31364041566848755,-0.4620809257030487,1.05105459690094
1790028861877816300,16.81081640625,0.24420857429504395,-0.3447650372982025,1.0845733880996704
1790028861887887000,16.82088720703125,0.6129156351089478,-0.5650315880775452,0.7876923680305481
1790028861897927400,16.830927490234377,0.849941611289978,-0.5003881454467773,0.42856210470199585
1790028861907967700,16.8409677734375,0.9217676520347595,-0.3495534360408783,0.17717093229293823
1790028861948037400,16.881037353515627,0.7445967197418213,-0.19393034279346466,0.9002198576927185
1790028861978127600,16.911127685546877,0.16998831927776337,-0.2944868206977844,0.35913026332855225
1790028861988137500,16.921137451171877,-0.11252748221158981,-0.4836287498474121,0.040701430290937424
1790028862018197200,16.951197265625,-0.07422025501728058,-0.272938996553421,-0.49559974670410156
1790028862028207000,16.96120703125,0.12210428714752197,0.1388636976480484,-0.7326257228851318
1790028862078378000,17.0113779296875,0.6320692300796509,0.033518824726343155,-0.21308395266532898
1790028862118447400,17.051447265625,0.3687070608139038,-0.31364041566848755,0.828393816947937
1790028862138497500,17.07149755859375,0.811634361743927,-0.4213795065879822,0.5650315880775452
1790028862168557300,17.101557373046877,0.37828385829925537,-0.4812345504760742,0.4405331015586853
1790028862208687900,17.14168798828125,0.4572925269603729,-0.4884171485900879,0.1149216815829277
1790028862218758700,17.151758544921876,0.3758896589279175,-0.5650315880775452,-0.021547814831137657
1790028862228768500,17.1617685546875,0.24181437492370605,-0.608127236366272,0.2561795711517334
1790028862238778400,17.1717783203125,0.17238251864910126,-0.33518823981285095,0.4620809257030487
1790028862248788000,17.1817880859375,0.35673606395721436,0.10295066982507706,0.5434837937355042
1790028862258828300,17.191828369140627,0.5578489899635315,0.5554547905921936,0.2944868206977844
1790028862268838100,17.201838134765627,0.8906430602073669,0.4189853072166443,0.4381389021873474
1790028862278848000,17.211847900390627,0.6703764796257019,0.33758243918418884,1.0031704902648926
1790028862288857600,17.221857666015627,0.5530605912208557,-0.3687070608139038,1.048660397529602
1790028862328988200,17.26198828125,-0.016759412363171577,-0.3663128614425659,0.20350714027881622
1790028862338998000,17.271998046875,0.019153613597154617,-0.06464344263076782,-0.33997663855552673
1790028862349038300,17.282038330078127,0.12449848651885986,0.05746084079146385,-0.42616790533065796
1790028862359078700,17.29207861328125,0.1149216815829277,-0.20111294090747833,-0.1149216815829277
1790028862369088300,17.302088134765626,-0.0454898327589035,-0.011971008032560349,0.10055647045373917
1790028862379098000,17.31209814453125,-0.06703764945268631,0.40462008118629456,-0.2944868206977844
1790028862399148300,17.332148193359377,-0.047884032130241394,-0.3495534360408783,-0.181959331035614
1790028862409158000,17.342157958984377,-0.21308395266532898,-0.4429273009300232,0.19632454216480255
1790028862419167700,17.352167724609377,-0.10295066982507706,-0.14365209639072418,0.06224924325942993
1790028862429177300,17.36217724609375,0.023942016065120697,0.19153612852096558,0.035913024097681046
1790028862439217700,17.3722177734375,0.004788403399288654,-0.0454898327589035,0.19632454216480255
1790028862469247000,17.4022470703125,0.05506663769483566,-0.31603461503982544,0.9528923034667969
1790028862509286100,17.4422861328125,0.05267243832349777,-0.0071826050989329815,1.0749965906143188
1790028862569405700,17.50240576171875,-0.26575639843940735,-0.31603461503982544,0.5793967843055725
1790028862579415600,17.51241552734375,-0.2561795711517334,-0.3471592366695404,0.586579442024231
1790028862589456000,17.522455810546877,-0.08140286058187485,-0.44532153010368347,0.45250412821769714
1790028862599465500,17.532465576171877,0.023942016065120697,-0.38307225704193115,0.4213795065879822
1790028862609475300,17.542475341796877,0.10534487664699554,-0.13168109953403473,0.4189853072166443
1790028862619485200,17.552485107421877,-0.08619125932455063,-0.2513911724090576,0.47165772318840027
1790028862629525200,17.562525146484376,-0.2298433631658554,-0.10295066982507706,0.4908113479614258
1790028862639565600,17.572565673828127,-0.2106897532939911,0.07900865375995636,0.24420857429504395
1790028862659585300,17.592585205078127,-0.24420857429504395,-0.2944868206977844,0.33758243918418884
1790028862679665700,17.612665771484377,0.021547814831137657,-0.28969839215278625,0.38546648621559143
1790028862689706000,17.6227060546875,0.26096799969673157,-0.4165911078453064,0.5219359993934631
1790028862709725400,17.642725341796876,0.019153613597154617,-0.4836287498474121,1.05105459690094
1790028862719765800,17.652765869140627,-0.22026655077934265,-0.3687070608139038,1.2090718746185303
1790028862769906200,17.70290625,0.3495534360408783,-0.3280056416988373,0.9983820915222168
1790028862779946500,17.712946533203127,0.3064578175544739,-0.36152446269989014,0.9552865028381348
1790028862789956400,17.722956298828127,0.4572925269603729,-0.304063618183136,0.7398083209991455
1790028862799966000,17.732966064453127,0.43095630407333374,-0.47405192255973816,0.5674257874488831
1790028862850076000,17.783075927734377,-0.26815059781074524,-0.1388636976480484,-0.5171475410461426
1790028862880166100,17.813166259765627,-0.40940847992897034,-0.14604631066322327,-0.4620809257030487
1790028862890176000,17.823176025390627,-0.35913026332855225,-0.40222588181495667,-0.08619125932455063
1790028862900185900,17.833185791015627,-0.36152446269989014,-0.363918662071228,-0.016759412363171577
1790028862910195500,17.843195556640627,-0.1867477297782898,-0.2322375625371933,-0.0694318488240242
1790028862920266200,17.853266357421877,0.1173158809542656,-0.1604115068912506,0.002394201699644327
1790028862930276000,17.863276123046877,-0.16519992053508759,-0.20111294090747833,0.3687070608139038
1790028862940286000,17.873285888671877,-0.3926490843296051,-0.28969839215278625,0.6248866319656372
1790028862950356700,17.883356689453127,-0.3902548849582672,-0.2082955539226532,0.545877993106842
1790028862960366300,17.893366455078127,-0.17238251864910126,-0.3734954595565796,0.3998316824436188
1790028862990426400,17.92342626953125,-0.6105214357376099,-0.6057330369949341,1.137245774269104
1790028863000466400,17.933466552734377,-0.5674257874488831,-0.31603461503982544,1.115697979927063
1790028863010506800,17.9435068359375,-0.2513911724090576,-0.2753331959247589,1.235408067703247
1790028863020516600,17.9535166015625,-0.2585737705230713,-0.33279404044151306,1.1468225717544556
1790028863030557000,17.963556884765627,-0.3495534360408783,-0.4668693244457245,1.070208191871643
1790028863040597200,17.97359716796875,-0.5386953949928284,-0.5530605912208557,0.8619126081466675
1790028863050606800,17.98360693359375,-0.38307225704193115,-0.6057330369949341,0.751779317855835
1790028863060647200,17.993647216796877,-0.5578489899635315,-0.5410895943641663,0.7637503147125244
1790028863070657000,18.003656982421877,-0.6033388376235962,-0.5674257874488831,0.8379706144332886
1790028863080666600,18.01366650390625,-0.5602431893348694,-0.5578489899635315,0.8643068075180054
1790028863100716800,18.033716796875,-0.629675030708313,-0.2322375625371933,0.7086837291717529
1790028863130837500,18.06383740234375,-1.1563993692398071,-0.6248866319656372,0.38546648621559143
1790028863150857200,18.083857177734377,-1.7262194156646729,-1.0199298858642578,0.507570743560791
1790028863160928000,18.093927978515627,-1.889025092124939,-1.290474772453308,0.5363011956214905
1790028863251168500,18.18416845703125,-1.2713210582733154,-0.8954314589500427,1.7334020137786865
1790028863261178000,18.19417822265625,-1.0534487962722778,-1.1085153818130493,2.1571757793426514
1790028863281228300,18.214228271484377,-1.1827356815338135,-1.2473790645599365,2.518700122833252
1790028863291238000,18.22423779296875,-1.4221558570861816,-0.9074024558067322,2.054224967956543
1790028863301247700,18.234247802734377,-1.4987702369689941,-0.9193734526634216,1.8195933103561401
1790028863321298000,18.2542978515625,-1.7262194156646729,-0.40701428055763245,1.5059528350830078
1790028863331338000,18.264337890625,-1.6184803247451782,-0.9409212470054626,1.5945383310317993
1790028863341347800,18.274347900390627,-1.3646949529647827,-1.01753568649292,1.292868971824646
1790028863351357700,18.284357666015627,-1.501164436340332,-0.6943184733390808,1.2330138683319092
1790028863361428500,18.294428466796877,-1.6663644313812256,-1.015141487121582,1.6065093278884888
1790028863381509000,18.314509033203127,-2.4181437492370605,-1.0319008827209473,2.3535003662109375
1790028863391549200,18.324549072265626,-2.070984363555908,-0.5937620401382446,1.8411411046981812
1790028863401559000,18.33455908203125,-0.8571242094039917,0.2513911724090576,1.0199298858642578
1790028863421670100,18.354670166015627,0.011971008032560349,0.15801730751991272,1.1899182796478271
1790028863431680000,18.364679931640627,-0.7230489253997803,-0.304063618183136,0.8810662031173706
1790028863441720000,18.374719970703126,-1.3431471586227417,-0.35673606395721436,0.6919242739677429
1790028863451730000,18.38472998046875,-1.3670891523361206,-0.0694318488240242,0.8068459630012512
1790028863461770200,18.394770263671877,-0.9911994934082031,-0.26575639843940735,-0.17238251864910126
1790028863481820200,18.414820068359376,-0.6847416758537292,-1.1659762859344482,-0.27054479718208313
1790028863491860500,18.424860595703127,-1.1252747774124146,-1.1875240802764893,-0.5434837937355042
1790028863501900800,18.43490087890625,-1.4484920501708984,-0.8643068075180054,-1.0438719987869263
1790028863511910700,18.44491064453125,-1.5107412338256836,-0.1843535304069519,-1.0414776802062988
1790028863521981400,18.4549814453125,-1.5753847360610962,0.1364694982767105,-0.8954314589500427
1790028863531991300,18.4649912109375,-1.5298948287963867,-0.4596867263317108,-0.3974374830722809
1790028863542001000,18.4750009765625,-1.4317326545715332,-0.7015010714530945,-0.2992752194404602
1790028863552041200,18.485041259765627,-1.1971008777618408,-0.3974374830722809,-0.9289502501487732
1790028863572121900,18.505121826171877,-0.5578489899635315,-1.403002142906189,-0.21547815203666687
1790028863592171800,18.525171875,-0.9959878921508789,0.016759412363171577,0.8523358106613159
1790028863602181600,18.535181640625,-0.7733271718025208,1.4532804489135742,-0.2944868206977844
1790028863622262300,18.55526220703125,-0.3519476354122162,0.608127236366272,0.4596867263317108
1790028863642312200,18.575312255859377,-0.7829039692878723,-0.44532153010368347,-0.40701428055763245
1790028863652352500,18.5853525390625,-0.3519476354122162,-1.278503656387329,0.6823474764823914
1790028863662392800,18.595392822265627,-0.07422025501728058,-1.8531121015548706,1.5275006294250488
1790028863672402700,18.605402587890627,0.19153612852096558,-0.9696516990661621,0.7876923680305481
1790028863692452600,18.62545263671875,-0.5339069962501526,1.900996208190918,-1.3646949529647827
1790028863712472000,18.64547216796875,-1.0534487962722778,-0.1412578970193863,0.2944868206977844
1790028863722482000,18.65548193359375,-0.6991068720817566,-0.5386953949928284,0.9552865028381348
1790028863732491800,18.66549169921875,-0.16759411990642548,-0.5578489899635315,0.6512228846549988
1790028863772652800,18.70565283203125,-1.3982137441635132,0.7565677165985107,-0.47884035110473633
1790028863782693000,18.715693115234377,-1.161187767982483,0.5626373887062073,-0.026336219161748886
1790028863802712600,18.735712646484377,0.3758896589279175,-1.192312479019165,0.5386953949928284
1790028863812722400,18.745722412109377,0.5626373887062073,-1.2473790645599365,-0.6512228846549988
1790028863822732000,18.75573193359375,-0.19632454216480255,-1.525106430053711,-0.6033388376235962
1790028863842812700,18.775812744140627,-1.4053963422775269,0.05027823522686958,0.7206547260284424
1790028863852822500,18.785822509765627,-1.7549498081207275,2.4157495498657227,0.11013327538967133
1790028863862832000,18.79583203125,-2.008735179901123,1.7525556087493896,0.5889736413955688
1790028863872772600,18.805772705078127,-1.659181833267212,0.5602431893348694,0.5913678407669067
1790028863882813000,18.81581298828125,-1.01753568649292,-0.10534487664699554,0.2561795711517334
1790028863892822500,18.825822509765626,-0.3878606855869293,-0.19871874153614044,0.17238251864910126
1790028863902832400,18.835832275390626,-0.1867477297782898,-0.6823474764823914,0.2849099934101105
1790028863912872700,18.845872802734377,-0.3064578175544739,-0.3232172429561615,0.2777273952960968
1790028863922882300,18.85588232421875,-0.8882488012313843,0.363918662071228,-0.7015010714530945
1790028863942932500,18.875932373046876,-1.2066776752471924,1.37906014919281,-0.586579442024231
1790028864023193600,18.956193603515626,-3.1651346683502197,0.8451532125473022,-3.071760892868042
1790028864053314600,18.986314453125,0.0933738648891449,0.9241618514060974,2.030282974243164
1790028864063324400,18.996324462890627,0.06703764945268631,0.4644751250743866,1.213860273361206
1790028864073334000,19.006333984375,-0.15562310814857483,-0.05506663769483566,0.6177040338516235
1790028864083344000,19.01634375,-0.6560112833976746,0.1412578970193863,0.2753331959247589
1790028864093353500,19.026353515625,-0.5027823448181152,0.33039984107017517,-0.42377370595932007
1790028864103393800,19.036393798828126,-0.2537853717803955,0.9624691009521484,-0.8427590131759644
1790028864113403600,19.046403564453126,-0.5530605912208557,1.0821791887283325,-0.033518824726343155
1790028864123444000,19.05644384765625,-0.15322890877723694,0.7996633648872375,1.0749965906143188
1790028864133453600,19.06645361328125,0.3902548849582672,0.2944868206977844,0.7541735172271729
1790028864173523200,19.106523193359376,-0.706289529800415,2.5115175247192383,-0.33518823981285095
1790028864183563500,19.1165634765625,-0.5363011956214905,2.3798365592956543,0.2585737705230713
1790028864193573400,19.126573486328127,-0.8523358106613159,2.612074136734009,0.6512228846549988
1790028864203552500,19.136552490234376,-0.5530605912208557,1.7477672100067139,0.23702596127986908
1790028864213592800,19.1465927734375,0.29209262132644653,1.4724340438842773,0.933738648891449
1790028864223602700,19.156602783203127,0.586579442024231,2.1571757793426514,-0.5482721924781799
1790028864233612300,19.1666123046875,-0.14604631066322327,1.9608511924743652,-1.625662922859192
1790028864243622100,19.1766220703125,-1.3958195447921753,2.4444799423217773,-1.577778935432434
1790028864253662500,19.186662353515626,-1.7908629179000854,1.86508309841156,-0.7757213711738586
1790028864263672000,19.196672119140626,-0.4812345504760742,0.6799532771110535,1.0678139925003052
1790028864273712400,19.20671240234375,1.158793568611145,0.9002198576927185,1.2617442607879639
1790028864283722200,19.21672216796875,0.8020575642585754,0.8930372595787048,-0.014365210197865963
1790028864293762600,19.226762451171876,-0.6727706789970398,0.8547300100326538,-0.4908113479614258
1790028864333862700,19.266862548828126,-0.9840168952941895,0.8068459630012512,0.45489832758903503
1790028864363922400,19.29692236328125,-0.023942016065120697,0.49320554733276367,0.5363011956214905
1790028864404083500,19.33708349609375,-0.08379705995321274,0.06703764945268631,-0.8451532125473022
1790028864414123800,19.347123779296876,-0.26096799969673157,-0.2059013396501541,-0.6248866319656372
1790028864444153000,19.377153076171876,-0.272938996553421,0.15562310814857483,-0.22744916379451752
1790028864454193400,19.387193359375,-0.09816227108240128,0.33039984107017517,0.3064578175544739
1790028864474243600,19.40724365234375,-0.1149216815829277,1.338358759880066,-0.5482721924781799
1790028864484253200,19.417253173828126,-0.6272808313369751,0.6129156351089478,-0.5219359993934631
1790028864494293500,19.42729345703125,-0.7015010714530945,0.3064578175544739,-0.6105214357376099
1790028864504333800,19.437333740234376,-0.09576806426048279,-0.5027823448181152,-1.3503297567367554
1790028864514343700,19.44734375,0.23942017555236816,-0.3495534360408783,-1.0630255937576294
1790028864524383700,19.4573837890625,0.014365210197865963,0.4141969084739685,-0.7158663272857666
1790028864534454800,19.467454833984377,-0.08140286058187485,0.5219359993934631,-0.49559974670410156
1790028864544494800,19.477494873046876,0.14844051003456116,0.5051765441894531,-0.040701430290937424
1790028864564545000,19.497544921875,1.170764684677124,0.8403648138046265,-0.16998831927776337
1790028864614746400,19.547746337890626,-0.06224924325942993,-0.7757213711738586,-0.8164227604866028
1790028864624756200,19.557756103515626,0.31124621629714966,0.06703764945268631,-0.15083470940589905
1790028864644775700,19.577775634765626,0.1412578970193863,0.9193734526634216,0.629675030708313
1790028864694885600,19.6278857421875,0.8140285611152649,-0.43095630407333374,-1.2234370708465576
1790028864704926000,19.637926025390627,0.7948749661445618,-0.5482721924781799,-0.9648633003234863
1790028864714966000,19.647966064453126,0.42856210470199585,0.05027823522686958,-0.6105214357376099
1790028864725006300,19.65800634765625,-0.021547814831137657,0.47165772318840027,-1.036689281463623
1790028864735016200,19.66801611328125,-0.3423708379268646,0.8762778043746948,-1.0103530883789062
1790028864745026000,19.678026123046877,-0.7134721279144287,1.2042834758758545,-0.8667010068893433
1790028864755035600,19.68803564453125,-0.4908113479614258,0.6344634294509888,-0.9193734526634216
1790028864765045500,19.69804541015625,0.19871874153614044,-0.3734954595565796,-0.6200982332229614
1790028864775055400,19.708055419921877,1.2282254695892334,-0.8331822156906128,-0.043095629662275314
1790028864785095400,19.718095458984376,1.7717092037200928,-0.38546648621559143,0.06224924325942993
1790028864795105300,19.728105224609376,1.7956513166427612,0.2561795711517334,-1.3048399686813354
1790028864805145600,19.7381455078125,0.8523358106613159,0.3734954595565796,-1.9632453918457031
1790028864875275000,19.80827490234375,0.9768342971801758,0.3998316824436188,0.038307227194309235
1790028864935486200,19.868486328125,1.015141487121582,-1.6041151285171509,1.0869675874710083
1790028864955536100,19.8885361328125,1.0821791887283325,0.08140286058187485,-1.1109095811843872
1790028864965576400,19.898576416015626,0.3064578175544739,0.5315127968788147,-1.0007762908935547
1790028864975616800,19.90861669921875,0.24181437492370605,0.395043283700943,0.35913026332855225
1790028864985626600,19.918626708984377,0.7398083209991455,0.24420857429504395,1.1252747774124146
1790028865005737700,19.93873779296875,1.2186486721038818,-0.751779317855835,0.5171475410461426
1790028865015777800,19.94877783203125,1.2521674633026123,-0.5889736413955688,-0.5674257874488831
1790028865025818000,19.958818115234376,1.37906014919281,0.18914192914962769,-0.9744400978088379
1790028865035858400,19.9688583984375,1.0845733880996704,0.4189853072166443,-0.47884035110473633
1790028865045868300,19.978868408203127,0.5506663918495178,0.1149216815829277,0.1867477297782898
1790028865055878000,19.9888779296875,0.011971008032560349,0.4189853072166443,-0.3423708379268646
1790028865065918200,19.998918212890626,-0.05985504388809204,0.3232172429561615,-0.9768342971801758
1790028865075989000,20.008989013671876,0.06224924325942993,-0.3734954595565796,-0.6200982332229614
1790028865086029300,20.019029296875,0.31124621629714966,-0.7805097699165344,0.19153612852096558
1790028865126190600,20.059190673828127,1.036689281463623,-0.31124621629714966,0.24181437492370605
1790028865136200200,20.0692001953125,0.8379706144332886,-0.6344634294509888,1.2114660739898682
1790028865176331000,20.1093310546875,0.08379705995321274,-0.40222588181495667,-0.4118026793003082
1790028865186401800,20.11940185546875,0.033518824726343155,-0.33518823981285095,-0.031124621629714966
1790028865226532400,20.159532470703127,0.2777273952960968,-0.3495534360408783,-0.20111294090747833
1790028865266632400,20.199632568359377,1.2473790645599365,0.31364041566848755,-0.40222588181495667
1790028865276642000,20.20964208984375,1.4101848602294922,-0.06224924325942993,0.16998831927776337
1790028865296722700,20.22972265625,0.6560112833976746,-0.3423708379268646,0.8643068075180054
1790028865326813200,20.259813232421877,0.9026140570640564,-0.2346317619085312,-0.031124621629714966
1790028865336853200,20.269853271484376,0.7637503147125244,-0.7493851184844971,0.4141969084739685
1790028865366974200,20.29997412109375,0.3734954595565796,-0.23702596127986908,-0.1843535304069519
1790028865407166000,20.340166015625,0.2346317619085312,-0.6392518281936646,0.950498104095459
1790028865427216000,20.3602158203125,0.28730419278144836,-0.15322890877723694,-0.06464344263076782
1790028865437286700,20.37028662109375,0.4644751250743866,-0.15562310814857483,-0.10534487664699554
1790028865447296500,20.380296630859377,0.5386953949928284,-0.49320554733276367,0.15083470940589905
1790028865457336800,20.3903369140625,0.17717093229293823,-0.8403648138046265,0.7445967197418213
1790028865467346400,20.400346435546876,-0.15562310814857483,-0.751779317855835,0.8858546018600464
1790028865477356300,20.410356201171876,-0.019153613597154617,-0.5674257874488831,0.6631938815116882
1790028865487396600,20.420396728515627,0.2298433631658554,-0.42377370595932007,0.7876923680305481
1790028865497406200,20.43040625,0.24899697303771973,-0.3471592366695404,1.139639973640442
1790028865517456400,20.450456298828126,0.33279404044151306,-0.2753331959247589,1.4748282432556152
1790028865547577300,20.480577392578127,0.5578489899635315,-0.3423708379268646,1.3431471586227417
1790028865557617400,20.490617431640626,0.4165911078453064,-0.5434837937355042,1.5634137392044067
1790028865587708000,20.5207080078125,0.43095630407333374,-0.5363011956214905,1.3455413579940796
1790028865607849500,20.540849365234376,0.05506663769483566,-0.7757213711738586,1.5322890281677246
1790028865617859300,20.550859375,0.035913024097681046,-0.5913678407669067,1.1899182796478271
1790028865637909200,20.5709091796875,0.20111294090747833,-0.5363011956214905,0.7445967197418213
1790028865647919000,20.580919189453127,0.3878606855869293,-0.5985504388809204,0.6440402865409851
1790028865657959400,20.59095947265625,0.24181437492370605,-0.6655880808830261,0.727837324142456
1790028865738159600,20.67115966796875,0.6847416758537292,-0.42856210470199585,0.871489405632019
1790028865768249900,20.701249755859376,0.040701430290937424,-0.8762778043746948,1.0869675874710083
1790028865788269300,20.721269287109376,0.19153612852096558,-0.8762778043746948,1.039083480834961
1790028865798279200,20.731279052734376,0.4189853072166443,-0.6847416758537292,1.0007762908935547
1790028865808288800,20.741288818359376,0.3280056416988373,-0.47644615173339844,1.3192051649093628
1790028865818359800,20.75135986328125,0.031124621629714966,-0.3232172429561615,1.3024457693099976
1790028865828369400,20.761369384765626,0.004788403399288654,-0.272938996553421,1.2186486721038818
1790028865838409700,20.77140966796875,0.05027823522686958,-0.272938996553421,0.9840168952941895
1790028865848450000,20.781449951171876,0.040701430290937424,-0.47165772318840027,0.790086567401886
1790028865868469500,20.801469482421876,0.22744916379451752,-0.6631938815116882,0.8930372595787048
1790028865908630800,20.841630859375,0.5602431893348694,-0.15083470940589905,0.6584054827690125
1790028865918610000,20.85160986328125,0.49799394607543945,-0.2059013396501541,0.5650315880775452
1790028865928650200,20.861650146484376,0.17477671802043915,-0.1604115068912506,0.3495534360408783
1790028865938660000,20.87166015625,0.047884032130241394,-0.1364694982767105,-0.031124621629714966
1790028865948700200,20.8817001953125,0.1149216815829277,-0.3423708379268646,0.031124621629714966
1790028865958679600,20.891679443359376,0.023942016065120697,-0.26336219906806946,0.08619125932455063
1790028865968720000,20.901719970703127,0.1843535304069519,-0.06464344263076782,0
1790028865978729500,20.9117294921875,0.047884032130241394,-0.08619125932455063,0.21308395266532898
1790028866028870000,20.961869873046876,-0.040701430290937424,-0.2992752194404602,0.7206547260284424
1790028866038910200,20.97191015625,-0.047884032130241394,-0.21308395266532898,0.5793967843055725
1790028866048950500,20.981950439453126,-0.05746084079146385,-0.2082955539226532,0.4405331015586853
1790028866068970000,21.001969970703126,-0.047884032130241394,-0.11971008777618408,0.3208230137825012
1790028866079040800,21.012040771484376,-0.17477671802043915,-0.181959331035614,0.608127236366272
1790028866089050600,21.022050537109376,-0.22266076505184174,-0.45489832758903503,0.5650315880775452
1790028866099060500,21.032060546875,-0.24181437492370605,-0.5363011956214905,0.4908113479614258
1790028866109100500,21.0421005859375,-0.15083470940589905,-0.5770025849342346,0.304063618183136
1790028866119110400,21.0521103515625,-0.13168109953403473,-0.27054479718208313,0.3758896589279175
1790028866129181200,21.06218115234375,-0.2346317619085312,-0.33758243918418884,0.6033388376235962
1790028866139191000,21.07219091796875,-0.2322375625371933,-0.2849099934101105,0.43095630407333374
1790028866149200600,21.08220068359375,-0.10295066982507706,-0.07182604819536209,0.17238251864910126
1790028866159210500,21.09221044921875,0.07182604819536209,-0.07900865375995636,0.06224924325942993
1790028866169250800,21.102250732421876,-0.06464344263076782,-0.27054479718208313,-0.021547814831137657
1790028866179291100,21.112291015625,-0.3208230137825012,-0.40940847992897034,-0.07661445438861847
1790028866189300700,21.12230078125,-0.42377370595932007,-0.5386953949928284,0.08140286058187485
1790028866269562000,21.20256201171875,-1.9249382019042969,-1.5298948287963867,0.5482721924781799
1790028866309662200,21.242662109375,-1.5682021379470825,-0.608127236366272,0.47884035110473633
1790028866329742800,21.262742919921877,-1.680729627609253,-1.139639973640442,1.3215993642807007
1790028866339783000,21.272782958984376,-1.6927006244659424,-0.9145850539207458,1.173158884048462
1790028866349823200,21.2828232421875,-1.6065093278884888,-0.7829039692878723,0.9097966551780701
1790028866369873400,21.302873291015626,-1.2042834758758545,-0.8331822156906128,1.2066776752471924
1790028866389923300,21.32292333984375,-0.7924807667732239,-1.015141487121582,2.118868589401245
1790028866450165000,21.3831650390625,-2.118868589401245,-1.4532804489135742,1.7860745191574097
1790028866470184700,21.403184814453127,-2.4684219360351562,-0.7374141216278076,1.259350061416626
1790028866490234600,21.423234619140626,-1.4389152526855469,0.3016694188117981,-0.507570743560791
1790028866500214000,21.433214111328127,-1.1540051698684692,0.035913024097681046,-0.9983820915222168
1790028866590454500,21.52345458984375,-0.5434837937355042,-0.1388636976480484,0.7254431247711182
1790028866600464100,21.533464111328126,-0.5602431893348694,-0.48602294921875,0.5315127968788147
1790028866630493400,21.563493408203126,-1.1300631761550903,-0.7445967197418213,-0.14604631066322327
1790028866700653300,21.6336533203125,-1.1683704853057861,-0.3734954595565796,-0.040701430290937424
1790028866710663200,21.6436630859375,-0.6847416758537292,-0.15801730751991272,-1.37906014919281
1790028866720703500,21.653703369140626,-0.33997663855552673,-0.9816226959228516,-0.6584054827690125
1790028866730774300,21.663774169921876,-0.751779317855835,-0.8643068075180054,0.2968810200691223
1790028866740814600,21.673814697265627,-1.0127472877502441,-0.05027823522686958,-0.9241618514060974
1790028866750855000,21.68385498046875,-0.6177040338516235,0.569819986820221,-1.900996208190918
1790028866760864500,21.693864501953126,-0.24181437492370605,0.15083470940589905,-0.6320692300796509
1790028866770935300,21.703935302734376,-0.43335050344467163,-0.363918662071228,0.6727706789970398
1790028866800995000,21.7339951171875,-0.47405192255973816,-0.4141969084739685,-1.3718775510787964
1790028866811035400,21.744035400390626,-0.524330198764801,0.11252748221158981,-0.9768342971801758
1790028866821075700,21.75407568359375,-0.5937620401382446,0.7924807667732239,-0.9050082564353943
1790028866831116000,21.764115966796876,-0.6584054827690125,1.0031704902648926,0.12689268589019775
1790028866841126000,21.7741259765625,-0.4381389021873474,1.1013327836990356,-0.2561795711517334
1790028866851135500,21.784135498046876,-0.38546648621559143,0.768538773059845,-1.501164436340332
1790028866861175800,21.79417578125,-0.48602294921875,0.004788403399288654,-0.9911994934082031
1790028866871216000,21.804216064453126,-0.37828385829925537,-0.2825157940387726,0.23942017555236816
1790028866881256400,21.81425634765625,-0.09816227108240128,-0.9600749015808105,0.40462008118629456
1790028866901276000,21.83427587890625,-0.023942016065120697,0.05506663769483566,0.17956513166427612
1790028866931396900,21.86439697265625,-1.292868971824646,0.15083470940589905,-0.08619125932455063
1790028866941406500,21.874406494140626,-0.9313444495201111,0.031124621629714966,0.40940847992897034
1790028866951446800,21.88444677734375,-0.17477671802043915,-0.4572925269603729,0.3974374830722809
1790028866961487000,21.894487060546876,0.1173158809542656,-0.43335050344467163,1.1659762859344482
1790028866971527400,21.90452734375,0.06703764945268631,0.26575639843940735,0.47405192255973816
1790028866981537300,21.914537353515627,-0.667982280254364,0.5530605912208557,-0.28730419278144836
1790028867011658000,21.944657958984376,-1.659181833267212,-0.6153098344802856,0.37828385829925537
1790028867051697200,21.984697265625,-1.6711528301239014,-0.31124621629714966,-0.6153098344802856
1790028867061737500,21.994737548828127,-1.414973258972168,-0.7565677165985107,-0.5674257874488831
1790028867071777500,22.004777587890626,-1.0893617868423462,-0.3423708379268646,-0.22744916379451752
1790028867081787400,22.014787353515626,-1.278503656387329,0.27054479718208313,-0.38546648621559143
1790028867091827700,22.02482763671875,-1.845929503440857,0.7182605266571045,-0.3663128614425659
1790028867121887500,22.054887451171876,-1.7190368175506592,-0.05506663769483566,0.20111294090747833
1790028867131927800,22.064927734375,-1.0438719987869263,-0.3974374830722809,0.2801215946674347
1790028867151977700,22.084977783203126,-0.6631938815116882,-0.023942016065120697,-0.40940847992897034
1790028867162018000,22.09501806640625,-0.9217676520347595,-0.2106897532939911,0.40940847992897034
1790028867172058400,22.105058349609376,-0.5889736413955688,-0.3208230137825012,0.4381389021873474
1790028867182068200,22.115068115234376,-0.22266076505184174,0.28969839215278625,-0.3471592366695404
1790028867192077800,22.125077880859376,-0.6177040338516235,0.768538773059845,-0.8164227604866028
1790028867202179300,22.135179443359377,-1.6400281190872192,0.6488286852836609,-0.7015010714530945
1790028867232269600,22.16526953125,0.019153613597154617,-0.33279404044151306,0.19393034279346466
1790028867242310000,22.175309814453126,-0.0933738648891449,-0.35434186458587646,0.22266076505184174
1790028867252319700,22.18531982421875,-0.8978256583213806,0.30885201692581177,-0.4381389021873474
1790028867262329300,22.195329345703126,-1.647210717201233,0.5722141861915588,-0.49320554733276367
1790028867272400100,22.205400146484376,-1.5873557329177856,0.9696516990661621,-0.16998831927776337
1790028867282440400,22.2154404296875,-1.4963760375976562,0.49559974670410156,0.021547814831137657
1790028867292480800,22.225480712890626,-1.5921441316604614,0.4668693244457245,0.7613561153411865
1790028867302490600,22.23549072265625,-1.6160861253738403,0.2777273952960968,0.47165772318840027
1790028867332550400,22.26555029296875,-1.3192051649093628,0.7972691655158997,0.629675030708313
1790028867342560300,22.275560302734377,-1.5131354331970215,1.2258312702178955,0.33758243918418884
1790028867352569900,22.28556982421875,-2.0925323963165283,1.3048399686813354,0.26815059781074524
1790028867362610200,22.295610107421876,-1.6208745241165161,1.678335428237915,0.19871874153614044
1790028867372650500,22.305650390625,-0.8595184087753296,0.933738648891449,0.26336219906806946
1790028867382660400,22.315660400390627,-0.49799394607543945,1.292868971824646,0.9720458984375
1790028867392731100,22.325731201171877,-0.2059013396501541,1.4676456451416016,-0.7661445140838623
1790028867402771200,22.335771240234376,-0.2777273952960968,1.5753847360610962,-1.0630255937576294
1790028867412781000,22.345781005859376,-0.828393816947937,2.0446481704711914,-1.0342950820922852
1790028867422821400,22.3558212890625,-0.47644615173339844,1.3024457693099976,-0.014365210197865963
1790028867432831200,22.365831298828127,0.28969839215278625,0.8068459630012512,1.4221558570861816
1790028867452911600,22.38591162109375,0.026336219161748886,0.8403648138046265,-0.3232172429561615
1790028867462952000,22.395951904296876,-0.17238251864910126,0.40222588181495667,-0.8451532125473022
1790028867472961800,22.4059619140625,-0.2346317619085312,0.27054479718208313,-0.5147533416748047
1790028867493042400,22.42604248046875,-0.6416460275650024,0.2585737705230713,0.8595184087753296
1790028867503052000,22.436052001953126,-0.8044517636299133,-0.12449848651885986,1.278503656387329
1790028867513092400,22.44609228515625,-0.5147533416748047,-0.6320692300796509,1.5131354331970215
1790028867603393800,22.536393798828126,0.22266076505184174,-0.11252748221158981,0.002394201699644327
1790028867613403600,22.546403564453126,0.3447650372982025,0.033518824726343155,-0.8307880163192749
1790028867693664800,22.626664794921876,0.1628057211637497,1.2641384601593018,-0.7972691655158997
1790028867783966500,22.716966552734377,-0.031124621629714966,0.9888052940368652,-1.8962076902389526
1790028867834045700,22.767045654296876,0.49559974670410156,-2.1715409755706787,1.0127472877502441
1790028867844086000,22.7770859375,1.1109095811843872,-1.5682021379470825,0.2561795711517334
1790028867854096000,22.787095947265627,0.667982280254364,-0.5650315880775452,-1.1085153818130493
1790028867864105500,22.79710546875,-0.26096799969673157,0.2849099934101105,-1.5131354331970215
1790028867874115300,22.807115234375,-1.3694833517074585,1.2665326595306396,-1.2066776752471924
1790028867884155600,22.81715576171875,-2.1045033931732178,1.0295066833496094,-0.2346317619085312
1790028867914154200,22.847154296875,0.6751648783683777,-0.7326257228851318,0.7565677165985107
1790028867954346000,22.887345947265626,-0.5003881454467773,0.5027823448181152,-0.3447650372982025
1790028867964355800,22.89735595703125,-0.5291185975074768,0.40462008118629456,0.2298433631658554
1790028867984405800,22.91740576171875,-1.3886369466781616,-0.24181437492370605,-0.5602431893348694
1790028867994415600,22.92741552734375,-0.9888052940368652,-1.4484920501708984,0.4908113479614258
1790028868004425500,22.937425537109377,-0.07661445438861847,-1.522712230682373,0.9289502501487732
1790028868014465500,22.947465576171876,0.5219359993934631,-0.19393034279346466,-0.15322890877723694
1790028868024475400,22.957475341796876,0.3495534360408783,0.9241618514060974,-1.4867992401123047
1790028868044494800,22.977494873046876,-0.7996633648872375,0.30885201692581177,-0.5889736413955688
1790028868054504700,22.987504638671876,-0.3064578175544739,-0.2849099934101105,0.5315127968788147
1790028868074585300,23.00758544921875,0.9050082564353943,-0.43095630407333374,0.6560112833976746
1790028868084595000,23.017594970703126,1.0055646896362305,0.10055647045373917,0.06464344263076782
1790028868094665700,23.027665771484376,0.36152446269989014,0.09576806426048279,0.31603461503982544
1790028868104706000,23.0377060546875,-0.24420857429504395,-0.15322890877723694,0.6009446382522583
1790028868154816000,23.08781591796875,-0.0933738648891449,-0.08140286058187485,0.5339069962501526
1790028868174866000,23.107865966796876,-0.7733271718025208,-0.38067805767059326,0.5482721924781799
1790028868184875800,23.117875732421876,-0.8571242094039917,-0.768538773059845,0.4620809257030487
1790028868204895200,23.137895263671876,-0.6655880808830261,-0.4141969084739685,0.33518823981285095
1790028868224945400,23.1579453125,-0.10055647045373917,-0.35673606395721436,0.47644615173339844
1790028868275055400,23.208055419921877,0.07182604819536209,-0.1843535304069519,-0.6153098344802856
1790028868315186000,23.24818603515625,0.6105214357376099,-0.0694318488240242,0.629675030708313
1790028868375305500,23.308305419921876,-0.22266076505184174,-0.6775590777397156,0.33758243918418884
1790028868395355600,23.328355712890627,0.09576806426048279,-0.18914192914962769,0.33039984107017517
1790028868415466500,23.348466552734376,0.395043283700943,0.028730420395731926,0.706289529800415
1790028868435547100,23.368547119140626,0.043095629662275314,-0.12210428714752197,0.16998831927776337
1790028868445557000,23.378556884765626,-0.16998831927776337,-0.4596867263317108,0.21787235140800476
1790028868455566800,23.38856689453125,-0.33279404044151306,-0.40222588181495667,0.3878606855869293
1790028868465576400,23.398576416015626,-0.2561795711517334,-0.304063618183136,0.2992752194404602
1790028868475586300,23.40858642578125,-0.004788403399288654,-0.10534487664699554,0.2346317619085312
1790028868485596000,23.418595947265626,0.24181437492370605,-0.06464344263076782,0.2753331959247589
1790028868495605800,23.428605712890626,0.3423708379268646,0.009576806798577309,0.2106897532939911
1790028868505615600,23.43861572265625,0.4620809257030487,0.0454898327589035,-0.24420857429504395
1790028868545715700,23.4787158203125,0.8403648138046265,-0.47165772318840027,1.1109095811843872
1790028868565765600,23.498765625,1.1683704853057861,0.30885201692581177,-0.08858546614646912
1790028868575806000,23.508805908203126,1.2737152576446533,0.15562310814857483,0.47644615173339844
1790028868585846300,23.51884619140625,0.8451532125473022,-0.021547814831137657,0.8355764150619507
1790028868595856100,23.528856201171877,0.35434186458587646,-0.06464344263076782,0.7541735172271729
1790028868615875600,23.54887548828125,0.2944868206977844,-0.2322375625371933,0.7829039692878723
1790028868645935400,23.578935302734376,0.40701428055763245,-0.5554547905921936,0.5578489899635315
1790028868655945200,23.5889453125,0.047884032130241394,-0.4908113479614258,0.44532153010368347
1790028868665954800,23.598954833984376,-0.2298433631658554,-0.2346317619085312,0.40701428055763245
1790028868675995100,23.6089951171875,-0.21547815203666687,-0.35673606395721436,0.49559974670410156
1790028868746155000,23.679155029296876,0.7086837291717529,-0.586579442024231,1.2210428714752197
1790028868776245500,23.70924560546875,1.0055646896362305,-0.5171475410461426,0.4596867263317108
1790028868786285800,23.719285888671877,0.9193734526634216,-0.6129156351089478,0.35673606395721436
1790028868796326000,23.729325927734376,0.35913026332855225,-0.689530074596405,0.22505496442317963
1790028868806335700,23.739335693359376,-0.12449848651885986,-0.4668693244457245,0.26096799969673157
1790028868826386000,23.759385986328127,-0.019153613597154617,-0.17717093229293823,0.3256114423274994
1790028868836456700,23.769456787109377,0.16759411990642548,-0.1173158809542656,0.4884171485900879
1790028868846497000,23.7794970703125,0.05746084079146385,-0.1604115068912506,0.6344634294509888
1790028868866547000,23.799546875,0.10534487664699554,-0.4189853072166443,0.8667010068893433
1790028868876556800,23.809556884765627,0.12449848651885986,-0.5123591423034668,0.9840168952941895
1790028868926758100,23.859758056640626,-0.2322375625371933,0.05746084079146385,0.090979665517807
1790028868946808000,23.87980810546875,-0.1867477297782898,-0.40701428055763245,0.7230489253997803
1790028868966827800,23.899827880859377,-0.2968810200691223,-0.3663128614425659,1.0414776802062988
1790028868976868000,23.9098681640625,-0.035913024097681046,-0.5171475410461426,1.0199298858642578
1790028869027008300,23.96000830078125,0.2537853717803955,0.07182604819536209,0.8834604024887085
1790028869097259800,24.030259765625,0.27054479718208313,-0.47644615173339844,0.7398083209991455
1790028869167419600,24.100419677734376,0.2059013396501541,-0.05746084079146385,0.1604115068912506
1790028869177490400,24.110490478515626,0.2753331959247589,-0.15322890877723694,0.24420857429504395
1790028869187500300,24.120500244140626,0.13407529890537262,-0.26815059781074524,0.2513911724090576
1790028869197571000,24.130571044921876,0.06703764945268631,-0.2777273952960968,0.2585737705230713
1790028869207641900,24.140641845703126,-0.011971008032560349,-0.24181437492370605,0.0933738648891449
1790028869217682200,24.15068212890625,-0.07422025501728058,-0.07900865375995636,-0.011971008032560349
1790028869227692000,24.160692138671877,-0.0933738648891449,-0.019153613597154617,-0.011971008032560349
1790028869237732400,24.170732421875,0.038307227194309235,-0.17238251864910126,0
1790028869287872500,24.22087255859375,-0.16998831927776337,-0.31364041566848755,0.6153098344802856
1790028869307922700,24.240922607421876,-0.17238251864910126,-0.23702596127986908,0.3902548849582672
1790028869317993500,24.250993408203126,-0.2513911724090576,-0.33518823981285095,0.2585737705230713
1790028869348145000,24.281144775390626,-0.7757213711738586,-0.5530605912208557,0.3232172429561615
1790028869358154500,24.291154541015626,-0.6129156351089478,-0.33997663855552673,0.10295066982507706
1790028869388275500,24.321275390625,-0.30885201692581177,-0.4644751250743866,0.29209262132644653
1790028869438385400,24.371385498046877,-0.3758896589279175,-0.395043283700943,0.3280056416988373
1790028869448395000,24.38139501953125,-0.507570743560791,-0.49559974670410156,0.569819986820221
1790028869458435300,24.391435302734376,-0.5147533416748047,-0.6847416758537292,0.45010992884635925
1790028869508575700,24.44157568359375,-1.7693150043487549,-0.19871874153614044,0.5434837937355042
1790028869518585600,24.451585693359377,-1.9560627937316895,-0.6607996821403503,0.6775590777397156
1790028869528626000,24.4616259765625,-1.9752163887023926,-1.1827356815338135,0.30885201692581177
1790028869538635500,24.471635498046876,-1.8507179021835327,-1.0462661981582642,0.31842881441116333
1790028869548645400,24.481645263671876,-1.4987702369689941,-1.0678139925003052,0.31842881441116333
1790028869558685700,24.491685791015627,-1.316810965538025,-1.0127472877502441,0.7541735172271729
1790028869568726000,24.50172607421875,-1.3838485479354858,-1.3670891523361206,1.3048399686813354
1790028869578735600,24.511735595703126,-1.625662922859192,-1.479616641998291,1.6424223184585571
1790028869588745500,24.521745361328126,-1.625662922859192,-1.1994950771331787,1.644816517829895
1790028869608856600,24.541856689453127,-1.479616641998291,-0.9217676520347595,1.3287819623947144
1790028869628876000,24.5618759765625,-1.2880805730819702,-0.8020575642585754,1.4437036514282227
1790028869638916400,24.571916259765626,-1.1061211824417114,-0.7733271718025208,1.6974890232086182
1790028869648926200,24.58192626953125,-0.9840168952941895,-1.0797849893569946,2.0901381969451904
1790028869658935800,24.591935791015626,-1.0797849893569946,-1.1755530834197998,1.920149803161621
1790028869668945700,24.601945556640626,-1.0295066833496094,-0.8786720037460327,1.764526605606079
1790028869678986000,24.611986083984377,-1.1444283723831177,-0.6799532771110535,1.6735470294952393
1790028869689026300,24.6220263671875,-0.9624691009521484,-0.40701428055763245,1.292868971824646
1790028869719086000,24.652086181640627,-1.5107412338256836,-0.8236053586006165,0.9241618514060974
1790028869739105500,24.67210546875,-2.63362193107605,-2.0470423698425293,1.6879122257232666
1790028869749145900,24.682145751953126,-2.82515811920166,-1.7046716213226318,0.9816226959228516
1790028869769195800,24.70219580078125,-1.335964560508728,-0.828393816947937,0.395043283700943
1790028869819305700,24.7523056640625,-0.9528923034667969,-0.10295066982507706,0.35913026332855225
1790028869829315600,24.762315673828127,-0.6536170840263367,-0.2346317619085312,-0.040701430290937424
1790028869839386400,24.772386474609377,-0.4429273009300232,0.009576806798577309,-0.6200982332229614
1790028869859436300,24.792436279296876,-0.4141969084739685,-0.4668693244457245,0.31124621629714966
1790028869869415700,24.802415771484377,-0.2753331959247589,-0.35913026332855225,0.4118026793003082
1790028869889496000,24.82249609375,-0.27054479718208313,-0.7493851184844971,0.9624691009521484
1790028869899536400,24.832536376953126,-0.5674257874488831,-0.5147533416748047,0.7398083209991455
1790028869909546200,24.842546142578126,-0.6823474764823914,-0.31842881441116333,0.45010992884635925
1790028869939636500,24.872636474609376,0.363918662071228,-0.033518824726343155,-1.5921441316604614
1790028869949646300,24.882646240234376,0.5961562395095825,-0.2346317619085312,-1.194706678390503
1790028869959717000,24.892717041015626,-0.3016694188117981,-0.13168109953403473,-0.8188169598579407
1790028869969727000,24.90272705078125,-1.194706678390503,0.15562310814857483,-0.4429273009300232
1790028869979736600,24.912736572265626,-1.2258312702178955,0.4405331015586853,-0.7086837291717529
1790028869989777000,24.92277685546875,-0.706289529800415,0.33758243918418884,-1.2330138683319092
1790028869999847700,24.93284765625,-0.38307225704193115,-0.47405192255973816,0.6177040338516235
1790028870019897900,24.95289794921875,-0.9313444495201111,-0.19632454216480255,-1.0558429956436157
1790028870029938200,24.962938232421877,-0.7086837291717529,-0.7158663272857666,-1.0031704902648926
1790028870040009000,24.973009033203127,-0.6224924325942993,-0.9528923034667969,0.689530074596405
1790028870060028400,24.9930283203125,-0.5554547905921936,-0.11252748221158981,0.7852981686592102
1790028870100159000,25.033158935546876,0.038307227194309235,-1.534683346748352,-0.1149216815829277
1790028870110199300,25.04319921875,0.2346317619085312,-1.113303780555725,0.6799532771110535
1790028870180328700,25.11332861328125,-0.5339069962501526,0.5913678407669067,0.08858546614646912
1790028870240448300,25.1734482421875,-0.6775590777397156,-1.3958195447921753,1.7908629179000854
1790028870250519000,25.18351904296875,-0.5770025849342346,-0.08858546614646912,1.3000515699386597
1790028870260559400,25.193559326171876,-1.434126853942871,0.993593692779541,-0.545877993106842
1790028870270599700,25.203599609375,-2.47560453414917,0.5267243981361389,-1.4700398445129395
1790028870290680300,25.223680419921877,-1.9919757843017578,-0.45250412821769714,-0.07661445438861847
1790028870310699800,25.24369970703125,-0.8140285611152649,-1.0869675874710083,0.3519476354122162
1790028870320740000,25.253739990234376,-0.7541735172271729,-0.6344634294509888,1.259350061416626
1790028870330750000,25.26375,-1.1348515748977661,1.1276689767837524,0.031124621629714966
1790028870340820700,25.27382080078125,-2.0877439975738525,1.6041151285171509,-0.8954314589500427
1790028870350830300,25.283830322265626,-2.9233202934265137,1.5514427423477173,-1.0821791887283325
1790028870360870700,25.29387060546875,-2.7557260990142822,0.7254431247711182,-0.4620809257030487
1790028870380951300,25.313951416015627,-0.033518824726343155,-0.47405192255973816,0.5746083855628967
1790028870390991600,25.32399169921875,0.10534487664699554,-0.20111294090747833,0.4692635238170624
1790028870401032000,25.334031982421877,-0.8858546018600464,-0.26336219906806946,-0.181959331035614
1790028870411102700,25.344102783203127,-1.0678139925003052,0.1388636976480484,-0.28969839215278625
1790028870421142800,25.354142822265626,-1.048660397529602,1.1444283723831177,-1.2617442607879639
1790028870431152600,25.364152587890626,-1.2617442607879639,1.2545616626739502,-0.8427590131759644
1790028870511352800,25.444352783203126,-0.9816226959228516,0.5099649429321289,-0.31603461503982544
1790028870591705600,25.52470556640625,-0.10534487664699554,0.5913678407669067,-1.1540051698684692
1790028870601746000,25.534745849609376,-0.8523358106613159,1.338358759880066,-0.8738836050033569
1790028870641876500,25.57487646484375,0.7374141216278076,1.987187385559082,0.507570743560791
1790028870651886300,25.58488623046875,0.8188169598579407,2.6862943172454834,-0.3280056416988373
1790028870712006000,25.645005859375,-0.05746084079146385,0.8259995579719543,-0.3998316824436188
1790028870722046200,25.655046142578126,0.07422025501728058,0.524330198764801,-0.3208230137825012
1790028870732056000,25.66505615234375,-0.2825157940387726,0.4596867263317108,-0.1364694982767105
1790028870742096400,25.675096435546877,-0.545877993106842,0.47165772318840027,0.2059013396501541
1790028870752106000,25.68510595703125,-0.4596867263317108,0.5363011956214905,0.20350714027881622
1790028870762115800,25.69511572265625,-0.3016694188117981,0.7781155705451965,0.14365209639072418
1790028870772125400,25.70512548828125,-0.40940847992897034,1.115697979927063,-0.15562310814857483
1790028870802246400,25.735246337890626,-0.5147533416748047,0.4165911078453064,0.004788403399288654
1790028870812256300,25.74525634765625,-0.20350714027881622,0.047884032130241394,0.043095629662275314
1790028870822265900,25.755265869140626,-0.17477671802043915,0.10295066982507706,0.2825157940387726
1790028870832306200,25.76530615234375,0.009576806798577309,0.035913024097681046,0.7350199222564697
1790028870842316000,25.77531591796875,0.23942017555236816,0.49559974670410156,0.2944868206977844
1790028870862366000,25.795365966796876,-0.33997663855552673,0.3734954595565796,-0.2106897532939911
1790028870912506400,25.84550634765625,0.019153613597154617,0.21308395266532898,-0.8738836050033569
1790028870932556500,25.865556640625,-0.6272808313369751,1.4173674583435059,-2.8227639198303223
1790028870952667600,25.885667724609377,-1.213860273361206,1.522712230682373,-0.6775590777397156
1790028870962707700,25.895707763671876,-0.6847416758537292,0.9983820915222168,0.1149216815829277
1790028870972778800,25.90577880859375,0.2585737705230713,0.3519476354122162,0.019153613597154617
1790028870982818800,25.91581884765625,0.9481038451194763,0.646434485912323,-0.8786720037460327
1790028871002869000,25.935868896484376,-0.33518823981285095,0.6177040338516235,-2.7126305103302
1790028871012878800,25.94587890625,-0.9768342971801758,-0.42377370595932007,-1.778891921043396
1790028871022949600,25.95594970703125,-0.9433154463768005,-0.23942017555236816,-0.5147533416748047
1790028871053070300,25.9860703125,1.2617442607879639,-0.8930372595787048,0.2537853717803955
1790028871063080200,25.996080078125,1.0869675874710083,-0.727837324142456,-0.3471592366695404
1790028871073120500,26.00612060546875,0.45489832758903503,-0.2849099934101105,-0.6703764796257019
1790028871083160800,26.016160888671877,-0.21308395266532898,0.3471592366695404,-1.1659762859344482
1790028871093170400,26.02617041015625,-0.6823474764823914,0.45250412821769714,-1.091755986213684
1790028871103180300,26.03618017578125,-0.8068459630012512,-0.395043283700943,-0.009576806798577309
1790028871123261000,26.056260986328127,0.2346317619085312,-1.3192051649093628,1.8267759084701538
1790028871133301000,26.066301025390626,0.6560112833976746,-1.4652514457702637,0.7805097699165344
1790028871143371800,26.076371826171876,0.4357447028160095,-0.1867477297782898,-0.8834604024887085
1790028871153381600,26.086381591796876,-0.6943184733390808,2.0614075660705566,-3.406949043273926
1790028871163391500,26.0963916015625,-2.049436569213867,2.4684219360351562,-3.6104562282562256
1790028871173401000,26.106401123046876,-2.3726539611816406,0.5147533416748047,-0.9768342971801758
1790028871183411000,26.116410888671876,-0.9911994934082031,-1.0558429956436157,1.7836803197860718
1790028871193420800,26.1264208984375,0.6991068720817566,-1.1683704853057861,2.0159177780151367
1790028871203430400,26.136430419921876,1.5203180313110352,-1.1228805780410767,0.363918662071228
1790028871213470700,26.146470703125,1.3000515699386597,-0.689530074596405,-0.5171475410461426
1790028871223511000,26.156510986328126,0.3016694188117981,0.002394201699644327,-1.2856862545013428
1790028871233551400,26.16655126953125,-0.42377370595932007,0.20111294090747833,-1.4652514457702637
1790028871243561200,26.176561279296877,-0.4908113479614258,0.7206547260284424,-1.455674648284912
1790028871253570800,26.18657080078125,-0.26815059781074524,0.5386953949928284,-1.455674648284912
1790028871273621000,26.20662109375,0.14844051003456116,-1.4101848602294922,0.9457096457481384
1790028871283661300,26.216661376953127,0.6631938815116882,-1.359906554222107,0.9169792532920837
1790028871293671000,26.2266708984375,0.9433154463768005,-0.363918662071228,0.2346317619085312
1790028871303650300,26.236650390625,0.706289529800415,-0.17717093229293823,-0.7015010714530945
1790028871313690600,26.246690673828127,0.272938996553421,-0.7086837291717529,-0.20350714027881622
1790028871323700200,26.2567001953125,0.2106897532939911,-0.5530605912208557,0.05506663769483566
1790028871353790700,26.286790771484377,0.22505496442317963,-0.7326257228851318,0.7086837291717529
1790028871373840600,26.306840576171876,0.21787235140800476,-1.1875240802764893,0.7230489253997803
1790028871393890800,26.326890869140627,-0.1867477297782898,-0.8379706144332886,-0.5410895943641663
1790028871413940700,26.346940673828126,0.0694318488240242,-0.4620809257030487,0.040701430290937424
1790028871433991000,26.366990966796877,0.706289529800415,-0.2753331959247589,0.8475474119186401
1790028871444000500,26.37700048828125,1.072602391242981,-1.1180921792984009,1.4748282432556152
1790028871484070100,26.417070068359376,0.9097966551780701,-0.3256114423274994,0.40701428055763245
1790028871514130000,26.4471298828125,-0.1867477297782898,0.021547814831137657,-0.035913024097681046
1790028871524139800,26.457139892578127,0.05027823522686958,-0.20111294090747833,0.028730420395731926
1790028871544220200,26.47722021484375,0.22505496442317963,-0.5339069962501526,-0.05267243832349777
1790028871564270300,26.497270263671876,0.2944868206977844,0.047884032130241394,-0.3902548849582672
1790028871584320300,26.5173203125,0.31124621629714966,-0.2561795711517334,0.7134721279144287
1790028871594360600,26.527360595703126,0.37828385829925537,-0.11971008777618408,0.5171475410461426
1790028871604401000,26.53740087890625,0.7493851184844971,-0.26336219906806946,-0.10295066982507706
1790028871614410800,26.54741064453125,1.2976573705673218,-0.47644615173339844,0.3663128614425659
1790028871624420600,26.557420654296877,1.3982137441635132,-0.7422025203704834,1.647210717201233
1790028871644470500,26.577470458984376,0.7254431247711182,-0.5386953949928284,1.7286136150360107
1790028871654510800,26.5875107421875,0.7469909191131592,-0.4668693244457245,0.9193734526634216
1790028871664490000,26.597489990234376,0.6919242739677429,-0.7182605266571045,0.608127236366272
1790028871684570600,26.617570556640626,0.11252748221158981,-1.1037269830703735,1.1180921792984009
1790028871714630400,26.64763037109375,0.21308395266532898,-0.4668693244457245,0.17238251864910126
1790028871724701200,26.657701171875,0.17956513166427612,-0.5339069962501526,0.6967126727104187
1790028871744781800,26.67778173828125,-0.047884032130241394,-1.0749965906143188,0.9959878921508789
1790028871754822100,26.687822265625,0.05746084079146385,-0.7469909191131592,0.667982280254364
1790028871784882000,26.7178818359375,0.49799394607543945,-0.6655880808830261,0.33518823981285095
1790028871825012500,26.758012451171876,0.7230489253997803,-0.7613561153411865,0.8930372595787048
1790028871835052800,26.768052734375,0.6224924325942993,-0.507570743560791,0.7589619159698486
1790028871855103000,26.78810302734375,0.5985504388809204,-0.507570743560791,0.6129156351089478
1790028871885223700,26.8182236328125,0.42856210470199585,-0.36152446269989014,0.8068459630012512
1790028871905273900,26.83827392578125,0.6272808313369751,-0.7996633648872375,0.9193734526634216
1790028871915283500,26.848283447265626,0.5195417404174805,-1.036689281463623,0.9864110946655273
1790028871935303200,26.86830322265625,0.2082955539226532,-0.4381389021873474,0.028730420395731926
1790028871965423900,26.898423828125,-0.2106897532939911,-0.6200982332229614,0.768538773059845
1790028871975464200,26.908464111328126,-0.272938996553421,-0.35434186458587646,0.5171475410461426
1790028871985504500,26.91850439453125,0.15083470940589905,-0.45489832758903503,0.31842881441116333
1790028872035553300,26.96855322265625,0.5291185975074768,-0.181959331035614,0.6224924325942993
1790028872085724200,27.01872412109375,0.6943184733390808,-0.33279404044151306,0.9840168952941895
1790028872095734000,27.028734130859377,0.1628057211637497,-0.5339069962501526,1.4891934394836426
1790028872135895000,27.06889501953125,-0.13168109953403473,-0.7422025203704834,1.0007762908935547
1790028872145965800,27.0789658203125,-0.4836287498474121,-0.6512228846549988,0.7996633648872375
1790028872166046500,27.09904638671875,-0.043095629662275314,-0.5506663918495178,0.5985504388809204
1790028872176086800,27.109086669921876,-0.11252748221158981,-0.37828385829925537,0.6105214357376099
1790028872206146600,27.139146484375,-0.26575639843940735,-0.27054479718208313,0.5554547905921936
1790028872216156400,27.149156494140627,-0.24420857429504395,-0.5003881454467773,0.5674257874488831
1790028872226166000,27.159166015625,-0.2777273952960968,-0.5554547905921936,0.5147533416748047
1790028872246185700,27.179185791015627,-0.15322890877723694,-0.43095630407333374,0.3734954595565796
1790028872256195300,27.1891953125,-0.038307227194309235,-0.31364041566848755,0.12928688526153564
1790028872266235600,27.199235595703126,0.17717093229293823,0.1604115068912506,-0.12928688526153564
1790028872276245500,27.20924560546875,0.4836287498474121,0.35673606395721436,-0.33997663855552673
1790028872286285800,27.219285888671877,0.4429273009300232,0.11252748221158981,-0.12449848651885986
1790028872296326000,27.229325927734376,0.3495534360408783,-0.08858546614646912,0.23702596127986908
1790028872306366200,27.2393662109375,0.2082955539226532,-0.15562310814857483,0.524330198764801
1790028872316376000,27.2493759765625,0.49320554733276367,-0.10773907601833344,0.6416460275650024
1790028872326416400,27.25941650390625,0.8547300100326538,-0.29209262132644653,0.7445967197418213
1790028872336456700,27.269456787109377,0.8331822156906128,-0.28969839215278625,0.7805097699165344
1790028872346527500,27.279527587890627,0.727837324142456,-0.3256114423274994,0.6967126727104187
1790028872376617700,27.30961767578125,0.0694318488240242,-0.19393034279346466,0.47405192255973816
1790028872386627600,27.319627685546877,0.10534487664699554,-0.2992752194404602,0.3663128614425659
1790028872456848400,27.389848388671876,-0.5602431893348694,-1.0247182846069336,0.3471592366695404
1790028872506897400,27.4398974609375,-1.3958195447921753,-0.9911994934082031,0.9576807022094727
1790028872536957200,27.469957275390627,-2.0254945755004883,-1.8148049116134644,0.524330198764801
1790028872546997500,27.47999755859375,-2.0446481704711914,-1.6376339197158813,0.6033388376235962
1790028872557037600,27.49003759765625,-1.9177556037902832,-1.4987702369689941,0.7230489253997803
1790028872567078000,27.500077880859376,-1.6328455209732056,-0.9026140570640564,0.7541735172271729
1790028872577087700,27.510087646484376,-1.3120225667953491,-1.1516109704971313,1.1875240802764893
1790028872597137700,27.5301376953125,-1.9297266006469727,-1.45806884765625,1.5155296325683594
1790028872607147500,27.5401474609375,-1.920149803161621,-1.4987702369689941,1.4772224426269531
1790028872617157400,27.550157470703127,-1.8507179021835327,-1.3311761617660522,1.522712230682373
1790028872627197700,27.56019775390625,-1.742978811264038,-1.2234370708465576,1.900996208190918
1790028872637207300,27.570207275390626,-1.5322890281677246,-1.5418659448623657,2.0901381969451904
1790028872647217200,27.580217041015626,-1.4939818382263184,-1.6184803247451782,2.3989901542663574
1790028872657257500,27.590257568359377,-1.479616641998291,-1.3551181554794312,2.0374655723571777
1790028872667297800,27.6002978515625,-1.2617442607879639,-1.2090718746185303,1.2306196689605713
1790028872707398000,27.64039794921875,-1.98958158493042,-1.0606313943862915,0.08858546614646912
1790028872737427000,27.670427001953126,-2.47560453414917,-1.5394717454910278,0.9744400978088379
1790028872757477000,27.69047705078125,-1.0319008827209473,-1.0558429956436157,0.028730420395731926
1790028872787506400,27.72050634765625,-1.8986018896102905,-1.094150185585022,0.49799394607543945
1790028872817566200,27.750566162109376,-1.1540051698684692,-0.20350714027881622,-1.01753568649292
1790028872827576000,27.760576171875,-0.6488286852836609,-0.49559974670410156,-1.0773907899856567
1790028872837616400,27.770616455078127,-0.6727706789970398,-0.5985504388809204,-0.49320554733276367
1790028872847656400,27.780656494140626,-0.8092401623725891,-0.5123591423034668,-0.1149216815829277
1790028872957916700,27.890916748046877,-1.2306196689605713,0.9864110946655273,-1.4724340438842773
1790028872967926300,27.90092626953125,-1.2521674633026123,0.002394201699644327,-1.0414776802062988
1790028872977936100,27.91093603515625,-1.3311761617660522,0.45250412821769714,-1.0295066833496094
1790028872987946000,27.920946044921877,-1.3192051649093628,0.8667010068893433,-1.7046716213226318
1790028872997955600,27.93095556640625,-1.1540051698684692,0.646434485912323,-1.4748282432556152
1790028873007965400,27.94096533203125,-1.314416766166687,0.043095629662275314,-0.014365210197865963
1790028873017975300,27.950975341796877,-1.2449848651885986,-0.4668693244457245,0.8140285611152649
1790028873028015400,27.961015380859376,-0.8140285611152649,0.12449848651885986,0.009576806798577309
1790028873058075400,27.991075439453127,-0.5410895943641663,0.22505496442317963,-1.3551181554794312
1790028873068115500,28.001115478515626,-1.0319008827209473,-0.26096799969673157,-0.019153613597154617
1790028873078125300,28.011125244140626,-1.0127472877502441,0.17717093229293823,1.0797849893569946
1790028873088135200,28.02113525390625,-0.8307880163192749,1.434126853942871,-0.1388636976480484
1790028873098206000,28.0312060546875,-0.7876923680305481,1.5203180313110352,-1.3742717504501343
1790028873118286300,28.051286376953126,-0.33758243918418884,-0.38546648621559143,0.040701430290937424
1790028873138306000,28.07130615234375,-0.5027823448181152,-0.2561795711517334,0.6009446382522583
1790028873148346400,28.081346435546877,-0.5889736413955688,-0.17717093229293823,0.4620809257030487
1790028873158386400,28.091386474609376,-0.5650315880775452,0.3519476354122162,-0.014365210197865963
1790028873168396300,28.101396240234376,-0.2753331959247589,0.37828385829925537,-1.194706678390503
1790028873198486500,28.131486572265626,-0.7086837291717529,-0.38067805767059326,-0.2346317619085312
1790028873208526800,28.14152685546875,-0.21787235140800476,-0.8331822156906128,0.828393816947937
1790028873218536700,28.15153662109375,0.3016694188117981,-0.011971008032560349,0.9864110946655273
1790028873228577000,28.161576904296876,-0.20350714027881622,0.7206547260284424,-1.235408067703247
1790028873238617300,28.171617431640627,-1.316810965538025,0.7948749661445618,-2.6671407222747803
1790028873248627000,28.181626953125,-1.8579005002975464,0.8259995579719543,-1.8483237028121948
1790028873268677000,28.201677001953126,-1.1037269830703735,0.18914192914962769,1.1109095811843872
1790028873288696600,28.221696533203126,-0.2753331959247589,-0.569819986820221,0.38307225704193115
1790028873298676000,28.231676025390627,-0.8044517636299133,-0.8331822156906128,-0.0454898327589035
1790028873308746800,28.241746826171877,-1.115697979927063,-0.21308395266532898,-1.3287819623947144
1790028873318756400,28.25175634765625,-1.7501614093780518,0.3998316824436188,-2.5761611461639404
1790028873328766200,28.26176611328125,-2.408566951751709,0.30885201692581177,-0.8834604024887085
1790028873338745300,28.271745361328126,-1.9273324012756348,-0.569819986820221,0.5841852426528931
1790028873348785700,28.28178564453125,-0.8044517636299133,-0.6967126727104187,1.1563993692398071
1790028873378815000,28.31181494140625,-1.237802267074585,-0.047884032130241394,-0.7613561153411865
1790028873388855300,28.321855224609376,-1.1659762859344482,-0.22744916379451752,-0.49799394607543945
1790028873398895600,28.3318955078125,-0.7422025203704834,-0.43095630407333374,-0.3280056416988373
1790028873408936000,28.34193603515625,-0.7924807667732239,-0.7661445140838623,-0.14604631066322327
1790028873418976300,28.351976318359377,-0.8259995579719543,-0.1149216815829277,0.24420857429504395
1790028873428985900,28.36198583984375,-1.1204863786697388,0.5746083855628967,-0.38307225704193115
1790028873439056600,28.372056640625,-0.667982280254364,0.13168109953403473,0.004788403399288654
1790028873449066500,28.38206640625,-0.5746083855628967,-0.40462008118629456,-0.5650315880775452
1790028873499207000,28.43220703125,-1.194706678390503,0.8164227604866028,-0.2537853717803955
1790028873509247200,28.442247314453127,-1.4197616577148438,-0.13407529890537262,-0.6584054827690125
1790028873519287300,28.452287353515626,-1.4676456451416016,-0.040701430290937424,0.2825157940387726
1790028873529327600,28.46232763671875,-1.338358759880066,-1.237802267074585,1.4389152526855469
1790028873539368000,28.472367919921876,-0.8547300100326538,-0.730231523513794,2.940079689025879
1790028873549438700,28.482438720703126,-0.751779317855835,-0.19153612852096558,2.477998733520508
1790028873559479000,28.49247900390625,-0.4596867263317108,-0.009576806798577309,2.671929121017456
1790028873569489000,28.502489013671877,-0.6799532771110535,0.6751648783683777,2.140416383743286
1790028873579529200,28.512529296875,-0.7445967197418213,1.0127472877502441,0.29209262132644653
1790028873589538800,28.522538818359376,-0.8930372595787048,1.3862427473068237,-1.070208191871643
1790028873599579100,28.5325791015625,-0.8236053586006165,1.889025092124939,-1.4628572463989258
1790028873609619500,28.542619384765626,-0.8331822156906128,2.231395959854126,-1.4389152526855469
1790028873619629300,28.55262939453125,-0.7158663272857666,2.978386878967285,-1.036689281463623
1790028873649658600,28.58265869140625,0.5554547905921936,2.38462495803833,-1.1324573755264282
1790028873659668200,28.592668212890626,0.5889736413955688,2.248155355453491,-1.2090718746185303
1790028873679688000,28.61268798828125,-0.07422025501728058,1.9105730056762695,-1.0821791887283325
1790028873689728000,28.62272802734375,-0.16519992053508759,1.7477672100067139,-0.5674257874488831
1790028873699768300,28.632768310546876,-0.07182604819536209,2.03507137298584,-0.5195417404174805
1790028873709808600,28.64280859375,-0.09816227108240128,1.6903064250946045,-0.4189853072166443
1790028873729889300,28.66288916015625,-0.4165911078453064,0.7254431247711182,0.014365210197865963
1790028873749970000,28.682969970703127,-0.17956513166427612,-0.08140286058187485,-0.11252748221158981
1790028873759979500,28.6929794921875,-0.07900865375995636,0.0454898327589035,-0.8786720037460327
1790028873770050300,28.70305029296875,-0.1843535304069519,0.15562310814857483,-1.0438719987869263
1790028873780090600,28.713090576171876,-0.5746083855628967,0.6344634294509888,-0.17238251864910126
1790028873790100500,28.7231005859375,-0.7206547260284424,0.7781155705451965,0.6368576288223267
1790028873800140800,28.733140869140627,-0.4405331015586853,0.5171475410461426,1.0845733880996704
1790028873810150400,28.743150390625,-0.20350714027881622,0.27054479718208313,0.15801730751991272
1790028873820190700,28.753190673828126,-0.35434186458587646,-0.3447650372982025,-0.8738836050033569
1790028873830200600,28.76320068359375,-0.6727706789970398,-0.9002198576927185,-1.4197616577148438
1790028873840241000,28.773240966796877,-0.38307225704193115,-0.7254431247711182,-1.5418659448623657
1790028873850250500,28.78325048828125,-0.2537853717803955,-0.20350714027881622,-1.1635819673538208
1790028873860290800,28.793290771484376,-0.1604115068912506,0.5530605912208557,-0.17238251864910126
1790028873870270200,28.803270263671877,-0.19153612852096558,0.6392518281936646,-0.011971008032560349
1790028873880310300,28.813310302734376,-0.3064578175544739,0.7110779285430908,0.043095629662275314
1790028873920441000,28.853441162109377,0.29209262132644653,-0.30885201692581177,-1.1659762859344482
1790028873940521500,28.873521484375,-0.16998831927776337,0.35673606395721436,-0.5291185975074768
1790028873960541200,28.893541259765627,-1.7118542194366455,0.8236053586006165,0.9528923034667969
1790028873980652300,28.91365234375,-0.05746084079146385,-0.7038952708244324,0.35673606395721436
1790028873990662000,28.923661865234376,0.42856210470199585,-0.33039984107017517,-1.2880805730819702
1790028874000732700,28.933732666015626,-0.16519992053508759,0.22744916379451752,-2.099714994430542
1790028874020782800,28.953782958984377,-2.190694570541382,0.05506663769483566,0.019153613597154617
1790028874030792400,28.96379248046875,-1.170764684677124,-0.5961562395095825,1.2306196689605713
1790028874040832800,28.973832763671876,0.7206547260284424,-1.3287819623947144,1.1348515748977661
1790028874050842600,28.983842529296876,2.2697031497955322,-0.21787235140800476,-0.2561795711517334
1790028874060883000,28.993883056640627,1.9823989868164062,0.7876923680305481,-2.075772762298584
1790028874070892500,29.003892578125,0.17477671802043915,1.0295066833496094,-2.207453966140747
1790028874100921900,29.033921875,0.10773907601833344,-0.33039984107017517,1.070208191871643
1790028874110962200,29.043962158203126,1.678335428237915,-0.9864110946655273,1.6160861253738403
1790028874141052700,29.074052734375,-0.1843535304069519,0.35673606395721436,-1.0462661981582642
1790028874151062300,29.084062255859376,-1.3024457693099976,-0.272938996553421,-0.9672574996948242
1790028874161102600,29.0941025390625,-1.2952631711959839,-0.05027823522686958,-1.802833914756775
1790028874171112400,29.104112548828127,-0.6177040338516235,0.05506663769483566,-1.6903064250946045
1790028874181122000,29.1141220703125,0.12928688526153564,-1.0103530883789062,0.6488286852836609
1790028874281372400,29.214372314453126,0.2777273952960968,-1.1659762859344482,0.13407529890537262
1790028874361694700,29.29469482421875,0.10055647045373917,-0.6775590777397156,-0.0071826050989329815
1790028874411835100,29.344835205078127,-0.05027823522686958,0.3711012601852417,-0.13407529890537262
1790028874421875200,29.354875244140626,-0.395043283700943,-0.4165911078453064,0.7757213711738586
1790028874462036500,29.395036376953126,0.8020575642585754,-0.7086837291717529,-0.009576806798577309
1790028874512146400,29.445146484375,-0.4357447028160095,-0.363918662071228,0.2753331959247589
1790028874522156000,29.455156005859376,0.047884032130241394,-0.5602431893348694,0.19153612852096558
1790028874532196400,29.4651962890625,0.5746083855628967,-1.05105459690094,0.5889736413955688
1790028874542236700,29.475236572265626,0.8954314589500427,-1.1228805780410767,0.751779317855835
1790028874552277000,29.485277099609377,0.6943184733390808,-0.4812345504760742,0.07182604819536209
1790028874562317300,29.4953173828125,0.33279404044151306,-0.3495534360408783,-0.026336219161748886
1790028874572327000,29.505326904296876,0.011971008032560349,0.1843535304069519,0.033518824726343155
1790028874612488200,29.54548828125,0.13168109953403473,-0.9241618514060974,0.8595184087753296
1790028874652557600,29.5855576171875,0.7206547260284424,-0.15801730751991272,0.15562310814857483
1790028874662598000,29.595597900390626,0.5291185975074768,-0.047884032130241394,0.5363011956214905
1790028874672638200,29.60563818359375,-0.023942016065120697,0.033518824726343155,0.9792284965515137
1790028874692718800,29.62571875,-0.3208230137825012,0.2585737705230713,0.14604631066322327
1790028874702728700,29.635728759765627,0.1388636976480484,-0.569819986820221,0.33039984107017517
1790028874712738300,29.64573828125,0.07661445438861847,-1.113303780555725,0.706289529800415
1790028874722748200,29.655748046875,-0.3734954595565796,-1.290474772453308,0.9624691009521484
1790028874732788500,29.66578857421875,-0.6512228846549988,-0.9002198576927185,0.6560112833976746
1790028874742798000,29.675798095703126,-0.6991068720817566,-0.2298433631658554,-0.3878606855869293
1790028874752868900,29.685868896484376,-0.28969839215278625,0.11971008777618408,-1.0989385843276978
1790028874762878700,29.695878662109376,0.272938996553421,0.06224924325942993,-1.2234370708465576
1790028874772919000,29.7059189453125,0.6272808313369751,-0.2992752194404602,-0.6105214357376099
1790028874782929000,29.715928955078127,0.5339069962501526,-0.4812345504760742,0.3471592366695404
1790028874823090000,29.75608984375,1.1061211824417114,-0.5889736413955688,1.3096283674240112
1790028874853211000,29.7862109375,0.7230489253997803,-0.7637503147125244,1.6208745241165161
1790028874873260800,29.8062607421875,0.040701430290937424,-0.5674257874488831,1.2689268589019775
1790028874913361000,29.84636083984375,-0.16998831927776337,-0.5530605912208557,0.2106897532939911
1790028874923370800,29.856370849609377,-0.2298433631658554,-0.7350199222564697,0.3495534360408783
1790028874953461000,29.8864609375,-0.4118026793003082,-0.7589619159698486,0.6248866319656372
1790028874963501300,29.896501220703126,-0.2825157940387726,-0.7493851184844971,0.545877993106842
1790028874973480400,29.90648046875,-0.031124621629714966,-0.730231523513794,0.40701428055763245
1790028874983520800,29.916520751953126,0.07182604819536209,-0.5147533416748047,0.47165772318840027
1790028874993530600,29.926530517578126,0.15322890877723694,-0.2753331959247589,0.7613561153411865
1790028875003601400,29.936601318359376,0.1173158809542656,-0.031124621629714966,0.7038952708244324
1790028875023682000,29.95668212890625,0.15083470940589905,-0.47644615173339844,0.8044517636299133
1790028875043732000,29.97673193359375,-0.07661445438861847,-0.7493851184844971,0.6392518281936646
1790028875083771100,30.016771240234377,0.05027823522686958,-0.17956513166427612,0.5841852426528931
1790028875103851500,30.0368515625,-0.028730420395731926,0.10534487664699554,0.5147533416748047
1790028875113891800,30.046891845703126,-0.1412578970193863,-0.2106897532939911,0.47644615173339844
1790028875123901700,30.056901611328126,0,-0.45489832758903503,0.4405331015586853
1790028875143921200,30.076921142578126,0.028730420395731926,-0.8834604024887085,0.7613561153411865
1790028875153931000,30.086930908203126,0.08619125932455063,-0.35673606395721436,0.6177040338516235
1790028875163940900,30.09694091796875,0.2992752194404602,-0.19871874153614044,0.6200982332229614
1790028875173981000,30.10698095703125,0.35913026332855225,-0.10295066982507706,0.646434485912323
1790028875184021200,30.117021240234376,0.35913026332855225,-0.05985504388809204,0.5889736413955688
1790028875194031000,30.127031005859376,0.31603461503982544,-0.033518824726343155,0.3064578175544739
1790028875204071400,30.137071533203127,0.2585737705230713,-0.05746084079146385,0.4812345504760742
1790028875214081000,30.1470810546875,0.44532153010368347,-0.15322890877723694,0.3926490843296051
1790028875224121300,30.157121337890626,0.6703764796257019,-0.181959331035614,0.24181437492370605
1790028875254181000,30.18718115234375,0.3016694188117981,-0.31603461503982544,0.5099649429321289
1790028875264191000,30.19719091796875,0.1412578970193863,-0.24660277366638184,0.272938996553421
1790028875274261800,30.20726171875,0.2777273952960968,-0.06703764945268631,0.12928688526153564
1790028875284271600,30.217271728515627,0.272938996553421,0.08379705995321274,-0.06464344263076782
1790028875294281200,30.22728125,0.2585737705230713,0.14365209639072418,-0.2561795711517334
1790028875304291000,30.237291015625,0.2106897532939911,0.12210428714752197,-0.1604115068912506
1790028875314361900,30.24736181640625,0.26575639843940735,0.06464344263076782,0.035913024097681046
1790028875324371700,30.257371826171877,0.20111294090747833,-0.16998831927776337,0.08379705995321274
1790028875334412000,30.267412109375,0.19632454216480255,-0.26096799969673157,0.3016694188117981
1790028875344452000,30.2774521484375,0.23702596127986908,-0.2513911724090576,0.33518823981285095
1790028875354492400,30.287492431640626,0.15562310814857483,-0.12210428714752197,0.24660277366638184
1790028875364502300,30.297502197265626,0.05985504388809204,-0.12449848651885986,0.3687070608139038
1790028875414612200,30.3476123046875,-0.33758243918418884,-0.17956513166427612,-0.016759412363171577
1790028875424652300,30.35765234375,-0.31124621629714966,-0.14365209639072418,0.13168109953403473
1790028875434692600,30.367692626953126,-0.2537853717803955,-0.15083470940589905,0.26815059781074524
1790028875444702500,30.377702392578126,-0.14604631066322327,-0.23702596127986908,0.45250412821769714
1790028875474854000,30.40785400390625,-0.49320554733276367,-0.4884171485900879,0.33279404044151306
1790028875524994300,30.457994384765627,-0.6871358752250671,-0.3232172429561615,0.6320692300796509
1790028875535034400,30.468034423828126,-0.730231523513794,-0.5267243981361389,0.4189853072166443
1790028875545044200,30.478044189453126,-0.7589619159698486,-0.6224924325942993,0.1412578970193863
1790028875555084500,30.48808447265625,-0.6967126727104187,-0.507570743560791,0.15083470940589905
1790028875575104000,30.50810400390625,-0.7781155705451965,-0.3280056416988373,0.524330198764801
1790028875615265300,30.548265380859377,-0.6727706789970398,-0.304063618183136,1.2832920551300049
1790028875635345700,30.568345703125,-0.8379706144332886,-1.7549498081207275,0.5051765441894531
1790028875645355500,30.57835546875,-0.8930372595787048,-1.414973258972168,0.40940847992897034
1790028875665375000,30.598375,-1.1516109704971313,-1.036689281463623,1.216254472732544
1790028875725464000,30.658464111328126,-1.1420341730117798,-0.38067805767059326,-0.17238251864910126
1790028875735474000,30.668473876953126,-1.2042834758758545,-0.7398083209991455,0.0933738648891449
1790028875775513000,30.70851318359375,-1.6879122257232666,-1.2952631711959839,0.7613561153411865
1790028875835663000,30.7686630859375,-1.45806884765625,-1.0223240852355957,1.7357962131500244
1790028875845703400,30.778703369140626,-1.7741034030914307,-1.2617442607879639,1.764526605606079
1790028875875732700,30.808732666015626,-1.6663644313812256,-1.4532804489135742,1.161187767982483
1790028875885742600,30.81874267578125,-1.6112977266311646,-1.403002142906189,0.9816226959228516
1790028875895783000,30.828782958984377,-1.4197616577148438,-0.49799394607543945,0.4620809257030487
1790028875905792500,30.83879248046875,-1.2425906658172607,0.6607996821403503,-0.2059013396501541
1790028875915802400,30.84880224609375,-1.1683704853057861,0.7805097699165344,0.1173158809542656
1790028875925842700,30.8588427734375,-1.2449848651885986,0.181959331035614,0.8020575642585754
1790028875935883000,30.868883056640627,-1.3287819623947144,-0.6943184733390808,1.2018892765045166
1790028875945923000,30.878923095703126,-1.53707754611969,-1.41257905960083,1.678335428237915
1790028875955933000,30.888932861328126,-1.8363527059555054,-1.5155296325683594,1.5298948287963867
1790028875965942800,30.89894287109375,-1.5394717454910278,-0.8307880163192749,0.727837324142456
1790028875985992700,30.91899267578125,-0.2585737705230713,-0.4908113479614258,0.181959331035614
1790028876026092800,30.9590927734375,-0.849941611289978,-0.629675030708313,0.8523358106613159
1790028876046143000,30.97914306640625,-0.395043283700943,-0.5123591423034668,-0.5913678407669067
1790028876056183300,30.989183349609377,-0.5363011956214905,-0.6536170840263367,-0.07661445438861847
1790028876066193000,30.99919287109375,-0.7637503147125244,0.7086837291717529,-0.31603461503982544
1790028876076202800,31.00920263671875,-0.8858546018600464,1.3431471586227417,-0.38546648621559143
1790028876136505300,31.06950537109375,-0.9002198576927185,0.17238251864910126,-1.5969325304031372
1790028876146545700,31.079545654296876,-0.22744916379451752,0.43335050344467163,-1.3623007535934448
1790028876166565400,31.0995654296875,-0.4381389021873474,-0.2537853717803955,1.3623007535934448
1790028876176605400,31.10960546875,-0.6991068720817566,0.5530605912208557,1.0223240852355957
1790028876186615300,31.119615234375,-0.6368576288223267,0.9169792532920837,0.035913024097681046
1790028876196625200,31.129625244140627,-0.5410895943641663,-0.31364041566848755,-0.272938996553421
1790028876206665500,31.13966552734375,-0.524330198764801,-1.436521053314209,0.9911994934082031
1790028876216675000,31.149675048828126,-0.7230489253997803,-1.0319008827209473,0.6320692300796509
1790028876226715400,31.15971533203125,-0.27054479718208313,0.1173158809542656,-0.5171475410461426
1790028876246796000,31.179796142578127,-0.40940847992897034,-0.1628057211637497,0.3519476354122162
1790028876276855800,31.209855712890626,-0.9720458984375,0.009576806798577309,-1.113303780555725
1790028876347076600,31.28007666015625,-0.5602431893348694,-1.3120225667953491,0.28730419278144836
1790028876367096300,31.300096435546877,-0.021547814831137657,-1.8195933103561401,0.4644751250743866
1790028876377136600,31.31013671875,-0.5219359993934631,-1.7118542194366455,0.7015010714530945
1790028876397186600,31.3301865234375,-1.4221558570861816,0.5722141861915588,0.05985504388809204
1790028876407227000,31.340226806640626,-1.479616641998291,0.8978256583213806,-0.38307225704193115
1790028876417267200,31.35026708984375,-1.1276689767837524,0.035913024097681046,-0.49320554733276367
1790028876427307500,31.3603076171875,-0.4812345504760742,-0.9696516990661621,0.42856210470199585
1790028876437317000,31.370317138671876,0.0454898327589035,-2.5234885215759277,2.2218191623687744
1790028876447357400,31.380357421875,1.0606313943862915,-3.1100680828094482,3.1747114658355713
1790028876457367300,31.3903671875,1.7142484188079834,-1.6855180263519287,1.4484920501708984
1790028876467377200,31.400377197265627,0.7469909191131592,0.9552865028381348,-1.5514427423477173
1790028876477386800,31.41038671875,-1.3838485479354858,2.2433669567108154,-2.7940332889556885
1790028876487396600,31.420396728515627,-3.4596214294433594,2.161964178085327,-2.1092917919158936
1790028876497437000,31.43043701171875,-3.5865142345428467,0.21547815203666687,-0.7015010714530945
1790028876517456400,31.450456298828126,-0.2992752194404602,-0.7350199222564697,1.5945383310317993
1790028876527466200,31.46046630859375,0.8212111592292786,-1.115697979927063,1.237802267074585
1790028876537475800,31.470475830078126,-0.3447650372982025,0.3256114423274994,-0.031124621629714966
1790028876547516200,31.48051611328125,-1.5753847360610962,0.033518824726343155,-0.4812345504760742
1790028876557526000,31.490526123046877,-2.7030537128448486,1.048660397529602,-1.482010841369629
1790028876567535600,31.50053564453125,-3.138798475265503,0.304063618183136,-1.0319008827209473
1790028876577576000,31.510575927734376,-2.0183119773864746,0.05746084079146385,-0.5770025849342346
1790028876587585800,31.520585693359376,-1.525106430053711,0.7541735172271729,-1.6879122257232666
1790028876597595600,31.530595703125,-1.821987509727478,0.3663128614425659,-0.8571242094039917
1790028876607605200,31.540605224609376,-1.5466543436050415,-0.014365210197865963,-0.45489832758903503
1790028876617615000,31.550614990234376,-0.7182605266571045,0.21787235140800476,-0.10773907601833344
1790028876627686000,31.560685791015626,-0.49559974670410156,1.8171991109848022,-1.2234370708465576
1790028876637726200,31.570726318359377,-1.3239935636520386,3.5194764137268066,-1.4628572463989258
1790028876647766500,31.5807666015625,-2.1571757793426514,3.9217023849487305,-0.6272808313369751
1790028876657776000,31.590776123046876,-1.9297266006469727,3.1292216777801514,0.31842881441116333
1790028876667816400,31.60081640625,-1.1827356815338135,2.849100112915039,0.7829039692878723
1790028876697845800,31.630845703125,-0.23702596127986908,-1.7932571172714233,-2.82515811920166
1790028876707886000,31.640885986328126,-1.5873557329177856,-2.360682964324951,-3.7181951999664307
1790028876717926400,31.650926513671877,-1.8411411046981812,-2.7892448902130127,-2.1308395862579346
1790028876737945900,31.67094580078125,-0.8954314589500427,-1.8722656965255737,1.900996208190918
1790028876768066800,31.70106689453125,-1.2186486721038818,0.002394201699644327,0.7613561153411865
1790028876778076400,31.711076416015626,-1.656787633895874,0.6344634294509888,0.507570743560791
1790028876788116700,31.72111669921875,-1.699883222579956,1.6543933153152466,1.0295066833496094
1790028876808167000,31.7411669921875,-1.170764684677124,2.030282974243164,1.3215993642807007
1790028876818207000,31.75120703125,-0.8044517636299133,2.7030537128448486,-0.21547815203666687
1790028876828247300,31.761247314453126,-1.1659762859344482,3.691859006881714,-1.9704279899597168
1790028876848267000,31.78126708984375,-0.9600749015808105,3.3662476539611816,-0.31842881441116333
1790028876858337800,31.791337890625,0.29209262132644653,2.3989901542663574,1.5729905366897583
1790028876868378000,31.801378173828127,1.1324573755264282,2.006340980529785,1.403002142906189
1790028876878449000,31.811448974609377,0.9911994934082031,1.5825673341751099,-0.038307227194309235
1790028876888489000,31.821489013671876,0.5003881454467773,1.4628572463989258,-1.9273324012756348
1790028876958771000,31.89177099609375,0.0454898327589035,0.706289529800415,0.49320554733276367
1790028876968780800,31.90178076171875,0.07661445438861847,0.751779317855835,-0.5817909836769104
1790028876978821000,31.911821044921876,-0.5817909836769104,0.6177040338516235,-1.2761094570159912
1790028876988861400,31.921861328125,-1.2449848651885986,1.1061211824417114,-1.2210428714752197
1790028877028961500,31.96196142578125,-1.4053963422775269,-2.1068975925445557,1.1899182796478271
1790028877038971100,31.97197119140625,-0.608127236366272,-3.406949043273926,0.8475474119186401
1790028877048981000,31.98198095703125,0.727837324142456,-2.762908697128296,0.1388636976480484
1790028877069061600,32.0020615234375,0.26336219906806946,1.115697979927063,-1.3215993642807007
1790028877079102000,32.01210205078125,-0.07182604819536209,3.002328872680664,-1.173158884048462
1790028877089172700,32.0221728515625,-0.5817909836769104,2.786850690841675,-1.9177556037902832
1790028877099182300,32.03218237304687,-0.9911994934082031,1.0031704902648926,-1.2234370708465576
1790028877109192200,32.04219213867187,-0.8427590131759644,0.10773907601833344,0.08619125932455063
1790028877119232500,32.052232421875,-0.3471592366695404,-0.5267243981361389,0.09816227108240128
1790028877129272800,32.06227294921875,0.47165772318840027,-1.45806884765625,0.22505496442317963
1790028877139252000,32.072251953125,1.036689281463623,-1.039083480834961,0.7015010714530945
1790028877149322800,32.08232275390625,0.7326257228851318,-0.4836287498474121,0.22505496442317963
1790028877159332600,32.09233251953125,0.10773907601833344,0.016759412363171577,-0.07661445438861847
1790028877179352000,32.11235205078125,-0.8667010068893433,-0.17477671802043915,-0.4405331015586853
1790028877189392400,32.12239233398437,-0.5027823448181152,-1.1827356815338135,0.28730419278144836
1790028877209534000,32.14253393554687,0.31603461503982544,-1.0055646896362305,-0.6775590777397156
1790028877239624400,32.17262451171875,0.24899697303771973,-0.49320554733276367,0.1628057211637497
1790028877249634000,32.18263403320312,0.07900865375995636,-0.7637503147125244,0.2513911724090576
1790028877259613400,32.19261352539063,-0.5123591423034668,-0.33997663855552673,-0.3232172429561615
1790028877349792800,32.28279272460937,-0.5219359993934631,0.5746083855628967,-0.4141969084739685
1790028877450165000,32.3831650390625,0.38546648621559143,-0.047884032130241394,0.019153613597154617
1790028877520508200,32.45350805664062,1.4532804489135742,0.6368576288223267,-1.1252747774124146
1790028877530548500,32.46354858398438,1.256955862045288,1.3455413579940796,-1.192312479019165
1790028877540588800,32.4735888671875,0.7134721279144287,0.9816226959228516,0.22026655077934265
1790028877550568000,32.48356787109375,0.5530605912208557,0.2346317619085312,1.7357962131500244
1790028877560638700,32.493638671875,0.7948749661445618,0.0694318488240242,1.381454348564148
1790028877580689000,32.51368896484375,1.0055646896362305,0.5530605912208557,-1.1659762859344482
1790028877590698500,32.52369848632812,0.38067805767059326,0.667982280254364,-1.482010841369629
1790028877600708400,32.53370825195312,0,0.6248866319656372,-1.1324573755264282
1790028877610748700,32.54374877929688,-0.07182604819536209,0.22266076505184174,-0.4213795065879822
1790028877620819500,32.5538193359375,0.3471592366695404,0.38546648621559143,0.05267243832349777
1790028877640869400,32.57386938476562,0.8690952062606812,-0.07661445438861847,0.26096799969673157
1790028877650909700,32.58390966796875,0.9576807022094727,-0.3495534360408783,0.6703764796257019
1790028877660919600,32.59391943359375,0.9002198576927185,-0.2801215946674347,0.4692635238170624
1790028877680969500,32.61396948242187,0.6871358752250671,-0.15322890877723694,-0.5770025849342346
1790028877691009800,32.624009765625,0.5410895943641663,-0.20111294090747833,-0.031124621629714966
1790028877701019600,32.63401953125,0.4357447028160095,-0.19153612852096558,0.6991068720817566
1790028877711029200,32.644029296875,0.19871874153614044,-0.09576806426048279,0.7757213711738586
1790028877721100300,32.65410034179688,0.06224924325942993,0.3256114423274994,-0.2298433631658554
1790028877731171000,32.66417114257813,0.10055647045373917,0.31603461503982544,-1.1252747774124146
1790028877741180700,32.6741806640625,0.31842881441116333,-0.49559974670410156,-0.5027823448181152
1790028877751221000,32.68422094726562,0.45250412821769714,-1.1516109704971313,0.3711012601852417
1790028877761230800,32.69423095703125,0.5291185975074768,-1.0127472877502441,1.0127472877502441
1790028877771240400,32.70424047851562,0.43335050344467163,-0.21787235140800476,0.043095629662275314
1790028877781280800,32.71428076171875,0.15322890877723694,-0.11252748221158981,-0.8882488012313843
1790028877791290600,32.72429052734375,0.10773907601833344,-0.42377370595932007,-0.22744916379451752
1790028877891571500,32.82457153320313,0.646434485912323,-0.3208230137825012,0.8044517636299133
1790028877941803300,32.87480322265625,0.5841852426528931,0.5817909836769104,0.8978256583213806
1790028878042084000,32.975083984375,1.7525556087493896,-0.35913026332855225,0.17956513166427612
1790028878142273300,33.07527319335937,0.8164227604866028,-0.09576806426048279,0.727837324142456
1790028878202606600,33.13560668945313,1.1635819673538208,-0.3423708379268646,1.115697979927063
1790028878282929000,33.21592895507813,0.2322375625371933,-0.21787235140800476,0.3974374830722809
1790028878303009300,33.23600927734375,0.22505496442317963,-0.8188169598579407,1.115697979927063
1790028878313049600,33.24604956054687,-0.031124621629714966,-0.933738648891449,1.036689281463623
1790028878323059500,33.2560595703125,-0.2537853717803955,-0.6177040338516235,0.8906430602073669
1790028878333069000,33.26606909179687,-0.21308395266532898,-0.29209262132644653,0.6368576288223267
1790028878353149700,33.28614965820312,0.12689268589019775,-0.5722141861915588,0.4668693244457245
1790028878363220500,33.29622045898437,-0.040701430290937424,-0.8475474119186401,1.0199298858642578
1790028878373260800,33.3062607421875,-0.3758896589279175,-1.0462661981582642,1.2856862545013428
1790028878383301000,33.31630102539062,-0.545877993106842,-1.1492167711257935,1.1851298809051514
1790028878403381800,33.3363818359375,-0.002394201699644327,-0.9696516990661621,0.8475474119186401
1790028878413391400,33.34639135742187,-0.0933738648891449,-0.9002198576927185,0.8738836050033569
1790028878423401200,33.35640112304687,-0.22026655077934265,-0.7230489253997803,0.9959878921508789
1790028878453461000,33.3864609375,0.8355764150619507,-0.569819986820221,0.5626373887062073
1790028878463501300,33.39650122070312,0.6631938815116882,-0.7493851184844971,1.0869675874710083
1790028878523682000,33.45668212890625,0,-0.5099649429321289,1.455674648284912
1790028878553772300,33.48677221679687,0.395043283700943,-0.14844051003456116,0.31364041566848755
1790028878563812600,33.4968125,0.2753331959247589,-0.2801215946674347,0.47405192255973816
1790028878573853000,33.50685302734375,-0.10295066982507706,-0.4213795065879822,0.7661445140838623
1790028878583893200,33.51689331054688,-0.29209262132644653,-0.37828385829925537,0.6392518281936646
1790028878593902800,33.52690283203125,0.13407529890537262,-0.31842881441116333,0.06224924325942993
1790028878603912700,33.53691259765625,0.5219359993934631,-0.31603461503982544,0.08858546614646912
1790028878634064100,33.56706420898438,-0.5506663918495178,-0.7134721279144287,0.7469909191131592
1790028878644073700,33.57707373046875,-0.08619125932455063,-0.2801215946674347,0.14604631066322327
1790028878654114000,33.58711401367187,0.33758243918418884,-0.19153612852096558,0.2585737705230713
1790028878664154400,33.597154296875,0.2346317619085312,-0.15801730751991272,0.2825157940387726
1790028878694214100,33.62721411132812,0.3471592366695404,-0.3471592366695404,0.44771572947502136
1790028878774506000,33.70750610351563,-0.21547815203666687,-0.21547815203666687,0.26575639843940735
1790028878784515600,33.717515625,-0.7015010714530945,-0.4429273009300232,0.5506663918495178
1790028878794556000,33.72755590820312,-0.5650315880775452,-0.4644751250743866,0.15562310814857483
1790028878834686700,33.76768676757813,-0.790086567401886,-0.49799394607543945,0.5889736413955688
1790028878854736600,33.78773657226562,-0.19871874153614044,-0.24420857429504395,-0.08140286058187485
1790028878894897700,33.82789770507812,-0.9816226959228516,-0.5339069962501526,0.30885201692581177
1790028878904938000,33.83793798828125,-0.5674257874488831,-0.3471592366695404,0.09576806426048279
1790028878925018600,33.8580185546875,-0.33758243918418884,-0.2944868206977844,0.37828385829925537
1790028878935089400,33.86808935546875,-0.5913678407669067,-0.6057330369949341,0.7086837291717529
1790028878945099300,33.87809936523438,-0.019153613597154617,-0.5003881454467773,0.4429273009300232
1790028878955108900,33.88810888671875,0.18914192914962769,-0.3232172429561615,0.3974374830722809
1790028878965179600,33.8981796875,-0.0694318488240242,-0.2944868206977844,0.42616790533065796
1790028878975189500,33.908189453125,-1.015141487121582,-0.7829039692878723,1.3263877630233765
1790028878985229800,33.91822973632812,-1.192312479019165,-0.48602294921875,1.3192051649093628
1790028878995239700,33.92823974609375,-1.0031704902648926,-0.15322890877723694,0.5315127968788147
1790028879005249300,33.93824926757812,-2.5689783096313477,-0.023942016065120697,0.8307880163192749
1790028879015228700,33.94822875976563,-4.1611223220825195,0.06703764945268631,0.31364041566848755
1790028879025269000,33.95826904296875,-3.6583402156829834,-0.10534487664699554,-0.4357447028160095
1790028879035278600,33.96827856445312,-2.607285737991333,-0.8068459630012512,0.07661445438861847
1790028879045319000,33.97831884765625,-2.5019407272338867,-0.9145850539207458,1.0007762908935547
1790028879055298000,33.98829809570312,-2.913743495941162,-1.05105459690094,1.0630255937576294
1790028879075348200,34.00834814453125,-3.4117374420166016,-1.2737152576446533,2.1045033931732178
1790028879085358000,34.01835815429688,-3.335123062133789,-1.1180921792984009,1.6304513216018677
1790028879095367700,34.02836767578125,-2.1523873805999756,-1.601720929145813,0.7493851184844971
1790028879105408000,34.03840795898437,-0.9074024558067322,-1.599326729774475,0.9552865028381348
1790028879125488600,34.05848852539062,0.6153098344802856,-1.9105730056762695,-0.047884032130241394
1790028879155640000,34.08864013671875,0.8954314589500427,0.49320554733276367,-0.026336219161748886
1790028879165710800,34.0987109375,0.21787235140800476,0.7781155705451965,0.45250412821769714
1790028879185760800,34.1187607421875,0.304063618183136,0.1364694982767105,0.5746083855628967
1790028879195770600,34.1287705078125,0.5410895943641663,-0.10534487664699554,0.16519992053508759
1790028879215790000,34.1487900390625,0.17238251864910126,0.031124621629714966,-0.22026655077934265
1790028879235840300,34.16884033203125,-0.1173158809542656,0.45250412821769714,-0.3208230137825012
1790028879265930500,34.19893041992187,-0.8451532125473022,0.7733271718025208,0.22744916379451752
1790028879285980400,34.21898046875,-0.5626373887062073,0.6991068720817566,-0.5506663918495178
1790028879366211300,34.29921142578125,0.043095629662275314,0.08858546614646912,-0.0694318488240242
1790028879406342000,34.339341796875,-0.05267243832349777,-0.19393034279346466,0.12449848651885986
1790028879416382200,34.34938232421875,-0.12928688526153564,-0.23702596127986908,0.05506663769483566
1790028879426422500,34.35942260742188,-0.14365209639072418,-0.3232172429561615,0.13407529890537262
1790028879436462600,34.36946264648437,-0.17238251864910126,-0.21308395266532898,0.0454898327589035
1790028879466492000,34.39949194335937,-0.06224924325942993,-0.2346317619085312,0.19632454216480255
1790028879476532200,34.4095322265625,0.05746084079146385,-0.1412578970193863,0.1843535304069519
1790028879486572500,34.41957250976562,0,-0.021547814831137657,0.1412578970193863
1790028879496673800,34.429673828125,-0.22026655077934265,-0.1364694982767105,0.24899697303771973
1790028879516724000,34.44972387695312,-0.28969839215278625,-0.2992752194404602,0.20350714027881622
1790028879526764300,34.45976440429688,-0.22026655077934265,-0.2082955539226532,0.3711012601852417
1790028879546814200,34.47981420898437,0.002394201699644327,-0.15801730751991272,0.026336219161748886
1790028879556885000,34.48988500976562,-0.016759412363171577,-0.2537853717803955,-0.12928688526153564
1790028879566925300,34.49992529296875,0.033518824726343155,-0.33518823981285095,0.0071826050989329815
1790028879576965600,34.50996557617187,0.08140286058187485,-0.28730419278144836,0.05985504388809204
1790028879617157400,34.55015747070313,-0.181959331035614,-0.2346317619085312,0.21787235140800476
1790028879637268500,34.5702685546875,-0.19393034279346466,-0.1173158809542656,0.090979665517807
1790028879667358700,34.60035864257812,-0.1843535304069519,-0.19393034279346466,0.0933738648891449
1790028879697449000,34.63044897460937,-0.14604631066322327,-0.12928688526153564,0.17717093229293823
1790028879717468700,34.65046875,-0.038307227194309235,-0.13168109953403473,0.17238251864910126
1790028879727478300,34.66047827148437,-0.038307227194309235,0.10534487664699554,0.12928688526153564
1790028879737549000,34.67054907226562,-0.05027823522686958,0.16519992053508759,0.11252748221158981
1790028879747589400,34.68058935546875,-0.10773907601833344,0.043095629662275314,0.14844051003456116
1790028879757599200,34.69059912109375,-0.21308395266532898,-0.002394201699644327,0.1412578970193863
1790028879777680000,34.71067993164063,-0.22266076505184174,0.0071826050989329815,-0.040701430290937424
1790028879797790700,34.73079077148437,-0.17238251864910126,0.07182604819536209,-0.038307227194309235
1790028879807800600,34.74080053710937,-0.13168109953403473,0.07661445438861847,0.043095629662275314
1790028879817871400,34.75087133789062,-0.1388636976480484,0.0694318488240242,0.035913024097681046
1790028879837890800,34.77089086914062,-0.07661445438861847,0.05985504388809204,0.016759412363171577
1790028879847900700,34.78090063476562,-0.272938996553421,0.004788403399288654,0.047884032130241394
1790028879867981300,34.80098120117187,-0.17956513166427612,-0.06703764945268631,0.33279404044151306
1790028879878021600,34.81102172851563,-0.19871874153614044,-0.22744916379451752,0.2825157940387726
1790028879908081400,34.84108129882812,-0.22266076505184174,-0.033518824726343155,0.11013327538967133
1790028879918121700,34.85112182617188,-0.36152446269989014,-0.1412578970193863,0.31124621629714966
1790028879948212000,34.8812119140625,0.021547814831137657,0.05267243832349777,0.26575639843940735
1790028879958221800,34.89122192382813,0.047884032130241394,0.07900865375995636,0.05027823522686958
1790028879978363400,34.91136328125,-0.363918662071228,-0.023942016065120697,0.16759411990642548
1790028879988373000,34.921373046875,-0.22505496442317963,0.05027823522686958,0.42377370595932007
1790028879998382800,34.9313828125,0.004788403399288654,-0.07182604819536209,0.31124621629714966
1790028880018463500,34.95146337890625,-0.2322375625371933,-0.11971008777618408,0.17717093229293823
1790028880028473000,34.96147314453125,-0.06464344263076782,-0.07182604819536209,0.11252748221158981
1790028880038483000,34.97148291015625,0.004788403399288654,0.0454898327589035,0.2298433631658554
1790028880048553700,34.9815537109375,-0.16998831927776337,0.07900865375995636,0.19632454216480255
1790028880058594000,34.99159399414062,-0.2346317619085312,-0.16519992053508759,0.19393034279346466
1790028880068604000,35.00160400390625,-0.22266076505184174,-0.19632454216480255,0.014365210197865963
1790028880078644200,35.01164428710938,-0.3423708379268646,-0.2537853717803955,-0.16519992053508759
1790028880088653800,35.02165380859375,-0.17477671802043915,-0.181959331035614,-0.21547815203666687
1790028880098694100,35.03169409179687,-0.021547814831137657,0.038307227194309235,-0.2944868206977844
1790028880118774800,35.05177490234375,-0.33279404044151306,-0.1867477297782898,-0.1388636976480484
1790028880128815000,35.06181518554688,-0.2944868206977844,-0.090979665517807,0.09816227108240128
1790028880148895500,35.0818955078125,-0.10295066982507706,-0.19393034279346466,0.043095629662275314
1790028880179047000,35.112046875,0.09816227108240128,-0.05267243832349777,0.019153613597154617
1790028880189056800,35.12205688476563,-0.24181437492370605,0.043095629662275314,0.10055647045373917
1790028880209106700,35.14210668945312,-0.026336219161748886,-0.1173158809542656,0.05985504388809204
1790028880239258000,35.17225805664062,-0.19871874153614044,-0.05027823522686958,0.1412578970193863
1790028880259308300,35.19230834960938,-0.21547815203666687,-0.023942016065120697,0.040701430290937424
1790028880279419100,35.21241918945312,-0.19632454216480255,-0.019153613597154617,-0.10055647045373917
1790028880299530200,35.2325302734375,-0.2106897532939911,-0.1412578970193863,0.08140286058187485
1790028880319580400,35.25258032226562,0.002394201699644327,-0.06464344263076782,-0.035913024097681046
1790028880339691500,35.27269140625,0.06703764945268631,-0.05985504388809204,0.004788403399288654
1790028880349731800,35.28273193359375,-0.2825157940387726,-0.12449848651885986,0.17238251864910126
1790028880359741400,35.29274145507812,-0.2537853717803955,-0.22266076505184174,0.4429273009300232
1790028880399841500,35.33284155273437,-0.15801730751991272,0.06224924325942993,-0.1867477297782898
1790028880409881900,35.3428818359375,-0.1628057211637497,0.05746084079146385,0.11971008777618408
1790028880429962500,35.36296240234375,-0.33279404044151306,-0.22505496442317963,0.42616790533065796
1790028880470062600,35.4030625,-0.13168109953403473,0.10534487664699554,-0.1173158809542656
1790028880550293200,35.48329321289062,-0.2106897532939911,-0.08379705995321274,0.15562310814857483
1790028880580414200,35.51341430664063,-0.12449848651885986,-0.08140286058187485,0.06224924325942993
