time,seconds_elapsed,x,z,y
1790031824259313700,0.182313720703125,0.07900865375995636,-0.1843535304069519,0.17717093229293823
1790031824269293000,0.19229296875,-0.9911994934082031,-1.4987702369689941,1.8483237028121948
1790031824279303000,0.202302978515625,0.06464344263076782,-0.08619125932455063,0.08858546614646912
1790031824289312500,0.2123125,0.040701430290937424,-0.2825157940387726,0.08140286058187485
1790031824299091700,0.222091796875,0.07661445438861847,-0.17238251864910126,0.14604631066322327
1790031824308801500,0.231801513671875,0.12210428714752197,-0.16519992053508759,0.11252748221158981
1790031824318580700,0.241580810546875,0.2106897532939911,-0.1173158809542656,0.16759411990642548
1790031824328460000,0.2514599609375,0.23702596127986908,0.10773907601833344,0.10534487664699554
1790031824378478300,0.301478271484375,0.181959331035614,-0.031124621629714966,0.09576806426048279
1790031824388488200,0.31148828125,0.12689268589019775,-0.023942016065120697,0.12928688526153564
1790031824398528500,0.321528564453125,0.13407529890537262,-0.026336219161748886,0.15322890877723694
1790031824408507600,0.331507568359375,0.10534487664699554,0.002394201699644327,0.1364694982767105
1790031824418487000,0.341487060546875,-0.009576806798577309,-0.13168109953403473,0
1790031824428496600,0.35149658203125,0.08858546614646912,-0.0694318488240242,-0.090979665517807
1790031824438537000,0.361536865234375,0.10055647045373917,-0.16998831927776337,-0.016759412363171577
1790031824458526000,0.38152587890625,0.10295066982507706,-0.019153613597154617,0.11971008777618408
1790031824468535800,0.391535888671875,0.15322890877723694,0.08858546614646912,0.05746084079146385
1790031824478515000,0.401514892578125,0.09576806426048279,0.08379705995321274,0.08379705995321274
1790031824498534700,0.42153466796875,0.1388636976480484,0.08858546614646912,0.0454898327589035
1790031824508483300,0.4314833984375,0.17956513166427612,0.1173158809542656,-0.07182604819536209
1790031824518523600,0.441523681640625,0.11971008777618408,0.040701430290937424,-0.09816227108240128
1790031824528533200,0.451533203125,0.13407529890537262,0.07900865375995636,0.043095629662275314
1790031824548522200,0.471522216796875,0.10055647045373917,-0.014365210197865963,0.05506663769483566
1790031824558562600,0.4815625,-0.05027823522686958,-0.002394201699644327,0
1790031824568542000,0.4915419921875,0.05985504388809204,-0.009576806798577309,0.10295066982507706
1790031824578551600,0.501551513671875,0.11013327538967133,0.026336219161748886,0.05985504388809204
1790031824588561400,0.5115615234375,0.09816227108240128,-0.009576806798577309,-0.05267243832349777
1790031824598540500,0.52154052734375,-0.05506663769483566,-0.014365210197865963,0.05027823522686958
1790031824608520000,0.53152001953125,0.06703764945268631,-0.011971008032560349,-0.038307227194309235
1790031824618499000,0.5414990234375,0.1604115068912506,-0.016759412363171577,0.014365210197865963
1790031824628478500,0.551478515625,0.033518824726343155,0.1364694982767105,-0.05027823522686958
1790031824638518800,0.561518798828125,-0.009576806798577309,-0.014365210197865963,-0.002394201699644327
1790031824668547800,0.5915478515625,-0.028730420395731926,0.0694318488240242,-0.014365210197865963
1790031824678557700,0.6015576171875,0.026336219161748886,-0.17238251864910126,0.009576806798577309
1790031824688537000,0.611537109375,0.09576806426048279,-0.011971008032560349,0.11013327538967133
1790031824698546700,0.621546630859375,0.1173158809542656,0,0.021547814831137657
1790031824708495400,0.631495361328125,0.0694318488240242,0.026336219161748886,0
1790031824718535700,0.64153564453125,0.019153613597154617,-0.07900865375995636,-0.028730420395731926
1790031824728545500,0.651545654296875,0.1173158809542656,0.05746084079146385,-0.10773907601833344
1790031824738555400,0.661555419921875,0.07182604819536209,0.0933738648891449,-0.05985504388809204
1790031824758544400,0.68154443359375,-0.07182604819536209,0.0071826050989329815,0.038307227194309235
1790031824768523500,0.6915234375,0.07182604819536209,-0.038307227194309235,-0.08140286058187485
1790031824778533400,0.701533447265625,0.09816227108240128,-0.10295066982507706,-0.05267243832349777
1790031824788482000,0.71148193359375,0.0933738648891449,0.0071826050989329815,-0.035913024097681046
1790031824798522400,0.7215224609375,0.040701430290937424,-0.07661445438861847,-0.0454898327589035
1790031824808532000,0.731531982421875,0.10773907601833344,-0.16998831927776337,-0.035913024097681046
1790031824818511400,0.741511474609375,0.10055647045373917,-0.09576806426048279,-0.05746084079146385
1790031824828521200,0.751521240234375,0.05027823522686958,-0.016759412363171577,-0.05267243832349777
1790031824838530800,0.76153076171875,0.17717093229293823,0.004788403399288654,0.06224924325942993
1790031824848510200,0.77151025390625,0.07422025501728058,0.021547814831137657,0.0694318488240242
1790031824878508800,0.8015087890625,0.05506663769483566,0.2346317619085312,0.016759412363171577
1790031824888518700,0.8115185546875,-0.05267243832349777,0.031124621629714966,0.0071826050989329815
1790031824898497800,0.821497802734375,0.019153613597154617,-0.12689268589019775,-0.002394201699644327
1790031824908538000,0.8315380859375,0,-0.10055647045373917,-0.021547814831137657
1790031824918517500,0.841517578125,-0.09576806426048279,-0.06703764945268631,-0.047884032130241394
1790031824928557800,0.851557861328125,-0.047884032130241394,-0.1604115068912506,0.05027823522686958
1790031824938537000,0.861536865234375,0.033518824726343155,-0.040701430290937424,0.12928688526153564
1790031824948546800,0.871546875,-0.05506663769483566,-0.0933738648891449,0.0694318488240242
1790031824958556400,0.881556396484375,0.0071826050989329815,-0.17477671802043915,-0.0071826050989329815
1790031824968566300,0.891566162109375,0.08619125932455063,-0.2106897532939911,-0.009576806798577309
1790031824978576100,0.901576171875,0.15083470940589905,-0.12449848651885986,-0.019153613597154617
1790031825008605400,0.93160546875,0.019153613597154617,-0.29209262132644653,0.004788403399288654
1790031825018615000,0.941614990234375,0.06703764945268631,-0.19632454216480255,0.021547814831137657
1790031825038604000,0.96160400390625,-0.016759412363171577,-0.10055647045373917,-0.021547814831137657
1790031825048583400,0.97158349609375,0.06224924325942993,-0.040701430290937424,-0.06703764945268631
1790031825058623700,0.981623779296875,0.09576806426048279,0,0.07661445438861847
1790031825068603000,0.991602783203125,0.10295066982507706,0.05506663769483566,-0.06464344263076782
1790031825078612700,1.00161279296875,0.12449848651885986,0.0694318488240242,-0.08379705995321274
1790031825088653000,1.011653076171875,0.10773907601833344,0.17238251864910126,-0.07182604819536209
1790031825098662700,1.02166259765625,0.023942016065120697,0.15801730751991272,0
1790031825128661500,1.05166162109375,0.028730420395731926,0.1149216815829277,-0.10055647045373917
1790031825138671400,1.06167138671875,0.0071826050989329815,0.038307227194309235,-0.047884032130241394
1790031825148681000,1.071680908203125,0.026336219161748886,0.1388636976480484,-0.05985504388809204
1790031825168700700,1.09170068359375,0.0454898327589035,0.028730420395731926,0.047884032130241394
1790031825178710300,1.101710205078125,-0.021547814831137657,0.14365209639072418,0.014365210197865963
1790031825198729700,1.121729736328125,0.10295066982507706,0.023942016065120697,-0.11252748221158981
1790031825218719000,1.141718994140625,0.05746084079146385,-0.05985504388809204,-0.047884032130241394
1790031825228728600,1.151728515625,0.08858546614646912,-0.023942016065120697,-0.035913024097681046
1790031825238738400,1.161738525390625,-0.011971008032560349,-0.05746084079146385,0.002394201699644327
1790031825248748000,1.171748046875,0.019153613597154617,-0.040701430290937424,0.014365210197865963
1790031825258697000,1.181697021484375,0.1149216815829277,-0.16519992053508759,0.016759412363171577
1790031825278716400,1.20171630859375,-0.011971008032560349,-0.10534487664699554,0.019153613597154617
1790031825288695600,1.211695556640625,0.047884032130241394,-0.06224924325942993,-0.0454898327589035
1790031825298735900,1.22173583984375,0.08140286058187485,-0.09576806426048279,-0.06224924325942993
1790031825318724900,1.241724853515625,0.016759412363171577,-0.1867477297782898,0.002394201699644327
1790031825328765200,1.25176513671875,0.07422025501728058,-0.16759411990642548,0
1790031825338775000,1.261775146484375,0.2082955539226532,-0.08140286058187485,-0.023942016065120697
1790031825348785000,1.271784912109375,0.1388636976480484,-0.0694318488240242,0.035913024097681046
1790031825358825000,1.281824951171875,-0.023942016065120697,0.016759412363171577,-0.0071826050989329815
1790031825368834800,1.291834716796875,-0.11252748221158981,0.004788403399288654,-0.009576806798577309
1790031825388823800,1.31182373046875,0.12928688526153564,0.019153613597154617,0.033518824726343155
1790031825398833700,1.321833740234375,0.035913024097681046,-0.06224924325942993,0.031124621629714966
1790031825408812800,1.331812744140625,-0.1628057211637497,-0.09816227108240128,0.023942016065120697
1790031825418853000,1.34185302734375,-0.035913024097681046,-0.028730420395731926,-0.026336219161748886
1790031825428863000,1.351863037109375,0.05506663769483566,0.047884032130241394,-0.011971008032560349
1790031825448852000,1.37185205078125,-0.05267243832349777,-0.038307227194309235,0
1790031825458861600,1.381861572265625,0.10055647045373917,-0.033518824726343155,0.033518824726343155
1790031825468871400,1.391871337890625,0.06703764945268631,-0.06224924325942993,0.047884032130241394
1790031825478881300,1.40188134765625,0.10773907601833344,-0.06464344263076782,-0.12449848651885986
1790031825488891000,1.411890869140625,-0.040701430290937424,-0.15322890877723694,-0.031124621629714966
1790031825498900700,1.421900634765625,0.023942016065120697,-0.21308395266532898,-0.06703764945268631
1790031825508910600,1.43191064453125,0.1364694982767105,-0.19393034279346466,-0.021547814831137657
1790031825518920200,1.441920166015625,0.06703764945268631,-0.13168109953403473,-0.05027823522686958
1790031825548949500,1.471949462890625,0.16998831927776337,-0.014365210197865963,0.10055647045373917
1790031825558959400,1.48195947265625,0.09576806426048279,0,0.009576806798577309
1790031825588958200,1.511958251953125,0.035913024097681046,-0.08379705995321274,0.07182604819536209
1790031825599029000,1.522029052734375,0.016759412363171577,-0.1412578970193863,0.0071826050989329815
1790031825609038600,1.53203857421875,-0.05027823522686958,-0.023942016065120697,-0.0071826050989329815
1790031825619018000,1.54201806640625,-0.021547814831137657,-0.002394201699644327,0.05506663769483566
1790031825629027600,1.552027587890625,-0.047884032130241394,-0.12928688526153564,-0.043095629662275314
1790031825639068000,1.56206787109375,-0.016759412363171577,-0.033518824726343155,-0.019153613597154617
1790031825649077800,1.572077880859375,0.021547814831137657,-0.019153613597154617,-0.0071826050989329815
1790031825659087600,1.582087646484375,0.09576806426048279,0.009576806798577309,-0.05506663769483566
1790031825669097200,1.59209716796875,0.14844051003456116,-0.043095629662275314,-0.016759412363171577
1790031825689086200,1.612086181640625,-0.05985504388809204,0.05027823522686958,-0.026336219161748886
1790031825709075200,1.6320751953125,0.06703764945268631,-0.0454898327589035,-0.026336219161748886
1790031825719115500,1.642115478515625,-0.18914192914962769,-0.10773907601833344,-0.10055647045373917
1790031825739135200,1.66213525390625,0.038307227194309235,0,-0.040701430290937424
1790031825749114400,1.6721142578125,0.05027823522686958,0.043095629662275314,0.014365210197865963
1790031825759154700,1.68215478515625,0.016759412363171577,-0.08379705995321274,-0.043095629662275314
1790031825769133800,1.6921337890625,0.038307227194309235,-0.19153612852096558,-0.05985504388809204
1790031825779174100,1.702174072265625,0.18914192914962769,-0.014365210197865963,0.05506663769483566
1790031825789184000,1.71218408203125,0.26336219906806946,-0.033518824726343155,0.07422025501728058
1790031825849242600,1.77224267578125,-0.07182604819536209,-0.11971008777618408,-0.009576806798577309
1790031825869292500,1.79229248046875,0.10295066982507706,0.05985504388809204,0.004788403399288654
1790031825899321900,1.82232177734375,0.10534487664699554,-0.0454898327589035,0.035913024097681046
1790031825909331700,1.832331787109375,-0.002394201699644327,0.09816227108240128,0.009576806798577309
1790031825919372000,1.8423720703125,0.004788403399288654,-0.06703764945268631,-0.009576806798577309
1790031825929381600,1.852381591796875,0.11971008777618408,-0.06224924325942993,-0.05985504388809204
1790031825939391500,1.8623916015625,0.009576806798577309,-0.019153613597154617,0.1149216815829277
1790031825949370600,1.87237060546875,-0.05985504388809204,-0.035913024097681046,0.11252748221158981
1790031825959411000,1.882410888671875,0.10773907601833344,-0.05746084079146385,0.0694318488240242
1790031825969420800,1.8924208984375,0.16998831927776337,-0.019153613597154617,0.023942016065120697
1790031825979430400,1.902430419921875,-0.035913024097681046,0.026336219161748886,-0.0071826050989329815
1790031826009459700,1.932459716796875,0.24420857429504395,-0.040701430290937424,-0.019153613597154617
1790031826029479400,1.9524794921875,0.09576806426048279,0.011971008032560349,0.0454898327589035
1790031826039489000,1.962489013671875,0.028730420395731926,-0.10055647045373917,-0.14844051003456116
1790031826049499000,1.972498779296875,0.05746084079146385,-0.10773907601833344,-0.026336219161748886
1790031826059508700,1.9825087890625,-0.0071826050989329815,-0.1149216815829277,0.004788403399288654
1790031826069457400,1.99245751953125,0.004788403399288654,-0.14604631066322327,0.033518824726343155
1790031826129546500,2.05254638671875,0.15322890877723694,-0.002394201699644327,0.05985504388809204
1790031826139556400,2.062556396484375,0.08140286058187485,-0.0071826050989329815,0.07661445438861847
1790031826149566000,2.07256591796875,0.06224924325942993,-0.07182604819536209,-0.043095629662275314
1790031826159606300,2.082606201171875,0.05506663769483566,-0.0454898327589035,-0.11252748221158981
1790031826169646600,2.092646484375,0.06464344263076782,0.014365210197865963,-0.1149216815829277
1790031826179656400,2.102656494140625,0.05027823522686958,-0.021547814831137657,0.011971008032560349
1790031826189666000,2.112666015625,0.07900865375995636,0.0454898327589035,0.05985504388809204
1790031826199706400,2.122706298828125,0.0071826050989329815,0.023942016065120697,-0.05506663769483566
1790031826279815200,2.202815185546875,0.08140286058187485,0.019153613597154617,-0.06224924325942993
1790031826349883400,2.27288330078125,0.23942017555236816,-0.1173158809542656,-0.07661445438861847
1790031826409911600,2.33291162109375,-0.16519992053508759,-0.22505496442317963,0.12210428714752197
1790031826419951900,2.342951904296875,0.014365210197865963,-0.14604631066322327,0.10534487664699554
1790031826429931000,2.352930908203125,-0.05746084079146385,-0.07661445438861847,0.08379705995321274
1790031826439971300,2.362971435546875,0.09816227108240128,0.17956513166427612,0.19153612852096558
1790031826449981200,2.372981201171875,-0.019153613597154617,0.10055647045373917,0.12928688526153564
1790031826459960300,2.382960205078125,0.10534487664699554,0.09816227108240128,0.2585737705230713
1790031826470000600,2.393000732421875,0.19871874153614044,0.05027823522686958,0.1867477297782898
1790031826489989600,2.41298974609375,0.1388636976480484,-0.11013327538967133,-0.019153613597154617
1790031826510039600,2.43303955078125,0.19393034279346466,-0.21787235140800476,0.17238251864910126
1790031826520049400,2.44304931640625,0.0694318488240242,-0.17717093229293823,0.3471592366695404
1790031826530028500,2.453028564453125,-0.05267243832349777,0.181959331035614,0.15562310814857483
1790031826540038400,2.463038330078125,-0.1628057211637497,0.3926490843296051,0.1628057211637497
1790031826550078700,2.47307861328125,-0.1412578970193863,0.3974374830722809,0.33758243918418884
1790031826560088600,2.483088623046875,0.047884032130241394,0.17477671802043915,0.5650315880775452
1790031826570098200,2.49309814453125,-0.4213795065879822,0.19153612852096558,0.11971008777618408
1790031826590118000,2.513117919921875,-0.4213795065879822,0.4668693244457245,-1.4101848602294922
1790031826630187300,2.553187255859375,-0.040701430290937424,4.627991676330566,0.6512228846549988
1790031826660186000,2.58318603515625,0.22744916379451752,5.817910194396973,-2.7916390895843506
1790031826670226400,2.593226318359375,-0.569819986820221,5.015852451324463,-1.4844050407409668
1790031826720275200,2.643275146484375,-1.6400281190872192,5.47075080871582,-0.9050082564353943
1790031826750304500,2.673304443359375,-1.6519991159439087,6.069301128387451,-0.5674257874488831
1790031826770324000,2.693323974609375,-2.0039467811584473,5.104437828063965,-0.45489832758903503
1790031826780303400,2.703303466796875,-2.322375535964966,4.446032524108887,-1.0007762908935547
1790031826830321700,2.75332177734375,-2.8993782997131348,4.189853191375732,-1.139639973640442
1790031826900359400,2.823359375,-3.3255462646484375,2.4396915435791016,-2.0829553604125977
1790031826940398600,2.863398681640625,-4.0533833503723145,1.5849615335464478,-1.6711528301239014
1790031826950408200,2.873408203125,-4.367023944854736,1.0749965906143188,-1.4413094520568848
1790031826960418000,2.88341796875,-4.079719543457031,0.9744400978088379,-1.3670891523361206
1790031826970397400,2.8933974609375,-4.034229755401611,1.2042834758758545,-1.7142484188079834
1790031826980407000,2.903406982421875,-4.170699596405029,1.338358759880066,-1.8770540952682495
1790031827010406000,2.933406005859375,-4.039018154144287,-0.3256114423274994,-1.2545616626739502
1790031827040404700,2.96340478515625,-3.581725835800171,-0.8355764150619507,-0.569819986820221
1790031827050414300,2.973414306640625,-3.579331636428833,-1.6879122257232666,-0.2585737705230713
1790031827060363300,2.98336328125,-3.339911460876465,-1.8267759084701538,-0.304063618183136
1790031827070372900,2.993372802734375,-3.1507694721221924,-1.6184803247451782,-0.45489832758903503
1790031827080352300,3.003352294921875,-3.248931646347046,-1.9823989868164062,-0.7254431247711182
1790031827090331400,3.013331298828125,-3.1507694721221924,-2.2864625453948975,-0.8882488012313843
1790031827100310500,3.023310546875,-3.2369606494903564,-2.607285737991333,-0.8044517636299133
1790031827110350800,3.033350830078125,-3.1483752727508545,-3.0597896575927734,-0.7589619159698486
1790031827120360700,3.043360595703125,-2.676717519760132,-3.0166940689086914,-0.6943184733390808
1790031827150420500,3.07342041015625,-2.5043349266052246,-4.438849925994873,-0.6368576288223267
1790031827160430300,3.083430419921875,-2.3104045391082764,-4.314351558685303,-0.6703764796257019
1790031827170440000,3.09343994140625,-2.343923568725586,-4.728548526763916,-0.8523358106613159
1790031827180449800,3.10344970703125,-2.054224967956543,-5.116408824920654,-0.9528923034667969
1790031827190459600,3.113459716796875,-1.6950948238372803,-5.331887245178223,-0.5363011956214905
1790031827200469200,3.12346923828125,-1.6615760326385498,-5.305551052093506,0.1364694982767105
1790031827210448600,3.13344873046875,-1.6184803247451782,-5.552153587341309,0.6368576288223267
1790031827220489000,3.143489013671875,-1.6376339197158813,-5.671864032745361,0.6847416758537292
1790031827230468000,3.153468017578125,-1.6711528301239014,-5.95677375793457,0.49559974670410156
1790031827240447500,3.163447509765625,-1.5753847360610962,-6.0597243309021,0.19632454216480255
1790031827300505900,3.223505859375,-1.0630255937576294,-6.234501361846924,1.1516109704971313
1790031827320556000,3.24355615234375,-1.2665326595306396,-6.282385349273682,0.7876923680305481
1790031827370543900,3.2935439453125,-1.1851298809051514,-6.143521785736084,1.1659762859344482
1790031827400603600,3.323603759765625,-0.8403648138046265,-5.674258232116699,1.173158884048462
1790031827410613500,3.333613525390625,-0.9768342971801758,-5.633556365966797,1.1516109704971313
1790031827420592600,3.343592529296875,-1.015141487121582,-5.525817394256592,0.9481038451194763
1790031827430663400,3.353663330078125,-1.1563993692398071,-5.137956619262695,1.05105459690094
1790031827440673300,3.36367333984375,-0.9816226959228516,-4.862623691558838,1.039083480834961
1790031827450683000,3.373682861328125,-0.9193734526634216,-4.774038314819336,0.9074024558067322
1790031827480742700,3.40374267578125,-0.9097966551780701,-4.177882194519043,0.8834604024887085
1790031827490752500,3.41375244140625,-0.9864110946655273,-3.890577793121338,0.828393816947937
1790031827500792800,3.423792724609375,-1.1204863786697388,-3.9839515686035156,0.6703764796257019
1790031827510772000,3.43377197265625,-1.1635819673538208,-4.132391929626465,0.6105214357376099
1790031827520812300,3.443812255859375,-1.558625340461731,-3.9025487899780273,0.5554547905921936
1790031827530791700,3.453791748046875,-1.7046716213226318,-3.509899616241455,0.5003881454467773
1790031827540832000,3.46383203125,-1.6663644313812256,-3.205836057662964,0.40462008118629456
1790031827550872000,3.4738720703125,-1.501164436340332,-2.827552318572998,0.363918662071228
1790031827560882000,3.4838818359375,-1.601720929145813,-2.403778553009033,0.038307227194309235
1790031827580901400,3.5039013671875,-1.3766659498214722,-2.0015525817871094,0.0071826050989329815
1790031827590911200,3.5139111328125,-1.1468225717544556,-1.6950948238372803,0.26575639843940735
1790031827600890400,3.523890380859375,-1.036689281463623,-1.4915876388549805,0.35673606395721436
1790031827610900200,3.533900146484375,-1.1324573755264282,-1.5634137392044067,0.17956513166427612
1790031827620910000,3.54391015625,-1.4891934394836426,-1.678335428237915,-0.043095629662275314
1790031827670928400,3.593928466796875,-2.408566951751709,-1.3287819623947144,-0.26336219906806946
1790031827680938000,3.60393798828125,-2.5115175247192383,-1.1971008777618408,-0.24899697303771973
1790031827690917400,3.61391748046875,-2.693476915359497,-0.950498104095459,-0.3758896589279175
1790031827770995500,3.693995361328125,-2.5282769203186035,-0.033518824726343155,-1.0989385843276978
1790031827781005300,3.70400537109375,-2.454056739807129,0.0933738648891449,-1.1994950771331787
1790031827800994300,3.723994384765625,-1.5825673341751099,0.6847416758537292,-1.6903064250946045
1790031827811065000,3.734065185546875,-1.5466543436050415,0.4429273009300232,-1.5897499322891235
1790031827821074700,3.74407470703125,-1.867477297782898,0.16759411990642548,-1.3287819623947144
1790031827831115000,3.754114990234375,-2.0254945755004883,0.7565677165985107,-1.455674648284912
1790031827841094400,3.764094482421875,-1.9488801956176758,0.569819986820221,-1.173158884048462
1790031827851104000,3.77410400390625,-1.6687586307525635,0.6272808313369751,-1.2545616626739502
1790031827861144300,3.784144287109375,-1.3623007535934448,0.9672574996948242,-1.8555063009262085
1790031827871154200,3.794154296875,-1.2713210582733154,0.9145850539207458,-1.9512743949890137
1790031827881164000,3.8041640625,-1.1635819673538208,1.0582371950149536,-1.8052281141281128
1790031827891173600,3.814173583984375,-1.3742717504501343,1.2282254695892334,-1.7381904125213623
1790031827901183500,3.82418359375,-1.4508862495422363,1.9033904075622559,-1.6376339197158813
1790031827921203000,3.844202880859375,-1.3120225667953491,0.5099649429321289,-1.0797849893569946
1790031827941192000,3.86419189453125,-1.1420341730117798,0.17477671802043915,-1.259350061416626
1790031827951232300,3.874232177734375,-1.292868971824646,0.5841852426528931,-1.577778935432434
1790031827961211600,3.884211669921875,-1.113303780555725,1.1540051698684692,-1.7190368175506592
1790031827971190800,3.894190673828125,-1.0127472877502441,1.5298948287963867,-1.944091796875
1790031827981200600,3.90420068359375,-1.0319008827209473,1.3838485479354858,-1.4245500564575195
1790031827991210200,3.914210205078125,-0.8595184087753296,1.1827356815338135,-1.0127472877502441
1790031828011230000,3.93422998046875,-0.7805097699165344,1.316810965538025,-1.0295066833496094
1790031828021239600,3.944239501953125,-0.5937620401382446,0.8858546018600464,-1.3694833517074585
1790031828031249400,3.95424951171875,-0.4692635238170624,1.4867992401123047,-1.5418659448623657
1790031828041259300,3.96425927734375,-0.5985504388809204,0.7182605266571045,-1.3120225667953491
1790031828081267700,4.004267822265625,-0.38307225704193115,1.2114660739898682,-0.9481038451194763
1790031828091308000,4.01430810546875,0.021547814831137657,0.9648633003234863,-0.8667010068893433
1790031828101287200,4.024287109375,0.3280056416988373,1.1300631761550903,-1.0606313943862915
1790031828111327500,4.034327392578125,0.3519476354122162,0.9792284965515137,-1.0007762908935547
1790031828141356800,4.064356689453125,-0.2059013396501541,0.5003881454467773,-0.8355764150619507
1790031828151366700,4.07436669921875,-0.40701428055763245,0.17717093229293823,-0.8259995579719543
1790031828171355600,4.094355712890625,-0.4429273009300232,0.2801215946674347,-0.9145850539207458
1790031828181365200,4.104365234375,-0.2753331959247589,1.137245774269104,-0.9097966551780701
1790031828191344600,4.1143447265625,-0.2753331959247589,1.2617442607879639,-0.6057330369949341
1790031828201385000,4.124385009765625,0.028730420395731926,0.6057330369949341,-0.23942017555236816
1790031828211394600,4.13439453125,0.23702596127986908,0.49799394607543945,-0.07422025501728058
1790031828221374000,4.1443740234375,0.040701430290937424,0.45010992884635925,0.016759412363171577
1790031828271453200,4.194453125,-0.5793967843055725,0.3758896589279175,-0.19153612852096558
1790031828281463000,4.204463134765625,-0.38546648621559143,0.29209262132644653,0.12210428714752197
1790031828291472600,4.21447265625,-0.12689268589019775,0.028730420395731926,0.21547815203666687
1790031828341521700,4.264521728515625,-0.5626373887062073,0.6799532771110535,-0.2561795711517334
1790031828401549600,4.324549560546875,-0.828393816947937,0.3064578175544739,-0.2322375625371933
1790031828441588700,4.364588623046875,-0.667982280254364,0.23702596127986908,0.18914192914962769
1790031828501677800,4.424677734375,-0.23942017555236816,0.2106897532939911,-0.10534487664699554
1790031828521666800,4.444666748046875,-0.06703764945268631,0.15562310814857483,0.2561795711517334
1790031828531646200,4.454646240234375,-0.21787235140800476,0.2298433631658554,0.37828385829925537
1790031828561675500,4.484675537109375,-0.40462008118629456,0.2059013396501541,0.4189853072166443
1790031828571685000,4.49468505859375,-0.45250412821769714,0.3208230137825012,0.5602431893348694
1790031828581664500,4.50466455078125,-0.29209262132644653,0.5961562395095825,0.7326257228851318
1790031828591704600,4.51470458984375,-0.3902548849582672,0.8667010068893433,0.727837324142456
1790031828651824400,4.574824462890625,0.014365210197865963,2.2385785579681396,1.039083480834961
1790031828701873200,4.624873046875,-0.5195417404174805,2.6431987285614014,0.30885201692581177
1790031828711913500,4.63491357421875,-0.9457096457481384,2.6240451335906982,0.31603461503982544
1790031828721923300,4.64492333984375,-1.158793568611145,2.7485435009002686,0.2298433631658554
1790031828731933000,4.654932861328125,-1.0965443849563599,3.1483752727508545,-0.11252748221158981
1790031828741912300,4.664912353515625,-1.0534487962722778,3.2752678394317627,-0.2059013396501541
1790031828761962200,4.684962158203125,-1.01753568649292,3.3925838470458984,-0.14604631066322327
1790031828771972000,4.69497216796875,-0.9050082564353943,3.2800562381744385,-0.10773907601833344
1790031828781981700,4.704981689453125,-1.01753568649292,3.35667085647583,-0.21787235140800476
1790031828791991600,4.714991455078125,-0.9624691009521484,3.4572272300720215,-0.2849099934101105
1790031828802031900,4.725031982421875,-0.8643068075180054,3.428496837615967,-0.3495534360408783
1790031828812041700,4.735041748046875,-1.0079588890075684,3.507505416870117,-0.4381389021873474
1790031828822051300,4.74505126953125,-1.0869675874710083,3.380612850189209,-0.42377370595932007
1790031828832091600,4.755091552734375,-1.0031704902648926,3.4524388313293457,-0.5889736413955688
1790031828842101500,4.7651015625,-0.9792284965515137,3.378218650817871,-0.6512228846549988
1790031828852111000,4.775111083984375,-0.8954314589500427,3.9264907836914062,-0.6057330369949341
1790031828872130800,4.795130859375,-1.6543933153152466,3.8355112075805664,-1.0678139925003052
1790031828882140400,4.805140380859375,-1.987187385559082,3.313575267791748,-0.7852981686592102
1790031828892119800,4.815119873046875,-2.1978771686553955,3.002328872680664,-0.6943184733390808
1790031828912200200,4.8352001953125,-2.518700122833252,2.695871114730835,-0.7206547260284424
1790031828922210000,4.8452099609375,-2.1499931812286377,2.829946517944336,-0.8259995579719543
1790031828932189400,4.855189453125,-2.0685901641845703,2.43011474609375,-1.1994950771331787
1790031828942229500,4.8652294921875,-2.0159177780151367,2.3032219409942627,-1.4772224426269531
1790031828952269800,4.875269775390625,-2.5043349266052246,2.056619167327881,-1.5753847360610962
1790031828962310100,4.88531005859375,-2.7892448902130127,1.7405846118927002,-1.4389152526855469
1790031828972320000,4.895320068359375,-2.6001031398773193,1.5873557329177856,-1.2832920551300049
1790031828982329600,4.90532958984375,-2.7676970958709717,1.235408067703247,-1.3766659498214722
1790031828992339500,4.91533935546875,-2.8419175148010254,0.7182605266571045,-1.414973258972168
1790031829002349300,4.925349365234375,-2.7509377002716064,0.6153098344802856,-1.2976573705673218
1790031829012359000,4.93535888671875,-2.719813108444214,1.01753568649292,-1.5729905366897583
1790031829022368800,4.94536865234375,-2.801215887069702,1.192312479019165,-1.845929503440857
1790031829032378600,4.955378662109375,-2.827552318572998,1.3694833517074585,-1.800439715385437
1790031829042418700,4.965418701171875,-2.96162748336792,1.3455413579940796,-1.314416766166687
1790031829052428500,4.975428466796875,-3.19865345954895,0.5410895943641663,-0.7996633648872375
1790031829062438400,4.9854384765625,-2.7054479122161865,-0.4572925269603729,-0.9888052940368652
1790031829072478700,4.995478759765625,-2.5785553455352783,-0.768538773059845,-1.7884687185287476
1790031829102508000,5.025508056640625,-2.360682964324951,0.08379705995321274,-2.298433542251587
1790031829112517600,5.035517578125,-2.360682964324951,0.090979665517807,-1.7094600200653076
1790031829122527500,5.045527587890625,-2.5091233253479004,0.5051765441894531,-1.2952631711959839
1790031829162536000,5.085535888671875,-3.1747114658355713,-0.33997663855552673,-2.274491548538208
1790031829172576300,5.095576171875,-3.222595453262329,-0.9193734526634216,-2.2409727573394775
1790031829182586000,5.105586181640625,-3.399766445159912,-1.4221558570861816,-1.86508309841156
1790031829192595700,5.115595703125,-3.318363666534424,-1.8938134908676147,-1.479616641998291
1790031829202636000,5.125635986328125,-3.160346269607544,-1.9536685943603516,-1.644816517829895
1790031829212646000,5.13564599609375,-2.9065608978271484,-2.1811177730560303,-1.680729627609253
1790031829222686200,5.145686279296875,-2.7676970958709717,-2.188300371170044,-1.8483237028121948
1790031829232695800,5.15569580078125,-2.6431987285614014,-2.094926595687866,-1.764526605606079
1790031829242736000,5.165736083984375,-2.583343744277954,-1.9033904075622559,-1.7094600200653076
1790031829282805800,5.2058056640625,-1.6950948238372803,-2.248155355453491,-1.6639702320098877
1790031829322845000,5.245844970703125,-1.381454348564148,-2.734178304672241,-0.7972691655158997
1790031829352874200,5.275874267578125,-0.9193734526634216,-3.6822822093963623,-1.0773907899856567
1790031829362853400,5.285853271484375,-1.5155296325683594,-3.3207578659057617,-1.1659762859344482
1790031829382872800,5.305872802734375,-1.9512743949890137,-2.808398485183716,-0.4908113479614258
1790031829392882700,5.315882568359375,-1.8052281141281128,-3.8953661918640137,0.17477671802043915
1790031829402923000,5.325923095703125,-1.6735470294952393,-4.067748546600342,0.2968810200691223
1790031829412932600,5.3359326171875,-2.169146776199341,-3.8522706031799316,-0.047884032130241394
1790031829422942500,5.3459423828125,-2.4181437492370605,-3.9001545906066895,-0.7182605266571045
1790031829442992600,5.36599267578125,-2.2457611560821533,-4.1874589920043945,-0.8810662031173706
1790031829483062000,5.40606201171875,-2.31758713722229,-5.365406036376953,0.38546648621559143
1790031829533202400,5.456202392578125,-1.216254472732544,-4.608838081359863,0.16519992053508759
1790031829543181800,5.466181884765625,-1.1180921792984009,-4.649539470672607,0.26096799969673157
1790031829553222100,5.47622216796875,-0.9864110946655273,-4.675876140594482,0.24660277366638184
1790031829563231700,5.486231689453125,-1.3048399686813354,-4.774038314819336,0.07422025501728058
1790031829583251200,5.506251220703125,-1.6496049165725708,-4.206612586975098,-0.040701430290937424
1790031829593261000,5.516260986328125,-1.4077905416488647,-4.10366153717041,-0.18914192914962769
1790031829603271000,5.52627099609375,-1.4389152526855469,-4.280832767486572,-0.26336219906806946
1790031829613311200,5.536311279296875,-1.4053963422775269,-4.065354347229004,-0.2059013396501541
1790031829623320800,5.54632080078125,-1.5322890281677246,-3.318363666534424,-0.2059013396501541
1790031829633300200,5.55630029296875,-1.577778935432434,-3.1890766620635986,-0.2825157940387726
1790031829643340500,5.566340576171875,-1.2737152576446533,-3.2178070545196533,-0.15083470940589905
1790031829653350100,5.57635009765625,-1.1635819673538208,-3.1531636714935303,0
1790031829663360000,5.586360107421875,-1.1109095811843872,-3.0382418632507324,-0.019153613597154617
1790031829673339100,5.596339111328125,-1.235408067703247,-2.9735984802246094,-0.1604115068912506
1790031829683349000,5.606348876953125,-1.3862427473068237,-2.674323320388794,-0.33997663855552673
1790031829693358800,5.61635888671875,-1.647210717201233,-2.647987127304077,-0.31603461503982544
1790031829703429600,5.6264296875,-1.5729905366897583,-2.7030537128448486,-0.1364694982767105
1790031829713439200,5.636439208984375,-1.4532804489135742,-2.5761611461639404,-0.09576806426048279
1790031829723449000,5.646448974609375,-1.5442601442337036,-2.3319525718688965,-0.08858546614646912
1790031829733459000,5.656458984375,-1.5107412338256836,-1.9512743949890137,-0.2346317619085312
1790031829743438000,5.66643798828125,-1.534683346748352,-1.3263877630233765,-0.7565677165985107
1790031829753478400,5.676478515625,-1.5442601442337036,-1.115697979927063,-0.8451532125473022
1790031829763457500,5.68645751953125,-1.4389152526855469,-1.0845733880996704,-0.7709329724311829
1790031829773497900,5.696497802734375,-1.2665326595306396,-0.8331822156906128,-0.6105214357376099
1790031829783507700,5.7065078125,-1.4772224426269531,-1.0462661981582642,-0.6560112833976746
1790031829793517300,5.716517333984375,-1.403002142906189,-0.7709329724311829,-0.9481038451194763
1790031829803527200,5.726527099609375,-1.6879122257232666,-0.6057330369949341,-1.0295066833496094
1790031829813567500,5.7365673828125,-1.6496049165725708,-0.7613561153411865,-1.1875240802764893
1790031829823577300,5.746577392578125,-1.6759412288665771,-0.5171475410461426,-1.4197616577148438
1790031829833587000,5.7565869140625,-1.5682021379470825,-0.45250412821769714,-1.1851298809051514
1790031829843596800,5.7665966796875,-1.5610195398330688,0.014365210197865963,-1.1180921792984009
1790031829853606700,5.776606689453125,-1.4484920501708984,0.20111294090747833,-1.173158884048462
1790031829863646700,5.786646728515625,-1.2761094570159912,-0.24660277366638184,-1.2521674633026123
1790031829873626000,5.796626220703125,-1.3311761617660522,-0.24660277366638184,-1.173158884048462
1790031829883636000,5.806635986328125,-1.6855180263519287,0.19632454216480255,-1.5059528350830078
1790031829893676000,5.816676025390625,-1.8746598958969116,0.2825157940387726,-1.403002142906189
1790031829903686000,5.826685791015625,-1.8698714971542358,0.2513911724090576,-1.2186486721038818
1790031829913695700,5.83669580078125,-1.821987509727478,-0.4596867263317108,-0.6799532771110535
1790031829923705300,5.846705322265625,-1.8339585065841675,-0.8164227604866028,-0.4141969084739685
1790031829933745700,5.85674560546875,-2.121262788772583,-0.6368576288223267,-0.5674257874488831
1790031829943786000,5.866785888671875,-2.363077163696289,-0.33997663855552673,-0.7876923680305481
1790031829953795800,5.8767958984375,-2.049436569213867,-0.05746084079146385,-0.8547300100326538
1790031829963775000,5.88677490234375,-1.5658079385757446,0.524330198764801,-0.811634361743927
1790031829973815300,5.896815185546875,-1.4532804489135742,0.1364694982767105,-0.545877993106842
1790031829983855600,5.906855712890625,-1.5945383310317993,-0.18914192914962769,-0.4165911078453064
1790031829993865200,5.916865234375,-1.7118542194366455,-0.5339069962501526,-0.4118026793003082
1790031830003905500,5.926905517578125,-1.6543933153152466,-0.828393816947937,-0.22266076505184174
1790031830013915400,5.936915283203125,-1.7573440074920654,-0.9983820915222168,-0.28730419278144836
1790031830023925200,5.94692529296875,-1.7094600200653076,-1.0654197931289673,-0.629675030708313
1790031830033934800,5.956934814453125,-1.4891934394836426,-0.21308395266532898,-0.7493851184844971
1790031830043975200,5.96697509765625,-1.3934253454208374,0.7374141216278076,-1.0989385843276978
1790031830053985000,5.976985107421875,-1.316810965538025,0.689530074596405,-1.1994950771331787
1790031830064025300,5.987025390625,-1.2066776752471924,0,-0.8762778043746948
1790031830074035000,5.997034912109375,-1.2976573705673218,-0.4165911078453064,-0.5506663918495178
1790031830084044800,6.007044921875,-1.6136919260025024,-1.216254472732544,-0.40462008118629456
1790031830104094700,6.0270947265625,-1.558625340461731,0.5578489899635315,-1.1324573755264282
1790031830114104600,6.0371044921875,-1.4867992401123047,0.5626373887062073,-1.1851298809051514
1790031830194152200,6.117152099609375,-0.5554547905921936,-0.11971008777618408,-0.9169792532920837
1790031830204192500,6.127192626953125,-0.6631938815116882,0.05267243832349777,-1.0319008827209473
1790031830284270600,6.2072705078125,-0.4381389021873474,0.07661445438861847,-0.5793967843055725
1790031830324279000,6.247279052734375,-0.6488286852836609,-1.5490485429763794,-0.43095630407333374
1790031830384368400,6.307368408203125,-0.507570743560791,-0.15562310814857483,-0.10055647045373917
1790031830404387800,6.327387939453125,-1.170764684677124,-0.7422025203704834,-0.0071826050989329815
1790031830464416000,6.387416015625,-0.2968810200691223,0.6320692300796509,0.019153613597154617
1790031830554564900,6.47756494140625,-0.828393816947937,-0.019153613597154617,0.22505496442317963
1790031830644652800,6.56765283203125,-0.8451532125473022,0.6967126727104187,-0.10773907601833344
1790031830704802800,6.627802734375,-0.9840168952941895,-0.4908113479614258,0.05267243832349777
1790031830794982400,6.717982421875,-0.751779317855835,0.3711012601852417,0.38307225704193115
1790031830895080000,6.818079833984375,-0.7924807667732239,0.4812345504760742,0.13407529890537262
1790031830985259300,6.90825927734375,-0.09816227108240128,0.9145850539207458,0.5770025849342346
1790031831035369200,6.958369140625,-0.24660277366638184,1.3694833517074585,-0.090979665517807
1790031831085418000,7.00841796875,0.10295066982507706,0.9888052940368652,0.22266076505184174
1790031831105437700,7.028437744140625,-0.6033388376235962,2.427720546722412,-0.21547815203666687
1790031831115447300,7.038447265625,-0.6368576288223267,2.738966703414917,0.035913024097681046
1790031831125487600,7.048487548828125,-0.6224924325942993,3.138798475265503,0.47884035110473633
1790031831135497500,7.05849755859375,-0.5386953949928284,3.2082302570343018,0.646434485912323
1790031831155547400,7.07854736328125,-0.5410895943641663,2.5091233253479004,0.272938996553421
1790031831185607200,7.108607177734375,-1.922544002532959,3.5410242080688477,-1.0773907899856567
1790031831215636500,7.138636474609375,-0.9600749015808105,4.089296340942383,0.3064578175544739
1790031831295714800,7.21871484375,-1.900996208190918,2.875436305999756,-0.4884171485900879
1790031831305755000,7.2287548828125,-2.1547815799713135,3.004723072052002,-0.727837324142456
1790031831355804000,7.278803955078125,-2.7293899059295654,1.5825673341751099,-0.7493851184844971
1790031831365783000,7.288782958984375,-2.9975404739379883,1.3934253454208374,-0.8906430602073669
1790031831375823400,7.2988232421875,-3.028665065765381,1.0821791887283325,-1.0271124839782715
1790031831385863700,7.30886376953125,-2.9903578758239746,1.015141487121582,-1.3934253454208374
1790031831395842800,7.3188427734375,-2.8610711097717285,1.314416766166687,-1.3503297567367554
1790031831415862500,7.338862548828125,-2.75812029838562,1.965639591217041,-1.1492167711257935
1790031831425872100,7.3488720703125,-3.0166940689086914,1.259350061416626,-1.2641384601593018
1790031831435882000,7.358882080078125,-3.0861260890960693,0.9002198576927185,-1.5083470344543457
1790031831445891600,7.3688916015625,-3.0573954582214355,0.10295066982507706,-1.2737152576446533
1790031831455901400,7.3789013671875,-3.0885202884674072,-0.3734954595565796,-1.3239935636520386
1790031831465911300,7.388911376953125,-3.1723172664642334,0.19153612852096558,-1.4676456451416016
1790031831475921000,7.3989208984375,-3.294421434402466,0.15801730751991272,-1.4963760375976562
1790031831485930800,7.4089306640625,-3.0550012588500977,-0.15322890877723694,-1.6089035272598267
1790031831495971000,7.41897119140625,-2.779668092727661,-0.3687070608139038,-1.7262194156646729
1790031831515990500,7.438990478515625,-2.6599581241607666,-0.30885201692581177,-1.3862427473068237
1790031831526000400,7.44900048828125,-2.913743495941162,-0.6153098344802856,-1.50355863571167
1790031831536040700,7.459040771484375,-3.0789434909820557,-0.8188169598579407,-1.6735470294952393
1790031831556029700,7.47902978515625,-3.4117374420166016,-1.3287819623947144,-1.2258312702178955
1790031831566070000,7.489070068359375,-3.31118106842041,-1.522712230682373,-1.2186486721038818
1790031831636199400,7.559199462890625,-2.5258827209472656,-2.2194249629974365,-0.8786720037460327
1790031831646209000,7.569208984375,-2.58813214302063,-2.535459518432617,-1.235408067703247
1790031831686248200,7.609248291015625,-2.7676970958709717,-2.099714994430542,-1.1659762859344482
1790031831696288500,7.61928857421875,-2.3726539611816406,-2.207453966140747,-0.9145850539207458
1790031831706298000,7.629298095703125,-2.3582887649536133,-2.5905263423919678,-0.9744400978088379
1790031831716308000,7.639307861328125,-2.427720546722412,-2.451662540435791,-1.0462661981582642
1790031831726317800,7.64931787109375,-2.535459518432617,-2.8131868839263916,-1.0773907899856567
1790031831736327400,7.659327392578125,-2.477998733520508,-3.31118106842041,-0.9576807022094727
1790031831756347100,7.67934716796875,-1.9943699836730957,-3.5218706130981445,-0.8930372595787048
1790031831766356700,7.689356689453125,-1.9488801956176758,-3.5936968326568604,-0.7541735172271729
1790031831776366600,7.69936669921875,-2.4133553504943848,-3.9695863723754883,-0.4429273009300232
1790031831786345700,7.709345703125,-2.5115175247192383,-3.773261785507202,-0.35434186458587646
1790031831796355600,7.71935546875,-2.6599581241607666,-4.436455726623535,-0.3016694188117981
1790031831806396000,7.72939599609375,-2.207453966140747,-4.448426723480225,-0.36152446269989014
1790031831816405500,7.739405517578125,-2.094926595687866,-4.503493309020996,-0.24899697303771973
1790031831846465500,7.769465576171875,-1.192312479019165,-4.644751071929932,-0.7565677165985107
1790031831856505600,7.779505615234375,-1.2665326595306396,-4.388571739196777,-0.8020575642585754
1790031831866546000,7.7895458984375,-1.4460978507995605,-3.976768970489502,-0.42377370595932007
1790031831876555800,7.7995556640625,-1.4628572463989258,-3.7229835987091064,-0.1388636976480484
1790031831886565600,7.809565673828125,-1.1779472827911377,-4.309563159942627,0.07182604819536209
1790031831896575200,7.8195751953125,-0.7254431247711182,-4.7620673179626465,0.16519992053508759
1790031831906585000,7.829585205078125,-0.5482721924781799,-4.93923807144165,0.26575639843940735
1790031831916595000,7.839594970703125,-0.7015010714530945,-4.9368438720703125,0.15322890877723694
1790031831926635000,7.849635009765625,-1.1180921792984009,-4.95120906829834,-0.08858546614646912
1790031831936644900,7.859644775390625,-1.2066776752471924,-4.704606533050537,-0.30885201692581177
1790031831966704600,7.88970458984375,-1.4484920501708984,-4.316745758056641,0.002394201699644327
1790031831976714500,7.899714599609375,-1.4939818382263184,-4.331110954284668,-0.06703764945268631
1790031831986724400,7.909724365234375,-1.599326729774475,-4.132391929626465,0.031124621629714966
1790031831996734000,7.91973388671875,-1.5682021379470825,-4.565742492675781,0.0933738648891449
1790031832016753400,7.93975341796875,-1.7908629179000854,-3.5625722408294678,-0.20350714027881622
1790031832046813400,7.9698134765625,-1.3287819623947144,-3.1435868740081787,-0.3423708379268646
1790031832056884200,7.97988427734375,-1.7525556087493896,-3.2417490482330322,0.004788403399288654
1790031832066893800,7.989893798828125,-1.8195933103561401,-3.2537200450897217,0.016759412363171577
1790031832106963500,8.02996337890625,-1.7836803197860718,-2.1068975925445557,-0.5746083855628967
1790031832116973300,8.039973388671875,-1.8076223134994507,-2.2577321529388428,-0.2585737705230713
1790031832126983000,8.04998291015625,-1.7262194156646729,-2.6384103298187256,-0.2561795711517334
1790031832137023200,8.060023193359376,-1.6543933153152466,-2.6360161304473877,-0.5123591423034668
1790031832147033000,8.070033203125,-2.051830768585205,-2.073378562927246,-0.6871358752250671
1790031832157103900,8.080103759765626,-2.4205379486083984,-1.623268723487854,-0.7565677165985107
1790031832187102700,8.110102783203125,-2.3271639347076416,-1.2114660739898682,-0.6536170840263367
1790031832197143000,8.12014306640625,-2.123656988143921,-1.8555063009262085,-0.3280056416988373
1790031832207183000,8.13018310546875,-2.2433669567108154,-2.030282974243164,-0.395043283700943
1790031832217162500,8.14016259765625,-2.5498247146606445,-1.403002142906189,-0.5722141861915588
1790031832257232100,8.180232177734375,-2.0901381969451904,-0.035913024097681046,-0.35913026332855225
1790031832287261400,8.210261474609375,-2.233790159225464,-2.6216509342193604,-0.5123591423034668
1790031832297301500,8.220301513671876,-2.7126305103302,-1.3287819623947144,-1.0773907899856567
1790031832307311400,8.230311279296876,-3.227383852005005,-0.6392518281936646,-1.3766659498214722
1790031832317290800,8.240290771484375,-2.7006595134735107,-0.12928688526153564,-1.0319008827209473
1790031832327330800,8.250330810546876,-2.2433669567108154,-0.019153613597154617,-0.8978256583213806
1790031832367370000,8.290369873046876,-2.6216509342193604,-0.9217676520347595,-0.7733271718025208
1790031832417449200,8.34044921875,-2.145204782485962,-0.038307227194309235,-0.9744400978088379
1790031832427428600,8.3504287109375,-1.9991583824157715,-0.4812345504760742,-0.4812345504760742
1790031832447417600,8.37041748046875,-1.9704279899597168,0.9576807022094727,-0.8978256583213806
1790031832457488400,8.38048828125,-1.501164436340332,0.9457096457481384,-1.1061211824417114
1790031832467498200,8.390498291015625,-1.170764684677124,0.038307227194309235,-1.0678139925003052
1790031832477507800,8.4005078125,-1.4293384552001953,0.1412578970193863,-1.2976573705673218
1790031832487517700,8.410517578125,-2.0661959648132324,0.2513911724090576,-1.1516109704971313
1790031832497527600,8.420527587890625,-2.5330653190612793,-0.07422025501728058,-0.9792284965515137
1790031832507537200,8.430537109375,-2.449268341064453,-0.009576806798577309,-0.6512228846549988
1790031832517547000,8.440547119140625,-2.1930887699127197,0.26575639843940735,-0.6440402865409851
1790031832527556900,8.450556884765625,-2.0039467811584473,0.5482721924781799,-0.6991068720817566
1790031832547576300,8.470576416015625,-1.886630892753601,0.8571242094039917,-1.3886369466781616
1790031832567565300,8.4905654296875,-2.2194249629974365,-0.22744916379451752,-1.113303780555725
1790031832577605600,8.500605712890625,-1.9153614044189453,-0.7948749661445618,-0.5578489899635315
1790031832587615200,8.510615234375,-1.7286136150360107,-0.6248866319656372,-0.2825157940387726
1790031832597625000,8.520625,-1.50355863571167,0.2777273952960968,-0.8906430602073669
1790031832607635000,8.530635009765625,-1.721431016921997,1.6759412288665771,-1.2880805730819702
1790031832627654400,8.550654296875,-0.9888052940368652,-0.028730420395731926,-0.6200982332229614
1790031832697753300,8.62075341796875,-0.5937620401382446,0.23942017555236816,-1.1324573755264282
1790031832727782700,8.65078271484375,-0.6751648783683777,0.019153613597154617,-0.6272808313369751
1790031832737792300,8.660792236328126,-1.0797849893569946,-0.22266076505184174,-0.569819986820221
1790031832747802000,8.670802001953126,-1.0534487962722778,0.028730420395731926,-0.8044517636299133
1790031832757812000,8.68081201171875,-1.1492167711257935,-0.043095629662275314,-1.0749965906143188
1790031832807830300,8.730830322265625,-0.5339069962501526,-0.4189853072166443,-0.5051765441894531
1790031832817839900,8.74083984375,-0.9840168952941895,-0.35434186458587646,-0.6224924325942993
1790031832827819300,8.7508193359375,-1.4676456451416016,-0.12928688526153564,-0.8810662031173706
1790031832867889000,8.790888916015625,-0.9624691009521484,-0.09816227108240128,-0.19632454216480255
1790031832877898500,8.8008984375,-0.8571242094039917,0.33279404044151306,-0.21787235140800476
1790031832947936500,8.8709365234375,-0.2992752194404602,-0.9241618514060974,-0.3256114423274994
1790031832977935000,8.90093505859375,0.19153612852096558,-0.4405331015586853,-0.10055647045373917
1790031832987945000,8.910945068359375,0.3758896589279175,-0.2777273952960968,-0.10055647045373917
1790031833037963300,8.96096337890625,-0.6272808313369751,-0.6536170840263367,-0.4213795065879822
1790031833067992600,8.99099267578125,-0.8451532125473022,-0.7398083209991455,0.44532153010368347
1790031833098022000,9.02102197265625,-1.2952631711959839,0.23942017555236816,-0.5770025849342346
1790031833108031500,9.031031494140626,-1.3407529592514038,0.009576806798577309,-0.2992752194404602
1790031833118011000,9.041010986328125,-0.8427590131759644,-0.08858546614646912,0.0933738648891449
1790031833138060800,9.061060791015626,-0.6607996821403503,-0.20111294090747833,0.23942017555236816
1790031833148070700,9.071070556640626,-0.5674257874488831,-0.31364041566848755,0.19871874153614044
1790031833158080500,9.08108056640625,-0.5793967843055725,-0.06464344263076782,0.1604115068912506
1790031833168059600,9.0910595703125,-0.7326257228851318,-0.16998831927776337,-0.10773907601833344
1790031833208159700,9.13115966796875,-0.49799394607543945,-0.10055647045373917,-0.2346317619085312
1790031833218169600,9.141169677734375,-0.49799394607543945,0.002394201699644327,0.12689268589019775
1790031833288237800,9.21123779296875,-0.7445967197418213,-0.090979665517807,-0.004788403399288654
1790031833338286800,9.261286865234375,-0.016759412363171577,-0.7493851184844971,1.1683704853057861
1790031833348296400,9.27129638671875,0.272938996553421,-0.5434837937355042,0.689530074596405
1790031833358275800,9.28127587890625,0.20350714027881622,-0.3447650372982025,0.5770025849342346
1790031833368316000,9.29131591796875,0.4118026793003082,-0.26815059781074524,0.8068459630012512
1790031833378325800,9.30132568359375,0.6320692300796509,0.11252748221158981,0.9361328482627869
1790031833388335600,9.311335693359375,0.6248866319656372,0.40940847992897034,1.0749965906143188
1790031833398345200,9.32134521484375,0.790086567401886,0.7637503147125244,1.2880805730819702
1790031833408324600,9.33132470703125,0.8259995579719543,1.113303780555725,1.1037269830703735
1790031833458373400,9.381373291015626,-0.12449848651885986,2.849100112915039,0.7996633648872375
1790031833518493000,9.441492919921876,-1.194706678390503,4.0078935623168945,0.44771572947502136
1790031833558501600,9.481501708984375,-2.4660277366638184,4.134786128997803,-0.13168109953403473
1790031833568480800,9.491480712890626,-2.250549554824829,4.357447147369385,-0.15083470940589905
1790031833578521000,9.50152099609375,-2.0685901641845703,4.637568473815918,-0.26815059781074524
1790031833588531000,9.511531005859375,-1.8171991109848022,4.807557106018066,-0.16519992053508759
1790031833598540500,9.52154052734375,-1.5155296325683594,4.491522312164307,-0.08379705995321274
1790031833608520000,9.53152001953125,-1.3886369466781616,4.350264549255371,-0.07422025501728058
1790031833628569900,9.55156982421875,-1.920149803161621,3.1004912853240967,-0.2082955539226532
1790031833638579700,9.561579833984375,-2.1284453868865967,3.220201253890991,-0.4596867263317108
1790031833648558800,9.571558837890626,-2.1380221843719482,3.907337188720703,-0.6775590777397156
1790031833658599200,9.58159912109375,-2.0853497982025146,4.714183330535889,-0.40701428055763245
1790031833668609000,9.591609130859375,-1.9560627937316895,3.112462282180786,-0.14365209639072418
1790031833678588200,9.601588134765626,-1.501164436340332,2.741360902786255,-1.091755986213684
1790031833718657800,9.64165771484375,-3.603273630142212,2.4396915435791016,-1.5298948287963867
1790031833778716400,9.70171630859375,-4.321534156799316,1.7908629179000854,-2.3319525718688965
1790031833798736000,9.72173583984375,-4.170699596405029,0.6751648783683777,-2.1499931812286377
1790031833808745700,9.731745849609375,-4.216189384460449,0.0933738648891449,-1.9560627937316895
1790031833818755600,9.741755615234375,-4.225766181945801,-0.035913024097681046,-1.7142484188079834
1790031833828734700,9.751734619140626,-4.216189384460449,-0.6943184733390808,-1.98958158493042
1790031833838775000,9.761775146484375,-3.952826976776123,-0.40222588181495667,-2.3989901542663574
1790031833848815400,9.7718154296875,-4.05817174911499,-0.4141969084739685,-2.3750481605529785
1790031833858855700,9.781855712890625,-3.6320040225982666,-0.3734954595565796,-2.2026655673980713
1790031833878875100,9.801875244140625,-3.406949043273926,-0.5889736413955688,-2.3295583724975586
1790031833888854300,9.811854248046876,-3.603273630142212,-1.1563993692398071,-2.403778553009033
1790031833898894600,9.82189453125,-3.971980571746826,-1.8339585065841675,-2.612074136734009
1790031833938933800,9.861933837890625,-2.8395233154296875,-2.454056739807129,-2.408566951751709
1790031833958892300,9.881892333984375,-3.0166940689086914,-2.2433669567108154,-2.3319525718688965
1790031834029021700,9.952021728515625,-2.3582887649536133,-3.667917013168335,-2.0183119773864746
1790031834059020300,9.982020263671876,-2.212242364883423,-4.050989151000977,-0.8523358106613159
1790031834069030100,9.992030029296876,-2.1595699787139893,-4.019864559173584,-0.871489405632019
1790031834079040000,10.0020400390625,-2.161964178085327,-4.23773717880249,-1.0582371950149536
1790031834089049600,10.012049560546876,-2.456450939178467,-4.189853191375732,-1.2761094570159912
1790031834099029000,10.022029052734375,-2.58813214302063,-3.821146011352539,-1.256955862045288
1790031834139129000,10.062129150390625,-2.363077163696289,-5.765237808227539,-0.45250412821769714
1790031834149138700,10.072138671875,-2.5737667083740234,-5.78678560256958,-0.395043283700943
1790031834159148500,10.0821484375,-2.8443117141723633,-5.872976779937744,-0.33518823981285095
1790031834169158400,10.092158447265625,-2.7078421115875244,-5.990292549133301,-0.21308395266532898
1790031834179168000,10.10216796875,-2.5522189140319824,-6.064512729644775,-0.3471592366695404
1790031834189177900,10.112177734375,-2.4803929328918457,-5.746084213256836,-0.2537853717803955
1790031834199187700,10.122187744140625,-2.3774423599243164,-5.746084213256836,-0.07661445438861847
1790031834209227800,10.132227783203126,-2.0015525817871094,-5.578489780426025,0.29209262132644653
1790031834219237600,10.142237548828126,-1.7405846118927002,-5.906495571136475,0.395043283700943
1790031834239257000,10.162257080078126,-1.6711528301239014,-5.676652431488037,0.14365209639072418
1790031834249267000,10.172266845703126,-1.886630892753601,-5.583278179168701,0.12210428714752197
1790031834259276800,10.18227685546875,-1.5921441316604614,-5.671864032745361,-0.2298433631658554
1790031834269317000,10.192317138671875,-1.335964560508728,-5.918466567993164,-0.33039984107017517
1790031834279326700,10.20232666015625,-1.558625340461731,-5.434837818145752,-0.12689268589019775
1790031834299315700,10.222315673828126,-1.2282254695892334,-4.900930881500244,-0.06464344263076782
1790031834309325600,10.23232568359375,-0.9169792532920837,-5.018246650695801,-0.08379705995321274
1790031834329375500,10.25237548828125,-0.8906430602073669,-3.7636849880218506,-0.5195417404174805
1790031834339385300,10.26238525390625,-0.9720458984375,-3.490746021270752,-0.33279404044151306
1790031834359404800,10.28240478515625,-0.8690952062606812,-4.094084739685059,0.1867477297782898
1790031834369445000,10.292445068359376,-1.3910311460494995,-3.7876269817352295,0.33758243918418884
1790031834379455000,10.302455078125,-1.6879122257232666,-3.4739866256713867,0.17717093229293823
1790031834399474400,10.322474365234376,-1.7070658206939697,-3.047818660736084,-0.47165772318840027
1790031834429503700,10.352503662109376,-2.2170307636260986,-2.118868589401245,0.1173158809542656
1790031834439483100,10.362483154296875,-2.2912509441375732,-2.535459518432617,-0.14844051003456116
1790031834449492700,10.37249267578125,-2.094926595687866,-2.497152328491211,-0.7589619159698486
1790031834459533000,10.382532958984376,-2.315192937850952,-1.6089035272598267,-1.259350061416626
1790031834469543000,10.39254296875,-2.542642116546631,-1.4772224426269531,-1.0821791887283325
1790031834479552500,10.402552490234376,-2.387019157409668,-1.8315643072128296,-0.6368576288223267
1790031834489562400,10.412562255859376,-2.5498247146606445,-1.6663644313812256,-0.7781155705451965
1790031834509551400,10.43255126953125,-2.7317841053009033,0.33997663855552673,-1.5203180313110352
1790031834529570800,10.45257080078125,-1.968033790588379,-0.7110779285430908,-1.094150185585022
1790031834549559800,10.472559814453126,-2.140416383743286,-1.659181833267212,-1.0414776802062988
1790031834559600000,10.48260009765625,-1.580173134803772,-1.1324573755264282,-1.2258312702178955
1790031834579589000,10.502589111328126,-2.011129379272461,0.12449848651885986,-1.6208745241165161
1790031834589629400,10.51262939453125,-1.9560627937316895,-0.07661445438861847,-1.7501614093780518
1790031834649749200,10.572749267578125,-1.5298948287963867,0.5889736413955688,-1.5921441316604614
1790031834719787000,10.642787109375,-2.3750481605529785,1.2210428714752197,-2.2218191623687744
1790031834739806500,10.662806396484376,-2.6839001178741455,0.5650315880775452,-1.6759412288665771
1790031834749816300,10.67281640625,-2.717418909072876,0.19393034279346466,-1.235408067703247
1790031834839934700,10.762934814453125,-1.946485996246338,-0.3974374830722809,-0.6033388376235962
1790031834879973600,10.8029736328125,-1.048660397529602,-0.181959331035614,-1.3024457693099976
1790031834889983500,10.8129833984375,-1.3910311460494995,-0.28730419278144836,-1.4939818382263184
1790031834899993300,10.822993408203125,-1.6639702320098877,0.17477671802043915,-1.4317326545715332
1790031834910033700,10.83303369140625,-1.867477297782898,0.7709329724311829,-1.0414776802062988
1790031834920012800,10.8430126953125,-1.5753847360610962,0.6847416758537292,-0.6751648783683777
1790031834930022700,10.853022705078125,-0.751779317855835,-0.10773907601833344,-0.5123591423034668
1790031834940032300,10.8630322265625,-0.2992752194404602,0.2513911724090576,-0.7637503147125244
1790031834950042000,10.8730419921875,-0.8738836050033569,-0.12210428714752197,-1.1324573755264282
1790031834960052000,10.883052001953125,-1.0845733880996704,-0.8475474119186401,-1.2234370708465576
1790031835020141000,10.94314111328125,-0.8212111592292786,0.17238251864910126,-0.1364694982767105
1790031835090270500,11.0132705078125,-0.5219359993934631,0.8164227604866028,-0.667982280254364
1790031835100280000,11.023280029296876,-0.3734954595565796,0.1364694982767105,-0.06464344263076782
1790031835110320400,11.0333203125,-0.7613561153411865,0.2561795711517334,-0.07422025501728058
1790031835130370600,11.05337060546875,-1.213860273361206,0.3232172429561615,-1.1300631761550903
1790031835140410600,11.06341064453125,-1.0606313943862915,0.26096799969673157,-0.8523358106613159
1790031835150420500,11.07342041015625,-1.1037269830703735,-0.031124621629714966,-0.7206547260284424
1790031835160430300,11.083430419921875,-1.194706678390503,-0.035913024097681046,-0.6177040338516235
1790031835170440000,11.09343994140625,-1.2832920551300049,-0.3471592366695404,-0.7422025203704834
1790031835180419300,11.10341943359375,-1.2186486721038818,-0.6009446382522583,-0.7015010714530945
1790031835200500000,11.1235,-1.3646949529647827,-0.3711012601852417,-0.6344634294509888
1790031835220519400,11.14351953125,-0.5626373887062073,-0.667982280254364,-0.31842881441116333
1790031835230559700,11.153559814453125,-0.4381389021873474,-0.24899697303771973,-0.9792284965515137
1790031835240569300,11.1635693359375,-0.7015010714530945,0.13407529890537262,-1.113303780555725
1790031835250579200,11.1735791015625,-0.912190854549408,0.05985504388809204,-0.5817909836769104
1790031835270629400,11.19362939453125,-0.6943184733390808,-0.2801215946674347,-0.5171475410461426
1790031835280639000,11.203638916015626,-0.8379706144332886,-0.727837324142456,-0.8236053586006165
1790031835290648800,11.21364892578125,-0.9313444495201111,-0.9289502501487732,-0.7374141216278076
1790031835310668300,11.233668212890626,-0.727837324142456,-1.0749965906143188,-0.5051765441894531
1790031835320708600,11.24370849609375,-0.6129156351089478,-0.8475474119186401,-0.23702596127986908
1790031835340697600,11.263697509765626,-0.47405192255973816,-0.05267243832349777,-0.42616790533065796
1790031835360717000,11.283717041015626,-0.24181437492370605,-0.6751648783683777,-0.3878606855869293
1790031835370696400,11.293696533203125,-0.19871874153614044,-0.8188169598579407,-0.24899697303771973
1790031835380736800,11.30373681640625,-0.10295066982507706,-0.5937620401382446,-0.28969839215278625
1790031835400756200,11.323756103515626,-0.2825157940387726,-0.8068459630012512,-0.13407529890537262
1790031835420775700,11.343775634765626,-0.24899697303771973,-0.38067805767059326,-0.07900865375995636
1790031835430785500,11.35378564453125,-0.2944868206977844,-0.3016694188117981,-0.1364694982767105
1790031835450805000,11.373804931640626,-0.35913026332855225,-0.11971008777618408,-0.1843535304069519
1790031835510833200,11.433833251953125,-0.5410895943641663,-0.3423708379268646,-0.019153613597154617
1790031835520842800,11.4438427734375,-0.5650315880775452,-0.2561795711517334,-0.11252748221158981
1790031835590911200,11.5139111328125,-0.06224924325942993,-0.12689268589019775,0.047884032130241394
1790031835661010200,11.58401025390625,-0.27054479718208313,0.2082955539226532,0.22505496442317963
1790031835671019800,11.594019775390626,-0.3232172429561615,-0.06224924325942993,0.363918662071228
1790031835681029600,11.604029541015626,-0.023942016065120697,0.363918662071228,0.3232172429561615
1790031835691039500,11.61403955078125,-0.1149216815829277,0.569819986820221,0.3974374830722809
1790031835701049000,11.624049072265626,-0.038307227194309235,0.6823474764823914,0.608127236366272
1790031835711059000,11.634058837890626,-0.1628057211637497,1.1420341730117798,0.507570743560791
1790031835721068800,11.64406884765625,-0.2585737705230713,1.3646949529647827,0.4118026793003082
1790031835731078400,11.654078369140626,-0.12928688526153564,1.4389152526855469,0.4118026793003082
1790031835741088300,11.664088134765626,-0.22026655077934265,1.5131354331970215,0.4908113479614258
1790031835751098000,11.67409814453125,-0.29209262132644653,1.6041151285171509,0.3878606855869293
1790031835761107700,11.684107666015626,-0.3495534360408783,1.9847931861877441,0.3016694188117981
1790031835771117600,11.69411767578125,-0.40462008118629456,2.4875755310058594,0.5267243981361389
1790031835821196800,11.74419677734375,-1.3215993642807007,4.062960147857666,-0.2298433631658554
1790031835851226000,11.77422607421875,-1.5969325304031372,4.326322555541992,-0.811634361743927
1790031835861236000,11.784236083984375,-1.5203180313110352,4.410119533538818,-1.1444283723831177
1790031835871245800,11.794245849609375,-1.3072341680526733,4.716577529907227,-1.0869675874710083
1790031835881255400,11.80425537109375,-1.1875240802764893,4.216189384460449,-0.8427590131759644
1790031835891234800,11.81423486328125,-1.2832920551300049,4.015076160430908,-0.6344634294509888
1790031835901305600,11.8243056640625,-1.4915876388549805,3.713406801223755,-0.7852981686592102
1790031835911315200,11.834315185546876,-1.522712230682373,2.7509377002716064,-0.7374141216278076
1790031835921325000,11.844324951171876,-1.6352397203445435,2.832340717315674,-0.9169792532920837
1790031835931304200,11.85430419921875,-1.9608511924743652,3.162740468978882,-1.292868971824646
1790031835941314000,11.86431396484375,-2.0661959648132324,3.205836057662964,-1.2497732639312744
1790031835961333500,11.88433349609375,-1.8555063009262085,2.999934673309326,-1.434126853942871
1790031835971343400,11.89434326171875,-1.8076223134994507,2.5737667083740234,-1.137245774269104
1790031835991393500,11.9143935546875,-2.5258827209472656,2.0661959648132324,-1.4437036514282227
1790031836011382500,11.934382568359375,-2.806004285812378,2.0901381969451904,-1.9297266006469727
1790031836021392100,11.94439208984375,-2.6886885166168213,1.7860745191574097,-1.6974890232086182
1790031836051391000,11.974390869140626,-2.6360161304473877,1.1276689767837524,-1.8818424940109253
1790031836081389800,12.004389892578125,-2.7461493015289307,0.2825157940387726,-1.6663644313812256
1790031836091430100,12.01443017578125,-2.801215887069702,0.6536170840263367,-2.0805611610412598
1790031836111449600,12.03444970703125,-2.7437551021575928,0.10295066982507706,-1.941697597503662
1790031836131499500,12.05449951171875,-3.1651346683502197,-0.35913026332855225,-1.889025092124939
1790031836141509400,12.06450927734375,-2.695871114730835,-1.0319008827209473,-1.680729627609253
1790031836171538700,12.09453857421875,-3.2776620388031006,-0.7206547260284424,-2.2385785579681396
1790031836191558100,12.11455810546875,-2.999934673309326,-0.5386953949928284,-1.8387469053268433
1790031836241607000,12.16460693359375,-2.892195701599121,-1.3000515699386597,-1.8483237028121948
1790031836261657000,12.184656982421876,-3.205836057662964,-1.5921441316604614,-1.8363527059555054
1790031836281646000,12.20464599609375,-2.3942017555236816,-1.7549498081207275,-1.53707754611969
1790031836301696300,12.2246962890625,-2.161964178085327,-1.9273324012756348,-1.625662922859192
1790031836341735200,12.264735107421876,-2.142810583114624,-1.6663644313812256,-1.414973258972168
1790031836371825700,12.29482568359375,-1.7908629179000854,-2.497152328491211,-1.4173674583435059
1790031836421905000,12.34490478515625,-1.9369091987609863,-2.8993782997131348,-1.05105459690094
1790031836481963500,12.404963623046875,-2.0231003761291504,-3.6343982219696045,-0.6033388376235962
1790031836532042800,12.455042724609376,-2.1930887699127197,-4.809951305389404,-0.3926490843296051
1790031836562041600,12.48504150390625,-1.7094600200653076,-4.527435302734375,-0.021547814831137657
1790031836572082000,12.49508203125,-1.7549498081207275,-4.436455726623535,0.10055647045373917
1790031836612182000,12.53518212890625,-1.436521053314209,-5.1116204261779785,0.12689268589019775
1790031836632232000,12.55523193359375,-0.7948749661445618,-4.422090530395508,-0.05267243832349777
1790031836702361300,12.625361328125,-1.2761094570159912,-4.220977783203125,-0.47644615173339844
1790031836762420000,12.685419921875,-1.6927006244659424,-3.0119056701660156,-0.45010992884635925
1790031836792449300,12.71544921875,-1.5634137392044067,-2.5905263423919678,-0.363918662071228
1790031836802459100,12.725459228515625,-1.6208745241165161,-2.360682964324951,-0.26336219906806946
1790031836812468700,12.73546875,-1.8148049116134644,-2.2170307636260986,-0.2753331959247589
1790031836822448000,12.7454482421875,-1.8986018896102905,-1.6136919260025024,-0.47884035110473633
1790031836842498000,12.765498046875,-1.7717092037200928,-1.436521053314209,-0.8906430602073669
1790031836852508000,12.7755078125,-1.5897499322891235,-1.3886369466781616,-0.9409212470054626
1790031836872527400,12.79552734375,-1.9847931861877441,-1.5059528350830078,-0.9385270476341248
1790031836882537200,12.805537109375,-1.9823989868164062,-1.1827356815338135,-0.9074024558067322
1790031836892547000,12.815547119140625,-2.1523873805999756,-0.7829039692878723,-1.0534487962722778
1790031836902587400,12.82558740234375,-2.300827741622925,-1.0247182846069336,-1.192312479019165
1790031836912597000,12.835596923828126,-2.300827741622925,-0.7350199222564697,-1.4077905416488647
1790031837002685000,12.925684814453126,-2.097320795059204,0.19871874153614044,-1.2330138683319092
1790031837012694800,12.93569482421875,-1.9823989868164062,0.6512228846549988,-1.036689281463623
1790031837022704400,12.945704345703126,-1.601720929145813,0.12689268589019775,-0.9217676520347595
1790031837052764200,12.97576416015625,-2.075772762298584,-0.5913678407669067,-1.0079588890075684
1790031837062804500,12.985804443359376,-2.207453966140747,-0.06464344263076782,-1.1803414821624756
1790031837072814300,12.995814453125,-2.126051187515259,0.038307227194309235,-1.0247182846069336
1790031837092833800,13.015833740234376,-1.4772224426269531,1.2018892765045166,-1.039083480834961
1790031837102843600,13.02584375,-1.6735470294952393,1.115697979927063,-1.3958195447921753
1790031837112853500,13.035853515625,-1.4460978507995605,0.6033388376235962,-1.2234370708465576
1790031837122893600,13.0458935546875,-1.4413094520568848,0.43095630407333374,-1.072602391242981
1790031837172911900,13.095911865234376,-1.2401964664459229,0.9576807022094727,-0.8930372595787048
1790031837182952200,13.1059521484375,-1.235408067703247,0.6033388376235962,-0.8044517636299133
1790031837192962000,13.115962158203125,-1.170764684677124,0.4620809257030487,-0.6943184733390808
1790031837273101000,13.19610107421875,-0.8930372595787048,0.14844051003456116,-0.5961562395095825
1790031837313170700,13.236170654296876,-0.6033388376235962,0.7015010714530945,-0.6560112833976746
1790031837323211000,13.2462109375,-1.0055646896362305,0.6368576288223267,-1.0223240852355957
1790031837333190400,13.2561904296875,-0.8619126081466675,0.27054479718208313,-0.8331822156906128
1790031837343230500,13.26623046875,-0.5339069962501526,0.2059013396501541,-0.33758243918418884
1790031837353240300,13.276240234375,-0.4812345504760742,0.4836287498474121,-0.24181437492370605
1790031837363311000,13.28631103515625,-0.22266076505184174,0.9959878921508789,-0.3256114423274994
1790031837373321000,13.296321044921875,-0.1364694982767105,1.2042834758758545,-0.31842881441116333
1790031837383330600,13.30633056640625,-0.33518823981285095,0.9959878921508789,-0.5937620401382446
1790031837393310000,13.31631005859375,-0.586579442024231,0.4572925269603729,-0.5793967843055725
1790031837423369700,13.34636962890625,-0.790086567401886,-0.31842881441116333,-0.09576806426048279
1790031837433410000,13.35641015625,-0.7829039692878723,-0.272938996553421,-0.1149216815829277
1790031837443450400,13.366450439453125,-0.608127236366272,0.36152446269989014,-0.3208230137825012
1790031837453460000,13.3764599609375,-0.5961562395095825,0.667982280254364,-0.22744916379451752
1790031837473479700,13.396479736328125,-0.5578489899635315,0.6799532771110535,-0.2298433631658554
1790031837533629700,13.456629638671876,-0.3878606855869293,-0.4812345504760742,-0.08858546614646912
1790031837553680000,13.476679931640625,0.011971008032560349,0.42377370595932007,-0.33518823981285095
1790031837583770000,13.50677001953125,-0.5147533416748047,0.22505496442317963,0.17477671802043915
1790031837593780000,13.516780029296875,-0.6560112833976746,-0.12449848651885986,0.019153613597154617
1790031837613799400,13.53679931640625,-0.8786720037460327,-0.6153098344802856,-0.1364694982767105
1790031837623809300,13.546809326171875,-0.47884035110473633,-0.8092401623725891,-0.2825157940387726
1790031837633819000,13.55681884765625,-0.31364041566848755,0.181959331035614,-0.2585737705230713
1790031837643859200,13.566859130859376,-0.5889736413955688,0.5051765441894531,-0.1843535304069519
1790031837653899500,13.5768994140625,-0.7134721279144287,0.2753331959247589,-0.023942016065120697
1790031837663909400,13.586909423828125,-0.507570743560791,0.2513911724090576,0.014365210197865963
1790031837673919000,13.5969189453125,-0.5817909836769104,0.090979665517807,-0.0454898327589035
1790031837683959300,13.606959228515626,-0.8259995579719543,-0.31364041566848755,-0.2322375625371933
1790031837693969200,13.61696923828125,-0.8259995579719543,-0.6847416758537292,-0.1173158809542656
1790031837744018000,13.667017822265626,-0.3711012601852417,-0.2059013396501541,-0.09576806426048279
1790031837754027800,13.67702783203125,-0.3423708379268646,-0.12689268589019775,-0.2346317619085312
1790031837764037400,13.687037353515626,-0.3663128614425659,-0.2561795711517334,-0.395043283700943
1790031837774047200,13.697047119140626,-0.44532153010368347,-0.4572925269603729,-0.3998316824436188
1790031837784057000,13.70705712890625,-0.5267243981361389,-0.4692635238170624,-0.2777273952960968
1790031837804107000,13.72710693359375,-0.5315127968788147,0.019153613597154617,-0.31364041566848755
1790031837824126500,13.74712646484375,-0.28730419278144836,0.1364694982767105,-0.23942017555236816
1790031837884185000,13.80718505859375,-0.7781155705451965,-0.38546648621559143,-0.06464344263076782
1790031837894225400,13.817225341796876,-0.7972691655158997,-0.3447650372982025,0.1364694982767105
1790031837914214400,13.83721435546875,-0.4165911078453064,-0.31842881441116333,0.0454898327589035
1790031837924254700,13.847254638671876,-0.3734954595565796,-0.15801730751991272,-0.1388636976480484
1790031837934234000,13.857234130859375,-0.4141969084739685,0.17477671802043915,-0.19153612852096558
1790031837944274200,13.867274169921876,-0.2968810200691223,0.11252748221158981,-0.07900865375995636
1790031837954253600,13.877253662109375,-0.1173158809542656,0.1628057211637497,0.13407529890537262
1790031837984343800,13.90734375,-0.35913026332855225,-0.06224924325942993,0.07900865375995636
1790031837994353700,13.917353759765625,-0.21308395266532898,-0.3471592366695404,0.15801730751991272
1790031838004363300,13.92736328125,-0.3423708379268646,-0.17956513166427612,-0.019153613597154617
1790031838014403600,13.937403564453126,-0.42377370595932007,-0.12449848651885986,-0.1388636976480484
1790031838094542800,14.01754296875,-0.3974374830722809,0.07182604819536209,-0.016759412363171577
1790031838154601500,14.0776015625,-0.24420857429504395,-0.33997663855552673,0.667982280254364
1790031838164611000,14.087611083984376,-0.21547815203666687,-0.009576806798577309,0.5770025849342346
1790031838184630800,14.107630859375,-0.3519476354122162,0.5650315880775452,0.3711012601852417
1790031838194640400,14.117640380859376,-0.2322375625371933,0.6416460275650024,0.304063618183136
1790031838204650200,14.127650146484376,-0.30885201692581177,0.5482721924781799,0.6368576288223267
1790031838214721000,14.137720947265626,-0.29209262132644653,0.9313444495201111,0.7876923680305481
1790031838224731000,14.14773095703125,-0.5027823448181152,0.9481038451194763,0.7733271718025208
1790031838234771200,14.157771240234375,-0.3232172429561615,1.161187767982483,0.727837324142456
1790031838244811300,14.167811279296876,-0.30885201692581177,1.3335703611373901,0.5746083855628967
1790031838254790700,14.177790771484375,-0.35673606395721436,1.2282254695892334,0.6153098344802856
1790031838284850400,14.207850341796876,-0.5722141861915588,1.7094600200653076,0.7326257228851318
1790031838294860300,14.2178603515625,-0.5410895943641663,1.9632453918457031,0.7182605266571045
1790031838304839400,14.22783935546875,-0.27054479718208313,2.233790159225464,0.4644751250743866
1790031838314849300,14.237849365234375,-0.33039984107017517,2.4396915435791016,0.3878606855869293
1790031838324859000,14.24785888671875,-0.4572925269603729,2.4875755310058594,0.29209262132644653
1790031838344939500,14.267939453125,-0.4644751250743866,2.3965959548950195,0.5099649429321289
1790031838354949400,14.277949462890625,-0.5434837937355042,2.0422539710998535,0.38307225704193115
1790031838364959000,14.287958984375,-0.8068459630012512,2.2457611560821533,0.07422025501728058
1790031838374968800,14.29796875,-1.161187767982483,2.2385785579681396,-0.3998316824436188
1790031838395019000,14.31801904296875,-0.9816226959228516,2.365471363067627,-0.1364694982767105
1790031838415069000,14.33806884765625,-0.9145850539207458,3.177105665206909,-0.17477671802043915
1790031838425078800,14.348078857421875,-1.0797849893569946,3.378218650817871,-0.363918662071228
1790031838435058000,14.358057861328126,-0.9816226959228516,3.3854012489318848,-0.6991068720817566
1790031838445098200,14.36809814453125,-0.9816226959228516,3.3279404640197754,-0.6009446382522583
1790031838455138600,14.378138671875,-1.0342950820922852,2.7317841053009033,-0.15083470940589905
1790031838515166700,14.438166748046875,-2.4588451385498047,2.6455929279327393,-0.6847416758537292
1790031838525176300,14.44817626953125,-2.408566951751709,2.715024709701538,-0.7637503147125244
1790031838535186200,14.458186279296875,-2.3702597618103027,2.561795711517334,-1.048660397529602
1790031838545196000,14.468196044921875,-2.3942017555236816,2.650381326675415,-1.1300631761550903
1790031838555205600,14.47820556640625,-2.674323320388794,2.913743495941162,-1.5059528350830078
1790031838565215500,14.488215576171875,-3.1244332790374756,3.421314239501953,-1.6974890232086182
1790031838585235000,14.50823486328125,-4.0964789390563965,4.067748546600342,-1.941697597503662
1790031838595214300,14.51821435546875,-3.56017804145813,2.9951462745666504,-1.3024457693099976
1790031838605254400,14.52825439453125,-2.853888511657715,2.6168625354766846,-0.48602294921875
1790031838615264300,14.53826416015625,-2.7246015071868896,2.279279947280884,0.0454898327589035
1790031838625274000,14.548274169921875,-3.138798475265503,1.6208745241165161,-0.3471592366695404
1790031838635283700,14.55828369140625,-3.6990416049957275,0.8810662031173706,-1.3407529592514038
1790031838645293600,14.56829345703125,-3.550601005554199,0.5099649429321289,-1.946485996246338
1790031838655334000,14.578333984375,-3.155557870864868,0.4596867263317108,-1.7693150043487549
1790031838665374200,14.588374267578125,-3.0166940689086914,0.18914192914962769,-1.2473790645599365
1790031838675383800,14.5983837890625,-2.7700912952423096,0.49799394607543945,-1.2330138683319092
1790031838685424000,14.608424072265626,-2.8874073028564453,1.0342950820922852,-1.525106430053711
1790031838695434000,14.61843408203125,-3.004723072052002,1.2234370708465576,-1.8171991109848022
1790031838705443600,14.628443603515626,-3.315969467163086,1.0893617868423462,-1.9153614044189453
1790031838715453400,14.638453369140626,-3.3901896476745605,0.6416460275650024,-2.0015525817871094
1790031838725493800,14.64849365234375,-3.2178070545196533,-0.07661445438861847,-2.078166961669922
1790031838735503600,14.658503662109375,-2.829946517944336,-0.42616790533065796,-2.0015525817871094
1790031838755492600,14.67849267578125,-2.7916390895843506,0.19153612852096558,-2.3271639347076416
1790031838765563400,14.6885634765625,-3.1076738834381104,0.28969839215278625,-2.3056161403656006
1790031838785552400,14.708552490234375,-3.134010076522827,-0.7541735172271729,-2.1045033931732178
1790031838805633000,14.728633056640625,-2.980781078338623,-2.2601263523101807,-2.0925323963165283
1790031838815673000,14.738673095703126,-3.265691041946411,-2.3989901542663574,-2.3582887649536133
1790031838835723300,14.75872314453125,-2.9472622871398926,-1.9823989868164062,-2.123656988143921
1790031838865752600,14.788752685546875,-2.4612393379211426,-2.4612393379211426,-2.3774423599243164
1790031838895812400,14.818812255859376,-1.778891921043396,-2.5713725090026855,-2.5498247146606445
1790031838905852700,14.828852783203125,-2.3032219409942627,-2.719813108444214,-2.229001760482788
1790031838935943000,14.85894287109375,-3.3303346633911133,-4.302380561828613,-1.6687586307525635
1790031838945952800,14.868952880859375,-3.117250680923462,-4.95120906829834,-1.4963760375976562
1790031838955993000,14.8789931640625,-2.9712042808532715,-4.216189384460449,-1.436521053314209
1790031838966033400,14.889033447265625,-2.784456491470337,-3.797203779220581,-1.1109095811843872
1790031838976043000,14.89904296875,-2.322375535964966,-3.804386615753174,-1.048660397529602
1790031839026153000,14.949153076171875,-2.9735984802246094,-4.122815132141113,-1.0127472877502441
1790031839036162800,14.959162841796875,-2.2601263523101807,-4.663905143737793,-0.9768342971801758
1790031839046203000,14.969202880859376,-1.8770540952682495,-4.496310710906982,-0.5339069962501526
1790031839066222600,14.98922265625,-2.0805611610412598,-3.869029998779297,-0.3519476354122162
1790031839086272500,15.0092724609375,-1.623268723487854,-4.4723687171936035,-0.13168109953403473
1790031839096282400,15.019282470703125,-1.7046716213226318,-5.243301868438721,0.13407529890537262
1790031839106292200,15.029292236328125,-1.5442601442337036,-5.78678560256958,0.26336219906806946
1790031839166534000,15.089533935546875,-1.6280571222305298,-5.015852451324463,-0.11013327538967133
1790031839176543500,15.09954345703125,-1.7405846118927002,-4.917690277099609,-0.35673606395721436
1790031839186523000,15.10952294921875,-1.5059528350830078,-4.752490520477295,-0.15801730751991272
1790031839226684000,15.149683837890626,-1.2665326595306396,-4.0749311447143555,-0.272938996553421
1790031839236693800,15.15969384765625,-1.4508862495422363,-3.73016619682312,-0.30885201692581177
1790031839246703400,15.169703369140626,-1.8411411046981812,-3.450044631958008,-0.11252748221158981
1790031839256713200,15.179713134765626,-1.6184803247451782,-3.7636849880218506,0
1790031839266723000,15.18972314453125,-1.3431471586227417,-3.600879430770874,-0.1364694982767105
1790031839276732700,15.199732666015626,-1.8100165128707886,-3.3303346633911133,-0.2513911724090576
1790031839286742500,15.209742431640626,-2.2026655673980713,-3.4308910369873047,-0.3232172429561615
1790031839316832800,15.239832763671876,-2.2170307636260986,-2.2816741466522217,-0.7230489253997803
1790031839326842600,15.249842529296876,-2.118868589401245,-2.2242133617401123,-0.7493851184844971
1790031839336883000,15.259883056640625,-1.946485996246338,-2.0877439975738525,-0.7613561153411865
1790031839346892800,15.269892822265625,-2.1739351749420166,-1.8363527059555054,-0.689530074596405
1790031839356902400,15.27990234375,-2.4875755310058594,-2.008735179901123,-0.5578489899635315
1790031839387023400,15.3100234375,-1.922544002532959,-1.091755986213684,-1.1803414821624756
1790031839397033000,15.320032958984376,-1.8100165128707886,-0.9313444495201111,-1.292868971824646
1790031839447173400,15.37017333984375,-2.846705913543701,-0.6153098344802856,-1.2449848651885986
1790031839457183200,15.380183349609375,-2.3918075561523438,0.040701430290937424,-1.6663644313812256
1790031839487304000,15.410303955078126,-1.8315643072128296,-1.5275006294250488,-1.2114660739898682
1790031839527404000,15.450404052734376,-3.002328872680664,-0.20350714027881622,-1.6112977266311646
1790031839547454200,15.4704541015625,-2.3774423599243164,-0.4429273009300232,-1.278503656387329
1790031839557494500,15.48049462890625,-2.6001031398773193,0.3256114423274994,-1.50355863571167
1790031839567504400,15.49050439453125,-2.717418909072876,0.20350714027881622,-1.656787633895874
1790031839577514000,15.500513916015626,-2.557007312774658,0.7541735172271729,-1.4077905416488647
1790031839587554300,15.51055419921875,-2.3127987384796143,1.292868971824646,-1.1827356815338135
1790031839597594600,15.5205947265625,-2.1045033931732178,0.6847416758537292,-1.1085153818130493
1790031839607604500,15.5306044921875,-2.5067291259765625,0.363918662071228,-1.1875240802764893
1790031839637694700,15.56069482421875,-2.607285737991333,1.0007762908935547,-0.9959878921508789
1790031839657714200,15.580714111328126,-1.9943699836730957,0.8547300100326538,-0.6512228846549988
1790031839667724000,15.59072412109375,-1.6184803247451782,-0.26336219906806946,-0.6919242739677429
1790031839677764400,15.600764404296875,-1.9105730056762695,0.038307227194309235,-1.05105459690094
1790031839687774000,15.61077392578125,-2.473210334777832,0.545877993106842,-1.3096283674240112
1790031839697783800,15.62078369140625,-2.387019157409668,0.2082955539226532,-1.3000515699386597
1790031839707824000,15.63082421875,-1.8267759084701538,0.5482721924781799,-1.1779472827911377
1790031839727874000,15.6508740234375,-1.4652514457702637,0.45489832758903503,-1.0342950820922852
1790031839737884000,15.6608837890625,-1.1875240802764893,0.8188169598579407,-1.0414776802062988
1790031839757933800,15.680933837890626,-1.5442601442337036,1.0773907899856567,-1.434126853942871
1790031839777984000,15.70098388671875,-1.5705963373184204,0.5219359993934631,-0.9145850539207458
1790031839818084000,15.741083984375,-1.292868971824646,0.4213795065879822,-1.1324573755264282
1790031839828094000,15.751093994140625,-1.1971008777618408,0.48602294921875,-1.2330138683319092
1790031839838103600,15.761103515625,-1.1779472827911377,0.3232172429561615,-1.05105459690094
1790031839848113400,15.771113525390625,-1.1971008777618408,0.4884171485900879,-0.9840168952941895
1790031839858153700,15.78115380859375,-1.213860273361206,0.5339069962501526,-1.0558429956436157
1790031839868163300,15.791163330078126,-0.871489405632019,0.9624691009521484,-1.0893617868423462
1790031839878173200,15.801173095703126,-1.0223240852355957,1.2401964664459229,-1.2617442607879639
1790031839888183000,15.81118310546875,-1.1204863786697388,0.8379706144332886,-1.3862427473068237
1790031839898192600,15.821192626953126,-1.1061211824417114,0.1604115068912506,-1.1348515748977661
1790031839908202500,15.831202392578126,-1.2545616626739502,-0.2849099934101105,-1.0007762908935547
1790031839918242800,15.841242919921875,-1.4484920501708984,-0.6991068720817566,-0.933738648891449
1790031839958312400,15.8813125,-1.1827356815338135,0.5506663918495178,-0.8523358106613159
1790031839968352800,15.891352783203125,-1.256955862045288,0.45489832758903503,-1.1420341730117798
1790031839988433200,15.91143310546875,-1.158793568611145,0.5051765441894531,-0.4189853072166443
1790031839998443000,15.921443115234375,-1.216254472732544,-0.023942016065120697,-0.47884035110473633
1790031840008452900,15.931452880859375,-1.2401964664459229,-0.38067805767059326,-0.4692635238170624
1790031840018462500,15.94146240234375,-1.1755530834197998,-0.768538773059845,-0.42377370595932007
1790031840028502800,15.951502685546876,-1.072602391242981,-0.5410895943641663,-0.6009446382522583
1790031840048553000,15.971552978515625,-0.6607996821403503,0.17238251864910126,-0.5147533416748047
1790031840058562600,15.9815625,-0.5099649429321289,0.3064578175544739,-0.6224924325942993
1790031840068603000,15.991602783203126,-0.6871358752250671,0.1867477297782898,-0.9217676520347595
1790031840078643200,16.001643310546875,-0.7589619159698486,-0.05506663769483566,-0.8643068075180054
1790031840088653000,16.011653076171875,-0.5602431893348694,-0.15083470940589905,-0.5530605912208557
1790031840098693000,16.021693115234374,-0.9193734526634216,-0.16759411990642548,-0.4213795065879822
1790031840108703000,16.031702880859374,-0.9552865028381348,-0.5985504388809204,-0.2059013396501541
1790031840128722400,16.051722412109374,-0.871489405632019,-0.5410895943641663,-0.43335050344467163
1790031840138793200,16.061793212890624,-0.9313444495201111,-0.7924807667732239,-0.6991068720817566
1790031840158813000,16.08181298828125,-0.8475474119186401,-0.45010992884635925,-0.49559974670410156
1790031840168822500,16.091822509765624,-0.6392518281936646,-0.23702596127986908,-0.35434186458587646
1790031840178862800,16.10186279296875,-0.6607996821403503,-0.28969839215278625,-0.45010992884635925
1790031840188872700,16.111872802734375,-0.768538773059845,-0.38546648621559143,-0.40701428055763245
1790031840208892200,16.13189208984375,-0.6344634294509888,-0.4836287498474121,-0.028730420395731926
1790031840218963000,16.141962890625,-0.5841852426528931,-0.4884171485900879,-0.0933738648891449
1790031840229003300,16.152003173828124,-0.49799394607543945,-0.45010992884635925,-0.4836287498474121
1790031840239043600,16.162043701171875,-0.4836287498474121,-0.7469909191131592,-0.545877993106842
1790031840259124200,16.182124267578125,-0.849941611289978,-0.22744916379451752,-0.2513911724090576
1790031840269133800,16.1921337890625,-0.9911994934082031,-0.5961562395095825,0.07422025501728058
1790031840289184000,16.21218408203125,-0.6129156351089478,-0.4620809257030487,0
1790031840299163100,16.2221630859375,-0.7110779285430908,-0.40462008118629456,-0.08858546614646912
1790031840319243800,16.242243896484375,-0.47644615173339844,-0.11971008777618408,-0.49320554733276367
1790031840339263200,16.26226318359375,-0.31603461503982544,0.28969839215278625,-0.272938996553421
1790031840349273000,16.272273193359375,-0.4596867263317108,0.1628057211637497,-0.06224924325942993
1790031840359283000,16.282282958984375,-0.19393034279346466,-0.21787235140800476,-0.2346317619085312
1790031840369292500,16.29229248046875,-0.1149216815829277,-0.2346317619085312,-0.24181437492370605
1790031840379272000,16.30227197265625,-0.3711012601852417,-0.3902548849582672,-0.2992752194404602
1790031840389312000,16.31231201171875,-0.4836287498474121,-0.49559974670410156,-0.26575639843940735
1790031840399321900,16.32232177734375,-0.3734954595565796,-0.38546648621559143,-0.24899697303771973
1790031840419372000,16.3423720703125,-0.38546648621559143,-0.035913024097681046,-0.05985504388809204
1790031840429381600,16.352381591796874,-0.31364041566848755,-0.10534487664699554,-0.019153613597154617
1790031840439422000,16.362421875,-0.15083470940589905,0.014365210197865963,-0.06703764945268631
1790031840449431800,16.372431884765625,-0.15083470940589905,-0.07422025501728058,-0.16759411990642548
1790031840479491600,16.40249169921875,-0.2059013396501541,0.10055647045373917,-0.05506663769483566
1790031840489501400,16.41250146484375,-0.17717093229293823,0.009576806798577309,-0.15562310814857483
1790031840509551400,16.43255126953125,-0.272938996553421,0.3998316824436188,0.07182604819536209
1790031840529632000,16.452632080078125,-0.3519476354122162,-0.009576806798577309,0.19871874153614044
1790031840539641600,16.4626416015625,-0.4429273009300232,0.10055647045373917,0.1843535304069519
1790031840549621000,16.47262109375,-0.4405331015586853,-0.014365210197865963,0.3495534360408783
1790031840599731000,16.52273095703125,-0.1149216815829277,0.4189853072166443,0.2825157940387726
1790031840639861500,16.562861572265625,-0.26096799969673157,0.05506663769483566,0.5339069962501526
1790031840709960200,16.632960205078124,-0.1843535304069519,0.38067805767059326,0.24420857429504395
1790031840790130000,16.7131298828125,0.6799532771110535,2.8203697204589844,-0.6248866319656372
1790031840840209400,16.76320947265625,-1.1803414821624756,1.7932571172714233,-0.8092401623725891
1790031840910338800,16.8333388671875,-1.3670891523361206,3.3279404640197754,-0.6703764796257019
1790031840990569500,16.913569580078125,-2.3080103397369385,1.8626888990402222,-0.629675030708313
1790031841040648700,16.963648681640624,-2.5713725090026855,1.946485996246338,-1.5275006294250488
1790031841050658600,16.973658447265624,-2.8395233154296875,1.6855180263519287,-1.2186486721038818
1790031841060668400,16.98366845703125,-2.6575639247894287,1.7142484188079834,-1.1971008777618408
1790031841070708500,16.99370849609375,-2.6647465229034424,1.5873557329177856,-1.4269442558288574
1790031841080748800,17.003748779296874,-2.9759926795959473,1.3646949529647827,-1.6089035272598267
1790031841090789000,17.0137890625,-2.87064790725708,0.9241618514060974,-1.381454348564148
1790031841100799000,17.023799072265625,-2.4181437492370605,1.3479355573654175,-1.1635819673538208
1790031841110808600,17.03380859375,-2.4851813316345215,2.2864625453948975,-1.235408067703247
1790031841120849000,17.043848876953124,-2.513911724090576,1.5442601442337036,-1.0869675874710083
1790031841130858800,17.053858642578124,-2.2457611560821533,0.9816226959228516,-1.3192051649093628
1790031841140868600,17.06386865234375,-2.3104045391082764,1.192312479019165,-1.577778935432434
1790031841150908700,17.07390869140625,-2.4013843536376953,0.6655880808830261,-1.7717092037200928
1790031841160918500,17.08391845703125,-2.4205379486083984,0,-1.7190368175506592
1790031841170958800,17.093958740234374,-2.3558945655822754,0.2777273952960968,-1.6352397203445435
1790031841180999200,17.103999267578125,-2.4205379486083984,0.0694318488240242,-1.6687586307525635
1790031841191008800,17.1140087890625,-2.1380221843719482,0.035913024097681046,-1.6136919260025024
1790031841201018600,17.1240185546875,-2.2457611560821533,0.42377370595932007,-1.4317326545715332
1790031841211028500,17.134028564453125,-2.164358377456665,-0.9265560507774353,-1.359906554222107
1790031841231078400,17.154078369140624,-2.1715409755706787,-0.5674257874488831,-2.0159177780151367
1790031841241118700,17.16411865234375,-2.274491548538208,-0.6799532771110535,-2.0853497982025146
1790031841251128600,17.174128662109375,-2.1045033931732178,-0.912190854549408,-2.212242364883423
1790031841261169000,17.1841689453125,-1.9752163887023926,-0.6272808313369751,-2.4157495498657227
1790031841271209200,17.194209228515625,-2.298433542251587,-0.14604631066322327,-2.4013843536376953
1790031841361327600,17.28432763671875,-2.319981336593628,-2.779668092727661,-1.886630892753601
1790031841411406800,17.33440673828125,-1.45806884765625,-3.112462282180786,-1.5275006294250488
1790031841491546000,17.414546142578125,-2.4636335372924805,-3.4787750244140625,-1.4867992401123047
1790031841571654700,17.494654541015624,-1.9847931861877441,-4.4939165115356445,-0.4884171485900879
1790031841611724300,17.534724365234375,-1.3982137441635132,-5.453991413116455,-0.21787235140800476
1790031841661803500,17.584803466796874,-1.3048399686813354,-4.98472785949707,0.17238251864910126
1790031841731841500,17.654841552734375,-0.8427590131759644,-4.577713489532471,0.07182604819536209
1790031841761931800,17.684931884765625,-1.1037269830703735,-3.77565598487854,-0.10773907601833344
1790031841771941600,17.694941650390625,-0.8068459630012512,-3.7708675861358643,-0.26336219906806946
1790031841791961000,17.714961181640625,-1.4437036514282227,-3.1651346683502197,-0.028730420395731926
1790031841801970700,17.724970703125,-1.3072341680526733,-3.0621838569641113,0.07900865375995636
1790031841862090500,17.785090576171875,-2.583343744277954,-2.5091233253479004,-0.8643068075180054
1790031841872130800,17.795130859375,-2.8826189041137695,-2.322375535964966,-1.0845733880996704
1790031841902160100,17.82516015625,-2.212242364883423,-0.7876923680305481,-1.2737152576446533
1790031841972320000,17.895320068359375,-2.784456491470337,-0.751779317855835,-1.4293384552001953
1790031841982299100,17.905299072265624,-2.873042106628418,-1.2282254695892334,-1.7621324062347412
1790031841992339500,17.91533935546875,-2.9328970909118652,-0.15083470940589905,-2.0231003761291504
1790031842002379800,17.9253798828125,-2.9712042808532715,0.21547815203666687,-1.6496049165725708
1790031842012420000,17.935420166015625,-2.6886885166168213,0.3519476354122162,-0.9959878921508789
1790031842042571500,17.965571533203125,-2.3702597618103027,-0.38307225704193115,-1.434126853942871
1790031842052581000,17.9755810546875,-2.3558945655822754,-0.20111294090747833,-1.6184803247451782
1790031842062591000,17.985591064453125,-2.212242364883423,0.33039984107017517,-1.4939818382263184
1790031842072600600,17.9956005859375,-2.073378562927246,0.3423708379268646,-1.5131354331970215
1790031842082610400,18.0056103515625,-2.049436569213867,0.40462008118629456,-1.5442601442337036
1790031842092620300,18.015620361328125,-2.3726539611816406,-0.18914192914962769,-1.4891934394836426
1790031842102630000,18.0256298828125,-2.4588451385498047,-0.08858546614646912,-1.4987702369689941
1790031842112609300,18.035609375,-2.3032219409942627,0.4213795065879822,-1.4413094520568848
1790031842152679000,18.075678955078125,-2.0901381969451904,-0.16519992053508759,-1.7597382068634033
1790031842162688500,18.0856884765625,-2.5929205417633057,-0.19632454216480255,-1.6136919260025024
1790031842172728800,18.095728759765624,-2.7461493015289307,-0.16759411990642548,-1.558625340461731
1790031842182738700,18.10573876953125,-2.2409727573394775,0.8044517636299133,-1.37906014919281
1790031842192779000,18.115779052734375,-1.5275006294250488,1.338358759880066,-1.2330138683319092
1790031842202788600,18.12578857421875,-1.0007762908935547,0.8140285611152649,-1.0773907899856567
1790031842212798500,18.135798583984375,-1.4844050407409668,0.8355764150619507,-1.4317326545715332
1790031842242827800,18.165827880859375,-1.922544002532959,0.06224924325942993,-1.2186486721038818
1790031842292937700,18.215937744140625,-1.436521053314209,1.7860745191574097,-1.5897499322891235
1790031842302947300,18.225947265625,-1.259350061416626,0.2322375625371933,-0.9552865028381348
1790031842312957200,18.235957275390625,-1.0127472877502441,-0.3064578175544739,-0.524330198764801
1790031842332946200,18.2559462890625,-1.1300631761550903,1.599326729774475,-1.0965443849563599
1790031842342986500,18.265986572265625,-1.091755986213684,1.8387469053268433,-1.5107412338256836
1790031842353026800,18.27602685546875,-0.7613561153411865,1.4317326545715332,-1.2018892765045166
1790031842363036400,18.286036376953124,-0.5817909836769104,1.4963760375976562,-0.7038952708244324
1790031842373046300,18.29604638671875,-0.3998316824436188,0.4118026793003082,-0.524330198764801
1790031842393065700,18.316065673828124,-1.2114660739898682,0.2106897532939911,-1.01753568649292
1790031842413085200,18.336085205078124,-0.9816226959228516,1.5083470344543457,-0.8690952062606812
1790031842423095000,18.346094970703124,-0.6440402865409851,1.237802267074585,-0.6536170840263367
1790031842443145200,18.366145263671875,-0.706289529800415,1.1420341730117798,-1.01753568649292
1790031842453154800,18.37615478515625,-0.7829039692878723,0.4836287498474121,-0.8619126081466675
1790031842463164700,18.38616455078125,-0.646434485912323,0.42616790533065796,-0.6943184733390808
1790031842473143800,18.396143798828124,-0.7230489253997803,0.5554547905921936,-0.7589619159698486
1790031842483184000,18.40618408203125,-0.7398083209991455,0.6512228846549988,-0.7422025203704834
1790031842493194000,18.416194091796875,-0.608127236366272,0.8188169598579407,-0.6751648783683777
1790031842503203800,18.426203857421875,-0.2777273952960968,0.7350199222564697,-0.5913678407669067
1790031842513244000,18.436243896484374,-0.2059013396501541,1.3287819623947144,-0.6775590777397156
1790031842523253800,18.446253662109374,-0.3926490843296051,1.3120225667953491,-0.9289502501487732
1790031842533263600,18.456263671875,-0.4141969084739685,0.7374141216278076,-0.7924807667732239
1790031842553252600,18.476252685546875,-0.545877993106842,0.5099649429321289,-0.5171475410461426
1790031842563293000,18.48629296875,-0.8044517636299133,0.2298433631658554,-0.5746083855628967
1790031842573302500,18.496302490234374,-0.8164227604866028,0.014365210197865963,-0.6153098344802856
1790031842583342800,18.5063427734375,-0.7637503147125244,-0.2825157940387726,-0.5291185975074768
1790031842593352700,18.516352783203125,-0.7158663272857666,-0.19871874153614044,-0.5386953949928284
1790031842603362300,18.5263623046875,-0.768538773059845,-0.12210428714752197,-0.6320692300796509
1790031842613372200,18.5363720703125,-0.8236053586006165,-0.023942016065120697,-0.7613561153411865
1790031842663482000,18.586482177734375,0.07182604819536209,-0.3016694188117981,-0.047884032130241394
1790031842673491700,18.59649169921875,0.15083470940589905,-0.06464344263076782,-0.3256114423274994
1790031842683501600,18.60650146484375,0.06703764945268631,0.21547815203666687,-0.5889736413955688
1790031842703490600,18.626490478515624,-0.4118026793003082,0.26096799969673157,-0.6153098344802856
1790031842783538200,18.7065380859375,-0.24660277366638184,-0.1843535304069519,-0.22266076505184174
1790031842843657700,18.76665771484375,-0.1867477297782898,-0.10534487664699554,0.05506663769483566
1790031842853667600,18.77666748046875,-0.6033388376235962,-0.45010992884635925,0.05985504388809204
1790031842863677400,18.786677490234375,-0.47884035110473633,-0.6057330369949341,0.1364694982767105
1790031842873687000,18.79668701171875,-0.19632454216480255,-0.363918662071228,0.10773907601833344
1790031842883697000,18.80669677734375,-0.3208230137825012,-0.2298433631658554,0
1790031842893706800,18.816706787109375,-0.40222588181495667,-0.3423708379268646,0.06703764945268631
1790031842903686000,18.826685791015624,-0.47644615173339844,-0.33279404044151306,0.2753331959247589
1790031842923736000,18.846736083984375,-0.10534487664699554,-0.2322375625371933,0.07422025501728058
1790031842933745700,18.85674560546875,0.090979665517807,-0.033518824726343155,0.10055647045373917
1790031842943755500,18.866755615234375,-0.1604115068912506,0.07422025501728058,-0.17477671802043915
1790031842953826300,18.876826416015625,-0.4692635238170624,0.15801730751991272,-0.07422025501728058
1790031842963836200,18.886836181640625,-0.4118026793003082,-0.15801730751991272,-0.035913024097681046
1790031842973845800,18.896845703125,-0.06703764945268631,-0.1149216815829277,0.1628057211637497
1790031842983855600,18.906855712890625,-0.29209262132644653,-0.18914192914962769,0.36152446269989014
1790031842993865200,18.916865234375,-0.4644751250743866,-0.2561795711517334,0.4118026793003082
1790031843033874000,18.9568740234375,-0.272938996553421,-0.1843535304069519,0.395043283700943
1790031843073943600,18.996943603515625,0.08140286058187485,0.08619125932455063,0.1412578970193863
1790031843083953200,19.006953125,-0.033518824726343155,0.12689268589019775,0.1364694982767105
1790031843154082600,19.07708251953125,-0.15083470940589905,0.689530074596405,0.1364694982767105
1790031843184081400,19.107081298828124,0.23702596127986908,1.2713210582733154,0.3734954595565796
1790031843204131300,19.12713134765625,-0.3256114423274994,1.6903064250946045,0.3902548849582672
1790031843214141200,19.13714111328125,-0.43095630407333374,1.4437036514282227,0.28730419278144836
1790031843234130200,19.157130126953124,-0.272938996553421,1.4652514457702637,0.10773907601833344
1790031843244170500,19.16717041015625,-0.5195417404174805,2.0015525817871094,-0.05506663769483566
1790031843254180400,19.177180419921875,-0.4908113479614258,2.3343467712402344,-0.27054479718208313
1790031843264190000,19.18718994140625,-0.608127236366272,2.6791117191314697,-0.3232172429561615
1790031843274199800,19.19719970703125,-0.8762778043746948,3.1076738834381104,-0.5339069962501526
1790031843284209700,19.207209716796875,-0.7565677165985107,3.184288263320923,-0.6177040338516235
1790031843294219300,19.21721923828125,-0.811634361743927,3.0358476638793945,-0.5027823448181152
1790031843304229000,19.22722900390625,-0.8595184087753296,2.2242133617401123,0.1149216815829277
1790031843314239000,19.237239013671875,-0.9026140570640564,2.765302896499634,0.14604631066322327
1790031843324248600,19.24724853515625,-1.3072341680526733,2.9496564865112305,-0.21308395266532898
1790031843334228000,19.25722802734375,-1.194706678390503,2.3271639347076416,-0.33997663855552673
1790031843354247400,19.277247314453124,-0.5410895943641663,2.274491548538208,-0.08858546614646912
1790031843364257300,19.28725732421875,-0.6536170840263367,2.9233202934265137,-0.3256114423274994
1790031843374267000,19.297266845703124,-0.706289529800415,2.8826189041137695,-0.706289529800415
1790031843384307200,19.30730712890625,-0.5554547905921936,2.4444799423217773,-0.5841852426528931
1790031843394317000,19.317317138671875,-0.5219359993934631,1.965639591217041,-0.4812345504760742
1790031843404326700,19.32732666015625,-0.5650315880775452,2.0853497982025146,-0.49559974670410156
1790031843414336500,19.33733642578125,-0.5985504388809204,1.9728221893310547,-0.33997663855552673
1790031843424346400,19.347346435546875,-0.45250412821769714,2.183511972427368,-0.7493851184844971
1790031843434325500,19.357325439453124,-0.6224924325942993,2.3104045391082764,-0.9433154463768005
1790031843444396300,19.367396240234374,-0.9361328482627869,2.207453966140747,-0.8882488012313843
1790031843464446500,19.387446533203125,-1.4053963422775269,1.9033904075622559,-1.0654197931289673
1790031843474456000,19.3974560546875,-1.6879122257232666,1.9488801956176758,-1.1540051698684692
1790031843484435500,19.407435546875,-1.9177556037902832,1.6065093278884888,-1.216254472732544
1790031843494445000,19.417445068359374,-1.7597382068634033,1.436521053314209,-1.2952631711959839
1790031843534575900,19.457575927734375,-2.3295583724975586,1.7046716213226318,-1.6927006244659424
1790031843614745300,19.537745361328124,-2.1499931812286377,0.849941611289978,-2.31758713722229
1790031843634795500,19.55779541015625,-2.3726539611816406,0.9600749015808105,-1.7477672100067139
1790031843654815000,19.57781494140625,-2.0638017654418945,0.7805097699165344,-1.9512743949890137
1790031843664824800,19.587824951171875,-2.298433542251587,1.139639973640442,-2.209848165512085
1790031843704894500,19.62789453125,-3.4835634231567383,-0.3495534360408783,-2.343923568725586
1790031843734893000,19.65789306640625,-3.064578056335449,-0.5674257874488831,-1.9536685943603516
1790031843744933400,19.667933349609374,-2.5474305152893066,-0.9528923034667969,-1.9608511924743652
1790031843754973700,19.6779736328125,-2.6431987285614014,-0.038307227194309235,-2.2409727573394775
1790031843785003000,19.7080029296875,-2.3798365592956543,-0.33518823981285095,-2.049436569213867
1790031843855102000,19.77810205078125,-1.647210717201233,-2.6024973392486572,-1.2952631711959839
1790031843875091000,19.798091064453125,-2.2026655673980713,-2.4612393379211426,-1.7884687185287476
1790031843885131300,19.80813134765625,-1.9297266006469727,-2.7246015071868896,-1.6065093278884888
1790031843905150700,19.828150634765624,-2.166752576828003,-3.2369606494903564,-1.6352397203445435
1790031843915160600,19.83816064453125,-2.609679937362671,-3.2800562381744385,-1.4939818382263184
1790031843925170200,19.848170166015624,-2.6862943172454834,-3.4141316413879395,-1.625662922859192
1790031843935180000,19.858179931640624,-2.717418909072876,-3.7205893993377686,-1.522712230682373
1790031844005279000,19.928279052734375,-2.2864625453948975,-4.757278919219971,-1.0199298858642578
1790031844015288600,19.93828857421875,-2.296039342880249,-5.207388877868652,-0.8044517636299133
1790031844105437700,20.028437744140625,-1.699883222579956,-4.845864295959473,-0.07182604819536209
1790031844115478000,20.03847802734375,-1.702277421951294,-5.171475887298584,-0.023942016065120697
1790031844145537800,20.068537841796875,-1.8794482946395874,-4.704606533050537,-0.17956513166427612
1790031844155547400,20.07854736328125,-1.98958158493042,-3.971980571746826,-0.35673606395721436
1790031844165587700,20.088587646484374,-1.8171991109848022,-3.8139634132385254,-0.3519476354122162
1790031844175597600,20.09859765625,-1.4844050407409668,-3.8139634132385254,-0.304063618183136
1790031844205687800,20.128687744140624,-1.7932571172714233,-2.9520506858825684,-0.4812345504760742
1790031844225738000,20.148738037109375,-1.6687586307525635,-2.9281086921691895,-0.9385270476341248
1790031844235747600,20.15874755859375,-1.6543933153152466,-2.7293899059295654,-0.811634361743927
1790031844265807400,20.188807373046874,-2.121262788772583,-1.9704279899597168,-1.194706678390503
1790031844275817200,20.198817138671874,-2.255337953567505,-1.1324573755264282,-1.53707754611969
1790031844295867400,20.218867431640625,-1.7334020137786865,-1.5729905366897583,-1.5849615335464478
1790031844325927200,20.24892724609375,-2.5474305152893066,-1.5825673341751099,-1.1468225717544556
1790031844335936800,20.258936767578124,-2.650381326675415,-1.1468225717544556,-1.599326729774475
1790031844345977000,20.26897705078125,-2.477998733520508,-1.1180921792984009,-2.013523578643799
1790031844355956500,20.27895654296875,-2.363077163696289,-0.7326257228851318,-2.2146365642547607
1790031844376036900,20.299036865234374,-2.5713725090026855,-0.9313444495201111,-1.7932571172714233
1790031844386046700,20.309046630859374,-2.518700122833252,-1.3623007535934448,-1.7501614093780518
1790031844396056600,20.319056640625,-2.5091233253479004,-0.6320692300796509,-1.9488801956176758
1790031844426086000,20.3490859375,-2.5067291259765625,-0.7948749661445618,-1.9943699836730957
1790031844436126200,20.359126220703125,-2.3295583724975586,-0.8379706144332886,-1.381454348564148
1790031844446135800,20.3691357421875,-1.9847931861877441,-0.24181437492370605,-1.1492167711257935
1790031844456145700,20.379145751953125,-2.248155355453491,0.10773907601833344,-1.338358759880066
1790031844466186000,20.38918603515625,-2.360682964324951,0.14844051003456116,-1.6184803247451782
1790031844476195600,20.399195556640624,-2.2912509441375732,0.3423708379268646,-1.9393033981323242
1790031844486175000,20.409175048828125,-2.1045033931732178,-0.023942016065120697,-1.8339585065841675
1790031844496215300,20.41921533203125,-1.9297266006469727,0.3734954595565796,-1.2976573705673218
1790031844506255400,20.42925537109375,-1.9991583824157715,0.751779317855835,-1.1851298809051514
1790031844516265200,20.43926513671875,-1.7549498081207275,0.43095630407333374,-1.192312479019165
1790031844546294500,20.46929443359375,-2.319981336593628,-0.19393034279346466,-1.3311761617660522
1790031844576354300,20.499354248046874,-2.346317768096924,1.5729905366897583,-1.7381904125213623
1790031844606383600,20.529383544921874,-1.721431016921997,0.1364694982767105,-1.4269442558288574
1790031844636443400,20.559443359375,-2.3989901542663574,1.0630255937576294,-1.6160861253738403
1790031844656463000,20.579463134765625,-1.161187767982483,1.7884687185287476,-1.5897499322891235
1790031844676482600,20.599482666015625,-1.1516109704971313,0.586579442024231,-1.237802267074585
1790031844726592500,20.649592529296875,-1.2258312702178955,1.1444283723831177,-0.9983820915222168
1790031844766662000,20.689661865234374,-1.4844050407409668,-0.12928688526153564,-0.7350199222564697
1790031844776702200,20.6997021484375,-1.381454348564148,-0.4620809257030487,-0.7972691655158997
1790031844786742500,20.709742431640624,-1.4389152526855469,0.45250412821769714,-0.7924807667732239
1790031844796752400,20.71975244140625,-1.0199298858642578,1.659181833267212,-0.9241618514060974
1790031844806762000,20.729761962890624,-0.7422025203704834,1.821987509727478,-1.1875240802764893
1790031844816771800,20.739771728515624,-0.5530605912208557,1.0582371950149536,-1.072602391242981
1790031844836791300,20.759791259765624,-0.7445967197418213,0.2082955539226532,-0.38067805767059326
1790031844846801200,20.76980126953125,-1.1228805780410767,0.5003881454467773,-0.7565677165985107
1790031844856811000,20.77981103515625,-0.9648633003234863,0.31603461503982544,-0.9313444495201111
1790031844866820600,20.789820556640624,-0.6631938815116882,0.3711012601852417,-0.6727706789970398
1790031844876861000,20.79986083984375,-0.7613561153411865,0.5434837937355042,-0.44532153010368347
1790031844886870800,20.809870849609375,-0.5793967843055725,-0.17956513166427612,-0.40222588181495667
1790031844896880400,20.81988037109375,-0.1412578970193863,0.08619125932455063,-0.42856210470199585
1790031844906890200,20.82989013671875,0.1173158809542656,0.26336219906806946,-0.36152446269989014
1790031844926909700,20.84990966796875,0.019153613597154617,0.026336219161748886,-0.4572925269603729
1790031844966948900,20.889948974609375,-0.8259995579719543,0.08858546614646912,-0.45010992884635925
1790031844997008600,20.920008544921874,-1.2497732639312744,-0.727837324142456,-0.05746084079146385
1790031845007018500,20.9300185546875,-1.1971008777618408,-0.363918662071228,-0.05985504388809204
1790031845057097700,20.98009765625,-1.0223240852355957,-0.1843535304069519,-0.3256114423274994
1790031845117217300,21.04021728515625,-0.9457096457481384,-0.09576806426048279,-0.47884035110473633
1790031845127257600,21.050257568359374,-0.5602431893348694,-0.10295066982507706,-0.3974374830722809
1790031845157256400,21.08025634765625,-0.2944868206977844,-0.272938996553421,-0.5961562395095825
1790031845257384700,21.180384765625,-0.4213795065879822,-0.5674257874488831,-0.3256114423274994
1790031845287475000,21.210474853515624,-0.5147533416748047,-0.4812345504760742,0.05506663769483566
1790031845297515300,21.220515380859375,-0.4381389021873474,-0.49320554733276367,0.5482721924781799
1790031845307555600,21.2305556640625,-0.45250412821769714,-0.7134721279144287,0.5171475410461426
1790031845317565200,21.240565185546874,-0.768538773059845,-0.7924807667732239,0.05985504388809204
1790031845327575000,21.250574951171874,-0.7422025203704834,-0.8092401623725891,-0.22026655077934265
1790031845367514000,21.29051416015625,-0.5315127968788147,-0.002394201699644327,0.2849099934101105
1790031845377493200,21.3004931640625,-0.11252748221158981,-0.23702596127986908,0.272938996553421
1790031845387533600,21.310533447265627,-0.15083470940589905,-0.1364694982767105,0.12210428714752197
1790031845397543400,21.32054345703125,-0.45250412821769714,-0.30885201692581177,-0.13168109953403473
1790031845407553300,21.33055322265625,-0.45489832758903503,-0.2992752194404602,-0.1173158809542656
1790031845417563000,21.34056298828125,-0.24899697303771973,-0.17477671802043915,-0.10773907601833344
1790031845427572700,21.35057275390625,-0.304063618183136,-0.08619125932455063,0.06224924325942993
1790031845437582600,21.36058251953125,-0.363918662071228,-0.2825157940387726,-0.05267243832349777
1790031845457602000,21.38060205078125,-0.4884171485900879,-0.009576806798577309,-0.24899697303771973
1790031845517691100,21.440691162109374,-0.2322375625371933,-0.1843535304069519,0.13168109953403473
1790031845527701000,21.450700927734374,-0.181959331035614,0.3663128614425659,0.36152446269989014
1790031845537680100,21.46068017578125,-0.19871874153614044,0.15562310814857483,0.7541735172271729
1790031845547690000,21.47068994140625,-0.3016694188117981,0.12928688526153564,0.689530074596405
1790031845617788700,21.54078857421875,-0.021547814831137657,2.22660756111145,1.2066776752471924
1790031845627798500,21.550798583984374,0.3663128614425659,2.1787235736846924,1.290474772453308
1790031845637838800,21.5608388671875,1.0678139925003052,2.188300371170044,0.8762778043746948
1790031845647848700,21.5708486328125,1.2521674633026123,2.691082715988159,0.0933738648891449
1790031845657858300,21.5808583984375,0.6727706789970398,3.620033025741577,-0.3471592366695404
1790031845667837700,21.590837646484374,0.28969839215278625,3.7828385829925537,-0.15083470940589905
1790031845677878000,21.6008779296875,-0.181959331035614,3.7612907886505127,0.4118026793003082
1790031845687857200,21.610857177734374,-0.6033388376235962,3.552995204925537,0.8259995579719543
1790031845697897500,21.6208974609375,-0.7326257228851318,2.8778305053710938,1.3766659498214722
1790031845707937800,21.630937744140624,-1.2617442607879639,2.3774423599243164,1.455674648284912
1790031845717947400,21.640947509765624,-1.9752163887023926,2.516305923461914,0.8092401623725891
1790031845727987700,21.65098779296875,-2.3750481605529785,3.4524388313293457,-0.12689268589019775
1790031845737997600,21.66099755859375,-2.250549554824829,4.034229755401611,-0.5410895943641663
1790031845768027000,21.69102685546875,-2.126051187515259,4.264073371887207,0.4596867263317108
1790031845778097700,21.70109765625,-2.1954829692840576,4.3622355461120605,0.2561795711517334
1790031845788107300,21.711107177734377,-2.1787235736846924,4.266467571258545,-0.043095629662275314
1790031845798117000,21.7211171875,-2.0183119773864746,3.6750996112823486,-0.35673606395721436
1790031845808127000,21.731126953125,-1.8938134908676147,3.399766445159912,-0.4572925269603729
1790031845818167300,21.741167236328124,-1.9297266006469727,3.35667085647583,-0.5099649429321289
1790031845828146400,21.751146484375,-2.049436569213867,3.5051112174987793,-0.47884035110473633
1790031845838186800,21.761186767578124,-2.0590133666992188,3.1196448802948,-0.23942017555236816
1790031845848196600,21.771196533203124,-2.027888774871826,2.5091233253479004,-0.35434186458587646
1790031845868216000,21.791216064453124,-2.408566951751709,1.8387469053268433,-0.9720458984375
1790031845928305200,21.85130517578125,-2.741360902786255,1.2713210582733154,-1.4508862495422363
1790031845938315000,21.86131494140625,-2.6839001178741455,0.6368576288223267,-1.6831238269805908
1790031845948355000,21.87135498046875,-2.7461493015289307,0.5722141861915588,-2.1164743900299072
1790031845958365000,21.881364990234374,-2.8802247047424316,1.4915876388549805,-2.1547815799713135
1790031845968374800,21.891374755859374,-3.162740468978882,2.0829553604125977,-1.6903064250946045
1790031845998404000,21.921404052734374,-2.4803929328918457,-2.2194249629974365,-0.8906430602073669
1790031846048483300,21.9714833984375,-2.0661959648132324,1.4437036514282227,-1.9297266006469727
1790031846058493200,21.9814931640625,-2.655169725418091,1.7549498081207275,-1.1492167711257935
1790031846068533500,21.991533447265624,-3.00711727142334,0.8571242094039917,-0.629675030708313
1790031846078543000,22.001543212890624,-2.604891538619995,0.10773907601833344,-1.2545616626739502
1790031846088553000,22.011552978515624,-2.5785553455352783,-0.7326257228851318,-1.9321208000183105
1790031846098562800,22.021562744140624,-2.6216509342193604,-0.9768342971801758,-1.86508309841156
1790031846118612700,22.04161279296875,-1.9488801956176758,-0.08140286058187485,-1.6950948238372803
1790031846138632200,22.061632080078127,-2.0901381969451904,-0.30885201692581177,-1.414973258972168
1790031846148642000,22.07164208984375,-2.4396915435791016,-0.8571242094039917,-1.4293384552001953
1790031846158652000,22.08165185546875,-2.360682964324951,-2.1739351749420166,-1.5466543436050415
1790031846168692200,22.091692138671874,-1.8363527059555054,-1.6639702320098877,-1.7860745191574097
1790031846178701800,22.101701904296874,-2.011129379272461,-1.3982137441635132,-1.6400281190872192
1790031846188711700,22.111711669921874,-2.27209734916687,-2.3511061668395996,-1.7142484188079834
1790031846198752000,22.121751953125,-2.9065608978271484,-1.6687586307525635,-1.6376339197158813
1790031846218802000,22.141802001953124,-2.5737667083740234,-2.1116859912872314,-1.9369091987609863
1790031846228842200,22.15184228515625,-2.698265314102173,-2.274491548538208,-1.8531121015548706
1790031846238852000,22.16185205078125,-2.4468741416931152,-2.808398485183716,-1.8052281141281128
1790031846248861700,22.17186181640625,-2.3965959548950195,-1.3934253454208374,-1.6639702320098877
1790031846278891000,22.20189111328125,-1.9297266006469727,-3.598485231399536,-1.5705963373184204
1790031846338980000,22.26197998046875,-2.367865562438965,-3.6774938106536865,-0.5578489899635315
1790031846358999800,22.281999755859374,-1.824381709098816,-3.8331170082092285,-0.8906430602073669
1790031846369040000,22.292039794921877,-1.7094600200653076,-3.864241600036621,-1.3886369466781616
1790031846429098500,22.352098388671877,0.23702596127986908,-4.062960147857666,-0.45250412821769714
1790031846439108400,22.3621083984375,0.0694318488240242,-4.651933670043945,-0.6847416758537292
1790031846449118200,22.3721181640625,-0.5817909836769104,-4.8602294921875,-0.9433154463768005
1790031846489187600,22.4121875,-1.9752163887023926,-6.287173748016357,-0.2346317619085312
1790031846499228000,22.422227783203127,-2.31758713722229,-5.892130374908447,-0.9672574996948242
1790031846519308500,22.44230859375,-1.9536685943603516,-5.123591423034668,-1.455674648284912
1790031846539358700,22.462358642578124,-1.3000515699386597,-4.9583916664123535,-0.38307225704193115
1790031846549398800,22.472398681640627,-0.8427590131759644,-4.654327869415283,-0.31364041566848755
1790031846559439000,22.482439208984374,-0.727837324142456,-5.315127849578857,-0.4405331015586853
1790031846569449000,22.492448974609374,-1.1109095811843872,-4.888959884643555,-0.6368576288223267
1790031846579489300,22.5024892578125,-1.501164436340332,-4.8937482833862305,-0.5410895943641663
1790031846589468400,22.512468505859374,-1.4101848602294922,-4.7620673179626465,-0.4381389021873474
1790031846599508700,22.5225087890625,-1.414973258972168,-4.302380561828613,-0.2561795711517334
1790031846609518600,22.5325185546875,-1.3311761617660522,-4.213795185089111,-0.16759411990642548
1790031846639578400,22.562578369140624,-2.0590133666992188,-3.7924153804779053,-0.9840168952941895
1790031846659628300,22.582628173828127,-2.0925323963165283,-3.557783842086792,-0.6248866319656372
1790031846669638100,22.59263818359375,-1.8267759084701538,-3.4955344200134277,-0.5123591423034668
1790031846679678500,22.602678466796874,-2.075772762298584,-3.1076738834381104,-0.7948749661445618
1790031846689688000,22.61268798828125,-2.5785553455352783,-2.8634653091430664,-1.0654197931289673
1790031846699698000,22.622697998046874,-2.5258827209472656,-2.6408045291900635,-1.2737152576446533
1790031846709707800,22.632707763671874,-2.322375535964966,-2.2649147510528564,-1.1492167711257935
1790031846719717400,22.64271728515625,-2.169146776199341,-1.7501614093780518,-0.9888052940368652
1790031846729696800,22.65269677734375,-1.9943699836730957,-1.4915876388549805,-0.6943184733390808
1790031846759756500,22.682756591796874,-2.425326347351074,-1.8602946996688843,-1.1085153818130493
1790031846769766400,22.692766357421874,-2.470816135406494,-0.7781155705451965,-1.2856862545013428
1790031846789785900,22.712785888671874,-1.5107412338256836,-0.17238251864910126,-1.0199298858642578
1790031846799795700,22.722795654296874,-1.4389152526855469,-0.272938996553421,-1.1109095811843872
1790031846839834600,22.762834716796874,-3.0550012588500977,-1.8914192914962769,-1.3718775510787964
1790031846849844500,22.772844482421874,-2.8586769104003906,-0.2106897532939911,-1.644816517829895
1790031846879873800,22.802873779296874,-1.8315643072128296,0.17717093229293823,-1.6735470294952393
1790031846889883400,22.81288330078125,-2.030282974243164,0.038307227194309235,-1.194706678390503
1790031846899923700,22.822923828125,-2.3989901542663574,-0.3974374830722809,-0.8906430602073669
1790031846909933600,22.83293359375,-2.631227731704712,-0.1364694982767105,-0.9289502501487732
1790031846919943400,22.842943359375,-2.6886885166168213,0.22744916379451752,-1.2018892765045166
1790031846929953000,22.852953125,-2.363077163696289,0.6871358752250671,-1.5969325304031372
1790031846949972700,22.87297265625,-2.535459518432617,0.33758243918418884,-1.9057846069335938
1790031846959982300,22.882982421875,-2.564189910888672,0.2944868206977844,-1.6903064250946045
1790031846969961700,22.892961669921874,-2.7078421115875244,0.33758243918418884,-1.4293384552001953
1790031846980001800,22.903001708984377,-2.8826189041137695,0.7661445140838623,-1.0582371950149536
1790031846990011600,22.91301171875,-2.3343467712402344,1.0534487962722778,-1.0103530883789062
1790031847000021500,22.923021484375,-1.659181833267212,0.6248866319656372,-1.2665326595306396
1790031847010031000,22.933031005859377,-1.745373010635376,0.22744916379451752,-1.4077905416488647
1790031847020041000,22.943041015625,-2.0446481704711914,0.47165772318840027,-1.5658079385757446
1790031847050100700,22.973100830078124,-2.6599581241607666,1.3096283674240112,-1.4700398445129395
1790031847060110600,22.983110595703124,-1.9632453918457031,1.0534487962722778,-0.9983820915222168
1790031847070120400,22.993120361328124,-1.1228805780410767,0.7709329724311829,-0.8475474119186401
1790031847080099600,23.003099609375,-0.8331822156906128,0.5363011956214905,-1.0462661981582642
1790031847090140000,23.013139892578124,-1.3694833517074585,0.7852981686592102,-1.137245774269104
1790031847100180200,23.02318017578125,-1.9536685943603516,0.22744916379451752,-1.4867992401123047
1790031847120199700,23.04319970703125,-2.1595699787139893,0.6584054827690125,-1.2689268589019775
1790031847130209500,23.05320947265625,-1.9177556037902832,1.3120225667953491,-1.1779472827911377
1790031847140219100,23.06321923828125,-1.479616641998291,1.1204863786697388,-0.811634361743927
1790031847150229000,23.07322900390625,-1.0606313943862915,1.4197616577148438,-1.1037269830703735
1790031847160269300,23.083269287109374,-1.3215993642807007,0.706289529800415,-1.292868971824646
1790031847170279000,23.09327880859375,-1.7142484188079834,-0.22026655077934265,-1.192312479019165
1790031847180288800,23.103288818359374,-2.006340980529785,-0.2825157940387726,-0.8738836050033569
1790031847200339000,23.1233388671875,-1.5945383310317993,0.6105214357376099,-0.7829039692878723
1790031847270468000,23.193468017578127,-1.2425906658172607,-0.667982280254364,-0.5051765441894531
1790031847320547600,23.243547607421874,-0.6224924325942993,0.5889736413955688,-1.0893617868423462
1790031847330588000,23.253587890625,-0.8858546018600464,0.23942017555236816,-0.9888052940368652
1790031847340628200,23.263628173828124,-0.9864110946655273,-0.021547814831137657,-0.7206547260284424
1790031847350637800,23.273637939453124,-0.811634361743927,-0.21787235140800476,-0.42856210470199585
1790031847360678100,23.28367822265625,-0.8738836050033569,-0.751779317855835,-0.16998831927776337
1790031847370688000,23.29368798828125,-0.6919242739677429,-0.586579442024231,-0.2106897532939911
1790031847380697600,23.303697509765627,-0.9002198576927185,-0.05027823522686958,-0.5913678407669067
1790031847400717300,23.32371728515625,-0.8595184087753296,0.2849099934101105,-0.689530074596405
1790031847410727000,23.333726806640627,-0.4884171485900879,0.12928688526153564,-0.395043283700943
1790031847420736800,23.34373681640625,-0.3447650372982025,-0.2513911724090576,-0.24420857429504395
1790031847430746600,23.35374658203125,-0.28969839215278625,-0.4189853072166443,-0.05746084079146385
1790031847440787000,23.363786865234374,-0.4189853072166443,-0.2849099934101105,-0.17238251864910126
1790031847450796500,23.373796630859374,-0.5027823448181152,0.004788403399288654,-0.5339069962501526
1790031847460806400,23.383806396484374,-0.6392518281936646,0.038307227194309235,-0.8355764150619507
1790031847470816000,23.39381591796875,-0.751779317855835,-0.047884032130241394,-0.9744400978088379
1790031847480825900,23.403825927734374,-0.6200982332229614,0.090979665517807,-0.7829039692878723
1790031847490835700,23.413835693359374,-0.6703764796257019,0.22744916379451752,-0.5219359993934631
1790031847500845300,23.42384521484375,-0.7134721279144287,0.031124621629714966,-0.6105214357376099
1790031847520865000,23.443864990234374,-0.6871358752250671,-0.043095629662275314,-0.6224924325942993
1790031847540884500,23.463884521484374,-0.9385270476341248,-0.45250412821769714,-0.363918662071228
1790031847590963700,23.513963623046877,-0.48602294921875,-0.11013327538967133,-0.42616790533065796
1790031847600943000,23.523943115234374,-0.33279404044151306,-0.1843535304069519,-0.586579442024231
1790031847681173800,23.604173828125,-0.4692635238170624,-0.06224924325942993,-0.047884032130241394
1790031847741293300,23.664293212890627,-0.08858546614646912,-0.38067805767059326,-0.42856210470199585
1790031847761313000,23.68431298828125,-0.08619125932455063,-0.5434837937355042,-0.019153613597154617
1790031847771322600,23.694322509765627,-0.20111294090747833,-0.23942017555236816,0.1173158809542656
1790031847781332500,23.70433251953125,-0.3016694188117981,-0.08858546614646912,0.05506663769483566
1790031847791372800,23.714372802734374,-0.20350714027881622,0.033518824726343155,-0.18914192914962769
1790031847801382400,23.72438232421875,-0.272938996553421,0.15322890877723694,-0.3926490843296051
1790031847841513200,23.76451318359375,-0.028730420395731926,-1.8722656965255737,0.6177040338516235
1790031847851492400,23.774492431640624,-0.07422025501728058,-1.170764684677124,0.44532153010368347
1790031847881613300,23.80461328125,-0.7613561153411865,-0.730231523513794,-0.40940847992897034
1790031847891623000,23.814622802734377,-0.507570743560791,-0.8259995579719543,0.19393034279346466
1790031847901632800,23.8246328125,-0.4620809257030487,-1.2282254695892334,0.6751648783683777
1790031847911642600,23.834642578125,-0.31124621629714966,-1.4484920501708984,1.0007762908935547
1790031847921652200,23.84465234375,-0.15083470940589905,-1.335964560508728,0.7158663272857666
1790031847931723000,23.854722900390627,-0.1412578970193863,-0.7254431247711182,0.2968810200691223
1790031847941763300,23.864763427734374,-0.17956513166427612,-0.3256114423274994,-0.26815059781074524
1790031847961813500,23.8848134765625,0.05746084079146385,-0.021547814831137657,0.12449848651885986
1790031847971823000,23.894822998046877,0.0694318488240242,0.05985504388809204,0.6320692300796509
1790031847981833000,23.9048330078125,-0.05027823522686958,-0.06703764945268631,0.7422025203704834
1790031847991842800,23.9148427734375,-0.10295066982507706,0.038307227194309235,0.6919242739677429
1790031848031881700,23.9548818359375,-0.2106897532939911,1.5873557329177856,0.40222588181495667
1790031848102041600,24.02504150390625,-0.2944868206977844,1.1061211824417114,0.5722141861915588
1790031848122091800,24.045091796875,-0.38307225704193115,1.1683704853057861,0.586579442024231
1790031848132101600,24.0551015625,-0.6272808313369751,1.5753847360610962,0.569819986820221
1790031848142141700,24.0651416015625,-1.0893617868423462,1.8698714971542358,0.6224924325942993
1790031848172171000,24.0951708984375,-1.1803414821624756,2.0805611610412598,0.2825157940387726
1790031848242300400,24.165300537109374,-0.7206547260284424,1.8794482946395874,0.15562310814857483
1790031848252310300,24.175310302734374,-0.828393816947937,2.2002713680267334,-0.1364694982767105
1790031848262320000,24.185320068359374,-0.8259995579719543,2.4181437492370605,-0.27054479718208313
1790031848272360200,24.195360107421877,-0.8738836050033569,2.4636335372924805,-0.4429273009300232
1790031848332449500,24.255449462890624,-2.190694570541382,3.552995204925537,-1.723825216293335
1790031848342459100,24.265459228515624,-1.9632453918457031,2.808398485183716,-1.0821791887283325
1790031848352438500,24.2754384765625,-1.7717092037200928,2.6192567348480225,-0.8475474119186401
1790031848362448100,24.2854482421875,-2.145204782485962,2.1092917919158936,-1.1994950771331787
1790031848372488400,24.295488525390624,-1.9321208000183105,1.3694833517074585,-1.2713210582733154
1790031848382498300,24.305498291015624,-1.556231141090393,2.231395959854126,-1.3048399686813354
1790031848402548200,24.32554833984375,-1.900996208190918,2.10210919380188,-1.0821791887283325
1790031848422598400,24.345598388671874,-2.2218191623687744,1.094150185585022,-1.2330138683319092
1790031848432608000,24.35560791015625,-1.9608511924743652,1.2210428714752197,-1.3096283674240112
1790031848442617900,24.365617919921874,-2.10210919380188,1.094150185585022,-1.2282254695892334
1790031848452597200,24.37559716796875,-2.169146776199341,1.213860273361206,-1.2713210582733154
1790031848462606800,24.38560693359375,-2.5019407272338867,1.3479355573654175,-1.5825673341751099
1790031848472647200,24.395647216796874,-2.3319525718688965,1.7501614093780518,-1.9273324012756348
1790031848502676500,24.425676513671874,-2.762908697128296,0.2537853717803955,-2.3367409706115723
1790031848512686300,24.435686279296874,-3.0813376903533936,-0.002394201699644327,-2.2385785579681396
1790031848522696000,24.445696044921874,-3.265691041946411,-0.10055647045373917,-1.920149803161621
1790031848532736300,24.455736328125,-3.0837318897247314,1.2545616626739502,-1.8794482946395874
1790031848542746000,24.46574609375,-3.0621838569641113,1.5203180313110352,-2.0829553604125977
1790031848552755700,24.475755615234377,-2.6192567348480225,0.751779317855835,-2.1595699787139893
1790031848562796000,24.485796142578124,-2.58813214302063,0.6440402865409851,-2.094926595687866
1790031848572806000,24.495805908203124,-2.741360902786255,-0.8331822156906128,-1.7501614093780518
1790031848582815700,24.505815673828124,-2.0805611610412598,-1.3000515699386597,-1.8746598958969116
1790031848592825300,24.515825439453124,-2.03507137298584,-0.6440402865409851,-2.0853497982025146
1790031848622885000,24.545885009765627,-2.322375535964966,-0.3734954595565796,-1.6855180263519287
1790031848632895000,24.55589501953125,-2.123656988143921,-1.1827356815338135,-1.7741034030914307
1790031848642904800,24.56590478515625,-1.9776105880737305,-0.950498104095459,-2.099714994430542
1790031848652945200,24.575945068359374,-1.9297266006469727,-1.2689268589019775,-1.9847931861877441
1790031848662954800,24.585954833984374,-1.3024457693099976,-0.6584054827690125,-2.3535003662109375
1790031848682974200,24.60597412109375,-2.7485435009002686,-0.8954314589500427,-2.078166961669922
1790031848692953600,24.61595361328125,-3.442862033843994,-1.6759412288665771,-2.190694570541382
1790031848763052500,24.686052490234374,-3.7660791873931885,-1.4269442558288574,-1.7142484188079834
1790031848773062100,24.696062255859374,-3.56017804145813,-2.894589900970459,-1.1468225717544556
1790031848813131800,24.7361318359375,-2.212242364883423,-1.920149803161621,-1.534683346748352
1790031848823141600,24.7461416015625,-2.300827741622925,-2.999934673309326,-1.4077905416488647
1790031848853201400,24.776201416015624,-1.7812861204147339,-4.812345504760742,-0.48602294921875
1790031848863180500,24.7861806640625,-0.7805097699165344,-2.691082715988159,-1.1228805780410767
1790031848873220900,24.796220947265624,-1.2114660739898682,-2.518700122833252,-1.3982137441635132
1790031848913290500,24.83629052734375,-1.3120225667953491,-5.631162166595459,0.07422025501728058
1790031848923300400,24.84630029296875,-0.4189853072166443,-4.879383087158203,-0.30885201692581177
1790031848933310000,24.85631005859375,-0.5363011956214905,-4.146757125854492,-0.950498104095459
1790031848943319800,24.86631982421875,-0.3064578175544739,-3.9839515686035156,-1.4987702369689941
1790031848953360100,24.876360107421874,-0.47405192255973816,-4.017470359802246,-1.4293384552001953
1790031848963369700,24.88636962890625,-1.3311761617660522,-4.927267074584961,-0.9241618514060974
1790031848973410000,24.89641015625,-1.8267759084701538,-5.65031623840332,-0.33758243918418884
1790031848983420000,24.906419921875,-2.2601263523101807,-6.327875137329102,0.05267243832349777
1790031848993429800,24.9164296875,-2.0661959648132324,-7.053318023681641,0.040701430290937424
1790031849003439400,24.926439453125,-1.3431471586227417,-6.560112476348877,-0.6512228846549988
1790031849013479700,24.936479736328124,-1.4700398445129395,-5.925649166107178,-1.4772224426269531
1790031849023520000,24.94652001953125,-1.7046716213226318,-5.018246650695801,-1.867477297782898
1790031849033560300,24.956560302734374,-1.5825673341751099,-4.90571928024292,-1.7693150043487549
1790031849043600600,24.9666005859375,-1.259350061416626,-5.260061264038086,-0.8044517636299133
1790031849053610200,24.9766103515625,-1.1204863786697388,-5.367800235748291,-0.031124621629714966
1790031849063650600,24.986650634765624,-1.3215993642807007,-5.5760955810546875,0.304063618183136
1790031849073660400,24.996660400390624,-1.359906554222107,-5.530605792999268,0.1412578970193863
1790031849093740800,25.01674072265625,-1.41257905960083,-5.214571475982666,-0.6919242739677429
1790031849103750700,25.026750732421874,-1.3239935636520386,-5.190629482269287,-0.828393816947937
1790031849113791000,25.036791015625,-1.0031704902648926,-4.311957359313965,-0.7110779285430908
1790031849123800800,25.04680078125,-1.2114660739898682,-4.273650169372559,-0.5099649429321289
1790031849133841000,25.0568408203125,-1.137245774269104,-4.110844135284424,-0.2346317619085312
1790031849143850800,25.066850830078124,-1.213860273361206,-3.8714241981506348,-0.35913026332855225
1790031849153860600,25.076860595703124,-1.1252747774124146,-4.216189384460449,-0.2106897532939911
1790031849163901000,25.08690087890625,-0.811634361743927,-4.584896087646484,-0.14844051003456116
1790031849173910500,25.09691064453125,-1.0534487962722778,-3.464409828186035,-0.6105214357376099
1790031849183920400,25.10692041015625,-1.7334020137786865,-2.6647465229034424,-1.403002142906189
1790031849193930200,25.11693017578125,-1.9536685943603516,-2.827552318572998,-1.764526605606079
1790031849203939800,25.12693994140625,-2.0446481704711914,-3.0597896575927734,-1.7621324062347412
1790031849213949700,25.13694970703125,-2.188300371170044,-2.7030537128448486,-1.3982137441635132
1790031849223959600,25.14695947265625,-2.1930887699127197,-2.542642116546631,-0.6655880808830261
1790031849254049800,25.1770498046875,-2.2002713680267334,-1.2066776752471924,-1.8363527059555054
1790031849264059600,25.1870595703125,-2.2194249629974365,-1.556231141090393,-2.006340980529785
1790031849274069200,25.1970693359375,-2.5737667083740234,-1.7262194156646729,-1.7405846118927002
1790031849284079000,25.2070791015625,-2.7293899059295654,-1.778891921043396,-1.1061211824417114
1790031849294088700,25.217088623046877,-2.5761611461639404,-1.3215993642807007,-1.0127472877502441
1790031849304129000,25.22712890625,-2.250549554824829,-0.49320554733276367,-1.3024457693099976
1790031849314169300,25.23716943359375,-2.564189910888672,-0.13407529890537262,-1.5897499322891235
1790031849334219500,25.257219482421874,-2.7078421115875244,-0.9193734526634216,-1.3239935636520386
1790031849344229000,25.26722900390625,-2.827552318572998,-1.3910311460494995,-1.2665326595306396
1790031849354239000,25.277239013671874,-3.023876667022705,-0.7805097699165344,-1.4844050407409668
1790031849364248800,25.287248779296874,-3.098097085952759,-0.6033388376235962,-1.525106430053711
1790031849374258400,25.297258544921874,-2.3702597618103027,0.21547815203666687,-1.8507179021835327
1790031849394278100,25.317278076171874,-3.0095114707946777,0.912190854549408,-2.207453966140747
1790031849404287700,25.327287841796874,-3.1052796840667725,0.7709329724311829,-1.9847931861877441
1790031849414267100,25.33726708984375,-2.8107926845550537,0.0071826050989329815,-1.5538369417190552
1790031849424276700,25.34727685546875,-2.296039342880249,-0.7493851184844971,-1.2186486721038818
1790031849464376800,25.387376953125,-2.1140801906585693,1.039083480834961,-2.190694570541382
1790031849484396500,25.407396484375,-1.7860745191574097,-0.19153612852096558,-1.5466543436050415
1790031849514425900,25.43742578125,-1.8291701078414917,0.016759412363171577,-1.8531121015548706
1790031849564566000,25.48756591796875,-2.1715409755706787,0.586579442024231,-1.9919757843017578
1790031849604605200,25.527605224609374,-1.8315643072128296,-0.24181437492370605,-1.5873557329177856
1790031849684713700,25.607713623046877,-1.0845733880996704,-0.10534487664699554,-0.6344634294509888
1790031849694723600,25.6177236328125,-1.2114660739898682,-0.8092401623725891,-0.7924807667732239
1790031849784842000,25.707842041015624,-0.9241618514060974,0.040701430290937424,-0.33518823981285095
1790031849844900600,25.767900634765624,-1.0342950820922852,0.3016694188117981,-0.5554547905921936
1790031849854941000,25.77794091796875,-1.0869675874710083,0.47884035110473633,-0.3926490843296051
1790031849874990800,25.797990966796874,-0.8738836050033569,0.4165911078453064,-0.5482721924781799
1790031849885000700,25.808000732421874,-1.0606313943862915,0.8810662031173706,-0.7134721279144287
1790031849895010600,25.818010498046874,-1.0582371950149536,0.8882488012313843,-0.646434485912323
1790031849915060500,25.838060546875,-0.5578489899635315,0.689530074596405,-0.4429273009300232
1790031850015371800,25.938371826171874,-0.49559974670410156,0.4141969084739685,-0.3734954595565796
1790031850025381600,25.948381591796874,-0.5482721924781799,0.4213795065879822,-0.24899697303771973
1790031850035391200,25.95839111328125,-0.4357447028160095,0.3758896589279175,-0.3519476354122162
1790031850045401000,25.968401123046874,-0.45010992884635925,0.28730419278144836,-0.3878606855869293
1790031850055411000,25.978410888671874,-0.4668693244457245,0.3256114423274994,-0.3687070608139038
1790031850065420500,25.988420654296874,-0.5650315880775452,0.20111294090747833,-0.22744916379451752
1790031850075430400,25.998430419921874,-0.7876923680305481,0.11971008777618408,-0.395043283700943
1790031850085440300,26.008440185546874,-1.1037269830703735,0.038307227194309235,-0.38307225704193115
1790031850115500000,26.0385,-0.9217676520347595,-0.0933738648891449,0.08619125932455063
1790031850125479200,26.048479248046874,-0.8834604024887085,-0.26815059781074524,0.31364041566848755
1790031850155539000,26.0785390625,-0.5793967843055725,-0.43335050344467163,0.33997663855552673
1790031850165518300,26.088518310546874,-0.31603461503982544,-0.40701428055763245,0.10295066982507706
1790031850185598700,26.1085986328125,-0.09816227108240128,-0.2298433631658554,-0.17717093229293823
1790031850195608600,26.118608642578124,-0.14604631066322327,-0.24660277366638184,-0.14604631066322327
1790031850235708700,26.158708740234374,-0.17238251864910126,-1.1683704853057861,0.07182604819536209
1790031850245718500,26.168718505859374,-0.10773907601833344,-0.9576807022094727,-0.08619125932455063
1790031850255728000,26.17872802734375,-0.3447650372982025,-0.8403648138046265,-0.5099649429321289
1790031850265738000,26.188738037109374,-0.4165911078453064,-1.0797849893569946,-0.4405331015586853
1790031850275747800,26.198747802734374,-0.363918662071228,-0.6129156351089478,-0.27054479718208313
1790031850285788200,26.2087880859375,-0.4141969084739685,-0.22026655077934265,0.031124621629714966
1790031850295828200,26.218828125,-0.33997663855552673,-0.19153612852096558,0.1867477297782898
1790031850315878400,26.23887841796875,-0.06464344263076782,0.15322890877723694,-0.15322890877723694
1790031850325888300,26.24888818359375,-0.06464344263076782,0.10295066982507706,-0.40462008118629456
1790031850335897900,26.25889794921875,-0.12689268589019775,-0.36152446269989014,-0.272938996553421
1790031850345907700,26.26890771484375,0.0071826050989329815,-0.3902548849582672,-0.08619125932455063
1790031850355917300,26.278917236328127,0.05027823522686958,-0.43335050344467163,0.10055647045373917
1790031850365927200,26.28892724609375,-0.031124621629714966,-0.44532153010368347,0.0694318488240242
1790031850375937000,26.29893701171875,-0.08858546614646912,-0.4357447028160095,0.033518824726343155
1790031850385946600,26.308946533203127,-0.05027823522686958,-0.1388636976480484,-0.06464344263076782
1790031850405966300,26.32896630859375,0.0071826050989329815,-0.11971008777618408,-0.22266076505184174
1790031850416006700,26.339006591796874,0.17956513166427612,0.028730420395731926,-0.304063618183136
1790031850446097000,26.369096923828124,0.08379705995321274,-0.1364694982767105,-0.090979665517807
1790031850476156700,26.39915673828125,-0.023942016065120697,-0.3495534360408783,-0.10055647045373917
1790031850576376300,26.499376220703127,-0.047884032130241394,-0.19153612852096558,-0.2059013396501541
1790031850596426500,26.519426513671874,0.014365210197865963,0.24660277366638184,-0.15083470940589905
1790031850606436400,26.529436279296874,0.14844051003456116,0.2082955539226532,-0.12689268589019775
1790031850616446000,26.539446044921874,0.1867477297782898,0.47165772318840027,-0.26815059781074524
1790031850626455800,26.549455810546874,0.07900865375995636,0.363918662071228,-0.3663128614425659
1790031850636465400,26.55946533203125,0.10534487664699554,0.090979665517807,-0.45010992884635925
1790031850646475300,26.569475341796874,0.1628057211637497,-0.08619125932455063,-0.1867477297782898
1790031850656546000,26.579546142578124,0.15801730751991272,-0.1604115068912506,-0.19632454216480255
1790031850666556000,26.589555908203124,-0.002394201699644327,-0.30885201692581177,-0.10055647045373917
1790031850696585200,26.619585205078124,-0.043095629662275314,-0.45489832758903503,-0.016759412363171577
1790031850706594800,26.6295947265625,-0.043095629662275314,-0.3016694188117981,-0.1604115068912506
1790031850716604700,26.639604736328124,0.038307227194309235,-0.3280056416988373,-0.28730419278144836
1790031850726614500,26.649614501953124,0.07182604819536209,-0.23702596127986908,-0.14365209639072418
1790031850736624000,26.6596240234375,0.0694318488240242,-0.3447650372982025,-0.12210428714752197
1790031850746634000,26.669634033203124,0.1412578970193863,-0.395043283700943,0
1790031850756643800,26.679643798828124,0.09576806426048279,-0.4405331015586853,-0.14604631066322327
1790031850766653400,26.6896533203125,0.0933738648891449,-0.43095630407333374,-0.2561795711517334
1790031850786734000,26.709734130859374,0.05267243832349777,-0.6727706789970398,-0.10055647045373917
1790031850796744000,26.719743896484374,0.10295066982507706,-0.5171475410461426,-0.20111294090747833
1790031850826803700,26.7498037109375,0.1604115068912506,-0.2298433631658554,-0.14604631066322327
1790031850846853600,26.769853515625,0.4429273009300232,-0.2825157940387726,-0.05746084079146385
1790031850886892800,26.809892822265624,0.17717093229293823,-0.07182604819536209,0.06703764945268631
1790031850926993000,26.849992919921874,0.023942016065120697,-0.021547814831137657,0.05746084079146385
1790031850937002800,26.860002685546874,-0.07182604819536209,-0.13168109953403473,-0.06224924325942993
1790031850947012400,26.870012451171874,0.009576806798577309,0.05267243832349777,-0.07182604819536209
1790031850957022200,26.880022216796874,0.1364694982767105,0.07182604819536209,-0.0454898327589035
1790031850967062500,26.8900625,0.11971008777618408,0.05746084079146385,-0.05267243832349777
1790031850977072000,26.900072021484377,0.06703764945268631,0.090979665517807,-0.08379705995321274
1790031850987112400,26.910112548828124,0.12689268589019775,0.28730419278144836,0
1790031851007193000,26.930193115234374,0.19153612852096558,0.014365210197865963,0.002394201699644327
1790031851037283300,26.960283447265624,0.12689268589019775,-0.014365210197865963,-0.08140286058187485
1790031851087423700,27.010423828125,0.08379705995321274,0,-0.021547814831137657
1790031851107443200,27.030443115234377,0.011971008032560349,0.0071826050989329815,0.031124621629714966
1790031851117422600,27.040422607421874,0.021547814831137657,0.1364694982767105,0.05027823522686958
1790031851127493400,27.050493408203124,0.10773907601833344,-0.021547814831137657,0.07900865375995636
1790031851137503200,27.060503173828124,0.11013327538967133,-0.0071826050989329815,0.1867477297782898
1790031851147512800,27.070512939453124,0.038307227194309235,0.026336219161748886,0.07182604819536209
1790031851157522700,27.080522705078124,-0.028730420395731926,0,-0.11971008777618408
1790031851167563000,27.09056298828125,-0.06224924325942993,-0.05506663769483566,0.023942016065120697
1790031851177572600,27.100572509765627,-0.035913024097681046,-0.09576806426048279,0.181959331035614
1790031851187582500,27.11058251953125,0.08379705995321274,0.033518824726343155,0.15801730751991272
1790031851197592300,27.12059228515625,0.028730420395731926,-0.05027823522686958,0.20350714027881622
1790031851207602000,27.130601806640627,0.07182604819536209,-0.031124621629714966,0.08858546614646912
1790031851227621600,27.15062158203125,0.07661445438861847,-0.11013327538967133,-0.05985504388809204
1790031851237661700,27.16066162109375,0.047884032130241394,-0.014365210197865963,-0.047884032130241394
1790031851247702000,27.170701904296877,-0.05506663769483566,-0.10534487664699554,0.0071826050989329815
1790031851257711900,27.1807119140625,0.10055647045373917,-0.17956513166427612,0.040701430290937424
1790031851267721700,27.1907216796875,0.031124621629714966,-0.12210428714752197,0.08140286058187485
1790031851277762000,27.200761962890624,-0.021547814831137657,-0.05985504388809204,0.05985504388809204
1790031851287802000,27.210802001953127,0.05746084079146385,-0.21308395266532898,-0.06224924325942993
1790031851297812000,27.22081201171875,0.12689268589019775,-0.1604115068912506,0.043095629662275314
1790031851307821800,27.23082177734375,0.19871874153614044,-0.004788403399288654,-0.011971008032560349
1790031851317862100,27.240862060546874,0.07900865375995636,-0.009576806798577309,-0.09576806426048279
1790031851327871700,27.250871826171874,0.05027823522686958,-0.10295066982507706,-0.043095629662275314
1790031851337881600,27.260881591796874,0.05027823522686958,-0.05267243832349777,0.043095629662275314
1790031851367911000,27.290910888671874,0.10055647045373917,-0.2537853717803955,0.1173158809542656
1790031851438040300,27.361040283203124,-0.08619125932455063,0.12689268589019775,-0.026336219161748886
1790031851488119600,27.41111962890625,0.0694318488240242,-0.20350714027881622,0.12210428714752197
1790031851498129400,27.42112939453125,0.16759411990642548,-0.08140286058187485,0.05506663769483566
1790031851518148900,27.44114892578125,0.07900865375995636,0.004788403399288654,0.15322890877723694
1790031851528189200,27.451189208984374,0,-0.026336219161748886,0.023942016065120697
1790031851538229500,27.4612294921875,0.22744916379451752,-0.16998831927776337,0.026336219161748886
1790031851548239000,27.471239013671877,0.19632454216480255,-0.023942016065120697,0.05267243832349777
1790031851558279400,27.481279541015624,-0.08140286058187485,-0.08379705995321274,-0.10295066982507706
1790031851568289300,27.491289306640624,-0.0694318488240242,-0.14365209639072418,0.014365210197865963
1790031851588339200,27.511339111328127,0.2825157940387726,0.07900865375995636,0.090979665517807
1790031851598318600,27.521318603515624,0.10295066982507706,0.047884032130241394,-0.1843535304069519
1790031851608359000,27.53135888671875,0.028730420395731926,0.07661445438861847,-0.2298433631658554
1790031851618368500,27.541368408203127,-0.019153613597154617,-0.09816227108240128,-0.002394201699644327
1790031851628378400,27.55137841796875,0.2082955539226532,-0.21547815203666687,0.35673606395721436
1790031851638388200,27.56138818359375,0.05746084079146385,-0.20350714027881622,0.181959331035614
1790031851648428500,27.571428466796874,-0.10295066982507706,-0.19393034279346466,-0.14365209639072418
1790031851658468600,27.581468505859377,-0.047884032130241394,-0.12689268589019775,-0.13407529890537262
1790031851668478500,27.591478515625,0.26815059781074524,-0.09576806426048279,0.031124621629714966
1790031851678518800,27.601518798828124,0.3471592366695404,0.019153613597154617,0.14604631066322327
1790031851688498000,27.611497802734377,0.09576806426048279,0.0694318488240242,-0.002394201699644327
1790031851698568700,27.621568603515627,0.031124621629714966,0.1173158809542656,-0.16998831927776337
1790031851708578600,27.63157861328125,0.3016694188117981,0,-0.0694318488240242
1790031851718619000,27.641618896484374,0.2585737705230713,-0.026336219161748886,0.05267243832349777
1790031851738638300,27.661638427734374,0.031124621629714966,-0.09576806426048279,-0.15322890877723694
1790031851748648200,27.671648193359374,0.24420857429504395,-0.06224924325942993,-0.2346317619085312
1790031851768667600,27.691667724609374,0.019153613597154617,-0.08379705995321274,0.09816227108240128
1790031851788687000,27.71168701171875,0.23702596127986908,0.07900865375995636,-0.0933738648891449
1790031851808706800,27.731706787109374,0.07182604819536209,-0.016759412363171577,-0.028730420395731926
1790031851818716400,27.74171630859375,0.19632454216480255,-0.06703764945268631,0.06703764945268631
1790031851828695800,27.75169580078125,0.19871874153614044,-0.1867477297782898,0.038307227194309235
1790031851838736100,27.761736083984374,-0.009576806798577309,-0.12210428714752197,0.08619125932455063
1790031851848745700,27.771745849609374,-0.0071826050989329815,-0.11252748221158981,0.12449848651885986
1790031851878775000,27.801775146484374,0.09816227108240128,-0.08379705995321274,-0.011971008032560349
