time,seconds_elapsed,x,z,y
1790032204421281500,0.132281494140625,0.26096799969673157,0.05267243832349777,-0.11252748221158981
1790032204441331700,0.152331787109375,0.1867477297782898,-0.040701430290937424,0.13407529890537262
1790032204451372000,0.1623720703125,-0.10534487664699554,-0.15083470940589905,0.019153613597154617
1790032204470991400,0.181991455078125,0.019153613597154617,-0.023942016065120697,-0.1628057211637497
1790032204480962300,0.19196240234375,0.15801730751991272,-0.09816227108240128,0.06464344263076782
1790032204490802700,0.201802734375,0.033518824726343155,-0.17238251864910126,0.24420857429504395
1790032204500743000,0.211742919921875,0.047884032130241394,-0.19871874153614044,0.1867477297782898
1790032204510752500,0.22175244140625,0.08858546614646912,-0.2849099934101105,0.16759411990642548
1790032204530802700,0.241802734375,0.09816227108240128,0.08379705995321274,-0.15562310814857483
1790032204560862500,0.271862548828125,0.06464344263076782,0.07900865375995636,0.33518823981285095
1790032204600962600,0.311962646484375,-0.15801730751991272,-0.14844051003456116,0.06224924325942993
1790032204610972400,0.321972412109375,0.009576806798577309,-0.05267243832349777,0.4572925269603729
1790032204661143300,0.372143310546875,0.040701430290937424,0.07422025501728058,0.40462008118629456
1790032204671183600,0.38218359375,0.1628057211637497,0.05506663769483566,0.10295066982507706
1790032204681193200,0.392193115234375,0.22744916379451752,0.07422025501728058,-0.16998831927776337
1790032204691233500,0.402233642578125,0.031124621629714966,0.15322890877723694,-0.17238251864910126
1790032204701243400,0.412243408203125,-0.0071826050989329815,-0.10773907601833344,-0.004788403399288654
1790032204731333600,0.442333740234375,0.0694318488240242,-0.10773907601833344,0.011971008032560349
1790032204741374000,0.4523740234375,-0.023942016065120697,-0.0694318488240242,-0.26096799969673157
1790032204751444700,0.46244482421875,0.0454898327589035,-0.026336219161748886,-0.21547815203666687
1790032204761454600,0.47245458984375,0.15801730751991272,-0.019153613597154617,0.043095629662275314
1790032204771464200,0.482464111328125,0.12928688526153564,-0.06703764945268631,0.11013327538967133
1790032204781535000,0.492534912109375,0.09816227108240128,0.07422025501728058,0.08858546614646912
1790032204791544800,0.502544921875,0.014365210197865963,0.10055647045373917,0.031124621629714966
1790032204801554700,0.5125546875,0.043095629662275314,-0.09576806426048279,0.09816227108240128
1790032204811595000,0.522594970703125,0.090979665517807,-0.16519992053508759,-0.016759412363171577
1790032204821665800,0.532665771484375,0.047884032130241394,-0.10773907601833344,-0.08619125932455063
1790032204841715700,0.5527158203125,0.10534487664699554,-0.08379705995321274,-0.14365209639072418
1790032204851725600,0.5627255859375,0.10055647045373917,-0.021547814831137657,0.047884032130241394
1790032204861704700,0.57270458984375,0.06224924325942993,0.12689268589019775,0.002394201699644327
1790032204871775500,0.582775390625,0.07422025501728058,-0.011971008032560349,-0.090979665517807
1790032204881785300,0.592785400390625,0.031124621629714966,0.05506663769483566,-0.07422025501728058
1790032204891795200,0.602795166015625,0.038307227194309235,0.033518824726343155,0.033518824726343155
1790032204901774300,0.6127744140625,0.06224924325942993,0.011971008032560349,-0.031124621629714966
1790032204931895300,0.642895263671875,-0.009576806798577309,-0.014365210197865963,0.12449848651885986
1790032204941935400,0.652935302734375,0.05027823522686958,-0.11013327538967133,0.10055647045373917
1790032204951945200,0.6629453125,0.0933738648891449,-0.040701430290937424,0.1173158809542656
1790032204972025900,0.68302587890625,0.16998831927776337,0.05985504388809204,0.1364694982767105
1790032204982066200,0.693066162109375,0.14365209639072418,0.0933738648891449,0.12928688526153564
1790032205002116000,0.7131162109375,0.13407529890537262,-0.019153613597154617,0.08379705995321274
1790032205012187000,0.723186767578125,0.17717093229293823,-0.05267243832349777,0.15083470940589905
1790032205022196700,0.73319677734375,-0.033518824726343155,-0.12928688526153564,0.05985504388809204
1790032205032237000,0.743237060546875,-0.06464344263076782,-0.028730420395731926,0.026336219161748886
1790032205042246700,0.75324658203125,0.11971008777618408,-0.040701430290937424,-0.07661445438861847
1790032205052256500,0.763256591796875,0.07422025501728058,0.002394201699644327,-0.035913024097681046
1790032205072367600,0.78336767578125,0.12210428714752197,0.05267243832349777,0.1364694982767105
1790032205092387000,0.803386962890625,0.08858546614646912,-0.06224924325942993,0.08379705995321274
1790032205102427400,0.813427490234375,0.10055647045373917,-0.035913024097681046,0.05506663769483566
1790032205112437200,0.823437255859375,0.033518824726343155,-0.10055647045373917,-0.004788403399288654
1790032205132517600,0.843517578125,-0.009576806798577309,-0.07422025501728058,0.002394201699644327
1790032205142558000,0.853557861328125,0.11971008777618408,-0.05506663769483566,0.08619125932455063
1790032205162669000,0.8736689453125,0.12210428714752197,-0.20350714027881622,0.17477671802043915
1790032205172679000,0.883678955078125,0.026336219161748886,-0.0694318488240242,0.12689268589019775
1790032205182719200,0.89371923828125,-0.05267243832349777,0.026336219161748886,-0.0694318488240242
1790032205252909600,0.96390966796875,-0.06224924325942993,0.2059013396501541,-0.22266076505184174
1790032205262919400,0.97391943359375,-0.035913024097681046,0.13168109953403473,-0.2106897532939911
1790032205272929000,0.983928955078125,0.05746084079146385,0.23702596127986908,-0.09816227108240128
1790032205282939000,0.99393896484375,0.009576806798577309,0.181959331035614,-0.26096799969673157
1790032205292979200,1.003979248046875,-0.05985504388809204,0.09576806426048279,-0.3471592366695404
1790032205313029000,1.024029052734375,-0.031124621629714966,-0.05027823522686958,-0.009576806798577309
1790032205323069400,1.0340693359375,0.06703764945268631,-0.028730420395731926,0.047884032130241394
1790032205333109800,1.04410986328125,0.1364694982767105,0.038307227194309235,-0.0454898327589035
1790032205353220900,1.064220947265625,0.12449848651885986,-0.13407529890537262,0.06224924325942993
1790032205363230700,1.074230712890625,0.12210428714752197,-0.1628057211637497,0.22266076505184174
1790032205373240300,1.084240234375,0.26336219906806946,-0.12210428714752197,0.21308395266532898
1790032205393321000,1.104321044921875,0.031124621629714966,-0.12689268589019775,0.11013327538967133
1790032205403330800,1.114330810546875,0.05027823522686958,-0.22026655077934265,0.05267243832349777
1790032205433451500,1.144451416015625,0.12689268589019775,-0.035913024097681046,-0.09576806426048279
1790032205443461400,1.15446142578125,-0.016759412363171577,-0.10773907601833344,0.023942016065120697
1790032205463511300,1.17451123046875,0.13407529890537262,-0.10773907601833344,0.33758243918418884
1790032205473521200,1.184521240234375,0.11252748221158981,-0.08619125932455063,-0.06224924325942993
1790032205483531000,1.194531005859375,0,-0.05985504388809204,-0.23942017555236816
1790032205503581000,1.214580810546875,0.033518824726343155,-0.011971008032560349,0.272938996553421
1790032205523631000,1.234631103515625,0.002394201699644327,0.004788403399288654,-0.4141969084739685
1790032205553751800,1.264751708984375,0.16998831927776337,-0.05027823522686958,0.1388636976480484
1790032205563792100,1.274792236328125,0.026336219161748886,-0.1149216815829277,-0.06703764945268631
1790032205573863000,1.28486279296875,0.021547814831137657,-0.08619125932455063,-0.10534487664699554
1790032205613963000,1.324962890625,0.11013327538967133,-0.09576806426048279,0.05506663769483566
1790032205624003300,1.33500341796875,0.07182604819536209,-0.009576806798577309,0.12210428714752197
1790032205694224400,1.405224365234375,0.07661445438861847,0.11252748221158981,-0.090979665517807
1790032205764414700,1.475414794921875,-0.002394201699644327,-0.031124621629714966,0
1790032205824626000,1.5356259765625,0.09576806426048279,-0.16998831927776337,0.016759412363171577
1790032205904795600,1.615795654296875,0.028730420395731926,-0.17238251864910126,-0.08858546614646912
1790032205964915200,1.675915283203125,0.047884032130241394,0.12928688526153564,0.0694318488240242
1790032205974955500,1.68595556640625,0.18914192914962769,0.06703764945268631,-0.05506663769483566
1790032206045176300,1.75617626953125,0.028730420395731926,-0.17956513166427612,0.22744916379451752
1790032206085246000,1.796245849609375,0.06703764945268631,0.028730420395731926,-0.043095629662275314
1790032206155375400,1.866375244140625,-0.009576806798577309,0.002394201699644327,0.16998831927776337
1790032206245555000,1.956554931640625,0.07661445438861847,-0.10295066982507706,0.009576806798577309
1790032206325724400,2.036724365234375,0.08619125932455063,-0.047884032130241394,0.002394201699644327
1790032206415965000,2.12696484375,0.11971008777618408,-0.11971008777618408,0.014365210197865963
1790032206425974800,2.136974853515625,0.10534487664699554,-0.028730420395731926,0.1412578970193863
1790032206435984600,2.146984619140625,0.1149216815829277,-0.040701430290937424,0.06464344263076782
1790032206445963800,2.1569638671875,0.24899697303771973,0.031124621629714966,-0.06224924325942993
1790032206456004000,2.167004150390625,0.10534487664699554,-0.043095629662275314,-0.011971008032560349
1790032206466044400,2.17704443359375,-0.10534487664699554,-0.08379705995321274,0.08619125932455063
1790032206496104200,2.207104248046875,0.12928688526153564,-0.12928688526153564,-0.14365209639072418
1790032206516123600,2.22712353515625,0.26575639843940735,-0.038307227194309235,0.304063618183136
1790032206556223700,2.2672236328125,0.019153613597154617,-0.42616790533065796,0.038307227194309235
1790032206566233600,2.277233642578125,0.11013327538967133,-0.2082955539226532,0.2777273952960968
1790032206576243500,2.287243408203125,0.09816227108240128,0.023942016065120697,0.06464344263076782
1790032206616343600,2.327343505859375,0.11252748221158981,0,0.16519992053508759
1790032206626353200,2.337353271484375,-0.05027823522686958,-0.1364694982767105,-0.3663128614425659
1790032206636393500,2.3473935546875,0.028730420395731926,-0.07661445438861847,-0.4357447028160095
1790032206656413000,2.367412841796875,0.13168109953403473,0,0.19632454216480255
1790032206746592500,2.457592529296875,0.040701430290937424,0.033518824726343155,0.1843535304069519
1790032206756602000,2.46760205078125,0.0933738648891449,0,0.08379705995321274
1790032206796702200,2.5077021484375,0.05746084079146385,-0.09816227108240128,0.0454898327589035
1790032206806712000,2.517712158203125,0.035913024097681046,-0.13168109953403473,0.08619125932455063
1790032206826762200,2.53776220703125,0.026336219161748886,0.026336219161748886,-0.023942016065120697
1790032206846781700,2.55778173828125,0.19871874153614044,-0.028730420395731926,-0.035913024097681046
1790032206866831600,2.57783154296875,0.009576806798577309,0,0.004788403399288654
1790032206886912300,2.597912353515625,0.11013327538967133,0.06224924325942993,-0.09576806426048279
1790032206896952600,2.60795263671875,0.1173158809542656,0.009576806798577309,0.1388636976480484
1790032206927012400,2.638012451171875,0.181959331035614,-0.047884032130241394,0.22026655077934265
1790032206936991700,2.64799169921875,0.15083470940589905,0.004788403399288654,0.13407529890537262
1790032206947031800,2.65803173828125,0.05267243832349777,-0.10773907601833344,-0.13168109953403473
1790032206957041700,2.668041748046875,0.10534487664699554,-0.22505496442317963,-0.1388636976480484
1790032206967051500,2.678051513671875,0.181959331035614,-0.15562310814857483,0.10534487664699554
1790032207007090400,2.71809033203125,-0.07182604819536209,-0.19153612852096558,0.06703764945268631
1790032207017192000,2.72819189453125,-0.026336219161748886,-0.2585737705230713,0.12210428714752197
1790032207067271200,2.778271240234375,0.1628057211637497,-0.0071826050989329815,0.16998831927776337
1790032207087321000,2.798321044921875,0.13168109953403473,-0.021547814831137657,-0.035913024097681046
1790032207097361400,2.808361328125,0.17477671802043915,-0.038307227194309235,-0.2106897532939911
1790032207107371300,2.818371337890625,0.2082955539226532,-0.08619125932455063,0
1790032207117411600,2.82841162109375,0.24420857429504395,-0.07661445438861847,0.23942017555236816
1790032207127452000,2.838451904296875,0.20111294090747833,0.011971008032560349,0.1843535304069519
1790032207147471400,2.858471435546875,0.22744916379451752,0.06703764945268631,0.06464344263076782
1790032207157481200,2.868481201171875,0.1364694982767105,0.24660277366638184,-0.016759412363171577
1790032207167490800,2.87849072265625,-0.06464344263076782,0.43095630407333374,0.08619125932455063
1790032207187510500,2.898510498046875,-0.12449848651885986,0.6799532771110535,0.6823474764823914
1790032207197550600,2.908550537109375,-0.16519992053508759,0.31603461503982544,0.9289502501487732
1790032207207560400,2.918560546875,0.038307227194309235,-0.31364041566848755,0.5817909836769104
1790032207237650700,2.948650634765625,0.3064578175544739,0.6009446382522583,-0.07661445438861847
1790032207247691000,2.95869091796875,0.272938996553421,1.0295066833496094,-0.10055647045373917
1790032207257731300,2.9687314453125,0.16759411990642548,1.6136919260025024,0.002394201699644327
1790032207267741200,2.9787412109375,-0.07900865375995636,2.7509377002716064,0.1843535304069519
1790032207277812000,2.98881201171875,-0.16759411990642548,2.6024973392486572,0.42377370595932007
1790032207287821800,2.99882177734375,-0.26096799969673157,2.9759926795959473,0.3064578175544739
1790032207297831400,3.00883154296875,-0.42377370595932007,2.3511061668395996,0.33758243918418884
1790032207307841300,3.01884130859375,-0.646434485912323,2.7030537128448486,-0.05506663769483566
1790032207327922000,3.038921875,-0.9193734526634216,2.9233202934265137,0.5746083855628967
1790032207398020600,3.1090205078125,-0.7469909191131592,4.484339714050293,0.5554547905921936
1790032207438059800,3.149059814453125,-1.4413094520568848,4.508281707763672,-0.42616790533065796
1790032207488139000,3.199138916015625,-2.2146365642547607,5.128379821777344,-0.18914192914962769
1790032207498179300,3.209179443359375,-2.2840683460235596,4.865017890930176,-0.33518823981285095
1790032207508158700,3.21915869140625,-2.47560453414917,4.41969633102417,-0.5003881454467773
1790032207518198800,3.22919873046875,-2.765302896499634,3.529053211212158,-0.9097966551780701
1790032207548258800,3.2592587890625,-2.233790159225464,2.0446481704711914,-0.768538773059845
1790032207558268400,3.269268310546875,-2.10210919380188,1.7741034030914307,-0.7589619159698486
1790032207568308700,3.279308837890625,-2.027888774871826,1.7310078144073486,-0.8068459630012512
1790032207578318600,3.289318603515625,-1.745373010635376,1.4317326545715332,-0.8978256583213806
1790032207598399000,3.30939892578125,-1.4891934394836426,2.3080103397369385,-0.6536170840263367
1790032207648539400,3.359539306640625,-2.827552318572998,0.6703764796257019,-1.357512354850769
1790032207658549200,3.36954931640625,-2.873042106628418,-0.1173158809542656,-1.1779472827911377
1790032207668589600,3.379589599609375,-2.164358377456665,0.3208230137825012,-1.680729627609253
1790032207678599200,3.38959912109375,-2.22660756111145,0.8571242094039917,-1.8483237028121948
1790032207688609000,3.399609130859375,-2.4468741416931152,0.3064578175544739,-1.7381904125213623
1790032207698619000,3.409618896484375,-2.209848165512085,-0.8212111592292786,-1.400607943534851
1790032207728709000,3.439709228515625,-2.2409727573394775,-1.4844050407409668,-1.7118542194366455
1790032207748789800,3.459789794921875,-2.2242133617401123,-1.5682021379470825,-1.0462661981582642
1790032207758830000,3.469830078125,-2.030282974243164,-1.4221558570861816,-1.599326729774475
1790032207768870400,3.479870361328125,-2.1715409755706787,-0.7757213711738586,-1.764526605606079
1790032207778910500,3.489910400390625,-2.5258827209472656,-1.0773907899856567,-1.2234370708465576
1790032207809031400,3.520031494140625,-3.045424461364746,-1.8411411046981812,-1.699883222579956
1790032207819071700,3.53007177734375,-2.6671407222747803,-2.5737667083740234,-1.0606313943862915
1790032207829081300,3.540081298828125,-2.4396915435791016,-2.58813214302063,-0.9361328482627869
1790032207839121700,3.55012158203125,-2.4588451385498047,-2.6455929279327393,-1.2880805730819702
1790032207849162000,3.560161865234375,-2.4803929328918457,-2.7676970958709717,-1.256955862045288
1790032207869181400,3.580181396484375,-2.43011474609375,-2.75812029838562,-1.1228805780410767
1790032207879221800,3.5902216796875,-2.4899697303771973,-3.2417490482330322,-0.9648633003234863
1790032207889231600,3.600231689453125,-2.0015525817871094,-2.8802247047424316,-0.9576807022094727
1790032207909251000,3.6202509765625,-1.7764976024627686,-3.428496837615967,-0.4118026793003082
1790032207919261000,3.630260986328125,-1.8124107122421265,-3.6942532062530518,-0.7493851184844971
1790032207929270800,3.640270751953125,-1.9967641830444336,-4.335899353027344,-0.7852981686592102
1790032207939310800,3.650310791015625,-1.4700398445129395,-4.331110954284668,-0.7326257228851318
1790032207989482000,3.70048193359375,-1.37906014919281,-4.900930881500244,0.1388636976480484
1790032207999491600,3.71049169921875,-0.5578489899635315,-6.552929878234863,-0.4812345504760742
1790032208009501400,3.72050146484375,0.16519992053508759,-5.992686748504639,-1.2737152576446533
1790032208019541800,3.730541748046875,-0.6320692300796509,-3.3877954483032227,-0.9959878921508789
1790032208029551400,3.74055126953125,-1.0438719987869263,-3.071760892868042,0.12689268589019775
1790032208039622100,3.7506220703125,-0.667982280254364,-4.431667327880859,0.4381389021873474
1790032208049632000,3.760632080078125,-1.0582371950149536,-5.171475887298584,0.06224924325942993
1790032208059641900,3.770641845703125,-1.8579005002975464,-5.9519853591918945,-0.2346317619085312
1790032208069682200,3.78068212890625,-1.3862427473068237,-6.531382083892822,-0.49799394607543945
1790032208079691800,3.79069189453125,-0.6105214357376099,-5.681440830230713,-0.507570743560791
1790032208089732000,3.800732177734375,-0.950498104095459,-4.395754337310791,-0.47405192255973816
1790032208099742000,3.810741943359375,-1.072602391242981,-3.77565598487854,-0.33997663855552673
1790032208109751600,3.82075146484375,-0.9265560507774353,-4.422090530395508,-0.2801215946674347
1790032208119761400,3.830761474609375,-0.7948749661445618,-5.272032260894775,0
1790032208129771300,3.840771240234375,-0.7805097699165344,-5.310339450836182,0.17477671802043915
1790032208139811300,3.850811279296875,-0.7086837291717529,-5.4659624099731445,0.40940847992897034
1790032208149821200,3.8608212890625,-0.6655880808830261,-5.652710437774658,0.24181437492370605
1790032208159831000,3.8708310546875,-0.7613561153411865,-5.439626216888428,-0.4165911078453064
1790032208219981000,3.93098095703125,-0.004788403399288654,-3.97916316986084,0.6727706789970398
1790032208290263000,4.001262939453125,-1.4053963422775269,-2.31758713722229,-0.13407529890537262
1790032208320353500,4.031353515625,-2.1045033931732178,-1.8195933103561401,-0.05506663769483566
1790032208330363100,4.041363037109375,-2.564189910888672,-2.0398597717285156,-0.1843535304069519
1790032208340403500,4.051403564453125,-2.4636335372924805,-1.7286136150360107,0.011971008032560349
1790032208350443800,4.06144384765625,-2.499546527862549,-0.8355764150619507,-0.18914192914962769
1790032208360453600,4.07145361328125,-2.6431987285614014,-0.2537853717803955,-0.8930372595787048
1790032208370494000,4.081493896484375,-2.612074136734009,-0.790086567401886,-0.9097966551780701
1790032208380503600,4.091503662109375,-2.650381326675415,-1.039083480834961,-0.6943184733390808
1790032208400523000,4.11152294921875,-2.6815059185028076,-1.7310078144073486,-0.19632454216480255
1790032208410532900,4.121532958984375,-2.911349296569824,-1.5322890281677246,-0.5985504388809204
1790032208420603600,4.131603759765625,-2.6168625354766846,-1.1061211824417114,-1.115697979927063
1790032208430613500,4.141613525390625,-2.2816741466522217,0.1604115068912506,-1.4197616577148438
1790032208450694100,4.161694091796875,-1.8818424940109253,0.24420857429504395,-0.7613561153411865
1790032208460734200,4.171734130859375,-1.968033790588379,-0.3471592366695404,-0.26575639843940735
1790032208500834300,4.211834228515625,-1.745373010635376,1.0055646896362305,-1.6304513216018677
1790032208510844200,4.22184423828125,-1.5610195398330688,0.9696516990661621,-1.0199298858642578
1790032208520854000,4.23185400390625,-1.0630255937576294,0.6584054827690125,-0.08379705995321274
1790032208530894300,4.241894287109375,-1.1085153818130493,-0.7781155705451965,-0.011971008032560349
1790032208540904000,4.251904052734375,-1.0654197931289673,-0.6200982332229614,-0.8475474119186401
1790032208550913800,4.261913818359375,-0.8930372595787048,0.009576806798577309,-1.6855180263519287
1790032208570933200,4.281933349609375,-1.4173674583435059,1.9321208000183105,-1.0989385843276978
1790032208611033300,4.322033447265625,-1.6424223184585571,-0.7876923680305481,-0.9265560507774353
1790032208621104000,4.332104248046875,-1.381454348564148,-0.29209262132644653,-0.7422025203704834
1790032208641154300,4.352154296875,-1.50355863571167,3.00711727142334,-1.2066776752471924
1790032208651194600,4.362194580078125,-1.6950948238372803,1.821987509727478,-0.8643068075180054
1790032208661204200,4.372204345703125,-1.5083470344543457,1.048660397529602,-0.7781155705451965
1790032208671214000,4.382214111328125,-1.867477297782898,0.26575639843940735,-0.8259995579719543
1790032208681223700,4.3922236328125,-1.7381904125213623,-1.2282254695892334,-0.38307225704193115
1790032208731364000,4.442364013671875,-0.5363011956214905,1.0199298858642578,-0.8451532125473022
1790032208741435000,4.452434814453125,-0.5171475410461426,0.3064578175544739,-0.37828385829925537
1790032208761515500,4.472515625,-1.0223240852355957,-0.524330198764801,-0.5123591423034668
1790032208771525400,4.482525390625,-0.6967126727104187,-0.2298433631658554,-0.7038952708244324
1790032208781565700,4.492565673828125,-0.7254431247711182,0.38067805767059326,-1.1516109704971313
1790032208791605800,4.502605712890625,-0.5746083855628967,0.6823474764823914,-1.3718775510787964
1790032208891947800,4.60294775390625,-0.5386953949928284,0.7876923680305481,-0.9097966551780701
1790032208901957400,4.612957275390625,-0.849941611289978,0.5626373887062073,-0.9576807022094727
1790032208972117200,4.6831171875,-1.0534487962722778,0.43335050344467163,-0.7852981686592102
1790032209022257700,4.733257568359375,-0.6224924325942993,0.002394201699644327,-0.4429273009300232
1790032209042307800,4.753307861328125,-0.3423708379268646,-0.17477671802043915,-0.4165911078453064
1790032209092478700,4.803478759765625,-0.5770025849342346,0.0694318488240242,-0.42377370595932007
1790032209102488600,4.813488525390625,-0.7733271718025208,-0.507570743560791,-0.1388636976480484
1790032209132578800,4.843578857421875,-1.1061211824417114,-0.3519476354122162,-0.6248866319656372
1790032209142619100,4.853619140625,-1.2234370708465576,-0.05746084079146385,-0.7589619159698486
1790032209152628700,4.863628662109375,-1.192312479019165,-0.19871874153614044,-0.7182605266571045
1790032209553660400,5.264660400390625,-0.6775590777397156,2.2625205516815186,0.43335050344467163
1790032209563670000,5.274669921875,-0.8451532125473022,2.142810583114624,0.3495534360408783
1790032209573679900,5.284679931640625,-0.8954314589500427,2.47560453414917,-0.033518824726343155
1790032209583720200,5.29472021484375,-1.048660397529602,2.6623523235321045,-0.4668693244457245
1790032209593729800,5.304729736328125,-1.2114660739898682,2.7724854946136475,-0.23702596127986908
1790032209603770000,5.31477001953125,-1.3431471586227417,2.5977089405059814,-0.3016694188117981
1790032209613780000,5.324780029296875,-1.4915876388549805,2.3965959548950195,-0.5626373887062073
1790032209643870200,5.3548701171875,-1.6280571222305298,2.0207061767578125,-0.5171475410461426
1790032209653880000,5.364880126953125,-1.6160861253738403,2.0231003761291504,-0.5315127968788147
1790032209663920400,5.37492041015625,-1.656787633895874,2.233790159225464,-0.8571242094039917
1790032209673960700,5.384960693359375,-2.123656988143921,1.6328455209732056,-1.1037269830703735
1790032209683970300,5.39497021484375,-2.233790159225464,1.414973258972168,-1.2832920551300049
1790032209704051000,5.415051025390625,-2.4013843536376953,1.482010841369629,-1.4173674583435059
1790032209714060800,5.425060791015625,-2.2840683460235596,1.2497732639312744,-0.8882488012313843
1790032209724070400,5.4350703125,-2.4468741416931152,0.9816226959228516,-0.7757213711738586
1790032209794291500,5.50529150390625,-1.965639591217041,0.3232172429561615,-1.436521053314209
1790032209854411000,5.565410888671875,0.9840168952941895,0.8259995579719543,-1.7597382068634033
1790032209924510000,5.635510009765625,-3.181894063949585,-1.0271124839782715,-1.8483237028121948
1790032209954631000,5.665630859375,-2.920926094055176,0.2849099934101105,-2.1356279850006104
1790032210054881000,5.765881103515625,-2.626439332962036,-1.4245500564575195,-1.2401964664459229
1790032210145243600,5.85624365234375,-2.4803929328918457,-3.138798475265503,-0.9983820915222168
1790032210155253200,5.866253173828125,-1.5490485429763794,-2.5905263423919678,-1.5203180313110352
1790032210215403500,5.926403564453125,-0.9169792532920837,-4.431667327880859,-0.6416460275650024
1790032210285533000,5.996532958984375,-1.5921441316604614,-4.017470359802246,0.06703764945268631
1790032210325602600,6.0366025390625,-1.4293384552001953,-4.687847137451172,-0.20111294090747833
1790032210405772000,6.11677197265625,-1.8579005002975464,-4.146757125854492,0.07182604819536209
1790032210465861400,6.176861328125,-0.2082955539226532,-3.162740468978882,-0.11971008777618408
1790032210495890400,6.206890380859375,-1.482010841369629,-3.292027235031128,-0.05027823522686958
1790032210546000400,6.25700048828125,-1.8579005002975464,-2.4181437492370605,-1.5825673341751099
1790032210556010200,6.26701025390625,-2.2146365642547607,-1.3910311460494995,-1.01753568649292
1790032210636271400,6.347271240234375,-2.537853717803955,-0.9600749015808105,-0.8092401623725891
1790032210716410600,6.42741064453125,-2.4157495498657227,-0.22026655077934265,-0.7709329724311829
1790032210776530200,6.4875302734375,-2.2864625453948975,0.27054479718208313,-0.7805097699165344
1790032210786540000,6.4975400390625,-1.9800047874450684,-0.1628057211637497,-0.3280056416988373
1790032210816569300,6.5275693359375,-1.8411411046981812,0.2082955539226532,-0.8619126081466675
1790032210906779100,6.617779052734375,-0.8930372595787048,0.33039984107017517,-0.3280056416988373
1790032210956919600,6.66791943359375,-0.8930372595787048,0.706289529800415,-0.730231523513794
1790032210966929400,6.677929443359375,-0.9816226959228516,0.9720458984375,-0.7469909191131592
1790032210976969700,6.6879697265625,-0.9840168952941895,0.8140285611152649,-0.7469909191131592
1790032210986979300,6.697979248046875,-1.1779472827911377,0.2585737705230713,-0.7589619159698486
1790032210996989200,6.7079892578125,-1.1061211824417114,-0.38307225704193115,-0.5410895943641663
1790032211007029500,6.718029541015625,-1.1875240802764893,-0.37828385829925537,-0.6200982332229614
1790032211017039400,6.728039306640625,-1.3407529592514038,0.13407529890537262,-0.8259995579719543
1790032211027079400,6.738079345703125,-1.2234370708465576,0.17956513166427612,-1.0223240852355957
1790032211037089300,6.74808935546875,-1.0031704902648926,-0.11013327538967133,-1.1875240802764893
1790032211047129600,6.758129638671875,-1.0558429956436157,-0.1867477297782898,-1.2545616626739502
1790032211057170000,6.768169921875,-1.0247182846069336,-1.0007762908935547,-1.1300631761550903
1790032211067179500,6.778179443359375,-0.9313444495201111,-0.21787235140800476,-1.290474772453308
1790032211077189400,6.788189453125,-0.8954314589500427,-0.14844051003456116,-1.1061211824417114
1790032211087229700,6.798229736328125,-0.5051765441894531,-0.5363011956214905,-0.8619126081466675
1790032211097239600,6.808239501953125,-0.47405192255973816,-0.608127236366272,-0.7781155705451965
1790032211117289500,6.82828955078125,-0.7038952708244324,-0.7972691655158997,-1.2473790645599365
1790032211127299300,6.83829931640625,-0.706289529800415,-0.689530074596405,-1.139639973640442
1790032211137309000,6.848308837890625,-0.6272808313369751,-0.5291185975074768,-1.235408067703247
1790032211147318800,6.85831884765625,-0.5171475410461426,-0.6105214357376099,-1.173158884048462
1790032211157328600,6.86832861328125,-0.3902548849582672,0,-0.9576807022094727
1790032211177348000,6.88834814453125,-0.5363011956214905,-0.3064578175544739,-0.5339069962501526
1790032211187419000,6.8984189453125,-0.6224924325942993,-0.6392518281936646,-0.5363011956214905
1790032211207438300,6.918438232421875,-0.9265560507774353,-0.14365209639072418,-0.5674257874488831
1790032211227519000,6.93851904296875,-0.33997663855552673,0.21308395266532898,-0.5219359993934631
1790032211237528800,6.94852880859375,-0.6392518281936646,0.3926490843296051,-0.8690952062606812
1790032211297678800,7.008678955078125,-0.2849099934101105,0.6033388376235962,-0.36152446269989014
1790032211307719200,7.01871923828125,-0.28969839215278625,0.4118026793003082,-0.6177040338516235
1790032211327769000,7.03876904296875,-0.689530074596405,0.6320692300796509,-0.07661445438861847
1790032211337779000,7.048779052734375,-0.9983820915222168,0.5099649429321289,-0.10773907601833344
1790032211357829000,7.0688291015625,-0.8188169598579407,0.363918662071228,-0.3256114423274994
1790032211367838700,7.078838623046875,-0.7709329724311829,0.2322375625371933,-0.17477671802043915
1790032211377879000,7.088879150390625,-0.49559974670410156,0.6416460275650024,0.08619125932455063
1790032211437968100,7.148968017578125,-0.646434485912323,-0.20350714027881622,0.17477671802043915
1790032211458018300,7.169018310546875,-0.5171475410461426,-0.12928688526153564,-0.22744916379451752
1790032211468058600,7.17905859375,-0.44532153010368347,-0.033518824726343155,-0.16998831927776337
1790032211478098700,7.1890986328125,-0.4884171485900879,0.2346317619085312,0.08379705995321274
1790032211488108500,7.199108642578125,-0.38546648621559143,0.17477671802043915,0.26815059781074524
1790032211498118400,7.209118408203125,-0.3064578175544739,0.08619125932455063,0.20350714027881622
1790032211508158700,7.21915869140625,-0.507570743560791,0.1412578970193863,0
1790032211538279400,7.249279541015625,-0.6943184733390808,-0.5123591423034668,0.37828385829925537
1790032211578440700,7.289440673828125,-0.667982280254364,-0.2513911724090576,0.08858546614646912
1790032211618510000,7.329510009765625,-0.2825157940387726,0.08858546614646912,0.24660277366638184
1790032211678599200,7.38959912109375,-0.4381389021873474,0.011971008032560349,0.2346317619085312
1790032211728770300,7.439770263671875,-0.08379705995321274,0.3519476354122162,0.5985504388809204
1790032211819071700,7.53007177734375,-0.21308395266532898,2.9041666984558105,0.5961562395095825
1790032211919321900,7.63032177734375,-1.3838485479354858,3.6846764087677,0.933738648891449
1790032211989512400,7.700512451171875,-2.3774423599243164,3.6367924213409424,0.8188169598579407
1790032212079722200,7.79072216796875,-2.518700122833252,2.7700912952423096,-1.1180921792984009
1790032212169962800,7.880962646484375,-3.35667085647583,1.4389152526855469,-1.5682021379470825
1790032212220072700,7.93107275390625,-3.0789434909820557,0.586579442024231,-1.6543933153152466
1790032212230082600,7.94108251953125,-3.162740468978882,0.31364041566848755,-1.8555063009262085
1790032212240092200,7.951092041015625,-3.421314239501953,-0.2944868206977844,-2.0805611610412598
1790032212250102000,7.96110205078125,-3.5625722408294678,-0.7829039692878723,-2.051830768585205
1790032212260112000,7.97111181640625,-3.406949043273926,-0.5482721924781799,-2.2002713680267334
1790032212270152000,7.98115185546875,-3.756502389907837,-0.5817909836769104,-2.868253707885742
1790032212300242400,8.011242431640625,-4.730942726135254,-0.9552865028381348,-2.142810583114624
1790032212310282800,8.02128271484375,-4.6040496826171875,-1.3311761617660522,-2.31758713722229
1790032212320292400,8.031292236328126,-4.534617900848389,-1.9488801956176758,-2.1380221843719482
1790032212330302200,8.04130224609375,-3.5410242080688477,-1.3718775510787964,-2.248155355453491
1790032212340312000,8.05131201171875,-3.4763808250427246,-0.8667010068893433,-2.274491548538208
1790032212400431600,8.111431640625,-2.1499931812286377,-2.008735179901123,-1.5490485429763794
1790032212420512300,8.13151220703125,-2.8107926845550537,-2.4803929328918457,-2.2146365642547607
1790032212430521900,8.14152197265625,-3.466804027557373,-2.6384103298187256,-2.097320795059204
1790032212460612400,8.1716123046875,-2.315192937850952,-3.912125587463379,-1.436521053314209
1790032212480631800,8.1916318359375,-1.7884687185287476,-3.098097085952759,-1.8962076902389526
1790032212530772200,8.241772216796875,-2.1045033931732178,-4.764461517333984,-1.192312479019165
1790032212560862500,8.271862548828125,-1.9057846069335938,-5.216965675354004,-1.1971008777618408
1790032212570872300,8.281872314453125,-2.5258827209472656,-4.819528102874756,-1.048660397529602
1790032212580912600,8.29191259765625,-2.9664158821105957,-5.070919036865234,-0.48602294921875
1790032212600932000,8.31193212890625,-1.482010841369629,-4.9583916664123535,-0.07661445438861847
1790032212620982000,8.33198193359375,-1.922544002532959,-5.635950565338135,-0.5650315880775452
1790032212671122400,8.382122314453126,-0.9696516990661621,-4.754884719848633,-0.2944868206977844
1790032212681132300,8.39213232421875,-1.1037269830703735,-4.434061527252197,-0.304063618183136
1790032212691172600,8.402172607421875,-0.9481038451194763,-4.623203277587891,-0.19871874153614044
1790032212701182200,8.41218212890625,-1.039083480834961,-4.268861770629883,-0.16998831927776337
1790032212711222500,8.422222412109376,-1.3982137441635132,-4.055777549743652,-0.1388636976480484
1790032212721232400,8.432232421875,-1.5107412338256836,-4.335899353027344,0.08619125932455063
1790032212731242200,8.4422421875,-1.766920804977417,-4.484339714050293,-0.10534487664699554
1790032212761302000,8.472302001953125,-1.678335428237915,-3.2393548488616943,-0.26336219906806946
1790032212771342300,8.48234228515625,-1.37906014919281,-3.0119056701660156,-0.23702596127986908
1790032212781352000,8.49235205078125,-1.3742717504501343,-3.064578056335449,-0.22505496442317963
1790032212791361800,8.50236181640625,-1.5945383310317993,-2.738966703414917,-0.33039984107017517
1790032212801371400,8.512371337890626,-2.049436569213867,-2.1092917919158936,-0.6416460275650024
1790032212831462000,8.5424619140625,-1.9105730056762695,-1.721431016921997,-0.6703764796257019
1790032212841502200,8.552502197265625,-1.6663644313812256,-1.5275006294250488,-0.646434485912323
1790032212871592400,8.582592529296875,-2.293645143508911,-1.6831238269805908,-1.0989385843276978
1790032212911723000,8.622722900390626,-1.455674648284912,0.2753331959247589,-1.2497732639312744
1790032212971812000,8.68281201171875,-2.2361843585968018,-0.26575639843940735,-0.8403648138046265
1790032212981822000,8.692822021484375,-2.2673089504241943,0.5003881454467773,-1.3287819623947144
1790032213001841400,8.71284130859375,-2.760514497756958,0.6943184733390808,-1.8794482946395874
1790032213021891600,8.7328916015625,-2.10210919380188,0.5506663918495178,-0.7230489253997803
1790032213031932000,8.742931884765625,-1.625662922859192,-0.304063618183136,-0.5985504388809204
1790032213051951400,8.762951416015625,-2.382230758666992,-0.6727706789970398,-1.4939818382263184
1790032213061961200,8.772961181640625,-2.671929121017456,-0.7637503147125244,-1.2761094570159912
1790032213082041600,8.79304150390625,-2.207453966140747,0.16998831927776337,-0.7230489253997803
1790032213092051500,8.803051513671875,-1.4891934394836426,0.8188169598579407,-0.6033388376235962
1790032213102061300,8.813061279296875,-0.8307880163192749,0.8212111592292786,-0.8475474119186401
1790032213112071000,8.82307080078125,-0.7493851184844971,0.6823474764823914,-1.625662922859192
1790032213122080800,8.833080810546875,-1.2832920551300049,0.07900865375995636,-2.073378562927246
1790032213132151600,8.843151611328125,-1.625662922859192,-0.4189853072166443,-1.1803414821624756
1790032213142161400,8.853161376953125,-1.8124107122421265,-0.2513911724090576,0.15801730751991272
1790032213152201500,8.863201416015626,-1.965639591217041,-0.3734954595565796,0.4572925269603729
1790032213162211300,8.87321142578125,-1.9153614044189453,-0.42616790533065796,-0.35434186458587646
1790032213172221200,8.88322119140625,-1.7070658206939697,-0.3663128614425659,-1.0103530883789062
1790032213202250500,8.91325048828125,-1.1468225717544556,0.2753331959247589,-0.646434485912323
1790032213212260000,8.923260009765626,-1.278503656387329,0.3519476354122162,-0.8451532125473022
1790032213222300400,8.933300537109375,-1.6065093278884888,0.1149216815829277,-0.7398083209991455
1790032213232310300,8.943310302734375,-1.702277421951294,-0.10295066982507706,-0.4572925269603729
1790032213242320000,8.95331982421875,-1.7956513166427612,0,-0.1388636976480484
1790032213252329700,8.963329833984375,-1.900996208190918,0.28730419278144836,-0.31124621629714966
1790032213262339600,8.973339599609375,-1.9919757843017578,-0.08619125932455063,-0.507570743560791
1790032213272349200,8.98334912109375,-2.0422539710998535,-0.45250412821769714,-0.2992752194404602
1790032213282389500,8.993389404296876,-1.9488801956176758,-0.09576806426048279,-0.6057330369949341
1790032213322489600,9.033489501953126,-1.9919757843017578,-0.0694318488240242,-0.3423708379268646
1790032213342570200,9.0535703125,-1.6687586307525635,0.24660277366638184,-0.6560112833976746
1790032213412699600,9.12369970703125,-0.8523358106613159,-0.047884032130241394,-0.45489832758903503
1790032213422709500,9.13370947265625,-1.036689281463623,-0.6033388376235962,-0.27054479718208313
1790032213442759400,9.153759521484375,-1.4987702369689941,0.38546648621559143,-0.5913678407669067
1790032213502848500,9.2138486328125,-0.9624691009521484,0.12210428714752197,-0.49799394607543945
1790032213522868000,9.233867919921876,-1.0127472877502441,-0.3663128614425659,0.035913024097681046
1790032213583048700,9.294048583984376,-0.3256114423274994,0.6560112833976746,-0.040701430290937424
1790032213593058600,9.30405859375,-0.38067805767059326,0.6823474764823914,-0.13168109953403473
1790032213603129300,9.31412939453125,-0.5099649429321289,0.12689268589019775,-0.011971008032560349
1790032213613139200,9.32413916015625,-0.5985504388809204,-0.009576806798577309,-0.1173158809542656
1790032213623210000,9.3342099609375,-0.6200982332229614,-0.5554547905921936,-0.08379705995321274
1790032213643260000,9.354260009765625,-0.8786720037460327,-0.15801730751991272,-0.7038952708244324
1790032213653269800,9.364269775390625,-0.8475474119186401,0.19393034279346466,-0.5171475410461426
1790032213663310000,9.37431005859375,-0.47405192255973816,0.031124621629714966,-0.4836287498474121
1790032213673350100,9.38435009765625,-0.47405192255973816,-0.08619125932455063,-0.2992752194404602
1790032213703379500,9.41437939453125,-0.9074024558067322,-0.08379705995321274,-0.6440402865409851
1790032213713419800,9.424419677734376,-0.7637503147125244,-0.2346317619085312,-0.5315127968788147
1790032213723429600,9.4344296875,-0.7326257228851318,-0.26815059781074524,-0.5793967843055725
1790032213743479600,9.4544794921875,-0.646434485912323,0.0454898327589035,-0.6560112833976746
1790032213753489400,9.464489501953125,-0.7230489253997803,-0.16519992053508759,-0.730231523513794
1790032213763529700,9.47452978515625,-0.8092401623725891,-0.3064578175544739,-0.6607996821403503
1790032213773539600,9.48453955078125,-0.9672574996948242,0.0933738648891449,-0.3016694188117981
1790032213803629800,9.5146298828125,-0.7661445140838623,-0.19393034279346466,-0.35673606395721436
1790032213833689600,9.544689697265625,-0.586579442024231,-0.35673606395721436,-0.16759411990642548
1790032213853770200,9.564770263671875,-0.28730419278144836,-0.05746084079146385,0.1388636976480484
1790032213863779800,9.57477978515625,-0.22505496442317963,0.1604115068912506,-0.12928688526153564
1790032213873789700,9.584789794921875,-0.28730419278144836,-0.019153613597154617,-0.26815059781074524
1790032213883799600,9.594799560546875,-0.2082955539226532,-0.15562310814857483,-0.035913024097681046
1790032213893840000,9.60483984375,-0.1412578970193863,-0.07422025501728058,0.035913024097681046
1790032213913889800,9.624889892578125,-0.5602431893348694,0.19632454216480255,-0.05506663769483566
1790032213923899600,9.634899658203125,-0.569819986820221,-0.2944868206977844,0.507570743560791
1790032213943949600,9.654949462890626,-0.5291185975074768,-0.17238251864910126,0.11013327538967133
1790032213953959400,9.66495947265625,-0.5363011956214905,-0.14365209639072418,0.2513911724090576
1790032213963999700,9.674999755859375,-0.42856210470199585,-0.14365209639072418,0.38067805767059326
1790032213974009300,9.68500927734375,-0.43335050344467163,0.0071826050989329815,0.3974374830722809
1790032213984019200,9.695019287109375,-0.40940847992897034,0.4908113479614258,0.24420857429504395
1790032213994029000,9.705029052734375,-0.38067805767059326,0.2082955539226532,0.6177040338516235
1790032214004069400,9.7150693359375,-0.2801215946674347,0.14365209639072418,0.5339069962501526
1790032214014079000,9.725078857421876,-0.6560112833976746,0.5363011956214905,0.4381389021873474
1790032214024119300,9.735119384765625,-0.42616790533065796,0.05027823522686958,0.5171475410461426
1790032214084238800,9.79523876953125,-0.1628057211637497,1.4891934394836426,0.11252748221158981
1790032214104258600,9.815258544921875,-0.3758896589279175,1.7142484188079834,0.706289529800415
1790032214114299000,9.825298828125,-0.3519476354122162,1.7525556087493896,1.0103530883789062
1790032214124278000,9.835278076171875,-0.47165772318840027,1.5418659448623657,1.1300631761550903
1790032214184397600,9.8953974609375,-0.38546648621559143,2.3702597618103027,0.8547300100326538
1790032214194438000,9.90543798828125,-0.272938996553421,2.6862943172454834,0.5291185975074768
1790032214224528100,9.935528076171876,-0.6512228846549988,3.069366693496704,0.5793967843055725
1790032214234538000,9.9455380859375,-0.768538773059845,2.4157495498657227,0.9911994934082031
1790032214244547800,9.9555478515625,-0.9361328482627869,2.52109432220459,0.8954314589500427
1790032214254527000,9.96552685546875,-1.2066776752471924,2.832340717315674,0.06703764945268631
1790032214264567300,9.9755673828125,-1.7166426181793213,2.913743495941162,-0.28730419278144836
1790032214274607600,9.985607666015625,-1.9345149993896484,2.207453966140747,0.0694318488240242
1790032214284617500,9.995617431640625,-2.027888774871826,2.296039342880249,0.8140285611152649
1790032214294627000,10.005626953125,-2.0853497982025146,3.1435868740081787,1.0630255937576294
1790032214304637000,10.015636962890625,-1.7477672100067139,3.8786067962646484,0.5003881454467773
1790032214324686800,10.035686767578126,-1.292868971824646,3.4739866256713867,0.8403648138046265
1790032214334666200,10.045666259765625,-1.5298948287963867,2.7246015071868896,0.5195417404174805
1790032214374736000,10.08573583984375,-2.0398597717285156,2.5067291259765625,-0.13407529890537262
1790032214414774800,10.12577490234375,-1.5945383310317993,2.03507137298584,-0.16519992053508759
1790032214454814000,10.16581396484375,-1.6927006244659424,2.0590133666992188,-1.0893617868423462
1790032214484873700,10.195873779296875,-1.9129672050476074,3.287238836288452,-0.6560112833976746
1790032214514903000,10.225903076171875,-3.9001545906066895,0.2777273952960968,-1.2521674633026123
1790032214564982300,10.275982177734376,-3.6296098232269287,1.8291701078414917,-2.183511972427368
1790032214574992100,10.2859921875,-3.663128614425659,1.6735470294952393,-1.8171991109848022
1790032214584971300,10.29597119140625,-3.818751811981201,1.0749965906143188,-1.8842366933822632
1790032214594981000,10.305981201171875,-3.818751811981201,0.2585737705230713,-2.1811177730560303
1790032214625102000,10.33610205078125,-3.689464807510376,-0.12449848651885986,-1.9297266006469727
1790032214635081200,10.346081298828125,-3.536235809326172,-0.11013327538967133,-2.2218191623687744
1790032214645121500,10.35612158203125,-3.869029998779297,-0.4668693244457245,-2.5929205417633057
1790032214655131400,10.36613134765625,-3.909731388092041,-1.0007762908935547,-2.58813214302063
1790032214665141000,10.37614111328125,-3.847482204437256,-0.9074024558067322,-2.7892448902130127
1790032214675181300,10.386181396484375,-3.7181951999664307,-1.0989385843276978,-2.691082715988159
1790032214685191200,10.396191162109375,-3.0885202884674072,-0.9265560507774353,-2.535459518432617
1790032214695200800,10.40620068359375,-3.093308687210083,-0.5099649429321289,-2.3319525718688965
1790032214705210600,10.416210693359375,-3.0861260890960693,-1.1492167711257935,-2.5234885215759277
1790032214715251000,10.4262509765625,-3.31118106842041,-1.4724340438842773,-2.832340717315674
1790032214735331600,10.44633154296875,-3.2776620388031006,-2.032677173614502,-2.5546131134033203
1790032214755351000,10.46635107421875,-3.1459810733795166,-2.070984363555908,-2.255337953567505
1790032214765391400,10.476391357421875,-3.0813376903533936,-2.118868589401245,-2.33913516998291
1790032214775431700,10.486431640625,-2.43011474609375,-1.9919757843017578,-2.7533318996429443
1790032214785410800,10.496410888671875,-2.741360902786255,-2.2218191623687744,-2.516305923461914
1790032214805461000,10.5164609375,-2.9089550971984863,-2.8203697204589844,-2.2242133617401123
1790032214815470600,10.526470703125,-3.1531636714935303,-3.5936968326568604,-2.229001760482788
1790032214825480400,10.53648046875,-3.028665065765381,-3.6176388263702393,-2.1092917919158936
1790032214835520800,10.546520751953125,-3.1962592601776123,-3.866635799407959,-1.8914192914962769
1790032214845561000,10.55656103515625,-3.1052796840667725,-4.395754337310791,-1.86508309841156
1790032214865611000,10.576611083984375,-3.1747114658355713,-4.991910457611084,-1.7597382068634033
1790032214875651300,10.5866513671875,-2.2577321529388428,-5.188235282897949,-1.8770540952682495
1790032214895670800,10.6066708984375,-1.0821791887283325,-3.732560396194458,-1.3120225667953491
1790032214905680600,10.6166806640625,-1.015141487121582,-4.338293552398682,-1.2521674633026123
1790032214935832000,10.64683203125,-1.558625340461731,-5.612008571624756,-1.1516109704971313
1790032214955943200,10.666943115234375,0.033518824726343155,-5.612008571624756,-1.091755986213684
1790032214975993000,10.6869931640625,-1.1899182796478271,-5.39174222946167,-1.2497732639312744
1790032214996043300,10.707043212890625,-2.1595699787139893,-5.245696067810059,-0.3471592366695404
1790032215006052900,10.717052978515625,-1.6903064250946045,-6.167463779449463,-0.05267243832349777
1790032215026072300,10.737072265625,-1.4844050407409668,-5.116408824920654,-1.3623007535934448
1790032215036112600,10.747112548828126,-1.2641384601593018,-4.884171485900879,-1.7932571172714233
1790032215046153000,10.757153076171875,-1.9393033981323242,-4.0078935623168945,-1.2665326595306396
1790032215056193300,10.767193359375,-2.2457611560821533,-3.866635799407959,-0.3998316824436188
1790032215066203100,10.777203125,-1.9033904075622559,-3.912125587463379,0.24420857429504395
1790032215076212700,10.787212646484376,-1.7094600200653076,-3.97916316986084,-0.10295066982507706
1790032215086283500,10.797283447265626,-1.3479355573654175,-3.5913026332855225,-1.2258312702178955
1790032215096293400,10.80729345703125,-1.766920804977417,-3.3710360527038574,-1.6208745241165161
1790032215136424000,10.847423828125,-1.8148049116134644,-2.7246015071868896,-0.47405192255973816
1790032215156474000,10.86747412109375,-2.03507137298584,-2.559401512145996,-1.2832920551300049
1790032215166483700,10.877483642578126,-1.4413094520568848,-2.4157495498657227,-1.1851298809051514
1790032215176554500,10.887554443359376,-1.644816517829895,-1.6831238269805908,-1.0654197931289673
1790032215186564400,10.897564453125,-2.049436569213867,-1.0319008827209473,-1.1994950771331787
1790032215196574200,10.90757421875,-2.032677173614502,-1.2425906658172607,-1.1851298809051514
1790032215206583800,10.917583740234376,-1.821987509727478,-1.192312479019165,-0.6368576288223267
1790032215216654600,10.927654541015626,-1.8339585065841675,-1.3527239561080933,-0.6009446382522583
1790032215226664400,10.93766455078125,-1.2114660739898682,-1.4532804489135742,-1.137245774269104
1790032215236674300,10.94767431640625,-1.6855180263519287,-0.49799394607543945,-1.4532804489135742
1790032215246714600,10.957714599609375,-1.9081788063049316,0.1149216815829277,-1.623268723487854
1790032215256724200,10.96772412109375,-2.056619167327881,0.2561795711517334,-1.2976573705673218
1790032215286784000,10.997783935546876,-2.075772762298584,-0.49320554733276367,-1.113303780555725
1790032215296793900,11.0077939453125,-2.5043349266052246,-0.4836287498474121,-0.7015010714530945
1790032215306834200,11.017834228515625,-2.3247697353363037,-0.8355764150619507,-1.139639973640442
1790032215316844000,11.027843994140625,-2.628833532333374,0.2801215946674347,-1.8100165128707886
1790032215326884000,11.037884033203126,-2.4468741416931152,1.0103530883789062,-1.764526605606079
1790032215346934300,11.057934326171875,-2.2385785579681396,0.8259995579719543,-1.3407529592514038
1790032215407053800,11.1180537109375,-1.4867992401123047,0.43335050344467163,-1.5610195398330688
1790032215417063700,11.128063720703125,-1.6376339197158813,0.3711012601852417,-0.9313444495201111
1790032215427073500,11.138073486328125,-1.9632453918457031,0.17717093229293823,-0.363918662071228
1790032215447123500,11.15812353515625,-0.9361328482627869,-0.1388636976480484,-1.0079588890075684
1790032215457163800,11.168163818359375,-1.4269442558288574,-0.28730419278144836,-1.2330138683319092
1790032215467204000,11.1782041015625,-1.3503297567367554,-0.22266076505184174,-1.3551181554794312
1790032215477213700,11.188213623046876,-1.802833914756775,0.3208230137825012,-1.8124107122421265
1790032215507243000,11.218242919921876,-1.139639973640442,-0.043095629662275314,-0.6847416758537292
1790032215517252900,11.2282529296875,-0.8188169598579407,0.5578489899635315,-0.9074024558067322
1790032215527262700,11.2382626953125,-1.5634137392044067,0.3447650372982025,-0.7565677165985107
1790032215537302800,11.248302734375,-2.1499931812286377,0.038307227194309235,-0.6320692300796509
1790032215567362800,11.27836279296875,-2.1092917919158936,-0.45489832758903503,-0.8667010068893433
1790032215577372400,11.288372314453126,-1.8148049116134644,0.047884032130241394,-0.6655880808830261
1790032215587412700,11.298412841796875,-1.4508862495422363,-0.33518823981285095,-0.1628057211637497
1790032215597422600,11.308422607421875,-1.357512354850769,-0.40462008118629456,0.12210428714752197
1790032215617472500,11.328472412109376,-2.0398597717285156,-0.023942016065120697,-0.950498104095459
1790032215637522700,11.348522705078125,-1.3311761617660522,0.5650315880775452,-0.6871358752250671
1790032215647532300,11.3585322265625,-0.9911994934082031,0.44771572947502136,-0.6655880808830261
1790032215657542100,11.368542236328125,-0.9696516990661621,0.6153098344802856,-0.7230489253997803
1790032215667552000,11.378552001953125,-1.2617442607879639,0.2585737705230713,-0.5339069962501526
1790032215727732500,11.438732421875,-0.7948749661445618,0.22744916379451752,-0.40701428055763245
1790032215737742300,11.448742431640625,-1.0462661981582642,0.5530605912208557,-0.646434485912323
1790032215747752200,11.458752197265625,-1.0893617868423462,0.6272808313369751,-0.8068459630012512
1790032215767802000,11.478802001953126,-0.9888052940368652,0.15562310814857483,0.07900865375995636
1790032215787882800,11.4988828125,-1.113303780555725,0.05267243832349777,-0.9217676520347595
1790032215797923000,11.508923095703125,-1.256955862045288,0.4908113479614258,-0.9169792532920837
1790032215807932700,11.5189326171875,-0.9074024558067322,0.5602431893348694,-0.6105214357376099
1790032215817942500,11.528942626953125,-0.6655880808830261,0.9648633003234863,-0.30885201692581177
1790032215827952400,11.538952392578125,-0.6967126727104187,0.8259995579719543,-0.3758896589279175
1790032215837992700,11.54899267578125,-0.7254431247711182,0.15562310814857483,-0.3208230137825012
1790032215888072000,11.599072021484375,-0.3423708379268646,0.9193734526634216,-0.2777273952960968
1790032215898112300,11.6091123046875,-0.304063618183136,1.0989385843276978,-0.2346317619085312
1790032215908122000,11.6191220703125,-0.4118026793003082,0.7972691655158997,-0.12210428714752197
1790032215928141600,11.6391416015625,-0.8547300100326538,0.3495534360408783,-0.2825157940387726
1790032215978373400,11.689373291015626,-0.33039984107017517,0.6751648783683777,0.011971008032560349
1790032215988413700,11.69941357421875,-0.36152446269989014,0.7254431247711182,-0.1173158809542656
1790032216008464000,11.7194638671875,-0.5291185975074768,0.6991068720817566,-0.3878606855869293
1790032216018473500,11.729473388671876,-0.6751648783683777,0.3998316824436188,-0.009576806798577309
1790032216028513800,11.739513671875,-0.6033388376235962,0.28969839215278625,0.2585737705230713
1790032216038554000,11.74955419921875,-0.4572925269603729,0.12210428714752197,0.1364694982767105
1790032216058573600,11.769573486328126,-0.4381389021873474,0.31603461503982544,0.05027823522686958
1790032216068644400,11.779644287109376,-0.2513911724090576,0.08619125932455063,-0.090979665517807
1790032216078684700,11.7896845703125,-0.1388636976480484,0.06224924325942993,-0.07182604819536209
1790032216088725000,11.79972509765625,-0.42856210470199585,0.014365210197865963,-0.047884032130241394
1790032216098734800,11.80973486328125,-0.5530605912208557,-0.043095629662275314,0.07422025501728058
1790032216108744400,11.819744384765626,-0.49320554733276367,0.009576806798577309,0.06464344263076782
1790032216118754300,11.82975439453125,-0.2513911724090576,-0.18914192914962769,-0.043095629662275314
1790032216128764200,11.83976416015625,-0.4572925269603729,-0.33758243918418884,0.05506663769483566
1790032216138804500,11.849804443359375,-0.6009446382522583,-0.1173158809542656,-0.17238251864910126
1790032216168894700,11.879894775390625,-0.3902548849582672,-0.14604631066322327,-0.3016694188117981
1790032216178965500,11.889965576171875,-0.5889736413955688,-0.33518823981285095,-0.18914192914962769
1790032216188975400,11.899975341796875,-0.5817909836769104,-0.4812345504760742,0
1790032216198985000,11.90998486328125,-0.524330198764801,-0.569819986820221,0.21787235140800476
1790032216208994800,11.919994873046875,-0.5267243981361389,-0.706289529800415,0.1364694982767105
1790032216219004700,11.930004638671875,-0.4165911078453064,-0.7781155705451965,-0.4429273009300232
1790032216229044700,11.940044677734376,-0.608127236366272,-0.6991068720817566,-0.3734954595565796
1790032216239054600,11.9500546875,-0.3711012601852417,-0.8738836050033569,0.15083470940589905
1790032216249095000,11.960094970703125,-0.181959331035614,-0.6655880808830261,0.38067805767059326
1790032216259104800,11.970104736328125,-0.11252748221158981,-0.545877993106842,0.011971008032560349
1790032216279154700,11.99015478515625,-0.3064578175544739,-0.7182605266571045,0.026336219161748886
1790032216289164500,12.00016455078125,-0.3998316824436188,-0.7254431247711182,0.11252748221158981
1790032216309214500,12.02021435546875,-0.4118026793003082,-0.4381389021873474,-0.1604115068912506
1790032216339274200,12.050274169921876,-0.3758896589279175,-0.038307227194309235,0.13168109953403473
1790032216369334300,12.080334228515625,0.05746084079146385,0.009576806798577309,-0.2513911724090576
1790032216379374300,12.090374267578126,0.12449848651885986,0.26096799969673157,-0.16759411990642548
1790032216389384200,12.10038427734375,0.033518824726343155,0.3687070608139038,0.22505496442317963
1790032216399394000,12.11039404296875,0.019153613597154617,0.9768342971801758,0.1149216815829277
1790032216409434400,12.120434326171875,-0.0071826050989329815,0.9864110946655273,0.3663128614425659
1790032216439524600,12.150524658203125,-0.22505496442317963,1.1516109704971313,0.16759411990642548
1790032216449565000,12.16056494140625,-0.14844051003456116,1.534683346748352,0.727837324142456
1790032216459605200,12.170605224609375,-0.2082955539226532,1.482010841369629,1.256955862045288
1790032216469645300,12.180645263671876,-0.304063618183136,2.2649147510528564,1.1061211824417114
1790032216479655200,12.1906552734375,-0.4620809257030487,2.3582887649536133,0.9576807022094727
1790032216489665000,12.2006650390625,-0.4381389021873474,2.319981336593628,1.0414776802062988
1790032216499674600,12.210674560546876,-0.43095630407333374,2.693476915359497,0.9145850539207458
1790032216519755300,12.23075537109375,-0.1173158809542656,3.2178070545196533,1.1803414821624756
1790032216529795600,12.240795654296875,-0.31603461503982544,3.584120035171509,0.7757213711738586
1790032216539805400,12.250805419921875,-0.3471592366695404,3.627215623855591,0.706289529800415
1790032216549815000,12.26081494140625,-0.45010992884635925,4.220977783203125,0.9289502501487732
1790032216559855400,12.27085546875,-0.44771572947502136,4.278438568115234,1.213860273361206
1790032216599955500,12.31095556640625,-0.9720458984375,5.702988624572754,0.5482721924781799
1790032216629984800,12.34098486328125,-1.2545616626739502,4.888959884643555,0.5530605912208557
1790032216640025000,12.351025146484375,-1.534683346748352,4.5394062995910645,0.9289502501487732
1790032216670146000,12.38114599609375,-1.2090718746185303,5.2911858558654785,0.12210428714752197
1790032216690226400,12.401226318359376,-1.656787633895874,4.067748546600342,-0.06703764945268631
1790032216760325400,12.471325439453125,-2.7533318996429443,3.485957622528076,-0.5937620401382446
1790032216770335200,12.481335205078125,-2.7676970958709717,3.4955344200134277,-1.3239935636520386
1790032216780344800,12.4913447265625,-3.1076738834381104,4.228160381317139,-1.2641384601593018
1790032216820475400,12.531475341796876,-3.907337188720703,1.7621324062347412,-0.8212111592292786
1790032216870585300,12.58158544921875,-3.043030261993408,0.9696516990661621,-1.9057846069335938
1790032216890604800,12.601604736328126,-3.160346269607544,0.3974374830722809,-2.1595699787139893
1790032216900614700,12.61161474609375,-3.2154128551483154,-0.3447650372982025,-2.3558945655822754
1790032216920664800,12.631664794921875,-2.868253707885742,-1.3623007535934448,-2.2409727573394775
1790032216980784400,12.691784423828125,-3.1268274784088135,-2.978386878967285,-2.851494312286377
1790032217020884500,12.731884521484375,-3.339911460876465,-4.252102375030518,-2.5522189140319824
1790032217040934400,12.751934326171876,-3.2824504375457764,-4.0294413566589355,-2.9233202934265137
1790032217050944300,12.7619443359375,-3.0406360626220703,-4.2951979637146,-2.8610711097717285
1790032217060954000,12.7719541015625,-2.7006595134735107,-4.122815132141113,-2.5737667083740234
1790032217070994400,12.781994384765625,-2.674323320388794,-5.066130638122559,-2.315192937850952
1790032217081004000,12.792004150390625,-2.099714994430542,-4.929661273956299,-2.5234885215759277
1790032217091014000,12.802013916015625,-1.9704279899597168,-4.73573112487793,-2.456450939178467
1790032217101054200,12.81205419921875,-1.1324573755264282,-4.6950297355651855,-2.3032219409942627
1790032217111094500,12.822094482421875,-0.6799532771110535,-4.520252704620361,-1.9105730056762695
1790032217121134600,12.832134521484376,-0.9528923034667969,-5.260061264038086,-1.7166426181793213
1790032217131144400,12.84214453125,-1.0079588890075684,-5.449203014373779,-1.946485996246338
1790032217141184800,12.852184814453125,-1.824381709098816,-5.427655220031738,-2.1523873805999756
1790032217161265400,12.872265380859375,-1.8387469053268433,-5.853823184967041,-2.2864625453948975
1790032217181315300,12.8923154296875,-0.5770025849342346,-3.6535518169403076,-1.7573440074920654
1790032217191325200,12.9023251953125,-0.8068459630012512,-3.7828385829925537,-1.522712230682373
1790032217281596200,12.99259619140625,-0.30885201692581177,-4.398148536682129,-0.8236053586006165
1790032217291605800,13.002605712890626,-0.31364041566848755,-4.2951979637146,-0.524330198764801
1790032217301615600,13.01261572265625,-0.17956513166427612,-4.156333923339844,-0.6416460275650024
1790032217311625500,13.02262548828125,-0.1843535304069519,-3.708618402481079,-0.9959878921508789
1790032217321665800,13.032665771484375,-0.5386953949928284,-3.9456443786621094,-1.3551181554794312
1790032217331675400,13.04267529296875,-0.4668693244457245,-4.0294413566589355,-1.460463047027588
1790032217341746200,13.05274609375,-0.4381389021873474,-3.354276657104492,-1.1755530834197998
1790032217391917000,13.1029169921875,-0.790086567401886,-2.542642116546631,-1.139639973640442
1790032217422038000,13.1330380859375,-1.0319008827209473,-3.179499864578247,-1.216254472732544
1790032217432078300,13.143078369140625,-1.2282254695892334,-2.3989901542663574,-0.950498104095459
1790032217442118700,13.15311865234375,-1.2258312702178955,-1.680729627609253,-0.9911994934082031
1790032217472178400,13.183178466796875,-1.9704279899597168,-1.1875240802764893,-1.7621324062347412
1790032217492259000,13.203259033203125,-2.03507137298584,-1.8722656965255737,-0.8020575642585754
1790032217502299100,13.213299072265626,-1.987187385559082,-1.0654197931289673,-1.3072341680526733
1790032217512309000,13.22330908203125,-2.4660277366638184,-0.4620809257030487,-2.032677173614502
1790032217522318800,13.23331884765625,-2.5019407272338867,-0.17717093229293823,-2.1068975925445557
1790032217592539600,13.30353955078125,-1.5538369417190552,-0.5027823448181152,-1.7310078144073486
1790032217602580000,13.313580078125,-0.9409212470054626,0.028730420395731926,-1.5634137392044067
1790032217612589800,13.32358984375,-1.0534487962722778,0.4620809257030487,-1.01753568649292
1790032217662791200,13.373791259765625,-1.170764684677124,0.26336219906806946,-1.290474772453308
1790032217672801000,13.383801025390625,-1.161187767982483,0.028730420395731926,-1.1492167711257935
1790032217682810600,13.393810546875,-1.3551181554794312,0.42616790533065796,-1.0821791887283325
1790032217692820500,13.403820556640625,-1.8339585065841675,0.09576806426048279,-0.7445967197418213
1790032217702860800,13.41386083984375,-1.9345149993896484,-0.45489832758903503,-0.35673606395721436
1790032217712870700,13.42387060546875,-2.0925323963165283,-0.4118026793003082,-0.4357447028160095
1790032217722910700,13.43391064453125,-2.0470423698425293,-0.35913026332855225,-0.8427590131759644
1790032217732920600,13.443920654296875,-2.31758713722229,-0.026336219161748886,-1.4053963422775269
1790032217742930400,13.453930419921875,-2.1523873805999756,-0.8259995579719543,-1.3455413579940796
1790032217752970800,13.463970703125,-1.889025092124939,-0.8236053586006165,-0.9217676520347595
1790032217762980400,13.47398046875,-1.8387469053268433,-0.21308395266532898,-1.0965443849563599
1790032217773020700,13.484020751953125,-1.7166426181793213,0.36152446269989014,-0.8882488012313843
1790032217783030500,13.494030517578125,-1.4053963422775269,0.07182604819536209,-0.3064578175544739
1790032217793040100,13.5040400390625,-1.2114660739898682,0.13168109953403473,-0.10055647045373917
1790032217853160000,13.564159912109375,-1.3646949529647827,0.35434186458587646,-0.6033388376235962
1790032217863169500,13.57416943359375,-1.1492167711257935,0.6368576288223267,-0.40222588181495667
1790032217873209900,13.5842099609375,-1.0845733880996704,0.569819986820221,-0.2059013396501541
1790032217883219700,13.5942197265625,-1.1013327836990356,0.6512228846549988,-0.33518823981285095
1790032217903269600,13.61426953125,-0.9720458984375,0.9050082564353943,-0.7158663272857666
1790032217923319800,13.63431982421875,-1.2641384601593018,0.9720458984375,-0.47644615173339844
1790032217943369700,13.65436962890625,-1.2880805730819702,1.3623007535934448,-0.7541735172271729
1790032217963420000,13.674419921875,-0.29209262132644653,1.5825673341751099,-0.2106897532939911
1790032217973429500,13.684429443359376,-0.08140286058187485,1.522712230682373,-0.14604631066322327
1790032217983439400,13.694439453125,-0.14844051003456116,1.1563993692398071,-0.19632454216480255
1790032217993479700,13.704479736328125,-0.26336219906806946,0.7829039692878723,-0.3926490843296051
1790032218003489500,13.714489501953125,-0.42377370595932007,0.7781155705451965,-0.5386953949928284
1790032218013560300,13.724560302734375,-0.5841852426528931,1.0678139925003052,-0.4213795065879822
1790032218023600600,13.7346005859375,-0.43095630407333374,1.1061211824417114,-0.45010992884635925
1790032218033610200,13.7446103515625,-0.13407529890537262,1.292868971824646,-0.36152446269989014
1790032218043681000,13.754680908203126,0.040701430290937424,1.0821791887283325,-0.40940847992897034
1790032218053721300,13.764721435546875,-0.11971008777618408,1.3048399686813354,-0.5817909836769104
1790032218063761700,13.77476171875,-0.42377370595932007,1.048660397529602,-0.7589619159698486
1790032218073771500,13.784771484375,-0.43095630407333374,1.0103530883789062,-0.727837324142456
1790032218093852000,13.804851806640626,-0.5219359993934631,0.9552865028381348,-0.3687070608139038
1790032218103861800,13.81486181640625,-0.569819986820221,1.2258312702178955,-0.4644751250743866
1790032218113902000,13.824902099609375,-0.5961562395095825,0.9696516990661621,-0.6200982332229614
1790032218133952000,13.844951904296876,-0.35913026332855225,1.0462661981582642,-0.38067805767059326
1790032218164011800,13.87501171875,-0.5506663918495178,0.5363011956214905,-0.33997663855552673
1790032218174021600,13.885021728515625,-0.2753331959247589,0.5841852426528931,-0.43095630407333374
1790032218184062000,13.89506201171875,-0.2537853717803955,0.5267243981361389,-0.4572925269603729
1790032218194071800,13.90507177734375,-0.2992752194404602,0.706289529800415,-0.3256114423274994
1790032218214152200,13.925152099609376,0.11971008777618408,1.113303780555725,-0.4165911078453064
1790032218274241300,13.9852412109375,-0.3447650372982025,0.2322375625371933,-0.5961562395095825
1790032218284251100,13.995251220703125,-0.40462008118629456,0.10295066982507706,-0.49799394607543945
1790032218364451300,14.075451416015625,-0.6129156351089478,-0.5291185975074768,0.1149216815829277
1790032218404490500,14.115490478515625,-0.019153613597154617,-0.08858546614646912,0.4812345504760742
1790032218414500000,14.1255,-0.15801730751991272,-0.20111294090747833,0.24660277366638184
1790032218434519800,14.145519775390625,-0.24899697303771973,-0.5889736413955688,0.08140286058187485
1790032218444529400,14.155529296875,-0.38307225704193115,-0.6991068720817566,0.2059013396501541
1790032218454539300,14.165539306640625,-0.3758896589279175,-0.9145850539207458,0.19632454216480255
1790032218464549000,14.175549072265625,-0.22266076505184174,-0.5913678407669067,0.40462008118629456
1790032218474589200,14.185589111328126,-0.11013327538967133,-0.2777273952960968,0.35913026332855225
1790032218484599000,14.19559912109375,-0.09576806426048279,-0.15083470940589905,0.16998831927776337
1790032218494609000,14.20560888671875,0.1388636976480484,0.14844051003456116,-0.07900865375995636
1790032218504588000,14.215588134765625,0.16998831927776337,0.05506663769483566,0.026336219161748886
1790032218514658800,14.225658935546875,0.028730420395731926,0.11013327538967133,0
1790032218574778400,14.2857783203125,-0.15562310814857483,0.40462008118629456,0.016759412363171577
1790032218584757800,14.2957578125,-0.040701430290937424,0.5267243981361389,-0.016759412363171577
1790032218624857900,14.33585791015625,-0.42616790533065796,1.1827356815338135,-0.1364694982767105
1790032218644907800,14.35590771484375,-0.38067805767059326,1.0127472877502441,0.181959331035614
1790032218674998300,14.385998291015625,-0.40940847992897034,1.359906554222107,-0.15083470940589905
1790032218685038600,14.39603857421875,-0.38307225704193115,1.5921441316604614,0.17477671802043915
1790032218695079000,14.406078857421875,-0.24899697303771973,1.580173134803772,0.4381389021873474
1790032218715098400,14.426098388671875,-0.16759411990642548,1.7980455160140991,0.26575639843940735
1790032218745158100,14.456158203125,-0.49799394607543945,2.0829553604125977,0.3687070608139038
1790032218765238800,14.47623876953125,-0.7781155705451965,2.43011474609375,0.031124621629714966
1790032218775248400,14.486248291015626,-0.6057330369949341,2.8562827110290527,-0.05746084079146385
1790032218805277700,14.516277587890626,-0.6823474764823914,3.2369606494903564,-0.5147533416748047
1790032218825327900,14.536327880859375,-0.993593692779541,3.1244332790374756,-0.17717093229293823
1790032218875498800,14.586498779296875,-1.314416766166687,3.598485231399536,-0.17238251864910126
1790032218905589000,14.616589111328125,-1.5466543436050415,4.019864559173584,-0.8858546018600464
1790032218915629300,14.62662939453125,-1.7070658206939697,3.1747114658355713,-0.3280056416988373
1790032218925639200,14.63663916015625,-1.5682021379470825,2.7772738933563232,-0.35434186458587646
1790032218935679500,14.646679443359375,-1.5849615335464478,2.542642116546631,-0.7038952708244324
1790032218945689000,14.656689208984375,-1.6950948238372803,2.126051187515259,-0.4884171485900879
1790032218955699000,14.666698974609375,-1.9129672050476074,1.9943699836730957,-0.6177040338516235
1790032218965708500,14.67670849609375,-2.248155355453491,2.4133553504943848,-0.9744400978088379
1790032219025858800,14.73685888671875,-2.1380221843719482,1.1827356815338135,-0.6512228846549988
1790032219086070000,14.797070068359375,-2.3104045391082764,1.6879122257232666,-1.2066776752471924
1790032219106120000,14.817119873046876,-2.8874073028564453,0.751779317855835,-2.31758713722229
1790032219116160300,14.82716015625,-2.7461493015289307,-0.12449848651885986,-1.6759412288665771
1790032219126170000,14.837170166015625,-2.497152328491211,-0.3974374830722809,-1.0606313943862915
1790032219136180000,14.847179931640625,-2.8179752826690674,-0.629675030708313,-1.9153614044189453
1790032219146189600,14.857189453125,-3.2393548488616943,-0.19632454216480255,-2.676717519760132
1790032219156199400,14.867199462890625,-3.3039982318878174,-0.5650315880775452,-2.6168625354766846
1790032219166209300,14.877209228515625,-2.8586769104003906,-0.45250412821769714,-1.5514427423477173
1790032219196299500,14.907299560546875,-2.8419175148010254,-0.11971008777618408,-2.5498247146606445
1790032219206339800,14.91733984375,-3.1196448802948,-0.8307880163192749,-2.255337953567505
1790032219216349400,14.927349365234376,-2.564189910888672,-1.0342950820922852,-1.778891921043396
1790032219226359300,14.937359375,-2.492363929748535,-0.48602294921875,-1.4652514457702637
1790032219236369200,14.947369140625,-2.5785553455352783,-0.6919242739677429,-1.680729627609253
1790032219286448400,14.997448486328125,-1.778891921043396,-3.976768970489502,-2.497152328491211
1790032219296458200,15.007458251953125,-2.5977089405059814,-3.3877954483032227,-2.5091233253479004
1790032219306467800,15.0174677734375,-3.095702886581421,-2.8993782997131348,-1.8339585065841675
1790032219316477700,15.027477783203125,-2.5713725090026855,-2.7437551021575928,-1.5490485429763794
1790032219326487600,15.037487548828125,-2.346317768096924,-2.4013843536376953,-2.075772762298584
1790032219336558300,15.047558349609375,-2.1140801906585693,-2.612074136734009,-2.499546527862549
1790032219356608300,15.067608154296876,-1.9345149993896484,-2.583343744277954,-2.2002713680267334
1790032219366618000,15.0776181640625,-2.0661959648132324,-3.2393548488616943,-1.723825216293335
1790032219406687700,15.117687744140625,-2.7030537128448486,-4.900930881500244,-0.8044517636299133
1790032219416697300,15.127697265625,-2.674323320388794,-4.551377296447754,-0.8643068075180054
1790032219426737700,15.137737548828126,-2.7102363109588623,-5.1595048904418945,-0.9744400978088379
1790032219436778000,15.147778076171875,-2.075772762298584,-4.745307922363281,-1.0989385843276978
1790032219446787800,15.157787841796875,-1.8100165128707886,-4.414907932281494,-0.7948749661445618
1790032219456797400,15.16779736328125,-1.5969325304031372,-4.422090530395508,-0.6847416758537292
1790032219466807300,15.177807373046875,-1.4317326545715332,-4.534617900848389,-0.6703764796257019
1790032219476817200,15.187817138671875,-1.7118542194366455,-5.082890033721924,-0.37828385829925537
1790032219486857500,15.197857421875,-1.721431016921997,-5.415684223175049,-0.004788403399288654
1790032219526957600,15.23795751953125,-1.3718775510787964,-5.341464042663574,-0.507570743560791
1790032219536997600,15.24799755859375,-1.4676456451416016,-5.348646640777588,-0.48602294921875
1790032219547038000,15.258037841796876,-1.678335428237915,-5.25527286529541,-0.37828385829925537
1790032219577189400,15.288189453125,-1.0103530883789062,-5.592854976654053,-0.3471592366695404
1790032219637278500,15.348278564453125,-1.1300631761550903,-3.737348794937134,-0.912190854549408
1790032219647288300,15.358288330078125,-1.5658079385757446,-3.8067808151245117,-1.1851298809051514
1790032219657328600,15.36832861328125,-1.920149803161621,-4.003105163574219,-1.1013327836990356
1790032219667368700,15.37836865234375,-2.1140801906585693,-3.9456443786621094,-0.4836287498474121
1790032219677378600,15.388378662109375,-2.3750481605529785,-3.5218706130981445,-0.22505496442317963
1790032219687388400,15.398388427734375,-2.2385785579681396,-3.2561142444610596,-0.7422025203704834
1790032219727549400,15.438549560546875,-2.248155355453491,-1.1516109704971313,-1.2976573705673218
1790032219747630000,15.458630126953125,-2.164358377456665,-1.357512354850769,-1.170764684677124
1790032219767710700,15.478710693359375,-2.5330653190612793,-2.075772762298584,-0.9792284965515137
1790032219827799800,15.5387998046875,-1.900996208190918,0.7326257228851318,-1.5490485429763794
1790032219837840100,15.548840087890625,-1.9632453918457031,0.14604631066322327,-1.2665326595306396
1790032219847849700,15.558849609375,-1.920149803161621,-1.479616641998291,-0.9050082564353943
1790032219857890000,15.56889013671875,-2.0183119773864746,-1.0678139925003052,-1.2425906658172607
1790032219867930400,15.578930419921875,-2.1739351749420166,0.0454898327589035,-1.656787633895874
1790032219877940200,15.588940185546875,-1.9536685943603516,-0.028730420395731926,-1.7860745191574097
1790032219887949800,15.59894970703125,-1.5394717454910278,1.5131354331970215,-1.8363527059555054
1790032219897959700,15.608959716796875,-1.7812861204147339,1.338358759880066,-1.1540051698684692
1790032219907969500,15.618969482421875,-1.5897499322891235,1.1348515748977661,-0.49559974670410156
1790032219937998600,15.64899853515625,-2.1739351749420166,-0.2561795711517334,-1.4173674583435059
1790032219948008400,15.659008544921875,-1.8818424940109253,0.2561795711517334,-1.766920804977417
1790032219958048800,15.669048828125,-1.8986018896102905,1.9105730056762695,-1.8555063009262085
1790032219968089000,15.679089111328125,-1.6927006244659424,1.5155296325683594,-1.115697979927063
1790032219978098700,15.6890986328125,-1.4197616577148438,1.4389152526855469,-1.1037269830703735
1790032219988139000,15.699138916015626,-1.8100165128707886,0.8738836050033569,-0.9361328482627869
1790032219998148900,15.70914892578125,-1.8555063009262085,0.30885201692581177,-0.40222588181495667
1790032220008189200,15.719189208984375,-1.2258312702178955,0.7254431247711182,-0.7972691655158997
1790032220018229500,15.7292294921875,-1.3479355573654175,2.540247917175293,-1.6304513216018677
1790032220058360000,15.769360107421875,-1.644816517829895,1.1037269830703735,-1.1061211824417114
1790032220088480800,15.799480712890626,-1.3646949529647827,0.9026140570640564,-1.1109095811843872
1790032220098521000,15.80952099609375,-1.4772224426269531,1.2641384601593018,-1.6927006244659424
1790032220108531000,15.819531005859375,-1.5610195398330688,1.5155296325683594,-1.6663644313812256
1790032220128580900,15.839580810546876,-0.8571242094039917,1.1971008777618408,-1.4915876388549805
1790032220148631000,15.859631103515625,-1.0630255937576294,0.43095630407333374,-0.31364041566848755
1790032220158641000,15.869640869140625,-1.501164436340332,0.23702596127986908,-1.2617442607879639
1790032220168681000,15.879680908203126,-1.5514427423477173,-0.42856210470199585,-1.6663644313812256
1790032220178721300,15.88972119140625,-1.2976573705673218,0.08140286058187485,-1.1971008777618408
1790032220188731100,15.899731201171875,-0.8810662031173706,0.2968810200691223,-1.2761094570159912
1790032220198741000,15.909740966796875,-0.10773907601833344,0.9888052940368652,-1.0821791887283325
1790032220208750600,15.91975048828125,0.06703764945268631,0.35913026332855225,-0.6129156351089478
1790032220218791000,15.929791015625,-0.17717093229293823,0.2059013396501541,-0.6200982332229614
1790032220248850700,15.9598505859375,-0.9576807022094727,-0.6823474764823914,-0.7661445140838623
1790032220258860500,15.969860595703125,-0.933738648891449,-0.40701428055763245,-0.7661445140838623
1790032220268900900,15.97990087890625,-0.8427590131759644,0.1173158809542656,-0.7948749661445618
1790032220278910500,15.989910400390626,-0.6727706789970398,0.031124621629714966,-1.1779472827911377
1790032220288920300,15.99992041015625,-0.35434186458587646,0.3687070608139038,-0.912190854549408
1790032220298960600,16.009960693359375,-0.31124621629714966,0.20350714027881622,-0.5793967843055725
1790032220309001000,16.0200009765625,-0.5315127968788147,-0.0071826050989329815,-0.6488286852836609
1790032220319010600,16.030010498046874,-0.7637503147125244,-0.17238251864910126,-0.9696516990661621
1790032220329020400,16.0400205078125,-1.039083480834961,-0.7422025203704834,-1.0295066833496094
1790032220338999800,16.049999755859375,-1.0749965906143188,-0.9864110946655273,-0.6320692300796509
1790032220359019300,16.070019287109375,-1.039083480834961,-1.173158884048462,-0.0071826050989329815
1790032220368998400,16.079998291015624,-0.8068459630012512,-0.7134721279144287,0.2082955539226532
1790032220379008300,16.09000830078125,-0.6033388376235962,-0.22026655077934265,-0.07661445438861847
1790032220399058200,16.11005810546875,-0.3256114423274994,-0.20350714027881622,-0.38067805767059326
1790032220409068000,16.120068115234375,0,-0.38067805767059326,0.12689268589019775
1790032220419078000,16.130077880859375,-0.040701430290937424,-0.4812345504760742,0.11013327538967133
1790032220499308500,16.21030859375,-0.13168109953403473,-0.33518823981285095,-0.5315127968788147
1790032220509318400,16.220318359375,-0.19871874153614044,-0.29209262132644653,-0.6967126727104187
1790032220519328000,16.230327880859374,-0.3926490843296051,-0.2537853717803955,-0.727837324142456
1790032220549387800,16.2603876953125,-0.9816226959228516,-0.5315127968788147,-0.9097966551780701
1790032220609476900,16.320476806640624,-0.47165772318840027,-0.5219359993934631,-0.23942017555236816
1790032220619486700,16.33048681640625,-0.2106897532939911,-0.3711012601852417,-0.40462008118629456
1790032220629496600,16.34049658203125,0.016759412363171577,-0.16759411990642548,-0.29209262132644653
1790032220639506200,16.350506103515624,0.1173158809542656,-0.13407529890537262,-0.19153612852096558
1790032220649516000,16.36051611328125,0.17956513166427612,0.19393034279346466,-0.4596867263317108
1790032220669535500,16.380535400390624,0.19393034279346466,-0.035913024097681046,-0.023942016065120697
1790032220679545300,16.39054541015625,0.2082955539226532,-0.0933738648891449,-0.16519992053508759
1790032220689555200,16.40055517578125,0.0071826050989329815,-0.1412578970193863,-0.44532153010368347
1790032220699564800,16.410564697265624,-0.14844051003456116,-0.22505496442317963,-0.395043283700943
1790032220709605000,16.420605224609375,-0.2106897532939911,-0.26096799969673157,-0.14365209639072418
1790032220719615000,16.430614990234375,-0.31124621629714966,-0.29209262132644653,-0.33997663855552673
1790032220729624600,16.44062451171875,-0.5410895943641663,-0.13407529890537262,-0.5482721924781799
1790032220739604000,16.45060400390625,-0.6105214357376099,-0.15322890877723694,-0.5674257874488831
1790032220769663700,16.480663818359375,-0.6607996821403503,-0.4596867263317108,-0.19871874153614044
1790032220779643000,16.490642822265624,-0.7805097699165344,-0.44771572947502136,-0.38307225704193115
1790032220789683200,16.50068310546875,-0.7086837291717529,-0.4213795065879822,-0.1388636976480484
1790032220799693000,16.510693115234375,-0.5434837937355042,-0.3495534360408783,-0.09576806426048279
1790032220829814000,16.54081396484375,-0.2825157940387726,-0.22026655077934265,0.3280056416988373
1790032220839823600,16.55082373046875,-0.28730419278144836,-0.07182604819536209,0.10534487664699554
1790032220849833500,16.56083349609375,-0.4596867263317108,-0.28969839215278625,-0.06703764945268631
1790032220859843000,16.570843017578124,-0.4596867263317108,-0.45250412821769714,0.1412578970193863
1790032220869853000,16.58085302734375,-0.4381389021873474,-0.3495534360408783,-0.009576806798577309
1790032220879893200,16.590893310546875,-0.586579442024231,-0.6847416758537292,-0.12449848651885986
1790032220889903000,16.600903076171875,-0.5386953949928284,-0.730231523513794,-0.11252748221158981
1790032220899912700,16.61091259765625,-0.689530074596405,-0.8403648138046265,0.08619125932455063
1790032220929942000,16.64094189453125,-0.8044517636299133,-0.5793967843055725,0.38307225704193115
1790032220949992200,16.6609921875,-0.8259995579719543,-0.26096799969673157,0.47405192255973816
1790032220970011600,16.68101171875,-0.4884171485900879,-0.10295066982507706,0.42856210470199585
1790032220990061600,16.7010615234375,-0.5841852426528931,0.8331822156906128,0.3519476354122162
1790032221000071400,16.711071533203125,-0.5530605912208557,0.8068459630012512,0.8140285611152649
1790032221010111700,16.72111181640625,-0.4213795065879822,1.2832920551300049,0.871489405632019
1790032221020121600,16.73112158203125,-0.47644615173339844,1.8746598958969116,0.6703764796257019
1790032221030162000,16.741161865234375,-0.5315127968788147,1.8100165128707886,0.5219359993934631
1790032221040141000,16.75114111328125,-0.43335050344467163,1.5394717454910278,0.4644751250743866
1790032221050181400,16.761181396484375,-0.40222588181495667,1.6136919260025024,0.569819986820221
1790032221060221700,16.7712216796875,-0.5267243981361389,2.2194249629974365,0.24899697303771973
1790032221070231300,16.781231201171874,-0.7326257228851318,2.403778553009033,0.24420857429504395
1790032221080241200,16.7912412109375,-0.7924807667732239,2.0877439975738525,0.9648633003234863
1790032221090251000,16.8012509765625,-1.015141487121582,2.387019157409668,1.3694833517074585
1790032221100260600,16.811260498046874,-1.0103530883789062,2.1499931812286377,1.256955862045288
1790032221110270500,16.8212705078125,-0.6775590777397156,2.873042106628418,0.646434485912323
1790032221130290000,16.8412900390625,-0.4836287498474121,4.32871675491333,1.1899182796478271
1790032221140299800,16.8512998046875,-0.4884171485900879,4.4939165115356445,0.9672574996948242
1790032221180338700,16.891338623046874,-1.1779472827911377,4.594472885131836,0.11971008777618408
1790032221200388900,16.911388916015625,-1.6663644313812256,5.434837818145752,-0.22266076505184174
1790032221210429200,16.92142919921875,-2.126051187515259,5.348646640777588,-0.2513911724090576
1790032221230479000,16.94147900390625,-2.6144683361053467,5.104437828063965,-0.8020575642585754
1790032221250559700,16.961559814453125,-3.069366693496704,4.876988887786865,-0.45010992884635925
1790032221270579200,16.9815791015625,-4.170699596405029,4.261679172515869,-1.0869675874710083
1790032221300639000,17.011638916015624,-2.38462495803833,5.360617637634277,-1.0414776802062988
1790032221310648800,17.02164892578125,-1.845929503440857,5.736507415771484,-1.6543933153152466
1790032221320658700,17.03165869140625,-2.0829553604125977,4.697423934936523,-1.7741034030914307
1790032221330668300,17.041668212890624,-2.628833532333374,3.732560396194458,-1.5442601442337036
1790032221340678100,17.05167822265625,-2.9281086921691895,2.169146776199341,-1.3646949529647827
1790032221360697600,17.071697509765624,-2.612074136734009,1.7741034030914307,-1.8267759084701538
1790032221370707500,17.08170751953125,-2.80361008644104,1.8363527059555054,-2.231395959854126
1790032221400767200,17.111767333984375,-2.7772738933563232,1.7357962131500244,-1.9847931861877441
1790032221410777000,17.121777099609375,-2.669534921646118,1.235408067703247,-2.126051187515259
1790032221420847900,17.131847900390625,-3.3446998596191406,1.213860273361206,-2.097320795059204
1790032221430857500,17.141857421875,-4.0533833503723145,0.13407529890537262,-1.6974890232086182
1790032221440897800,17.151897705078124,-4.1156325340271,-0.0071826050989329815,-2.5306711196899414
1790032221450938000,17.161938232421875,-4.367023944854736,-0.7565677165985107,-2.6431987285614014
1790032221460948000,17.171947998046875,-4.1874589920043945,-0.9145850539207458,-2.209848165512085
1790032221470957600,17.18195751953125,-4.027047157287598,-0.9074024558067322,-1.8962076902389526
1790032221480998000,17.191997802734374,-3.93367338180542,-0.24181437492370605,-2.188300371170044
1790032221511149300,17.2221494140625,-4.180276393890381,-1.7405846118927002,-2.8610711097717285
1790032221541178600,17.2521787109375,-4.1180267333984375,-2.760514497756958,-2.075772762298584
1790032221551219000,17.262218994140625,-3.691859006881714,-1.922544002532959,-2.4420857429504395
1790032221561228800,17.272228759765625,-3.825934410095215,-1.843535304069519,-2.248155355453491
1790032221571238400,17.28223828125,-3.428496837615967,-2.169146776199341,-2.2912509441375732
1790032221591258000,17.302258056640625,-2.6791117191314697,-2.786850690841675,-2.319981336593628
1790032221611277600,17.322277587890625,-2.4444799423217773,-2.7293899059295654,-2.1523873805999756
1790032221631297000,17.342297119140625,-2.190694570541382,-4.046200752258301,-2.0446481704711914
1790032221651286000,17.3622861328125,-2.43011474609375,-5.30076265335083,-1.7190368175506592
1790032221661326300,17.372326416015625,-1.9608511924743652,-5.621585369110107,-2.049436569213867
1790032221681376500,17.39237646484375,-2.4803929328918457,-4.218583583831787,-1.7118542194366455
1790032221691416600,17.40241650390625,-2.4468741416931152,-4.7189717292785645,-1.213860273361206
1790032221711497200,17.422497314453125,-1.5131354331970215,-5.6455278396606445,-0.8619126081466675
1790032221781596200,17.49259619140625,-1.580173134803772,-5.8657941818237305,-0.706289529800415
1790032221801615600,17.51261572265625,-1.4269442558288574,-5.39174222946167,-1.1827356815338135
1790032221851756000,17.562756103515625,-1.5107412338256836,-5.4252610206604,-0.8236053586006165
1790032221861826800,17.572826904296875,-1.434126853942871,-4.304774761199951,-1.3479355573654175
1790032221871836700,17.582836669921875,-1.8483237028121948,-5.140350818634033,-0.8355764150619507
1790032221931956200,17.642956298828125,-1.8770540952682495,-3.1962592601776123,-0.10773907601833344
1790032221941966000,17.652966064453125,-2.736572504043579,-3.6607344150543213,-0.6057330369949341
1790032221951975700,17.6629755859375,-2.561795711517334,-4.477157115936279,-0.7398083209991455
1790032221961985500,17.672985595703125,-1.0342950820922852,-2.9927520751953125,-0.8212111592292786
1790032221971995400,17.682995361328125,-1.1827356815338135,-2.719813108444214,-0.4572925269603729
1790032221982035500,17.693035400390624,-1.3215993642807007,-2.7317841053009033,0.07182604819536209
1790032221992045300,17.70304541015625,-1.7621324062347412,-3.270479440689087,-0.13407529890537262
1790032222002085600,17.713085693359375,-2.7724854946136475,-2.978386878967285,-0.8212111592292786
1790032222072215000,17.783215087890625,-2.33913516998291,-2.0661959648132324,-0.9289502501487732
1790032222092326100,17.803326171875,-2.4372973442077637,-1.8555063009262085,-0.6584054827690125
1790032222102366500,17.813366455078125,-1.702277421951294,-1.778891921043396,-1.1228805780410767
1790032222112376000,17.8233759765625,-1.072602391242981,-1.1276689767837524,-1.3646949529647827
1790032222122386000,17.833385986328125,-1.3287819623947144,-1.821987509727478,-0.9528923034667969
1790032222132395800,17.843395751953125,-1.6519991159439087,-1.8531121015548706,-0.8619126081466675
1790032222142405400,17.8534052734375,-2.676717519760132,-1.2880805730819702,-1.161187767982483
1790032222152415200,17.863415283203125,-3.0597896575927734,-1.50355863571167,-1.2258312702178955
1790032222162425000,17.873425048828125,-2.056619167327881,-0.790086567401886,-1.4652514457702637
1790032222172434700,17.8834345703125,-2.1739351749420166,0.40462008118629456,-1.5275006294250488
1790032222202525200,17.913525146484375,-3.6750996112823486,-0.6584054827690125,-1.2832920551300049
1790032222262614300,17.9736142578125,-2.4420857429504395,0.9409212470054626,-2.585737943649292
1790032222272654600,17.983654541015625,-2.9257144927978516,-0.28969839215278625,-1.4628572463989258
1790032222282664200,17.993664306640625,-2.2625205516815186,-1.137245774269104,-0.272938996553421
1790032222292674000,18.003674072265625,-1.2330138683319092,-0.4692635238170624,-0.5817909836769104
1790032222322764300,18.033764404296875,-1.7190368175506592,1.1468225717544556,-2.233790159225464
1790032222332835000,18.0438349609375,-2.255337953567505,1.0893617868423462,-1.5658079385757446
1790032222342845000,18.053844970703125,-2.3774423599243164,0.4572925269603729,-0.8379706144332886
1790032222352854800,18.063854736328125,-1.8076223134994507,0.12449848651885986,-0.5027823448181152
1790032222362894800,18.073894775390624,-1.50355863571167,0.5219359993934631,-0.4381389021873474
1790032222372904700,18.08390478515625,-1.778891921043396,0.33997663855552673,-1.2090718746185303
1790032222382914600,18.09391455078125,-1.8962076902389526,0.9097966551780701,-2.454056739807129
1790032222392924200,18.103924072265624,-2.231395959854126,1.3694833517074585,-2.2194249629974365
1790032222402964500,18.113964599609375,-2.3295583724975586,1.5059528350830078,-1.4628572463989258
1790032222412974300,18.123974365234375,-2.3965959548950195,1.8698714971542358,-1.580173134803772
1790032222433024300,18.144024169921874,-1.8052281141281128,1.1085153818130493,-1.0893617868423462
1790032222443064600,18.154064697265625,-1.8052281141281128,2.049436569213867,-1.3838485479354858
1790032222523264800,18.2342646484375,-0.6847416758537292,1.4269442558288574,-0.811634361743927
1790032222603404000,18.314404052734375,-0.26575639843940735,1.0247182846069336,-0.7326257228851318
1790032222653483300,18.364483154296874,-0.2585737705230713,1.0031704902648926,-0.7661445140838623
1790032222663493000,18.3744931640625,-0.4668693244457245,0.7038952708244324,-0.8212111592292786
1790032222673503000,18.3845029296875,-0.5626373887062073,0.2346317619085312,-0.2801215946674347
1790032222683543000,18.39454296875,-0.6224924325942993,-0.1604115068912506,-0.15562310814857483
1790032222693553000,18.404552978515625,-0.7398083209991455,-0.22266076505184174,-0.1867477297782898
1790032222703562800,18.414562744140625,-0.5746083855628967,0.10773907601833344,-0.30885201692581177
1790032222713572400,18.424572265625,-0.4213795065879822,0.13407529890537262,-0.45010992884635925
1790032222743632100,18.454632080078124,-0.12928688526153564,0.5889736413955688,-0.45489832758903503
1790032222753642000,18.46464208984375,-0.06224924325942993,0.4118026793003082,-0.7829039692878723
1790032222763651800,18.47465185546875,0.016759412363171577,0.5602431893348694,-0.6823474764823914
1790032222773631000,18.484630859375,-0.2106897532939911,0.5578489899635315,-0.3447650372982025
1790032222783671300,18.49467138671875,-0.6272808313369751,0.3998316824436188,-0.3878606855869293
1790032222793650700,18.504650634765625,-0.8307880163192749,-0.05267243832349777,-0.5171475410461426
1790032222803690800,18.514690673828124,-0.9552865028381348,-0.3423708379268646,-0.5267243981361389
1790032222813700600,18.52470068359375,-0.7422025203704834,-0.44771572947502136,-0.21547815203666687
1790032222823710500,18.53471044921875,-0.6416460275650024,-0.12449848651885986,-0.019153613597154617
1790032222883860500,18.594860595703125,0,-0.043095629662275314,0.23702596127986908
1790032222913920300,18.624920166015624,-0.3758896589279175,0.016759412363171577,0.004788403399288654
1790032222923899600,18.634899658203125,-0.5363011956214905,-0.12928688526153564,0.08858546614646912
1790032222933909200,18.6449091796875,-0.6272808313369751,-0.1412578970193863,0.33997663855552673
1790032222953959400,18.66495947265625,-0.9624691009521484,-0.20350714027881622,-0.0933738648891449
1790032222984019200,18.695019287109375,-1.1324573755264282,-0.5339069962501526,0.12928688526153564
1790032222994059500,18.7050595703125,-1.1755530834197998,-0.5817909836769104,0.5291185975074768
1790032223004069400,18.7150693359375,-1.2665326595306396,-0.24181437492370605,0
1790032223014109400,18.725109375,-1.2282254695892334,-0.3232172429561615,-0.6224924325942993
1790032223024149800,18.735149658203124,-0.828393816947937,-0.5003881454467773,-0.5841852426528931
1790032223034159600,18.74515966796875,-0.47405192255973816,-0.4189853072166443,-0.2801215946674347
1790032223054209500,18.76520947265625,-0.1412578970193863,-0.36152446269989014,-0.028730420395731926
1790032223064219400,18.775219482421875,-0.05506663769483566,-0.43335050344467163,0.13168109953403473
1790032223074229200,18.785229248046875,0.2944868206977844,-0.6799532771110535,0.2849099934101105
1790032223084238800,18.79523876953125,0.33518823981285095,-1.0414776802062988,0.40222588181495667
1790032223094279200,18.805279052734374,0.38546648621559143,-1.2090718746185303,0.37828385829925537
1790032223104289000,18.8152890625,0.4908113479614258,-0.9385270476341248,0.35434186458587646
1790032223114268200,18.82526806640625,0.5650315880775452,-0.6607996821403503,0.1843535304069519
1790032223124308500,18.83530859375,0.5913678407669067,-0.31842881441116333,0.30885201692581177
1790032223134348800,18.845348876953125,0.5482721924781799,-0.009576806798577309,0.4429273009300232
1790032223164439000,18.87543896484375,0.20111294090747833,0.12928688526153564,0.6823474764823914
1790032223174479400,18.885479248046874,-0.15562310814857483,0.17717093229293823,0.6560112833976746
1790032223184458800,18.895458740234375,-0.08619125932455063,0.28730419278144836,0.8906430602073669
1790032223194499000,18.9054990234375,-0.4668693244457245,0.6440402865409851,0.828393816947937
1790032223204508700,18.9155087890625,-1.015141487121582,1.4197616577148438,0.49320554733276367
1790032223254679600,18.965679443359374,-1.4915876388549805,3.2178070545196533,0.9552865028381348
1790032223274699300,18.98569921875,-2.0039467811584473,5.961562156677246,0.2561795711517334
1790032223284708900,18.995708984375,-0.7230489253997803,5.257667064666748,0.6153098344802856
1790032223294749200,19.005749267578125,-0.6751648783683777,5.851428985595703,0.5889736413955688
1790032223354868700,19.06586865234375,-1.434126853942871,5.825092792510986,-0.17477671802043915
1790032223394968800,19.10596875,-1.7836803197860718,5.274426460266113,-0.6871358752250671
1790032223415019000,19.12601904296875,-2.0207061767578125,4.091690540313721,-1.2258312702178955
1790032223425028600,19.136028564453124,-2.0254945755004883,4.067748546600342,-1.3287819623947144
1790032223435038500,19.14603857421875,-2.5091233253479004,3.2561142444610596,-1.0342950820922852
1790032223445048300,19.15604833984375,-2.985569477081299,2.920926094055176,-0.9289502501487732
1790032223455088600,19.166088623046875,-3.5218706130981445,2.628833532333374,-1.6376339197158813
1790032223465098200,19.17609814453125,-3.8355112075805664,2.3942017555236816,-2.564189910888672
1790032223495219200,19.20621923828125,-3.5027170181274414,1.5849615335464478,-1.7573440074920654
1790032223505229000,19.21622900390625,-3.2178070545196533,1.8171991109848022,-1.7932571172714233
1790032223515238700,19.22623876953125,-3.339911460876465,1.6759412288665771,-2.032677173614502
1790032223525279000,19.236279052734375,-3.6320040225982666,0.828393816947937,-2.6599581241607666
1790032223535288800,19.246288818359375,-3.8163576126098633,0.9888052940368652,-2.8131868839263916
1790032223545329200,19.2563291015625,-3.8714241981506348,0.4596867263317108,-2.5115175247192383
1790032223555369200,19.266369140625,-3.8522706031799316,-0.2992752194404602,-2.207453966140747
1790032223565379000,19.276379150390625,-3.60566782951355,-0.42856210470199585,-2.1475989818573
1790032223575389000,19.286388916015625,-3.5410242080688477,0.2944868206977844,-1.9177556037902832
1790032223585398500,19.2963984375,-3.421314239501953,0.26096799969673157,-2.212242364883423
1790032223595408400,19.306408447265625,-3.2345664501190186,0.028730420395731926,-2.612074136734009
1790032223605418200,19.316418212890625,-3.687070608139038,-0.18914192914962769,-2.5737667083740234
1790032223625437700,19.336437744140625,-3.1531636714935303,-1.2641384601593018,-1.8411411046981812
1790032223645457200,19.35645703125,-2.851494312286377,-1.5298948287963867,-1.8531121015548706
1790032223665476600,19.3764765625,-3.07415509223938,-1.2234370708465576,-2.674323320388794
1790032223675486500,19.386486572265625,-2.999934673309326,-1.9728221893310547,-2.564189910888672
1790032223685496300,19.396496337890625,-3.246537446975708,-2.0470423698425293,-2.188300371170044
1790032223695536600,19.40653662109375,-3.4596214294433594,-2.183511972427368,-2.3702597618103027
1790032223715586600,19.426586669921875,-2.341529369354248,-2.5905263423919678,-1.9105730056762695
1790032223735606000,19.44660595703125,-2.6886885166168213,-2.6024973392486572,-2.7676970958709717
1790032223835795500,19.54679541015625,-2.8227639198303223,-5.286397457122803,-0.9481038451194763
1790032223885935600,19.596935546875,-1.2880805730819702,-3.4165258407592773,-1.072602391242981
1790032223915995600,19.62699560546875,-1.235408067703247,-6.694188117980957,0.48602294921875
1790032223926005200,19.637005126953124,-1.4748282432556152,-6.418854713439941,-0.2322375625371933
1790032223936015000,19.64701513671875,-1.9273324012756348,-6.138733386993408,-1.1204863786697388
1790032223946055400,19.657055419921875,-1.8914192914962769,-5.698200225830078,-1.6400281190872192
1790032223956065000,19.66706494140625,-1.6974890232086182,-5.161899089813232,-1.8411411046981812
1790032223966105300,19.677105224609374,-1.6615760326385498,-5.039794445037842,-1.0845733880996704
1790032223976115200,19.687115234375,-1.580173134803772,-4.898536682128906,0.028730420395731926
1790032224026164000,19.7371640625,-1.7812861204147339,-4.60165548324585,-2.2361843585968018
1790032224046244600,19.75724462890625,-1.3263877630233765,-4.19224739074707,-0.9888052940368652
1790032224056285000,19.767284912109375,-1.5298948287963867,-4.19224739074707,-0.19153612852096558
1790032224076334800,19.7873349609375,-1.5059528350830078,-3.9025487899780273,-1.4053963422775269
1790032224086344700,19.7973447265625,-1.9105730056762695,-4.084507942199707,-1.7166426181793213
1790032224096354300,19.807354248046874,-1.9800047874450684,-4.201824188232422,-1.460463047027588
1790032224116374000,19.8273740234375,-2.3942017555236816,-3.2369606494903564,-0.933738648891449
1790032224176524000,19.88752392578125,-2.2649147510528564,-2.31758713722229,-1.2761094570159912
1790032224186534000,19.897533935546875,-2.782062292098999,-2.0207061767578125,-1.7166426181793213
1790032224196543700,19.907543701171875,-3.1004912853240967,-1.6160861253738403,-1.436521053314209
1790032224276621800,19.987621826171875,-1.3527239561080933,-1.4532804489135742,-0.45010992884635925
1790032224296671700,20.007671630859374,-1.886630892753601,-0.4884171485900879,-0.7015010714530945
1790032224306681600,20.017681640625,-2.4875755310058594,0.14604631066322327,-2.073378562927246
1790032224316722000,20.027721923828125,-2.8203697204589844,0.30885201692581177,-2.851494312286377
1790032224326792700,20.037792724609375,-2.980781078338623,-0.30885201692581177,-2.0829553604125977
1790032224336802300,20.04780224609375,-2.873042106628418,-0.6560112833976746,-0.5482721924781799
1790032224366862300,20.0778623046875,-1.6328455209732056,-0.031124621629714966,-1.5921441316604614
1790032224376902400,20.08790234375,-1.3455413579940796,0.569819986820221,-1.8148049116134644
1790032224426982000,20.13798193359375,-1.6352397203445435,0.08619125932455063,-1.237802267074585
1790032224437022200,20.148022216796875,-1.4628572463989258,0.3878606855869293,-1.8124107122421265
1790032224457011200,20.16801123046875,-2.1954829692840576,0.629675030708313,-1.45806884765625
1790032224507090400,20.21809033203125,-1.8411411046981812,1.4772224426269531,-1.5442601442337036
1790032224517100300,20.228100341796875,-1.7980455160140991,0.9816226959228516,-1.742978811264038
1790032224527140600,20.238140625,-2.078166961669922,0.3711012601852417,-1.091755986213684
1790032224547160000,20.25816015625,-2.27209734916687,0.21547815203666687,-0.8164227604866028
1790032224587229700,20.298229736328125,-0.8762778043746948,1.3623007535934448,-0.5171475410461426
1790032224597270000,20.30827001953125,-0.43335050344467163,0.7781155705451965,-0.6129156351089478
1790032224607279600,20.318279541015624,-0.9050082564353943,0.5027823448181152,-1.1971008777618408
1790032224667368700,20.37836865234375,-1.5945383310317993,0.8092401623725891,-1.3742717504501343
1790032224717478700,20.428478759765625,-2.183511972427368,-0.004788403399288654,-0.9959878921508789
1790032224797648400,20.5086484375,0.18914192914962769,-0.05746084079146385,-0.026336219161748886
1790032224837687600,20.5486875,-0.272938996553421,0.29209262132644653,-0.2968810200691223
1790032224847727600,20.5587275390625,-0.31124621629714966,-0.05027823522686958,-0.524330198764801
1790032224857768000,20.568767822265624,-0.3687070608139038,-0.16998831927776337,-0.22505496442317963
1790032224867777800,20.57877783203125,-0.5578489899635315,-0.22026655077934265,0.05267243832349777
1790032224877787600,20.58878759765625,-0.3663128614425659,-0.40462008118629456,0.35434186458587646
1790032224887797200,20.59879736328125,-0.3758896589279175,0.07900865375995636,0.2825157940387726
1790032224897776600,20.608776611328125,-0.40462008118629456,0.06224924325942993,-0.5003881454467773
1790032224907816700,20.618816650390624,-0.2825157940387726,0.2585737705230713,-0.7924807667732239
1790032224917826600,20.62882666015625,-0.35913026332855225,-0.06703764945268631,-0.5051765441894531
1790032224927836400,20.63883642578125,-0.5099649429321289,-0.1604115068912506,-0.363918662071228
1790032224937846000,20.648845947265624,-0.7374141216278076,-0.16759411990642548,-0.2944868206977844
1790032224947916800,20.658916748046874,-0.8427590131759644,-0.5602431893348694,-0.4381389021873474
1790032224957926700,20.6689267578125,-0.8906430602073669,-0.40462008118629456,-0.33279404044151306
1790032224977976800,20.688976806640625,-1.0247182846069336,-0.4118026793003082,-0.4692635238170624
1790032224987986400,20.698986328125,-0.9744400978088379,-0.12210428714752197,-0.2849099934101105
1790032225008006100,20.719006103515625,-0.7996633648872375,0.1843535304069519,-0.7254431247711182
1790032225018046200,20.729046142578124,-0.6200982332229614,0.06224924325942993,-0.6033388376235962
1790032225098185500,20.809185546875,-0.5291185975074768,-0.47644615173339844,-0.2106897532939911
1790032225108195300,20.8191953125,-0.5889736413955688,-0.4141969084739685,-0.17717093229293823
1790032225118205000,20.829204833984374,-0.5410895943641663,-0.11252748221158981,-0.19871874153614044
1790032225128214800,20.83921484375,-0.5578489899635315,0.2082955539226532,-0.24181437492370605
1790032225138255000,20.849255126953125,-0.5363011956214905,-0.16998831927776337,-0.31842881441116333
1790032225148295400,20.85929541015625,-0.7924807667732239,-0.8140285611152649,-0.4189853072166443
1790032225158335700,20.869335693359375,-0.849941611289978,-1.0749965906143188,-0.2513911724090576
1790032225168375800,20.879375732421874,-0.8738836050033569,-0.8667010068893433,0.07182604819536209
1790032225178385700,20.8893857421875,-0.8236053586006165,-0.19393034279346466,0.22266076505184174
1790032225188456400,20.89945654296875,-0.5434837937355042,-0.06224924325942993,-0.06703764945268631
1790032225198466300,20.90946630859375,-0.40462008118629456,0.17477671802043915,-0.26096799969673157
1790032225208476000,20.919475830078124,-0.3878606855869293,0.24420857429504395,-0.19632454216480255
1790032225218485800,20.92948583984375,-0.5195417404174805,0.028730420395731926,-0.10295066982507706
1790032225228495600,20.93949560546875,-0.507570743560791,-0.43335050344467163,-0.002394201699644327
1790032225238505200,20.949505126953124,-0.7876923680305481,-0.49559974670410156,-0.16519992053508759
1790032225248515000,20.95951513671875,-1.113303780555725,-0.42616790533065796,-0.17956513166427612
1790032225258555400,20.969555419921875,-0.9097966551780701,-0.6512228846549988,-0.10773907601833344
1790032225268595700,20.979595703125,-0.9026140570640564,-0.9026140570640564,0.2753331959247589
1790032225298655500,21.009655517578125,-0.3902548849582672,-0.26575639843940735,0.15083470940589905
1790032225308665000,21.0196650390625,-0.05746084079146385,-0.1843535304069519,0.35913026332855225
1790032225348796000,21.0597958984375,0.07661445438861847,0.2322375625371933,0.7541735172271729
1790032225378794500,21.08979443359375,-0.4429273009300232,1.0606313943862915,0.1173158809542656
1790032225428874000,21.1398740234375,-0.7781155705451965,1.7118542194366455,0.6033388376235962
1790032225479014400,21.190014404296875,-0.7637503147125244,2.4157495498657227,0.2968810200691223
1790032225579203600,21.29020361328125,-2.3918075561523438,3.270479440689087,0.08619125932455063
1790032225589244000,21.300243896484375,-2.0877439975738525,3.646369218826294,-0.1604115068912506
1790032225619303700,21.3303037109375,-0.9816226959228516,4.675876140594482,-0.8978256583213806
1790032225679392800,21.390392822265625,-1.9488801956176758,3.1004912853240967,-0.8044517636299133
1790032225689402600,21.400402587890625,-2.255337953567505,3.5458126068115234,-1.1516109704971313
1790032225719432000,21.430431884765625,-2.691082715988159,2.7748796939849854,-0.38307225704193115
1790032225749491700,21.46049169921875,-2.868253707885742,2.293645143508911,-1.845929503440857
1790032225759501300,21.470501220703124,-3.3877954483032227,2.121262788772583,-1.8507179021835327
1790032225769511200,21.48051123046875,-3.9624037742614746,1.5753847360610962,-2.0614075660705566
1790032225779551500,21.490551513671875,-4.5154643058776855,2.1356279850006104,-2.2433669567108154
1790032225809611300,21.520611328125,-3.9911341667175293,0.5363011956214905,-1.0438719987869263
1790032225819651600,21.530651611328125,-4.005499362945557,1.3886369466781616,-1.9105730056762695
1790032225829661200,21.5406611328125,-3.993528366088867,1.113303780555725,-2.9328970909118652
1790032225839671000,21.550671142578125,-4.000710964202881,1.280897855758667,-3.3446998596191406
1790032225849711400,21.56071142578125,-4.2975921630859375,0.8930372595787048,-2.6455929279327393
1790032225859751700,21.570751708984375,-4.338293552398682,0.2992752194404602,-1.8195933103561401
1790032225869792000,21.5807919921875,-4.1395745277404785,-0.6200982332229614,-1.1635819673538208
1790032225879771100,21.590771240234375,-3.866635799407959,-0.8427590131759644,-1.2258312702178955
1790032225899821300,21.6108212890625,-3.9863457679748535,-0.8906430602073669,-2.6791117191314697
1790032225909831000,21.620830810546874,-4.259284973144531,-0.4668693244457245,-3.706224203109741
1790032225919840800,21.6308408203125,-4.098873138427734,-0.7876923680305481,-2.9305028915405273
1790032225929850600,21.6408505859375,-3.9001545906066895,-1.01753568649292,-2.427720546722412
1790032225989970200,21.70097021484375,-3.529053211212158,-3.6176388263702393,-2.492363929748535
1790032226000010500,21.711010498046875,-3.512293815612793,-4.022258758544922,-2.3942017555236816
1790032226010050800,21.72105078125,-3.383007049560547,-4.268861770629883,-1.7860745191574097
1790032226020060400,21.731060302734374,-3.3207578659057617,-4.757278919219971,-1.3000515699386597
1790032226030070300,21.7410703125,-3.0573954582214355,-4.994304656982422,-1.0007762908935547
1790032226040110600,21.751110595703125,-2.935291290283203,-5.178658485412598,-1.072602391242981
1790032226050151000,21.76115087890625,-3.2585084438323975,-5.513846397399902,-1.5203180313110352
1790032226060191000,21.77119091796875,-3.315969467163086,-5.17626428604126,-1.6041151285171509
1790032226080210700,21.791210693359375,-3.6559460163116455,-6.141127586364746,-0.7948749661445618
1790032226130320400,21.8413203125,-2.7078421115875244,-5.856217384338379,-0.16759411990642548
1790032226160411000,21.871410888671875,-0.8427590131759644,-5.884947776794434,-1.1683704853057861
1790032226170420500,21.88142041015625,-1.5705963373184204,-4.7620673179626465,-0.9528923034667969
1790032226180491300,21.8914912109375,-1.5873557329177856,-5.135562419891357,-0.8858546018600464
1790032226200541400,21.91154150390625,-3.0813376903533936,-4.81473970413208,-0.33758243918418884
1790032226230662400,21.941662353515625,-1.7381904125213623,-4.967968463897705,-0.49320554733276367
1790032226240672000,21.951672119140625,-1.9847931861877441,-5.257667064666748,-1.9273324012756348
1790032226250742800,21.96174267578125,-2.851494312286377,-5.0014872550964355,-1.414973258972168
1790032226260752600,21.971752685546875,-3.0837318897247314,-5.125985622406006,-0.4429273009300232
1790032226270762500,21.981762451171875,-2.3080103397369385,-3.993528366088867,-0.28969839215278625
1790032226280802600,21.991802490234374,-1.9560627937316895,-3.485957622528076,-0.42856210470199585
1790032226290843000,22.0018427734375,-2.0685901641845703,-3.5027170181274414,-0.8738836050033569
1790032226300852700,22.011852783203125,-2.1978771686553955,-3.160346269607544,-1.0103530883789062
1790032226330973400,22.041973388671874,-2.9305028915405273,-3.9887399673461914,0.06703764945268631
1790032226340983300,22.0519833984375,-1.0678139925003052,-3.421314239501953,-0.6224924325942993
1790032226351023600,22.062023681640625,-1.946485996246338,-1.8698714971542358,-1.4389152526855469
1790032226361033500,22.072033447265625,-2.1954829692840576,-1.8387469053268433,-1.4173674583435059
1790032226371043000,22.08204296875,-1.8100165128707886,-1.1994950771331787,-0.9888052940368652
1790032226381053000,22.092052978515625,-2.33913516998291,-1.4700398445129395,-0.28730419278144836
1790032226391062800,22.102062744140625,-2.4588451385498047,-2.832340717315674,0.12928688526153564
1790032226421122600,22.13212255859375,-2.8155810832977295,-1.0438719987869263,-1.6352397203445435
1790032226461161500,22.172161376953124,-0.3902548849582672,0.6344634294509888,-0.035913024097681046
1790032226471201800,22.182201904296875,-0.33279404044151306,-0.2513911724090576,-0.4644751250743866
1790032226481211600,22.192211669921875,-1.7310078144073486,-1.036689281463623,-1.403002142906189
1790032226541361700,22.252361572265624,-2.585737943649292,0.751779317855835,-1.5322890281677246
1790032226561381400,22.27238134765625,-2.1787235736846924,1.1324573755264282,-1.4413094520568848
1790032226571391000,22.282390869140624,-1.8626888990402222,1.4963760375976562,-1.036689281463623
1790032226581400800,22.29240087890625,-1.6831238269805908,1.3000515699386597,-1.3072341680526733
1790032226591410700,22.30241064453125,-2.0614075660705566,0.44771572947502136,-1.400607943534851
1790032226601420300,22.312420166015624,-2.6575639247894287,-0.42856210470199585,-1.6376339197158813
1790032226611430100,22.32243017578125,-3.2824504375457764,-0.47165772318840027,-1.5753847360610962
1790032226621439700,22.332439697265624,-3.3303346633911133,-0.811634361743927,-1.015141487121582
1790032226631449600,22.34244970703125,-2.6886885166168213,1.1109095811843872,-1.2401964664459229
1790032226641459500,22.35245947265625,-2.3127987384796143,2.099714994430542,-1.3311761617660522
1790032226651469000,22.362468994140624,-1.5897499322891235,1.745373010635376,-1.2018892765045166
1790032226661479000,22.37247900390625,-1.6376339197158813,1.5873557329177856,-0.8762778043746948
1790032226671488800,22.38248876953125,-2.1595699787139893,0.7637503147125244,-0.7015010714530945
1790032226681498400,22.392498291015624,-2.363077163696289,-0.05506663769483566,-0.8451532125473022
1790032226691508200,22.40250830078125,-2.8203697204589844,-0.3663128614425659,-0.9145850539207458
1790032226701518000,22.41251806640625,-2.7461493015289307,0.7158663272857666,-0.7805097699165344
1790032226711527700,22.422527587890624,-2.1068975925445557,0.7254431247711182,-0.6823474764823914
1790032226731577900,22.442577880859375,-1.1540051698684692,0.9385270476341248,-0.8571242094039917
1790032226761607200,22.472607177734375,-2.094926595687866,0.1173158809542656,-0.9361328482627869
1790032226771647500,22.4826474609375,-2.43011474609375,-0.12210428714752197,-0.35673606395721436
1790032226781657000,22.492656982421874,-2.166752576828003,0.0933738648891449,-0.3711012601852417
1790032226791697400,22.502697509765625,-1.8794482946395874,0.026336219161748886,-0.912190854549408
1790032226801737700,22.51273779296875,-1.886630892753601,0.10055647045373917,-1.0630255937576294
1790032226811778000,22.522778076171875,-2.011129379272461,-0.1628057211637497,-1.0031704902648926
1790032226851847700,22.56284765625,-2.3080103397369385,-0.31603461503982544,-0.524330198764801
1790032226861857300,22.572857177734374,-1.6950948238372803,-0.08379705995321274,-0.8954314589500427
1790032226871897600,22.582897705078125,-1.2401964664459229,0.2992752194404602,-1.0055646896362305
1790032226881877000,22.592876953125,-1.3048399686813354,0.1843535304069519,-1.1755530834197998
1790032226891917000,22.6029169921875,-1.5634137392044067,-0.31124621629714966,-1.1180921792984009
1790032226901927000,22.612927001953125,-1.7334020137786865,-0.5386953949928284,-0.7924807667732239
1790032226921946400,22.6329462890625,-1.821987509727478,-0.7086837291717529,-0.37828385829925537
1790032226931986700,22.642986572265624,-1.5514427423477173,-0.8595184087753296,-0.5913678407669067
1790032227002177300,22.71317724609375,-0.8762778043746948,0.28730419278144836,-0.8307880163192749
1790032227032298000,22.743298095703125,-1.292868971824646,-0.8978256583213806,-0.5003881454467773
1790032227042307800,22.753307861328125,-1.436521053314209,-0.6272808313369751,-0.2968810200691223
1790032227052348200,22.76334814453125,-1.522712230682373,-0.5386953949928284,-0.3423708379268646
1790032227062388500,22.773388427734375,-1.4484920501708984,-0.395043283700943,-0.5793967843055725
1790032227072398000,22.783398193359375,-1.2737152576446533,0.15562310814857483,-0.6488286852836609
1790032227082377500,22.79337744140625,-1.237802267074585,-0.011971008032560349,-0.40701428055763245
1790032227092417500,22.80341748046875,-0.9576807022094727,-0.16519992053508759,-0.16519992053508759
1790032227102457900,22.813457763671874,-1.048660397529602,-0.44771572947502136,-0.2106897532939911
1790032227112467700,22.8234677734375,-1.1971008777618408,-0.5602431893348694,-0.16998831927776337
1790032227122446800,22.83344677734375,-1.2952631711959839,-0.5267243981361389,-0.17717093229293823
1790032227152537300,22.863537353515625,-1.3886369466781616,-0.019153613597154617,-0.08619125932455063
1790032227162547000,22.873546875,-1.0007762908935547,-0.7948749661445618,0.06464344263076782
1790032227172617700,22.88361767578125,-0.8092401623725891,-0.8236053586006165,-0.6033388376235962
1790032227182658000,22.893657958984374,-0.7182605266571045,-0.4118026793003082,-0.545877993106842
1790032227192668000,22.90366796875,-0.5171475410461426,-0.26336219906806946,-0.24181437492370605
1790032227202708200,22.913708251953125,-0.363918662071228,-0.15083470940589905,-0.26575639843940735
1790032227212717800,22.9237177734375,-0.181959331035614,0.14365209639072418,-0.3734954595565796
1790032227222727700,22.933727783203125,-0.019153613597154617,0.23702596127986908,-0.3926490843296051
1790032227272837600,22.983837646484375,-0.9409212470054626,0.2346317619085312,-0.8834604024887085
1790032227302897400,23.0138974609375,-0.7134721279144287,0.7422025203704834,-0.5171475410461426
1790032227312937700,23.023937744140625,-0.5817909836769104,0.7709329724311829,-0.6967126727104187
1790032227322947300,23.033947265625,-0.6703764796257019,0.6488286852836609,-0.6536170840263367
1790032227332957200,23.043957275390625,-0.6847416758537292,0.5267243981361389,-0.4908113479614258
1790032227363047400,23.07404736328125,-0.3495534360408783,0.19871874153614044,-0.6727706789970398
1790032227373087700,23.084087646484374,-0.11971008777618408,0.19153612852096558,-0.4836287498474121
1790032227383128000,23.094128173828125,-0.19632454216480255,0.751779317855835,-0.42616790533065796
1790032227403147500,23.1141474609375,-0.751779317855835,-0.13407529890537262,-0.3998316824436188
1790032227413187800,23.124187744140624,-0.8164227604866028,-0.4620809257030487,-0.586579442024231
1790032227433207600,23.14420751953125,-0.9289502501487732,0.12689268589019775,-0.33039984107017517
1790032227493388000,23.204387939453124,-0.5099649429321289,0.07422025501728058,0.7637503147125244
1790032227503398000,23.21439794921875,-0.6009446382522583,0.42616790533065796,0.33997663855552673
1790032227523478500,23.234478515625,-0.6272808313369751,1.699883222579956,-0.13168109953403473
1790032227533488000,23.244488037109374,-0.33758243918418884,1.8626888990402222,0.49320554733276367
1790032227543498000,23.254498046875,-0.3016694188117981,2.252943754196167,1.0773907899856567
1790032227553507800,23.2645078125,-0.2537853717803955,2.27209734916687,0.8906430602073669
1790032227563578600,23.27457861328125,0.16519992053508759,3.0142998695373535,0.40222588181495667
1790032227573588200,23.284588134765624,-0.19393034279346466,5.336675643920898,0.5003881454467773
1790032227583598000,23.29459814453125,-0.2059013396501541,4.091690540313721,1.37906014919281
1790032227613657900,23.324657958984375,-2.0207061767578125,3.028665065765381,1.1875240802764893
1790032227623698200,23.3346982421875,-1.6424223184585571,2.9951462745666504,1.8507179021835327
1790032227663767800,23.374767822265625,-0.646434485912323,5.367800235748291,0.7254431247711182
1790032227683817700,23.394817626953124,-1.161187767982483,7.161057472229004,0.08379705995321274
1790032227693827600,23.40482763671875,-2.099714994430542,5.789179801940918,0.8451532125473022
1790032227703868000,23.414867919921875,-2.889801502227783,3.1244332790374756,0.5027823448181152
1790032227723887400,23.434887451171875,-2.432508945465088,4.659116744995117,0.45250412821769714
1790032227794047200,23.505047119140624,-3.0526070594787598,2.8107926845550537,-0.15562310814857483
1790032227814067000,23.52506689453125,-3.4572272300720215,2.75812029838562,-1.0031704902648926
1790032227824107000,23.53510693359375,-3.600879430770874,2.607285737991333,-1.5705963373184204
1790032227834116900,23.545116943359375,-2.7940332889556885,2.382230758666992,-1.4676456451416016
1790032227844126700,23.555126708984375,-2.6216509342193604,2.669534921646118,-0.5363011956214905
1790032227854167000,23.5651669921875,-3.2537200450897217,2.9927520751953125,-0.6272808313369751
1790032227864176600,23.5751767578125,-3.998316764831543,2.4229321479797363,-1.9823989868164062
1790032227874186500,23.5851865234375,-4.321534156799316,1.5969325304031372,-2.427720546722412
1790032227884226800,23.595226806640625,-4.019864559173584,0.6919242739677429,-1.9800047874450684
1790032227904276700,23.61527685546875,-3.7828385829925537,0.5506663918495178,-2.2194249629974365
1790032227914286600,23.62528662109375,-3.5865142345428467,0.3064578175544739,-1.9823989868164062
1790032227944376800,23.655376953125,-3.2321722507476807,-0.06703764945268631,-2.1763293743133545
1790032227954386700,23.66538671875,-3.5410242080688477,-0.31842881441116333,-2.296039342880249
1790032227964396300,23.675396240234374,-3.734954595565796,-0.6823474764823914,-1.9752163887023926
1790032227974467300,23.68546728515625,-3.97916316986084,-1.0558429956436157,-1.623268723487854
1790032227984477000,23.695476806640624,-4.290409564971924,-0.9265560507774353,-1.821987509727478
1790032227994486800,23.70548681640625,-3.909731388092041,-2.3798365592956543,-1.723825216293335
1790032228004496400,23.715496337890624,-3.220201253890991,-1.2761094570159912,-1.6903064250946045
1790032228014506200,23.72550634765625,-3.4955344200134277,-1.0797849893569946,-2.0877439975738525
1790032228024516000,23.73551611328125,-3.426102638244629,-1.742978811264038,-2.5234885215759277
1790032228034525700,23.745525634765624,-3.914519786834717,-2.126051187515259,-2.52109432220459
1790032228044566000,23.75556591796875,-4.252102375030518,-2.097320795059204,-2.0829553604125977
1790032228054575900,23.765575927734375,-4.062960147857666,-2.3367409706115723,-2.231395959854126
1790032228064616200,23.7756162109375,-4.194641590118408,-1.601720929145813,-2.0422539710998535
1790032228074625800,23.785625732421874,-4.8602294921875,-2.9951462745666504,-1.656787633895874
1790032228084666000,23.795666015625,-4.9583916664123535,-3.136404275894165,-2.1547815799713135
1790032228094676000,23.805676025390625,-5.453991413116455,-2.6144683361053467,-2.765302896499634
1790032228174815200,23.885815185546875,-0.7829039692878723,-4.6734819412231445,-0.7924807667732239
1790032228184824800,23.895824951171875,-0.7422025203704834,-4.51067590713501,-0.7445967197418213
1790032228204875000,23.915875,-0.7589619159698486,-4.869806289672852,0.10055647045373917
1790032228264964000,23.975964111328125,-1.4748282432556152,-3.8115692138671875,0.07182604819536209
1790032228275004400,23.98600439453125,-1.3431471586227417,-3.7924153804779053,0.21308395266532898
1790032228315043300,24.026043212890624,-2.8155810832977295,-5.568912982940674,0.6153098344802856
1790032228335063000,24.04606298828125,-1.922544002532959,-4.477157115936279,0.16759411990642548
1790032228375102000,24.08610205078125,-1.3503297567367554,-3.797203779220581,0.43335050344467163
1790032228395121400,24.106121337890624,-1.7860745191574097,-4.357447147369385,-0.18914192914962769
1790032228405161700,24.11616162109375,-2.0925323963165283,-4.790797710418701,-0.24660277366638184
1790032228415171600,24.126171630859375,-2.38462495803833,-5.135562419891357,0.12689268589019775
1790032228425181400,24.136181396484375,-2.207453966140747,-5.082890033721924,0.6631938815116882
1790032228435191000,24.14619091796875,-1.7094600200653076,-4.01268196105957,0.47405192255973816
1790032228445201000,24.156200927734375,-1.8746598958969116,-4.352658748626709,-0.033518824726343155
1790032228455210500,24.16621044921875,-1.802833914756775,-4.4723687171936035,-0.45250412821769714
1790032228465220400,24.176220458984375,-1.845929503440857,-3.7014358043670654,-0.2968810200691223
1790032228505259500,24.216259521484375,-1.8770540952682495,-3.488351821899414,-0.5961562395095825
1790032228565348600,24.2763486328125,-1.1540051698684692,-1.8938134908676147,0.22266076505184174
1790032228575358200,24.286358154296874,-0.8092401623725891,-1.889025092124939,-0.05746084079146385
1790032228585398500,24.2963984375,-1.2713210582733154,-1.534683346748352,-0.40940847992897034
1790032228615458300,24.326458251953124,-2.2577321529388428,-1.8579005002975464,0.0454898327589035
1790032228625468200,24.33646826171875,-2.293645143508911,-2.360682964324951,-0.6368576288223267
1790032228635508500,24.346508544921875,-2.3702597618103027,-1.6424223184585571,-1.1348515748977661
1790032228645518300,24.356518310546875,-2.801215887069702,-1.4508862495422363,-1.314416766166687
1790032228655528000,24.36652783203125,-2.8850131034851074,-1.1779472827911377,-1.072602391242981
1790032228685618400,24.396618408203125,-1.7597382068634033,-0.35673606395721436,-0.993593692779541
1790032228695628000,24.4066279296875,-1.259350061416626,0.30885201692581177,-1.1779472827911377
1790032228715678200,24.42667822265625,-2.3367409706115723,-0.646434485912323,-1.1683704853057861
1790032228745707500,24.45670751953125,-2.911349296569824,-0.8954314589500427,-1.3072341680526733
1790032228755747800,24.466747802734375,-2.070984363555908,-0.4429273009300232,-1.6639702320098877
1790032228785838000,24.496838134765625,-2.1045033931732178,-0.9002198576927185,-0.7613561153411865
1790032228815928300,24.52692822265625,-3.7469255924224854,-1.0797849893569946,-2.0685901641845703
1790032228825968600,24.53696875,-3.3662476539611816,-0.10055647045373917,-1.6543933153152466
1790032228856028400,24.5670283203125,-3.0095114707946777,0.021547814831137657,-1.1899182796478271
1790032228866038300,24.577038330078125,-3.3734302520751953,-0.3711012601852417,-1.039083480834961
1790032228886057700,24.5970576171875,-3.667917013168335,0.22026655077934265,-0.9672574996948242
1790032228896098000,24.60709814453125,-3.6774938106536865,0.3256114423274994,-1.50355863571167
1790032228906108000,24.61710791015625,-3.2776620388031006,0.6033388376235962,-1.7118542194366455
1790032228916148200,24.627148193359375,-3.069366693496704,0.7445967197418213,-1.292868971824646
1790032228936198100,24.6471982421875,-2.1523873805999756,0.40940847992897034,-0.33758243918418884
1790032228946208000,24.6572080078125,-2.1045033931732178,0.5674257874488831,-0.6129156351089478
1790032228976267800,24.687267822265625,-2.161964178085327,1.0582371950149536,-0.8738836050033569
1790032228986277600,24.697277587890625,-1.723825216293335,0.5722141861915588,-0.42377370595932007
1790032228996256800,24.7072568359375,-1.3503297567367554,0.790086567401886,-0.1604115068912506
1790032229006297000,24.717297119140625,-1.158793568611145,0.7637503147125244,-0.014365210197865963
1790032229016337400,24.72733740234375,-1.0606313943862915,0.5386953949928284,-0.06224924325942993
1790032229026347000,24.737346923828124,-1.2761094570159912,0.3280056416988373,-0.4429273009300232
1790032229036326400,24.747326416015625,-1.5083470344543457,0.9097966551780701,-1.173158884048462
1790032229046366700,24.75736669921875,-2.0374655723571777,1.6400281190872192,-1.721431016921997
1790032229076426500,24.787426513671875,-2.2625205516815186,0.7781155705451965,-0.6991068720817566
1790032229086466800,24.797466796875,-2.22660756111145,0.6727706789970398,-0.06703764945268631
1790032229096476400,24.807476318359374,-2.3774423599243164,0.42856210470199585,-0.12449848651885986
1790032229106486300,24.817486328125,-2.494758129119873,0.5003881454467773,-0.7158663272857666
1790032229116496100,24.82749609375,-2.4157495498657227,0.9720458984375,-1.1444283723831177
1790032229126505700,24.837505615234374,-1.944091796875,1.0414776802062988,-1.1516109704971313
1790032229136515600,24.847515625,-1.259350061416626,1.3646949529647827,-1.0223240852355957
1790032229176615700,24.88761572265625,-1.05105459690094,0.35673606395721436,-0.42377370595932007
1790032229216715800,24.9277158203125,-0.40222588181495667,0.15322890877723694,-0.8068459630012512
1790032229266795000,24.977794921875,0.26815059781074524,0.05267243832349777,-0.6248866319656372
1790032229286814700,24.997814697265625,-0.14844051003456116,-0.36152446269989014,-0.5722141861915588
1790032229296824300,25.00782421875,-0.6560112833976746,-0.3998316824436188,-0.42856210470199585
1790032229306864600,25.01786474609375,-1.0055646896362305,-0.12449848651885986,-0.2082955539226532
1790032229326914800,25.037914794921875,-1.0845733880996704,0.3926490843296051,-0.4357447028160095
1790032229336924400,25.04792431640625,-1.280897855758667,0.3974374830722809,-0.17717093229293823
1790032229356974600,25.067974609375,-1.2976573705673218,-0.19393034279346466,0.6272808313369751
1790032229387004000,25.09800390625,-1.235408067703247,0.2106897532939911,-0.026336219161748886
1790032229417063700,25.128063720703125,-0.6991068720817566,0.4884171485900879,0.43095630407333374
1790032229457133300,25.16813330078125,-0.5506663918495178,0.2992752194404602,0.17717093229293823
1790032229467143000,25.178142822265624,-0.49559974670410156,0.14844051003456116,0.19632454216480255
1790032229477183200,25.188183349609375,-0.5123591423034668,0.11971008777618408,0.17956513166427612
1790032229507243000,25.218242919921874,-0.5171475410461426,-0.07182604819536209,0.2298433631658554
1790032229517283300,25.228283447265625,-0.5386953949928284,-0.2561795711517334,-0.12449848651885986
1790032229527323600,25.23832373046875,-0.6799532771110535,-0.2082955539226532,-0.19632454216480255
1790032229537333500,25.24833349609375,-0.7038952708244324,0.028730420395731926,-0.14844051003456116
1790032229557383400,25.268383544921875,-0.5626373887062073,-0.1149216815829277,0.06224924325942993
1790032229577403000,25.28840283203125,-0.5937620401382446,-0.07900865375995636,0.004788403399288654
1790032229587443200,25.298443115234374,-0.45489832758903503,-0.6607996821403503,-0.021547814831137657
1790032229607493400,25.318493408203125,-0.7374141216278076,-1.1468225717544556,0.019153613597154617
1790032229617503000,25.3285029296875,-0.689530074596405,-1.357512354850769,0.15801730751991272
1790032229627512800,25.338512939453125,-0.5841852426528931,-1.4700398445129395,0
1790032229637553200,25.34855322265625,-0.4644751250743866,-1.3694833517074585,-0.22026655077934265
1790032229657603000,25.36860302734375,-0.42616790533065796,-1.1803414821624756,-0.2561795711517334
1790032229667613000,25.378613037109375,-0.4429273009300232,-1.3886369466781616,-0.11252748221158981
1790032229677622800,25.388622802734375,-0.2825157940387726,-0.9576807022094727,0.07422025501728058
1790032229687663000,25.3986630859375,-0.2801215946674347,-0.8834604024887085,0.17238251864910126
1790032229697672700,25.408672607421874,0.016759412363171577,-0.7876923680305481,0.5363011956214905
1790032229707682600,25.4186826171875,0.24181437492370605,-0.2561795711517334,0.45250412821769714
1790032229717692400,25.4286923828125,0.1867477297782898,0.20350714027881622,0.07182604819536209
1790032229727702000,25.438701904296874,0.12449848651885986,0.28969839215278625,0.07182604819536209
1790032229737742300,25.448742431640625,0.22505496442317963,0.2106897532939911,0.36152446269989014
1790032229747752200,25.458752197265625,0.22026655077934265,0.2561795711517334,0.5315127968788147
1790032229757761800,25.46876171875,0.2944868206977844,0.2322375625371933,0.6344634294509888
1790032229767802000,25.478802001953124,0.033518824726343155,0.2537853717803955,0.7015010714530945
1790032229777842400,25.488842529296875,-0.05267243832349777,0.004788403399288654,0.6033388376235962
1790032229787852300,25.498852294921875,-0.21547815203666687,-0.07661445438861847,0.4141969084739685
1790032229797862000,25.50886181640625,-0.1628057211637497,0.014365210197865963,0.2992752194404602
1790032229807871700,25.518871826171875,-0.1867477297782898,0.16759411990642548,0.17238251864910126
1790032229817912000,25.528912109375,-0.16998831927776337,-0.08140286058187485,0.043095629662275314
1790032229827922000,25.538921875,-0.3447650372982025,-0.28730419278144836,-0.2298433631658554
1790032229837931500,25.548931640625,-0.363918662071228,-0.4596867263317108,-0.22505496442317963
1790032229847941400,25.55894140625,-0.3471592366695404,-0.6799532771110535,-0.13407529890537262
1790032229857951000,25.568950927734374,-0.17717093229293823,-0.6153098344802856,-0.2777273952960968
1790032229877970700,25.588970703125,0.06703764945268631,-0.6871358752250671,-0.5530605912208557
1790032229887980300,25.598980224609374,0.12210428714752197,-0.5793967843055725,-0.727837324142456
1790032229897990100,25.608990234375,0.16998831927776337,-0.6368576288223267,-0.7230489253997803
1790032229908030500,25.619030517578125,0.19153612852096558,-0.7493851184844971,-0.5602431893348694
1790032229918040300,25.629040283203125,0.090979665517807,-0.8020575642585754,-0.28969839215278625
1790032229978129400,25.68912939453125,0.4118026793003082,-0.24181437492370605,-0.4357447028160095
1790032229998148900,25.70914892578125,0.21787235140800476,-0.2944868206977844,-0.48602294921875
1790032230018168300,25.729168212890624,-0.033518824726343155,-0.1843535304069519,-0.38067805767059326
1790032230028178200,25.73917822265625,-0.0933738648891449,-0.17477671802043915,-0.35913026332855225
1790032230038218500,25.749218505859375,0.13407529890537262,-0.4118026793003082,-0.45010992884635925
1790032230048258800,25.7592587890625,0.011971008032560349,-0.0454898327589035,-0.5506663918495178
1790032230058268400,25.769268310546874,-0.07182604819536209,-0.22505496442317963,-0.3687070608139038
1790032230088359000,25.79935888671875,-0.11013327538967133,0.31842881441116333,-0.17477671802043915
1790032230108378400,25.81937841796875,0.06464344263076782,0.27054479718208313,-0.1604115068912506
1790032230118388200,25.82938818359375,-0.011971008032560349,-0.12449848651885986,0.07900865375995636
1790032230128428300,25.83942822265625,0.08379705995321274,-0.3734954595565796,0.5171475410461426
1790032230138468600,25.849468505859374,0.07182604819536209,-0.5315127968788147,0.751779317855835
1790032230148478500,25.859478515625,0.15562310814857483,-0.49799394607543945,0.5913678407669067
1790032230158549200,25.86954931640625,0.12928688526153564,-0.7637503147125244,-0.07661445438861847
1790032230188639500,25.899639404296874,0.3663128614425659,-0.2849099934101105,0.5171475410461426
1790032230198679800,25.9096796875,0.4381389021873474,-0.22505496442317963,0.2298433631658554
1790032230208720100,25.91972021484375,0.13168109953403473,-0.1388636976480484,-0.14604631066322327
1790032230218730000,25.92972998046875,-0.12449848651885986,-0.2082955539226532,0.08619125932455063
1790032230258860500,25.969860595703125,0.1412578970193863,-0.3064578175544739,-0.10295066982507706
1790032230268870400,25.979870361328125,-0.3256114423274994,-0.1364694982767105,-0.06224924325942993
1790032230318980000,26.02997998046875,-0.19632454216480255,0.043095629662275314,0.2082955539226532
1790032230339060700,26.050060791015625,0.2059013396501541,0.2777273952960968,-0.3447650372982025
1790032230349070600,26.060070556640625,0.12210428714752197,0.2346317619085312,-0.15083470940589905
1790032230399210800,26.110210693359374,0.2801215946674347,-0.2513911724090576,-0.4405331015586853
1790032230419230500,26.13023046875,0.42856210470199585,0.06224924325942993,0.24420857429504395
1790032230429270800,26.140270751953125,0.33039984107017517,-0.06464344263076782,0.15322890877723694
1790032230439280400,26.1502802734375,0.3519476354122162,-0.08619125932455063,-0.040701430290937424
1790032230449320700,26.16032080078125,0.021547814831137657,-0.2106897532939911,-0.3208230137825012
1790032230459330600,26.17033056640625,-0.038307227194309235,-0.35673606395721436,0.12449848651885986
1790032230469340200,26.180340087890624,0.0071826050989329815,-0.4141969084739685,0.2825157940387726
1790032230539469600,26.250469482421874,0.3495534360408783,-0.2992752194404602,0.2059013396501541
1790032230569590500,26.280590576171875,-0.026336219161748886,0.15801730751991272,0.2322375625371933
1790032230579630800,26.290630859375,0.14844051003456116,0.5219359993934631,0.040701430290937424
1790032230629649200,26.340649169921875,-0.07422025501728058,-0.49320554733276367,-0.1604115068912506
1790032230639720000,26.350719970703125,-0.08379705995321274,-0.05027823522686958,-0.05267243832349777
1790032230669749200,26.380749267578125,0.23942017555236816,0.3926490843296051,0.12928688526153564
1790032230679789600,26.39078955078125,0.40462008118629456,0.26575639843940735,-0.1149216815829277
1790032230689799200,26.400799072265624,0.24899697303771973,0.1364694982767105,-0.08619125932455063
1790032230699809000,26.41080908203125,0.19393034279346466,-0.1628057211637497,0.2537853717803955
1790032230709849300,26.420849365234375,0.26575639843940735,-0.3758896589279175,0.16759411990642548
1790032230719859000,26.43085888671875,0.05985504388809204,-0.3974374830722809,0.05027823522686958
1790032230729930000,26.440929931640625,-0.10055647045373917,-0.2849099934101105,-0.07422025501728058
1790032230749949400,26.460949462890625,0.12689268589019775,-0.21308395266532898,0.06464344263076782
1790032230769969000,26.480968994140625,0.33039984107017517,0.17477671802043915,-0.035913024097681046
1790032230779978800,26.490978759765625,0.10534487664699554,-0.038307227194309235,-0.05027823522686958
1790032230789988400,26.50098828125,-0.08619125932455063,-0.002394201699644327,-0.13168109953403473
1790032230800028700,26.511028564453124,-0.08140286058187485,-0.31842881441116333,0.05746084079146385
1790032230810038500,26.52103857421875,0.10295066982507706,-0.028730420395731926,0.2298433631658554
1790032230820048400,26.53104833984375,0.06464344263076782,0,-0.12689268589019775
1790032230840098300,26.551098388671875,0.11252748221158981,0.26815059781074524,-0.16998831927776337
1790032230850138600,26.561138671875,0.19871874153614044,0.06703764945268631,-0.09816227108240128
1790032230860179000,26.571178955078125,0.19871874153614044,0.15801730751991272,0.15562310814857483
1790032230870219300,26.58121923828125,0.12210428714752197,0.1628057211637497,0
1790032230880259300,26.59125927734375,0.12210428714752197,0.12928688526153564,-0.3064578175544739
1790032230910258200,26.621258056640624,-0.08379705995321274,-0.26575639843940735,0.11252748221158981
1790032230920298500,26.631298583984375,0,-0.15801730751991272,0.14844051003456116
1790032230960368000,26.6713681640625,0,0.090979665517807,0.14844051003456116
1790032231000407000,26.711406982421874,-0.07182604819536209,-0.3256114423274994,0.13407529890537262
1790032231010447400,26.721447265625,-0.004788403399288654,-0.07661445438861847,0.24660277366638184
1790032231020487700,26.73148779296875,0.2298433631658554,0.11971008777618408,-0.0071826050989329815
1790032231030497500,26.74149755859375,0.3064578175544739,0.040701430290937424,-0.10773907601833344
1790032231040537900,26.751537841796875,0.1412578970193863,-0.016759412363171577,0.002394201699644327
1790032231050547500,26.76154736328125,0.019153613597154617,-0.07422025501728058,0.19871874153614044
1790032231070597600,26.78159765625,0.035913024097681046,-0.2944868206977844,0.10534487664699554
1790032231080668400,26.79166845703125,0.002394201699644327,-0.3256114423274994,0.06464344263076782
1790032231090708700,26.801708740234375,-0.016759412363171577,-0.3280056416988373,0.11013327538967133
1790032231100718300,26.81171826171875,0.07900865375995636,-0.3232172429561615,0.17238251864910126
1790032231110758700,26.821758544921874,-0.0071826050989329815,-0.23942017555236816,0.13407529890537262
1790032231120799000,26.831799072265625,-0.0454898327589035,-0.0933738648891449,-0.028730420395731926
1790032231140818400,26.851818359375,0.16759411990642548,-0.1173158809542656,0.1388636976480484
1790032231150828300,26.861828369140625,-0.07182604819536209,-0.06224924325942993,0.2082955539226532
1790032231160868600,26.87186865234375,-0.047884032130241394,-0.026336219161748886,0.16998831927776337
1790032231190867500,26.901867431640625,-0.09576806426048279,-0.33039984107017517,0.07661445438861847
1790032231200907500,26.911907470703124,-0.31842881441116333,-0.06224924325942993,0.08140286058187485
1790032231210917400,26.92191748046875,-0.12210428714752197,0.031124621629714966,0.035913024097681046
1790032231220957700,26.931957763671875,0.19632454216480255,0.0933738648891449,-0.10534487664699554
1790032231230967600,26.941967529296875,0.31124621629714966,0.19871874153614044,-0.14365209639072418
1790032231241007600,26.952007568359374,0.3519476354122162,0.0071826050989329815,-0.10295066982507706
1790032231250987000,26.961987060546875,-0.038307227194309235,-0.040701430290937424,0.05985504388809204
1790032231291087000,27.002087158203125,0.22505496442317963,-0.2059013396501541,-0.028730420395731926
1790032231301097000,27.012096923828125,0.026336219161748886,-0.2561795711517334,-0.009576806798577309
1790032231311137000,27.022136962890624,0.06703764945268631,-0.12210428714752197,0.20350714027881622
1790032231321177300,27.03217724609375,0.21308395266532898,-0.16519992053508759,0.2322375625371933
1790032231331187200,27.042187255859375,0.23702596127986908,-0.07900865375995636,0.07900865375995636
1790032231341197000,27.052197021484375,0.11971008777618408,-0.26336219906806946,-0.1604115068912506
1790032231391306800,27.102306640625,-0.21547815203666687,-0.1173158809542656,-0.011971008032560349
1790032231401316600,27.112316650390625,-0.038307227194309235,0.07182604819536209,0.1412578970193863
1790032231411357000,27.12235693359375,0.08140286058187485,0.07661445438861847,-0.06464344263076782
1790032231421366500,27.132366455078124,0.016759412363171577,-0.035913024097681046,-0.08379705995321274
1790032231431376400,27.14237646484375,-0.06224924325942993,0.0071826050989329815,0.009576806798577309
1790032231441386200,27.15238623046875,0.033518824726343155,-0.023942016065120697,0.016759412363171577
1790032231451426600,27.162426513671875,0.22026655077934265,-0.05506663769483566,-0.07422025501728058
1790032231461466600,27.172466552734374,0.12449848651885986,0.05506663769483566,0.021547814831137657
1790032231481516800,27.192516845703125,0.17717093229293823,-0.07661445438861847,0.05506663769483566
1790032231491526700,27.202526611328125,0.21547815203666687,0.019153613597154617,-0.004788403399288654
1790032231561595000,27.272594970703125,-0.038307227194309235,-0.4141969084739685,0.016759412363171577
1790032231601695000,27.312695068359375,0.1412578970193863,-0.040701430290937424,-0.004788403399288654
1790032231611735300,27.3227353515625,-0.08379705995321274,0.0694318488240242,0.15322890877723694
1790032231621775600,27.332775634765625,0.11013327538967133,-0.014365210197865963,0.33758243918418884
1790032231641795000,27.352795166015625,-0.004788403399288654,-0.22505496442317963,0.08379705995321274
1790032231651805000,27.362804931640625,-0.08619125932455063,-0.028730420395731926,0.12689268589019775
1790032231661814500,27.372814453125,-0.009576806798577309,0.11252748221158981,-0.0933738648891449
1790032231681895200,27.392895263671875,-0.11252748221158981,-0.038307227194309235,-0.10055647045373917
1790032231691905000,27.402905029296875,-0.07661445438861847,-0.11971008777618408,-0.031124621629714966
1790032231701914600,27.41291455078125,0.09576806426048279,-0.08858546614646912,0.09816227108240128
1790032231711924500,27.422924560546875,0.19153612852096558,-0.10055647045373917,-0.09576806426048279
1790032231731913500,27.44291357421875,0.06464344263076782,-0.0071826050989329815,0.07900865375995636
1790032231741953800,27.452953857421875,0.19153612852096558,-0.028730420395731926,0.0071826050989329815
1790032231751963600,27.462963623046875,0.3208230137825012,0.2059013396501541,-0.0694318488240242
1790032231761973200,27.47297314453125,0.3878606855869293,0.08140286058187485,0
1790032231771983000,27.482983154296875,0.21547815203666687,-0.15562310814857483,0.07900865375995636
1790032231782023400,27.4930234375,0.021547814831137657,-0.016759412363171577,0.181959331035614
1790032231792033000,27.503032958984374,0.14604631066322327,-0.2106897532939911,0.06464344263076782
1790032231802043000,27.51304296875,0.12210428714752197,-0.24660277366638184,-0.019153613597154617
1790032231822093000,27.533093017578125,-0.016759412363171577,0.06464344263076782,0.17238251864910126
1790032231832102700,27.5431025390625,0.2059013396501541,0.035913024097681046,-0.019153613597154617
1790032231842112500,27.553112548828125,0.07900865375995636,-0.07900865375995636,-0.05985504388809204
1790032231852122400,27.563122314453125,0.06224924325942993,0.11252748221158981,0.10055647045373917
1790032231862132000,27.573132080078125,0.1604115068912506,-0.11252748221158981,0.1604115068912506
1790032231872141800,27.583141845703125,0.06224924325942993,-0.33997663855552673,0.10055647045373917
1790032231882212600,27.593212646484375,-0.033518824726343155,-0.4165911078453064,-0.014365210197865963
1790032231892222500,27.603222412109375,-0.026336219161748886,-0.24420857429504395,0.12449848651885986
1790032231962321200,27.673321044921874,-0.06703764945268631,-0.08858546614646912,0.14365209639072418
1790032231972300500,27.683300537109375,-0.08379705995321274,-0.10534487664699554,0.033518824726343155
1790032232002360300,27.7133603515625,0.05506663769483566,-0.019153613597154617,0.11013327538967133
1790032232012370000,27.723369873046874,0.11252748221158981,0.06703764945268631,0.05267243832349777
1790032232022379800,27.7333798828125,0.13168109953403473,-0.06464344263076782,0.019153613597154617
1790032232032389600,27.7433896484375,0.12210428714752197,0,0.17477671802043915
1790032232042399200,27.753399169921874,0.16759411990642548,-0.14604631066322327,0.023942016065120697
1790032232052470000,27.763469970703124,-0.009576806798577309,-0.16519992053508759,0.07422025501728058
1790032232062480000,27.77347998046875,-0.009576806798577309,-0.24899697303771973,0.043095629662275314
1790032232072520200,27.783520263671875,-0.08858546614646912,-0.0933738648891449,-0.07422025501728058
1790032232092539600,27.80353955078125,0.17717093229293823,0.05746084079146385,0.026336219161748886
1790032232112559400,27.823559326171875,0.090979665517807,0.05267243832349777,-0.038307227194309235
1790032232122569000,27.83356884765625,0.05985504388809204,-0.07422025501728058,0.05267243832349777
1790032232152628700,27.863628662109374,0.047884032130241394,-0.24660277366638184,-0.021547814831137657
1790032232172679000,27.883678955078125,0.1412578970193863,0.040701430290937424,0.12449848651885986
1790032232192698400,27.903698486328125,0.19393034279346466,-0.014365210197865963,0.026336219161748886
1790032232212748500,27.92374853515625,0.08619125932455063,-0.15083470940589905,0.1149216815829277
