time,seconds_elapsed,x,z,y
1790032173230054000,0.154053955078125,-0.07182604819536209,-0.3208230137825012,0.05746084079146385
1790032173240033300,0.164033203125,-1.070208191871643,-1.0989385843276978,2.1308395862579346
1790032173260022300,0.184022216796875,0.31842881441116333,0.08619125932455063,0.14365209639072418
1790032173270062600,0.1940625,0.181959331035614,-0.004788403399288654,0.3734954595565796
1790032173280072200,0.204072265625,0.10773907601833344,0.12928688526153564,0.3208230137825012
1790032173290051600,0.214051513671875,0.06703764945268631,0.031124621629714966,0.19632454216480255
1790032173300030700,0.22403076171875,0.08619125932455063,-0.031124621629714966,0.272938996553421
1790032173309910000,0.233909912109375,0.09816227108240128,-0.0694318488240242,0.22026655077934265
1790032173329529600,0.253529541015625,0.028730420395731926,-0.1412578970193863,0.10773907601833344
1790032173349610000,0.27360986328125,0.06224924325942993,0.0933738648891449,-0.05746084079146385
1790032173359589400,0.28358935546875,0.08858546614646912,0.24420857429504395,-0.026336219161748886
1790032173369599000,0.293598876953125,0.11013327538967133,0.12928688526153564,0.12449848651885986
1790032173379578400,0.303578369140625,-0.033518824726343155,0,0.12689268589019775
1790032173389588200,0.313588134765625,0.05267243832349777,0.019153613597154617,0.19871874153614044
1790032173399597800,0.323597900390625,0.08379705995321274,-0.1628057211637497,-0.06703764945268631
1790032173409607700,0.333607666015625,0.09816227108240128,0.05985504388809204,-0.15083470940589905
1790032173419586800,0.3435869140625,0.09816227108240128,0.033518824726343155,-0.24660277366638184
1790032173439637000,0.363636962890625,0.13407529890537262,0.002394201699644327,-0.10773907601833344
1790032173449646600,0.373646484375,0.22505496442317963,0.11971008777618408,0.10773907601833344
1790032173459626000,0.3836259765625,0.16998831927776337,0.07900865375995636,0.038307227194309235
1790032173469666300,0.393666259765625,0.09816227108240128,-0.033518824726343155,-0.1628057211637497
1790032173479676000,0.403676025390625,0.12928688526153564,-0.11013327538967133,-0.026336219161748886
1790032173489655300,0.4136552734375,0.09576806426048279,-0.17238251864910126,-0.028730420395731926
1790032173499695600,0.423695556640625,0.20111294090747833,-0.08140286058187485,0.05027823522686958
1790032173509674800,0.4336748046875,0.09576806426048279,-0.090979665517807,0.002394201699644327
1790032173519654100,0.443654052734375,0.040701430290937424,-0.033518824726343155,-0.1173158809542656
1790032173529633300,0.45363330078125,0.26336219906806946,-0.040701430290937424,0.08379705995321274
1790032173549683200,0.47368310546875,0.0694318488240242,0.0454898327589035,0.011971008032560349
1790032173559693000,0.483693115234375,-0.019153613597154617,0.028730420395731926,-0.1364694982767105
1790032173569703000,0.493702880859375,-0.016759412363171577,-0.031124621629714966,0.035913024097681046
1790032173579712500,0.50371240234375,0.14604631066322327,-0.023942016065120697,0.26336219906806946
1790032173589722400,0.513722412109375,0.021547814831137657,0.009576806798577309,0.11971008777618408
1790032173599732200,0.523732177734375,0,0.05506663769483566,-0.2801215946674347
1790032173609711400,0.53371142578125,0.12928688526153564,-0.19632454216480255,-0.002394201699644327
1790032173619751700,0.543751708984375,0.07661445438861847,-0.033518824726343155,0.33279404044151306
1790032173629730800,0.553730712890625,0.0454898327589035,-0.13407529890537262,0.40940847992897034
1790032173649750500,0.57375048828125,-0.038307227194309235,-0.09816227108240128,0.05027823522686958
1790032173669739500,0.593739501953125,0.13407529890537262,0.043095629662275314,-0.33039984107017517
1790032173679718700,0.60371875,0.019153613597154617,0.047884032130241394,-0.05267243832349777
1790032173689759000,0.613759033203125,0.06464344263076782,-0.047884032130241394,0.31364041566848755
1790032173699768800,0.623768798828125,0.0933738648891449,-0.035913024097681046,0.3663128614425659
1790032173709809200,0.63380908203125,0.14365209639072418,-0.1173158809542656,0.0454898327589035
1790032173719818800,0.64381884765625,0.07422025501728058,-0.0933738648891449,-0.22026655077934265
1790032173729828600,0.65382861328125,0.13168109953403473,-0.026336219161748886,-0.16519992053508759
1790032173739838500,0.66383837890625,0.181959331035614,0.05267243832349777,0.08858546614646912
1790032173749848000,0.67384814453125,0.16519992053508759,-0.014365210197865963,0.043095629662275314
1790032173759888400,0.683888427734375,0.07661445438861847,-0.05746084079146385,-0.08379705995321274
1790032173769898200,0.693898193359375,0.0694318488240242,-0.22026655077934265,-0.1843535304069519
1790032173779907800,0.703907958984375,0.0694318488240242,-0.17238251864910126,-0.023942016065120697
1790032173809906700,0.73390673828125,0.13168109953403473,-0.06224924325942993,0
1790032173819916500,0.74391650390625,0,-0.009576806798577309,0.07182604819536209
1790032173850006800,0.7740068359375,0.23942017555236816,0.004788403399288654,0.021547814831137657
1790032173870057000,0.794056884765625,0.10055647045373917,0.17238251864910126,-0.10295066982507706
1790032173880036000,0.8040361328125,0.033518824726343155,0.040701430290937424,0.023942016065120697
1790032173890046000,0.8140458984375,0.181959331035614,-0.1412578970193863,0.17238251864910126
1790032173910065400,0.8340654296875,0.038307227194309235,-0.1867477297782898,-0.0454898327589035
1790032173920075300,0.8440751953125,0.0454898327589035,-0.1628057211637497,-0.19871874153614044
1790032173960144600,0.88414453125,0.026336219161748886,0.0694318488240242,-0.031124621629714966
1790032173970185000,0.89418505859375,0.16759411990642548,0.023942016065120697,-0.07900865375995636
1790032173980194800,0.90419482421875,0.08858546614646912,-0.004788403399288654,0.023942016065120697
1790032173990204700,0.91420458984375,-0.011971008032560349,-0.10534487664699554,-0.1149216815829277
1790032174000214300,0.92421435546875,-0.009576806798577309,0.043095629662275314,-0.06224924325942993
1790032174010224000,0.93422412109375,0.07900865375995636,-0.16998831927776337,0.05985504388809204
1790032174020203300,0.944203369140625,0.023942016065120697,-0.05506663769483566,0.12210428714752197
1790032174040192300,0.964192138671875,0.12210428714752197,0.009576806798577309,-0.10773907601833344
1790032174050202000,0.9742021484375,0.11971008777618408,0.14844051003456116,0.07422025501728058
1790032174060212000,0.9842119140625,0.12928688526153564,0.13407529890537262,0.1604115068912506
1790032174090271700,1.014271728515625,0.19871874153614044,-0.21547815203666687,0.15083470940589905
1790032174120270600,1.0442705078125,0.07422025501728058,-0.10295066982507706,0.023942016065120697
1790032174130310700,1.054310546875,0.20350714027881622,-0.09576806426048279,0.09576806426048279
1790032174140320500,1.064320556640625,0.17956513166427612,0.07422025501728058,0.11013327538967133
1790032174190338800,1.1143388671875,0.019153613597154617,-0.20350714027881622,0.10055647045373917
1790032174230378000,1.1543779296875,0.06224924325942993,-0.07661445438861847,0.035913024097681046
1790032174240387600,1.1643876953125,0.026336219161748886,-0.09816227108240128,0.05985504388809204
1790032174320404700,1.24440478515625,0.16519992053508759,0.07182604819536209,-0.10773907601833344
1790032174330445000,1.254445068359375,0.12928688526153564,-0.021547814831137657,0
1790032174360474400,1.284474365234375,0.06464344263076782,-0.05027823522686958,-0.019153613597154617
1790032174420533000,1.344532958984375,0.05985504388809204,0.06224924325942993,-0.06224924325942993
1790032174430542600,1.35454248046875,0.1149216815829277,0.014365210197865963,0.05985504388809204
1790032174440552400,1.364552490234375,-0.014365210197865963,-0.18914192914962769,0.07661445438861847
1790032174450562300,1.374562255859375,-0.08858546614646912,-0.21787235140800476,0
1790032174470581800,1.394581787109375,0.004788403399288654,-0.22266076505184174,-0.038307227194309235
1790032174490601200,1.414601318359375,0.17238251864910126,0.009576806798577309,0.0933738648891449
1790032174500580600,1.42458056640625,0.05267243832349777,0.1388636976480484,-0.08140286058187485
1790032174510621000,1.434620849609375,0.17477671802043915,0.0933738648891449,-0.033518824726343155
1790032174520600000,1.44460009765625,0.181959331035614,0.1173158809542656,0.1364694982767105
1790032174530640400,1.454640380859375,0.08140286058187485,0.031124621629714966,-0.002394201699644327
1790032174560669700,1.484669677734375,0.1388636976480484,-0.1149216815829277,0.1149216815829277
1790032174600708600,1.52470849609375,0.10055647045373917,0.009576806798577309,-0.026336219161748886
1790032174630707500,1.55470751953125,0.08140286058187485,0,-0.031124621629714966
1790032174650696400,1.574696533203125,-0.11252748221158981,-0.11971008777618408,0.011971008032560349
1790032174660706300,1.584706298828125,-0.08140286058187485,-0.1149216815829277,-0.014365210197865963
1790032174670685400,1.594685546875,-0.16998831927776337,-0.05985504388809204,-0.05506663769483566
1790032174680725800,1.604725830078125,-0.035913024097681046,-0.14604631066322327,-0.028730420395731926
1790032174710755000,1.634755126953125,0.15083470940589905,-0.10055647045373917,0
1790032174720734500,1.644734375,0.15322890877723694,-0.0071826050989329815,0.019153613597154617
1790032174730713600,1.654713623046875,0.07661445438861847,-0.05506663769483566,0.06464344263076782
1790032174740723500,1.664723388671875,0.1149216815829277,-0.11971008777618408,-0.06224924325942993
1790032174750733000,1.674733154296875,0.06703764945268631,-0.1867477297782898,-0.08619125932455063
1790032174760712400,1.68471240234375,0.1604115068912506,-0.10055647045373917,0.038307227194309235
1790032174770722000,1.69472216796875,0.10534487664699554,-0.21308395266532898,0.06224924325942993
1790032174780701400,1.704701416015625,0.07422025501728058,-0.16519992053508759,0.13168109953403473
1790032174790741800,1.71474169921875,0.1173158809542656,-0.1388636976480484,-0.038307227194309235
1790032174800751400,1.72475146484375,0.05506663769483566,-0.13168109953403473,-0.047884032130241394
1790032174810730800,1.734730712890625,-0.004788403399288654,-0.1364694982767105,-0.014365210197865963
1790032174830780700,1.75478076171875,0.002394201699644327,0.026336219161748886,-0.05746084079146385
1790032174840790500,1.76479052734375,0.05027823522686958,-0.0454898327589035,0.021547814831137657
1790032174850739200,1.7747392578125,0.08140286058187485,0,0.1604115068912506
1790032174860749000,1.7847490234375,0.021547814831137657,-0.040701430290937424,0.043095629662275314
1790032174870758700,1.794758544921875,-0.043095629662275314,0.014365210197865963,-0.12449848651885986
1790032174880799000,1.804799072265625,0.10295066982507706,-0.05746084079146385,-0.07900865375995636
1790032174890808800,1.814808837890625,0.019153613597154617,0.019153613597154617,0.06703764945268631
1790032174910828300,1.834828369140625,0.12449848651885986,0.031124621629714966,0.05985504388809204
1790032174920838100,1.844838134765625,0.12928688526153564,-0.07182604819536209,0.05267243832349777
1790032174930848000,1.854847900390625,0.040701430290937424,-0.05985504388809204,0.0071826050989329815
1790032174940888000,1.86488818359375,0.004788403399288654,-0.05506663769483566,-0.033518824726343155
1790032174950898000,1.87489794921875,0.16519992053508759,0.002394201699644327,-0.05746084079146385
1790032174960938200,1.884938232421875,0.18914192914962769,-0.021547814831137657,-0.016759412363171577
1790032174970948000,1.894947998046875,0.035913024097681046,-0.033518824726343155,0.10055647045373917
1790032174980927200,1.90492724609375,0.06703764945268631,0.023942016065120697,0.08379705995321274
1790032175000916200,1.924916259765625,0.12449848651885986,0.11013327538967133,0.014365210197865963
1790032175020874800,1.944874755859375,0.10534487664699554,-0.0071826050989329815,0.021547814831137657
1790032175030884600,1.954884521484375,0.0694318488240242,0.047884032130241394,0.07422025501728058
1790032175040863700,1.96486376953125,0.10773907601833344,-0.023942016065120697,0.0694318488240242
1790032175050873600,1.97487353515625,0.004788403399288654,-0.014365210197865963,-0.05985504388809204
1790032175060883200,1.98488330078125,-0.023942016065120697,-0.05267243832349777,-0.040701430290937424
1790032175070893000,1.99489306640625,0.06224924325942993,0.002394201699644327,0.038307227194309235
1790032175080872200,2.0048720703125,0.1149216815829277,-0.0454898327589035,-0.021547814831137657
1790032175150971100,2.07497119140625,0.09816227108240128,0.011971008032560349,0.05267243832349777
1790032175181000400,2.10500048828125,-0.11252748221158981,-0.23942017555236816,0.043095629662275314
1790032175191010300,2.11501025390625,0.028730420395731926,-0.31364041566848755,-0.023942016065120697
1790032175201050600,2.125050537109375,0.019153613597154617,-0.1843535304069519,-0.002394201699644327
1790032175221039600,2.14503955078125,0.10295066982507706,0.15322890877723694,-0.019153613597154617
1790032175231080000,2.155079833984375,0.21547815203666687,0.11013327538967133,0.06224924325942993
1790032175241059000,2.16505908203125,0.1149216815829277,0.08379705995321274,-0.07661445438861847
1790032175251069000,2.17506884765625,0.15562310814857483,-0.002394201699644327,-0.023942016065120697
1790032175261109000,2.18510888671875,0.0454898327589035,-0.2561795711517334,-0.009576806798577309
1790032175271118800,2.195118896484375,0.014365210197865963,-0.13407529890537262,-0.033518824726343155
1790032175281098200,2.20509814453125,0.05506663769483566,-0.2777273952960968,0.002394201699644327
1790032175291107800,2.21510791015625,0.11971008777618408,-0.0933738648891449,-0.040701430290937424
1790032175301117700,2.22511767578125,-0.004788403399288654,-0.1364694982767105,0.016759412363171577
1790032175311127300,2.235127197265625,0.12928688526153564,-0.004788403399288654,0.014365210197865963
1790032175361176300,2.28517626953125,-0.014365210197865963,-0.12210428714752197,0.0454898327589035
1790032175371186000,2.29518603515625,0.0071826050989329815,-0.14604631066322327,0.05985504388809204
1790032175441254400,2.36525439453125,0.08858546614646912,0.0694318488240242,-0.0071826050989329815
1790032175461273900,2.38527392578125,0.05985504388809204,-0.023942016065120697,0.028730420395731926
1790032175471283700,2.39528369140625,0.10534487664699554,-0.043095629662275314,-0.011971008032560349
1790032175481293300,2.405293212890625,0.038307227194309235,-0.011971008032560349,0.07900865375995636
1790032175491272700,2.415272705078125,0.0694318488240242,-0.06703764945268631,0
1790032175501313000,2.42531298828125,0.13168109953403473,-0.023942016065120697,-0.08379705995321274
1790032175511322600,2.435322509765625,0.09816227108240128,-0.038307227194309235,-0.011971008032560349
1790032175521332500,2.44533251953125,0.12449848651885986,-0.06464344263076782,0.028730420395731926
1790032175531342300,2.45534228515625,0.08379705995321274,-0.0694318488240242,0.040701430290937424
1790032175561371600,2.48537158203125,0.10055647045373917,-0.10055647045373917,0.0454898327589035
1790032175581391000,2.50539111328125,0.0454898327589035,0.011971008032560349,0.1149216815829277
1790032175641480200,2.565480224609375,0.05027823522686958,0,0.009576806798577309
1790032175651459300,2.575459228515625,0.014365210197865963,-0.08619125932455063,0.05506663769483566
1790032175691468000,2.615468017578125,0.0694318488240242,-0.0454898327589035,0.06703764945268631
1790032175721497300,2.645497314453125,0.08619125932455063,0.011971008032560349,0.009576806798577309
1790032175731507000,2.6555068359375,0.16519992053508759,0.014365210197865963,0.021547814831137657
1790032175771546000,2.695546142578125,0.15322890877723694,0.1364694982767105,-0.019153613597154617
1790032175781556000,2.705555908203125,0.047884032130241394,-0.047884032130241394,-0.13407529890537262
1790032175791565600,2.715565673828125,0.019153613597154617,-0.24181437492370605,-0.22744916379451752
1790032175801545000,2.725544921875,0.08858546614646912,-0.1412578970193863,-0.06224924325942993
1790032175811554600,2.735554443359375,-0.011971008032560349,-0.08379705995321274,0.19632454216480255
1790032175821595000,2.745594970703125,0.009576806798577309,-0.1628057211637497,0.17477671802043915
1790032175841614600,2.765614501953125,0.07661445438861847,-0.10055647045373917,-0.10295066982507706
1790032175861634000,2.785634033203125,0.1364694982767105,-0.011971008032560349,-0.07422025501728058
1790032175891663400,2.815663330078125,0.07661445438861847,-0.021547814831137657,-0.009576806798577309
1790032175901673000,2.8256728515625,0.10295066982507706,0.019153613597154617,-0.10055647045373917
1790032175911652400,2.83565234375,0.004788403399288654,0.3519476354122162,0.15083470940589905
1790032175921692700,2.845692626953125,-0.0933738648891449,0.40940847992897034,0.646434485912323
1790032175931702300,2.855702392578125,-0.09816227108240128,0.4884171485900879,0.751779317855835
1790032175941712100,2.865712158203125,-0.2106897532939911,0.6057330369949341,0.6751648783683777
1790032175951691300,2.875691162109375,-0.12210428714752197,1.0678139925003052,0.24660277366638184
1790032175961731600,2.885731689453125,0.09576806426048279,1.5466543436050415,0.002394201699644327
1790032175991761000,2.915760986328125,-0.6033388376235962,2.913743495941162,-0.5027823448181152
1790032176001770800,2.925770751953125,-0.7230489253997803,3.4620156288146973,-0.2585737705230713
1790032176011780600,2.935780517578125,-0.7852981686592102,3.756502389907837,0.15083470940589905
1790032176021790200,2.945790283203125,-0.7829039692878723,3.84269380569458,0.10055647045373917
1790032176031769600,2.95576953125,-0.09576806426048279,3.4165258407592773,0.3519476354122162
1790032176041779200,2.965779296875,-0.8259995579719543,6.399701118469238,-0.8355764150619507
1790032176051789000,2.9757890625,-1.0558429956436157,4.048594951629639,-1.4915876388549805
1790032176081818400,3.005818359375,-1.5849615335464478,5.063736438751221,-0.1843535304069519
1790032176091828200,3.015828125,-1.3958195447921753,5.2265424728393555,-0.2753331959247589
1790032176101807400,3.025807373046875,-1.2952631711959839,5.5760955810546875,-0.16519992053508759
1790032176111847700,3.03584765625,-1.403002142906189,6.021417140960693,-0.5482721924781799
1790032176121857300,3.045857177734375,-1.482010841369629,6.208165168762207,-0.8786720037460327
1790032176131867100,3.0558671875,-1.6424223184585571,6.490680694580078,-1.0247182846069336
1790032176181916000,3.105916015625,-2.762908697128296,6.768408298492432,-2.896984100341797
1790032176191895300,3.115895263671875,-3.3207578659057617,6.090848922729492,-1.7908629179000854
1790032176211914800,3.135914794921875,-4.668693542480469,4.01268196105957,-1.0295066833496094
1790032176231934200,3.155934326171875,-4.345476150512695,3.584120035171509,-2.6001031398773193
1790032176241913600,3.16591357421875,-4.094084739685059,3.529053211212158,-2.626439332962036
1790032176251892700,3.175892822265625,-4.129997730255127,3.090914487838745,-2.363077163696289
1790032176281891600,3.2058916015625,-3.598485231399536,2.4684219360351562,-2.559401512145996
1790032176291901400,3.2159013671875,-3.5673606395721436,2.1523873805999756,-2.360682964324951
1790032176301911000,3.2259111328125,-3.555389642715454,1.501164436340332,-2.1164743900299072
1790032176311890400,3.235890380859375,-3.5003228187561035,0.6512228846549988,-1.5155296325683594
1790032176321930800,3.2459306640625,-3.383007049560547,0.11252748221158981,-1.3287819623947144
1790032176331940400,3.2559404296875,-3.2154128551483154,-0.06224924325942993,-1.9728221893310547
1790032176341980700,3.265980712890625,-3.3638534545898438,-0.6177040338516235,-1.9608511924743652
1790032176351990500,3.275990478515625,-3.531447410583496,-0.8595184087753296,-1.9129672050476074
1790032176362000100,3.286000244140625,-3.4380736351013184,-1.1563993692398071,-2.0039467811584473
1790032176372010000,3.296010009765625,-3.2321722507476807,-1.577778935432434,-2.145204782485962
1790032176381989000,3.305989013671875,-3.021482467651367,-2.1954829692840576,-2.0159177780151367
1790032176402039300,3.326039306640625,-3.265691041946411,-2.31758713722229,-1.2018892765045166
1790032176412049200,3.336049072265625,-3.201047658920288,-2.3558945655822754,-1.4915876388549805
1790032176422058800,3.346058837890625,-3.375824451446533,-2.6168625354766846,-1.0965443849563599
1790032176432068600,3.356068603515625,-3.428496837615967,-3.114856481552124,-0.828393816947937
1790032176442047700,3.3660478515625,-3.44765043258667,-3.1651346683502197,-0.8834604024887085
1790032176452057600,3.3760576171875,-3.31118106842041,-3.5482068061828613,-1.3527239561080933
1790032176462098000,3.386097900390625,-2.8634653091430664,-4.175487995147705,-1.6950948238372803
1790032176472107500,3.396107421875,-2.4660277366638184,-3.383007049560547,-1.6831238269805908
1790032176542237000,3.46623681640625,-1.5442601442337036,-4.833893299102783,-0.8427590131759644
1790032176552246800,3.476246826171875,-1.742978811264038,-5.118803024291992,-1.314416766166687
1790032176592347000,3.516346923828125,-1.4700398445129395,-4.659116744995117,-0.18914192914962769
1790032176602356700,3.526356689453125,-1.4484920501708984,-4.41969633102417,-0.4836287498474121
1790032176622376200,3.546376220703125,-0.9888052940368652,-4.335899353027344,-0.5171475410461426
1790032176642395600,3.566395751953125,-1.3670891523361206,-5.17626428604126,-0.4644751250743866
1790032176652405500,3.576405517578125,-1.359906554222107,-5.5760955810546875,-0.043095629662275314
1790032176662415400,3.586415283203125,-1.259350061416626,-5.880159378051758,0.002394201699644327
1790032176672425000,3.596425048828125,-1.158793568611145,-5.66228723526001,-0.21308395266532898
1790032176682434800,3.606434814453125,-1.4508862495422363,-5.724536418914795,-0.28730419278144836
1790032176692444700,3.616444580078125,-1.4724340438842773,-5.810727596282959,-0.16519992053508759
1790032176702484700,3.626484619140625,-1.314416766166687,-5.628767967224121,0.038307227194309235
1790032176712494600,3.63649462890625,-1.1013327836990356,-5.439626216888428,-0.05267243832349777
1790032176722535000,3.646534912109375,-0.9983820915222168,-5.647922039031982,-0.090979665517807
1790032176752564200,3.676564208984375,-0.6751648783683777,-5.552153587341309,-0.016759412363171577
1790032176762573800,3.68657373046875,-0.6847416758537292,-5.130774021148682,-0.17717093229293823
1790032176772583700,3.696583740234375,-0.7230489253997803,-4.95120906829834,-0.1867477297782898
1790032176822663200,3.7466630859375,-0.7182605266571045,-4.01268196105957,-0.768538773059845
1790032176862702000,3.7867021484375,-1.194706678390503,-3.9049429893493652,-0.37828385829925537
1790032176962891300,3.886891357421875,-1.8339585065841675,-1.5873557329177856,-1.4101848602294922
1790032176982911000,3.906910888671875,-1.6735470294952393,-1.2090718746185303,-1.460463047027588
1790032177012970800,3.936970703125,-1.5131354331970215,-1.6208745241165161,-0.17717093229293823
1790032177032990200,3.956990234375,-1.778891921043396,-1.764526605606079,-0.9864110946655273
1790032177073029400,3.997029296875,-1.9153614044189453,-0.6416460275650024,-0.5147533416748047
1790032177113068300,4.037068359375,-2.0470423698425293,-0.7374141216278076,-0.8475474119186401
1790032177133118500,4.057118408203125,-1.9560627937316895,0.026336219161748886,-1.2521674633026123
1790032177163178200,4.08717822265625,-1.7381904125213623,0.0454898327589035,-1.0606313943862915
1790032177193238000,4.117238037109375,-1.968033790588379,-0.19632454216480255,-0.9074024558067322
1790032177203247900,4.127247802734375,-2.1045033931732178,0.5386953949928284,-1.194706678390503
1790032177253296600,4.177296630859375,-1.6759412288665771,1.1420341730117798,-1.5059528350830078
1790032177263337000,4.1873369140625,-1.644816517829895,1.1444283723831177,-0.8858546018600464
1790032177273346600,4.1973466796875,-1.216254472732544,1.0869675874710083,-0.33279404044151306
1790032177303376000,4.2273759765625,-1.357512354850769,1.0199298858642578,-0.9816226959228516
1790032177343415000,4.2674150390625,-1.173158884048462,0.912190854549408,-0.5147533416748047
1790032177363434500,4.2874345703125,-1.0223240852355957,-0.12210428714752197,0.047884032130241394
1790032177373414000,4.297413818359375,-1.0582371950149536,0.4812345504760742,-0.2561795711517334
1790032177383423500,4.307423583984375,-1.0845733880996704,0.47405192255973816,-0.5315127968788147
1790032177413452800,4.337452880859375,-0.6392518281936646,1.335964560508728,-0.7134721279144287
1790032177443482000,4.367482177734375,-0.5219359993934631,0.871489405632019,-0.6200982332229614
1790032177463471000,4.38747119140625,-0.6919242739677429,0.5937620401382446,-0.08858546614646912
1790032177483521300,4.407521240234375,-0.40701428055763245,0.507570743560791,-0.4620809257030487
1790032177493531000,4.41753076171875,-0.3687070608139038,0.6943184733390808,-0.9241618514060974
1790032177503540700,4.427540771484375,-0.42856210470199585,0.6320692300796509,-0.7374141216278076
1790032177513550600,4.437550537109375,-0.5339069962501526,0.6440402865409851,-0.6871358752250671
1790032177573639700,4.4976396484375,-0.9026140570640564,0.22744916379451752,-0.48602294921875
1790032177583618800,4.507618896484375,-0.8164227604866028,0.45489832758903503,-0.395043283700943
1790032177593628700,4.517628662109375,-0.9552865028381348,0.6799532771110535,-0.27054479718208313
1790032177613648100,4.537648193359375,-0.9050082564353943,-0.13168109953403473,-0.9289502501487732
1790032177623688400,4.5476884765625,-0.9097966551780701,0.2753331959247589,-0.9744400978088379
1790032177653687300,4.577687255859375,-0.5267243981361389,0.629675030708313,0.15322890877723694
1790032177663697000,4.58769677734375,-0.47405192255973816,0.5674257874488831,-0.10295066982507706
1790032177673737200,4.5977373046875,-0.5889736413955688,0.40462008118629456,-0.5674257874488831
1790032177703766500,4.6277666015625,-0.871489405632019,0.4213795065879822,-0.3256114423274994
1790032177713746000,4.637745849609375,-0.9097966551780701,0.0933738648891449,-0.19871874153614044
1790032177723755500,4.647755615234375,-0.7254431247711182,0.18914192914962769,-0.17956513166427612
1790032177733735000,4.65773486328125,-0.6751648783683777,0.5746083855628967,0.05746084079146385
1790032177743744500,4.66774462890625,-0.4836287498474121,0.7948749661445618,0.031124621629714966
1790032177753754400,4.67775439453125,-0.35434186458587646,0.6224924325942993,0.011971008032560349
1790032177783783700,4.70778369140625,-0.3256114423274994,0.033518824726343155,0.002394201699644327
1790032177803833600,4.72783349609375,-0.4668693244457245,-0.05027823522686958,-0.20350714027881622
1790032177813843500,4.737843505859375,-0.44771572947502136,0.023942016065120697,-0.1604115068912506
1790032177853852000,4.777851806640625,-0.4141969084739685,0.08858546614646912,0.2992752194404602
1790032177873902000,4.797902099609375,-0.646434485912323,0.08140286058187485,-0.004788403399288654
1790032177883912000,4.807911865234375,-0.5291185975074768,0.13168109953403473,0.13168109953403473
1790032177893891000,4.81789111328125,-0.5770025849342346,0.26815059781074524,0.4165911078453064
1790032177903931400,4.827931396484375,-0.6584054827690125,0.014365210197865963,0.5817909836769104
1790032177913910500,4.83791064453125,-0.507570743560791,0.028730420395731926,0.3878606855869293
1790032177923950800,4.847950927734375,-0.768538773059845,0.07661445438861847,0.47405192255973816
1790032177933960700,4.857960693359375,-0.730231523513794,0.2059013396501541,0.6033388376235962
1790032177953980200,4.877980224609375,-0.4812345504760742,0.2944868206977844,0.6224924325942993
1790032177963990000,4.887989990234375,-0.44771572947502136,0.2801215946674347,0.4572925269603729
1790032177973999600,4.89799951171875,-0.5530605912208557,0.5482721924781799,0.5123591423034668
1790032177984040000,4.9080400390625,-0.40940847992897034,0.6919242739677429,0.7948749661445618
1790032177994049800,4.9180498046875,-0.3280056416988373,0.7613561153411865,1.0462661981582642
1790032178004059600,4.9280595703125,-0.1843535304069519,1.2114660739898682,0.9145850539207458
1790032178024079000,4.9480791015625,-0.586579442024231,1.5753847360610962,1.1013327836990356
1790032178034089000,4.9580888671875,-0.6033388376235962,1.7549498081207275,0.9361328482627869
1790032178044068000,4.968068115234375,-0.7469909191131592,1.9345149993896484,1.01753568649292
1790032178054108400,4.9781083984375,-0.8355764150619507,1.745373010635376,1.501164436340332
1790032178084168200,5.008168212890625,-0.7924807667732239,1.9776105880737305,1.316810965538025
1790032178114228000,5.03822802734375,-0.6536170840263367,2.4133553504943848,1.460463047027588
1790032178124268300,5.048268310546875,-0.5817909836769104,2.535459518432617,1.5873557329177856
1790032178144318500,5.068318359375,-0.4572925269603729,2.4157495498657227,1.216254472732544
1790032178154328000,5.078328125,-0.5506663918495178,2.52109432220459,1.1851298809051514
1790032178164338000,5.088337890625,-0.7110779285430908,2.801215887069702,1.0462661981582642
1790032178184357400,5.108357421875,-0.6991068720817566,2.827552318572998,0.8188169598579407
1790032178194397700,5.118397705078125,-0.730231523513794,2.82515811920166,0.9409212470054626
1790032178204438000,5.12843798828125,-0.7948749661445618,2.913743495941162,0.9385270476341248
1790032178214447600,5.138447509765625,-1.0055646896362305,2.7054479122161865,0.6847416758537292
1790032178224457500,5.14845751953125,-1.0558429956436157,2.3989901542663574,0.7326257228851318
1790032178254486800,5.17848681640625,-1.4532804489135742,2.9281086921691895,0.6943184733390808
1790032178264466000,5.1884658203125,-1.5275006294250488,2.7772738933563232,0.6177040338516235
1790032178284516000,5.20851611328125,-1.8171991109848022,2.296039342880249,0.1173158809542656
1790032178294526000,5.21852587890625,-1.8100165128707886,2.3511061668395996,0.08858546614646912
1790032178314545400,5.23854541015625,-1.7525556087493896,2.363077163696289,0.08858546614646912
1790032178334564900,5.25856494140625,-2.1068975925445557,1.9153614044189453,-0.17238251864910126
1790032178354615000,5.278614990234375,-2.051830768585205,1.821987509727478,-0.3687070608139038
1790032178384644400,5.308644287109375,-2.0685901641845703,1.764526605606079,-0.545877993106842
1790032178394654000,5.318654052734375,-2.118868589401245,1.8363527059555054,-0.730231523513794
1790032178404663800,5.328663818359375,-2.0661959648132324,1.647210717201233,-0.8547300100326538
1790032178434662700,5.35866259765625,-2.2457611560821533,1.0869675874710083,-0.6871358752250671
1790032178464753000,5.3887529296875,-2.80361008644104,3.0813376903533936,-0.4668693244457245
1790032178474762800,5.3987626953125,-2.410961151123047,3.224989652633667,-0.7996633648872375
1790032178494812700,5.418812744140625,-2.52109432220459,1.6519991159439087,-0.014365210197865963
1790032178534851800,5.458851806640625,-2.695871114730835,0.5219359993934631,-0.6703764796257019
1790032178564850700,5.4888505859375,-2.535459518432617,1.1300631761550903,-1.0199298858642578
1790032178574890800,5.498890869140625,-2.4875755310058594,0.7924807667732239,-1.1516109704971313
1790032178584900600,5.508900634765625,-2.829946517944336,0.14844051003456116,-1.4437036514282227
1790032178594910500,5.518910400390625,-2.892195701599121,-0.19153612852096558,-1.5107412338256836
1790032178604889600,5.5288896484375,-2.7964274883270264,0.011971008032560349,-1.235408067703247
1790032178614930000,5.538929931640625,-2.920926094055176,0.06464344263076782,-1.05105459690094
1790032178634949400,5.558949462890625,-3.3207578659057617,-0.8547300100326538,-1.8363527059555054
1790032178644959200,5.568959228515625,-3.7900211811065674,-1.2832920551300049,-2.145204782485962
1790032178654969000,5.578968994140625,-3.7038300037384033,-1.139639973640442,-1.7717092037200928
1790032178664948200,5.5889482421875,-3.60566782951355,-2.6024973392486572,-1.2090718746185303
1790032178674958000,5.5989580078125,-3.1316158771514893,-1.9033904075622559,-1.3096283674240112
1790032178684967700,5.6089677734375,-3.3470940589904785,-0.40222588181495667,-1.8339585065841675
1790032178714997000,5.6389970703125,-3.287238836288452,-2.779668092727661,-1.2952631711959839
1790032178725006800,5.6490068359375,-3.090914487838745,-3.5242648124694824,-1.2880805730819702
1790032178735016700,5.6590166015625,-2.631227731704712,-3.44765043258667,-1.2449848651885986
1790032178745026300,5.6690263671875,-2.6168625354766846,-3.1100680828094482,-1.4532804489135742
1790032178755036200,5.6790361328125,-2.8443117141723633,-3.488351821899414,-1.766920804977417
1790032178775025200,5.699025146484375,-3.028665065765381,-3.3231520652770996,-1.4915876388549805
1790032178795075000,5.719074951171875,-2.10210919380188,-4.086902141571045,-1.2042834758758545
1790032178815094800,5.7390947265625,-1.7310078144073486,-3.794809579849243,-1.7693150043487549
1790032178825104400,5.7491044921875,-1.9153614044189453,-4.4292731285095215,-1.3958195447921753
1790032178835114200,5.7591142578125,-2.185906171798706,-4.862623691558838,-1.3311761617660522
1790032178865143600,5.7891435546875,-1.137245774269104,-4.8722004890441895,-1.3646949529647827
1790032178875153400,5.7991533203125,-0.9361328482627869,-4.553771495819092,-1.50355863571167
1790032178885163000,5.8091630859375,-0.9313444495201111,-4.350264549255371,-1.4293384552001953
1790032178895172900,5.8191728515625,-1.1803414821624756,-4.477157115936279,-1.2090718746185303
1790032178905182700,5.8291826171875,-1.0654197931289673,-4.683058738708496,-1.0558429956436157
1790032178925202200,5.8492021484375,-1.094150185585022,-5.626373767852783,-0.6153098344802856
1790032178945252000,5.869252197265625,-0.5363011956214905,-5.504269599914551,-0.6823474764823914
1790032178955262000,5.879261962890625,-0.950498104095459,-4.752490520477295,-0.5626373887062073
1790032178975281400,5.899281494140625,-0.8738836050033569,-4.702212333679199,-0.629675030708313
1790032178985321700,5.90932177734375,-0.9217676520347595,-4.580107688903809,-0.19871874153614044
1790032178995331600,5.91933154296875,-0.5339069962501526,-4.572925090789795,0.12689268589019775
1790032179005341200,5.929341064453125,-0.35434186458587646,-4.182670593261719,0.011971008032560349
1790032179015351000,5.93935107421875,-0.3998316824436188,-4.355052947998047,-0.2825157940387726
1790032179025361000,5.94936083984375,-0.5147533416748047,-4.280832767486572,-0.4692635238170624
1790032179055420700,5.979420654296875,-1.0079588890075684,-4.0533833503723145,-0.019153613597154617
1790032179065430300,5.98943017578125,-1.158793568611145,-3.8762125968933105,0.15083470940589905
1790032179075409700,5.99940966796875,-1.1875240802764893,-3.4763808250427246,-0.16759411990642548
1790032179085450000,6.009449951171875,-1.039083480834961,-3.07415509223938,-0.30885201692581177
1790032179095459600,6.01945947265625,-0.9864110946655273,-2.999934673309326,0.06703764945268631
1790032179105469400,6.029469482421875,-1.194706678390503,-2.8347349166870117,0.26575639843940735
1790032179115479300,6.039479248046875,-1.1994950771331787,-2.382230758666992,-0.1628057211637497
1790032179125489000,6.049489013671875,-1.2665326595306396,-2.5498247146606445,-0.8643068075180054
1790032179145508600,6.069508544921875,-1.6352397203445435,-2.9281086921691895,0.2059013396501541
1790032179155549000,6.079548828125,-1.7836803197860718,-2.4205379486083984,0.10295066982507706
1790032179165558500,6.08955859375,-1.7190368175506592,-1.8315643072128296,-0.42856210470199585
1790032179175598800,6.099598876953125,-1.6903064250946045,-1.0869675874710083,-0.9241618514060974
1790032179185608700,6.109608642578125,-1.436521053314209,-0.9672574996948242,-0.9361328482627869
1790032179195618300,6.119618408203125,-1.192312479019165,-1.4293384552001953,-0.4118026793003082
1790032179205628200,6.129628173828125,-1.4077905416488647,-1.6376339197158813,-0.3016694188117981
1790032179215668500,6.13966845703125,-1.723825216293335,-1.4748282432556152,-0.8020575642585754
1790032179225708800,6.149708740234375,-1.886630892753601,-0.9385270476341248,-0.9050082564353943
1790032179235718400,6.159718505859375,-1.900996208190918,-1.0295066833496094,-0.7254431247711182
1790032179245728300,6.169728271484375,-1.8962076902389526,-1.2449848651885986,-0.689530074596405
1790032179265747700,6.189747802734375,-2.207453966140747,-0.9050082564353943,-1.1204863786697388
1790032179275727000,6.19972705078125,-2.3271639347076416,-0.5219359993934631,-1.0678139925003052
1790032179305817300,6.2298173828125,-2.161964178085327,-1.2713210582733154,-0.5410895943641663
1790032179315827200,6.2398271484375,-2.099714994430542,-0.33997663855552673,-0.8906430602073669
1790032179335877000,6.259877197265625,-1.8626888990402222,-0.43095630407333374,-1.3215993642807007
1790032179345887000,6.269886962890625,-1.965639591217041,-1.280897855758667,-0.7374141216278076
1790032179375916300,6.299916259765625,-2.2194249629974365,-0.3447650372982025,-0.9816226959228516
1790032179446015200,6.37001513671875,-2.8131868839263916,-2.2409727573394775,-0.10534487664699554
1790032179516114000,6.440114013671875,-1.889025092124939,-1.5514427423477173,-0.5746083855628967
1790032179526123800,6.450123779296875,-2.0638017654418945,-1.0055646896362305,-0.9720458984375
1790032179536103000,6.46010302734375,-2.185906171798706,0.07422025501728058,-1.0271124839782715
1790032179546143200,6.470143310546875,-1.7836803197860718,0.4572925269603729,-0.6751648783683777
1790032179556153000,6.480153076171875,-1.0031704902648926,0.3687070608139038,-0.4812345504760742
1790032179566163000,6.490162841796875,-1.292868971824646,0.21787235140800476,-0.5339069962501526
1790032179606201900,6.530201904296875,-1.8698714971542358,0.19153612852096558,-1.1252747774124146
1790032179616211700,6.540211669921875,-2.0446481704711914,0.9552865028381348,-1.072602391242981
1790032179636200700,6.56020068359375,-1.8387469053268433,0.9864110946655273,-0.42377370595932007
1790032179646241000,6.570240966796875,-1.9560627937316895,0.43095630407333374,-0.21547815203666687
1790032179656250600,6.580250732421875,-1.7764976024627686,0.14604631066322327,-0.1412578970193863
1790032179666260500,6.590260498046875,-1.9919757843017578,0.5554547905921936,-0.8427590131759644
1790032179676300800,6.60030078125,-1.9321208000183105,0.8738836050033569,-1.338358759880066
1790032179686310400,6.610310302734375,-1.7286136150360107,1.2090718746185303,-1.173158884048462
1790032179696320300,6.6203203125,-1.7956513166427612,1.3479355573654175,-0.8259995579719543
1790032179716339700,6.640339599609375,-1.2090718746185303,1.5107412338256836,-0.44532153010368347
1790032179726349600,6.650349609375,-0.8690952062606812,1.3287819623947144,-0.5626373887062073
1790032179736359400,6.660359375,-0.8738836050033569,0.9361328482627869,-0.706289529800415
1790032179746338600,6.670338623046875,-0.586579442024231,0.6799532771110535,-0.8212111592292786
1790032179756379000,6.68037890625,-0.49559974670410156,0.6033388376235962,-0.7661445140838623
1790032179766388700,6.690388671875,-0.6440402865409851,0.6799532771110535,-0.751779317855835
1790032179776398300,6.7003984375,-0.7374141216278076,1.1803414821624756,-0.8451532125473022
1790032179806427600,6.730427734375,-0.6320692300796509,1.5179238319396973,-0.8068459630012512
1790032179816437500,6.7404375,-0.8068459630012512,1.194706678390503,-0.7733271718025208
1790032179826447400,6.750447265625,-0.7661445140838623,0.727837324142456,-0.6703764796257019
1790032179846466800,6.770466796875,-1.173158884048462,1.0893617868423462,-0.6272808313369751
1790032179856446000,6.780446044921875,-0.7805097699165344,0.47644615173339844,-0.47165772318840027
1790032179866486300,6.790486328125,-0.5219359993934631,0.8331822156906128,-0.5530605912208557
1790032179876465700,6.800465576171875,-0.6871358752250671,0.9792284965515137,-0.6224924325942993
1790032179906586400,6.83058642578125,-0.6057330369949341,0.7469909191131592,-0.5434837937355042
1790032179916596200,6.84059619140625,-0.5602431893348694,0.5746083855628967,-0.586579442024231
1790032179986817000,6.910817138671875,-0.5291185975074768,0.2082955539226532,-0.5889736413955688
1790032180056946400,6.980946533203125,-0.3519476354122162,-0.21547815203666687,-0.5147533416748047
1790032180127075800,7.051075927734375,-0.4620809257030487,-0.33039984107017517,-0.13407529890537262
1790032180147095600,7.071095458984375,-0.6584054827690125,-1.161187767982483,0.727837324142456
1790032180227234600,7.151234619140625,-0.11971008777618408,0.4405331015586853,0.33997663855552673
1790032180247254000,7.17125390625,-0.1364694982767105,0.8906430602073669,0.4429273009300232
1790032180267334700,7.191334716796875,-0.14365209639072418,1.2114660739898682,0.36152446269989014
1790032180307404300,7.231404296875,-0.395043283700943,2.5689783096313477,0.9576807022094727
1790032180327423700,7.251423828125,-0.35913026332855225,2.607285737991333,1.2042834758758545
1790032180397583600,7.32158349609375,-0.1364694982767105,3.3686418533325195,2.070984363555908
1790032180477783800,7.40178369140625,-0.8762778043746948,3.670311212539673,1.2042834758758545
1790032180537903600,7.461903564453125,-1.6208745241165161,3.246537446975708,-0.40222588181495667
1790032180547913200,7.471913330078125,-1.5945383310317993,3.2824504375457764,0.15562310814857483
1790032180587952400,7.511952392578125,-2.1380221843719482,3.3710360527038574,-1.2497732639312744
1790032180618012200,7.54201220703125,-2.7772738933563232,2.6360161304473877,-0.6105214357376099
1790032180628022000,7.55202197265625,-2.8634653091430664,1.9800047874450684,-0.4572925269603729
1790032180638031600,7.562031494140625,-3.07415509223938,1.5897499322891235,-0.3495534360408783
1790032180648041500,7.57204150390625,-3.2369606494903564,1.699883222579956,-0.7350199222564697
1790032180668061000,7.59206103515625,-3.224989652633667,1.5658079385757446,-1.4987702369689941
1790032180698059800,7.622059814453125,-2.784456491470337,1.9919757843017578,-1.0223240852355957
1790032180778229500,7.7022294921875,-2.80361008644104,0.524330198764801,-1.2306196689605713
1790032180828339500,7.75233935546875,-2.9257144927978516,0.7398083209991455,-2.011129379272461
1790032180908448000,7.832447998046875,-3.4572272300720215,-1.8746598958969116,-0.6129156351089478
1790032180968567600,7.892567626953125,-3.5003228187561035,-2.1045033931732178,-0.5410895943641663
1790032181038727400,7.9627275390625,-2.252943754196167,-4.417302131652832,-0.8212111592292786
1790032181128876500,8.05287646484375,-1.6496049165725708,-5.710171222686768,0.30885201692581177
1790032181178925300,8.10292529296875,-1.5658079385757446,-4.972756862640381,0.811634361743927
1790032181208954600,8.13295458984375,-1.0079588890075684,-5.65031623840332,0.5530605912208557
1790032181228974000,8.15297412109375,-0.5410895943641663,-4.774038314819336,0.19871874153614044
1790032181259033900,8.183033935546876,-0.9696516990661621,-5.094861030578613,-0.05267243832349777
1790032181269043700,8.193043701171876,-1.1228805780410767,-5.104437828063965,0.3256114423274994
1790032181279053600,8.203053466796876,-0.7637503147125244,-4.929661273956299,1.0630255937576294
1790032181289093600,8.21309375,-0.5985504388809204,-4.857835292816162,1.05105459690094
1790032181299103500,8.223103515625,-0.9864110946655273,-4.28322696685791,0.33997663855552673
1790032181309082600,8.23308251953125,-1.0007762908935547,-3.7660791873931885,-0.21787235140800476
1790032181379242800,8.30324267578125,-1.4772224426269531,-2.762908697128296,0.3878606855869293
1790032181389252400,8.31325244140625,-1.4389152526855469,-2.5498247146606445,0.06464344263076782
1790032181429383000,8.3533828125,-1.9919757843017578,-2.013523578643799,-0.45489832758903503
1790032181469483000,8.39348291015625,-2.715024709701538,-0.38307225704193115,-0.4429273009300232
1790032181479492900,8.403492919921876,-2.4660277366638184,-0.9528923034667969,-0.11013327538967133
1790032181489502700,8.413502685546876,-1.7357962131500244,-1.4724340438842773,-0.30885201692581177
1790032181499512300,8.42351220703125,-1.9584569931030273,-2.0039467811584473,-1.3120225667953491
1790032181509552600,8.433552734375,-2.1763293743133545,-0.6727706789970398,-2.2601263523101807
1790032181519562500,8.4435625,-2.2433669567108154,-0.15562310814857483,-1.702277421951294
1790032181539582000,8.46358203125,-1.601720929145813,-0.6440402865409851,-0.31603461503982544
1790032181559601700,8.4836015625,-1.259350061416626,-0.2346317619085312,-0.9457096457481384
1790032181569641700,8.493641845703126,-1.1635819673538208,-0.6368576288223267,-0.8523358106613159
1790032181579651600,8.503651611328126,-1.2713210582733154,-0.38546648621559143,-0.5937620401382446
1790032181589661400,8.513661376953126,-1.7310078144073486,0.002394201699644327,-0.5793967843055725
1790032181599701800,8.52370166015625,-1.8962076902389526,-0.047884032130241394,-0.7254431247711182
1790032181609741800,8.533741943359376,-1.7310078144073486,-0.30885201692581177,-0.7493851184844971
1790032181619751700,8.543751708984376,-1.455674648284912,0.0454898327589035,-0.7613561153411865
1790032181629761500,8.553761474609376,-1.237802267074585,0.3902548849582672,-0.6153098344802856
1790032181639771100,8.563771240234376,-1.0438719987869263,0.6392518281936646,-0.6153098344802856
1790032181699921400,8.62392138671875,-1.1827356815338135,0.706289529800415,-0.31842881441116333
1790032181719971300,8.643971435546876,-1.139639973640442,-0.38067805767059326,-0.08140286058187485
1790032181810181400,8.734181396484376,-2.0207061767578125,0.07900865375995636,-0.5482721924781799
1790032181820221700,8.7442216796875,-1.9129672050476074,-0.2849099934101105,-0.4189853072166443
1790032181920350000,8.844349853515626,-0.4692635238170624,1.7884687185287476,-0.21308395266532898
1790032181950379000,8.87437890625,-0.6919242739677429,0.21787235140800476,-0.7733271718025208
1790032181960388900,8.884388916015626,-0.7422025203704834,0.35434186458587646,-0.6272808313369751
1790032181970429200,8.89442919921875,-0.5554547905921936,0.3926490843296051,-0.14365209639072418
1790032181980469500,8.904469482421876,-0.646434485912323,0.40462008118629456,0.090979665517807
1790032181990509800,8.914509765625,-0.9241618514060974,0.20111294090747833,-0.1364694982767105
1790032182020539100,8.9445390625,-0.19153612852096558,1.37906014919281,-0.4620809257030487
1790032182030548700,8.954548828125,-0.28969839215278625,1.4700398445129395,-0.2777273952960968
1790032182040589000,8.964589111328126,-0.31364041566848755,0.9193734526634216,-0.17238251864910126
1790032182050599000,8.974598876953126,-0.49799394607543945,0.2753331959247589,-0.1388636976480484
1790032182060608500,8.9846083984375,-0.43095630407333374,-0.22026655077934265,-0.07182604819536209
1790032182070618400,8.994618408203126,-0.629675030708313,-0.12689268589019775,-0.12210428714752197
1790032182080628200,9.004628173828126,-0.8786720037460327,0,0.13168109953403473
1790032182100678100,9.02467822265625,-0.40701428055763245,0.14844051003456116,0.3256114423274994
1790032182120667100,9.044667236328126,-0.38307225704193115,0.586579442024231,-0.5602431893348694
1790032182130646500,9.054646484375,-0.7493851184844971,0.7398083209991455,-0.730231523513794
1790032182140686800,9.064686767578126,-0.4812345504760742,0.2801215946674347,-0.17717093229293823
1790032182150696400,9.074696533203126,-0.12689268589019775,0.5219359993934631,0.181959331035614
1790032182160706300,9.084706298828126,-0.19632454216480255,0.5985504388809204,-0.21787235140800476
1790032182170716200,9.094716064453126,-0.26815059781074524,0.507570743560791,-0.7015010714530945
1790032182180725800,9.104725830078126,-0.45250412821769714,0.31842881441116333,-0.45489832758903503
1790032182190705200,9.114705078125,-0.3687070608139038,-0.08379705995321274,-0.12210428714752197
1790032182210755000,9.134755126953126,-0.40222588181495667,-0.45489832758903503,-0.33039984107017517
1790032182220765000,9.144764892578126,-0.3256114423274994,-0.21308395266532898,-0.5099649429321289
1790032182230774500,9.1547744140625,-0.1604115068912506,-0.08858546614646912,-0.5003881454467773
1790032182240784400,9.164784423828126,-0.3878606855869293,0.3998316824436188,-0.586579442024231
1790032182250794200,9.174794189453126,-0.363918662071228,0.4381389021873474,-0.6488286852836609
1790032182260834600,9.18483447265625,-0.16519992053508759,0.629675030708313,-0.47165772318840027
1790032182270844200,9.19484423828125,-0.3447650372982025,0.3447650372982025,-0.42856210470199585
1790032182280854000,9.20485400390625,-0.4405331015586853,-0.08858546614646912,-0.3974374830722809
1790032182290863900,9.21486376953125,-0.5171475410461426,-0.15562310814857483,-0.35913026332855225
1790032182300873500,9.22487353515625,-0.8140285611152649,-0.1412578970193863,-0.3423708379268646
1790032182310883300,9.23488330078125,-0.8403648138046265,-0.3064578175544739,-0.45010992884635925
1790032182320893000,9.244892822265625,-0.8523358106613159,-0.1628057211637497,-0.47884035110473633
1790032182330902800,9.25490283203125,-0.828393816947937,0.05267243832349777,-0.40940847992897034
1790032182401062700,9.325062744140626,-0.40462008118629456,-0.08619125932455063,-0.3519476354122162
1790032182461182500,9.385182373046876,-0.4692635238170624,-0.2561795711517334,-0.4668693244457245
1790032182471222500,9.395222412109375,-0.35913026332855225,0.31364041566848755,-0.21547815203666687
1790032182481232400,9.405232421875,-0.2106897532939911,-0.363918662071228,0.2298433631658554
1790032182491272700,9.415272705078126,-0.06224924325942993,-0.7733271718025208,0.17956513166427612
1790032182501282600,9.425282470703126,-0.33039984107017517,-0.40940847992897034,0.038307227194309235
1790032182521271600,9.445271484375,-0.1843535304069519,0.28730419278144836,-0.07900865375995636
1790032182531281200,9.45528125,-0.1173158809542656,0.524330198764801,0.1843535304069519
1790032182541321500,9.465321533203126,-0.2585737705230713,0.3064578175544739,0.47644615173339844
1790032182551361800,9.47536181640625,-0.2561795711517334,0.2346317619085312,0.7134721279144287
1790032182561371600,9.48537158203125,-0.20111294090747833,0.19871874153614044,0.8786720037460327
1790032182581391000,9.50539111328125,-0.18914192914962769,0.9672574996948242,0.8738836050033569
1790032182591431400,9.515431396484376,-0.06703764945268631,1.0462661981582642,0.8882488012313843
1790032182631501000,9.5555009765625,-0.4644751250743866,1.6280571222305298,1.2761094570159912
1790032182651551000,9.575551025390626,-0.3471592366695404,1.9129672050476074,1.1085153818130493
1790032182661560800,9.585560791015626,-0.3423708379268646,2.0829553604125977,1.0319008827209473
1790032182691620600,9.61562060546875,-0.2561795711517334,2.4133553504943848,1.1037269830703735
1790032182701630500,9.62563037109375,-0.45489832758903503,2.829946517944336,0.8379706144332886
1790032182711640000,9.63564013671875,-0.45010992884635925,3.162740468978882,0.24660277366638184
1790032182731659500,9.655659423828125,-0.1843535304069519,3.9839515686035156,0.1364694982767105
1790032182751679200,9.67567919921875,-0.7613561153411865,4.1395745277404785,0.3734954595565796
1790032182761688800,9.685688720703125,-0.768538773059845,3.6607344150543213,0.4118026793003082
1790032182771698700,9.69569873046875,-0.6919242739677429,4.173093795776367,0.1604115068912506
1790032182781739000,9.705739013671876,-1.1300631761550903,4.146757125854492,0.20350714027881622
1790032182791748900,9.715748779296876,-1.0989385843276978,3.4572272300720215,0.1628057211637497
1790032182801728000,9.72572802734375,-1.2880805730819702,3.5649664402008057,-0.05746084079146385
1790032182811768300,9.735768310546876,-1.5921441316604614,3.584120035171509,-0.21308395266532898
1790032182821778200,9.745778076171876,-1.4173674583435059,3.711012601852417,-0.023942016065120697
1790032182831787800,9.755787841796876,-1.194706678390503,4.017470359802246,-0.002394201699644327
1790032182841828000,9.765828125,-1.0630255937576294,4.197035789489746,-0.28969839215278625
1790032182881928200,9.80592822265625,-2.123656988143921,3.1723172664642334,-0.7637503147125244
1790032182891938000,9.81593798828125,-2.1763293743133545,2.9496564865112305,-0.6320692300796509
1790032182901978400,9.825978271484376,-2.695871114730835,3.19865345954895,-0.8188169598579407
1790032182911988000,9.835988037109376,-3.155557870864868,3.397372245788574,-1.2234370708465576
1790032182922028300,9.8460283203125,-3.294421434402466,3.7158010005950928,-1.1827356815338135
1790032182932038100,9.8560380859375,-3.5027170181274414,3.3734302520751953,-1.1659762859344482
1790032182952057600,9.8760576171875,-3.825934410095215,2.6384103298187256,-0.8954314589500427
1790032182962067500,9.8860673828125,-3.88818359375,2.7078421115875244,-1.091755986213684
1790032182972077000,9.8960771484375,-3.8738183975219727,2.205059766769409,-0.9983820915222168
1790032182982117400,9.906117431640626,-3.8714241981506348,1.9177556037902832,-0.8307880163192749
1790032183022248000,9.946248046875,-3.117250680923462,1.1228805780410767,-1.414973258972168
1790032183032257800,9.9562578125,-3.2106244564056396,0.38067805767059326,-1.2473790645599365
1790032183042328600,9.96632861328125,-3.1028854846954346,0.4836287498474121,-1.4772224426269531
1790032183052338400,9.97633837890625,-2.849100112915039,0.38307225704193115,-1.678335428237915
1790032183062378800,9.986378662109376,-2.868253707885742,0.3280056416988373,-1.4748282432556152
1790032183072388400,9.996388427734376,-2.9927520751953125,-0.1867477297782898,-1.37906014919281
1790032183082398200,10.006398193359376,-3.047818660736084,-0.26336219906806946,-1.8387469053268433
1790032183092438500,10.0164384765625,-3.2154128551483154,-0.44532153010368347,-2.1140801906585693
1790032183102448000,10.0264482421875,-3.2824504375457764,-1.3503297567367554,-1.7597382068634033
1790032183112488400,10.036488525390626,-2.6455929279327393,-1.8052281141281128,-1.53707754611969
1790032183122498300,10.046498291015626,-2.403778553009033,-0.8738836050033569,-1.9560627937316895
1790032183132477400,10.0564775390625,-2.782062292098999,-0.9576807022094727,-2.099714994430542
1790032183142517800,10.066517822265626,-2.920926094055176,-0.7110779285430908,-1.9943699836730957
1790032183152527600,10.076527587890626,-3.136404275894165,-0.9720458984375,-1.9512743949890137
1790032183172638700,10.096638671875,-2.7533318996429443,-2.609679937362671,-1.5610195398330688
1790032183252747300,10.176747314453126,-2.561795711517334,-2.5689783096313477,-1.702277421951294
1790032183262757000,10.186757080078126,-2.63362193107605,-2.7509377002716064,-1.8794482946395874
1790032183272797400,10.19679736328125,-2.346317768096924,-3.6774938106536865,-1.4963760375976562
1790032183282807000,10.20680712890625,-1.9249382019042969,-3.3016040325164795,-1.2665326595306396
1790032183292817000,10.21681689453125,-1.9297266006469727,-3.7397429943084717,-1.0223240852355957
1790032183302826800,10.22682666015625,-1.7980455160140991,-3.8594532012939453,-1.290474772453308
1790032183312836400,10.23683642578125,-2.293645143508911,-3.73016619682312,-1.4963760375976562
1790032183322846200,10.24684619140625,-2.2864625453948975,-3.8522706031799316,-1.3263877630233765
1790032183332855800,10.256855712890625,-1.900996208190918,-2.7509377002716064,-1.3000515699386597
1790032183342896000,10.266896240234376,-0.9552865028381348,-2.322375535964966,-1.2617442607879639
1790032183372925400,10.296925537109376,-1.867477297782898,-3.5625722408294678,-1.5418659448623657
1790032183402985200,10.326985107421875,-1.3694833517074585,-4.898536682128906,-0.047884032130241394
1790032183413025500,10.337025634765626,-1.5969325304031372,-4.048594951629639,-1.7549498081207275
1790032183423035400,10.347035400390626,-1.4389152526855469,-3.375824451446533,-2.3104045391082764
1790032183433045200,10.357045166015626,-1.4652514457702637,-2.9927520751953125,-1.5610195398330688
1790032183443054800,10.367054931640626,-1.3287819623947144,-3.5458126068115234,-0.3256114423274994
1790032183453064700,10.377064697265626,-0.5889736413955688,-4.23773717880249,0.2801215946674347
1790032183463105000,10.38710498046875,-0.4836287498474121,-4.094084739685059,0.031124621629714966
1790032183473114600,10.397114501953125,-0.8164227604866028,-4.316745758056641,-0.5985504388809204
1790032183483124500,10.40712451171875,-0.8978256583213806,-4.611232280731201,-1.2473790645599365
1790032183503144000,10.42714404296875,-1.3096283674240112,-5.135562419891357,-0.8044517636299133
1790032183513184300,10.437184326171876,-1.5131354331970215,-4.865017890930176,-0.6440402865409851
1790032183523224600,10.447224609375,-1.3551181554794312,-5.080495834350586,-0.5770025849342346
1790032183533265000,10.457264892578126,-1.0582371950149536,-4.584896087646484,-0.43095630407333374
1790032183543274800,10.467274658203126,-1.1563993692398071,-3.8115692138671875,-0.7134721279144287
1790032183613404000,10.53740380859375,-1.7046716213226318,-3.2848446369171143,-0.667982280254364
1790032183693543200,10.617543212890626,-2.655169725418091,-2.7030537128448486,-0.42616790533065796
1790032183703553000,10.627552978515626,-2.5713725090026855,-2.161964178085327,-0.47405192255973816
1790032183713562600,10.637562744140626,-1.8818424940109253,-1.577778935432434,-1.1516109704971313
1790032183723572500,10.647572509765626,-1.886630892753601,-1.316810965538025,-1.7046716213226318
1790032183733612800,10.65761279296875,-2.0853497982025146,-1.2401964664459229,-1.577778935432434
1790032183753632300,10.67763232421875,-2.3487119674682617,-1.2856862545013428,-0.8331822156906128
1790032183763672600,10.687672607421876,-2.346317768096924,-1.745373010635376,-0.5746083855628967
1790032183773682400,10.697682373046876,-2.099714994430542,-0.9050082564353943,-1.0295066833496094
1790032183783692000,10.707692138671876,-1.9249382019042969,-0.22744916379451752,-1.6879122257232666
1790032183793702000,10.717701904296876,-1.8531121015548706,-0.19871874153614044,-2.0638017654418945
1790032183823792000,10.747792236328126,-2.80361008644104,-1.278503656387329,-0.9840168952941895
1790032183914032600,10.83803271484375,-1.4748282432556152,-0.043095629662275314,-0.9600749015808105
1790032183924073000,10.848072998046876,-1.656787633895874,0.524330198764801,-1.4460978507995605
1790032183954132700,10.8781328125,-2.1499931812286377,0.49320554733276367,-1.580173134803772
1790032183964142600,10.888142578125,-2.2218191623687744,0.9624691009521484,-0.9600749015808105
1790032183974183000,10.898182861328126,-2.1380221843719482,0.4357447028160095,-0.2298433631658554
1790032183994232800,10.91823291015625,-1.0773907899856567,0.8475474119186401,-1.479616641998291
1790032184004273200,10.928273193359376,-1.5825673341751099,0.5841852426528931,-1.6903064250946045
1790032184024323300,10.9483232421875,-2.434903144836426,0.689530074596405,-0.8762778043746948
1790032184114533000,11.038533203125,-1.5059528350830078,0.15322890877723694,0.272938996553421
1790032184134552800,11.058552734375,-1.6687586307525635,0.0454898327589035,-0.9313444495201111
1790032184204651500,11.128651611328126,-1.5298948287963867,-0.1173158809542656,-0.023942016065120697
1790032184214661400,11.138661376953126,-1.290474772453308,0.031124621629714966,-0.181959331035614
1790032184224701700,11.14870166015625,-1.0534487962722778,-0.08619125932455063,-0.8930372595787048
1790032184234711300,11.158711181640625,-0.9816226959228516,0.4357447028160095,-1.039083480834961
1790032184244751600,11.168751708984376,-1.1683704853057861,0.7757213711738586,-0.7158663272857666
1790032184254761500,11.178761474609376,-1.094150185585022,0.8762778043746948,-0.3878606855869293
1790032184264771300,11.188771240234376,-1.0773907899856567,0.828393816947937,-0.47644615173339844
1790032184274781000,11.198781005859376,-1.1803414821624756,0.6153098344802856,-0.22744916379451752
1790032184284821200,11.2088212890625,-0.9552865028381348,-0.3232172429561615,-0.4141969084739685
1790032184294861600,11.218861572265626,-0.5817909836769104,0.19632454216480255,-1.0247182846069336
1790032184304871400,11.228871337890626,-0.9385270476341248,0.8523358106613159,-1.192312479019165
1790032184314881000,11.238881103515626,-1.0271124839782715,0.21787235140800476,-0.395043283700943
1790032184324891000,11.248890869140626,-1.1971008777618408,0.19632454216480255,-0.2561795711517334
1790032184334900700,11.258900634765626,-1.3527239561080933,0.12689268589019775,-0.7110779285430908
1790032184364960500,11.28896044921875,-0.9720458984375,-0.12210428714752197,-0.17956513166427612
1790032184415009300,11.33900927734375,-0.9265560507774353,0.44532153010368347,-0.38067805767059326
1790032184435059200,11.35905908203125,-0.6272808313369751,0.667982280254364,-0.6871358752250671
1790032184525177600,11.449177490234375,-0.8427590131759644,-0.2059013396501541,-0.1867477297782898
1790032184535187500,11.4591875,-0.6847416758537292,-0.17238251864910126,-0.05746084079146385
1790032184545227800,11.469227783203126,-0.689530074596405,-0.11971008777618408,-0.023942016065120697
1790032184555207000,11.47920703125,-0.8427590131759644,0.07422025501728058,-0.28730419278144836
1790032184565247200,11.489247314453126,-0.8307880163192749,-0.1364694982767105,-0.1173158809542656
1790032184575257000,11.499257080078126,-0.6224924325942993,-0.16519992053508759,0.07422025501728058
1790032184585236200,11.509236328125,-0.5171475410461426,-0.11971008777618408,0.038307227194309235
1790032184595276500,11.519276611328126,-0.6200982332229614,-0.16998831927776337,-0.395043283700943
1790032184605286400,11.529286376953126,-0.8882488012313843,-0.09576806426048279,-0.49799394607543945
1790032184615296000,11.5392958984375,-0.8978256583213806,-0.08858546614646912,-0.16759411990642548
1790032184635315700,11.559315673828126,-0.7110779285430908,0.038307227194309235,-0.040701430290937424
1790032184645386500,11.569386474609376,-0.8523358106613159,-0.0454898327589035,-0.19393034279346466
1790032184665436400,11.5894365234375,-0.7158663272857666,-0.0694318488240242,-0.3471592366695404
1790032184685486600,11.609486572265626,-0.5434837937355042,-0.002394201699644327,-0.08619125932455063
1790032184695496200,11.61949609375,-0.586579442024231,0.15322890877723694,-0.090979665517807
1790032184705506000,11.629506103515626,-0.4381389021873474,0.047884032130241394,0.06703764945268631
1790032184715485400,11.6394853515625,-0.31364041566848755,-0.09576806426048279,0.090979665517807
1790032184735535400,11.659535400390626,0.028730420395731926,-0.29209262132644653,0.016759412363171577
1790032184745545200,11.669545166015626,0.12210428714752197,0.24660277366638184,0.16519992053508759
1790032184755554800,11.679554931640626,0.07900865375995636,0.45250412821769714,0.1388636976480484
1790032184775605000,11.69960498046875,0.22266076505184174,0.4596867263317108,0.043095629662275314
1790032184785614800,11.70961474609375,0.22505496442317963,0.22266076505184174,0.05506663769483566
1790032184795685600,11.719685546875,-0.019153613597154617,0.22505496442317963,0.16759411990642548
1790032184825806300,11.749806396484376,-0.22744916379451752,0.6631938815116882,-0.028730420395731926
1790032184845825800,11.76982568359375,-0.6009446382522583,0.7230489253997803,0.10295066982507706
1790032184916016400,11.840016357421876,-0.6655880808830261,1.699883222579956,0.4596867263317108
1790032184926056700,11.850056640625,-0.6607996821403503,1.6831238269805908,0.6440402865409851
1790032184936066300,11.86006640625,-0.6512228846549988,1.9512743949890137,0.730231523513794
1790032185016266500,11.9402666015625,-0.7996633648872375,3.3638534545898438,0.5363011956214905
1790032185106446000,12.030446044921876,-1.845929503440857,2.9233202934265137,0.6560112833976746
1790032185126526500,12.0505263671875,-2.47560453414917,2.31758713722229,-0.07182604819536209
1790032185136536300,12.060536376953126,-2.367865562438965,2.3582887649536133,0.181959331035614
1790032185146515700,12.070515625,-2.3942017555236816,2.1356279850006104,0.3064578175544739
1790032185156555800,12.0805556640625,-2.255337953567505,2.032677173614502,-0.08858546614646912
1790032185206635300,12.13063525390625,-2.5905263423919678,2.0638017654418945,-0.3423708379268646
1790032185226716000,12.1507158203125,-2.4444799423217773,1.1252747774124146,-1.070208191871643
1790032185236725500,12.1607255859375,-2.1978771686553955,1.8195933103561401,-1.3694833517074585
1790032185246735400,12.1707353515625,-2.5498247146606445,1.7334020137786865,-1.5179238319396973
1790032185256714500,12.180714599609376,-2.736572504043579,1.3072341680526733,-1.237802267074585
1790032185266754800,12.1907548828125,-2.9927520751953125,1.9608511924743652,-1.192312479019165
1790032185276764700,12.2007646484375,-3.2585084438323975,1.8531121015548706,-1.0678139925003052
1790032185296753700,12.220753662109376,-2.7988216876983643,0.016759412363171577,-0.8068459630012512
1790032185306794000,12.2307939453125,-2.7078421115875244,-0.028730420395731926,-1.6424223184585571
1790032185326813400,12.2508134765625,-2.8371291160583496,0.768538773059845,-1.7597382068634033
1790032185336792600,12.26079248046875,-3.272873640060425,0.5770025849342346,-1.3694833517074585
1790032185346863600,12.270863525390626,-3.5051112174987793,0.3280056416988373,-1.5945383310317993
1790032185356873200,12.280873291015626,-3.5721490383148193,0.0694318488240242,-1.6089035272598267
1790032185366913500,12.29091357421875,-3.3638534545898438,-0.9648633003234863,-1.3000515699386597
1790032185376953900,12.300953857421876,-2.892195701599121,-0.8475474119186401,-1.3694833517074585
1790032185386994200,12.310994140625,-2.9041666984558105,0.1388636976480484,-2.118868589401245
1790032185417023500,12.3410234375,-3.332728862762451,-0.5003881454467773,-1.845929503440857
1790032185427033000,12.351033203125,-3.406949043273926,-0.6536170840263367,-1.7693150043487549
1790032185447083300,12.371083251953126,-2.5785553455352783,-1.778891921043396,-1.6400281190872192
1790032185457093000,12.381093017578126,-2.6815059185028076,-2.188300371170044,-2.1715409755706787
1790032185467102700,12.391102783203126,-2.4827871322631836,-1.7693150043487549,-2.650381326675415
1790032185487122200,12.4111220703125,-2.5019407272338867,-1.968033790588379,-1.8076223134994507
1790032185517182200,12.44118212890625,-2.1763293743133545,-2.6024973392486572,-1.5275006294250488
1790032185527222300,12.45122216796875,-1.7381904125213623,-2.8179752826690674,-1.4628572463989258
1790032185537232100,12.461232177734376,-1.0414776802062988,-1.9943699836730957,-1.7549498081207275
1790032185547242000,12.471241943359376,-1.2042834758758545,-0.727837324142456,-2.4396915435791016
1790032185557221000,12.48122119140625,-1.9919757843017578,-1.4269442558288574,-2.3080103397369385
1790032185567292000,12.4912919921875,-2.7317841053009033,-2.9305028915405273,-1.647210717201233
1790032185577301800,12.5013017578125,-3.5673606395721436,-3.49314022064209,-1.2018892765045166
1790032185587311600,12.5113115234375,-3.509899616241455,-4.757278919219971,-0.6272808313369751
1790032185597321200,12.5213212890625,-2.3989901542663574,-4.7620673179626465,-0.6200982332229614
1790032185687409200,12.6114091796875,-1.2330138683319092,-3.691859006881714,-2.3702597618103027
1790032185747590000,12.67158984375,-0.9600749015808105,-3.5625722408294678,-1.2761094570159912
1790032185757569000,12.681569091796876,-0.7493851184844971,-3.7684733867645264,-1.1109095811843872
1790032185767609300,12.691609375,-0.9576807022094727,-3.426102638244629,-0.8140285611152649
1790032185777649700,12.701649658203126,-2.1787235736846924,-2.8610711097717285,-0.5674257874488831
1790032185787659500,12.711659423828126,-2.3271639347076416,-3.734954595565796,-0.011971008032560349
1790032185797669000,12.721669189453126,-1.742978811264038,-3.6774938106536865,-0.047884032130241394
1790032185807648500,12.7316484375,-1.5203180313110352,-4.7405195236206055,-0.49799394607543945
1790032185817688600,12.7416884765625,-1.6639702320098877,-5.293580055236816,-1.0438719987869263
1790032185857758200,12.78175830078125,-1.4484920501708984,-3.6559460163116455,0.0454898327589035
1790032185877778000,12.80177783203125,-1.482010841369629,-2.647987127304077,-0.5051765441894531
1790032185887787500,12.81178759765625,-1.3072341680526733,-2.4875755310058594,-0.9050082564353943
1790032185897797400,12.82179736328125,-0.8858546018600464,-2.892195701599121,-0.7015010714530945
1790032185917816800,12.84181689453125,-1.2258312702178955,-1.86508309841156,-0.9289502501487732
1790032185937867000,12.861866943359376,-1.359906554222107,-1.3120225667953491,-0.2944868206977844
1790032185947846100,12.87184619140625,-1.4389152526855469,-1.7812861204147339,0.06703764945268631
1790032185967926800,12.8919267578125,-0.8379706144332886,-1.601720929145813,-1.039083480834961
1790032185977967000,12.901967041015626,-1.1516109704971313,-0.8164227604866028,-1.3503297567367554
1790032185987976700,12.911976806640626,-1.6496049165725708,-0.5530605912208557,-1.0773907899856567
1790032185998017000,12.92201708984375,-1.7741034030914307,-0.6512228846549988,-0.28730419278144836
1790032186008027000,12.93202685546875,-1.9560627937316895,-1.7070658206939697,0.3280056416988373
1790032186038086700,12.962086669921876,-2.451662540435791,-1.1971008777618408,-0.9074024558067322
1790032186048096500,12.972096435546876,-2.0374655723571777,-0.9074024558067322,-1.0055646896362305
1790032186058106000,12.982106201171876,-2.432508945465088,-0.6536170840263367,-0.5267243981361389
1790032186068116000,12.992115966796876,-2.183511972427368,-0.7996633648872375,-0.10773907601833344
1790032186098206200,13.022206298828126,-2.2433669567108154,-1.0678139925003052,-0.6224924325942993
1790032186128266000,13.052265869140625,-2.142810583114624,-0.4405331015586853,-0.8427590131759644
1790032186138306300,13.062306396484376,-1.7477672100067139,-0.10055647045373917,-0.8140285611152649
1790032186148316200,13.072316162109376,-1.8267759084701538,-0.33279404044151306,-0.7805097699165344
1790032186158326000,13.082325927734376,-1.9345149993896484,-0.6631938815116882,-0.7613561153411865
1790032186168335600,13.092335693359376,-2.1140801906585693,-0.6607996821403503,-0.8236053586006165
1790032186178315000,13.10231494140625,-2.185906171798706,-0.47644615173339844,-0.6129156351089478
1790032186198395400,13.1223955078125,-1.7741034030914307,-0.9026140570640564,-0.9265560507774353
1790032186208374800,13.132374755859376,-1.9105730056762695,-0.8044517636299133,-1.235408067703247
1790032186248444400,13.1724443359375,-2.075772762298584,-1.1324573755264282,-0.21787235140800476
1790032186268524800,13.19252490234375,-1.4484920501708984,0.11252748221158981,-1.4628572463989258
1790032186278504200,13.202504150390626,-1.8555063009262085,-0.2849099934101105,-1.3096283674240112
1790032186288544500,13.21254443359375,-2.011129379272461,-0.35673606395721436,-0.5386953949928284
1790032186298554000,13.22255419921875,-2.406172752380371,-0.7374141216278076,-0.21308395266532898
1790032186308594400,13.232594482421876,-2.298433542251587,-1.9321208000183105,-0.6440402865409851
1790032186318604300,13.242604248046876,-2.0901381969451904,-1.5825673341751099,-0.9361328482627869
1790032186328644600,13.25264453125,-2.298433542251587,-0.2561795711517334,-1.2186486721038818
1790032186338684700,13.2626845703125,-2.049436569213867,0.011971008032560349,-1.3407529592514038
1790032186388733700,13.312733642578126,-1.5179238319396973,-0.933738648891449,-0.4644751250743866
1790032186408783600,13.33278369140625,-1.920149803161621,-0.3232172429561615,-1.1779472827911377
1790032186418793500,13.34279345703125,-1.9943699836730957,-0.3878606855869293,-1.434126853942871
1790032186428803000,13.352802978515625,-1.7932571172714233,-0.7422025203704834,-1.3838485479354858
1790032186498902000,13.422902099609376,-1.7166426181793213,0.12928688526153564,-1.0247182846069336
1790032186548981500,13.4729814453125,-1.1971008777618408,0.8092401623725891,-0.4884171485900879
1790032186558991000,13.4829912109375,-0.9241618514060974,0.2801215946674347,-0.47165772318840027
1790032186569031400,13.493031494140626,-1.1994950771331787,0.011971008032560349,-0.7805097699165344
1790032186589051000,13.51305078125,-0.9433154463768005,-0.20111294090747833,-0.7805097699165344
1790032186619111000,13.54311083984375,-1.0773907899856567,1.5179238319396973,-0.7996633648872375
1790032186629151000,13.55315087890625,-1.2449848651885986,0.8212111592292786,-1.0223240852355957
1790032186649170700,13.573170654296876,-1.5729905366897583,-0.4620809257030487,-0.2106897532939911
1790032186659180300,13.58318017578125,-1.6328455209732056,-0.5626373887062073,-0.12689268589019775
1790032186669190100,13.593190185546876,-1.647210717201233,-0.28730419278144836,-0.2753331959247589
1790032186679200000,13.603199951171876,-1.6112977266311646,-0.15801730751991272,-0.47644615173339844
1790032186689240300,13.613240234375,-1.2521674633026123,0.3663128614425659,-0.6943184733390808
1790032186699219500,13.623219482421876,-0.8164227604866028,1.0103530883789062,-0.9289502501487732
1790032186709259800,13.633259765625,-0.7158663272857666,1.137245774269104,-0.9145850539207458
1790032186719269600,13.64326953125,-0.6129156351089478,0.4596867263317108,-0.4836287498474121
1790032186729279200,13.653279296875,-0.6320692300796509,0.040701430290937424,-0.31364041566848755
1790032186749298700,13.673298583984375,-1.0295066833496094,-0.3926490843296051,-0.24181437492370605
1790032186769318400,13.693318359375,-0.751779317855835,0.026336219161748886,-0.6631938815116882
1790032186779328000,13.703327880859375,-0.5434837937355042,0.24420857429504395,-0.5530605912208557
1790032186789337900,13.713337890625,-0.7015010714530945,0.1388636976480484,-0.6129156351089478
1790032186799378200,13.723378173828126,-0.751779317855835,0.0694318488240242,-0.7829039692878723
1790032186809388000,13.733387939453126,-0.933738648891449,-0.17477671802043915,-0.6057330369949341
1790032186819428000,13.743427978515625,-0.9169792532920837,-0.6129156351089478,-0.43095630407333374
1790032186829407500,13.753407470703126,-1.1228805780410767,-0.6751648783683777,-0.2825157940387726
1790032186839447800,13.76344775390625,-1.2641384601593018,-0.5770025849342346,-0.33039984107017517
1790032186849457400,13.77345751953125,-1.2545616626739502,-0.4118026793003082,-0.5506663918495178
1790032186899537000,13.823536865234376,-0.6607996821403503,-0.31842881441116333,-0.45250412821769714
1790032186929596700,13.8535966796875,-0.8978256583213806,-0.3998316824436188,-0.33279404044151306
1790032186999695600,13.923695556640626,-0.4165911078453064,-0.22266076505184174,-0.44532153010368347
1790032187009736000,13.93373583984375,-0.31124621629714966,-0.31124621629714966,-0.35913026332855225
1790032187019776000,13.94377587890625,-0.2825157940387726,-0.14604631066322327,-0.3758896589279175
1790032187029785900,13.953785888671876,-0.3256114423274994,-0.1628057211637497,-0.2059013396501541
1790032187039795700,13.963795654296876,-0.22266076505184174,0.10295066982507706,-0.26336219906806946
1790032187049805300,13.973805419921876,-0.35673606395721436,0.272938996553421,-0.090979665517807
1790032187059815200,13.983815185546876,-0.24420857429504395,0.49559974670410156,0
1790032187069855500,13.99385546875,-0.31364041566848755,0.43095630407333374,0.06703764945268631
1790032187099915300,14.023915283203126,-0.6560112833976746,0.44771572947502136,0.22026655077934265
1790032187130005500,14.054005615234376,-0.7541735172271729,0.8762778043746948,0.44771572947502136
1790032187140015400,14.064015380859376,-0.5027823448181152,0.7972691655158997,0.586579442024231
1790032187160034800,14.084034912109376,0.0071826050989329815,1.280897855758667,0.7781155705451965
1790032187170075100,14.0940751953125,0.011971008032560349,1.5155296325683594,0.7852981686592102
1790032187180085000,14.1040849609375,-0.07182604819536209,1.5059528350830078,0.395043283700943
1790032187230255900,14.154255859375,-0.629675030708313,2.0805611610412598,1.192312479019165
1790032187290375400,14.21437548828125,-0.5817909836769104,2.652775526046753,1.3000515699386597
1790032187300415700,14.224415771484376,-0.33758243918418884,2.5977089405059814,1.7908629179000854
1790032187310456000,14.2344560546875,-0.3758896589279175,2.9903578758239746,1.4221558570861816
1790032187320466000,14.2444658203125,-0.6655880808830261,2.9712042808532715,0.5147533416748047
1790032187330475500,14.2544755859375,-0.7876923680305481,2.6360161304473877,-0.16759411990642548
1790032187400605000,14.32460498046875,-1.4389152526855469,2.956839084625244,-0.49320554733276367
1790032187410614800,14.33461474609375,-1.9129672050476074,3.1507694721221924,-0.3663128614425659
1790032187420655000,14.344655029296876,-2.2361843585968018,3.308786630630493,-0.608127236366272
1790032187430664700,14.354664794921876,-2.0877439975738525,3.179499864578247,-0.49320554733276367
1790032187440674600,14.364674560546876,-1.8483237028121948,3.177105665206909,-0.14365209639072418
1790032187450684400,14.374684326171876,-1.9919757843017578,2.9496564865112305,-0.33279404044151306
1790032187470764800,14.394764892578126,-2.209848165512085,2.631227731704712,-1.4844050407409668
1790032187490784500,14.414784423828126,-1.9369091987609863,2.738966703414917,-1.1228805780410767
1790032187500824600,14.424824462890625,-1.8962076902389526,2.7317841053009033,-0.7326257228851318
1790032187520874800,14.444874755859376,-2.0015525817871094,1.6328455209732056,-1.2545616626739502
1790032187540894200,14.464894287109376,-2.0925323963165283,1.702277421951294,-0.9097966551780701
1790032187550904000,14.474904052734376,-2.2409727573394775,1.845929503440857,-1.2042834758758545
1790032187560914000,14.484913818359376,-2.5234885215759277,1.7357962131500244,-1.5514427423477173
1790032187580933400,14.504933349609376,-2.2002713680267334,0.31124621629714966,-1.436521053314209
1790032187590973700,14.5149736328125,-2.099714994430542,1.1635819673538208,-1.3311761617660522
1790032187600983300,14.5249833984375,-2.3487119674682617,2.099714994430542,-1.4053963422775269
1790032187611023600,14.535023681640626,-2.2816741466522217,2.1930887699127197,-1.7884687185287476
1790032187621033500,14.545033447265626,-2.6431987285614014,1.070208191871643,-2.0901381969451904
1790032187641053000,14.565052978515626,-2.892195701599121,0.35673606395721436,-1.1994950771331787
1790032187661072400,14.585072265625,-3.3063924312591553,1.4987702369689941,-1.0199298858642578
1790032187671082200,14.595082275390626,-3.3446998596191406,0.5147533416748047,-1.4245500564575195
1790032187711121400,14.635121337890626,-3.423708438873291,-0.8427590131759644,-1.0031704902648926
1790032187721100500,14.6451005859375,-3.4620156288146973,-0.2753331959247589,-1.1851298809051514
1790032187731140900,14.655140869140626,-3.1914708614349365,-0.4189853072166443,-1.3910311460494995
1790032187741211600,14.665211669921876,-3.1292216777801514,-0.22744916379451752,-1.5873557329177856
1790032187811341000,14.735341064453126,-2.7222073078155518,-1.137245774269104,-1.647210717201233
1790032187831360500,14.755360595703126,-2.765302896499634,-2.2218191623687744,-1.7836803197860718
1790032187851349500,14.775349609375,-3.2130186557769775,-2.717418909072876,-1.6711528301239014
1790032187871430100,14.79543017578125,-3.31118106842041,-2.669534921646118,-1.7980455160140991
1790032187881440000,14.80543994140625,-3.3949780464172363,-3.8307228088378906,-1.50355863571167
1790032187901459500,14.82545947265625,-3.1675288677215576,-4.991910457611084,-1.091755986213684
1790032187921479000,14.84547900390625,-2.5905263423919678,-3.77565598487854,-1.0965443849563599
1790032187931519200,14.855519287109376,-2.52109432220459,-3.49314022064209,-1.3120225667953491
1790032187941529000,14.865529052734376,-2.3271639347076416,-4.0294413566589355,-1.37906014919281
1790032187951569400,14.8755693359375,-1.8315643072128296,-3.8810009956359863,-1.3934253454208374
1790032187971588900,14.8955888671875,-1.3646949529647827,-4.491522312164307,-0.19871874153614044
1790032187991638800,14.915638671875,-0.6224924325942993,-5.396530628204346,-0.7469909191131592
1790032188001648600,14.925648681640626,-0.751779317855835,-4.965574264526367,-0.6105214357376099
1790032188021668000,14.945668212890626,-0.9720458984375,-4.5394062995910645,-0.16519992053508759
1790032188031708400,14.95570849609375,-1.113303780555725,-4.60165548324585,-0.2849099934101105
1790032188041718300,14.96571826171875,-1.1204863786697388,-4.534617900848389,-0.2561795711517334
1790032188051728100,14.97572802734375,-1.2425906658172607,-5.130774021148682,0.019153613597154617
1790032188061768200,14.985768310546876,-1.292868971824646,-5.018246650695801,0.22505496442317963
1790032188071778000,14.995778076171876,-1.3934253454208374,-4.759673118591309,0.023942016065120697
1790032188091797500,15.015797607421876,-1.3455413579940796,-4.802768707275391,-0.8810662031173706
1790032188101837800,15.025837890625,-1.2880805730819702,-4.757278919219971,-0.6775590777397156
1790032188111847700,15.03584765625,-1.3215993642807007,-4.529829502105713,-0.28969839215278625
1790032188121857300,15.045857177734375,-1.290474772453308,-4.027047157287598,-0.016759412363171577
1790032188131867100,15.0558671875,-1.3862427473068237,-4.311957359313965,-0.028730420395731926
1790032188141877000,15.065876953125,-1.314416766166687,-4.831499099731445,0.14604631066322327
1790032188161927000,15.085927001953126,-1.501164436340332,-4.505887508392334,-0.5626373887062073
1790032188181916000,15.105916015625,-1.0630255937576294,-4.185064792633057,-1.3862427473068237
1790032188201966000,15.125966064453126,-0.8762778043746948,-3.3518824577331543,-0.016759412363171577
1790032188212006400,15.13600634765625,-0.6991068720817566,-2.918531894683838,0.5291185975074768
1790032188231995400,15.155995361328126,-0.8427590131759644,-3.00711727142334,-0.3711012601852417
1790032188242035700,15.16603564453125,-1.194706678390503,-2.7892448902130127,-0.8786720037460327
1790032188252076000,15.176075927734376,-1.4484920501708984,-2.6623523235321045,-0.9409212470054626
1790032188262055200,15.18605517578125,-1.647210717201233,-2.559401512145996,-0.933738648891449
1790032188282105000,15.20610498046875,-1.824381709098816,-1.8842366933822632,-0.20350714027881622
1790032188292115000,15.216114990234376,-1.7046716213226318,-2.300827741622925,0.1867477297782898
1790032188302124800,15.226124755859376,-1.659181833267212,-2.250549554824829,0.016759412363171577
1790032188372284700,15.29628466796875,-2.073378562927246,-0.9217676520347595,-0.5147533416748047
1790032188402344400,15.326344482421876,-1.8387469053268433,-0.3974374830722809,-0.6847416758537292
1790032188422364000,15.346364013671876,-2.2242133617401123,-0.6799532771110535,-0.8930372595787048
1790032188432373800,15.356373779296876,-2.456450939178467,-0.22266076505184174,-1.0797849893569946
1790032188442383600,15.366383544921876,-2.4803929328918457,-0.3495534360408783,-1.0271124839782715
1790032188452423700,15.376423583984375,-2.166752576828003,-0.18914192914962769,-0.8954314589500427
1790032188462464000,15.386464111328126,-1.9177556037902832,0.2106897532939911,-0.7876923680305481
1790032188472473900,15.396473876953126,-1.987187385559082,-0.031124621629714966,-0.950498104095459
1790032188482483700,15.406483642578126,-2.3582887649536133,-0.043095629662275314,-1.113303780555725
1790032188492493300,15.416493408203126,-2.477998733520508,-0.3064578175544739,-1.2258312702178955
1790032188502533600,15.42653369140625,-2.4684219360351562,-1.0103530883789062,-1.0438719987869263
1790032188512574000,15.436573974609376,-2.492363929748535,0.08379705995321274,-1.2521674633026123
1790032188522614300,15.4466142578125,-2.5067291259765625,-0.2801215946674347,-1.2090718746185303
1790032188582703400,15.506703369140626,-0.47165772318840027,0.7876923680305481,-1.278503656387329
1790032188592713200,15.516713134765626,-0.5506663918495178,1.4484920501708984,-1.0678139925003052
1790032188602722800,15.526722900390626,-1.0438719987869263,1.2401964664459229,-1.0223240852355957
1790032188662812000,15.58681201171875,-1.86508309841156,-0.3208230137825012,-0.7158663272857666
1790032188672852200,15.596852294921876,-1.5322890281677246,0.7709329724311829,-1.039083480834961
1790032188682862000,15.606862060546876,-1.357512354850769,0.569819986820221,-0.9409212470054626
1790032188692932900,15.616932861328126,-1.3455413579940796,0.10295066982507706,-0.8690952062606812
1790032188702942700,15.626942626953126,-1.4867992401123047,0.33518823981285095,-0.7158663272857666
1790032188712952300,15.636952392578126,-1.4939818382263184,0.6368576288223267,-0.6200982332229614
1790032188722962200,15.646962158203126,-1.479616641998291,0.23942017555236816,-0.7948749661445618
1790032188733002500,15.65700244140625,-1.2330138683319092,-0.48602294921875,-0.8523358106613159
1790032188763092700,15.6870927734375,-1.0342950820922852,0.1388636976480484,-0.507570743560791
1790032188773133000,15.697133056640626,-0.9696516990661621,0.4429273009300232,-0.3878606855869293
1790032188783143000,15.707142822265626,-1.0127472877502441,0.33518823981285095,-0.6368576288223267
1790032188793152500,15.717152587890626,-0.8307880163192749,0.20111294090747833,-0.9002198576927185
1790032188803162400,15.727162353515626,-0.6655880808830261,0.016759412363171577,-0.9624691009521484
1790032188813202700,15.73720263671875,-0.8762778043746948,0.07182604819536209,-0.9576807022094727
1790032188823212300,15.74721240234375,-1.2066776752471924,-0.3974374830722809,-0.6416460275650024
1790032188833222100,15.75722216796875,-1.1827356815338135,-0.48602294921875,-0.2585737705230713
1790032188863251500,15.78725146484375,-0.667982280254364,0.727837324142456,-0.9265560507774353
1790032188873291800,15.797291748046876,-0.9217676520347595,0.4908113479614258,-0.5291185975074768
1790032188883301400,15.80730126953125,-0.9672574996948242,0.2082955539226532,-0.2513911724090576
1790032188893311200,15.817311279296876,-1.1109095811843872,0.13168109953403473,-0.37828385829925537
1790032188903321000,15.827321044921876,-1.1994950771331787,-0.4644751250743866,-0.44532153010368347
1790032188913330700,15.83733056640625,-1.280897855758667,-0.49320554733276367,-0.646434485912323
1790032188923340500,15.847340576171876,-1.1683704853057861,-0.26096799969673157,-0.5961562395095825
1790032188933380900,15.857380859375,-0.9672574996948242,-0.5746083855628967,-0.272938996553421
1790032188943421200,15.867421142578126,-0.7613561153411865,-0.16998831927776337,-0.21787235140800476
1790032189003571200,15.9275712890625,-0.49320554733276367,0.038307227194309235,-0.2537853717803955
1790032189023591000,15.9475908203125,-1.0773907899856567,-0.1628057211637497,-0.33039984107017517
1790032189093659100,16.0176591796875,-0.47884035110473633,0.10295066982507706,-0.3208230137825012
1790032189103669000,16.0276689453125,-0.4357447028160095,0.30885201692581177,-0.26575639843940735
1790032189133759200,16.05775927734375,-0.3663128614425659,-0.4118026793003082,-0.10773907601833344
1790032189153778700,16.07777880859375,-0.17477671802043915,-0.7924807667732239,0.2346317619085312
1790032189163819000,16.087819091796874,-0.14365209639072418,-1.0582371950149536,0.19393034279346466
1790032189173828900,16.097828857421874,-0.11252748221158981,-1.1803414821624756,0.019153613597154617
1790032189183838700,16.107838623046874,-0.33039984107017517,-0.586579442024231,-0.6703764796257019
1790032189193848300,16.117848388671874,-0.31842881441116333,-0.3208230137825012,-1.1803414821624756
1790032189243927800,16.167927734375,-0.5147533416748047,-0.031124621629714966,0.06224924325942993
1790032189253907000,16.177906982421874,-0.7805097699165344,-0.06464344263076782,-0.19153612852096558
1790032189263916800,16.187916748046874,-0.9720458984375,-0.1149216815829277,-0.33279404044151306
1790032189273957000,16.19795703125,-1.1037269830703735,0.009576806798577309,-0.26336219906806946
1790032189283966700,16.207966796875,-1.170764684677124,-0.1388636976480484,-0.07661445438861847
1790032189293976600,16.2179765625,-1.1204863786697388,-0.19632454216480255,0.06224924325942993
1790032189303955700,16.227955810546874,-0.9840168952941895,0.090979665517807,-0.1364694982767105
1790032189384033800,16.30803369140625,-0.26336219906806946,1.2425906658172607,0.6177040338516235
1790032189394104800,16.318104736328124,-0.3711012601852417,1.314416766166687,0.8667010068893433
1790032189404114400,16.328114501953124,-0.26575639843940735,1.2234370708465576,0.9385270476341248
1790032189474243800,16.398243896484374,-0.18914192914962769,2.094926595687866,0.8954314589500427
1790032189484223200,16.40822314453125,-0.22505496442317963,1.86508309841156,0.7972691655158997
1790032189494263300,16.41826318359375,-0.12449848651885986,1.920149803161621,0.8379706144332886
1790032189534302500,16.458302490234374,-0.6129156351089478,2.118868589401245,0.5985504388809204
1790032189544312300,16.468312255859374,-0.5985504388809204,2.4803929328918457,0.6823474764823914
1790032189554322000,16.478322021484374,-0.4620809257030487,2.942473888397217,0.9169792532920837
1790032189564331800,16.488331787109374,-0.5482721924781799,3.354276657104492,0.6057330369949341
1790032189574341600,16.498341552734374,-0.47165772318840027,2.9448680877685547,0.5339069962501526
1790032189584351200,16.508351318359374,-0.4836287498474121,2.0159177780151367,0.828393816947937
1790032189604340200,16.52834033203125,-0.9074024558067322,3.9217023849487305,-0.07900865375995636
1790032189624360000,16.54835986328125,-0.6153098344802856,3.2393548488616943,0.2992752194404602
1790032189634369500,16.55836962890625,-0.667982280254364,2.7940332889556885,0.27054479718208313
1790032189644379400,16.56837939453125,-0.9385270476341248,2.7533318996429443,-0.0694318488240242
1790032189674439200,16.598439208984374,-1.0079588890075684,3.028665065765381,-0.18914192914962769
1790032189684479500,16.6084794921875,-1.335964560508728,3.536235809326172,-0.5195417404174805
1790032189694489300,16.6184892578125,-1.4891934394836426,3.318363666534424,-1.0199298858642578
1790032189704499000,16.6284990234375,-1.5490485429763794,3.1747114658355713,-1.0965443849563599
1790032189714539300,16.638539306640624,-1.680729627609253,2.7293899059295654,-0.7206547260284424
1790032189724549000,16.648549072265624,-1.7501614093780518,2.4588451385498047,-0.6991068720817566
1790032189734558700,16.658558837890624,-1.8986018896102905,2.3271639347076416,-0.7661445140838623
1790032189744568600,16.668568603515624,-2.169146776199341,1.9393033981323242,-0.9193734526634216
1790032189764649200,16.688649169921874,-2.734178304672241,1.9991583824157715,-1.4053963422775269
1790032189784668700,16.708668701171874,-3.428496837615967,1.7381904125213623,-1.8100165128707886
1790032189794678500,16.718678466796874,-3.2537200450897217,2.1308395862579346,-2.0039467811584473
1790032189804688100,16.728688232421874,-3.4404678344726562,2.2577321529388428,-1.5418659448623657
1790032189814667500,16.73866748046875,-3.246537446975708,1.5203180313110352,-1.237802267074585
1790032189824707800,16.748707763671874,-2.964021682739258,1.6855180263519287,-1.2641384601593018
1790032189834748000,16.758747802734376,-3.1100680828094482,1.7334020137786865,-1.0007762908935547
1790032189894806500,16.818806640625,-1.6663644313812256,1.558625340461731,-1.115697979927063
1790032189904816400,16.82881640625,-1.0319008827209473,0.7326257228851318,-0.7876923680305481
1790032189914826200,16.838826171875,-1.1420341730117798,0.8044517636299133,-1.4317326545715332
1790032189924835800,16.8488359375,-2.367865562438965,0.6416460275650024,-2.1284453868865967
1790032189944916500,16.86891650390625,-2.669534921646118,-0.11252748221158981,-0.9576807022094727
1790032189954926300,16.87892626953125,-2.918531894683838,-1.4077905416488647,-0.28730419278144836
1790032189974976300,16.898976318359374,-3.794809579849243,-0.5171475410461426,-1.766920804977417
1790032189995057000,16.919056884765624,-3.2106244564056396,0.6727706789970398,-1.2306196689605713
1790032190005097200,16.92909716796875,-3.179499864578247,0.040701430290937424,-0.9911994934082031
1790032190015106800,16.93910693359375,-3.2178070545196533,0.47405192255973816,-1.3982137441635132
1790032190045105700,16.969105712890624,-3.090914487838745,-1.5873557329177856,-1.5394717454910278
1790032190065125000,16.989125,-3.31118106842041,-1.2976573705673218,-1.2210428714752197
1790032190085144800,17.009144775390624,-3.1531636714935303,-1.1037269830703735,-1.4844050407409668
1790032190095154400,17.019154541015624,-3.272873640060425,-1.7741034030914307,-1.1779472827911377
1790032190205384000,17.129384033203124,-2.8419175148010254,-2.937685489654541,-1.2641384601593018
1790032190265503700,17.189503662109374,-1.8052281141281128,-2.0877439975738525,-1.7836803197860718
1790032190275483000,17.19948291015625,-2.123656988143921,-2.715024709701538,-1.8387469053268433
1790032190285523200,17.209523193359374,-2.5067291259765625,-3.071760892868042,-1.359906554222107
1790032190295533000,17.219532958984374,-3.272873640060425,-3.1076738834381104,-0.4572925269603729
1790032190305573000,17.229572998046876,-3.579331636428833,-4.54419469833374,0.4668693244457245
1790032190315583000,17.2395830078125,-2.7102363109588623,-6.337451934814453,0.7757213711738586
1790032190325562000,17.24956201171875,-1.5849615335464478,-6.1985883712768555,0.40222588181495667
1790032190355652600,17.279652587890624,-1.4867992401123047,-4.8482584953308105,-0.9768342971801758
1790032190365662200,17.289662109375,-1.4053963422775269,-5.008669853210449,-0.4596867263317108
1790032190375641600,17.2996416015625,-1.4413094520568848,-4.474762916564941,0.26815059781074524
1790032190385682000,17.309681884765624,-1.0007762908935547,-4.2975921630859375,0.730231523513794
1790032190395691500,17.31969140625,-0.011971008032560349,-4.050989151000977,0.6392518281936646
1790032190405701400,17.329701416015624,-0.019153613597154617,-4.268861770629883,0.24181437492370605
1790032190415711200,17.339711181640624,-0.28969839215278625,-4.23773717880249,0.2059013396501541
1790032190425782000,17.349781982421874,-0.7350199222564697,-4.513070106506348,0.1412578970193863
1790032190435791600,17.35979150390625,-1.139639973640442,-4.649539470672607,0.1388636976480484
1790032190455811300,17.379811279296874,-1.7046716213226318,-3.928884983062744,-0.15083470940589905
1790032190465851600,17.3898515625,-1.4389152526855469,-3.4356794357299805,0.07182604819536209
1790032190485932000,17.40993212890625,-1.5083470344543457,-3.2632968425750732,0.6703764796257019
1790032190495942000,17.41994189453125,-1.659181833267212,-2.8802247047424316,0.5003881454467773
1790032190516022500,17.4400224609375,-1.8579005002975464,-3.093308687210083,0.15801730751991272
1790032190526062800,17.450062744140624,-1.9153614044189453,-2.738966703414917,-0.2825157940387726
1790032190546082300,17.470082275390624,-1.9273324012756348,-2.2409727573394775,0.06703764945268631
1790032190556092000,17.480091796875,-1.867477297782898,-2.250549554824829,0.1604115068912506
1790032190566101800,17.490101806640624,-2.2218191623687744,-1.8052281141281128,-0.028730420395731926
1790032190576111600,17.500111572265624,-2.3056161403656006,-1.886630892753601,-0.1173158809542656
1790032190596192000,17.52019189453125,-2.248155355453491,-1.5490485429763794,-0.21787235140800476
1790032190616211700,17.540211669921874,-2.3582887649536133,-1.0031704902648926,-0.706289529800415
1790032190636261600,17.56026171875,-2.434903144836426,-0.7876923680305481,-0.7086837291717529
1790032190656281300,17.58028125,-2.2649147510528564,-1.5131354331970215,-0.7781155705451965
1790032190706391000,17.63039111328125,-2.4468741416931152,-0.14844051003456116,-0.9241618514060974
1790032190726441200,17.650441162109374,-2.3271639347076416,-0.9816226959228516,-1.0127472877502441
1790032190736450800,17.660450927734374,-2.6671407222747803,-1.0606313943862915,-0.8906430602073669
1790032190746521600,17.670521484375,-3.021482467651367,-0.5339069962501526,-0.9002198576927185
1790032190766571800,17.69057177734375,-2.782062292098999,-0.05506663769483566,-1.3263877630233765
1790032190776612000,17.700612060546874,-2.360682964324951,0.047884032130241394,-1.556231141090393
1790032190786552300,17.71055224609375,-2.628833532333374,-0.3447650372982025,-1.381454348564148
1790032190816612000,17.740612060546876,-3.023876667022705,-0.3495534360408783,-1.357512354850769
1790032190826622000,17.7506220703125,-2.8874073028564453,-0.18914192914962769,-1.194706678390503
1790032190846672000,17.770671875,-2.164358377456665,-0.31364041566848755,-1.0319008827209473
1790032190856681700,17.780681640625,-1.6711528301239014,0.07661445438861847,-0.7422025203704834
1790032190866722000,17.79072216796875,-1.4532804489135742,0.038307227194309235,-0.6248866319656372
1790032190896781800,17.82078173828125,-1.1563993692398071,0.8020575642585754,-1.2401964664459229
1790032190906822100,17.830822265625,-1.2761094570159912,0.7445967197418213,-1.0773907899856567
1790032190926872000,17.8508720703125,-1.647210717201233,-0.569819986820221,-0.6320692300796509
1790032190946952700,17.87095263671875,-1.5490485429763794,-0.36152446269989014,-0.5434837937355042
1790032190956962600,17.880962646484374,-1.2521674633026123,0.9433154463768005,-0.6584054827690125
1790032190997062700,17.921062744140624,-1.9776105880737305,0.7661445140838623,-1.137245774269104
1790032191037132000,17.961132080078126,-1.1276689767837524,0.6033388376235962,-0.42856210470199585
1790032191067222500,17.991222412109376,-1.479616641998291,0.31124621629714966,-0.8786720037460327
1790032191087242000,18.011241943359376,-1.5466543436050415,0.37828385829925537,-0.8355764150619507
1790032191097312800,18.021312744140626,-1.2689268589019775,0.7637503147125244,-0.6703764796257019
1790032191107322600,18.031322509765626,-1.3982137441635132,0.8403648138046265,-0.8690952062606812
1790032191117332200,18.041332275390626,-1.1683704853057861,0.6272808313369751,-0.8355764150619507
1790032191147361500,18.071361572265626,-1.599326729774475,0.5770025849342346,-0.811634361743927
1790032191187400700,18.111400634765626,-0.5674257874488831,0.19393034279346466,-0.8451532125473022
1790032191207451000,18.131450927734374,-0.6799532771110535,0.33758243918418884,-0.7709329724311829
1790032191217460500,18.14146044921875,-0.7852981686592102,0.28969839215278625,-0.5674257874488831
1790032191237510700,18.1615107421875,-1.1851298809051514,-0.19632454216480255,-0.3495534360408783
1790032191267601000,18.191600830078126,-0.933738648891449,0.5674257874488831,-0.31603461503982544
1790032191277610800,18.20161083984375,-0.5363011956214905,0.2944868206977844,-0.4357447028160095
1790032191287651000,18.211651123046874,-0.49320554733276367,0.4668693244457245,-0.507570743560791
1790032191297630200,18.221630126953126,-0.6200982332229614,0.47405192255973816,-0.4884171485900879
1790032191307670500,18.23167041015625,-0.5889736413955688,0.15083470940589905,-0.08140286058187485
1790032191347740200,18.271740234375,-0.8571242094039917,-0.6105214357376099,-0.7230489253997803
1790032191357749800,18.281749755859376,-0.7326257228851318,-0.2992752194404602,-0.5722141861915588
1790032191367759600,18.291759521484376,-0.5434837937355042,0.1628057211637497,-0.3447650372982025
1790032191377738800,18.30173876953125,-0.2944868206977844,0.37828385829925537,-0.23702596127986908
1790032191387779000,18.311779052734376,-0.14844051003456116,0.24181437492370605,-0.12449848651885986
1790032191397789000,18.321788818359376,-0.1867477297782898,-0.06703764945268631,0.009576806798577309
1790032191407798800,18.331798828125,-0.47405192255973816,-0.1604115068912506,-0.040701430290937424
1790032191417808400,18.341808349609376,-0.6560112833976746,-0.17238251864910126,-0.27054479718208313
1790032191457908500,18.381908447265626,-1.0319008827209473,-0.47644615173339844,-0.21547815203666687
1790032191477928000,18.401927978515626,-0.828393816947937,-0.1628057211637497,-0.26815059781074524
1790032191497947600,18.42194775390625,-0.26815059781074524,0.30885201692581177,-0.12928688526153564
1790032191508018400,18.432018310546876,-0.31842881441116333,0.12928688526153564,-0.0694318488240242
1790032191518028000,18.442028076171876,-0.35434186458587646,-0.08619125932455063,-0.16998831927776337
1790032191538078200,18.462078125,-0.40462008118629456,-0.07900865375995636,-0.28969839215278625
1790032191568107500,18.492107421875,-0.6392518281936646,-0.5985504388809204,-0.17956513166427612
1790032191578117400,18.502117431640624,-0.5339069962501526,-0.4213795065879822,-0.3232172429561615
1790032191588127000,18.512126953125,-0.7254431247711182,-0.2346317619085312,-0.33997663855552673
1790032191608146400,18.532146484375,-0.8164227604866028,-0.10055647045373917,0.019153613597154617
1790032191618156300,18.54215625,-0.6105214357376099,-0.07422025501728058,-0.13168109953403473
1790032191628196600,18.552196533203126,-0.586579442024231,0.047884032130241394,-0.2513911724090576
1790032191638206500,18.56220654296875,-0.8667010068893433,0.13168109953403473,-0.17477671802043915
1790032191648216000,18.572216064453126,-1.0845733880996704,0.42616790533065796,0.30885201692581177
1790032191658226000,18.582225830078126,-1.1348515748977661,0.3687070608139038,0.7493851184844971
1790032191678275800,18.60227587890625,-0.6943184733390808,-0.8236053586006165,0.10773907601833344
1790032191688316200,18.612316162109376,-0.8379706144332886,-0.1364694982767105,-0.5003881454467773
1790032191698326000,18.622325927734376,-0.49799394607543945,0.4836287498474121,-0.16998831927776337
1790032191708396800,18.632396728515626,-0.028730420395731926,1.0055646896362305,0.42856210470199585
1790032191728416300,18.652416259765626,0.17956513166427612,1.7166426181793213,0.5219359993934631
1790032191738456600,18.66245654296875,0.08619125932455063,1.625662922859192,0.6416460275650024
1790032191758476000,18.68247607421875,0.043095629662275314,1.6639702320098877,0.811634361743927
1790032191768486000,18.69248583984375,-0.009576806798577309,1.647210717201233,0.5147533416748047
1790032191778495700,18.702495849609374,-0.33039984107017517,1.7381904125213623,0.5003881454467773
1790032191788505300,18.71250537109375,-0.5003881454467773,1.8339585065841675,0.6943184733390808
1790032191798545700,18.722545654296876,-0.4836287498474121,2.0039467811584473,0.8523358106613159
1790032191818565400,18.7425654296875,-0.24420857429504395,2.585737943649292,1.05105459690094
1790032191828575000,18.752574951171876,0.090979665517807,2.6216509342193604,1.2282254695892334
1790032191838615300,18.762615234375,0.20350714027881622,2.8155810832977295,0.7541735172271729
1790032191848625200,18.772625244140624,0.31124621629714966,3.2130186557769775,-0.016759412363171577
1790032191858665500,18.78266552734375,0.28730419278144836,3.998316764831543,0.016759412363171577
1790032191868675000,18.792675048828126,0.40222588181495667,3.6535518169403076,0.47405192255973816
1790032191878685000,18.802684814453126,0.2753331959247589,3.0142998695373535,0.6727706789970398
1790032191918785000,18.842784912109376,-1.139639973640442,2.494758129119873,0.23702596127986908
1790032191998863000,18.922863037109376,-1.745373010635376,2.209848165512085,-0.14844051003456116
1790032192008903400,18.9329033203125,-1.8339585065841675,2.425326347351074,-0.14844051003456116
1790032192018913300,18.942913330078124,-1.778891921043396,2.518700122833252,-0.07422025501728058
1790032192028923000,18.9529228515625,-1.7477672100067139,2.2002713680267334,0.07900865375995636
1790032192038932700,18.9629326171875,-2.0614075660705566,2.1499931812286377,-0.2561795711517334
1790032192048942300,18.9729423828125,-2.1140801906585693,1.644816517829895,-0.5003881454467773
1790032192058952200,18.9829521484375,-2.097320795059204,1.644816517829895,-0.1843535304069519
1790032192068992500,18.992992431640626,-2.126051187515259,1.3527239561080933,0.31842881441116333
1790032192079002400,19.00300244140625,-2.3247697353363037,1.5753847360610962,-0.12210428714752197
1790032192089012000,19.013011962890626,-2.3032219409942627,2.145204782485962,-0.7182605266571045
1790032192109062100,19.033062255859374,-2.454056739807129,1.845929503440857,-0.363918662071228
1790032192179222000,19.103221923828126,-2.4133553504943848,0.7637503147125244,-0.7757213711738586
1790032192199302700,19.123302734375,-2.0398597717285156,1.0295066833496094,-1.1994950771331787
1790032192209312300,19.133312255859376,-1.6352397203445435,0.7805097699165344,-1.1492167711257935
1790032192219322000,19.143322021484376,-2.0829553604125977,0.8571242094039917,-0.9840168952941895
1790032192249412400,19.173412353515626,-2.142810583114624,-0.035913024097681046,-1.4891934394836426
1790032192259422200,19.183422119140626,-1.9943699836730957,-0.023942016065120697,-1.4101848602294922
1790032192319663900,19.243663818359376,-2.3774423599243164,-0.304063618183136,-2.1811177730560303
1790032192339683300,19.263683349609376,-1.8195933103561401,1.9081788063049316,-2.142810583114624
1790032192349693200,19.273693115234376,-2.3918075561523438,0.2346317619085312,-1.7286136150360107
1790032192359703000,19.283703125,-2.717418909072876,-0.9002198576927185,-1.678335428237915
1790032192379722500,19.303722412109376,-3.1483752727508545,-2.1380221843719482,-1.7118542194366455
1790032192389732400,19.313732421875,-2.5306711196899414,-2.1523873805999756,-1.5275006294250488
1790032192399742000,19.323741943359376,-1.8411411046981812,-1.2497732639312744,-1.316810965538025
1790032192409751800,19.333751708984376,-1.7118542194366455,-0.5482721924781799,-1.3503297567367554
1790032192449852000,19.373851806640626,-2.827552318572998,-1.7956513166427612,-1.455674648284912
1790032192459861800,19.38386181640625,-2.8850131034851074,-2.1475989818573,-1.4508862495422363
1790032192469871400,19.393871337890626,-2.31758713722229,-3.1962592601776123,-1.2952631711959839
1790032192479911700,19.40391162109375,-1.2761094570159912,-1.7956513166427612,-1.3239935636520386
1790032192489921500,19.413921630859374,-1.9488801956176758,-1.335964560508728,-1.5298948287963867
1790032192499961900,19.4239619140625,-2.1380221843719482,-2.6216509342193604,-1.4053963422775269
1790032192509971500,19.433971435546876,-2.477998733520508,-2.561795711517334,-1.3646949529647827
1790032192519981300,19.443981201171876,-3.248931646347046,-3.1435868740081787,-0.8954314589500427
1790032192529960400,19.45396044921875,-2.940079689025879,-4.383783340454102,-0.7422025203704834
1790032192540031200,19.46403125,-2.5330653190612793,-4.6040496826171875,-0.6655880808830261
1790032192550071600,19.474071533203126,-1.9297266006469727,-4.213795185089111,-0.5434837937355042
1790032192560111900,19.48411181640625,-2.099714994430542,-4.398148536682129,-0.5027823448181152
1790032192570152200,19.494152099609376,-2.367865562438965,-4.175487995147705,-0.5961562395095825
1790032192580162000,19.504162109375,-2.564189910888672,-4.0749311447143555,-0.5147533416748047
1790032192590171600,19.514171630859376,-2.669534921646118,-3.8091750144958496,-0.1388636976480484
1790032192600181500,19.524181396484376,-2.5929205417633057,-3.1938650608062744,0.4189853072166443
1790032192610160600,19.53416064453125,-2.343923568725586,-4.5154643058776855,0.3974374830722809
1790032192620201000,19.544200927734376,-2.0925323963165283,-4.572925090789795,-0.790086567401886
1790032192630210800,19.5542109375,-2.4803929328918457,-4.094084739685059,-0.8643068075180054
1790032192640220400,19.564220458984376,-2.516305923461914,-4.4939165115356445,-0.7086837291717529
1790032192650230300,19.574230224609376,-2.121262788772583,-4.843470096588135,-0.6009446382522583
1790032192660240100,19.584240234375,-2.1140801906585693,-4.367023944854736,-0.33997663855552673
1790032192670249700,19.594249755859376,-2.185906171798706,-3.9217023849487305,-0.038307227194309235
1790032192680259600,19.604259521484376,-2.0805611610412598,-3.6391866207122803,0.009576806798577309
1790032192690269400,19.61426953125,-1.8100165128707886,-4.446032524108887,0.2561795711517334
1790032192750358500,19.674358642578124,-1.9991583824157715,-3.4356794357299805,0.031124621629714966
1790032192770408400,19.694408447265626,-1.0773907899856567,-3.7277719974517822,0.2537853717803955
1790032192780418300,19.704418212890626,-1.6112977266311646,-3.691859006881714,0.33518823981285095
1790032192820457500,19.74445751953125,-2.164358377456665,-4.268861770629883,-0.31364041566848755
1790032192840477000,19.764476806640626,-2.027888774871826,-3.536235809326172,-0.05985504388809204
1790032192850486500,19.774486572265626,-1.8794482946395874,-2.8802247047424316,0.10055647045373917
1790032192860496400,19.784496337890626,-1.9345149993896484,-2.7102363109588623,0.5482721924781799
1790032192870475800,19.794475830078124,-1.9608511924743652,-2.5043349266052246,0.6200982332229614
1790032192880515800,19.804515869140626,-1.7046716213226318,-1.9728221893310547,-0.090979665517807
1790032192890525700,19.814525634765626,-1.9919757843017578,-1.8507179021835327,-0.5195417404174805
1790032192950584300,19.874584228515626,-3.002328872680664,-1.158793568611145,-0.4596867263317108
1790032192960594200,19.88459423828125,-2.6192567348480225,-0.9097966551780701,-0.5363011956214905
1790032192980644000,19.90464404296875,-2.9664158821105957,-1.0821791887283325,-0.9074024558067322
1790032192990684400,19.914684326171876,-2.9017724990844727,-0.8355764150619507,-0.8475474119186401
1790032193000694300,19.9246943359375,-2.7916390895843506,-0.5961562395095825,-0.8547300100326538
1790032193030784500,19.954784423828126,-1.7549498081207275,-0.9528923034667969,-1.2449848651885986
1790032193070854100,19.994854248046874,-2.161964178085327,-0.4884171485900879,-0.7709329724311829
1790032193080863700,20.00486376953125,-2.4444799423217773,-0.272938996553421,-0.7589619159698486
1790032193090904000,20.014904052734376,-2.6575639247894287,-0.45489832758903503,-0.8020575642585754
1790032193100914000,20.024913818359376,-2.655169725418091,-0.2561795711517334,-0.9840168952941895
1790032193110923800,20.034923828125,-2.7964274883270264,-1.1204863786697388,-0.9911994934082031
1790032193120933400,20.044933349609376,-2.2385785579681396,-1.2066776752471924,-1.0606313943862915
1790032193130943200,20.054943115234376,-2.5234885215759277,-0.12210428714752197,-1.4748282432556152
1790032193140952800,20.064952880859376,-2.3582887649536133,0.9864110946655273,-1.4891934394836426
1790032193150993200,20.0749931640625,-2.0015525817871094,0.8403648138046265,-0.9385270476341248
1790032193161003000,20.0850029296875,-2.030282974243164,0.7613561153411865,-0.15083470940589905
1790032193181022500,20.1050224609375,-2.2697031497955322,-0.21308395266532898,-0.730231523513794
1790032193201072600,20.12507275390625,-2.2361843585968018,-0.35913026332855225,-1.0558429956436157
1790032193211082200,20.135082275390626,-1.778891921043396,1.0223240852355957,-1.3718775510787964
1790032193221122600,20.14512255859375,-1.4676456451416016,1.161187767982483,-1.0271124839782715
1790032193231132400,20.15513232421875,-1.4915876388549805,1.0989385843276978,-0.6057330369949341
1790032193241142300,20.165142333984374,-1.8315643072128296,0.9050082564353943,-0.7326257228851318
1790032193251182300,20.175182373046876,-2.387019157409668,0.7829039692878723,-1.2689268589019775
1790032193261222700,20.18522265625,-2.4229321479797363,0.8236053586006165,-1.3192051649093628
1790032193291252000,20.215251953125,-2.123656988143921,0.950498104095459,-0.5602431893348694
1790032193351341000,20.275341064453126,-1.824381709098816,0.730231523513794,-0.5961562395095825
1790032193381370400,20.305370361328126,-1.5634137392044067,0.47644615173339844,-0.9433154463768005
1790032193421470500,20.345470458984376,-2.10210919380188,0.6368576288223267,-0.6105214357376099
1790032193431480300,20.355480224609376,-1.7693150043487549,0.8259995579719543,-0.4165911078453064
1790032193441520600,20.365520751953124,-1.5322890281677246,0.3495534360408783,-0.6177040338516235
1790032193451499800,20.375499755859376,-1.4724340438842773,-0.06464344263076782,-0.9600749015808105
1790032193461540000,20.3855400390625,-1.6927006244659424,-0.1173158809542656,-0.9552865028381348
1790032193491600000,20.415599853515626,-1.4844050407409668,0.37828385829925537,-0.5195417404174805
1790032193501640200,20.42564013671875,-1.3766659498214722,0.1412578970193863,-0.47644615173339844
1790032193511650000,20.435650146484374,-0.9097966551780701,-0.47165772318840027,-0.3878606855869293
1790032193521690400,20.4456904296875,-0.5913678407669067,-0.181959331035614,-0.5219359993934631
1790032193541709800,20.465709716796876,-0.6823474764823914,0.011971008032560349,-0.395043283700943
1790032193551719700,20.4757197265625,-0.8212111592292786,-0.16519992053508759,-0.3471592366695404
1790032193561729300,20.485729248046876,-1.0031704902648926,-0.47884035110473633,-0.2825157940387726
1790032193571739100,20.4957392578125,-1.2258312702178955,-0.26336219906806946,-0.14604631066322327
1790032193581779500,20.505779541015624,-1.2425906658172607,-0.4405331015586853,0
1790032193591819800,20.51581982421875,-1.0295066833496094,-0.5889736413955688,-0.090979665517807
1790032193601799000,20.525798828125,-0.933738648891449,-0.26096799969673157,-0.2082955539226532
1790032193621848800,20.545848876953126,-0.8188169598579407,0.16759411990642548,-0.8044517636299133
1790032193631828200,20.555828125,-0.6967126727104187,0.10534487664699554,-0.646434485912323
1790032193641899000,20.56589892578125,-0.7948749661445618,0.043095629662275314,-0.16998831927776337
1790032193651908900,20.575908935546874,-1.048660397529602,0.3519476354122162,-0.17477671802043915
1790032193661918500,20.58591845703125,-1.0055646896362305,0.3280056416988373,-0.4620809257030487
1790032193671928300,20.59592822265625,-0.47884035110473633,-0.5099649429321289,-0.06703764945268631
1790032193681938200,20.605938232421874,-0.7565677165985107,-0.17238251864910126,-0.031124621629714966
1790032193691978200,20.615978271484376,-1.1659762859344482,0.15801730751991272,-0.5051765441894531
1790032193702018600,20.6260185546875,-1.0845733880996704,0.24660277366638184,-0.5793967843055725
1790032193712059000,20.636058837890626,-0.8355764150619507,-0.26815059781074524,-0.2082955539226532
1790032193752067600,20.676067626953124,-0.5817909836769104,0.019153613597154617,-0.5841852426528931
1790032193772087000,20.696087158203124,-0.363918662071228,0.08858546614646912,-0.30885201692581177
1790032193792137000,20.716136962890626,-0.6871358752250671,0.44771572947502136,-0.363918662071228
1790032193802146800,20.726146728515626,-0.6224924325942993,-0.26336219906806946,0.0454898327589035
1790032193822166300,20.746166259765626,-0.17956513166427612,-0.19393034279346466,-0.2825157940387726
1790032193832176000,20.756176025390626,-0.15801730751991272,-0.038307227194309235,-0.49320554733276367
1790032193852226000,20.77622607421875,-0.19153612852096558,0.033518824726343155,-0.5195417404174805
1790032193862296800,20.786296875,-0.20350714027881622,0.06224924325942993,-0.35913026332855225
1790032193882347000,20.806346923828126,-0.20111294090747833,-0.19871874153614044,-0.19632454216480255
1790032193892356900,20.81635693359375,-0.272938996553421,-0.26575639843940735,-0.28969839215278625
1790032193912376300,20.836376220703126,-0.4118026793003082,-0.507570743560791,-0.4141969084739685
1790032193922386200,20.84638623046875,-0.4692635238170624,-0.5746083855628967,-0.2753331959247589
1790032193932395800,20.856395751953126,-0.4668693244457245,-0.6727706789970398,-0.395043283700943
1790032193942436000,20.86643603515625,-0.38546648621559143,-0.45489832758903503,-0.49559974670410156
1790032193982566700,20.906566650390626,-0.45010992884635925,-0.44771572947502136,-0.14844051003456116
1790032194042717000,20.966717041015624,-0.4429273009300232,-0.4381389021873474,-0.043095629662275314
1790032194052787700,20.97678759765625,-0.40222588181495667,-0.2059013396501541,0.2585737705230713
1790032194072807200,20.99680712890625,-0.6177040338516235,-0.1604115068912506,0.4884171485900879
1790032194082847500,21.006847412109376,-0.43335050344467163,-0.2298433631658554,0.08858546614646912
1790032194092887800,21.0168876953125,-0.5003881454467773,0,-0.181959331035614
1790032194102928100,21.02692822265625,-0.5626373887062073,-0.019153613597154617,-0.07900865375995636
1790032194112937700,21.036937744140626,-0.629675030708313,0.2968810200691223,0.3711012601852417
1790032194163017200,21.087017333984374,-0.14604631066322327,0.8451532125473022,0.4405331015586853
1790032194213096400,21.137096435546876,-0.043095629662275314,1.5873557329177856,1.0414776802062988
1790032194263206400,21.187206298828126,-0.6057330369949341,2.9017724990844727,0.5626373887062073
1790032194273185500,21.197185546875,-0.40222588181495667,3.751713991165161,0.6440402865409851
1790032194293266200,21.21726611328125,-0.4596867263317108,3.9480385780334473,0.2298433631658554
1790032194313316400,21.23731640625,-1.0773907899856567,3.426102638244629,0.6272808313369751
1790032194333396700,21.257396728515626,-1.6855180263519287,2.980781078338623,0.6823474764823914
1790032194363426000,21.287426025390626,-1.335964560508728,4.311957359313965,-0.586579442024231
1790032194373436000,21.297435791015626,-1.0007762908935547,4.213795185089111,-0.035913024097681046
1790032194393485800,21.31748583984375,-1.338358759880066,4.479551315307617,-0.181959331035614
1790032194403495700,21.32749560546875,-1.6879122257232666,3.6798880100250244,-0.3447650372982025
1790032194413536000,21.337535888671876,-1.843535304069519,3.426102638244629,-0.7829039692878723
1790032194433586000,21.3575859375,-1.723825216293335,3.224989652633667,-0.8906430602073669
1790032194513755600,21.437755615234376,-3.023876667022705,0.7038952708244324,-1.259350061416626
1790032194523796000,21.4477958984375,-3.0813376903533936,1.1180921792984009,-1.4197616577148438
1790032194533836300,21.457836181640626,-3.2992098331451416,1.5490485429763794,-1.922544002532959
1790032194543876600,21.467876708984374,-3.07415509223938,1.580173134803772,-1.7717092037200928
1790032194553886200,21.47788623046875,-2.671929121017456,1.867477297782898,-1.7836803197860718
1790032194604026600,21.528026611328126,-3.3255462646484375,0.24899697303771973,-2.121262788772583
1790032194634086400,21.55808642578125,-2.7246015071868896,0.2298433631658554,-2.1284453868865967
1790032194664115700,21.58811572265625,-4.194641590118408,-2.4588451385498047,-1.9488801956176758
1790032194674125600,21.59812548828125,-3.9624037742614746,-2.078166961669922,-2.717418909072876
1790032194684166000,21.608165771484376,-3.9911341667175293,-1.7764976024627686,-1.601720929145813
1790032194694206200,21.618206298828124,-3.9863457679748535,-1.0845733880996704,-0.5506663918495178
1790032194704215800,21.6282158203125,-3.6750996112823486,-1.1899182796478271,-0.7469909191131592
1790032194714256100,21.638256103515626,-3.399766445159912,-1.3623007535934448,-1.6950948238372803
1790032194724266000,21.648265869140626,-3.251325845718384,-1.3096283674240112,-2.1068975925445557
1790032194744285400,21.668285400390626,-2.7006595134735107,-1.9369091987609863,-1.3886369466781616
1790032194754325800,21.67832568359375,-2.6671407222747803,-1.9632453918457031,-1.2832920551300049
1790032194764335600,21.688335693359374,-2.913743495941162,-2.3104045391082764,-1.359906554222107
1790032194774345200,21.69834521484375,-2.5067291259765625,-3.050212860107422,-1.5753847360610962
1790032194784385500,21.708385498046876,-2.233790159225464,-2.6839001178741455,-1.8267759084701538
1790032194834465000,21.758465087890624,-2.1475989818573,-2.650381326675415,-1.7597382068634033
1790032194914604000,21.83860400390625,-1.9584569931030273,-2.8347349166870117,-1.7956513166427612
1790032194974754300,21.89875439453125,-2.7676970958709717,-4.960785865783691,-1.1827356815338135
1790032194984794600,21.908794677734374,-1.6376339197158813,-4.194641590118408,-1.4844050407409668
1790032195004875000,21.928875,-2.255337953567505,-1.8698714971542358,-0.9457096457481384
1790032195014884900,21.938884765625,-2.1116859912872314,-1.0606313943862915,-0.6177040338516235
1790032195024925200,21.94892529296875,-2.47560453414917,-1.7908629179000854,-0.7230489253997803
1790032195034934800,21.958934814453126,-2.7317841053009033,-3.8331170082092285,-1.721431016921997
1790032195044975000,21.96897509765625,-1.843535304069519,-6.823474884033203,-1.6974890232086182
1790032195054954500,21.97895458984375,-0.6871358752250671,-6.107608318328857,-0.35673606395721436
1790032195064994800,21.988994873046874,-1.5945383310317993,-3.912125587463379,-0.07661445438861847
1790032195075004400,21.99900439453125,-2.741360902786255,-2.9257144927978516,-1.0103530883789062
1790032195085014300,22.00901416015625,-2.4468741416931152,-3.35667085647583,-1.601720929145813
1790032195095024000,22.019024169921874,-1.7501614093780518,-4.235342979431152,-1.1444283723831177
1790032195105064200,22.029064208984376,-1.3431471586227417,-4.644751071929932,-0.42856210470199585
1790032195115074000,22.039073974609376,-0.9289502501487732,-4.486733913421631,-0.3926490843296051
1790032195125084000,22.049083984375,-0.33997663855552673,-3.6774938106536865,-0.7733271718025208
1790032195135154700,22.05915478515625,-0.5315127968788147,-3.35667085647583,-1.2330138683319092
1790032195155174100,22.079174072265626,-0.4836287498474121,-4.431667327880859,-0.22026655077934265
1790032195165184000,22.08918408203125,-0.9959878921508789,-4.501099109649658,-0.12928688526153564
1790032195185203500,22.109203369140626,-0.43335050344467163,-3.40216064453125,-0.9696516990661621
1790032195215324400,22.139324462890624,-1.0558429956436157,-2.8562827110290527,-0.8331822156906128
1790032195235344000,22.15934375,-1.3263877630233765,-2.4875755310058594,-0.6200982332229614
1790032195265403600,22.189403564453126,-1.8962076902389526,-2.4827871322631836,-0.9792284965515137
1790032195295494000,22.219493896484376,-2.652775526046753,-2.0470423698425293,-1.094150185585022
1790032195315513600,22.239513671875,-2.5067291259765625,-1.6687586307525635,-0.9481038451194763
1790032195325523200,22.249523193359376,-2.6791117191314697,-1.623268723487854,-1.115697979927063
1790032195345543000,22.26954296875,-2.7030537128448486,-1.2521674633026123,-1.0247182846069336
1790032195355583000,22.2795830078125,-2.580949544906616,-1.2425906658172607,-0.9552865028381348
1790032195375633200,22.299633056640626,-2.207453966140747,-0.5099649429321289,-1.2473790645599365
1790032195385643000,22.30964306640625,-2.099714994430542,-0.7493851184844971,-1.4317326545715332
1790032195395652600,22.319652587890626,-1.9105730056762695,-1.048660397529602,-1.2617442607879639
1790032195425712400,22.34971240234375,-1.843535304069519,0.3926490843296051,-1.1228805780410767
1790032195435722200,22.35972216796875,-1.8579005002975464,0.4884171485900879,-1.4197616577148438
1790032195445732000,22.369732177734374,-2.252943754196167,0.08140286058187485,-1.237802267074585
1790032195455741700,22.37974169921875,-1.8746598958969116,-1.280897855758667,-0.8643068075180054
1790032195465751600,22.38975146484375,-1.3766659498214722,-0.4118026793003082,-1.2521674633026123
1790032195475761400,22.399761474609374,-1.8100165128707886,-0.15801730751991272,-1.316810965538025
1790032195485771000,22.40977099609375,-2.0877439975738525,0.5147533416748047,-1.4484920501708984
1790032195505851600,22.4298515625,-3.1220390796661377,0.646434485912323,-1.6400281190872192
1790032195515861500,22.439861572265624,-3.3207578659057617,0.7134721279144287,-0.9959878921508789
1790032195606040800,22.530040771484376,-1.8100165128707886,0.3687070608139038,-1.987187385559082
1790032195636100600,22.5601005859375,-1.7717092037200928,0.849941611289978,-0.8379706144332886
1790032195726219000,22.650218994140626,-1.115697979927063,0.363918662071228,-1.0654197931289673
1790032195756309500,22.6803095703125,-1.3670891523361206,0.9720458984375,-0.7996633648872375
1790032195786369300,22.710369384765624,-0.6631938815116882,-0.043095629662275314,-0.4692635238170624
1790032195796409600,22.72040966796875,-0.7350199222564697,0.1364694982767105,-0.7422025203704834
1790032195806419200,22.730419189453126,-1.0223240852355957,-0.31603461503982544,-1.2234370708465576
1790032195816459500,22.74045947265625,-1.3503297567367554,-0.043095629662275314,-1.5442601442337036
1790032195826469400,22.750469482421874,-1.4867992401123047,0.2944868206977844,-1.1180921792984009
1790032195836479000,22.76047900390625,-1.3670891523361206,0.4692635238170624,-0.5578489899635315
1790032195846519300,22.770519287109376,-0.9241618514060974,0.09576806426048279,-0.4644751250743866
1790032195856590000,22.780590087890626,-0.727837324142456,-0.019153613597154617,-1.1563993692398071
1790032195866600000,22.790599853515626,-1.0582371950149536,0.17717093229293823,-1.194706678390503
1790032195896690200,22.820690185546876,-1.3527239561080933,-0.5363011956214905,-1.1851298809051514
1790032195916801300,22.84080126953125,-1.4891934394836426,-0.5027823448181152,-0.7733271718025208
1790032195966972200,22.89097216796875,-0.47884035110473633,0.24420857429504395,-1.0031704902648926
1790032195977012500,22.901012451171876,-0.26096799969673157,-0.2106897532939911,-0.9481038451194763
1790032195987022300,22.911022216796876,-0.09816227108240128,-0.12449848651885986,-0.993593692779541
1790032195997032000,22.921031982421876,-0.19871874153614044,-0.21547815203666687,-0.9744400978088379
1790032196007041800,22.931041748046876,-0.40222588181495667,-0.3878606855869293,-0.8547300100326538
1790032196017082000,22.94108203125,-0.3447650372982025,-0.3519476354122162,-0.8475474119186401
1790032196027092000,22.951092041015624,-0.30885201692581177,-0.3663128614425659,-0.8643068075180054
1790032196047142000,22.971141845703126,-0.6584054827690125,-0.2968810200691223,-0.9433154463768005
1790032196057151700,22.98115185546875,-0.8810662031173706,-0.19393034279346466,-0.8858546018600464
1790032196067161300,22.991161376953126,-0.8403648138046265,-0.23702596127986908,-0.7134721279144287
1790032196077201700,23.00120166015625,-0.7350199222564697,-0.4141969084739685,-0.4381389021873474
1790032196087211500,23.01121142578125,-0.9241618514060974,-0.3926490843296051,-0.6560112833976746
1790032196097282300,23.0212822265625,-0.9888052940368652,-0.2298433631658554,-0.689530074596405
1790032196107292200,23.031292236328124,-0.9193734526634216,-0.11252748221158981,-0.545877993106842
1790032196167411700,23.09141162109375,-0.7805097699165344,-0.035913024097681046,-0.395043283700943
1790032196177421600,23.101421630859374,-0.9433154463768005,-0.2106897532939911,-0.4118026793003082
1790032196207511800,23.13151171875,-1.015141487121582,-0.21308395266532898,-0.6440402865409851
1790032196297691100,23.221691162109376,-0.24420857429504395,-0.15562310814857483,-0.13168109953403473
1790032196307731500,23.2317314453125,-0.3471592366695404,-0.2322375625371933,-0.05506663769483566
1790032196317741300,23.2417412109375,-0.38307225704193115,-0.18914192914962769,-0.2513911724090576
1790032196327812000,23.25181201171875,-0.38546648621559143,-0.42616790533065796,-0.038307227194309235
1790032196337822000,23.261822021484374,-0.2585737705230713,-0.33518823981285095,0.023942016065120697
1790032196347831600,23.27183154296875,-0.21547815203666687,-0.26575639843940735,-0.043095629662275314
1790032196357841400,23.28184130859375,-0.26336219906806946,-0.2944868206977844,0.13407529890537262
1790032196367851300,23.291851318359374,-0.2106897532939911,-0.37828385829925537,0.4141969084739685
1790032196377891300,23.301891357421876,-0.004788403399288654,-0.20111294090747833,0.45250412821769714
1790032196387901200,23.311901123046876,-0.2322375625371933,-0.0694318488240242,0.5291185975074768
1790032196397941500,23.32194140625,-0.4381389021873474,0.11013327538967133,0.4884171485900879
1790032196407951400,23.331951416015624,-0.3878606855869293,0.2849099934101105,0.09816227108240128
1790032196458091500,23.382091552734376,-0.9959878921508789,0.06464344263076782,1.1899182796478271
1790032196468101400,23.392101318359376,-0.8547300100326538,-0.090979665517807,0.8355764150619507
1790032196548301600,23.472301513671876,-0.3734954595565796,0.6967126727104187,0.7972691655158997
1790032196578361300,23.502361328125,-0.31842881441116333,0.8930372595787048,0.751779317855835
1790032196588371200,23.51237109375,-0.12689268589019775,0.7326257228851318,0.586579442024231
1790032196598411500,23.52241162109375,-0.1604115068912506,1.292868971824646,0.5147533416748047
1790032196608421000,23.532421142578126,-0.16519992053508759,0.9864110946655273,0.6488286852836609
1790032196628440800,23.55244091796875,-0.26336219906806946,1.3407529592514038,-0.07422025501728058
1790032196638450400,23.562450439453126,-0.36152446269989014,1.3335703611373901,-0.26815059781074524
1790032196648490800,23.57249072265625,-0.26575639843940735,1.7693150043487549,-0.10295066982507706
1790032196658500600,23.58250048828125,-0.33997663855552673,2.432508945465088,-0.10773907601833344
1790032196668541000,23.592541015625,-0.28730419278144836,2.1140801906585693,-0.019153613597154617
1790032196708641000,23.63264111328125,-1.039083480834961,2.2816741466522217,-0.5363011956214905
1790032196748741000,23.6727412109375,-1.0582371950149536,3.205836057662964,-0.7757213711738586
1790032196768821500,23.692821533203126,-1.501164436340332,2.937685489654541,-0.8762778043746948
1790032196778831400,23.702831298828126,-1.5466543436050415,2.715024709701538,-0.7134721279144287
1790032196788871700,23.71287158203125,-1.5179238319396973,2.717418909072876,-0.5195417404174805
1790032196838981600,23.762981689453124,-1.5682021379470825,2.094926595687866,-1.2425906658172607
1790032196848991200,23.7729912109375,-1.9728221893310547,2.537853717803955,-1.5155296325683594
1790032196859001000,23.7830009765625,-2.3056161403656006,2.188300371170044,-1.4173674583435059
1790032196869011000,23.793010986328124,-2.248155355453491,2.5785553455352783,-1.8100165128707886
1790032196879020500,23.8030205078125,-2.3702597618103027,3.0573954582214355,-1.889025092124939
1790032196889030400,23.813030517578124,-2.846705913543701,2.647987127304077,-1.8579005002975464
1790032196899040000,23.8230400390625,-3.378218650817871,1.7693150043487549,-1.2617442607879639
1790032196909049900,23.8330498046875,-3.134010076522827,1.3072341680526733,-1.0678139925003052
1790032196919059700,23.843059814453124,-3.0550012588500977,1.338358759880066,-2.097320795059204
1790032196929130500,23.853130615234374,-2.8371291160583496,1.3096283674240112,-1.9728221893310547
1790032196939170800,23.8631708984375,-2.2625205516815186,1.886630892753601,-1.434126853942871
1790032196949180400,23.873180419921876,-2.3798365592956543,1.2545616626739502,-1.4652514457702637
1790032196969200000,23.8932001953125,-2.7988216876983643,0.7805097699165344,-2.027888774871826
1790032196979209700,23.903209716796876,-2.5067291259765625,1.0654197931289673,-1.8052281141281128
1790032196999229400,23.9232294921875,-2.33913516998291,0.40701428055763245,-2.1116859912872314
1790032197009239000,23.933239013671876,-2.2409727573394775,0.1867477297782898,-1.8698714971542358
1790032197039329500,23.96332958984375,-2.367865562438965,0.6943184733390808,-2.209848165512085
1790032197049339100,23.973339111328126,-2.4875755310058594,0.21308395266532898,-2.212242364883423
1790032197079368400,24.003368408203126,-2.360682964324951,-1.1516109704971313,-2.5665841102600098
1790032197099418600,24.023418701171874,-2.008735179901123,-1.1971008777618408,-2.2673089504241943
1790032197119438000,24.04343798828125,-2.87064790725708,-0.9385270476341248,-2.6886885166168213
1790032197149467400,24.07346728515625,-3.2752678394317627,-1.414973258972168,-2.585737943649292
1790032197159477200,24.083477294921874,-3.0526070594787598,-1.9632453918457031,-2.1547815799713135
1790032197169517300,24.093517333984376,-2.9089550971984863,-1.580173134803772,-2.190694570541382
1790032197189506300,24.11350634765625,-3.4811692237854004,-1.5442601442337036,-2.3750481605529785
1790032197209587000,24.1335869140625,-2.940079689025879,-1.455674648284912,-2.346317768096924
1790032197219596800,24.1435966796875,-2.8610711097717285,-1.9991583824157715,-1.9800047874450684
1790032197229606400,24.1536064453125,-2.806004285812378,-2.255337953567505,-1.8052281141281128
1790032197259635700,24.1836357421875,-2.5258827209472656,-2.5474305152893066,-1.599326729774475
1790032197269676000,24.193676025390626,-2.3558945655822754,-1.920149803161621,-1.8195933103561401
1790032197279686000,24.203685791015626,-1.9728221893310547,-2.389413356781006,-1.778891921043396
1790032197289695700,24.21369580078125,-1.9393033981323242,-2.7964274883270264,-1.5275006294250488
1790032197299735800,24.22373583984375,-1.9991583824157715,-3.646369218826294,-1.2689268589019775
1790032197309745700,24.23374560546875,-1.8267759084701538,-3.7900211811065674,-1.115697979927063
1790032197319755500,24.243755615234374,-1.6496049165725708,-4.0294413566589355,-1.115697979927063
1790032197329765000,24.25376513671875,-1.3407529592514038,-3.914519786834717,-1.1803414821624756
1790032197339775000,24.26377490234375,-1.2521674633026123,-4.271255970001221,-1.1061211824417114
1790032197349784800,24.273784912109374,-1.01753568649292,-4.194641590118408,-1.0319008827209473
1790032197359794400,24.28379443359375,-1.2689268589019775,-4.108449935913086,-1.0319008827209473
1790032197389854200,24.313854248046876,-0.8044517636299133,-4.802768707275391,-0.6105214357376099
1790032197399864000,24.323864013671876,-0.706289529800415,-4.151545524597168,-0.9528923034667969
1790032197419944700,24.34394482421875,-1.3886369466781616,-5.719748020172119,-0.9720458984375
1790032197429954300,24.353954345703126,-1.8746598958969116,-5.317522048950195,-0.667982280254364
1790032197439964200,24.363964111328126,-1.778891921043396,-5.394136428833008,-0.3998316824436188
1790032197459983600,24.383983642578126,-0.5099649429321289,-4.982333660125732,-0.7206547260284424
1790032197480003300,24.40400341796875,-1.0414776802062988,-5.020640850067139,-1.1875240802764893
1790032197490043600,24.414043701171874,-1.5658079385757446,-5.473145008087158,-0.6751648783683777
1790032197500053200,24.42405322265625,-1.9393033981323242,-5.724536418914795,0.23702596127986908
1790032197520072700,24.44407275390625,-0.033518824726343155,-5.949591159820557,0
1790032197530082600,24.45408251953125,-0.2801215946674347,-4.663905143737793,-1.455674648284912
1790032197540123000,24.464122802734376,-1.113303780555725,-3.643975019454956,-1.9249382019042969
1790032197560142300,24.484142333984376,-1.2737152576446533,-4.165910720825195,-0.3280056416988373
1790032197610252300,24.534252197265626,-1.1875240802764893,-3.3710360527038574,-1.2330138683319092
1790032197660301000,24.584301025390626,-1.2306196689605713,-2.1308395862579346,-1.280897855758667
1790032197670311000,24.594310791015626,-1.2234370708465576,-1.8626888990402222,-1.678335428237915
1790032197720359700,24.644359619140626,-1.8842366933822632,-1.9847931861877441,-0.7374141216278076
1790032197750480600,24.674480712890624,-2.3558945655822754,-0.7015010714530945,-2.3080103397369385
1790032197790519600,24.71451953125,-1.8195933103561401,-1.3431471586227417,-0.5913678407669067
1790032197800529400,24.724529296875,-2.2002713680267334,-1.113303780555725,-1.3048399686813354
1790032197830589200,24.754589111328126,-2.894589900970459,-0.2059013396501541,-2.10210919380188
1790032197890708700,24.814708740234376,-2.31758713722229,-1.522712230682373,-1.821987509727478
1790032197900749000,24.8247490234375,-2.935291290283203,-0.26336219906806946,-2.1116859912872314
1790032197910789400,24.834789306640626,-2.7006595134735107,-0.3016694188117981,-1.8794482946395874
1790032197920799200,24.84479931640625,-1.4700398445129395,-0.38546648621559143,-1.7717092037200928
1790032197930808800,24.854808837890626,-0.9385270476341248,0.3519476354122162,-1.6352397203445435
1790032197940818700,24.864818603515626,-1.0773907899856567,-0.3423708379268646,-1.4628572463989258
1790032197950828500,24.87482861328125,-1.6136919260025024,-0.22505496442317963,-1.53707754611969
1790032197970909000,24.894908935546876,-2.7940332889556885,0.3663128614425659,-1.702277421951294
1790032198000999400,24.92499951171875,-1.7693150043487549,0.2992752194404602,-1.845929503440857
1790032198011039700,24.935039794921874,-1.9847931861877441,0.8068459630012512,-1.678335428237915
1790032198021079800,24.945079833984376,-1.98958158493042,0.304063618183136,-1.278503656387329
1790032198031089700,24.955089599609376,-2.2888567447662354,0.4381389021873474,-1.1516109704971313
1790032198041130000,24.9651298828125,-2.9688100814819336,0.8667010068893433,-1.41257905960083
1790032198051170300,24.97517041015625,-3.021482467651367,1.0247182846069336,-1.6089035272598267
1790032198071220200,24.99522021484375,-2.782062292098999,-0.028730420395731926,-1.7884687185287476
1790032198081260500,25.005260498046876,-2.6647465229034424,0.43095630407333374,-1.656787633895874
1790032198091270400,25.0152705078125,-2.607285737991333,0.15562310814857483,-1.5490485429763794
1790032198101310700,25.025310791015624,-2.1739351749420166,1.2689268589019775,-1.5275006294250488
1790032198151451000,25.075450927734376,-1.9345149993896484,0.13407529890537262,-1.8315643072128296
1790032198161460700,25.085460693359376,-1.5849615335464478,0.33997663855552673,-1.7310078144073486
1790032198171501000,25.0955009765625,-0.8547300100326538,1.2665326595306396,-1.7405846118927002
1790032198181511000,25.105510986328124,-0.1364694982767105,1.745373010635376,-1.6352397203445435
1790032198191581700,25.115581787109374,-0.07661445438861847,1.482010841369629,-1.6184803247451782
1790032198201591300,25.12559130859375,-0.0694318488240242,1.9321208000183105,-2.051830768585205
1790032198221672000,25.145671875,-0.5770025849342346,0.7972691655158997,-1.3096283674240112
1790032198231712300,25.155712158203126,-0.7637503147125244,0.5171475410461426,-0.9313444495201111
1790032198241722000,25.16572216796875,-0.9169792532920837,0.5985504388809204,-0.9792284965515137
1790032198251762200,25.17576220703125,-1.115697979927063,0.8188169598579407,-1.2234370708465576
1790032198271812400,25.195812255859376,-1.0319008827209473,0.790086567401886,-1.2306196689605713
1790032198281822200,25.205822265625,-0.9002198576927185,0.7637503147125244,-0.9409212470054626
1790032198301902600,25.225902587890626,-0.9361328482627869,1.400607943534851,-0.8762778043746948
1790032198331962400,25.25596240234375,-0.6943184733390808,0.993593692779541,-0.8140285611152649
1790032198341972200,25.26597216796875,-0.6105214357376099,0.8906430602073669,-0.730231523513794
1790032198351982000,25.275982177734374,-0.5913678407669067,0.6943184733390808,-0.5363011956214905
1790032198361991700,25.28599169921875,-0.5578489899635315,0.4572925269603729,-0.304063618183136
1790032198372001500,25.29600146484375,-0.2944868206977844,0.5793967843055725,-0.3926490843296051
1790032198382011400,25.306011474609374,-0.19871874153614044,0.8068459630012512,-0.7110779285430908
1790032198402061300,25.326061279296876,-0.06224924325942993,0.9457096457481384,-0.8451532125473022
1790032198412071200,25.3360712890625,-0.14844051003456116,1.036689281463623,-0.8355764150619507
1790032198422080800,25.346080810546876,-0.2753331959247589,1.0534487962722778,-0.9074024558067322
1790032198432090600,25.356090576171876,-0.43335050344467163,1.170764684677124,-1.2282254695892334
1790032198442131000,25.366130859375,-0.4884171485900879,1.0749965906143188,-1.4748282432556152
1790032198452140800,25.376140869140624,-0.4118026793003082,0.5434837937355042,-1.292868971824646
1790032198462180900,25.386180908203126,-0.3519476354122162,-0.7230489253997803,-0.768538773059845
1790032198472252000,25.396251953125,-0.272938996553421,-1.7357962131500244,0.8978256583213806
1790032198482292000,25.4062919921875,-0.8140285611152649,-0.3974374830722809,1.292868971824646
1790032198492301800,25.4163017578125,-1.3694833517074585,-0.30885201692581177,0.2298433631658554
1790032198512321300,25.4363212890625,-0.629675030708313,0.3232172429561615,-0.5482721924781799
1790032198522331100,25.4463310546875,-0.6009446382522583,0.23702596127986908,-0.1604115068912506
1790032198582481200,25.506481201171876,-0.2753331959247589,-0.22744916379451752,0.06464344263076782
1790032198642601000,25.56660107421875,-0.009576806798577309,-0.12210428714752197,-0.026336219161748886
1790032198652610600,25.576610595703126,-0.22266076505184174,-0.15562310814857483,-0.1412578970193863
1790032198662620400,25.586620361328126,-0.21787235140800476,-0.19871874153614044,-0.14604631066322327
1790032198672630300,25.59663037109375,-0.0694318488240242,-0.6033388376235962,-0.06464344263076782
1790032198692649700,25.616649658203126,-0.3232172429561615,-0.26575639843940735,-0.2777273952960968
1790032198702720500,25.626720458984376,-0.2944868206977844,-0.090979665517807,-0.6009446382522583
1790032198722770700,25.646770751953124,-0.023942016065120697,-0.33758243918418884,-0.22026655077934265
1790032198732810800,25.656810791015626,-0.05506663769483566,-0.3064578175544739,-0.011971008032560349
1790032198752861000,25.67686083984375,-0.1388636976480484,-0.10534487664699554,-0.24181437492370605
1790032198772880400,25.69688037109375,-0.15322890877723694,-0.15322890877723694,-0.15083470940589905
1790032198782890200,25.70689013671875,0.002394201699644327,0.08619125932455063,0.011971008032560349
1790032198792900000,25.716900146484374,0.043095629662275314,-0.011971008032560349,-0.1364694982767105
1790032198802909700,25.72690966796875,-0.026336219161748886,0.26336219906806946,-0.2753331959247589
1790032198812919600,25.73691943359375,-0.05985504388809204,0.5410895943641663,-0.6368576288223267
1790032198822959900,25.7469599609375,-0.10295066982507706,0.38067805767059326,-0.5195417404174805
1790032198832969500,25.756969482421876,-0.05506663769483566,0.363918662071228,-0.14365209639072418
1790032198842979300,25.766979248046876,-0.019153613597154617,0.3423708379268646,0.05746084079146385
1790032198853019600,25.77701953125,-0.14844051003456116,0.08619125932455063,-0.0071826050989329815
1790032198923210000,25.8472099609375,0.19632454216480255,0.004788403399288654,-0.3998316824436188
1790032198933219800,25.8572197265625,0.304063618183136,-0.33758243918418884,-0.14604631066322327
1790032198943229400,25.8672294921875,0.2753331959247589,-0.5817909836769104,-0.3758896589279175
1790032198953239300,25.8772392578125,0.21308395266532898,-0.6991068720817566,-0.5003881454467773
1790032198963249200,25.887249267578124,0.2346317619085312,-1.0247182846069336,-0.47884035110473633
1790032198973258800,25.8972587890625,0.20350714027881622,-1.0319008827209473,-0.629675030708313
1790032198983299000,25.907299072265626,0.033518824726343155,-1.0055646896362305,-0.5889736413955688
1790032198993309000,25.917308837890626,-0.09576806426048279,-1.0965443849563599,-0.35913026332855225
1790032199033470000,25.957469970703126,0.0071826050989329815,-0.7948749661445618,-0.6919242739677429
1790032199043510300,25.96751025390625,-0.10055647045373917,-0.6655880808830261,-0.40222588181495667
1790032199053520100,25.97752001953125,-0.08379705995321274,-0.7182605266571045,-0.26575639843940735
1790032199063530000,25.987530029296874,-0.047884032130241394,-0.689530074596405,-0.26575639843940735
1790032199083610400,26.0076103515625,-0.1149216815829277,-0.3280056416988373,-0.6584054827690125
1790032199093620200,26.0176201171875,-0.090979665517807,-0.08858546614646912,-0.6272808313369751
1790032199133689900,26.05768994140625,0.2825157940387726,0.08619125932455063,-0.10295066982507706
1790032199143730200,26.067730224609374,0.10534487664699554,0.22266076505184174,-0.15083470940589905
1790032199153739800,26.07773974609375,0.20111294090747833,0.090979665517807,-0.304063618183136
1790032199163780000,26.087780029296876,0.21547815203666687,-0.0694318488240242,-0.22744916379451752
1790032199173820400,26.0978203125,0.22026655077934265,-0.05985504388809204,-0.10534487664699554
1790032199183830300,26.107830322265624,0.23702596127986908,-0.15801730751991272,-0.08619125932455063
1790032199193870300,26.117870361328126,0.22505496442317963,-0.1149216815829277,-0.17956513166427612
1790032199213890000,26.13789013671875,0.2082955539226532,-0.31124621629714966,-0.22266076505184174
1790032199223899600,26.147899658203126,0.22266076505184174,-0.45010992884635925,-0.090979665517807
1790032199233879000,26.157879150390624,0.17238251864910126,-0.5770025849342346,-0.026336219161748886
1790032199243949800,26.16794970703125,0.08858546614646912,-0.5770025849342346,-0.17477671802043915
1790032199253959400,26.17795947265625,0.0933738648891449,-0.6009446382522583,-0.08379705995321274
1790032199263999700,26.187999755859376,-0.002394201699644327,-0.6727706789970398,-0.1149216815829277
1790032199274009600,26.198009521484376,-0.026336219161748886,-0.5195417404174805,-0.19153612852096558
1790032199284019500,26.20801953125,-0.11971008777618408,-0.524330198764801,-0.12928688526153564
1790032199294029000,26.218029052734376,0,-0.43095630407333374,-0.0933738648891449
1790032199304069400,26.2280693359375,0.05027823522686958,-0.43095630407333374,-0.05506663769483566
1790032199324150000,26.24814990234375,0.014365210197865963,-0.5219359993934631,0.09816227108240128
1790032199334190300,26.2581904296875,-0.043095629662275314,-0.49320554733276367,0.06224924325942993
1790032199344200000,26.268199951171876,-0.1412578970193863,-0.3447650372982025,-0.10534487664699554
1790032199354209800,26.278209716796876,-0.14604631066322327,-0.26096799969673157,-0.11013327538967133
1790032199364219600,26.2882197265625,-0.040701430290937424,-0.11013327538967133,-0.038307227194309235
1790032199374259700,26.298259765625,0.12928688526153564,0.2585737705230713,0.026336219161748886
1790032199384300000,26.308300048828126,0.2106897532939911,0.21787235140800476,-0.009576806798577309
1790032199394310000,26.318309814453126,0.17956513166427612,0.1843535304069519,0.12449848651885986
1790032199404319700,26.32831982421875,0.21787235140800476,0.06224924325942993,0.181959331035614
1790032199414360000,26.338360107421874,0.1843535304069519,0.047884032130241394,0.12210428714752197
1790032199424369700,26.34836962890625,0.0694318488240242,0.047884032130241394,-0.021547814831137657
1790032199444419800,26.368419921875,0.2777273952960968,0.26815059781074524,-0.11252748221158981
1790032199454460200,26.378460205078124,0.15083470940589905,0.13168109953403473,-0.1604115068912506
1790032199464500200,26.388500244140626,0.13168109953403473,0.1364694982767105,0.0454898327589035
1790032199534629600,26.458629638671876,0.38546648621559143,-0.016759412363171577,-0.1412578970193863
1790032199584709000,26.508709228515624,0.181959331035614,-0.26815059781074524,-0.1412578970193863
1790032199594718700,26.51871875,0.24420857429504395,-0.2777273952960968,-0.16759411990642548
1790032199604759000,26.528759033203126,-0.06464344263076782,-0.2059013396501541,0.035913024097681046
1790032199614799400,26.53879931640625,-0.08379705995321274,-0.06464344263076782,0.06464344263076782
1790032199624809200,26.548809326171874,0.17477671802043915,-0.12928688526153564,0.05267243832349777
1790032199634818800,26.55881884765625,0.26575639843940735,0.0933738648891449,0.026336219161748886
1790032199654869000,26.578868896484376,-0.009576806798577309,-0.004788403399288654,-0.08858546614646912
1790032199674919000,26.5989189453125,0.272938996553421,0.1628057211637497,0.043095629662275314
1790032199684959200,26.608959228515626,0.33997663855552673,0.363918662071228,-0.14844051003456116
1790032199735069200,26.659069091796876,0.1149216815829277,-0.22744916379451752,-0.028730420395731926
1790032199755119000,26.679119140625,0.13168109953403473,-0.035913024097681046,-0.009576806798577309
1790032199765129000,26.68912890625,0.1843535304069519,-0.0694318488240242,-0.05267243832349777
1790032199775138800,26.699138916015624,0.05985504388809204,-0.06464344263076782,0.09576806426048279
1790032199785148400,26.7091484375,-0.011971008032560349,-0.06464344263076782,0.21547815203666687
1790032199805198600,26.729198486328126,0.08379705995321274,-0.06703764945268631,-0.15322890877723694
1790032199815208400,26.73920849609375,0.09816227108240128,-0.2298433631658554,-0.031124621629714966
1790032199855277800,26.77927783203125,0.15801730751991272,-0.28730419278144836,0.19632454216480255
1790032199865287700,26.78928759765625,0.023942016065120697,-0.3519476354122162,0.19393034279346466
1790032199875358500,26.7993583984375,-0.1149216815829277,-0.0933738648891449,0.0454898327589035
1790032199885368300,26.809368408203124,-0.06464344263076782,-0.12928688526153564,0.06464344263076782
1790032199895378000,26.8193779296875,0.06464344263076782,-0.10534487664699554,0.038307227194309235
1790032199905387800,26.8293876953125,0.10295066982507706,0.05746084079146385,-0.002394201699644327
1790032199915397600,26.839397705078124,0.1149216815829277,0.11252748221158981,-0.22026655077934265
1790032199925407200,26.8494072265625,0.06224924325942993,0.19393034279346466,-0.028730420395731926
1790032199935417000,26.8594169921875,0.13407529890537262,0.2082955539226532,-0.12689268589019775
1790032199945427000,26.869427001953124,0.21547815203666687,0.043095629662275314,-0.13168109953403473
1790032199965537800,26.889537841796876,0.12210428714752197,0,-0.026336219161748886
1790032199975578000,26.899578125,0.2082955539226532,0.038307227194309235,-0.14844051003456116
1790032199985618400,26.909618408203126,0.19632454216480255,0.035913024097681046,-0.08379705995321274
1790032199995597800,26.919597900390624,0.12928688526153564,0.2585737705230713,-0.05267243832349777
1790032200005638000,26.929637939453126,0.1843535304069519,0.009576806798577309,-0.0071826050989329815
1790032200015617300,26.9396171875,0.12210428714752197,-0.2561795711517334,0.08379705995321274
1790032200035667200,26.959667236328126,0.002394201699644327,-0.12210428714752197,0.4141969084739685
1790032200105888300,27.02988818359375,0.07422025501728058,0.0454898327589035,-0.004788403399288654
1790032200166007800,27.0900078125,0.035913024097681046,-0.011971008032560349,0.035913024097681046
1790032200216117800,27.14011767578125,0.15322890877723694,-0.12210428714752197,0.24899697303771973
1790032200226158000,27.150157958984376,0.0933738648891449,-0.1388636976480484,0.2059013396501541
1790032200236198400,27.160198486328124,0,-0.033518824726343155,0.17238251864910126
1790032200246238700,27.17023876953125,-0.047884032130241394,-0.06224924325942993,-0.028730420395731926
1790032200256278800,27.18027880859375,0.014365210197865963,-0.05027823522686958,0.08858546614646912
1790032200266349600,27.190349609375,0.08858546614646912,-0.05506663769483566,0.2106897532939911
1790032200276390000,27.200389892578126,0.07661445438861847,0.0071826050989329815,0.11252748221158981
1790032200346641400,27.270641357421876,0.2322375625371933,0.11252748221158981,-0.043095629662275314
1790032200366660900,27.290660888671876,0.043095629662275314,0.002394201699644327,-0.05746084079146385
1790032200386741500,27.310741455078126,0.18914192914962769,0.047884032130241394,0.004788403399288654
1790032200396751400,27.32075146484375,0.2968810200691223,-0.08379705995321274,-0.1149216815829277
1790032200406761000,27.330760986328126,0.181959331035614,-0.24899697303771973,0.004788403399288654
1790032200426841600,27.350841552734376,-0.0933738648891449,-0.011971008032560349,0.10055647045373917
1790032200436882000,27.3608818359375,0.13407529890537262,-0.21308395266532898,0.07900865375995636
1790032200466941700,27.390941650390626,-0.023942016065120697,-0.05267243832349777,-0.1173158809542656
1790032200477012500,27.401012451171876,0.10295066982507706,0.19632454216480255,0.10055647045373917
1790032200487052800,27.411052734375,0.2585737705230713,0.13168109953403473,-0.011971008032560349
1790032200497062700,27.421062744140624,0.20350714027881622,0.22505496442317963,-0.08858546614646912
1790032200527092000,27.451092041015624,0.0933738648891449,-0.07182604819536209,-0.033518824726343155
1790032200537132000,27.461132080078126,0.10295066982507706,-0.07900865375995636,0.06224924325942993
1790032200547172400,27.47117236328125,0.040701430290937424,-0.1364694982767105,-0.038307227194309235
1790032200557212700,27.481212646484376,-0.06224924325942993,-0.2537853717803955,0.035913024097681046
1790032200567222500,27.491222412109376,-0.023942016065120697,-0.11013327538967133,0.06703764945268631
1790032200577232100,27.501232177734376,0.11013327538967133,-0.13168109953403473,0.09576806426048279
1790032200597282300,27.5212822265625,0.0694318488240242,-0.047884032130241394,0.1388636976480484
1790032200607292200,27.531292236328124,0.14365209639072418,-0.05267243832349777,0.090979665517807
1790032200617301800,27.5413017578125,0.08379705995321274,-0.15562310814857483,0.17717093229293823
1790032200627311600,27.5513115234375,0.07661445438861847,-0.24899697303771973,0.2801215946674347
1790032200637352000,27.56135205078125,-0.004788403399288654,-0.1843535304069519,0.2849099934101105
1790032200667442200,27.591442138671876,0.08619125932455063,-0.028730420395731926,-0.040701430290937424
1790032200677482500,27.601482421875,0.031124621629714966,0.0694318488240242,0.002394201699644327
1790032200687522800,27.611522705078126,0.1364694982767105,0.14844051003456116,0.014365210197865963
1790032200697532700,27.62153271484375,0.08858546614646912,0.12689268589019775,-0.023942016065120697
1790032200737663200,27.661663330078124,-0.026336219161748886,-0.021547814831137657,-0.09816227108240128
1790032200747672800,27.6716728515625,0.1628057211637497,-0.047884032130241394,-0.14844051003456116
1790032200757682700,27.6816826171875,0.004788403399288654,0,-0.07900865375995636
1790032200767723000,27.691722900390626,0.06703764945268631,-0.014365210197865963,-0.040701430290937424
1790032200777732900,27.70173291015625,0.16759411990642548,-0.09816227108240128,0.1412578970193863
1790032200807823000,27.731822998046876,0.14604631066322327,-0.14365209639072418,-0.011971008032560349
1790032200817833000,27.7418330078125,0.0694318488240242,-0.1604115068912506,0.014365210197865963
1790032200867912200,27.791912109375,0.08858546614646912,-0.06464344263076782,-0.11013327538967133
1790032200887992800,27.811992919921874,0.16759411990642548,-0.11013327538967133,0.10055647045373917
1790032200898002400,27.82200244140625,0.019153613597154617,-0.2849099934101105,0.08619125932455063
1790032200908012300,27.83201220703125,-0.026336219161748886,-0.08379705995321274,-0.021547814831137657
1790032200918083000,27.8420830078125,0.15801730751991272,-0.08858546614646912,-0.014365210197865963
1790032200928123400,27.852123291015626,0.1843535304069519,-0.038307227194309235,-0.043095629662275314
1790032200938133200,27.86213330078125,0.0694318488240242,0.06224924325942993,0.047884032130241394
1790032201018333400,27.94233349609375,0.15083470940589905,0.021547814831137657,0.21308395266532898
1790032201098503000,28.0225029296875,-0.11013327538967133,-0.004788403399288654,-0.031124621629714966
1790032201108512800,28.0325126953125,-0.004788403399288654,-0.004788403399288654,0.019153613597154617
1790032201148643300,28.072643310546876,0.06224924325942993,-0.014365210197865963,-0.0454898327589035
1790032201158653200,28.082653076171876,0.05746084079146385,-0.023942016065120697,-0.13407529890537262
1790032201168693500,28.092693603515624,0.028730420395731926,-0.27054479718208313,-0.05985504388809204
1790032201178733800,28.10273388671875,0.038307227194309235,-0.1628057211637497,0.181959331035614
1790032201198783700,28.12278369140625,0.31124621629714966,0.13407529890537262,-0.26575639843940735
1790032201208793600,28.132793701171874,0.05746084079146385,-0.08858546614646912,-0.27054479718208313
1790032201218803200,28.14280322265625,0.21787235140800476,-0.009576806798577309,0.08858546614646912
1790032201228843500,28.152843505859376,0.15801730751991272,-0.1173158809542656,0.3902548849582672
1790032201238883800,28.1628837890625,-0.08379705995321274,-0.19871874153614044,-0.016759412363171577
1790032201248924200,28.172924072265626,0.0694318488240242,-0.1173158809542656,-0.08619125932455063
1790032201258964500,28.182964599609374,0.18914192914962769,0.035913024097681046,0.0071826050989329815
1790032201279014400,28.203014404296876,0.15801730751991272,0.1388636976480484,0.0933738648891449
1790032201319175700,28.24317578125,-0.06464344263076782,-0.2561795711517334,0.12210428714752197
1790032201329185300,28.253185302734376,0.12928688526153564,-0.26815059781074524,0.08858546614646912
1790032201339195100,28.263195068359376,0.1364694982767105,-0.07900865375995636,0.004788403399288654
1790032201349205000,28.273205078125,0.07422025501728058,-0.002394201699644327,-0.07422025501728058
1790032201359214600,28.283214599609376,0.18914192914962769,0.047884032130241394,0.040701430290937424
1790032201369224400,28.293224365234376,0.2537853717803955,0.05267243832349777,0.033518824726343155
1790032201379295200,28.303295166015626,0.15801730751991272,-0.10773907601833344,-0.028730420395731926
1790032201389305000,28.31330517578125,0.05506663769483566,-0.0454898327589035,0.09816227108240128
1790032201399314700,28.323314697265626,0.023942016065120697,-0.12928688526153564,0.22505496442317963
1790032201409355000,28.33335498046875,0.16759411990642548,-0.21547815203666687,0.2322375625371933
1790032201419364900,28.34336474609375,0.14844051003456116,-0.090979665517807,0.0933738648891449
1790032201429374500,28.35337451171875,0.08140286058187485,-0.08619125932455063,-0.05506663769483566
1790032201439384300,28.36338427734375,0.14844051003456116,-0.13168109953403473,0.035913024097681046
1790032201449424600,28.373424560546876,0.12689268589019775,-0.023942016065120697,0.12689268589019775
1790032201459465000,28.38346484375,0.21308395266532898,0.004788403399288654,0.016759412363171577
1790032201469505300,28.39350537109375,0.033518824726343155,0.08619125932455063,-0.16519992053508759
1790032201479576000,28.403576171875,-0.014365210197865963,-0.043095629662275314,-0.16519992053508759
