time,seconds_elapsed,x,z,y
1790031716419710000,0.2197099609375,0.06224924325942993,-0.05985504388809204,0.06703764945268631
1790031716429689000,0.229689208984375,0.15562310814857483,0.08619125932455063,-0.07661445438861847
1790031716439729400,0.2397294921875,-0.09576806426048279,-0.3734954595565796,0.07422025501728058
1790031716469558800,0.269558837890625,0.026336219161748886,-0.14844051003456116,0.016759412363171577
1790031716479268400,0.279268310546875,0.10773907601833344,-0.21547815203666687,0.13168109953403473
1790031716489108700,0.289108642578125,-0.21787235140800476,-0.15322890877723694,0.19393034279346466
1790031716499149000,0.299149169921875,-0.3064578175544739,0.002394201699644327,0.22505496442317963
1790031716539149000,0.339149169921875,-0.23942017555236816,-0.06464344263076782,0.181959331035614
1790031716619288300,0.419288330078125,-0.002394201699644327,0.07182604819536209,-0.0454898327589035
1790031716629328600,0.42932861328125,0.07422025501728058,0.15801730751991272,-0.06703764945268631
1790031716639338200,0.439338134765625,0.15083470940589905,0.040701430290937424,-0.047884032130241394
1790031716649317600,0.449317626953125,0.15562310814857483,0.07661445438861847,0.07422025501728058
1790031716659358000,0.45935791015625,0.09816227108240128,-0.05027823522686958,0.12210428714752197
1790031716669398000,0.46939794921875,0.06464344263076782,-0.16759411990642548,0.040701430290937424
1790031716679407900,0.479407958984375,0.043095629662275314,-0.1604115068912506,0.004788403399288654
1790031716689417700,0.489417724609375,0.004788403399288654,-0.21308395266532898,0.20111294090747833
1790031716709467600,0.509467529296875,0.24660277366638184,-0.10534487664699554,0.0933738648891449
1790031716719477500,0.5194775390625,0.043095629662275314,-0.028730420395731926,0.11013327538967133
1790031716729487000,0.529487060546875,-0.047884032130241394,-0.043095629662275314,0.002394201699644327
1790031716739497000,0.5394970703125,0.07661445438861847,-0.11252748221158981,0.031124621629714966
1790031716749506800,0.5495068359375,-0.06224924325942993,-0.033518824726343155,0.05985504388809204
1790031716759516400,0.559516357421875,-0.05985504388809204,-0.14365209639072418,-0.014365210197865963
1790031716769526300,0.5695263671875,0.07661445438861847,-0.10773907601833344,-0.009576806798577309
1790031716789545700,0.589545654296875,-0.031124621629714966,0.11252748221158981,-0.16519992053508759
1790031716799586000,0.5995859375,-0.035913024097681046,0.1364694982767105,-0.1388636976480484
1790031716809596000,0.609595947265625,0.014365210197865963,0.08140286058187485,0.009576806798577309
1790031716819605800,0.619605712890625,0.17477671802043915,0.14604631066322327,0.05267243832349777
1790031716829615400,0.629615478515625,0.23702596127986908,-0.033518824726343155,0.002394201699644327
1790031716839625200,0.639625244140625,0.10055647045373917,-0.009576806798577309,-0.10055647045373917
1790031716849604400,0.649604248046875,0.08619125932455063,-0.2322375625371933,-0.009576806798577309
1790031716859644700,0.659644775390625,0.21787235140800476,-0.2537853717803955,0.29209262132644653
1790031716869654500,0.669654541015625,0.2082955539226532,-0.08619125932455063,0.09576806426048279
1790031716899775200,0.699775146484375,-0.009576806798577309,-0.0454898327589035,0.15083470940589905
1790031716909754600,0.709754638671875,0.1628057211637497,-0.2992752194404602,0.29209262132644653
1790031716919795000,0.719794921875,0.16519992053508759,-0.05746084079146385,0.1867477297782898
1790031716929804500,0.729804443359375,0.13407529890537262,-0.22744916379451752,-0.31364041566848755
1790031716939784000,0.739783935546875,-0.023942016065120697,-0.2082955539226532,-0.026336219161748886
1790031716949793500,0.74979345703125,-0.13407529890537262,-0.011971008032560349,0.14365209639072418
1790031716959833900,0.759833740234375,0.019153613597154617,-0.11013327538967133,0.12449848651885986
1790031716969843700,0.76984375,0.15322890877723694,-0.14844051003456116,-0.11971008777618408
1790031716999873000,0.799873046875,0.031124621629714966,0.021547814831137657,0.2106897532939911
1790031717009913300,0.809913330078125,0.17238251864910126,-0.07182604819536209,0.1843535304069519
1790031717019923000,0.8199228515625,0.16519992053508759,0.035913024097681046,0.08379705995321274
1790031717029963300,0.82996337890625,0.021547814831137657,-0.021547814831137657,-0.1604115068912506
1790031717039973000,0.83997314453125,0.08140286058187485,-0.1412578970193863,0.1173158809542656
1790031717049982700,0.849982666015625,0.11013327538967133,-0.09816227108240128,0.1412578970193863
1790031717060023000,0.86002294921875,0.08379705995321274,-0.043095629662275314,0.028730420395731926
1790031717070033000,0.870032958984375,0.033518824726343155,-0.021547814831137657,-0.019153613597154617
1790031717080073200,0.8800732421875,0.12449848651885986,-0.014365210197865963,0.08619125932455063
1790031717110163500,0.91016357421875,0.07422025501728058,-0.07661445438861847,-0.15083470940589905
1790031717120173300,0.92017333984375,0.031124621629714966,-0.05746084079146385,0.0454898327589035
1790031717130183000,0.930182861328125,0.15322890877723694,-0.0933738648891449,0.031124621629714966
1790031717140192800,0.94019287109375,0.038307227194309235,-0.031124621629714966,-0.12449848651885986
1790031717150233000,0.950233154296875,-0.033518824726343155,-0.07422025501728058,-0.14365209639072418
1790031717160243000,0.960242919921875,0.08379705995321274,-0.181959331035614,0.06464344263076782
1790031717170252500,0.97025244140625,0.2106897532939911,-0.040701430290937424,0.16759411990642548
1790031717180262400,0.980262451171875,0.08619125932455063,-0.043095629662275314,-0.2298433631658554
1790031717210413800,1.010413818359375,0.12689268589019775,-0.26096799969673157,0.10534487664699554
1790031717230433300,1.030433349609375,-0.009576806798577309,-0.0933738648891449,-0.031124621629714966
1790031717240473600,1.0404736328125,0.13168109953403473,-0.047884032130241394,-0.014365210197865963
1790031717250452700,1.05045263671875,0.23702596127986908,-0.13168109953403473,0.22026655077934265
1790031717260493000,1.0604931640625,0.08140286058187485,0.028730420395731926,-0.07661445438861847
1790031717280543200,1.080543212890625,0.12928688526153564,-0.08858546614646912,-0.031124621629714966
1790031717290522400,1.0905224609375,0.15801730751991272,-0.038307227194309235,0.08619125932455063
1790031717300593200,1.10059326171875,0.009576806798577309,-0.13168109953403473,0.19393034279346466
1790031717320612600,1.120612548828125,0.035913024097681046,-0.1628057211637497,0.028730420395731926
1790031717330653000,1.13065283203125,0.05746084079146385,-0.1412578970193863,0
1790031717340693200,1.140693359375,0.1173158809542656,0.023942016065120697,0.1867477297782898
1790031717350703000,1.150703125,0.2968810200691223,0.21547815203666687,0.15083470940589905
1790031717360712700,1.160712646484375,0.05985504388809204,0.033518824726343155,-0.2801215946674347
1790031717370722600,1.17072265625,0.016759412363171577,-0.043095629662275314,-0.040701430290937424
1790031717380732400,1.180732421875,0.1628057211637497,0.18914192914962769,0.05267243832349777
1790031717390742000,1.190741943359375,0.1843535304069519,-0.07422025501728058,0.07661445438861847
1790031717420771300,1.220771240234375,0.181959331035614,0.06703764945268631,-0.15083470940589905
1790031717430781200,1.23078125,0.2106897532939911,0.1604115068912506,-0.3280056416988373
1790031717440791000,1.240791015625,0.05985504388809204,0.009576806798577309,-0.09816227108240128
1790031717450800600,1.250800537109375,0.014365210197865963,-0.033518824726343155,0.1149216815829277
1790031717460841000,1.260841064453125,0.10055647045373917,-0.14604631066322327,0.19632454216480255
1790031717470881300,1.27088134765625,-0.016759412363171577,-0.14844051003456116,-0.07900865375995636
1790031717480921600,1.280921630859375,0.028730420395731926,-0.22266076505184174,-0.11971008777618408
1790031717490900700,1.290900634765625,0.10773907601833344,0.05267243832349777,-0.05985504388809204
1790031717500971500,1.300971435546875,0.33279404044151306,0.021547814831137657,-0.009576806798577309
1790031717531000800,1.331000732421875,0.038307227194309235,0.021547814831137657,0.15083470940589905
1790031717541010700,1.3410107421875,0.07661445438861847,-0.1604115068912506,-0.014365210197865963
1790031717551020500,1.3510205078125,0.019153613597154617,-0.1412578970193863,0.21547815203666687
1790031717561060600,1.361060546875,0.002394201699644327,-0.05746084079146385,0.06224924325942993
1790031717571070500,1.371070556640625,0.07422025501728058,-0.07900865375995636,-0.0454898327589035
1790031717581080300,1.381080322265625,0.11971008777618408,0.05027823522686958,0.05267243832349777
1790031717591090000,1.39108984375,0.031124621629714966,0.047884032130241394,0.08619125932455063
1790031717601130200,1.401130126953125,-0.009576806798577309,0.09816227108240128,0.06224924325942993
1790031717611140000,1.41114013671875,0.05746084079146385,-0.07422025501728058,0.047884032130241394
1790031717631159600,1.43115966796875,0.040701430290937424,-0.16998831927776337,0.009576806798577309
1790031717641169400,1.44116943359375,-0.038307227194309235,-0.026336219161748886,0.05267243832349777
1790031717681300000,1.481300048828125,0.07422025501728058,0.035913024097681046,-0.016759412363171577
1790031717741389000,1.54138916015625,0.08379705995321274,-0.10055647045373917,0.2059013396501541
1790031717761408500,1.561408447265625,0.08858546614646912,0.031124621629714966,0.0071826050989329815
1790031717771448800,1.57144873046875,0.19632454216480255,-0.10773907601833344,-0.08619125932455063
1790031717781489200,1.5814892578125,0.05506663769483566,-0.10055647045373917,-0.014365210197865963
1790031717821589200,1.62158935546875,0.1173158809542656,-0.06464344263076782,0.014365210197865963
1790031717831599000,1.63159912109375,0.07661445438861847,-0.07182604819536209,-0.12210428714752197
1790031717861597700,1.66159765625,0.1867477297782898,-0.11252748221158981,0.08619125932455063
1790031717891688200,1.691688232421875,0.08858546614646912,-0.0454898327589035,0.17477671802043915
1790031717901728500,1.701728515625,0.13168109953403473,-0.004788403399288654,0.014365210197865963
1790031717931818800,1.73181884765625,0.1412578970193863,-0.08140286058187485,0.12689268589019775
1790031717951869000,1.751868896484375,-0.026336219161748886,-0.016759412363171577,-0.12449848651885986
1790031718001917700,1.801917724609375,0.10055647045373917,-0.1364694982767105,-0.24899697303771973
1790031718011958000,1.8119580078125,-0.028730420395731926,-0.12928688526153564,-0.033518824726343155
1790031718021998300,1.821998291015625,0.08619125932455063,-0.12928688526153564,0.22505496442317963
1790031718032069000,1.832069091796875,0.1364694982767105,-0.06464344263076782,0.18914192914962769
1790031718042078700,1.84207861328125,0.08619125932455063,-0.05746084079146385,-0.14604631066322327
1790031718052088600,1.852088623046875,0.15322890877723694,-0.24899697303771973,-0.1628057211637497
1790031718062129000,1.86212890625,-0.019153613597154617,-0.05985504388809204,0.12210428714752197
1790031718122279000,1.92227880859375,0.19632454216480255,-0.08619125932455063,-0.004788403399288654
1790031718172327700,1.97232763671875,0.07182604819536209,-0.09816227108240128,0.004788403399288654
1790031718262415600,2.06241552734375,0.038307227194309235,-0.05746084079146385,0.07661445438861847
1790031718272456000,2.0724560546875,0.12449848651885986,-0.10055647045373917,-0.05027823522686958
1790031718282465800,2.0824658203125,0.026336219161748886,-0.07182604819536209,0.08858546614646912
1790031718292475400,2.092475341796875,0.10055647045373917,-0.043095629662275314,0.07900865375995636
1790031718322566000,2.12256591796875,0.1604115068912506,-0.09576806426048279,0.08619125932455063
1790031718332575500,2.132575439453125,0.2059013396501541,-0.13168109953403473,0.047884032130241394
1790031718342585300,2.14258544921875,0.002394201699644327,-0.12210428714752197,-0.031124621629714966
1790031718352595200,2.15259521484375,0.019153613597154617,-0.08379705995321274,-0.0694318488240242
1790031718362635500,2.162635498046875,0.1412578970193863,-0.06224924325942993,-0.0933738648891449
1790031718372675600,2.172675537109375,0.17477671802043915,-0.06464344263076782,0.1149216815829277
1790031718382685400,2.182685546875,0.22505496442317963,-0.014365210197865963,0.21547815203666687
1790031718392664800,2.192664794921875,-0.021547814831137657,-0.19871874153614044,-0.1604115068912506
1790031718402705000,2.202704833984375,0.033518824726343155,0.090979665517807,-0.15801730751991272
1790031718422755000,2.222755126953125,0.18914192914962769,-0.24660277366638184,0.05027823522686958
1790031718452814800,2.25281494140625,0.1388636976480484,-0.14604631066322327,0.09816227108240128
1790031718462855200,2.262855224609375,0.19153612852096558,-0.15083470940589905,0.15801730751991272
1790031718482874600,2.28287451171875,0.05267243832349777,-0.026336219161748886,-0.05267243832349777
1790031718492884500,2.292884521484375,0.09816227108240128,-0.09816227108240128,0.016759412363171577
1790031718502894300,2.302894287109375,0.002394201699644327,-0.028730420395731926,0.05506663769483566
1790031718573145600,2.3731455078125,0.1364694982767105,-0.05746084079146385,-0.026336219161748886
1790031718583155500,2.383155517578125,0.10055647045373917,-0.29209262132644653,-0.06224924325942993
1790031718633234700,2.433234619140625,0.22744916379451752,0.021547814831137657,-0.038307227194309235
1790031718643244500,2.44324462890625,0.19871874153614044,0.09816227108240128,0.004788403399288654
1790031718653254400,2.45325439453125,0.12449848651885986,-0.002394201699644327,-0.035913024097681046
1790031718663233500,2.463233642578125,0.20111294090747833,-0.05267243832349777,0.06703764945268631
1790031718673273900,2.47327392578125,0.14844051003456116,0.009576806798577309,0.12449848651885986
1790031718683283700,2.48328369140625,0.15562310814857483,-0.16519992053508759,0.009576806798577309
1790031718693293300,2.493293212890625,0.08858546614646912,-0.12210428714752197,-0.021547814831137657
1790031718703303200,2.50330322265625,-0.033518824726343155,-0.18914192914962769,-0.031124621629714966
1790031718713313000,2.51331298828125,0.09816227108240128,-0.028730420395731926,0.06224924325942993
1790031718743342000,2.543342041015625,0.10773907601833344,-0.035913024097681046,-0.026336219161748886
1790031718753352000,2.55335205078125,0.1867477297782898,-0.08379705995321274,0.090979665517807
1790031718763392300,2.563392333984375,0.17238251864910126,-0.033518824726343155,0.07422025501728058
1790031718773432600,2.5734326171875,0.033518824726343155,-0.031124621629714966,-0.14365209639072418
1790031718783442400,2.5834423828125,-0.002394201699644327,-0.07182604819536209,-0.07182604819536209
1790031718793421600,2.593421630859375,0.12210428714752197,-0.17717093229293823,0.16998831927776337
1790031718813502200,2.613502197265625,0.019153613597154617,0.06703764945268631,-0.047884032130241394
1790031718853541000,2.653541015625,0.06464344263076782,0.040701430290937424,0.14844051003456116
1790031718873591300,2.67359130859375,0.18914192914962769,-0.07661445438861847,-0.05027823522686958
1790031718883662000,2.683662109375,0.12689268589019775,0.11013327538967133,0.1388636976480484
1790031718913721900,2.713721923828125,0.06464344263076782,0.016759412363171577,-0.13168109953403473
1790031718953761000,2.753760986328125,0.026336219161748886,0.1388636976480484,-0.11013327538967133
1790031718983820800,2.78382080078125,-0.0694318488240242,-0.07182604819536209,0.1364694982767105
1790031718993830400,2.793830322265625,-0.08140286058187485,-0.14365209639072418,0.016759412363171577
1790031719003840300,2.80384033203125,0.0694318488240242,-0.07900865375995636,-0.05506663769483566
1790031719013880600,2.813880615234375,0.19632454216480255,-0.08379705995321274,-0.023942016065120697
1790031719023890200,2.82389013671875,0.1412578970193863,-0.1173158809542656,0
1790031719033900000,2.833900146484375,0.13407529890537262,-0.13168109953403473,0.15083470940589905
1790031719063959800,2.863959716796875,0.15083470940589905,-0.2059013396501541,-0.002394201699644327
1790031719073969700,2.8739697265625,0.09576806426048279,-0.16519992053508759,0.033518824726343155
1790031719094019600,2.89401953125,-0.0071826050989329815,-0.11013327538967133,-0.019153613597154617
1790031719104029400,2.904029541015625,0.028730420395731926,-0.1388636976480484,0.040701430290937424
1790031719114008800,2.9140087890625,0.05746084079146385,-0.090979665517807,0.07422025501728058
1790031719124049000,2.924048828125,0.035913024097681046,-0.06224924325942993,0.038307227194309235
1790031719134058800,2.934058837890625,0.07422025501728058,-0.17238251864910126,0.031124621629714966
1790031719144068600,2.944068603515625,0.10055647045373917,-0.09576806426048279,0.22505496442317963
1790031719154078200,2.954078125,0.07182604819536209,-0.047884032130241394,0.1388636976480484
1790031719164088000,2.964088134765625,0.17717093229293823,0.08858546614646912,0
1790031719174098000,2.974097900390625,0.2298433631658554,0.040701430290937424,-0.06224924325942993
1790031719184107500,2.984107421875,0.2753331959247589,-0.1173158809542656,0.10055647045373917
1790031719194117400,2.994117431640625,0.19632454216480255,-0.05506663769483566,0.14365209639072418
1790031719234217500,3.034217529296875,-0.043095629662275314,0.3663128614425659,0.4118026793003082
1790031719254237000,3.05423681640625,-0.12449848651885986,0.2753331959247589,0.5386953949928284
1790031719284266200,3.084266357421875,-0.2322375625371933,1.1659762859344482,0.1412578970193863
1790031719294276000,3.094276123046875,-0.06703764945268631,1.3407529592514038,0.14844051003456116
1790031719364436000,3.16443603515625,-1.0630255937576294,3.0142998695373535,0.06703764945268631
1790031719374445800,3.17444580078125,-1.0893617868423462,3.1531636714935303,0.3687070608139038
1790031719384486000,3.18448583984375,-0.9648633003234863,3.426102638244629,0.751779317855835
1790031719394495700,3.194495849609375,-1.0414776802062988,3.976768970489502,0.5650315880775452
1790031719404505600,3.204505615234375,-0.8068459630012512,3.840299606323242,0.586579442024231
1790031719414546000,3.2145458984375,-0.7541735172271729,4.034229755401611,0.5363011956214905
1790031719424555500,3.224555419921875,-0.8164227604866028,3.799597978591919,0.7661445140838623
1790031719434565400,3.2345654296875,-0.7805097699165344,4.120420932769775,0.6727706789970398
1790031719444544500,3.24454443359375,-0.9265560507774353,4.8267107009887695,0.40222588181495667
1790031719454584800,3.254584716796875,-0.7757213711738586,4.793191909790039,0.8882488012313843
1790031719464625200,3.264625244140625,-0.7805097699165344,5.556941986083984,1.623268723487854
1790031719474635000,3.274635009765625,-0.13168109953403473,4.618414878845215,1.5969325304031372
1790031719494654500,3.294654541015625,0.5219359993934631,5.006275653839111,-1.0247182846069336
1790031719504664300,3.304664306640625,0.42377370595932007,4.259284973144531,-0.44532153010368347
1790031719514674000,3.314673828125,-0.27054479718208313,4.304774761199951,-0.22026655077934265
1790031719524653300,3.3246533203125,-1.3670891523361206,4.261679172515869,-0.8858546018600464
1790031719534693600,3.334693603515625,-2.2673089504241943,4.4723687171936035,-0.7086837291717529
1790031719564723000,3.364722900390625,-2.3726539611816406,4.120420932769775,-0.5171475410461426
1790031719574763000,3.374762939453125,-2.403778553009033,4.721365928649902,-1.139639973640442
1790031719584803300,3.38480322265625,-2.3989901542663574,4.259284973144531,-1.4437036514282227
1790031719604823000,3.404822998046875,-2.7724854946136475,3.134010076522827,-0.7541735172271729
1790031719614832600,3.41483251953125,-3.31118106842041,2.229001760482788,-0.4165911078453064
1790031719634882800,3.4348828125,-3.315969467163086,1.599326729774475,-1.2832920551300049
1790031719654932700,3.4549326171875,-2.8395233154296875,0.8020575642585754,-1.3503297567367554
1790031719664942600,3.464942626953125,-2.7748796939849854,0.727837324142456,-1.7166426181793213
1790031719674952200,3.4749521484375,-2.631227731704712,0.4141969084739685,-1.1659762859344482
1790031719684931600,3.484931640625,-2.801215887069702,0.028730420395731926,-0.8020575642585754
1790031719694972000,3.494971923828125,-3.184288263320923,0.2059013396501541,-1.1204863786697388
1790031719715021800,3.515021728515625,-3.0382418632507324,-0.3878606855869293,-1.357512354850769
1790031719725001200,3.525001220703125,-2.806004285812378,-0.5554547905921936,-1.3862427473068237
1790031719735041500,3.53504150390625,-2.736572504043579,-0.2992752194404602,-1.5634137392044067
1790031719745051100,3.545051025390625,-2.7269957065582275,-0.689530074596405,-1.0606313943862915
1790031719765040000,3.5650400390625,-2.6839001178741455,-1.1851298809051514,-1.9608511924743652
1790031719775080400,3.57508056640625,-2.8203697204589844,-1.5705963373184204,-1.4077905416488647
1790031719785090300,3.58509033203125,-2.655169725418091,-1.5059528350830078,-1.3503297567367554
1790031719795100000,3.595099853515625,-2.5689783096313477,-0.9217676520347595,-1.7190368175506592
1790031719815119600,3.61511962890625,-1.4413094520568848,-1.3072341680526733,-1.5729905366897583
1790031719825160000,3.625159912109375,-1.6376339197158813,-0.7972691655158997,-1.7621324062347412
1790031719845240300,3.645240234375,-2.406172752380371,-1.4891934394836426,-1.3551181554794312
1790031719855250200,3.655250244140625,-3.095702886581421,-2.1523873805999756,-1.3886369466781616
1790031719875330800,3.675330810546875,-3.2369606494903564,-2.3702597618103027,-1.316810965538025
1790031719885340400,3.68534033203125,-2.7269957065582275,-3.7636849880218506,-0.8044517636299133
1790031719945460200,3.745460205078125,-1.3886369466781616,-2.7700912952423096,-0.5937620401382446
1790031719985529600,3.785529541015625,-1.0893617868423462,-3.2609026432037354,-1.173158884048462
1790031719995539500,3.79553955078125,-0.7086837291717529,-3.9887399673461914,-0.6033388376235962
1790031720015620000,3.8156201171875,-0.8690952062606812,-3.576937437057495,-0.49559974670410156
1790031720075800600,3.875800537109375,-0.9217676520347595,-3.993528366088867,-0.9289502501487732
1790031720125849600,3.925849609375,-0.6775590777397156,-4.0294413566589355,-0.7972691655158997
1790031720165919200,3.965919189453125,-0.524330198764801,-4.446032524108887,-1.0989385843276978
1790031720175928800,3.9759287109375,-0.8355764150619507,-4.182670593261719,-0.7637503147125244
1790031720185938700,3.985938720703125,-0.9361328482627869,-4.0964789390563965,-0.5913678407669067
1790031720195948300,3.9959482421875,-0.811634361743927,-4.223371982574463,-0.7613561153411865
1790031720205988600,4.005988525390625,-0.8475474119186401,-4.338293552398682,-0.9481038451194763
1790031720276148500,4.0761484375,-0.42616790533065796,-2.6431987285614014,-1.1085153818130493
1790031720296168200,4.096168212890625,-0.6129156351089478,-2.7988216876983643,-0.40222588181495667
1790031720336207000,4.13620703125,-1.1228805780410767,-2.300827741622925,-1.137245774269104
1790031720346247400,4.146247314453125,-1.3024457693099976,-2.188300371170044,-0.7876923680305481
1790031720356257300,4.15625732421875,-1.3215993642807007,-2.1930887699127197,-0.3471592366695404
1790031720366267100,4.16626708984375,-1.1180921792984009,-1.8267759084701538,-0.31124621629714966
1790031720376276700,4.17627685546875,-0.9409212470054626,-1.4867992401123047,-0.629675030708313
1790031720386317000,4.186317138671875,-0.9696516990661621,-0.9648633003234863,-0.8978256583213806
1790031720396327000,4.196326904296875,-1.0582371950149536,-1.094150185585022,-1.1468225717544556
1790031720406367200,4.2063671875,-1.3551181554794312,-1.3407529592514038,-0.7350199222564697
1790031720466486800,4.26648681640625,-1.5658079385757446,-1.3215993642807007,-0.5195417404174805
1790031720476496400,4.276496337890625,-1.6711528301239014,-1.039083480834961,-0.7757213711738586
1790031720496516000,4.29651611328125,-1.7717092037200928,-0.5291185975074768,-0.5554547905921936
1790031720506556400,4.306556396484375,-1.479616641998291,-0.33997663855552673,-0.6536170840263367
1790031720526606300,4.3266064453125,-1.867477297782898,-1.2856862545013428,-0.9672574996948242
1790031720536616200,4.3366162109375,-2.1284453868865967,-1.5849615335464478,-1.0007762908935547
1790031720546625800,4.346625732421875,-2.1116859912872314,-1.45806884765625,-0.8451532125473022
1790031720556635600,4.3566357421875,-1.821987509727478,-1.41257905960083,-0.6991068720817566
1790031720586695400,4.3866953125,-1.2952631711959839,-1.8555063009262085,-1.0749965906143188
1790031720606745600,4.40674560546875,-1.3263877630233765,-0.8164227604866028,-1.2976573705673218
1790031720656794400,4.45679443359375,-1.0007762908935547,-0.1604115068912506,-0.5961562395095825
1790031720716883500,4.516883544921875,-1.9512743949890137,0.304063618183136,-0.6416460275650024
1790031720726923800,4.526923828125,-1.6687586307525635,0.26336219906806946,-0.5985504388809204
1790031720736964000,4.536964111328125,-1.8052281141281128,0.6607996821403503,-0.9193734526634216
1790031720746973700,4.5469736328125,-1.7764976024627686,0.5051765441894531,-1.3694833517074585
1790031720756983600,4.556983642578125,-1.644816517829895,0.8738836050033569,-1.1061211824417114
1790031720767023900,4.56702392578125,-1.4221558570861816,0.9744400978088379,-0.7015010714530945
1790031720777033700,4.57703369140625,-1.1109095811843872,0.7015010714530945,-0.706289529800415
1790031720787073800,4.58707373046875,-1.0271124839782715,0.7469909191131592,-0.6799532771110535
1790031720797083600,4.597083740234375,-0.7972691655158997,0.8834604024887085,-0.8307880163192749
1790031720807124000,4.6071240234375,-0.8619126081466675,1.290474772453308,-1.0749965906143188
1790031720827113000,4.627113037109375,-1.1324573755264282,0.7422025203704834,-1.173158884048462
1790031720837153300,4.6371533203125,-1.4844050407409668,0.7445967197418213,-1.3670891523361206
1790031720857203200,4.657203125,-1.8363527059555054,0.7086837291717529,-0.4429273009300232
1790031720867213000,4.667213134765625,-1.9943699836730957,1.2114660739898682,-0.6177040338516235
1790031720887263200,4.68726318359375,-0.912190854549408,1.53707754611969,-0.5339069962501526
1790031720907343600,4.707343505859375,-1.1085153818130493,0.8331822156906128,-0.8978256583213806
1790031720917353500,4.717353515625,-1.2210428714752197,0.6847416758537292,-0.6655880808830261
1790031720947382800,4.7473828125,-1.1444283723831177,0.1364694982767105,-0.3687070608139038
1790031720977412000,4.777412109375,-0.08140286058187485,0.3232172429561615,-0.5841852426528931
1790031721037531600,4.83753173828125,-0.6703764796257019,0.009576806798577309,-0.828393816947937
1790031721047572000,4.847572021484375,-0.5889736413955688,0.15083470940589905,-0.8236053586006165
1790031721057581800,4.857581787109375,-0.4668693244457245,-0.043095629662275314,-0.5267243981361389
1790031721067591400,4.86759130859375,-0.586579442024231,0.011971008032560349,-0.44532153010368347
1790031721077631700,4.8776318359375,-0.727837324142456,0.035913024097681046,-0.7326257228851318
1790031721087641600,4.8876416015625,-0.8451532125473022,0.047884032130241394,-0.8427590131759644
1790031721107691500,4.90769140625,-0.47165772318840027,0.2992752194404602,-0.29209262132644653
1790031721127741700,4.92774169921875,-0.5291185975074768,-0.22026655077934265,-0.4165911078453064
1790031721137751300,4.937751220703125,-0.6943184733390808,-0.181959331035614,-0.6200982332229614
1790031721147761200,4.94776123046875,-0.7015010714530945,-0.4572925269603729,-0.6512228846549988
1790031721157801500,4.957801513671875,-0.9097966551780701,-0.3471592366695404,-0.6248866319656372
1790031721167841800,4.967841796875,-0.8403648138046265,-0.10295066982507706,-0.5363011956214905
1790031721177851400,4.977851318359375,-0.4908113479614258,0.14604631066322327,-0.4572925269603729
1790031721187861200,4.987861328125,-0.3495534360408783,0.20111294090747833,-0.45250412821769714
1790031721197901600,4.997901611328125,-0.3064578175544739,0.17477671802043915,-0.5027823448181152
1790031721217951500,5.017951416015625,-0.3064578175544739,0.0933738648891449,-0.4572925269603729
1790031721227991800,5.02799169921875,-0.43335050344467163,-0.12449848651885986,-0.31124621629714966
1790031721238032100,5.0380322265625,-0.22266076505184174,-0.002394201699644327,-0.2322375625371933
1790031721248042000,5.0480419921875,0.10773907601833344,0.1843535304069519,-0.2106897532939911
1790031721258051600,5.058051513671875,0.16998831927776337,0.06703764945268631,-0.4908113479614258
1790031721268061400,5.0680615234375,0.19871874153614044,0.07900865375995636,-0.667982280254364
1790031721278071300,5.0780712890625,-0.05267243832349777,0.17717093229293823,-0.7230489253997803
1790031721288081000,5.088080810546875,0.040701430290937424,0.09816227108240128,-0.3878606855869293
1790031721298090800,5.0980908203125,-0.24181437492370605,0.06464344263076782,-0.22266076505184174
1790031721308100600,5.1081005859375,-0.5386953949928284,0.28969839215278625,-0.35673606395721436
1790031721318110200,5.118110107421875,-0.7709329724311829,0.20350714027881622,-0.33997663855552673
1790031721348139500,5.148139404296875,-1.0869675874710083,-0.13407529890537262,0.19393034279346466
1790031721368159000,5.168158935546875,-0.7757213711738586,-0.004788403399288654,-0.035913024097681046
1790031721388178700,5.1881787109375,-0.9481038451194763,0.16519992053508759,-0.040701430290937424
1790031721428248300,5.228248291015625,-0.7781155705451965,-0.06224924325942993,0.2585737705230713
1790031721468287200,5.268287353515625,-0.6392518281936646,-0.15562310814857483,0.15083470940589905
1790031721478297000,5.278297119140625,-0.646434485912323,-0.026336219161748886,0.5027823448181152
1790031721498316500,5.298316650390625,-0.6392518281936646,-0.3208230137825012,0.7254431247711182
1790031721508326400,5.308326416015625,-0.5578489899635315,-0.49799394607543945,0.5937620401382446
1790031721518336000,5.3183359375,-0.40701428055763245,-0.26815059781074524,0.4189853072166443
1790031721528345900,5.328345947265625,-0.19153612852096558,0.27054479718208313,0.3687070608139038
1790031721538355700,5.338355712890625,-0.002394201699644327,0.08140286058187485,0.5410895943641663
1790031721548396000,5.34839599609375,-0.21547815203666687,0.5985504388809204,0.586579442024231
1790031721558436000,5.35843603515625,-0.22744916379451752,0.8236053586006165,0.5554547905921936
1790031721578486300,5.378486328125,-0.12449848651885986,1.0031704902648926,0.933738648891449
1790031721598505700,5.398505615234375,-0.031124621629714966,1.1444283723831177,0.7206547260284424
1790031721608515600,5.408515625,-0.1628057211637497,1.434126853942871,0.3711012601852417
1790031721618556000,5.418555908203125,-0.30885201692581177,1.3431471586227417,0.3758896589279175
1790031721628565500,5.4285654296875,-0.15801730751991272,1.7932571172714233,0.7398083209991455
1790031721638545000,5.438544921875,-0.16519992053508759,1.6950948238372803,0.871489405632019
1790031721648615700,5.44861572265625,-0.3902548849582672,2.5785553455352783,0.035913024097681046
1790031721658625500,5.45862548828125,-0.7398083209991455,2.9233202934265137,-0.20111294090747833
1790031721668665600,5.46866552734375,-0.646434485912323,2.6168625354766846,0.47405192255973816
1790031721738825700,5.53882568359375,-0.28969839215278625,3.485957622528076,-0.10773907601833344
1790031721798884000,5.598884033203125,-1.0031704902648926,2.6431987285614014,-0.22744916379451752
1790031721808894000,5.60889404296875,-1.2282254695892334,2.8586769104003906,-0.5985504388809204
1790031721828883000,5.628883056640625,-1.4867992401123047,2.7246015071868896,-0.8044517636299133
1790031721838923300,5.63892333984375,-1.6328455209732056,2.6647465229034424,-1.139639973640442
1790031721868983000,5.668983154296875,-1.6735470294952393,2.363077163696289,-0.9217676520347595
1790031721878993000,5.678992919921875,-1.8698714971542358,2.434903144836426,-1.1276689767837524
1790031721889063700,5.689063720703125,-2.051830768585205,2.6623523235321045,-1.479616641998291
1790031721899073500,5.699073486328125,-1.886630892753601,2.279279947280884,-1.6855180263519287
1790031721909144300,5.709144287109375,-1.845929503440857,1.8339585065841675,-1.5490485429763794
1790031721919123500,5.71912353515625,-2.0039467811584473,1.6112977266311646,-1.4269442558288574
1790031721929163800,5.729163818359375,-2.142810583114624,1.8171991109848022,-1.5705963373184204
1790031721939173600,5.739173583984375,-2.166752576828003,2.1930887699127197,-1.922544002532959
1790031721989222400,5.789222412109375,-2.497152328491211,0.6991068720817566,-2.3989901542663574
1790031721999232000,5.79923193359375,-2.4851813316345215,0.8188169598579407,-2.097320795059204
1790031722009241900,5.809241943359375,-2.054224967956543,0.5482721924781799,-1.8914192914962769
1790031722019251700,5.819251708984375,-1.8818424940109253,0.8858546018600464,-1.922544002532959
1790031722029230800,5.82923095703125,-1.7884687185287476,0.4644751250743866,-1.889025092124939
1790031722039271200,5.839271240234375,-1.968033790588379,-0.2849099934101105,-1.6759412288665771
1790031722049281000,5.849281005859375,-2.719813108444214,-0.49559974670410156,-1.8626888990402222
1790031722069300500,5.869300537109375,-3.0142998695373535,-0.7422025203704834,-1.9919757843017578
1790031722079310300,5.879310302734375,-3.0597896575927734,-0.9217676520347595,-2.1811177730560303
1790031722089320000,5.88931982421875,-2.715024709701538,-0.5027823448181152,-2.078166961669922
1790031722129389600,5.9293896484375,-2.274491548538208,-0.4692635238170624,-1.7405846118927002
1790031722179468800,5.97946875,-1.8291701078414917,-1.8722656965255737,-1.4173674583435059
1790031722209528800,6.00952880859375,-2.4827871322631836,-2.123656988143921,-1.0821791887283325
1790031722219538400,6.019538330078125,-2.4133553504943848,-2.2433669567108154,-1.3407529592514038
1790031722259638500,6.059638427734375,-1.9704279899597168,-2.1978771686553955,-1.1276689767837524
1790031722279688700,6.079688720703125,-2.2002713680267334,-2.5067291259765625,-1.8746598958969116
1790031722299738600,6.099738525390625,-2.5977089405059814,-2.9017724990844727,-1.2713210582733154
1790031722309779000,6.109779052734375,-2.3702597618103027,-3.646369218826294,-1.1827356815338135
1790031722319788800,6.119788818359375,-1.9297266006469727,-3.8283286094665527,-1.3766659498214722
1790031722329829000,6.1298291015625,-1.7262194156646729,-3.318363666534424,-1.436521053314209
1790031722339838700,6.139838623046875,-1.4724340438842773,-3.2297780513763428,-1.1516109704971313
1790031722349848600,6.1498486328125,-1.6496049165725708,-3.754108190536499,-1.1563993692398071
1790031722359858400,6.1598583984375,-2.1715409755706787,-3.907337188720703,-1.1563993692398071
1790031722369868000,6.169867919921875,-2.765302896499634,-3.88818359375,-1.0821791887283325
1790031722409937700,6.209937744140625,-2.140416383743286,-4.436455726623535,-1.0845733880996704
1790031722439967000,6.239967041015625,-1.946485996246338,-4.3861775398254395,-1.0893617868423462
1790031722500147700,6.300147705078125,-1.4844050407409668,-4.537012100219727,-0.9648633003234863
1790031722530238000,6.330238037109375,-1.400607943534851,-4.197035789489746,-0.8259995579719543
1790031722540247800,6.340247802734375,-1.3527239561080933,-3.84269380569458,-0.8307880163192749
1790031722550257400,6.35025732421875,-1.2713210582733154,-3.6128504276275635,-0.9744400978088379
1790031722560267300,6.360267333984375,-1.1516109704971313,-3.6367924213409424,-1.0893617868423462
1790031722570277000,6.370277099609375,-1.357512354850769,-3.287238836288452,-0.9552865028381348
1790031722580286700,6.38028662109375,-1.5490485429763794,-3.2848446369171143,-0.9840168952941895
1790031722590296600,6.390296630859375,-1.4532804489135742,-3.4572272300720215,-0.7422025203704834
1790031722600306400,6.400306396484375,-1.237802267074585,-3.3854012489318848,-0.6392518281936646
1790031722610316000,6.41031591796875,-1.4508862495422363,-2.7437551021575928,-1.0630255937576294
1790031722670405000,6.470405029296875,-1.4724340438842773,-1.6496049165725708,-0.9145850539207458
1790031722750574800,6.550574951171875,-2.2146365642547607,-0.002394201699644327,-2.231395959854126
1790031722780604200,6.580604248046875,-2.075772762298584,-1.0007762908935547,-0.9672574996948242
1790031722790614000,6.590614013671875,-2.166752576828003,-1.6136919260025024,-0.8259995579719543
1790031722800654300,6.600654296875,-2.250549554824829,-0.8619126081466675,-1.5322890281677246
1790031722810694400,6.6106943359375,-1.9512743949890137,0.26336219906806946,-2.6192567348480225
1790031722820704300,6.620704345703125,-2.0207061767578125,0.33758243918418884,-2.4468741416931152
1790031722830744600,6.63074462890625,-1.5897499322891235,-0.26575639843940735,-1.4891934394836426
1790031722840785000,6.640784912109375,-1.8602946996688843,-0.2992752194404602,-1.3000515699386597
1790031722880854500,6.6808544921875,-2.22660756111145,0.1628057211637497,-1.6974890232086182
1790031722890894600,6.69089453125,-1.7166426181793213,0.15083470940589905,-1.9105730056762695
1790031722900935000,6.700934814453125,-1.482010841369629,0.7469909191131592,-1.6543933153152466
1790031722910944800,6.71094482421875,-1.6184803247451782,0.20350714027881622,-1.436521053314209
1790031722920954600,6.72095458984375,-1.656787633895874,-0.05985504388809204,-1.0582371950149536
1790031722930964200,6.730964111328125,-2.1380221843719482,-0.40462008118629456,-1.0630255937576294
1790031722941004500,6.741004638671875,-2.126051187515259,-0.31364041566848755,-0.9624691009521484
1790031722961024000,6.76102392578125,-1.2449848651885986,0.6224924325942993,-1.3958195447921753
1790031722971033900,6.771033935546875,-1.0558429956436157,0.45250412821769714,-1.3503297567367554
1790031722981043700,6.781043701171875,-1.0989385843276978,0.646434485912323,-1.5275006294250488
1790031722991084000,6.791083984375,-1.3407529592514038,0.2082955539226532,-1.4532804489135742
1790031723001093600,6.80109375,-1.4484920501708984,0.4405331015586853,-0.8978256583213806
1790031723011103500,6.811103515625,-1.414973258972168,0.4429273009300232,-0.7589619159698486
1790031723031153400,6.8311533203125,-1.2330138683319092,0.3447650372982025,-0.9145850539207458
1790031723041193700,6.84119384765625,-1.0893617868423462,0.7182605266571045,-1.3742717504501343
1790031723061274400,6.8612744140625,-1.0342950820922852,0.4572925269603729,-0.8547300100326538
1790031723071284200,6.8712841796875,-1.1444283723831177,0.014365210197865963,-0.9552865028381348
1790031723081324300,6.88132421875,-1.2186486721038818,0.8044517636299133,-1.0606313943862915
1790031723091364600,6.891364501953125,-1.335964560508728,0.9217676520347595,-1.0797849893569946
1790031723101405000,6.901405029296875,-1.3263877630233765,0.6655880808830261,-0.9409212470054626
1790031723111445200,6.9114453125,-1.1683704853057861,0.7110779285430908,-0.8451532125473022
1790031723121485600,6.921485595703125,-1.1085153818130493,0.47644615173339844,-0.8164227604866028
1790031723131495200,6.9314951171875,-1.1037269830703735,-0.1843535304069519,-0.9385270476341248
1790031723141566200,6.941566162109375,-1.0893617868423462,-0.5506663918495178,-0.7350199222564697
1790031723211695400,7.0116953125,-0.8834604024887085,0.17477671802043915,-0.4405331015586853
1790031723271784700,7.07178466796875,-0.6009446382522583,0.14365209639072418,-0.30885201692581177
1790031723281824800,7.08182470703125,-0.8236053586006165,0.31842881441116333,-0.3519476354122162
1790031723291834600,7.091834716796875,-0.9097966551780701,0.2322375625371933,-0.3423708379268646
1790031723301844500,7.101844482421875,-0.9385270476341248,-0.304063618183136,-0.35913026332855225
1790031723311884800,7.111884765625,-0.7972691655158997,-0.44771572947502136,-0.30885201692581177
1790031723331904300,7.131904296875,-0.45250412821769714,-0.7876923680305481,-0.19393034279346466
1790031723351985000,7.15198486328125,0.08619125932455063,0.4692635238170624,-0.6248866319656372
1790031723361994500,7.161994384765625,0.11252748221158981,0.22505496442317963,-0.8212111592292786
1790031723372004400,7.17200439453125,-0.1149216815829277,-0.11252748221158981,-0.6057330369949341
1790031723382014200,7.18201416015625,-0.33039984107017517,0.181959331035614,-0.5123591423034668
1790031723392054300,7.19205419921875,-0.8690952062606812,0.5291185975074768,-0.1867477297782898
1790031723402064100,7.202064208984375,-0.8092401623725891,-0.33518823981285095,-0.12689268589019775
1790031723422114300,7.2221142578125,-1.05105459690094,-0.5099649429321289,-0.9696516990661621
1790031723442133800,7.2421337890625,-0.933738648891449,-0.14844051003456116,-0.35673606395721436
1790031723462183700,7.26218359375,-0.8236053586006165,0.7781155705451965,-0.44532153010368347
1790031723492213000,7.292212890625,-0.9313444495201111,0.2944868206977844,-0.3423708379268646
1790031723502222800,7.302222900390625,-0.8619126081466675,-0.14365209639072418,-0.12449848651885986
1790031723512232700,7.312232666015625,-1.0989385843276978,-0.028730420395731926,-0.11013327538967133
1790031723522272800,7.322272705078125,-1.1851298809051514,-0.08858546614646912,-0.21308395266532898
1790031723532252200,7.332252197265625,-1.0223240852355957,-0.23702596127986908,-0.19632454216480255
1790031723542292500,7.34229248046875,-0.8571242094039917,-0.23942017555236816,-0.06703764945268631
1790031723572321800,7.37232177734375,-0.5578489899635315,-0.07661445438861847,-0.1628057211637497
1790031723592341200,7.39234130859375,-0.23702596127986908,0.3256114423274994,0.1604115068912506
1790031723602320400,7.4023203125,-0.17477671802043915,-0.031124621629714966,0.06464344263076782
1790031723612360700,7.412360595703125,-0.2849099934101105,-0.12449848651885986,0.002394201699644327
1790031723632411000,7.432410888671875,-0.4189853072166443,-0.31364041566848755,0.14844051003456116
1790031723682490000,7.482489990234375,-0.5482721924781799,-0.304063618183136,0.07182604819536209
1790031723702540300,7.502540283203125,-0.38546648621559143,-0.16519992053508759,0.17956513166427612
1790031723742640400,7.542640380859375,-0.4572925269603729,-0.24420857429504395,-0.06464344263076782
1790031723752650000,7.55264990234375,-0.2944868206977844,-0.304063618183136,0.2082955539226532
1790031723762690300,7.562690185546875,-0.05985504388809204,-0.23702596127986908,0.5770025849342346
1790031723772700200,7.5727001953125,-0.24660277366638184,-0.26096799969673157,0.07900865375995636
1790031723782740500,7.582740478515625,-0.6033388376235962,-0.21787235140800476,-0.4812345504760742
1790031723812800300,7.61280029296875,-0.8068459630012512,-0.8307880163192749,0.5482721924781799
1790031723882929700,7.6829296875,-0.09816227108240128,0.524330198764801,0.5315127968788147
1790031723963038200,7.7630380859375,-0.6655880808830261,1.0582371950149536,0.40462008118629456
1790031724023157800,7.82315771484375,-0.6631938815116882,4.089296340942383,0.7805097699165344
1790031724033137200,7.83313720703125,-0.7876923680305481,3.0382418632507324,1.338358759880066
1790031724043177500,7.843177490234375,-1.2066776752471924,2.4420857429504395,0.7637503147125244
1790031724053187000,7.85318701171875,-1.3646949529647827,1.2066776752471924,0.6584054827690125
1790031724063227400,7.863227294921875,-1.1803414821624756,1.455674648284912,1.072602391242981
1790031724073237200,7.8732373046875,-0.7445967197418213,1.764526605606079,0.4572925269603729
1790031724103297000,7.903297119140625,-1.0199298858642578,3.1268274784088135,0.8690952062606812
1790031724113337300,7.91333740234375,-1.3024457693099976,3.090914487838745,0.507570743560791
1790031724123347200,7.92334716796875,-1.4413094520568848,2.5665841102600098,0.29209262132644653
1790031724133326300,7.933326416015625,-1.256955862045288,1.9536685943603516,0.7038952708244324
1790031724143366700,7.94336669921875,-0.950498104095459,2.0254945755004883,0.5434837937355042
1790031724153376500,7.95337646484375,-0.8595184087753296,3.3854012489318848,0.17477671802043915
1790031724163386000,7.96338623046875,-0.9074024558067322,3.07415509223938,0.15801730751991272
1790031724173396000,7.97339599609375,-0.8451532125473022,3.3207578659057617,-0.031124621629714966
1790031724183436300,7.983436279296875,-1.4508862495422363,3.0119056701660156,-0.3902548849582672
1790031724193446000,7.99344580078125,-1.7262194156646729,2.2218191623687744,-0.3232172429561615
1790031724203486200,8.003486328125,-1.7190368175506592,1.580173134803772,-0.0694318488240242
1790031724293604600,8.0936044921875,-2.719813108444214,1.9321208000183105,-0.9696516990661621
1790031724333643800,8.133643798828125,-2.3702597618103027,0.8978256583213806,-1.6424223184585571
1790031724343623000,8.143622802734376,-2.5905263423919678,2.1523873805999756,-2.145204782485962
1790031724353693700,8.153693603515626,-2.6599581241607666,1.5394717454910278,-2.027888774871826
1790031724363703600,8.16370361328125,-2.7126305103302,0.6536170840263367,-1.8507179021835327
1790031724373743900,8.173743896484375,-2.782062292098999,0.2298433631658554,-2.0829553604125977
1790031724383753500,8.18375341796875,-2.762908697128296,0.22744916379451752,-2.4468741416931152
1790031724393763300,8.193763427734375,-2.561795711517334,0.42377370595932007,-2.585737943649292
1790031724403773200,8.203773193359375,-2.650381326675415,0.3519476354122162,-2.6168625354766846
1790031724413752300,8.21375244140625,-3.0526070594787598,-0.040701430290937424,-2.655169725418091
1790031724423792600,8.223792724609375,-3.5242648124694824,-0.5171475410461426,-2.779668092727661
1790031724433802500,8.233802490234375,-3.7158010005950928,-1.3335703611373901,-2.47560453414917
1790031724443842800,8.2438427734375,-3.268085241317749,-1.2856862545013428,-2.432508945465088
1790031724453852400,8.253852294921876,-2.650381326675415,-1.2258312702178955,-2.3989901542663574
1790031724463862300,8.2638623046875,-2.293645143508911,-0.7134721279144287,-2.6647465229034424
1790031724473872000,8.273871826171876,-2.7940332889556885,-0.16759411990642548,-3.2154128551483154
1790031724483881700,8.2838818359375,-3.1866824626922607,-0.8523358106613159,-3.378218650817871
1790031724513972000,8.313971923828126,-3.1723172664642334,-3.0861260890960693,-2.030282974243164
1790031724523981800,8.32398193359375,-2.10210919380188,-1.8315643072128296,-2.298433542251587
1790031724534022100,8.334022216796875,-2.322375535964966,-1.2761094570159912,-2.6575639247894287
1790031724544032000,8.344031982421875,-2.1763293743133545,-1.8986018896102905,-2.715024709701538
1790031724564051500,8.364051513671875,-3.3279404640197754,-2.896984100341797,-2.676717519760132
1790031724584071000,8.38407080078125,-2.5498247146606445,-4.043806552886963,-2.2577321529388428
1790031724614161400,8.414161376953125,-2.2433669567108154,-3.7229835987091064,-2.4899697303771973
1790031724634211300,8.43421142578125,-2.2218191623687744,-3.44765043258667,-1.745373010635376
1790031724724329700,8.524329833984375,-0.8738836050033569,-3.5625722408294678,-1.6065093278884888
1790031724734370000,8.5343701171875,-1.3096283674240112,-3.021482467651367,-1.2473790645599365
1790031724744380000,8.5443798828125,-1.338358759880066,-3.6607344150543213,-0.8547300100326538
1790031724754389500,8.554389404296876,-1.6879122257232666,-3.514688014984131,-0.768538773059845
1790031724764399400,8.5643994140625,-2.31758713722229,-3.8786067962646484,-0.5578489899635315
1790031724774409200,8.5744091796875,-1.6903064250946045,-5.264849662780762,-0.43095630407333374
1790031724784418800,8.584418701171876,-0.7015010714530945,-3.2130186557769775,-1.1468225717544556
1790031724794459100,8.594459228515625,-1.5658079385757446,-2.82515811920166,-1.5897499322891235
1790031724824488400,8.624488525390625,-1.8291701078414917,-2.918531894683838,0.06703764945268631
1790031724864558000,8.66455810546875,-0.730231523513794,-2.4660277366638184,-2.051830768585205
1790031724874598400,8.674598388671875,-0.9576807022094727,-2.2577321529388428,-1.4508862495422363
1790031724904627700,8.704627685546875,-1.237802267074585,-2.6671407222747803,-0.2944868206977844
1790031724924677600,8.724677734375,-0.8092401623725891,-2.8347349166870117,-1.173158884048462
1790031724984766700,8.7847666015625,-0.9145850539207458,-1.4867992401123047,-1.2737152576446533
1790031724994776600,8.794776611328125,-1.094150185585022,-1.5682021379470825,-1.4867992401123047
1790031725004786200,8.8047861328125,-1.2401964664459229,-1.2761094570159912,-1.0893617868423462
1790031725044855800,8.844855712890626,-1.3694833517074585,-1.8387469053268433,-0.8140285611152649
1790031725054865700,8.85486572265625,-1.400607943534851,-1.1540051698684692,-1.1994950771331787
1790031725064875500,8.86487548828125,-1.6424223184585571,-0.9097966551780701,-1.2880805730819702
1790031725074854700,8.874854736328125,-1.5514427423477173,-1.0773907899856567,-0.7972691655158997
1790031725084895000,8.88489501953125,-1.7597382068634033,-0.993593692779541,-0.40701428055763245
1790031725104884000,8.904884033203125,-1.8698714971542358,-1.2952631711959839,-0.9002198576927185
1790031725114954800,8.914954833984375,-1.6496049165725708,-1.1779472827911377,-1.4652514457702637
1790031725124964600,8.924964599609375,-1.6136919260025024,-0.6129156351089478,-1.455674648284912
1790031725175074300,8.97507421875,-1.6112977266311646,-0.1604115068912506,-1.623268723487854
1790031725185084200,8.985084228515625,-1.8579005002975464,-0.3208230137825012,-1.6543933153152466
1790031725195124500,8.99512451171875,-1.8195933103561401,-0.038307227194309235,-1.2282254695892334
1790031725205134000,9.005134033203126,-1.599326729774475,-0.42377370595932007,-0.6631938815116882
1790031725215144000,9.01514404296875,-1.9704279899597168,-0.629675030708313,-0.8667010068893433
1790031725225184300,9.025184326171875,-2.389413356781006,-0.8307880163192749,-1.0582371950149536
1790031725235224600,9.035224609375,-2.145204782485962,-1.3096283674240112,-0.9576807022094727
1790031725255305200,9.05530517578125,-2.1380221843719482,-0.395043283700943,-0.9457096457481384
1790031725265314800,9.065314697265626,-1.843535304069519,-0.3064578175544739,-1.2737152576446533
1790031725275294200,9.075294189453125,-2.1164743900299072,0.26815059781074524,-1.381454348564148
1790031725285334300,9.085334228515626,-2.166752576828003,-0.2298433631658554,-1.2737152576446533
1790031725295374600,9.09537451171875,-1.8267759084701538,-0.5267243981361389,-0.7110779285430908
1790031725305384400,9.105384521484375,-1.4532804489135742,-0.15322890877723694,-0.4357447028160095
1790031725315424800,9.1154248046875,-1.4748282432556152,-0.545877993106842,-0.706289529800415
1790031725325434400,9.125434326171876,-1.3311761617660522,-0.7805097699165344,-1.0031704902648926
1790031725335444200,9.1354443359375,-1.7573440074920654,0.07661445438861847,-1.2521674633026123
1790031725345484500,9.145484619140625,-1.6927006244659424,-0.0694318488240242,-1.2976573705673218
1790031725375513900,9.175513916015625,-1.3263877630233765,-0.033518824726343155,-0.6584054827690125
1790031725455653000,9.255653076171875,-0.6416460275650024,0.3663128614425659,-0.30885201692581177
1790031725515711500,9.31571142578125,-1.4772224426269531,-0.021547814831137657,-0.7781155705451965
1790031725545740800,9.34574072265625,-0.5386953949928284,1.1971008777618408,-0.608127236366272
1790031725555781000,9.355781005859376,-0.7637503147125244,0.3519476354122162,-0.8523358106613159
1790031725565791000,9.365791015625,-0.9361328482627869,0.16519992053508759,-1.01753568649292
1790031725575800600,9.375800537109376,-1.1755530834197998,-0.4812345504760742,-0.7852981686592102
1790031725625880000,9.425880126953125,-0.45250412821769714,0.8403648138046265,-0.9074024558067322
1790031725645899500,9.4458994140625,-0.5722141861915588,0.5386953949928284,-1.0989385843276978
1790031725665949700,9.46594970703125,-1.2090718746185303,-0.12928688526153564,-0.6440402865409851
1790031725675959300,9.475959228515626,-1.2473790645599365,-0.7326257228851318,-0.40940847992897034
1790031725685969200,9.48596923828125,-0.9361328482627869,-0.7086837291717529,-0.5171475410461426
1790031725695979000,9.49597900390625,-0.9074024558067322,-0.3495534360408783,-1.0079588890075684
1790031725706019300,9.506019287109375,-0.9361328482627869,-0.33279404044151306,-1.01753568649292
1790031725726099700,9.526099609375,-0.6224924325942993,0.2322375625371933,-0.6320692300796509
1790031725756159500,9.556159423828126,-0.45010992884635925,-0.090979665517807,-0.19153612852096558
1790031725766169300,9.56616943359375,-0.7038952708244324,0.08858546614646912,-0.7254431247711182
1790031725786219500,9.586219482421875,-0.8930372595787048,-0.395043283700943,-0.7924807667732239
1790031725806239000,9.606239013671875,-1.05105459690094,-0.38067805767059326,-0.6536170840263367
1790031725816248600,9.61624853515625,-1.072602391242981,-0.2322375625371933,-0.5267243981361389
1790031725836298800,9.636298828125,-1.0630255937576294,-0.09576806426048279,-0.5386953949928284
1790031725866328000,9.666328125,-1.0223240852355957,-0.15322890877723694,-0.8643068075180054
1790031725896327000,9.696326904296875,-0.7661445140838623,0.08619125932455063,-0.7852981686592102
1790031725906367200,9.7063671875,-0.6488286852836609,-0.1412578970193863,-0.7541735172271729
1790031725916407300,9.7164072265625,-0.4668693244457245,-0.3998316824436188,-0.6200982332229614
1790031725926417200,9.726417236328125,-0.40701428055763245,-0.26575639843940735,-0.5195417404174805
1790031725936427000,9.736427001953125,-0.3734954595565796,-0.1412578970193863,-0.6009446382522583
1790031725946436600,9.7464365234375,-0.42856210470199585,-0.07182604819536209,-0.6392518281936646
1790031725956446500,9.756446533203125,-0.4596867263317108,-0.42616790533065796,-0.5482721924781799
1790031726026545400,9.82654541015625,-0.4884171485900879,-0.07900865375995636,-0.33997663855552673
1790031726086634500,9.886634521484375,-0.6991068720817566,-0.011971008032560349,0.3280056416988373
1790031726106623500,9.90662353515625,-0.811634361743927,-0.06464344263076782,0.33518823981285095
1790031726116663800,9.916663818359375,-0.9409212470054626,-0.16759411990642548,0.3687070608139038
1790031726156702700,9.95670263671875,-0.3423708379268646,0.5386953949928284,0.586579442024231
1790031726166712600,9.966712646484375,-0.11013327538967133,0.9648633003234863,0.6775590777397156
1790031726176691700,9.976691650390626,-0.05267243832349777,1.0749965906143188,0.5291185975074768
1790031726186732000,9.98673193359375,0.019153613597154617,1.1276689767837524,0.5410895943641663
1790031726196802800,9.996802734375,-0.22026655077934265,0.8475474119186401,0.6536170840263367
1790031726206812700,10.006812744140625,-0.40701428055763245,0.9672574996948242,0.5650315880775452
1790031726276911600,10.07691162109375,-0.40940847992897034,1.8363527059555054,0.608127236366272
1790031726296931000,10.09693115234375,-0.5626373887062073,2.1380221843719482,0.3495534360408783
1790031726306941000,10.10694091796875,-0.4429273009300232,2.3295583724975586,0.2849099934101105
1790031726316981200,10.116981201171875,-0.2944868206977844,2.557007312774658,0.5434837937355042
1790031726326990800,10.126990966796875,-0.24420857429504395,2.736572504043579,0.8978256583213806
1790031726337000700,10.137000732421875,-0.2825157940387726,2.9328970909118652,0.7422025203704834
1790031726347010300,10.14701025390625,-0.09576806426048279,3.0813376903533936,0.7709329724311829
1790031726357050600,10.157050537109376,-0.031124621629714966,3.1316158771514893,0.507570743560791
1790031726367060500,10.167060546875,-0.31364041566848755,3.0789434909820557,0.12210428714752197
1790031726377070300,10.1770703125,-0.4189853072166443,2.942473888397217,0.22505496442317963
1790031726397089800,10.19708984375,-0.9289502501487732,3.222595453262329,0.5363011956214905
1790031726417139700,10.2171396484375,-0.9864110946655273,3.19865345954895,-0.21308395266532898
1790031726427119000,10.227119140625,-1.0582371950149536,3.4117374420166016,-0.023942016065120697
1790031726437159400,10.237159423828125,-0.9720458984375,3.471592426300049,0.2753331959247589
1790031726447169000,10.2471689453125,-0.9648633003234863,3.050212860107422,0.12449848651885986
1790031726457179000,10.257178955078125,-1.292868971824646,2.8658595085144043,0
1790031726467188700,10.267188720703125,-1.4077905416488647,2.9759926795959473,0.031124621629714966
1790031726477259500,10.277259521484375,-1.4508862495422363,2.851494312286377,-0.4572925269603729
1790031726537379000,10.337379150390625,-2.0877439975738525,2.10210919380188,-0.5171475410461426
1790031726597559800,10.397559814453125,-2.0901381969451904,1.5131354331970215,-0.9768342971801758
1790031726627650000,10.427650146484375,-2.142810583114624,1.5729905366897583,-1.0869675874710083
1790031726647730700,10.447730712890625,-2.846705913543701,0.6775590777397156,-0.9457096457481384
1790031726667750100,10.467750244140625,-2.806004285812378,0.5410895943641663,-1.7070658206939697
1790031726677760000,10.477760009765625,-2.406172752380371,0.6105214357376099,-2.427720546722412
1790031726687769600,10.48776953125,-2.5282769203186035,1.9393033981323242,-2.628833532333374
1790031726697779500,10.497779541015625,-3.19865345954895,1.2952631711959839,-1.9345149993896484
1790031726707789300,10.507789306640625,-3.3734302520751953,0.20350714027881622,-1.455674648284912
1790031726717799000,10.517798828125,-3.3231520652770996,-0.7876923680305481,-1.3886369466781616
1790031726727808800,10.527808837890625,-2.8395233154296875,-0.828393816947937,-2.4612393379211426
1790031726737818600,10.537818603515625,-2.7269957065582275,0.7757213711738586,-3.021482467651367
1790031726777888000,10.577887939453126,-3.227383852005005,0.06224924325942993,-2.0685901641845703
1790031726797968600,10.59796875,-2.698265314102173,-1.599326729774475,-1.434126853942871
1790031726807978500,10.607978515625,-2.4133553504943848,-0.49320554733276367,-1.8842366933822632
1790031726817988000,10.617988037109376,-2.801215887069702,-0.4692635238170624,-2.47560453414917
1790031726827998000,10.627998046875,-2.5689783096313477,-0.9528923034667969,-2.5474305152893066
1790031726838007800,10.6380078125,-2.4229321479797363,-0.7541735172271729,-1.944091796875
1790031726848017400,10.648017333984376,-2.6455929279327393,-0.9792284965515137,-1.280897855758667
1790031726858027300,10.65802734375,-2.456450939178467,-0.8978256583213806,-1.2713210582733154
1790031726868037000,10.668037109375,-2.7700912952423096,-1.3479355573654175,-1.5418659448623657
1790031726878077400,10.678077392578125,-2.75812029838562,-1.7836803197860718,-1.9249382019042969
1790031726888087000,10.688087158203125,-2.889801502227783,-1.8387469053268433,-1.8076223134994507
1790031726918116400,10.718116455078125,-2.9305028915405273,-2.22660756111145,-1.8531121015548706
1790031726928156700,10.72815673828125,-2.717418909072876,-2.140416383743286,-1.8962076902389526
1790031726938166500,10.73816650390625,-2.4803929328918457,-2.7724854946136475,-1.8052281141281128
1790031727018275000,10.818275146484375,-1.338358759880066,-3.378218650817871,-1.5873557329177856
1790031727058314200,10.858314208984375,-1.8363527059555054,-3.691859006881714,0.38307225704193115
1790031727068385000,10.868385009765625,-1.2665326595306396,-4.8051629066467285,-0.043095629662275314
1790031727078425000,10.878425048828126,-1.1061211824417114,-5.114014625549316,-1.2210428714752197
1790031727088435000,10.88843505859375,-1.357512354850769,-4.8937482833862305,-1.3694833517074585
1790031727098444800,10.89844482421875,-1.2497732639312744,-4.78122091293335,-1.3000515699386597
1790031727108454400,10.908454345703126,-1.6089035272598267,-4.932055473327637,-0.8762778043746948
1790031727118464300,10.91846435546875,-1.9105730056762695,-4.982333660125732,-0.4644751250743866
1790031727128535000,10.92853515625,-1.9057846069335938,-4.685452938079834,-0.6344634294509888
1790031727138545000,10.938544921875,-1.920149803161621,-4.182670593261719,-0.7134721279144287
1790031727198695000,10.99869482421875,-2.4229321479797363,-4.697423934936523,-0.42616790533065796
1790031727238825700,11.03882568359375,-1.577778935432434,-3.6822822093963623,-0.6560112833976746
1790031727298884000,11.098884033203126,-1.53707754611969,-3.2321722507476807,-0.6488286852836609
1790031727328974600,11.128974609375,-2.0901381969451904,-2.341529369354248,-0.2106897532939911
1790031727338984200,11.138984130859376,-1.4628572463989258,-1.556231141090393,-1.2114660739898682
1790031727349024500,11.1490244140625,-1.2449848651885986,-1.137245774269104,-1.4197616577148438
1790031727419123500,11.21912353515625,-1.9823989868164062,-0.6607996821403503,-1.4844050407409668
1790031727429163800,11.229163818359375,-2.22660756111145,-0.3232172429561615,-0.586579442024231
1790031727489283300,11.289283447265625,-2.298433542251587,0.09816227108240128,-0.5793967843055725
1790031727499323600,11.29932373046875,-1.7884687185287476,0.090979665517807,-0.8140285611152649
1790031727509302800,11.309302734375,-1.8124107122421265,0.2059013396501541,-0.9026140570640564
1790031727589411600,11.38941162109375,-1.6687586307525635,0.5482721924781799,-1.1204863786697388
1790031727619471400,11.419471435546875,-1.623268723487854,0.13407529890537262,-1.2545616626739502
1790031727669642200,11.469642333984375,-1.5705963373184204,-0.0933738648891449,-0.4644751250743866
1790031727699671600,11.499671630859375,-1.0055646896362305,0.8427590131759644,-0.5650315880775452
1790031727709681400,11.509681396484375,-0.8571242094039917,0.727837324142456,-0.5913678407669067
1790031727719721700,11.5197216796875,-0.730231523513794,0.7398083209991455,-0.6799532771110535
1790031727729731300,11.5297314453125,-0.9864110946655273,0.950498104095459,-0.44532153010368347
1790031727739771600,11.539771728515625,-1.094150185585022,0.5770025849342346,-1.0438719987869263
1790031727759821800,11.55982177734375,-1.1013327836990356,1.6424223184585571,-0.730231523513794
1790031727769831400,11.56983154296875,-0.6009446382522583,0.9552865028381348,-0.004788403399288654
1790031727779902200,11.579902099609376,-0.4357447028160095,-0.22266076505184174,-0.5937620401382446
1790031727789912000,11.589912109375,-0.9145850539207458,0.07182604819536209,-1.2952631711959839
1790031727799922000,11.599921875,-1.4532804489135742,0.7613561153411865,-1.359906554222107
1790031727819941400,11.61994140625,-1.2210428714752197,0.22744916379451752,-0.5578489899635315
1790031727829951000,11.629950927734376,-1.094150185585022,0.8427590131759644,-0.6871358752250671
1790031727839960800,11.6399609375,-0.8044517636299133,0.8643068075180054,-0.871489405632019
1790031727849970700,11.649970703125,-0.7326257228851318,1.0773907899856567,-0.9050082564353943
1790031727860011000,11.660010986328125,-0.8164227604866028,0.768538773059845,-1.0797849893569946
1790031727870020600,11.6700205078125,-0.950498104095459,0.2753331959247589,-0.8212111592292786
1790031727880030500,11.680030517578125,-1.235408067703247,0.07900865375995636,-0.7757213711738586
1790031727890040300,11.690040283203125,-1.4197616577148438,0.15562310814857483,-0.7350199222564697
1790031727900050000,11.7000498046875,-1.6112977266311646,0.4812345504760742,-0.5434837937355042
1790031727910120700,11.71012060546875,-1.2210428714752197,0.19632454216480255,-0.5650315880775452
1790031727960230700,11.760230712890625,-0.9026140570640564,0.2992752194404602,-0.47644615173339844
1790031727980280600,11.780280517578126,-0.6751648783683777,-0.016759412363171577,-0.6607996821403503
1790031728000300300,11.80030029296875,-0.14604631066322327,-0.17238251864910126,-0.6631938815116882
1790031728010310000,11.810309814453126,-0.14365209639072418,0.023942016065120697,-0.6775590777397156
1790031728040400400,11.840400390625,-0.3256114423274994,0.15322890877723694,-0.1388636976480484
1790031728050440700,11.850440673828125,-0.27054479718208313,-0.12689268589019775,-0.3734954595565796
1790031728060450300,11.8604501953125,-0.1604115068912506,-0.047884032130241394,-0.35673606395721436
1790031728110499000,11.9104990234375,-0.689530074596405,-1.0797849893569946,-0.06224924325942993
1790031728130518800,11.930518798828125,-0.6655880808830261,-0.5530605912208557,-0.15801730751991272
1790031728140559000,11.94055908203125,-0.7350199222564697,-0.035913024097681046,-0.31364041566848755
1790031728150568700,11.950568603515626,-0.6703764796257019,0.19393034279346466,-0.1412578970193863
1790031728160578600,11.96057861328125,-0.5099649429321289,-0.07182604819536209,-0.26815059781074524
1790031728170588400,11.97058837890625,-0.871489405632019,0.0071826050989329815,-0.7422025203704834
1790031728180567600,11.980567626953125,-0.9169792532920837,-0.14604631066322327,-0.49320554733276367
1790031728190608000,11.99060791015625,-1.0414776802062988,-0.15562310814857483,0.019153613597154617
1790031728200617500,12.000617431640626,-0.9528923034667969,-0.1843535304069519,0.06224924325942993
1790031728210596900,12.010596923828125,-0.9696516990661621,0.1604115068912506,-0.090979665517807
1790031728220667600,12.020667724609375,-0.9385270476341248,0.2585737705230713,-0.3280056416988373
1790031728230677500,12.030677490234375,-0.8954314589500427,-0.05985504388809204,-0.4644751250743866
1790031728240687000,12.04068701171875,-0.8619126081466675,-0.2513911724090576,-0.2561795711517334
1790031728250727400,12.0507275390625,-0.8307880163192749,-0.33279404044151306,0.009576806798577309
1790031728260737300,12.0607373046875,-0.9002198576927185,-0.14365209639072418,-0.1843535304069519
1790031728270747000,12.070746826171876,-0.9026140570640564,-0.17717093229293823,-0.33279404044151306
1790031728290766600,12.0907666015625,-0.7733271718025208,0.09816227108240128,0.22505496442317963
1790031728300745700,12.100745849609375,-0.7733271718025208,-0.14604631066322327,0.090979665517807
1790031728310786000,12.1107861328125,-0.7565677165985107,-0.3447650372982025,-0.15083470940589905
1790031728320796000,12.1207958984375,-0.6751648783683777,-0.3998316824436188,-0.12689268589019775
1790031728340785000,12.140784912109375,-0.569819986820221,-0.17238251864910126,-0.2968810200691223
1790031728350825200,12.1508251953125,-0.5195417404174805,-0.33758243918418884,-0.1149216815829277
1790031728400874000,12.2008740234375,-0.44532153010368347,-0.11013327538967133,-0.06464344263076782
1790031728430933800,12.230933837890625,-0.4836287498474121,-0.22744916379451752,-0.2322375625371933
1790031728450984000,12.25098388671875,-0.3687070608139038,-0.05027823522686958,-0.16998831927776337
1790031728460993500,12.26099365234375,-0.507570743560791,-0.047884032130241394,-0.11252748221158981
1790031728471003400,12.27100341796875,-0.45489832758903503,-0.09576806426048279,0.014365210197865963
1790031728481013000,12.281012939453126,-0.4908113479614258,-0.1173158809542656,-0.011971008032560349
1790031728491022800,12.29102294921875,-0.5027823448181152,0.10055647045373917,-0.1628057211637497
1790031728501032700,12.30103271484375,-0.524330198764801,-0.035913024097681046,-0.2777273952960968
1790031728511073000,12.311072998046875,-0.4405331015586853,-0.08858546614646912,-0.1412578970193863
1790031728521113000,12.321113037109376,-0.3423708379268646,-0.021547814831137657,0.17238251864910126
1790031728531123000,12.331123046875,-0.2561795711517334,0.08858546614646912,-0.004788403399288654
1790031728541132800,12.3411328125,-0.2561795711517334,0.0454898327589035,-0.11013327538967133
1790031728551142400,12.351142333984376,-0.33758243918418884,-0.004788403399288654,-0.047884032130241394
1790031728561182700,12.3611826171875,-0.3974374830722809,-0.090979665517807,0.16998831927776337
1790031728571192600,12.371192626953125,-0.4141969084739685,-0.3495534360408783,0.26336219906806946
1790031728591181600,12.391181640625,-0.4141969084739685,-0.31603461503982544,-0.06224924325942993
1790031728601222000,12.401221923828125,-0.31603461503982544,-0.4644751250743866,-0.1604115068912506
1790031728621211000,12.4212109375,-0.17477671802043915,-0.1604115068912506,0.0933738648891449
1790031728661280500,12.461280517578125,-0.22744916379451752,-0.1843535304069519,0.4812345504760742
1790031728701350100,12.50135009765625,-0.646434485912323,1.50355863571167,0.9888052940368652
1790031728721430500,12.521430419921876,-0.3280056416988373,1.115697979927063,1.1109095811843872
1790031728731410000,12.531409912109375,-0.8403648138046265,2.0159177780151367,0.7829039692878723
1790031728741450200,12.5414501953125,-0.6224924325942993,1.6065093278884888,1.6136919260025024
1790031728751429400,12.551429443359375,-0.3519476354122162,2.013523578643799,1.3910311460494995
1790031728761469700,12.5614697265625,-0.3711012601852417,2.1787235736846924,0.8068459630012512
1790031728771479300,12.571479248046876,-0.43335050344467163,2.652775526046753,0.9720458984375
1790031728791499000,12.5914990234375,-0.5051765441894531,3.1100680828094482,1.4652514457702637
1790031728801508600,12.601508544921876,-0.7637503147125244,3.4620156288146973,1.5849615335464478
1790031728811518500,12.6115185546875,-0.7015010714530945,3.1675288677215576,1.414973258972168
1790031728821528300,12.6215283203125,-0.629675030708313,2.8227639198303223,1.2473790645599365
1790031728831507500,12.631507568359375,-0.8690952062606812,3.1052796840667725,1.0295066833496094
1790031728841547800,12.6415478515625,-0.9313444495201111,3.1052796840667725,0.9696516990661621
1790031728851557600,12.6515576171875,-0.7134721279144287,3.3255462646484375,1.1013327836990356
1790031728861567200,12.661567138671876,-0.6631938815116882,3.536235809326172,0.950498104095459
1790031728871546600,12.671546630859375,-0.7206547260284424,3.375824451446533,0.7350199222564697
1790031728891596500,12.691596435546876,-1.1683704853057861,3.56017804145813,0.19393034279346466
1790031728911616300,12.7116162109375,-1.2665326595306396,2.9281086921691895,0.45489832758903503
1790031728921625900,12.7216259765625,-1.460463047027588,2.8419175148010254,0.35673606395721436
1790031728931635700,12.7316357421875,-1.623268723487854,2.7461493015289307,0.21547815203666687
1790031728941645300,12.741645263671876,-1.9081788063049316,2.669534921646118,-0.47644615173339844
1790031728951655200,12.7516552734375,-2.0398597717285156,2.5306711196899414,-0.42856210470199585
1790031728971674600,12.771674560546876,-2.2864625453948975,2.4444799423217773,-0.45250412821769714
1790031729031733200,12.831733154296876,-1.5945383310317993,1.4317326545715332,-1.1827356815338135
1790031729051814000,12.85181396484375,-1.7310078144073486,2.03507137298584,-1.1324573755264282
1790031729061823700,12.86182373046875,-1.8148049116134644,1.0797849893569946,-0.44532153010368347
1790031729111903000,12.911903076171875,-1.778891921043396,1.3407529592514038,-1.0845733880996704
1790031729121882400,12.92188232421875,-1.7980455160140991,0.8858546018600464,-1.0797849893569946
1790031729131922400,12.93192236328125,-1.6280571222305298,0.828393816947937,-1.5466543436050415
1790031729141962800,12.941962646484376,-1.0055646896362305,1.5490485429763794,-1.4053963422775269
1790031729151972600,12.95197265625,-1.0749965906143188,1.5729905366897583,-0.8427590131759644
1790031729162013000,12.962012939453125,-1.1635819673538208,2.0183119773864746,-0.7613561153411865
1790031729172022500,12.9720224609375,-1.5897499322891235,1.7980455160140991,-1.292868971824646
1790031729182032400,12.982032470703125,-2.0207061767578125,1.2521674633026123,-1.8818424940109253
1790031729192011500,12.992011474609376,-2.188300371170044,1.0654197931289673,-1.8148049116134644
1790031729202051800,13.0020517578125,-2.2577321529388428,0.8906430602073669,-1.3072341680526733
1790031729212061700,13.012061767578125,-2.6360161304473877,0.5626373887062073,-0.8379706144332886
1790031729222102000,13.02210205078125,-2.9041666984558105,0.689530074596405,-1.1276689767837524
1790031729242121500,13.04212158203125,-2.5522189140319824,1.0103530883789062,-2.142810583114624
1790031729262141000,13.062140869140626,-2.6791117191314697,1.1875240802764893,-1.7573440074920654
1790031729272181200,13.07218115234375,-2.382230758666992,0.9217676520347595,-2.2649147510528564
1790031729282191000,13.082191162109375,-2.5330653190612793,0.8882488012313843,-2.2673089504241943
1790031729292201000,13.092200927734375,-2.7437551021575928,-0.16519992053508759,-1.4293384552001953
1790031729302180000,13.10218017578125,-2.738966703414917,-0.5434837937355042,-1.3527239561080933
1790031729312220400,13.112220458984375,-2.920926094055176,-0.4668693244457245,-1.7525556087493896
1790031729322260700,13.1222607421875,-3.2082302570343018,-0.45489832758903503,-2.051830768585205
1790031729332270300,13.132270263671876,-2.63362193107605,-0.790086567401886,-2.1284453868865967
1790031729342310700,13.142310546875,-3.1196448802948,-0.7326257228851318,-2.47560453414917
1790031729352320500,13.152320556640625,-2.8778305053710938,-1.1324573755264282,-2.0039467811584473
1790031729362360800,13.16236083984375,-2.8850131034851074,-0.689530074596405,-1.8148049116134644
1790031729372370400,13.172370361328126,-2.7269957065582275,-1.0079588890075684,-1.6328455209732056
1790031729402461000,13.2024609375,-2.3798365592956543,-2.3295583724975586,-1.7741034030914307
1790031729452570600,13.252570556640626,-2.698265314102173,-3.428496837615967,-0.9864110946655273
1790031729462580500,13.26258056640625,-2.030282974243164,-4.477157115936279,-1.4101848602294922
1790031729472590300,13.27259033203125,-1.338358759880066,-4.108449935913086,-2.1811177730560303
1790031729482630700,13.282630615234375,-1.723825216293335,-3.4763808250427246,-2.252943754196167
1790031729492609800,13.29260986328125,-2.43011474609375,-3.7014358043670654,-1.699883222579956
1790031729562769700,13.362769775390625,-1.522712230682373,-4.611232280731201,-1.5658079385757446
1790031729572779500,13.372779541015625,-2.5115175247192383,-5.049371242523193,-1.2856862545013428
1790031729582819800,13.38281982421875,-2.293645143508911,-6.426037311553955,-0.7350199222564697
1790031729592829400,13.392829345703126,-1.8962076902389526,-6.543353080749512,-0.40222588181495667
1790031729602869800,13.402869873046875,-1.8842366933822632,-6.0190229415893555,-0.6751648783683777
1790031729612879600,13.412879638671875,-1.558625340461731,-5.95677375793457,-1.0678139925003052
1790031729622920000,13.422919921875,-1.0893617868423462,-5.16429328918457,-1.2258312702178955
1790031729652979700,13.452979736328125,-1.2952631711959839,-5.078101634979248,-0.5722141861915588
1790031729672999200,13.472999267578125,-1.0103530883789062,-4.520252704620361,-0.7374141216278076
1790031729682978600,13.482978515625,-1.0079588890075684,-4.7620673179626465,-0.2801215946674347
1790031729693049300,13.49304931640625,-1.1994950771331787,-4.831499099731445,-0.3758896589279175
1790031729703059000,13.503058837890626,-1.53707754611969,-5.398924827575684,-0.6799532771110535
1790031729713068800,13.51306884765625,-1.9488801956176758,-4.699818134307861,-0.8212111592292786
1790031729783198200,13.5831982421875,-1.3982137441635132,-3.885789394378662,0
1790031729803217700,13.6032177734375,-2.0590133666992188,-3.248931646347046,-0.6751648783683777
1790031729813227500,13.6132275390625,-1.4844050407409668,-2.715024709701538,-0.5578489899635315
1790031729863306800,13.663306640625,-1.6519991159439087,-1.1204863786697388,-1.0103530883789062
1790031729903315500,13.7033154296875,-1.7118542194366455,-1.1468225717544556,-0.727837324142456
1790031729913386200,13.71338623046875,-1.5945383310317993,-1.2689268589019775,-1.2521674633026123
1790031729923395800,13.723395751953126,-0.7876923680305481,-0.706289529800415,-1.5107412338256836
1790031729933405700,13.73340576171875,-1.3623007535934448,-0.023942016065120697,-0.9792284965515137
1790031729943415600,13.74341552734375,-1.7812861204147339,-0.24899697303771973,-0.6272808313369751
1790031729953394700,13.753394775390625,-2.296039342880249,-0.33039984107017517,-0.6248866319656372
1790031729963435000,13.76343505859375,-2.6408045291900635,-1.2545616626739502,-0.4405331015586853
1790031729973444900,13.77344482421875,-1.9129672050476074,-1.7190368175506592,-0.2322375625371933
1790031729983454500,13.783454345703126,-1.45806884765625,-0.19393034279346466,-0.6607996821403503
1790031730003474000,13.803473876953126,-1.259350061416626,-0.706289529800415,-1.2473790645599365
1790031730013483800,13.81348388671875,-1.5921441316604614,0.45250412821769714,-1.3646949529647827
1790031730023493600,13.82349365234375,-1.7932571172714233,-0.42377370595932007,-0.8355764150619507
1790031730033503200,13.833503173828126,-1.9752163887023926,-0.608127236366272,-0.3998316824436188
1790031730043513000,13.84351318359375,-2.205059766769409,-0.24181437492370605,-0.47165772318840027
1790031730053523000,13.85352294921875,-2.207453966140747,-0.24899697303771973,-0.8020575642585754
1790031730093592600,13.893592529296875,-1.50355863571167,0.035913024097681046,-0.8259995579719543
1790031730143641300,13.943641357421875,-2.0446481704711914,0.31603461503982544,-1.357512354850769
1790031730163660800,13.963660888671875,-1.5729905366897583,-0.20350714027881622,-1.2234370708465576
1790031730213709600,14.01370947265625,-2.118868589401245,0.47165772318840027,-1.3934253454208374
1790031730233759700,14.033759765625,-1.965639591217041,-0.07182604819536209,-1.137245774269104
1790031730243800000,14.043800048828125,-1.5394717454910278,-0.3016694188117981,-0.5722141861915588
1790031730253809700,14.0538095703125,-1.414973258972168,0.5793967843055725,-0.4165911078453064
1790031730263819500,14.063819580078125,-1.3407529592514038,0.8954314589500427,-0.8643068075180054
1790031730273798700,14.073798583984376,-1.3910311460494995,0.9840168952941895,-1.1109095811843872
1790031730283839000,14.0838388671875,-1.1563993692398071,0.7876923680305481,-1.1492167711257935
1790031730303828000,14.103827880859376,-1.1204863786697388,0.4836287498474121,-0.6248866319656372
1790031730323878100,14.123878173828125,-0.9864110946655273,0.019153613597154617,-0.6129156351089478
1790031730333857300,14.133857177734376,-1.137245774269104,0.8403648138046265,-0.6607996821403503
1790031730343897600,14.143897705078125,-1.3335703611373901,1.534683346748352,-0.9600749015808105
1790031730353907500,14.153907470703125,-1.170764684677124,1.5945383310317993,-0.8451532125473022
1790031730363917000,14.1639169921875,-1.0582371950149536,1.3646949529647827,-0.5363011956214905
1790031730373927000,14.173927001953125,-1.0438719987869263,0.6392518281936646,-0.14844051003456116
1790031730383967200,14.18396728515625,-1.235408067703247,0.5267243981361389,-0.1364694982767105
1790031730393977000,14.19397705078125,-1.2042834758758545,0.667982280254364,-0.545877993106842
1790031730403986700,14.203986572265626,-1.1683704853057861,0.9816226959228516,-0.8092401623725891
1790031730474085600,14.274085693359375,-0.8595184087753296,1.3694833517074585,-0.47884035110473633
1790031730494074600,14.29407470703125,-0.7326257228851318,0.5410895943641663,-0.8834604024887085
1790031730504115000,14.304114990234375,-0.849941611289978,0.6967126727104187,-0.8643068075180054
1790031730514124800,14.314124755859375,-0.6105214357376099,0.3734954595565796,-0.44771572947502136
1790031730534144300,14.334144287109375,-0.6368576288223267,0.3471592366695404,-0.9313444495201111
1790031730544153900,14.34415380859375,-0.5027823448181152,0.5602431893348694,-0.7158663272857666
1790031730554194200,14.354194091796876,-0.31603461503982544,0.7206547260284424,-0.5841852426528931
1790031730564234500,14.364234375,-0.5793967843055725,1.4748282432556152,-0.7852981686592102
1790031730574274800,14.37427490234375,-0.7709329724311829,1.1468225717544556,-0.45489832758903503
1790031730584284700,14.38428466796875,-0.40462008118629456,0.10055647045373917,-0.363918662071228
1790031730594294300,14.394294189453126,-0.07661445438861847,-0.07422025501728058,-0.5123591423034668
1790031730604304100,14.40430419921875,0.047884032130241394,0.07182604819536209,-0.8068459630012512
1790031730644434700,14.4444345703125,-0.5626373887062073,0.6009446382522583,-0.0694318488240242
1790031730684473900,14.484473876953125,-0.033518824726343155,-0.05027823522686958,-0.24899697303771973
1790031730714533600,14.51453369140625,0.0933738648891449,0.6751648783683777,0.3734954595565796
1790031730724512800,14.5245126953125,0.14844051003456116,0.09816227108240128,0.4668693244457245
1790031730734553000,14.534552978515626,0.1412578970193863,-0.12449848651885986,0.002394201699644327
1790031730754572800,14.55457275390625,-0.021547814831137657,0.24660277366638184,-0.047884032130241394
1790031730774592300,14.57459228515625,0.2106897532939911,0.5195417404174805,0.20350714027881622
1790031730804652000,14.604652099609375,0.004788403399288654,0,0.19632454216480255
1790031730814662000,14.614661865234375,-0.06224924325942993,-0.019153613597154617,-0.033518824726343155
1790031730844691200,14.644691162109375,-0.31364041566848755,0.0071826050989329815,-0.047884032130241394
1790031730894801000,14.69480078125,-0.7637503147125244,-0.28969839215278625,-0.28969839215278625
1790031730904871700,14.70487158203125,-0.8643068075180054,-0.33279404044151306,-0.0933738648891449
1790031730914881500,14.714881591796875,-0.9074024558067322,-0.19871874153614044,-0.002394201699644327
1790031730924891400,14.724891357421875,-0.9169792532920837,-0.1628057211637497,-0.2106897532939911
1790031730934870500,14.73487060546875,-0.9289502501487732,-0.40701428055763245,-0.22505496442317963
1790031730944941300,14.74494140625,-0.8307880163192749,-0.3064578175544739,-0.19393034279346466
1790031730964960800,14.764960693359376,-0.7469909191131592,0.023942016065120697,-0.17238251864910126
1790031731035121000,14.835120849609375,-0.6703764796257019,-0.33279404044151306,0.17956513166427612
1790031731045130500,14.845130615234375,-0.6584054827690125,-0.9265560507774353,0.569819986820221
1790031731065180700,14.8651806640625,-0.4189853072166443,-0.6847416758537292,0.047884032130241394
1790031731095240400,14.895240478515625,-0.13168109953403473,-0.47405192255973816,0.5147533416748047
1790031731105250000,14.90525,0.026336219161748886,-0.35673606395721436,0.6033388376235962
1790031731115290400,14.915290283203126,-0.0071826050989329815,0.05027823522686958,0.49559974670410156
1790031731125300200,14.92530029296875,-0.031124621629714966,0.4405331015586853,0.12449848651885986
1790031731135340500,14.935340576171875,0.1149216815829277,0.35673606395721436,0.3734954595565796
1790031731145350100,14.94535009765625,0.15801730751991272,0.44771572947502136,0.8068459630012512
1790031731155360000,14.955360107421875,-0.06464344263076782,0.5195417404174805,0.9074024558067322
1790031731165369900,14.965369873046875,-0.22266076505184174,0.28969839215278625,0.8834604024887085
1790031731175379500,14.97537939453125,-0.26575639843940735,0.586579442024231,0.7972691655158997
1790031731185389300,14.985389404296875,-0.19153612852096558,0.7230489253997803,0.6584054827690125
1790031731195399200,14.995399169921875,-0.08619125932455063,1.316810965538025,0.24181437492370605
1790031731215418600,15.015418701171875,-0.44771572947502136,2.1092917919158936,0.9624691009521484
1790031731225459000,15.025458984375,-0.22026655077934265,2.2912509441375732,1.0558429956436157
1790031731235468800,15.03546875,-0.4381389021873474,1.8818424940109253,0.9768342971801758
1790031731245478400,15.045478515625,-0.5626373887062073,1.9632453918457031,0.6392518281936646
1790031731255518700,15.055518798828125,-1.0223240852355957,2.671929121017456,0.3423708379268646
1790031731265589500,15.065589599609375,-1.1659762859344482,2.5234885215759277,0.5410895943641663
1790031731275599400,15.075599365234375,-0.9600749015808105,2.367865562438965,0.6416460275650024
1790031731305689600,15.105689697265625,-0.629675030708313,3.026270866394043,1.357512354850769
1790031731345759200,15.14575927734375,-1.0295066833496094,3.3494882583618164,0.5602431893348694
1790031731355769000,15.15576904296875,-1.194706678390503,2.7772738933563232,0.6033388376235962
1790031731375819000,15.175819091796875,-1.436521053314209,3.5242648124694824,0.47405192255973816
1790031731385828900,15.185828857421875,-1.5275006294250488,3.7253777980804443,0.5506663918495178
1790031731415858200,15.215858154296875,-1.1755530834197998,3.445256233215332,-0.11252748221158981
1790031731425898200,15.225898193359376,-0.5961562395095825,4.3622355461120605,-0.4644751250743866
1790031731435908000,15.235908203125,-1.5394717454910278,5.2049946784973145,-0.8834604024887085
1790031731445948400,15.245948486328125,-2.425326347351074,4.326322555541992,-0.586579442024231
1790031731455958300,15.255958251953125,-3.1890766620635986,2.9257144927978516,-0.8571242094039917
1790031731465967900,15.2659677734375,-3.4380736351013184,2.5761611461639404,-0.7709329724311829
1790031731475977700,15.275977783203125,-2.5929205417633057,1.6735470294952393,0.4141969084739685
1790031731485987600,15.285987548828125,-1.4676456451416016,2.205059766769409,1.3335703611373901
1790031731495997200,15.2959970703125,-1.5514427423477173,2.5665841102600098,0.689530074596405
1790031731526026500,15.326026611328125,-3.4739866256713867,3.5194764137268066,-2.4827871322631836
1790031731556086300,15.356086181640626,-2.0254945755004883,2.5091233253479004,-1.6208745241165161
1790031731566096100,15.36609619140625,-1.5825673341751099,5.03021764755249,-2.3750481605529785
1790031731576106000,15.37610595703125,-2.3942017555236816,3.794809579849243,-2.1116859912872314
1790031731586115600,15.386115478515626,-2.9328970909118652,2.6360161304473877,-2.051830768585205
1790031731596125400,15.39612548828125,-3.7277719974517822,2.1140801906585693,-2.382230758666992
1790031731686304800,15.4863046875,-3.4979286193847656,-0.5291185975074768,-2.4420857429504395
1790031731776423200,15.576423095703126,-3.3734302520751953,-2.499546527862549,-2.497152328491211
1790031731806513700,15.606513671875,-3.7493197917938232,-4.345476150512695,-2.1954829692840576
1790031731816523300,15.616523193359376,-3.5745432376861572,-5.023035049438477,-2.2888567447662354
1790031731826563600,15.6265634765625,-3.155557870864868,-4.517858505249023,-2.10210919380188
1790031731836573400,15.636573486328125,-3.2345664501190186,-4.458003520965576,-2.0638017654418945
1790031731846613800,15.64661376953125,-2.940079689025879,-4.5394062995910645,-2.3558945655822754
1790031731856654000,15.656654052734375,-2.762908697128296,-4.431667327880859,-2.2457611560821533
1790031731876673500,15.676673583984375,-2.2002713680267334,-4.963180065155029,-1.9345149993896484
1790031731906794200,15.706794189453126,-1.4652514457702637,-6.378153324127197,-0.646434485912323
1790031731916804000,15.71680419921875,-1.314416766166687,-5.875370979309082,-0.6224924325942993
1790031731926844400,15.726844482421875,-1.5682021379470825,-5.6670756340026855,-0.950498104095459
1790031731936884700,15.736884765625,-1.8770540952682495,-5.904101371765137,-0.9888052940368652
1790031731946925000,15.746925048828125,-1.4939818382263184,-5.700594425201416,-0.9696516990661621
1790031731956934700,15.7569345703125,-1.4077905416488647,-5.559336185455322,-0.8188169598579407
1790031732017023700,15.817023681640626,-1.501164436340332,-4.788403511047363,-0.3495534360408783
1790031732037043500,15.83704345703125,-0.7254431247711182,-5.078101634979248,-0.8068459630012512
1790031732067103200,15.867103271484375,-1.048660397529602,-4.285621166229248,-0.9552865028381348
1790031732077112800,15.87711279296875,-1.2210428714752197,-3.8355112075805664,-1.1180921792984009
1790031732087184000,15.887183837890625,-1.4413094520568848,-3.7181951999664307,-0.6344634294509888
1790031732097224000,15.897223876953126,-1.338358759880066,-3.56017804145813,-0.2561795711517334
1790031732107233800,15.90723388671875,-0.7254431247711182,-3.9025487899780273,0.004788403399288654
1790031732117243600,15.91724365234375,-0.8212111592292786,-4.180276393890381,-0.5530605912208557
1790031732127284000,15.927283935546875,-1.2258312702178955,-3.840299606323242,-1.1228805780410767
1790031732137293600,15.93729345703125,-1.1851298809051514,-3.445256233215332,-1.235408067703247
1790031732147303400,15.947303466796875,-1.2545616626739502,-2.655169725418091,-0.9983820915222168
1790031732157343700,15.95734375,-0.9074024558067322,-2.9233202934265137,-0.1604115068912506
1790031732167384000,15.967384033203125,-0.6512228846549988,-2.6839001178741455,0.031124621629714966
1790031732177393700,15.9773935546875,-0.667982280254364,-2.406172752380371,-0.5363011956214905
1790031732207423000,16.007423095703125,-1.170764684677124,-2.274491548538208,-0.3447650372982025
1790031732217432800,16.017432861328125,-1.577778935432434,-1.800439715385437,-1.048660397529602
1790031732227473200,16.02747314453125,-1.802833914756775,-1.8363527059555054,-1.1252747774124146
1790031732237482800,16.037482666015624,-1.2880805730819702,-2.183511972427368,-0.5386953949928284
1790031732247492600,16.04749267578125,-0.6967126727104187,-1.1971008777618408,-0.5817909836769104
1790031732257533000,16.057532958984375,-1.6950948238372803,-0.4572925269603729,-0.7350199222564697
1790031732267542500,16.06754248046875,-2.10210919380188,-1.036689281463623,-0.8523358106613159
1790031732277552400,16.077552490234375,-2.387019157409668,-0.9528923034667969,-0.7924807667732239
1790031732287562200,16.087562255859375,-2.6575639247894287,-1.259350061416626,-0.6991068720817566
1790031732297571800,16.09757177734375,-2.983175277709961,-1.6855180263519287,-0.6631938815116882
1790031732317622000,16.1176220703125,-2.183511972427368,-1.5490485429763794,-0.8882488012313843
1790031732357630500,16.15763037109375,-2.3582887649536133,-0.304063618183136,-1.0271124839782715
1790031732387751400,16.18775146484375,-1.482010841369629,-1.235408067703247,-1.0007762908935547
1790031732397791700,16.197791748046875,-1.3766659498214722,0.7038952708244324,-1.5490485429763794
1790031732417841700,16.217841552734374,-1.455674648284912,0.3256114423274994,-0.950498104095459
1790031732427851500,16.2278515625,-1.8195933103561401,0.629675030708313,-1.6831238269805908
1790031732437891800,16.237891845703125,-2.185906171798706,-0.4884171485900879,-1.6089035272598267
1790031732447932200,16.24793212890625,-2.1284453868865967,-1.946485996246338,-0.4429273009300232
1790031732457941800,16.257941650390624,-1.8531121015548706,-1.766920804977417,0.05267243832349777
1790031732467982000,16.267982177734375,-1.9991583824157715,-0.31842881441116333,-0.8427590131759644
1790031732478022400,16.2780224609375,-1.742978811264038,0.7613561153411865,-2.0374655723571777
1790031732488032300,16.2880322265625,-1.3862427473068237,1.0965443849563599,-2.408566951751709
1790031732498041900,16.298041748046874,-1.4269442558288574,0.993593692779541,-1.4460978507995605
1790031732508051700,16.3080517578125,-1.7118542194366455,0.4908113479614258,-0.7852981686592102
1790031732538050600,16.338050537109375,-1.98958158493042,-1.4173674583435059,-0.272938996553421
1790031732598231000,16.39823095703125,-1.2952631711959839,-0.023942016065120697,-0.1628057211637497
1790031732608241000,16.408240966796875,-1.9081788063049316,-0.040701430290937424,-0.5434837937355042
1790031732618250800,16.418250732421875,-2.0231003761291504,-0.363918662071228,-0.849941611289978
1790031732628290800,16.428290771484374,-2.3343467712402344,-0.13407529890537262,-1.3766659498214722
1790031732658320100,16.458320068359374,-1.558625340461731,1.7405846118927002,-1.8052281141281128
1790031732678370300,16.478370361328125,-0.9911994934082031,2.054224967956543,-1.2880805730819702
1790031732688380200,16.488380126953125,-1.0247182846069336,1.7956513166427612,-1.2737152576446533
1790031732698389800,16.4983896484375,-0.7876923680305481,0.8020575642585754,-1.3048399686813354
1790031732708399600,16.508399658203125,-0.6775590777397156,0.3711012601852417,-0.8523358106613159
1790031732718409500,16.518409423828125,-0.5770025849342346,-0.38307225704193115,-0.7541735172271729
1790031732728449500,16.528449462890624,-0.8403648138046265,-0.1173158809542656,-1.0678139925003052
1790031732738489900,16.53848974609375,-1.1420341730117798,0.2777273952960968,-1.4221558570861816
1790031732748499700,16.548499755859375,-0.8954314589500427,1.2449848651885986,-1.53707754611969
1790031732778559500,16.5785595703125,-0.16759411990642548,1.280897855758667,-0.8643068075180054
1790031732838648600,16.638648681640625,-1.0869675874710083,0.7972691655158997,-0.8978256583213806
1790031732918787800,16.718787841796875,-0.5267243981361389,0.0071826050989329815,-1.2306196689605713
1790031732928828200,16.728828125,-0.45010992884635925,0.1388636976480484,-1.3215993642807007
1790031732948878000,16.748878173828125,-0.33758243918418884,0.014365210197865963,-0.9528923034667969
1790031732968897500,16.7688974609375,-0.3519476354122162,-0.24420857429504395,-0.5219359993934631
1790031732978937900,16.778937744140624,-0.40222588181495667,-0.545877993106842,-0.6272808313369751
1790031732988978200,16.788978271484375,-0.4884171485900879,-0.3998316824436188,-0.8475474119186401
1790031732998988000,16.798988037109375,-0.7924807667732239,-0.1843535304069519,-1.0989385843276978
1790031733008997600,16.80899755859375,-0.9145850539207458,0.20111294090747833,-1.2210428714752197
1790031733019038000,16.819037841796874,-0.8451532125473022,0.09816227108240128,-1.1276689767837524
1790031733029047800,16.8290478515625,-0.6272808313369751,-0.019153613597154617,-0.751779317855835
1790031733039057700,16.8390576171875,-0.4644751250743866,0.014365210197865963,-0.33518823981285095
1790031733049067300,16.8490673828125,-0.7038952708244324,0.3208230137825012,-0.3902548849582672
1790031733059107600,16.859107666015625,-0.6919242739677429,0.15322890877723694,-0.5171475410461426
1790031733069117400,16.869117431640625,-0.524330198764801,0.09816227108240128,-0.3064578175544739
1790031733079157800,16.87915771484375,-0.47405192255973816,0.1364694982767105,-0.2585737705230713
1790031733099207700,16.899207763671875,-0.43335050344467163,0.20350714027881622,-0.5123591423034668
1790031733109217500,16.909217529296875,-0.33997663855552673,0.19393034279346466,-0.3663128614425659
1790031733129237000,16.929237060546875,-0.15562310814857483,0.2849099934101105,-0.4118026793003082
1790031733149287000,16.949286865234374,-0.16519992053508759,0.10773907601833344,-0.17238251864910126
1790031733159296800,16.959296875,-0.22505496442317963,-0.09576806426048279,-0.17238251864910126
1790031733179347000,16.979346923828125,-0.22266076505184174,-0.12689268589019775,-0.09576806426048279
1790031733199427300,16.99942724609375,-0.40940847992897034,-0.08379705995321274,-0.3447650372982025
1790031733209437200,17.009437255859375,-0.21787235140800476,-0.28969839215278625,-0.1843535304069519
1790031733239558100,17.03955810546875,-0.6105214357376099,-0.14844051003456116,0.16519992053508759
1790031733249567700,17.049567626953124,-0.5889736413955688,-0.38307225704193115,-0.14844051003456116
1790031733259608000,17.059608154296875,-0.7038952708244324,-0.4572925269603729,-0.24899697303771973
1790031733269618000,17.069617919921875,-0.6177040338516235,-0.4381389021873474,-0.10773907601833344
1790031733289667800,17.089667724609374,-0.3998316824436188,-0.33518823981285095,0.11013327538967133
1790031733329768000,17.129767822265624,-0.6823474764823914,-0.09816227108240128,0.11013327538967133
1790031733379816700,17.179816650390624,-0.3687070608139038,-1.403002142906189,0.26336219906806946
1790031733399867000,17.199866943359375,-0.5578489899635315,0.272938996553421,0.24420857429504395
1790031733409876700,17.209876708984375,-0.181959331035614,-0.11252748221158981,0.6177040338516235
1790031733419916800,17.219916748046874,0.22505496442317963,-0.1867477297782898,0.7422025203704834
1790031733429926700,17.2299267578125,-0.08140286058187485,0.5291185975074768,0.3232172429561615
1790031733439936500,17.2399365234375,-0.272938996553421,0.9289502501487732,0.21547815203666687
1790031733450007300,17.25000732421875,-0.33039984107017517,1.6089035272598267,0.272938996553421
1790031733460017000,17.260016845703124,-0.272938996553421,1.7956513166427612,0.3687070608139038
1790031733490046200,17.290046142578124,-0.5817909836769104,2.1164743900299072,1.1228805780410767
1790031733540156200,17.34015625,-0.6943184733390808,2.999934673309326,0.8331822156906128
1790031733550166000,17.350166015625,-0.6224924325942993,3.2752678394317627,1.2473790645599365
1790031733560175600,17.360175537109374,-0.42377370595932007,3.5194764137268066,1.2880805730819702
1790031733570185500,17.370185546875,-0.49320554733276367,3.797203779220581,1.139639973640442
1790031733600214800,17.40021484375,-0.6344634294509888,3.3686418533325195,0.7445967197418213
1790031733610255000,17.410255126953125,-0.6368576288223267,3.509899616241455,0.5482721924781799
1790031733620264700,17.4202646484375,-0.8906430602073669,3.5721490383148193,0.42377370595932007
1790031733630305000,17.430304931640624,-1.4891934394836426,4.003105163574219,-0.05027823522686958
1790031733640345300,17.440345458984375,-2.126051187515259,3.754108190536499,-0.37828385829925537
1790031733650385700,17.4503857421875,-1.98958158493042,3.5721490383148193,-0.026336219161748886
1790031733660426000,17.460426025390625,-1.9345149993896484,3.780444383621216,0.7350199222564697
1790031733670435800,17.470435791015625,-2.5546131134033203,3.9217023849487305,1.0558429956436157
1790031733700526000,17.500526123046875,-3.1699230670928955,4.414907932281494,-1.8315643072128296
1790031733710536000,17.510535888671875,-3.0358476638793945,3.845088005065918,-1.3646949529647827
1790031733720576000,17.520575927734374,-2.7724854946136475,3.6942532062530518,-0.43335050344467163
1790031733730616300,17.5306162109375,-2.406172752380371,2.8203697204589844,-0.15322890877723694
1790031733740656600,17.54065673828125,-1.9919757843017578,2.0901381969451904,-0.7948749661445618
1790031733750666500,17.55066650390625,-2.118868589401245,1.9704279899597168,-1.601720929145813
1790031733760676000,17.560676025390624,-1.8171991109848022,2.2888567447662354,-1.601720929145813
1790031733770716400,17.57071630859375,-1.4437036514282227,2.1787235736846924,-1.1492167711257935
1790031733790736100,17.590736083984375,-1.0678139925003052,2.1068975925445557,-1.0055646896362305
1790031733860896000,17.66089599609375,-1.800439715385437,0.4692635238170624,-1.5179238319396973
1790031733931055900,17.731055908203125,-4.345476150512695,-1.0199298858642578,-2.5953147411346436
1790031733951075300,17.751075439453125,-3.3925838470458984,-0.21308395266532898,-2.094926595687866
1790031733961085200,17.761085205078125,-3.2561142444610596,0.15801730751991272,-1.968033790588379
1790031733971125500,17.77112548828125,-3.3901896476745605,-0.2513911724090576,-1.5753847360610962
1790031733981135000,17.781135009765624,-3.157952070236206,-1.5442601442337036,-1.2330138683319092
1790031733991175400,17.791175537109375,-2.6839001178741455,-1.5179238319396973,-1.460463047027588
1790031734001185300,17.801185302734375,-2.738966703414917,-1.6663644313812256,-1.987187385559082
1790031734011256000,17.811256103515625,-2.8443117141723633,-1.460463047027588,-2.4013843536376953
1790031734021265700,17.821265625,-2.9903578758239746,-1.7334020137786865,-2.719813108444214
1790031734031275500,17.831275634765625,-2.9688100814819336,-1.9249382019042969,-2.410961151123047
1790031734071375600,17.871375732421875,-2.894589900970459,-1.9776105880737305,-1.4748282432556152
1790031734081385500,17.881385498046875,-2.5067291259765625,-3.428496837615967,-1.7525556087493896
1790031734091395000,17.89139501953125,-2.6815059185028076,-3.5003228187561035,-2.1954829692840576
1790031734101405000,17.901405029296875,-2.6024973392486572,-3.804386615753174,-2.3989901542663574
1790031734111414800,17.911414794921875,-2.406172752380371,-3.9600095748901367,-2.2816741466522217
1790031734121424400,17.92142431640625,-2.315192937850952,-4.041412353515625,-1.8794482946395874
1790031734131464700,17.931464599609374,-2.3989901542663574,-4.185064792633057,-1.4963760375976562
1790031734151484400,17.951484375,-2.2816741466522217,-3.4835634231567383,-1.3192051649093628
1790031734161494000,17.961493896484374,-1.922544002532959,-3.6798880100250244,-1.482010841369629
1790031734171534300,17.971534423828125,-1.4389152526855469,-4.110844135284424,-1.5634137392044067
1790031734181544200,17.981544189453125,-0.5051765441894531,-4.113238334655762,-2.0183119773864746
1790031734191553800,17.9915537109375,-0.9169792532920837,-3.797203779220581,-2.2242133617401123
1790031734201563600,18.001563720703125,-0.912190854549408,-3.9695863723754883,-1.5921441316604614
1790031734211604000,18.01160400390625,-1.1420341730117798,-4.177882194519043,-0.6416460275650024
1790031734221644300,18.021644287109375,-1.6136919260025024,-4.460397720336914,-0.19393034279346466
1790031734231684600,18.0316845703125,-1.5873557329177856,-5.054159641265869,-0.2513911724090576
1790031734271754000,18.07175390625,-1.2832920551300049,-4.256890773773193,-1.4053963422775269
1790031734311793200,18.111793212890625,-0.8475474119186401,-4.982333660125732,0.21787235140800476
1790031734321803000,18.121802978515625,-1.292868971824646,-4.733336925506592,-0.22266076505184174
1790031734341761300,18.14176123046875,-1.194706678390503,-4.4939165115356445,-0.9241618514060974
1790031734361842000,18.161842041015625,-0.9050082564353943,-3.579331636428833,-0.1867477297782898
1790031734371821300,18.1718212890625,-1.2832920551300049,-3.4979286193847656,-0.2082955539226532
1790031734381861400,18.181861328125,-0.8906430602073669,-3.971980571746826,-0.31124621629714966
1790031734401911600,18.20191162109375,-1.4389152526855469,-3.354276657104492,-0.8331822156906128
1790031734411921400,18.21192138671875,-1.3838485479354858,-3.6104562282562256,-0.4644751250743866
1790031734441981200,18.241981201171875,-1.6136919260025024,-3.1675288677215576,-0.6033388376235962
1790031734462061600,18.2620615234375,-1.7357962131500244,-3.3039982318878174,-0.7158663272857666
1790031734492091000,18.2920908203125,-1.766920804977417,-2.6431987285614014,-0.8978256583213806
1790031734552180200,18.35218017578125,-2.5929205417633057,-1.7501614093780518,-2.056619167327881
1790031734582209300,18.382209228515624,-2.0925323963165283,-1.45806884765625,-0.7422025203704834
1790031734602290000,18.4022900390625,-2.604891538619995,-0.9169792532920837,-1.2090718746185303
1790031734612299800,18.4122998046875,-2.540247917175293,-0.7781155705451965,-2.0039467811584473
1790031734622309400,18.422309326171874,-2.3918075561523438,-0.27054479718208313,-1.9512743949890137
1790031734642359600,18.442359619140625,-2.145204782485962,-0.8020575642585754,-1.1683704853057861
1790031734652369400,18.452369384765625,-1.9967641830444336,-0.8786720037460327,-0.7015010714530945
1790031734742518300,18.542518310546875,-1.8770540952682495,0.19632454216480255,-1.4700398445129395
1790031734792597500,18.592597412109374,-1.7310078144073486,-0.023942016065120697,-0.8475474119186401
1790031734822657300,18.6226572265625,-2.27209734916687,-0.28730419278144836,-1.4628572463989258
1790031734842707500,18.64270751953125,-1.7860745191574097,0.48602294921875,-1.280897855758667
1790031734852717300,18.65271728515625,-2.0254945755004883,1.1899182796478271,-1.0127472877502441
1790031734862727000,18.662726806640624,-2.121262788772583,0.629675030708313,-0.8595184087753296
1790031734872736800,18.67273681640625,-1.7717092037200928,0.3663128614425659,-0.8236053586006165
1790031734882746600,18.68274658203125,-1.6735470294952393,-0.24899697303771973,-1.3024457693099976
1790031734892786700,18.69278662109375,-1.5179238319396973,0.1149216815829277,-1.314416766166687
1790031734912836900,18.7128369140625,-1.1994950771331787,-0.47644615173339844,-1.3886369466781616
1790031734942896600,18.742896728515625,-1.2234370708465576,0.2322375625371933,-1.644816517829895
1790031734952937000,18.75293701171875,-0.9193734526634216,0.35434186458587646,-1.3287819623947144
1790031734962916000,18.762916015625,-0.5267243981361389,0.7398083209991455,-0.8667010068893433
1790031734982996700,18.782996826171875,-0.6320692300796509,-1.0223240852355957,-1.1444283723831177
1790031734993037000,18.793037109375,-1.2306196689605713,-0.5051765441894531,-1.2713210582733154
1790031735043116300,18.8431162109375,-1.7190368175506592,-0.29209262132644653,-1.455674648284912
1790031735053126100,18.853126220703125,-0.9457096457481384,0.19153612852096558,-1.45806884765625
1790031735063166500,18.86316650390625,-0.4692635238170624,0.4668693244457245,-0.8212111592292786
1790031735073176000,18.873176025390624,-0.5386953949928284,0.7038952708244324,-0.629675030708313
1790031735083216400,18.88321630859375,-0.6057330369949341,0.45010992884635925,-0.7206547260284424
1790031735093256700,18.893256591796874,-0.6033388376235962,0.07422025501728058,-0.8858546018600464
1790031735103266600,18.9032666015625,-0.8212111592292786,0.19871874153614044,-1.113303780555725
1790031735113276400,18.9132763671875,-1.0558429956436157,-0.07661445438861847,-1.2976573705673218
1790031735123286000,18.9232861328125,-1.1563993692398071,-0.12928688526153564,-1.2497732639312744
1790031735133356800,18.933356689453124,-1.3024457693099976,0.5961562395095825,-1.1851298809051514
1790031735143366700,18.94336669921875,-1.0797849893569946,0.08858546614646912,-0.9552865028381348
1790031735153376500,18.95337646484375,-0.933738648891449,0.07900865375995636,-0.7469909191131592
1790031735163355600,18.963355712890625,-1.0821791887283325,0.2968810200691223,-0.5171475410461426
1790031735173396000,18.97339599609375,-1.170764684677124,0.5889736413955688,-0.646434485912323
1790031735183405600,18.983405517578124,-0.8930372595787048,0.7206547260284424,-0.7565677165985107
1790031735193446000,18.99344580078125,-0.6392518281936646,0.6847416758537292,-0.8236053586006165
1790031735203455700,19.003455810546875,-0.5889736413955688,0.8331822156906128,-0.7398083209991455
1790031735223536400,19.023536376953125,-0.6799532771110535,0.5003881454467773,-0.9050082564353943
1790031735243586300,19.04358642578125,-0.9241618514060974,0.5434837937355042,-1.0031704902648926
1790031735253626600,19.053626708984375,-0.9672574996948242,0.2777273952960968,-0.4405331015586853
1790031735263636500,19.063636474609375,-0.8810662031173706,0.27054479718208313,-0.06703764945268631
1790031735273676800,19.0736767578125,-0.7445967197418213,0.5219359993934631,-0.2825157940387726
1790031735293696300,19.0936962890625,-0.545877993106842,0.7565677165985107,-0.35434186458587646
1790031735313777000,19.11377685546875,-0.4189853072166443,0.7924807667732239,-0.36152446269989014
1790031735343836700,19.143836669921875,-0.5099649429321289,0.33518823981285095,-0.15083470940589905
1790031735353846300,19.15384619140625,-0.7637503147125244,-0.0071826050989329815,-0.023942016065120697
1790031735363856100,19.163856201171875,-0.4165911078453064,-0.6919242739677429,0.17238251864910126
1790031735373866000,19.173865966796875,-0.5386953949928284,-0.24181437492370605,-0.0933738648891449
1790031735383875600,19.18387548828125,-0.43335050344467163,0.14844051003456116,-0.33758243918418884
1790031735393916000,19.193916015625,-0.272938996553421,0.28730419278144836,-0.31603461503982544
1790031735403925800,19.20392578125,-0.07900865375995636,0.26815059781074524,-0.272938996553421
1790031735413966000,19.213966064453125,-0.07900865375995636,0.08619125932455063,0.0454898327589035
1790031735423975700,19.2239755859375,-0.16519992053508759,0.1173158809542656,0.19632454216480255
1790031735454005000,19.2540048828125,-0.507570743560791,-0.3926490843296051,-0.2992752194404602
1790031735464014800,19.264014892578125,-0.6057330369949341,-0.3064578175544739,-0.17238251864910126
1790031735474024700,19.274024658203125,-0.828393816947937,-0.2537853717803955,-0.2801215946674347
1790031735484064800,19.284064697265624,-0.8523358106613159,-0.545877993106842,-0.44532153010368347
1790031735494074600,19.29407470703125,-0.8930372595787048,-0.4572925269603729,-0.42856210470199585
1790031735504084500,19.30408447265625,-0.8092401623725891,-0.0933738648891449,-0.2968810200691223
1790031735514094000,19.314093994140624,-0.5985504388809204,-0.12928688526153564,-0.20111294090747833
1790031735574244400,19.374244384765625,-0.31124621629714966,-0.5985504388809204,-0.26336219906806946
1790031735584284700,19.38428466796875,-0.31603461503982544,-0.6009446382522583,0.10295066982507706
1790031735594325000,19.394324951171875,-0.4357447028160095,-0.37828385829925537,-0.05985504388809204
1790031735614375000,19.414375,-0.43095630407333374,-0.3423708379268646,-0.40222588181495667
1790031735624384800,19.424384765625,-0.3471592366695404,-0.3711012601852417,-0.3495534360408783
1790031735634394400,19.434394287109374,-0.4213795065879822,-0.38307225704193115,-0.23942017555236816
1790031735644404200,19.444404296875,-0.4596867263317108,-0.7230489253997803,-0.0933738648891449
1790031735654414000,19.4544140625,-0.2992752194404602,-1.1875240802764893,0.4668693244457245
1790031735674433500,19.47443359375,-0.43095630407333374,-0.6607996821403503,0.4189853072166443
1790031735684443400,19.484443359375,-0.33518823981285095,-0.6607996821403503,-0.0694318488240242
1790031735694453000,19.494452880859374,-0.2849099934101105,-0.6200982332229614,-0.19393034279346466
1790031735744532500,19.544532470703125,-0.15562310814857483,-0.5554547905921936,0.40701428055763245
1790031735764552000,19.564552001953125,0.009576806798577309,-0.4620809257030487,0.18914192914962769
1790031735794611700,19.59461181640625,0.0071826050989329815,-0.47405192255973816,0.40462008118629456
1790031735844721700,19.6447216796875,0.16998831927776337,0.5434837937355042,0.8236053586006165
1790031735854731300,19.654731201171874,0.009576806798577309,0.727837324142456,-0.011971008032560349
1790031735894801000,19.69480078125,-0.11971008777618408,1.0893617868423462,0.2082955539226532
1790031735914851000,19.71485107421875,-0.33518823981285095,1.680729627609253,-0.06224924325942993
1790031735934962200,19.734962158203125,-0.2585737705230713,1.8962076902389526,0.3758896589279175
1790031735954981600,19.754981689453125,-0.26575639843940735,2.276885747909546,0.8331822156906128
1790031735964991500,19.764991455078125,-0.47884035110473633,2.0829553604125977,0.2322375625371933
1790031735975031600,19.775031494140624,-0.16998831927776337,2.0446481704711914,-0.4405331015586853
1790031735985011000,19.785010986328125,-0.31603461503982544,2.3798365592956543,-1.113303780555725
1790031736005060900,19.805060791015624,-0.4405331015586853,3.1076738834381104,0.2513911724090576
1790031736015070700,19.81507080078125,-0.6129156351089478,2.935291290283203,0.6440402865409851
1790031736025080600,19.82508056640625,-0.608127236366272,3.1220390796661377,0.1149216815829277
1790031736035090200,19.835090087890624,-0.5746083855628967,3.203441858291626,-0.2561795711517334
1790031736045130500,19.845130615234375,-0.6727706789970398,2.628833532333374,-0.4165911078453064
1790031736055140400,19.855140380859375,-0.6488286852836609,2.5234885215759277,-0.40462008118629456
1790031736065150000,19.86514990234375,-1.158793568611145,2.9281086921691895,-0.304063618183136
1790031736075159800,19.875159912109375,-1.2186486721038818,2.82515811920166,0.05027823522686958
1790031736145319700,19.945319580078124,-1.8315643072128296,3.047818660736084,-0.7350199222564697
1790031736165369900,19.965369873046875,-1.6903064250946045,2.9305028915405273,-1.0773907899856567
1790031736185450200,19.9854501953125,-2.0159177780151367,2.5737667083740234,-1.0199298858642578
1790031736225519900,20.025519775390624,-1.8148049116134644,2.164358377456665,-1.8267759084701538
1790031736235560200,20.035560302734375,-1.4867992401123047,3.84269380569458,-1.5538369417190552
1790031736245600500,20.0456005859375,-1.113303780555725,4.505887508392334,-1.0558429956436157
1790031736255610400,20.0556103515625,-1.1516109704971313,3.112462282180786,-0.8930372595787048
1790031736265620000,20.065619873046874,-1.6424223184585571,1.7884687185287476,-1.3431471586227417
1790031736275629800,20.0756298828125,-2.477998733520508,-0.035913024097681046,-0.8667010068893433
1790031736285670100,20.085670166015625,-3.9671921730041504,0.3758896589279175,-1.2473790645599365
1790031736295679700,20.0956796875,-4.390965938568115,0.7948749661445618,-2.363077163696289
1790031736305689600,20.105689697265625,-3.598485231399536,2.0446481704711914,-2.1547815799713135
1790031736315699500,20.115699462890625,-3.2968156337738037,2.319981336593628,-1.7190368175506592
1790031736325739800,20.12573974609375,-3.3039982318878174,1.7836803197860718,-1.680729627609253
1790031736335749400,20.135749267578124,-3.8977603912353516,1.7884687185287476,-2.0614075660705566
1790031736345789700,20.145789794921875,-4.003105163574219,1.9919757843017578,-2.3056161403656006
1790031736355799600,20.155799560546875,-3.4356794357299805,1.6352397203445435,-2.5258827209472656
1790031736365809200,20.16580908203125,-3.5051112174987793,1.292868971824646,-2.5977089405059814
1790031736375819000,20.175819091796875,-3.5051112174987793,-0.42856210470199585,-1.8626888990402222
1790031736385828900,20.185828857421875,-3.598485231399536,-0.3208230137825012,-2.123656988143921
1790031736405878800,20.205878662109374,-3.6080620288848877,-1.4844050407409668,-2.319981336593628
1790031736415949600,20.215949462890624,-2.9735984802246094,-1.4963760375976562,-2.161964178085327
1790031736425959400,20.22595947265625,-2.853888511657715,-1.1516109704971313,-2.365471363067627
1790031736446070500,20.246070556640625,-2.628833532333374,-2.073378562927246,-2.255337953567505
1790031736486170600,20.286170654296875,-3.0861260890960693,-2.557007312774658,-2.1356279850006104
1790031736516260900,20.3162607421875,-2.8993782997131348,-4.01268196105957,-1.8267759084701538
1790031736546351400,20.346351318359375,-2.7222073078155518,-2.1715409755706787,-1.6974890232086182
1790031736556391400,20.356391357421874,-3.023876667022705,-3.160346269607544,-1.558625340461731
1790031736566462200,20.366462158203124,-3.406949043273926,-4.185064792633057,-1.6903064250946045
1790031736576472000,20.37647216796875,-3.9384617805480957,-5.530605792999268,-1.4748282432556152
1790031736626582000,20.42658203125,-2.425326347351074,-3.751713991165161,-1.3024457693099976
1790031736636591600,20.436591552734374,-2.5474305152893066,-3.28963303565979,-1.1013327836990356
1790031736646632000,20.4466318359375,-2.6575639247894287,-3.845088005065918,-0.9744400978088379
1790031736696772400,20.4967724609375,-1.2832920551300049,-4.934449672698975,-1.292868971824646
1790031736736842000,20.536842041015625,-0.7326257228851318,-3.6391866207122803,-0.933738648891449
1790031736746882300,20.54688232421875,-1.0965443849563599,-3.84269380569458,-0.933738648891449
1790031736756892000,20.556891845703124,-0.5961562395095825,-4.611232280731201,-0.6607996821403503
1790031736766901800,20.56690185546875,-0.5913678407669067,-4.6471452713012695,-0.090979665517807
1790031736776911600,20.57691162109375,-0.7565677165985107,-4.874594688415527,0.3926490843296051
1790031736786952000,20.586951904296875,-0.9720458984375,-4.90571928024292,0.05985504388809204
1790031736796961500,20.59696142578125,-1.3048399686813354,-4.51067590713501,-0.2561795711517334
1790031736806971400,20.606971435546875,-1.3407529592514038,-4.146757125854492,-0.4884171485900879
1790031736837000700,20.637000732421875,-1.4460978507995605,-3.3854012489318848,-0.5626373887062073
1790031736847010300,20.64701025390625,-1.161187767982483,-4.05817174911499,0.16998831927776337
1790031736857050600,20.657050537109374,-1.259350061416626,-3.8379054069519043,0.24181437492370605
1790031736877100800,20.677100830078125,-1.9153614044189453,-3.4835634231567383,-0.790086567401886
1790031736887110400,20.6871103515625,-1.764526605606079,-3.292027235031128,-0.5650315880775452
1790031736897120300,20.697120361328125,-1.644816517829895,-2.9089550971984863,-0.3471592366695404
1790031736907160600,20.70716064453125,-1.922544002532959,-2.583343744277954,-0.7876923680305481
1790031736937220400,20.737220458984375,-1.9488801956176758,-2.3558945655822754,-0.5363011956214905
1790031736947230200,20.747230224609375,-1.8962076902389526,-2.408566951751709,-0.6033388376235962
1790031736957209300,20.757209228515624,-2.0470423698425293,-2.5450363159179688,-0.8331822156906128
1790031736967249700,20.767249755859375,-2.1930887699127197,-2.43011474609375,-0.8164227604866028
1790031737007288800,20.807288818359375,-2.3271639347076416,-1.86508309841156,-0.7661445140838623
1790031737027308300,20.827308349609375,-0.8379706144332886,-1.3072341680526733,-0.9193734526634216
1790031737037318100,20.837318115234375,-1.623268723487854,-1.0797849893569946,-1.5969325304031372
1790031737077387500,20.877387451171874,-2.801215887069702,-2.013523578643799,-1.5753847360610962
1790031737087427800,20.887427734375,-2.9161376953125,-1.0534487962722778,-2.4803929328918457
1790031737117487600,20.917487548828124,-2.5785553455352783,0.2082955539226532,-2.123656988143921
1790031737137568300,20.937568359375,-2.2625205516815186,-0.19393034279346466,-1.6065093278884888
1790031737147578000,20.947578125,-2.7724854946136475,-0.2777273952960968,-1.723825216293335
1790031737157587700,20.957587646484374,-3.1938650608062744,-0.7398083209991455,-2.0638017654418945
1790031737167628000,20.9676279296875,-3.861847400665283,-0.4429273009300232,-2.2888567447662354
1790031737177638000,20.977637939453125,-3.861847400665283,-0.5195417404174805,-1.9129672050476074
1790031737187678200,20.98767822265625,-3.404554843902588,0.17717093229293823,-1.656787633895874
1790031737197657300,20.9976572265625,-2.695871114730835,0.7637503147125244,-1.3215993642807007
1790031737207697700,21.00769775390625,-1.8914192914962769,1.9153614044189453,-1.3934253454208374
1790031737217707500,21.01770751953125,-1.778891921043396,1.8746598958969116,-1.0199298858642578
1790031737247828200,21.047828125,-2.6240451335906982,-0.11971008777618408,-0.8786720037460327
1790031737257838000,21.057838134765625,-2.7748796939849854,-0.8475474119186401,-0.912190854549408
1790031737267878400,21.06787841796875,-2.63362193107605,-0.09576806426048279,-0.7398083209991455
1790031737287928300,21.08792822265625,-1.8387469053268433,0.6440402865409851,-0.5482721924781799
1790031737297938200,21.097938232421875,-1.6974890232086182,1.0797849893569946,-0.49559974670410156
1790031737307948000,21.107947998046875,-1.8555063009262085,1.2306196689605713,-0.7110779285430908
1790031737318018800,21.118018798828125,-2.2026655673980713,1.3024457693099976,-0.871489405632019
1790031737338068700,21.13806884765625,-1.7932571172714233,0.7805097699165344,-1.280897855758667
1790031737388178700,21.1881787109375,-1.8291701078414917,0.19153612852096558,-0.8523358106613159
1790031737398188300,21.198188232421874,-1.9081788063049316,0.2561795711517334,-0.9097966551780701
1790031737438258000,21.2382578125,-1.414973258972168,0.28730419278144836,-1.5945383310317993
1790031737468317700,21.268317626953124,-1.290474772453308,0.28969839215278625,-0.3711012601852417
1790031737478327600,21.27832763671875,-1.4939818382263184,0.5027823448181152,-1.170764684677124
1790031737498377700,21.298377685546875,-1.644816517829895,0.1843535304069519,-1.173158884048462
1790031737528437500,21.3284375,-1.1659762859344482,0.18914192914962769,-1.1300631761550903
1790031737538447000,21.338447021484374,-1.1180921792984009,0.23942017555236816,-1.2856862545013428
1790031737548487400,21.3484873046875,-0.9074024558067322,0.090979665517807,-1.1563993692398071
1790031737558497300,21.358497314453125,-0.871489405632019,0.10295066982507706,-0.933738648891449
1790031737568568000,21.368568115234375,-0.9911994934082031,-0.033518824726343155,-0.9911994934082031
1790031737578608400,21.3786083984375,-1.1013327836990356,-0.1364694982767105,-1.0582371950149536
1790031737608668200,21.408668212890625,-1.2042834758758545,-0.6392518281936646,-1.0079588890075684
1790031737628687600,21.4286875,-1.3407529592514038,-0.5841852426528931,-0.6416460275650024
1790031737638728000,21.43872802734375,-1.3215993642807007,-0.5003881454467773,-0.33997663855552673
1790031737668757200,21.46875732421875,-0.9768342971801758,-0.9648633003234863,-0.9528923034667969
1790031737698847500,21.498847412109374,-0.395043283700943,-0.4405331015586853,-0.5889736413955688
1790031737718867200,21.5188671875,0.026336219161748886,-0.014365210197865963,-0.3280056416988373
1790031737738917000,21.538917236328125,-0.10773907601833344,-0.15083470940589905,-0.31842881441116333
1790031737748927000,21.548927001953125,0,-0.47165772318840027,-0.181959331035614
1790031737758997800,21.558997802734375,-0.272938996553421,-0.11252748221158981,-0.3734954595565796
1790031737769038000,21.5690380859375,-0.5003881454467773,-0.17717093229293823,-0.6368576288223267
1790031737779047700,21.579047607421874,-0.5027823448181152,-0.14604631066322327,-0.5602431893348694
1790031737829157600,21.62915771484375,-0.5291185975074768,0.17238251864910126,-0.033518824726343155
1790031737839167500,21.63916748046875,-0.5530605912208557,0.2059013396501541,-0.2106897532939911
1790031737859187000,21.65918701171875,-0.7254431247711182,0.2777273952960968,-0.40701428055763245
1790031737899287000,21.699287109375,-0.5530605912208557,0.2106897532939911,-0.1364694982767105
1790031737929346800,21.729346923828125,-0.0933738648891449,0.10534487664699554,-0.10055647045373917
1790031737969477400,21.769477294921874,-0.11971008777618408,0.14365209639072418,-0.12928688526153564
1790031737979517700,21.779517578125,-0.0694318488240242,0.12928688526153564,-0.4572925269603729
1790031737999506700,21.799506591796874,-0.33279404044151306,-0.1173158809542656,-0.15562310814857483
1790031738019587300,21.81958740234375,-0.33518823981285095,0.002394201699644327,-0.3902548849582672
1790031738029627600,21.829627685546875,-0.47884035110473633,-0.3256114423274994,-0.18914192914962769
1790031738039637200,21.83963720703125,-0.6224924325942993,-0.43095630407333374,-0.09816227108240128
1790031738059626500,21.85962646484375,-0.6560112833976746,-0.507570743560791,-0.4884171485900879
1790031738069666600,21.86966650390625,-0.706289529800415,-0.524330198764801,-0.2801215946674347
1790031738079676400,21.879676513671875,-0.6823474764823914,-0.28969839215278625,-0.29209262132644653
1790031738089686300,21.889686279296875,-0.6967126727104187,-0.4381389021873474,-0.3902548849582672
1790031738119776500,21.919776611328125,-0.6751648783683777,-0.4405331015586853,-0.33758243918418884
1790031738139826700,21.93982666015625,-0.5937620401382446,-0.5554547905921936,0.05506663769483566
1790031738149866800,21.94986669921875,-0.5817909836769104,-0.5578489899635315,-0.15083470940589905
1790031738220057300,22.020057373046875,-0.24899697303771973,-0.06703764945268631,-0.028730420395731926
1790031738290217200,22.09021728515625,0.05267243832349777,1.5394717454910278,0.0694318488240242
1790031738300257500,22.100257568359375,0.011971008032560349,1.1899182796478271,0.181959331035614
1790031738310297900,22.1102978515625,-0.2585737705230713,0.9983820915222168,-0.09816227108240128
1790031738320307500,22.120307373046874,-0.6224924325942993,0.8212111592292786,-0.019153613597154617
1790031738330347800,22.13034765625,-0.689530074596405,0.9648633003234863,0.38546648621559143
1790031738340357600,22.140357666015625,-0.5386953949928284,1.3886369466781616,0.1628057211637497
1790031738350367200,22.1503671875,-0.8188169598579407,2.1571757793426514,-0.5003881454467773
1790031738360407600,22.160407470703124,-0.7541735172271729,2.47560453414917,-0.021547814831137657
1790031738380457700,22.180457763671875,-0.6919242739677429,2.4899697303771973,0.11252748221158981
1790031738390498000,22.190498046875,-0.9911994934082031,2.628833532333374,0.1173158809542656
1790031738400538400,22.200538330078125,-1.0462661981582642,2.937685489654541,0.28730419278144836
1790031738410548000,22.2105478515625,-1.1085153818130493,2.8802247047424316,0.35434186458587646
1790031738420557800,22.220557861328125,-1.2425906658172607,2.540247917175293,-0.1412578970193863
1790031738430567400,22.2305673828125,-1.2713210582733154,3.3303346633911133,-0.2346317619085312
1790031738450617600,22.25061767578125,-0.9145850539207458,2.6240451335906982,0.3232172429561615
1790031738460658000,22.260657958984375,-1.0079588890075684,2.786850690841675,0.4381389021873474
1790031738490717700,22.2907177734375,-0.9026140570640564,2.075772762298584,-0.2513911724090576
1790031738500727600,22.3007275390625,-0.8810662031173706,2.583343744277954,-1.4867992401123047
1790031738530756900,22.3307568359375,-1.161187767982483,3.866635799407959,0.7158663272857666
1790031738560847000,22.36084716796875,-3.4404678344726562,1.800439715385437,-0.9481038451194763
1790031738570857000,22.37085693359375,-3.40216064453125,1.6879122257232666,-0.9433154463768005
1790031738590907000,22.390906982421875,-1.9560627937316895,3.19865345954895,-1.1635819673538208
1790031738600947200,22.400947265625,-1.8555063009262085,3.0526070594787598,-0.5961562395095825
1790031738610957000,22.41095703125,-2.231395959854126,3.227383852005005,-1.8267759084701538
1790031738620966700,22.420966552734374,-2.518700122833252,2.274491548538208,-1.9057846069335938
1790031738630976500,22.4309765625,-2.4588451385498047,1.7501614093780518,-1.6376339197158813
1790031738640986400,22.440986328125,-2.585737943649292,1.2856862545013428,-0.7805097699165344
1790031738721186600,22.5211865234375,-3.380612850189209,0,-0.8882488012313843
1790031738741236500,22.541236572265625,-3.050212860107422,0.646434485912323,-2.4157495498657227
1790031738811335400,22.61133544921875,-2.913743495941162,0.17956513166427612,-2.868253707885742
1790031738821345000,22.621344970703124,-3.050212860107422,-0.5123591423034668,-2.1140801906585693
1790031738831355000,22.63135498046875,-3.3423056602478027,-0.4572925269603729,-1.745373010635376
1790031738871394000,22.67139404296875,-3.976768970489502,-3.3638534545898438,-1.1348515748977661
1790031738881464800,22.68146484375,-2.719813108444214,-2.185906171798706,-2.011129379272461
1790031738941554000,22.741553955078125,-1.9488801956176758,-2.7700912952423096,-0.871489405632019
1790031738981623600,22.78162353515625,-2.315192937850952,-4.924872875213623,-1.4772224426269531
1790031739011652900,22.81165283203125,-2.0015525817871094,-4.357447147369385,-0.3471592366695404
1790031739021693000,22.82169287109375,-1.9704279899597168,-4.955997467041016,-0.5123591423034668
1790031739031672300,22.83167236328125,-1.6208745241165161,-4.697423934936523,-1.1635819673538208
1790031739041712600,22.841712646484375,-2.1763293743133545,-4.922478675842285,-1.2018892765045166
1790031739111872500,22.91187255859375,-1.944091796875,-5.789179801940918,-0.8882488012313843
1790031739131922400,22.93192236328125,-3.581725835800171,-5.341464042663574,-1.455674648284912
1790031739141901800,22.94190185546875,-2.8826189041137695,-4.771644115447998,-1.1492167711257935
1790031739151911400,22.951911376953124,-2.2242133617401123,-3.909731388092041,-0.4165911078453064
1790031739212061700,23.012061767578125,-2.499546527862549,-3.6559460163116455,-0.5027823448181152
1790031739222071600,23.022071533203125,-1.4700398445129395,-3.1531636714935303,-0.37828385829925537
1790031739232050700,23.03205078125,-1.314416766166687,-3.3470940589904785,-1.036689281463623
1790031739242091000,23.042091064453125,-1.7501614093780518,-2.252943754196167,-1.5442601442337036
1790031739252100900,23.052100830078125,-1.7357962131500244,-2.477998733520508,-0.828393816947937
1790031739262110500,23.0621103515625,-1.8555063009262085,-2.6384103298187256,0.11971008777618408
1790031739312251000,23.1122509765625,-2.030282974243164,-2.145204782485962,-0.35673606395721436
1790031739332301000,23.132301025390625,-3.0358476638793945,-1.9776105880737305,0.07900865375995636
1790031739362299600,23.162299560546874,-2.4396915435791016,-1.53707754611969,-1.3910311460494995
1790031739382410800,23.18241064453125,-2.1763293743133545,-0.6488286852836609,-0.4189853072166443
1790031739392451000,23.192451171875,-2.2002713680267334,-0.8259995579719543,0.26096799969673157
1790031739402491400,23.202491455078125,-2.300827741622925,-1.292868971824646,-0.08379705995321274
1790031739412531700,23.21253173828125,-2.207453966140747,-0.9696516990661621,-0.9959878921508789
1790031739432551200,23.23255126953125,-2.8658595085144043,-0.9193734526634216,-1.1779472827911377
1790031739442591500,23.242591552734375,-3.0765492916107178,-0.38307225704193115,-0.9744400978088379
1790031739452601300,23.252601318359375,-2.5258827209472656,-1.0223240852355957,-0.7948749661445618
1790031739462641400,23.262641357421874,-2.2457611560821533,-1.1085153818130493,-1.314416766166687
1790031739472651300,23.2726513671875,-1.9249382019042969,-0.6871358752250671,-1.7597382068634033
1790031739482661000,23.2826611328125,-2.209848165512085,-0.9983820915222168,-1.3000515699386597
1790031739522761200,23.32276123046875,-2.5713725090026855,-2.279279947280884,-0.811634361743927
1790031739532801500,23.332801513671875,-1.8124107122421265,-1.745373010635376,-1.9273324012756348
1790031739542811100,23.34281103515625,-1.522712230682373,-1.2186486721038818,-2.5115175247192383
1790031739552882000,23.3528818359375,-1.05105459690094,0.13168109953403473,-1.2306196689605713
1790031739572901600,23.372901611328125,-2.0039467811584473,-0.3208230137825012,-1.7190368175506592
1790031739592921000,23.392921142578125,-1.7094600200653076,-0.014365210197865963,-2.212242364883423
1790031739602931000,23.402930908203125,-2.2409727573394775,-0.22266076505184174,-0.7326257228851318
1790031739632960000,23.4329599609375,-3.7229835987091064,1.1252747774124146,-3.3854012489318848
1790031739643000300,23.443000244140624,-3.5960910320281982,0.9888052940368652,-2.0638017654418945
1790031739663050500,23.463050537109375,-2.808398485183716,-0.5051765441894531,-0.07900865375995636
1790031739673060400,23.473060302734375,-2.9233202934265137,0.08619125932455063,-1.1204863786697388
1790031739683070000,23.483070068359375,-3.40216064453125,0.47884035110473633,-2.1380221843719482
1790031739703089400,23.50308935546875,-3.2609026432037354,1.599326729774475,-1.7477672100067139
1790031739733118700,23.53311865234375,-2.4468741416931152,0.2992752194404602,-0.5434837937355042
1790031739743128600,23.543128662109375,-2.7940332889556885,0.12449848651885986,-1.2473790645599365
1790031739753138400,23.553138427734375,-2.628833532333374,0.40701428055763245,-2.008735179901123
1790031739763178800,23.5631787109375,-2.4636335372924805,0.629675030708313,-2.0685901641845703
1790031739773218800,23.57321875,-2.3750481605529785,0.9959878921508789,-1.359906554222107
1790031739833399600,23.633399658203125,-2.185906171798706,0.08140286058187485,-1.359906554222107
1790031739843439900,23.64343994140625,-2.099714994430542,0.5363011956214905,-1.3934253454208374
1790031739893641200,23.69364111328125,-1.580173134803772,0.45250412821769714,-0.629675030708313
1790031739963709700,23.763709716796875,-1.1683704853057861,0.033518824726343155,-0.19632454216480255
1790031739973719300,23.77371923828125,-1.3766659498214722,0.014365210197865963,-0.33279404044151306
1790031739983729200,23.783729248046875,-1.4269442558288574,0.17238251864910126,-0.3280056416988373
1790031739993739000,23.793739013671875,-1.3742717504501343,0.2585737705230713,-0.31124621629714966
1790031740023798800,23.823798828125,-0.9840168952941895,0.2346317619085312,-0.5793967843055725
1790031740033808600,23.83380859375,-0.727837324142456,0.05746084079146385,-0.4836287498474121
1790031740043848700,23.8438486328125,-0.6416460275650024,-0.10055647045373917,-0.31364041566848755
1790031740053889000,23.853888916015624,-0.7852981686592102,-0.3232172429561615,-0.22744916379451752
1790031740063899000,23.86389892578125,-0.9600749015808105,-0.2849099934101105,-0.38546648621559143
1790031740083979500,23.8839794921875,-0.849941611289978,0.15083470940589905,-0.4812345504760742
1790031740164179700,23.9641796875,-0.706289529800415,-0.31842881441116333,-0.5363011956214905
1790031740234339600,24.034339599609375,-0.8930372595787048,-0.3447650372982025,-0.40701428055763245
1790031740244349200,24.04434912109375,-0.8092401623725891,-0.3926490843296051,-0.2992752194404602
1790031740254359000,24.054359130859375,-0.8523358106613159,-0.45489832758903503,-0.2322375625371933
1790031740264369000,24.064368896484375,-0.8595184087753296,-0.3878606855869293,-0.2082955539226532
1790031740274378500,24.07437841796875,-0.7996633648872375,-0.07900865375995636,-0.26815059781074524
1790031740284388400,24.084388427734375,-0.6631938815116882,-0.14604631066322327,-0.43095630407333374
1790031740294398200,24.094398193359375,-0.7182605266571045,-0.2825157940387726,-0.18914192914962769
1790031740304407800,24.10440771484375,-0.7182605266571045,-0.31842881441116333,0.0933738648891449
1790031740314448100,24.1144482421875,-0.5147533416748047,-0.2753331959247589,0.2585737705230713
1790031740324488400,24.124488525390625,-0.4357447028160095,-0.2561795711517334,0.10534487664699554
1790031740334528800,24.13452880859375,-0.47165772318840027,-0.20350714027881622,-0.05746084079146385
1790031740404719000,24.204718994140624,-0.646434485912323,-0.45250412821769714,0.002394201699644327
1790031740414729000,24.21472900390625,-0.7422025203704834,-0.5937620401382446,0.19871874153614044
1790031740424738800,24.22473876953125,-0.7445967197418213,-0.9576807022094727,0.22026655077934265
1790031740434779000,24.23477880859375,-0.8690952062606812,-1.048660397529602,-0.009576806798577309
1790031740444819200,24.244819091796874,-0.9600749015808105,-1.1468225717544556,0.12449848651885986
1790031740454859500,24.254859619140625,-0.8020575642585754,-1.0055646896362305,-0.026336219161748886
1790031740464869400,24.264869384765625,-0.629675030708313,-0.912190854549408,-0.1173158809542656
1790031740484919300,24.284919189453124,-0.2968810200691223,-0.730231523513794,-0.004788403399288654
1790031740494898700,24.294898681640625,-0.12210428714752197,-0.629675030708313,-0.11252748221158981
1790031740504969500,24.304969482421875,-0.15562310814857483,-0.5219359993934631,-0.21308395266532898
1790031740514979000,24.31497900390625,-0.2825157940387726,-0.507570743560791,-0.11013327538967133
1790031740524989000,24.324989013671875,-0.35673606395721436,-0.5817909836769104,0.090979665517807
1790031740535029200,24.335029296875,-0.31124621629714966,-0.7996633648872375,0.12449848651885986
1790031740545069600,24.345069580078125,-0.24899697303771973,-0.9481038451194763,-0.26096799969673157
1790031740555079200,24.3550791015625,-0.21547815203666687,-0.8571242094039917,-0.2059013396501541
1790031740565089000,24.365089111328125,-0.2322375625371933,-0.49320554733276367,-0.05746084079146385
1790031740625239300,24.4252392578125,0.021547814831137657,0.019153613597154617,0.047884032130241394
1790031740685358800,24.48535888671875,0.009576806798577309,0.9888052940368652,0.272938996553421
1790031740695399200,24.495399169921875,-0.10534487664699554,1.0821791887283325,-0.0933738648891449
1790031740745478400,24.545478515625,-0.40940847992897034,1.50355863571167,-0.2992752194404602
1790031740795558000,24.595557861328125,-0.31603461503982544,1.8842366933822632,-0.3447650372982025
1790031740855616300,24.6556162109375,-1.161187767982483,2.38462495803833,0.9624691009521484
1790031740895716400,24.69571630859375,-0.9217676520347595,4.180276393890381,-0.6607996821403503
1790031740905726200,24.705726318359375,-0.828393816947937,4.290409564971924,0.3519476354122162
1790031740915736000,24.715736083984375,-1.1276689767837524,3.6535518169403076,-0.38067805767059326
1790031740925745700,24.72574560546875,-1.745373010635376,3.1268274784088135,-0.9409212470054626
1790031740955805700,24.7558056640625,-1.9847931861877441,2.564189910888672,-0.2825157940387726
1790031740965845800,24.765845703125,-2.2146365642547607,2.1715409755706787,-0.23702596127986908
1790031740975886000,24.775885986328124,-2.097320795059204,2.1499931812286377,-0.6584054827690125
1790031740985896000,24.78589599609375,-2.190694570541382,2.4133553504943848,-1.2425906658172607
1790031740995936300,24.795936279296875,-2.188300371170044,2.449268341064453,-1.338358759880066
1790031741005945900,24.80594580078125,-1.9512743949890137,2.607285737991333,-1.2976573705673218
1790031741015955700,24.815955810546875,-2.0254945755004883,2.2577321529388428,-1.314416766166687
1790031741025965600,24.825965576171875,-2.0231003761291504,2.0685901641845703,-1.2114660739898682
1790031741056025300,24.856025390625,-2.099714994430542,0.9552865028381348,-1.723825216293335
1790031741066035200,24.86603515625,-2.3535003662109375,1.8602946996688843,-1.900996208190918
1790031741076075300,24.8760751953125,-2.6001031398773193,1.4939818382263184,-1.4437036514282227
1790031741086085000,24.886085205078125,-2.6144683361053467,0.9864110946655273,-1.280897855758667
1790031741096095000,24.896094970703125,-2.8586769104003906,0.7086837291717529,-1.6208745241165161
1790031741106074000,24.90607421875,-3.028665065765381,0.9097966551780701,-2.0254945755004883
1790031741166224400,24.966224365234375,-3.24414324760437,-0.2346317619085312,-2.6791117191314697
1790031741176234000,24.97623388671875,-3.4835634231567383,0.10295066982507706,-2.0877439975738525
1790031741186243800,24.986243896484375,-3.2968156337738037,-0.7230489253997803,-0.8930372595787048
1790031741216334000,25.016333984375,-2.868253707885742,-0.05027823522686958,-2.5067291259765625
1790031741226344000,25.026343994140625,-2.873042106628418,0.2346317619085312,-1.766920804977417
1790031741236353800,25.036353759765625,-2.8562827110290527,-0.19153612852096558,-1.3862427473068237
1790031741246393900,25.046393798828124,-3.2848446369171143,-0.6631938815116882,-1.4939818382263184
1790031741256403700,25.05640380859375,-3.445256233215332,-1.2713210582733154,-1.7693150043487549
1790031741326594000,25.126593994140624,-2.008735179901123,-2.140416383743286,-1.5705963373184204
1790031741386683400,25.186683349609375,-2.0901381969451904,-1.522712230682373,-2.6240451335906982
1790031741406733300,25.2067333984375,-1.8483237028121948,-3.4763808250427246,-0.751779317855835
1790031741416773600,25.216773681640625,-1.6543933153152466,-2.741360902786255,-0.5841852426528931
1790031741426783500,25.226783447265625,-1.721431016921997,-3.141192674636841,-0.8762778043746948
1790031741436793000,25.23679296875,-1.5849615335464478,-3.2776620388031006,-1.8794482946395874
1790031741446833400,25.24683349609375,-1.6160861253738403,-3.2130186557769775,-2.3247697353363037
1790031741466883600,25.266883544921875,-2.051830768585205,-3.220201253890991,-1.292868971824646
1790031741476954400,25.276954345703125,-1.9776105880737305,-3.2632968425750732,-0.5889736413955688
1790031741517054500,25.317054443359375,-2.0685901641845703,-4.934449672698975,-0.9840168952941895
1790031741527064000,25.32706396484375,-2.5785553455352783,-5.468356609344482,-0.7541735172271729
1790031741537104400,25.3371044921875,-2.1547815799713135,-5.015852451324463,-0.6033388376235962
1790031741557154600,25.357154541015625,-1.290474772453308,-4.019864559173584,-0.7493851184844971
1790031741617274000,25.417274169921875,-1.1061211824417114,-4.752490520477295,-1.139639973640442
1790031741637293600,25.43729345703125,-1.965639591217041,-4.508281707763672,-0.5267243981361389
1790031741647303400,25.447303466796875,-2.049436569213867,-4.5825018882751465,0.6560112833976746
1790031741657313300,25.457313232421875,-2.1380221843719482,-4.888959884643555,1.745373010635376
1790031741687403500,25.487403564453125,-1.1827356815338135,-3.4739866256713867,-2.451662540435791
1790031741697413400,25.497413330078125,-1.4867992401123047,-3.184288263320923,-2.542642116546631
1790031741707453400,25.507453369140624,-1.3742717504501343,-2.207453966140747,-0.5817909836769104
1790031741717432800,25.517432861328125,-1.501164436340332,-2.3582887649536133,2.0254945755004883
1790031741727473200,25.52747314453125,-1.4915876388549805,-2.3487119674682617,2.7509377002716064
1790031741737544000,25.5375439453125,-1.8339585065841675,-3.8283286094665527,0.8930372595787048
1790031741747584300,25.547584228515625,-2.0590133666992188,-4.520252704620361,-1.094150185585022
1790031741777674500,25.577674560546875,-2.518700122833252,-2.6671407222747803,-0.6440402865409851
1790031741787745300,25.587745361328125,-1.170764684677124,-1.5897499322891235,-0.2082955539226532
1790031741827845400,25.627845458984375,-2.6168625354766846,-2.497152328491211,-0.6751648783683777
1790031741837885700,25.6378857421875,-3.069366693496704,-3.0885202884674072,-0.6200982332229614
1790031741847895600,25.6478955078125,-2.896984100341797,-2.6240451335906982,-1.0773907899856567
1790031741877985800,25.67798583984375,-1.6280571222305298,-1.1013327836990356,-1.4101848602294922
1790031741908045600,25.708045654296875,-2.784456491470337,-2.4851813316345215,-1.094150185585022
1790031741938105300,25.738105224609374,-1.5634137392044067,-2.1523873805999756,-2.2194249629974365
1790031741958155500,25.758155517578125,-2.564189910888672,-0.524330198764801,-1.3192051649093628
1790031741968195800,25.76819580078125,-2.7892448902130127,-1.1324573755264282,-0.47165772318840027
1790031741978236000,25.77823583984375,-2.9735984802246094,-1.3623007535934448,-0.22505496442317963
1790031741988245800,25.788245849609375,-2.741360902786255,-2.10210919380188,-0.7326257228851318
1790031741998255600,25.798255615234375,-2.516305923461914,-1.0295066833496094,-2.3080103397369385
1790031742008265200,25.80826513671875,-3.090914487838745,-0.5267243981361389,-2.717418909072876
1790031742028285000,25.828284912109375,-3.2800562381744385,-1.4772224426269531,-0.9217676520347595
1790031742068385000,25.868385009765625,-2.8395233154296875,-0.363918662071228,-1.6328455209732056
1790031742088465400,25.88846533203125,-3.1220390796661377,0.3423708379268646,-1.8698714971542358
1790031742098475300,25.898475341796875,-3.2585084438323975,0.19153612852096558,-1.9823989868164062
1790031742108515600,25.908515625,-3.3207578659057617,-0.4381389021873474,-1.6041151285171509
1790031742198725600,25.9987255859375,-2.250549554824829,0.16759411990642548,-1.764526605606079
1790031742208735200,26.0087353515625,-2.3104045391082764,0.933738648891449,-2.1356279850006104
1790031742238764500,26.0387646484375,-2.4157495498657227,0.9481038451194763,-1.6879122257232666
1790031742248744000,26.048743896484375,-2.4803929328918457,0.5961562395095825,-1.2186486721038818
1790031742268854800,26.068854736328124,-2.43011474609375,0.2944868206977844,-1.0630255937576294
1790031742278864600,26.07886474609375,-2.389413356781006,0.40701428055763245,-1.4532804489135742
1790031742288874500,26.08887451171875,-2.0638017654418945,1.0079588890075684,-2.0590133666992188
1790031742298884000,26.098884033203124,-1.9967641830444336,1.5442601442337036,-2.367865562438965
1790031742308924400,26.10892431640625,-1.5490485429763794,1.7094600200653076,-2.183511972427368
1790031742318934300,26.118934326171875,-1.2641384601593018,1.6160861253738403,-1.3886369466781616
1790031742338984200,26.138984130859374,-1.1228805780410767,1.381454348564148,-1.2306196689605713
1790031742348994000,26.148994140625,-1.137245774269104,0.8571242094039917,-1.2186486721038818
1790031742359004000,26.15900390625,-1.1348515748977661,0.33279404044151306,-1.0247182846069336
1790031742369013500,26.169013427734374,-1.3718775510787964,0.24181437492370605,-1.1468225717544556
1790031742379053800,26.1790537109375,-1.6065093278884888,0.2513911724090576,-1.6352397203445435
1790031742389063700,26.189063720703125,-1.680729627609253,0.33279404044151306,-1.7980455160140991
1790031742399104000,26.19910400390625,-1.5059528350830078,0.24899697303771973,-1.4053963422775269
1790031742409113600,26.209113525390624,-1.6208745241165161,0.9959878921508789,-1.194706678390503
1790031742429133300,26.22913330078125,-1.01753568649292,0.7398083209991455,-0.9241618514060974
1790031742449213700,26.249213623046874,-1.2617442607879639,0.5817909836769104,-1.0031704902648926
1790031742539362800,26.33936279296875,-0.689530074596405,-0.5171475410461426,0.011971008032560349
1790031742599543300,26.399543212890624,-0.507570743560791,0.15801730751991272,-0.2968810200691223
1790031742629603000,26.42960302734375,-0.4644751250743866,0.040701430290937424,-0.2585737705230713
1790031742719843600,26.519843505859374,-0.28730419278144836,0.040701430290937424,-0.3447650372982025
1790031742759913200,26.559913330078125,-0.44532153010368347,-0.23942017555236816,-0.12928688526153564
1790031742769953500,26.56995361328125,-0.6177040338516235,0.09576806426048279,-0.14365209639072418
1790031742779993900,26.579993896484375,-0.6871358752250671,0.3232172429561615,-0.3495534360408783
1790031742790003700,26.590003662109375,-0.5674257874488831,0.2082955539226532,-0.35673606395721436
1790031742800043800,26.600043701171874,-0.4812345504760742,-0.05746084079146385,-0.07182604819536209
1790031742810053600,26.6100537109375,-0.363918662071228,-0.3447650372982025,0.26336219906806946
1790031742820063500,26.6200634765625,-0.42377370595932007,-0.7805097699165344,0.2753331959247589
1790031742830073000,26.630072998046874,-0.646434485912323,-0.47405192255973816,-0.0694318488240242
1790031742850153700,26.65015380859375,-0.6943184733390808,-0.3495534360408783,-0.21308395266532898
1790031742880183000,26.68018310546875,-0.3447650372982025,-0.38546648621559143,-0.19393034279346466
1790031742890193000,26.69019287109375,-0.1843535304069519,-0.5650315880775452,0.011971008032560349
1790031742900202500,26.700202392578124,-0.09816227108240128,-0.6488286852836609,0.14604631066322327
1790031742910212400,26.71021240234375,-0.11971008777618408,-0.6177040338516235,-0.0071826050989329815
1790031742920222200,26.72022216796875,0,-0.7158663272857666,-0.3758896589279175
1790031742930231800,26.730231689453124,-0.24660277366638184,-0.629675030708313,-0.5554547905921936
1790031743030451500,26.830451416015624,-0.035913024097681046,-0.8930372595787048,0.021547814831137657
1790031743100550400,26.90055029296875,-0.08619125932455063,-0.8044517636299133,0.0071826050989329815
1790031743110621200,26.91062109375,-0.12689268589019775,-0.4620809257030487,-0.08619125932455063
1790031743120631000,26.920631103515625,-0.090979665517807,-0.7398083209991455,0.05027823522686958
1790031743180750600,26.98075048828125,-0.07182604819536209,-0.3495534360408783,0.05985504388809204
1790031743190791000,26.990791015625,-0.16519992053508759,-0.6033388376235962,0.12449848651885986
1790031743200831200,27.000831298828125,-0.1388636976480484,-0.6703764796257019,-0.08379705995321274
1790031743210841000,27.010841064453125,-0.1149216815829277,-0.5003881454467773,-0.27054479718208313
1790031743220820200,27.0208203125,0.023942016065120697,-0.47644615173339844,-0.2849099934101105
1790031743230860500,27.030860595703125,0.14365209639072418,-0.20111294090747833,-0.3471592366695404
1790031743240900900,27.04090087890625,0.30885201692581177,-0.021547814831137657,-0.40462008118629456
1790031743250941200,27.050941162109375,0.5363011956214905,0.16519992053508759,-0.524330198764801
1790031743260920300,27.06092041015625,0.40462008118629456,0.0454898327589035,-0.31124621629714966
1790031743280970500,27.080970458984375,0.38307225704193115,-0.2059013396501541,-0.15083470940589905
1790031743290980000,27.09097998046875,0.3280056416988373,-0.181959331035614,-0.3711012601852417
1790031743300959500,27.10095947265625,0.20350714027881622,-0.27054479718208313,-0.646434485912323
1790031743321040000,27.121039794921874,0.11971008777618408,-0.014365210197865963,-0.47165772318840027
1790031743351069200,27.151069091796874,0.038307227194309235,-0.20111294090747833,-0.3878606855869293
1790031743361048600,27.161048583984375,-0.07422025501728058,-0.16519992053508759,-0.4357447028160095
1790031743371089000,27.1710888671875,-0.026336219161748886,-0.15322890877723694,-0.36152446269989014
1790031743411158300,27.211158203125,0.12928688526153564,0.14844051003456116,-0.17717093229293823
1790031743431208400,27.23120849609375,-0.07422025501728058,0.0071826050989329815,-0.019153613597154617
1790031743461237800,27.26123779296875,-0.019153613597154617,-0.1173158809542656,0.10534487664699554
1790031743471247400,27.271247314453124,0.11013327538967133,-0.031124621629714966,0.20111294090747833
1790031743491328000,27.291327880859374,0.2322375625371933,0.05027823522686958,0.028730420395731926
1790031743501337900,27.301337890625,0.07182604819536209,-0.0694318488240242,0.05267243832349777
1790031743511347500,27.311347412109374,-0.0071826050989329815,-0.0933738648891449,0.06224924325942993
1790031743521357300,27.321357421875,0.06224924325942993,-0.1604115068912506,0.181959331035614
1790031743531367200,27.3313671875,-0.033518824726343155,-0.31842881441116333,0.33997663855552673
1790031743541407500,27.341407470703125,-0.06224924325942993,-0.2298433631658554,0.3208230137825012
1790031743551447600,27.351447509765624,-0.090979665517807,-0.17238251864910126,0.11252748221158981
1790031743561457400,27.36145751953125,0,-0.10295066982507706,-0.06464344263076782
1790031743571467300,27.37146728515625,-0.08140286058187485,-0.22266076505184174,-0.011971008032560349
1790031743581538000,27.3815380859375,0.011971008032560349,0.0454898327589035,0.15801730751991272
1790031743591547600,27.391547607421874,0.023942016065120697,-0.016759412363171577,-0.05267243832349777
1790031743611597800,27.411597900390625,-0.08858546614646912,-0.10295066982507706,-0.0454898327589035
1790031743621638100,27.42163818359375,0.08858546614646912,-0.17477671802043915,0.1364694982767105
1790031743631647700,27.431647705078124,0.12210428714752197,-0.1173158809542656,0.07182604819536209
1790031743641657600,27.44165771484375,0.10773907601833344,-0.09576806426048279,-0.10534487664699554
1790031743651667500,27.45166748046875,0.08858546614646912,-0.0454898327589035,-0.15083470940589905
1790031743661677000,27.461677001953124,0.1364694982767105,-0.07422025501728058,-0.05027823522686958
1790031743671687000,27.47168701171875,0.31603461503982544,-0.07900865375995636,0.13407529890537262
1790031743681727200,27.481727294921875,0.1412578970193863,-0.11971008777618408,0.15322890877723694
1790031743691737000,27.491737060546875,0.1364694982767105,-0.14604631066322327,0.043095629662275314
1790031743731806500,27.531806396484374,0.21308395266532898,-0.0694318488240242,0.031124621629714966
1790031743771906600,27.571906494140624,-0.028730420395731926,0.06703764945268631,-0.047884032130241394
1790031743781947000,27.58194677734375,0.05027823522686958,-0.0694318488240242,-0.14365209639072418
1790031743832056800,27.632056884765625,0.11013327538967133,-0.14365209639072418,0.07422025501728058
1790031743842066700,27.642066650390625,-0.09576806426048279,-0.26336219906806946,0.002394201699644327
1790031743882227700,27.682227783203125,0.3471592366695404,0.20111294090747833,-0.1412578970193863
1790031743892237600,27.692237548828125,0.07661445438861847,-0.2106897532939911,0.304063618183136
1790031743902277600,27.702277587890624,-0.009576806798577309,-0.043095629662275314,0.20350714027881622
1790031743912287500,27.71228759765625,0.07661445438861847,-0.14365209639072418,-0.1388636976480484
1790031743922327800,27.722327880859375,0.15083470940589905,-0.2777273952960968,0.11252748221158981
1790031743932337700,27.732337646484375,0.22266076505184174,-0.023942016065120697,0.2106897532939911
1790031743952387600,27.7523876953125,0.40222588181495667,0.1149216815829277,-0.09576806426048279
1790031743962397400,27.7623974609375,0.0454898327589035,0.040701430290937424,-0.011971008032560349
1790031743972407000,27.772406982421874,0.011971008032560349,-0.08858546614646912,0.040701430290937424
1790031743982447400,27.782447265625,0.07661445438861847,-0.031124621629714966,0.009576806798577309
1790031743992487700,27.79248779296875,0.019153613597154617,-0.2753331959247589,-0.09816227108240128
1790031744042567200,27.842567138671875,0.0454898327589035,-0.05506663769483566,0.12210428714752197
1790031744062586600,27.862586669921875,0.11971008777618408,0.11252748221158981,-0.20111294090747833
1790031744072627000,27.872626953125,0.06464344263076782,-0.11252748221158981,-0.07182604819536209
1790031744082636500,27.882636474609374,-0.11252748221158981,-0.06464344263076782,0.19632454216480255
1790031744092646400,27.892646484375,-0.08619125932455063,-0.09576806426048279,0.14604631066322327
1790031744102656300,27.90265625,0.24420857429504395,-0.22744916379451752,0.0694318488240242
1790031744112665900,27.912665771484374,0.09816227108240128,-0.2106897532939911,0.05267243832349777
1790031744122675700,27.92267578125,0.08379705995321274,-0.21547815203666687,-0.05506663769483566
1790031744132685600,27.932685546875,0.14365209639072418,-0.05027823522686958,0.06703764945268631
1790031744172724500,27.972724365234374,0.08379705995321274,-0.08379705995321274,0.0454898327589035
1790031744182734300,27.982734375,0.07900865375995636,-0.15801730751991272,0.17956513166427612
1790031744202753800,28.00275390625,0.1843535304069519,-0.16998831927776337,-0.0071826050989329815
1790031744222834400,28.02283447265625,0.19871874153614044,-0.0071826050989329815,-0.09816227108240128
1790031744232844300,28.03284423828125,0.090979665517807,-0.009576806798577309,0.22744916379451752
1790031744242854000,28.04285400390625,0.040701430290937424,0.019153613597154617,0.14365209639072418
1790031744252894200,28.052894287109375,0.004788403399288654,0.040701430290937424,-0.1604115068912506
1790031744262934500,28.0629345703125,-0.009576806798577309,-0.13168109953403473,-0.09816227108240128
1790031744272944400,28.0729443359375,0.07182604819536209,-0.16519992053508759,0.05027823522686958
1790031744282954000,28.0829541015625,0.038307227194309235,0,0.040701430290937424
1790031744303004200,28.103004150390625,-0.05746084079146385,0.016759412363171577,-0.15083470940589905
1790031744313075000,28.113074951171875,0.11971008777618408,0.1364694982767105,-0.12689268589019775
1790031744323084500,28.12308447265625,0.16519992053508759,0.028730420395731926,0.038307227194309235
1790031744333094400,28.133094482421875,0.1604115068912506,-0.12689268589019775,0.05985504388809204
1790031744343104300,28.143104248046875,-0.016759412363171577,-0.05506663769483566,-0.09576806426048279
1790031744353175000,28.153175048828125,0.15562310814857483,-0.16759411990642548,0.09816227108240128
1790031744363184600,28.1631845703125,0.1628057211637497,-0.21547815203666687,0.2561795711517334
1790031744373194500,28.173194580078125,0.07422025501728058,-0.08140286058187485,-0.0071826050989329815
1790031744383234800,28.18323486328125,0.17477671802043915,-0.05746084079146385,-0.2298433631658554
1790031744393244700,28.19324462890625,0.10295066982507706,0.05267243832349777,-0.12210428714752197
1790031744413294600,28.213294677734375,0.1628057211637497,-0.15083470940589905,0.19153612852096558
1790031744423304400,28.223304443359375,0.009576806798577309,0.004788403399288654,0
1790031744453364200,28.2533642578125,0,-0.08619125932455063,-0.07661445438861847
1790031744463404500,28.263404541015625,0.0933738648891449,0.090979665517807,0.002394201699644327
1790031744473444900,28.27344482421875,-0.004788403399288654,-0.047884032130241394,0.08140286058187485
1790031744483485000,28.28348486328125,0.14844051003456116,-0.07422025501728058,0.09576806426048279
1790031744493525200,28.293525146484374,0.019153613597154617,0.05985504388809204,0.08619125932455063
1790031744503565600,28.303565673828125,0.06224924325942993,-0.15801730751991272,-0.13168109953403473
1790031744513575400,28.313575439453125,0.19393034279346466,-0.12689268589019775,0.011971008032560349
1790031744533625300,28.333625244140624,0.24420857429504395,-0.05746084079146385,0.07661445438861847
1790031744563715800,28.3637158203125,0.09576806426048279,-0.16759411990642548,0.14365209639072418
1790031744573725400,28.373725341796874,0.14365209639072418,-0.08858546614646912,-0.12928688526153564
1790031744593745200,28.3937451171875,0.0454898327589035,-0.07661445438861847,0.038307227194309235
1790031744613825500,28.413825439453124,0.10534487664699554,-0.004788403399288654,0.07182604819536209
1790031744623835400,28.42383544921875,0.09576806426048279,0.0454898327589035,-0.17238251864910126
1790031744643854800,28.443854736328124,0.004788403399288654,-0.181959331035614,0.16998831927776337
1790031744663905000,28.463905029296875,0.031124621629714966,-0.038307227194309235,-0.028730420395731926
