time,seconds_elapsed,x,z,y
1790031605256646400,0.188646484375,0.15801730751991272,0.12449848651885986,-0.028730420395731926
1790031605266656000,0.198656005859375,-1.0295066833496094,-1.0893617868423462,2.410961151123047
1790031605276466000,0.2084658203125,0.08379705995321274,-0.035913024097681046,-0.05985504388809204
1790031605286245000,0.2182451171875,0.047884032130241394,-0.028730420395731926,-0.16519992053508759
1790031605295985400,0.2279853515625,-0.023942016065120697,0.07422025501728058,-0.19871874153614044
1790031605335724500,0.267724609375,0,-0.002394201699644327,0
1790031605355713500,0.287713623046875,0.181959331035614,-0.09816227108240128,-0.002394201699644327
1790031605365723100,0.29772314453125,0.05267243832349777,-0.11971008777618408,0.011971008032560349
1790031605375733000,0.30773291015625,-0.1628057211637497,-0.028730420395731926,-0.12689268589019775
1790031605385712000,0.317712158203125,0.05506663769483566,0.06464344263076782,-0.181959331035614
1790031605395722000,0.327721923828125,0.2346317619085312,-0.026336219161748886,-0.06224924325942993
1790031605405731800,0.33773193359375,0.10534487664699554,-0.031124621629714966,0.181959331035614
1790031605435791600,0.36779150390625,0.035913024097681046,-0.10055647045373917,-0.011971008032560349
1790031605455811000,0.38781103515625,0.10773907601833344,-0.12449848651885986,-0.08379705995321274
1790031605465821000,0.397821044921875,0.1173158809542656,-0.13168109953403473,-0.011971008032560349
1790031605475800000,0.407800048828125,0.10534487664699554,-0.002394201699644327,-0.05267243832349777
1790031605485840400,0.41784033203125,0.040701430290937424,-0.090979665517807,-0.05267243832349777
1790031605495850200,0.427850341796875,0.0694318488240242,-0.0454898327589035,0.07661445438861847
1790031605505829400,0.437829345703125,0.038307227194309235,-0.043095629662275314,0.090979665517807
1790031605515839200,0.447839111328125,0.1149216815829277,0.011971008032560349,0.016759412363171577
1790031605525879600,0.457879638671875,0.1388636976480484,0.043095629662275314,-0.009576806798577309
1790031605535889200,0.46788916015625,0.0454898327589035,-0.043095629662275314,0.05506663769483566
1790031605555908900,0.487908935546875,0.040701430290937424,-0.009576806798577309,0.035913024097681046
1790031605575958800,0.507958740234375,0.023942016065120697,-0.05985504388809204,0.05506663769483566
1790031605585938200,0.517938232421875,-0.014365210197865963,-0.11252748221158981,0.035913024097681046
1790031605595978500,0.527978515625,0.17956513166427612,-0.06464344263076782,0.0694318488240242
1790031605605957600,0.53795751953125,0.07900865375995636,0.011971008032560349,-0.0454898327589035
1790031605615967500,0.547967529296875,0.090979665517807,-0.043095629662275314,0.014365210197865963
1790031605625977000,0.55797705078125,0.08619125932455063,-0.1173158809542656,0.06224924325942993
1790031605645996800,0.577996826171875,0.28730419278144836,0.10534487664699554,0.09816227108240128
1790031605666016300,0.598016357421875,0.0454898327589035,0.05027823522686958,0.021547814831137657
1790031605676025900,0.60802587890625,0.033518824726343155,-0.009576806798577309,0.06224924325942993
1790031605686035700,0.61803564453125,0.19632454216480255,0.07900865375995636,0
1790031605696045600,0.628045654296875,0.08379705995321274,-0.031124621629714966,0.07661445438861847
1790031605706055200,0.63805517578125,0.004788403399288654,-0.07661445438861847,0.014365210197865963
1790031605716065000,0.64806494140625,0.08619125932455063,-0.16998831927776337,0.11252748221158981
1790031605726075000,0.658074951171875,0.10534487664699554,-0.026336219161748886,0.0694318488240242
1790031605736084500,0.66808447265625,0.043095629662275314,-0.043095629662275314,0.11013327538967133
1790031605746094300,0.67809423828125,0.06703764945268631,-0.05985504388809204,0.0933738648891449
1790031605756073500,0.688073486328125,0.0933738648891449,-0.009576806798577309,0.06703764945268631
1790031605776123600,0.70812353515625,0.07661445438861847,0.1867477297782898,-0.016759412363171577
1790031605786133500,0.718133544921875,0.07900865375995636,-0.019153613597154617,0.038307227194309235
1790031605796143000,0.72814306640625,0.05746084079146385,-0.10295066982507706,0.07900865375995636
1790031605806122500,0.73812255859375,0.09576806426048279,-0.011971008032560349,0.09576806426048279
1790031605816132000,0.748132080078125,0.16759411990642548,0.011971008032560349,0.031124621629714966
1790031605826172400,0.75817236328125,0,-0.13407529890537262,0.1628057211637497
1790031605856201700,0.78820166015625,0.23702596127986908,0.07182604819536209,-0.035913024097681046
1790031605886231000,0.81823095703125,0.15562310814857483,-0.021547814831137657,0.0694318488240242
1790031605896241000,0.828240966796875,0.0454898327589035,-0.026336219161748886,-0.05027823522686958
1790031605906220000,0.838219970703125,0.1604115068912506,-0.016759412363171577,-0.05506663769483566
1790031605916260400,0.84826025390625,0.1628057211637497,-0.019153613597154617,-0.08379705995321274
1790031605926270200,0.858270263671875,-0.0071826050989329815,-0.014365210197865963,-0.12689268589019775
1790031605936279800,0.86827978515625,0.023942016065120697,0.07422025501728058,-0.0933738648891449
1790031605946289700,0.87828955078125,0.028730420395731926,0,0.023942016065120697
1790031605966309000,0.89830908203125,0.11252748221158981,-0.014365210197865963,0.016759412363171577
1790031605976319000,0.908319091796875,0.19871874153614044,-0.023942016065120697,-0.0454898327589035
1790031605986328800,0.918328857421875,0.05027823522686958,0.011971008032560349,0.019153613597154617
1790031605996338400,0.92833837890625,-0.07422025501728058,0.10534487664699554,0.004788403399288654
1790031606006348300,0.938348388671875,-0.026336219161748886,0.028730420395731926,0.05506663769483566
1790031606016327400,0.948327392578125,-0.009576806798577309,-0.023942016065120697,0.026336219161748886
1790031606026367700,0.95836767578125,0.08858546614646912,-0.047884032130241394,-0.004788403399288654
1790031606036377600,0.968377685546875,0.002394201699644327,-0.09816227108240128,0.028730420395731926
1790031606046418000,0.97841796875,0.07900865375995636,0.002394201699644327,-0.05267243832349777
1790031606056427500,0.988427490234375,0.15083470940589905,0.040701430290937424,-0.040701430290937424
1790031606066437400,0.998437255859375,0.06703764945268631,0.028730420395731926,0.08379705995321274
1790031606076416500,1.00841650390625,0.002394201699644327,0.05746084079146385,0.12689268589019775
1790031606086456800,1.018456787109375,0.031124621629714966,-0.08140286058187485,-0.021547814831137657
1790031606096466700,1.028466796875,0.08858546614646912,-0.05027823522686958,-0.05027823522686958
1790031606106476300,1.038476318359375,0.06464344263076782,-0.07182604819536209,0.0071826050989329815
1790031606116486100,1.048486083984375,0.0694318488240242,-0.07422025501728058,0.05506663769483566
1790031606126496000,1.05849609375,0.11252748221158981,-0.10055647045373917,0.019153613597154617
1790031606136505600,1.068505615234375,0.002394201699644327,0.05027823522686958,0.026336219161748886
1790031606146515500,1.078515380859375,0.019153613597154617,0.040701430290937424,-0.11252748221158981
1790031606156525300,1.088525390625,0.09816227108240128,0.05746084079146385,0.040701430290937424
1790031606196533800,1.12853369140625,0.09576806426048279,-0.06464344263076782,-0.090979665517807
1790031606206543600,1.138543701171875,0.09576806426048279,-0.021547814831137657,-0.021547814831137657
1790031606216522800,1.148522705078125,0.040701430290937424,-0.002394201699644327,-0.1412578970193863
1790031606226563000,1.15856298828125,0.014365210197865963,-0.13168109953403473,-0.004788403399288654
1790031606236573000,1.168572998046875,0.16759411990642548,-0.08379705995321274,0.040701430290937424
1790031606246582500,1.17858251953125,0.22505496442317963,0.021547814831137657,-0.047884032130241394
1790031606256592400,1.18859228515625,0.07900865375995636,0.019153613597154617,-0.10295066982507706
1790031606266602200,1.198602294921875,-0.05267243832349777,-0.08619125932455063,-0.1173158809542656
1790031606296570400,1.2285703125,0.08140286058187485,-0.22505496442317963,0.15322890877723694
1790031606306610700,1.238610595703125,0.07422025501728058,-0.15801730751991272,-0.026336219161748886
1790031606316620500,1.24862060546875,0.08140286058187485,-0.035913024097681046,-0.17717093229293823
1790031606326630100,1.258630126953125,0.06224924325942993,0.06703764945268631,-0.12928688526153564
1790031606336670500,1.26867041015625,0.09816227108240128,0.06703764945268631,0.019153613597154617
1790031606346680300,1.278680419921875,0.1173158809542656,0.004788403399288654,0.19632454216480255
1790031606356690000,1.28868994140625,0.06464344263076782,0.023942016065120697,0.09576806426048279
1790031606366669300,1.29866943359375,-0.0454898327589035,-0.004788403399288654,0.004788403399288654
1790031606386750000,1.31875,0.028730420395731926,-0.11252748221158981,-0.10055647045373917
1790031606406769400,1.338769287109375,-0.004788403399288654,0.06703764945268631,-0.05027823522686958
1790031606416809700,1.348809814453125,0.019153613597154617,0.07422025501728058,0.05746084079146385
1790031606426819300,1.3588193359375,0.08140286058187485,0.040701430290937424,0.009576806798577309
1790031606436829200,1.3688291015625,0.0071826050989329815,0.0694318488240242,-0.06224924325942993
1790031606446808300,1.378808349609375,0,0.0454898327589035,-0.0694318488240242
1790031606456848600,1.3888486328125,0.0694318488240242,0.0694318488240242,-0.011971008032560349
1790031606466858500,1.3988583984375,0.06464344263076782,-0.004788403399288654,-0.009576806798577309
1790031606486878000,1.4188779296875,0.026336219161748886,-0.033518824726343155,-0.028730420395731926
1790031606506897700,1.438897705078125,0.15322890877723694,-0.026336219161748886,-0.07182604819536209
1790031606516907300,1.4489072265625,0.08858546614646912,-0.05506663769483566,-0.05746084079146385
1790031606526886700,1.45888671875,0.1364694982767105,-0.033518824726343155,-0.035913024097681046
1790031606536957400,1.46895751953125,0.1604115068912506,-0.05746084079146385,-0.05506663769483566
1790031606546967000,1.478967041015625,0.17717093229293823,0.047884032130241394,-0.011971008032560349
1790031606556946400,1.488946533203125,0.15322890877723694,-0.014365210197865963,-0.043095629662275314
1790031606566956000,1.4989560546875,0.08619125932455063,-0.009576806798577309,-0.06224924325942993
1790031606576996400,1.508996337890625,0.0071826050989329815,-0.10295066982507706,0.002394201699644327
1790031606607025700,1.539025634765625,0.033518824726343155,-0.1149216815829277,-0.009576806798577309
1790031606617035500,1.549035400390625,-0.021547814831137657,-0.038307227194309235,0.011971008032560349
1790031606627014700,1.5590146484375,0.014365210197865963,-0.047884032130241394,0
1790031606647064800,1.57906494140625,0.033518824726343155,0.07900865375995636,0
1790031606657074700,1.58907470703125,-0.05027823522686958,-0.019153613597154617,-0.08379705995321274
1790031606667053800,1.5990537109375,0.0933738648891449,-0.07900865375995636,-0.028730420395731926
1790031606677033000,1.609032958984375,0.15562310814857483,-0.1364694982767105,0
1790031606687042800,1.619042724609375,0.08379705995321274,-0.023942016065120697,-0.047884032130241394
1790031606717102600,1.6491025390625,0.05985504388809204,-0.033518824726343155,-0.023942016065120697
1790031606727112400,1.659112548828125,0.026336219161748886,-0.002394201699644327,0.040701430290937424
1790031606737152800,1.66915283203125,-0.021547814831137657,-0.10295066982507706,0.09816227108240128
1790031606747162400,1.679162353515625,0.0454898327589035,-0.08858546614646912,0.019153613597154617
1790031606757172200,1.689172119140625,0.05746084079146385,-0.08140286058187485,0.11252748221158981
1790031606767151400,1.6991513671875,0.07182604819536209,0.043095629662275314,-0.05985504388809204
1790031606777191700,1.709191650390625,-0.05267243832349777,0.040701430290937424,-0.090979665517807
1790031606787201500,1.719201416015625,0.002394201699644327,-0.0454898327589035,-0.06224924325942993
1790031606807221000,1.739220947265625,0.08619125932455063,0.07182604819536209,-0.1173158809542656
1790031606817230800,1.74923095703125,0.06703764945268631,0.05267243832349777,-0.038307227194309235
1790031606827210000,1.7592099609375,0.06224924325942993,-0.016759412363171577,0.0933738648891449
1790031606837250300,1.769250244140625,-0.016759412363171577,0,0.05746084079146385
1790031606847260200,1.77926025390625,-0.016759412363171577,0.004788403399288654,0.07422025501728058
1790031606857300500,1.789300537109375,0.031124621629714966,-0.004788403399288654,-0.023942016065120697
1790031606867310000,1.79931005859375,0.22266076505184174,-0.090979665517807,0.011971008032560349
1790031606877289500,1.80928955078125,0.14365209639072418,-0.0933738648891449,0.05027823522686958
1790031606887329800,1.819329833984375,-0.11013327538967133,0.023942016065120697,-0.05506663769483566
1790031606897339400,1.82933935546875,0.0071826050989329815,-0.08619125932455063,0.05027823522686958
1790031606907318800,1.83931884765625,0.07422025501728058,-0.13407529890537262,-0.05027823522686958
1790031606987396900,1.91939697265625,-0.05985504388809204,0.023942016065120697,-0.17956513166427612
1790031606997406500,1.929406494140625,-0.038307227194309235,-0.07900865375995636,-0.07661445438861847
1790031607007446800,1.93944677734375,0.07900865375995636,-0.1388636976480484,0.035913024097681046
1790031607017456600,1.94945654296875,0.026336219161748886,-0.05985504388809204,0.021547814831137657
1790031607027466500,1.959466552734375,0.06464344263076782,-0.15322890877723694,-0.047884032130241394
1790031607057495800,1.989495849609375,0.0933738648891449,-0.1364694982767105,-0.047884032130241394
1790031607087525000,2.019525146484375,0.14604631066322327,-0.031124621629714966,-0.023942016065120697
1790031607097534700,2.02953466796875,0.11971008777618408,-0.043095629662275314,-0.09816227108240128
1790031607107514000,2.03951416015625,0.16998831927776337,-0.016759412363171577,-0.038307227194309235
1790031607117523700,2.049523681640625,0.038307227194309235,-0.12689268589019775,-0.011971008032560349
1790031607157593300,2.08959326171875,-0.07422025501728058,-0.009576806798577309,-0.10534487664699554
1790031607177612800,2.10961279296875,0.07422025501728058,-0.08619125932455063,0.023942016065120697
1790031607187622700,2.11962255859375,0.06464344263076782,-0.0933738648891449,0.035913024097681046
1790031607227661800,2.159661865234375,0.0071826050989329815,-0.12449848651885986,-0.004788403399288654
1790031607237671400,2.16967138671875,0.06464344263076782,-0.05746084079146385,0.002394201699644327
1790031607247681300,2.179681396484375,0.0933738648891449,0.043095629662275314,0.023942016065120697
1790031607257721600,2.1897216796875,0.16759411990642548,-0.10534487664699554,0.019153613597154617
1790031607267731200,2.199731201171875,0.040701430290937424,-0.18914192914962769,0.10055647045373917
1790031607277710600,2.209710693359375,-0.0454898327589035,-0.10534487664699554,0.028730420395731926
1790031607287720200,2.21972021484375,0.023942016065120697,0.06703764945268631,-0.0454898327589035
1790031607297760500,2.229760498046875,0.14844051003456116,0.1388636976480484,-0.035913024097681046
1790031607307800800,2.23980078125,0.15801730751991272,0.021547814831137657,-0.028730420395731926
1790031607317841200,2.249841064453125,0.0694318488240242,-0.05506663769483566,0.011971008032560349
1790031607337830100,2.269830078125,0.0694318488240242,-0.1412578970193863,0.07182604819536209
1790031607347870500,2.279870361328125,0.05746084079146385,-0.1149216815829277,-0.08379705995321274
1790031607357880300,2.28988037109375,0.033518824726343155,-0.07661445438861847,-0.0454898327589035
1790031607397919200,2.329919189453125,0.040701430290937424,-0.043095629662275314,-0.002394201699644327
1790031607458039000,2.3900390625,0.043095629662275314,-0.016759412363171577,-0.002394201699644327
1790031607488068000,2.420068115234375,0.07661445438861847,-0.07900865375995636,-0.05985504388809204
1790031607498078000,2.430077880859375,0.07182604819536209,-0.05267243832349777,0.019153613597154617
1790031607518097400,2.450097412109375,0.019153613597154617,-0.026336219161748886,0.07900865375995636
1790031607528076800,2.460076904296875,0.15562310814857483,-0.08619125932455063,-0.021547814831137657
1790031607538117000,2.4701171875,0.08619125932455063,-0.11252748221158981,-0.0071826050989329815
1790031607548126700,2.480126708984375,0.05985504388809204,-0.12449848651885986,-0.038307227194309235
1790031607558136600,2.490136474609375,0.08140286058187485,-0.0454898327589035,0.11971008777618408
1790031607568115700,2.50011572265625,0.10773907601833344,-0.11252748221158981,0.0933738648891449
1790031607578156000,2.510156005859375,0.07182604819536209,-0.031124621629714966,0.08858546614646912
1790031607588166000,2.520165771484375,0.08379705995321274,-0.05506663769483566,-0.0071826050989329815
1790031607598175700,2.53017578125,0.14844051003456116,-0.019153613597154617,0.026336219161748886
1790031607628205000,2.560205078125,-0.08379705995321274,-0.07661445438861847,-0.05985504388809204
1790031607648194000,2.580194091796875,0.07182604819536209,-0.0454898327589035,-0.06224924325942993
1790031607678223400,2.610223388671875,-0.002394201699644327,-0.17956513166427612,-0.031124621629714966
1790031607698242800,2.630242919921875,0.17956513166427612,0.10773907601833344,-0.004788403399288654
1790031607728272100,2.660272216796875,0.12449848651885986,0.011971008032560349,0.009576806798577309
1790031607738312400,2.6703125,0.19393034279346466,-0.016759412363171577,0.033518824726343155
1790031607748322000,2.680322021484375,0.1388636976480484,-0.08858546614646912,0.038307227194309235
1790031607758332000,2.690331787109375,0.035913024097681046,-0.1867477297782898,0.011971008032560349
1790031607768341800,2.700341796875,-0.12928688526153564,-0.21547815203666687,-0.13168109953403473
1790031607798371000,2.73037109375,0.08858546614646912,-0.05267243832349777,0.038307227194309235
1790031607808380700,2.740380615234375,0.035913024097681046,-0.0454898327589035,0.10055647045373917
1790031607818390500,2.750390625,0.09576806426048279,-0.014365210197865963,0.038307227194309235
1790031607828400000,2.760400146484375,0.12210428714752197,0.031124621629714966,-0.035913024097681046
1790031607858429400,2.790429443359375,0.023942016065120697,-0.002394201699644327,-0.0454898327589035
1790031607868408800,2.800408935546875,0.05027823522686958,0.05267243832349777,-0.09816227108240128
1790031607878418400,2.81041845703125,-0.038307227194309235,-0.033518824726343155,-0.07900865375995636
1790031607888489500,2.820489501953125,0.043095629662275314,-0.12449848651885986,-0.040701430290937424
1790031607898468600,2.830468505859375,0.13407529890537262,-0.05506663769483566,-0.0454898327589035
1790031607908509000,2.840509033203125,0.028730420395731926,-0.038307227194309235,-0.0454898327589035
1790031607918488000,2.850488037109375,-0.05027823522686958,0.040701430290937424,-0.06464344263076782
1790031607928528400,2.8605283203125,-0.08858546614646912,-0.07661445438861847,-0.016759412363171577
1790031607948517400,2.880517333984375,0.19632454216480255,0.18914192914962769,-0.021547814831137657
1790031607958557700,2.8905576171875,0.05267243832349777,0.06464344263076782,-0.06464344263076782
1790031608058655500,2.990655517578125,0.17956513166427612,-0.0071826050989329815,0.011971008032560349
1790031608078675000,3.010675048828125,0,0.028730420395731926,0
1790031608088684500,3.0206845703125,-0.002394201699644327,-0.05027823522686958,0.12689268589019775
1790031608108673800,3.040673828125,-0.07182604819536209,-0.11013327538967133,-0.07182604819536209
1790031608118713900,3.0507138671875,-0.019153613597154617,-0.2059013396501541,-0.028730420395731926
1790031608128723700,3.0607236328125,0.0694318488240242,-0.0933738648891449,0.090979665517807
1790031608138733600,3.070733642578125,0.12928688526153564,-0.08140286058187485,0.047884032130241394
1790031608148743200,3.0807431640625,0.05267243832349777,-0.043095629662275314,-0.08379705995321274
1790031608158753000,3.0907529296875,0.05985504388809204,-0.06703764945268631,-0.021547814831137657
1790031608168763000,3.100762939453125,0.1412578970193863,0.038307227194309235,-0.035913024097681046
1790031608178803200,3.11080322265625,0.11013327538967133,0.06224924325942993,-0.06224924325942993
1790031608188812800,3.120812744140625,0.031124621629714966,-0.028730420395731926,0.016759412363171577
1790031608258911700,3.190911865234375,-0.07422025501728058,-0.2801215946674347,0.08619125932455063
1790031608298950700,3.23095068359375,-0.27054479718208313,0.011971008032560349,0.9600749015808105
1790031608308960500,3.24096044921875,-0.2849099934101105,-0.26575639843940735,1.2521674633026123
1790031608318970400,3.250970458984375,-0.4189853072166443,-0.47165772318840027,1.2425906658172607
1790031608339020300,3.271020263671875,-0.950498104095459,-0.6416460275650024,2.1092917919158936
1790031608349060600,3.281060546875,-0.8523358106613159,0.19632454216480255,2.542642116546631
1790031608359070500,3.291070556640625,-0.5770025849342346,-0.3711012601852417,3.1938650608062744
1790031608369080000,3.301080078125,0.043095629662275314,-0.9193734526634216,2.3726539611816406
1790031608379090000,3.31108984375,-0.40222588181495667,1.434126853942871,0.0694318488240242
1790031608389099800,3.321099853515625,-0.4692635238170624,2.894589900970459,-2.8826189041137695
1790031608399079000,3.331078857421875,-0.3974374830722809,4.4508209228515625,-5.128379821777344
1790031608439179000,3.371178955078125,-0.24660277366638184,4.2329487800598145,0.7038952708244324
1790031608449188900,3.38118896484375,-0.0694318488240242,3.8738183975219727,-0.8140285611152649
1790031608459198500,3.391198486328125,0.2346317619085312,3.6104562282562256,-1.4844050407409668
1790031608509278000,3.44127783203125,-0.3998316824436188,4.280832767486572,-0.3232172429561615
1790031608559326700,3.49132666015625,-1.316810965538025,3.028665065765381,-0.35673606395721436
1790031608569336600,3.501336669921875,-1.335964560508728,2.9735984802246094,-0.5674257874488831
1790031608579346200,3.51134619140625,-1.436521053314209,2.674323320388794,-0.17717093229293823
1790031608589356000,3.52135595703125,-1.6879122257232666,2.650381326675415,0.031124621629714966
1790031608599366000,3.531365966796875,-1.5729905366897583,2.58813214302063,-0.44532153010368347
1790031608609375500,3.54137548828125,-1.5418659448623657,2.5043349266052246,-0.49559974670410156
1790031608619385300,3.55138525390625,-1.53707754611969,2.31758713722229,-0.5913678407669067
1790031608629364500,3.561364501953125,-1.6160861253738403,2.3319525718688965,-0.40222588181495667
1790031608649353700,3.581353759765625,-1.821987509727478,2.0470423698425293,-0.5482721924781799
1790031608659393800,3.591393798828125,-1.7836803197860718,1.8531121015548706,-0.7613561153411865
1790031608669403600,3.601403564453125,-1.802833914756775,1.8626888990402222,-0.7350199222564697
1790031608679413500,3.61141357421875,-1.6927006244659424,2.3271639347076416,-0.7134721279144287
1790031608689453800,3.621453857421875,-1.5203180313110352,1.9967641830444336,-0.5578489899635315
1790031608699463400,3.63146337890625,-1.6400281190872192,1.8602946996688843,-0.36152446269989014
1790031608709473300,3.641473388671875,-1.6543933153152466,1.766920804977417,-0.6751648783683777
1790031608719483000,3.65148291015625,-1.6160861253738403,2.0039467811584473,-0.9026140570640564
1790031608729492700,3.66149267578125,-1.8626888990402222,1.8770540952682495,-1.3263877630233765
1790031608749512200,3.68151220703125,-1.8195933103561401,1.723825216293335,-0.4596867263317108
1790031608819611100,3.751611083984375,-2.190694570541382,1.015141487121582,-1.7501614093780518
1790031608829651500,3.7616513671875,-2.1763293743133545,1.0342950820922852,-1.7070658206939697
1790031608839661300,3.771661376953125,-2.456450939178467,0.6919242739677429,-0.993593692779541
1790031608849701600,3.78170166015625,-2.5234885215759277,0.7829039692878723,-0.7158663272857666
1790031608859711200,3.791711181640625,-2.652775526046753,0.7661445140838623,-0.6440402865409851
1790031608869721000,3.80172119140625,-2.695871114730835,0.19632454216480255,-0.5219359993934631
1790031608899780900,3.83178076171875,-2.410961151123047,-0.21787235140800476,-1.3838485479354858
1790031608919769900,3.851769775390625,-2.4875755310058594,-0.24660277366638184,-1.4915876388549805
1790031608929810200,3.86181005859375,-2.7533318996429443,-0.07182604819536209,-1.5298948287963867
1790031608989899300,3.921899169921875,-2.032677173614502,-1.3766659498214722,-1.7094600200653076
1790031609009918700,3.941918701171875,-2.1068975925445557,-2.363077163696289,-1.2976573705673218
1790031609019928600,3.951928466796875,-2.2242133617401123,-2.2601263523101807,-1.0031704902648926
1790031609079987200,4.0119873046875,-0.6224924325942993,-3.4979286193847656,-0.6105214357376099
1790031609100037000,4.032037109375,-0.5003881454467773,-3.6152446269989014,-0.23942017555236816
1790031609110016500,4.0420166015625,-0.667982280254364,-3.8139634132385254,-0.586579442024231
1790031609120026000,4.052026123046875,-0.8188169598579407,-3.60566782951355,-0.5267243981361389
1790031609130066400,4.06206640625,-0.933738648891449,-3.801992416381836,-0.10055647045373917
1790031609140076300,4.072076171875,-0.8762778043746948,-4.144362926483154,0.15562310814857483
1790031609150116600,4.08211669921875,-0.9576807022094727,-4.376600742340088,-0.014365210197865963
1790031609180176400,4.11217626953125,-1.9776105880737305,-5.612008571624756,-0.5626373887062073
1790031609200226300,4.132226318359375,-2.255337953567505,-5.286397457122803,0.15562310814857483
1790031609210266600,4.1422666015625,-2.0685901641845703,-5.683835029602051,0.31364041566848755
1790031609220276500,4.1522763671875,-2.006340980529785,-5.767632007598877,-0.21308395266532898
1790031609230286300,4.162286376953125,-1.778891921043396,-5.702988624572754,-0.790086567401886
1790031609260346000,4.19234619140625,-1.2689268589019775,-6.095637321472168,-0.1412578970193863
1790031609300415700,4.232415771484375,-1.1803414821624756,-5.583278179168701,-0.26096799969673157
1790031609350464500,4.282464599609375,-1.213860273361206,-5.468356609344482,-0.13407529890537262
1790031609420563500,4.3525634765625,-1.0797849893569946,-3.821146011352539,-0.22505496442317963
1790031609450623200,4.382623291015625,-1.50355863571167,-3.3063924312591553,-0.7972691655158997
1790031609460632800,4.3926328125,-1.6112977266311646,-2.8610711097717285,-0.727837324142456
1790031609470642700,4.402642578125,-2.0853497982025146,-2.1164743900299072,-0.7852981686592102
1790031609480652500,4.412652587890625,-2.477998733520508,-2.1068975925445557,-0.8619126081466675
1790031609490662100,4.422662109375,-2.2002713680267334,-2.1308395862579346,-0.3734954595565796
1790031609500672000,4.432672119140625,-1.5729905366897583,-1.4532804489135742,-0.09816227108240128
1790031609510712300,4.44271240234375,-1.5418659448623657,-1.656787633895874,-0.524330198764801
1790031609550782000,4.482781982421875,-2.209848165512085,-0.8188169598579407,-0.5339069962501526
1790031609560822000,4.492822021484375,-2.389413356781006,-1.0247182846069336,-0.912190854549408
1790031609570862300,4.5028623046875,-2.382230758666992,-0.5219359993934631,-1.0462661981582642
1790031609671051500,4.603051513671875,-2.1092917919158936,0.12928688526153564,-0.5626373887062073
1790031609681061400,4.613061279296875,-1.9273324012756348,0.3519476354122162,-1.1013327836990356
1790031609691071200,4.6230712890625,-1.4724340438842773,0.7829039692878723,-1.4101848602294922
1790031609701050400,4.63305029296875,-1.3886369466781616,1.2737152576446533,-1.2545616626739502
1790031609711121200,4.64312109375,-1.3982137441635132,1.094150185585022,-0.9481038451194763
1790031609721131000,4.653131103515625,-1.5945383310317993,0.6392518281936646,-0.751779317855835
1790031609731140600,4.663140625,-1.5466543436050415,0.33279404044151306,-0.5410895943641663
1790031609741150500,4.673150390625,-1.6496049165725708,0.181959331035614,-0.6775590777397156
1790031609751160300,4.683160400390625,-1.7046716213226318,0.48602294921875,-1.0223240852355957
1790031609791230000,4.72322998046875,-1.292868971824646,0.47405192255973816,-1.2880805730819702
1790031609801270000,4.73327001953125,-1.213860273361206,0.5554547905921936,-1.1875240802764893
1790031609811310300,4.743310302734375,-1.259350061416626,0.28730419278144836,-0.8619126081466675
1790031609821320200,4.7533203125,-1.094150185585022,0.7086837291717529,-0.727837324142456
1790031609831330000,4.763330078125,-1.048660397529602,0.6272808313369751,-0.7661445140838623
1790031609841370000,4.7733701171875,-1.2641384601593018,0.4596867263317108,-0.7206547260284424
1790031609851349500,4.783349609375,-1.0462661981582642,0.8930372595787048,-0.689530074596405
1790031609891419100,4.823419189453125,-0.8858546018600464,0.706289529800415,-0.5434837937355042
1790031609911469000,4.843468994140625,-0.8236053586006165,-0.181959331035614,-0.5051765441894531
1790031609941528800,4.87352880859375,-0.42856210470199585,0.8044517636299133,-0.27054479718208313
1790031609961579000,4.8935791015625,-0.6057330369949341,0.12928688526153564,-0.3711012601852417
1790031609971588600,4.903588623046875,-0.8068459630012512,0.1364694982767105,-0.3663128614425659
1790031609981598500,4.913598388671875,-0.7445967197418213,0.42856210470199585,-0.40701428055763245
1790031609991608300,4.9236083984375,-0.8619126081466675,1.1109095811843872,-0.6512228846549988
1790031610001618000,4.933617919921875,-0.7134721279144287,0.6224924325942993,-0.6033388376235962
1790031610011627800,4.943627685546875,-0.629675030708313,0.6919242739677429,-0.38067805767059326
1790031610021637600,4.9536376953125,-0.7469909191131592,0.6224924325942993,-0.272938996553421
1790031610041626600,4.973626708984375,-0.8307880163192749,0.524330198764801,-0.35673606395721436
1790031610051697400,4.983697509765625,-0.9792284965515137,0.6607996821403503,-0.19393034279346466
1790031610061676500,4.993676513671875,-0.6177040338516235,0.40701428055763245,0.016759412363171577
1790031610071716900,5.003716796875,-0.45010992884635925,0.2968810200691223,-0.10773907601833344
1790031610081696300,5.0136962890625,-0.49320554733276367,0.40222588181495667,-0.4836287498474121
1790031610151825400,5.083825439453125,-0.5267243981361389,0.7757213711738586,-0.33758243918418884
1790031610181854700,5.113854736328125,-0.5626373887062073,0.038307227194309235,-0.07422025501728058
1790031610211884000,5.143884033203125,-0.7757213711738586,0.4405331015586853,-0.11971008777618408
1790031610221924400,5.15392431640625,-0.6631938815116882,0.5434837937355042,-0.15562310814857483
1790031610272064800,5.204064697265625,-0.545877993106842,0.6057330369949341,-0.24660277366638184
1790031610342133200,5.27413330078125,-0.8355764150619507,0.7206547260284424,-0.10295066982507706
1790031610352142800,5.284142822265625,-0.9600749015808105,0.7661445140838623,0.18914192914962769
1790031610362183200,5.29418310546875,-0.9169792532920837,0.9385270476341248,0.5650315880775452
1790031610372193000,5.304193115234375,-0.5793967843055725,0.7038952708244324,0.7086837291717529
1790031610402222300,5.334222412109375,-0.3423708379268646,0.3687070608139038,-0.5171475410461426
1790031610412232000,5.34423193359375,-0.16998831927776337,0.2968810200691223,-0.33997663855552673
1790031610482331000,5.414330810546875,0.009576806798577309,0.3926490843296051,0
1790031610492340700,5.4243408203125,-0.05027823522686958,0.42856210470199585,0.05267243832349777
1790031610502350300,5.434350341796875,0.090979665517807,0.35913026332855225,0.26096799969673157
1790031610512390700,5.444390625,0.1173158809542656,0.6536170840263367,0.2561795711517334
1790031610522400500,5.454400390625,0.14844051003456116,0.16998831927776337,0.49559974670410156
1790031610532471300,5.46447119140625,-0.002394201699644327,0.12928688526153564,0.2801215946674347
1790031610542481200,5.474481201171875,-0.1412578970193863,0.12210428714752197,-0.16519992053508759
1790031610552490800,5.48449072265625,-0.090979665517807,0.3447650372982025,-0.10773907601833344
1790031610562500600,5.49450048828125,-0.05506663769483566,0.5219359993934631,0.26096799969673157
1790031610572541000,5.504541015625,0.0071826050989329815,0.6655880808830261,0.4596867263317108
1790031610582550500,5.514550537109375,0,0.8044517636299133,0.31124621629714966
1790031610592560400,5.524560302734375,-0.08858546614646912,0.7948749661445618,0.38067805767059326
1790031610622589700,5.554589599609375,-0.3687070608139038,1.2713210582733154,0.44532153010368347
1790031610642640000,5.574639892578125,-0.507570743560791,1.6089035272598267,0.7829039692878723
1790031610672669000,5.6046689453125,-0.4357447028160095,1.436521053314209,0.5554547905921936
1790031610682678800,5.6146787109375,-0.47644615173339844,1.7381904125213623,0.8619126081466675
1790031610692688600,5.624688720703125,-0.2346317619085312,1.8339585065841675,0.9911994934082031
1790031610702729000,5.63472900390625,-0.2059013396501541,1.886630892753601,0.9241618514060974
1790031610722779000,5.65477880859375,-0.3974374830722809,2.2888567447662354,0.06464344263076782
1790031610762848500,5.6948486328125,-0.4596867263317108,2.126051187515259,0.5434837937355042
1790031610782868000,5.714867919921875,-0.3663128614425659,2.604891538619995,-0.14365209639072418
1790031610792877800,5.7248779296875,-0.6272808313369751,2.873042106628418,-0.1364694982767105
1790031610812897300,5.744897216796875,-0.9528923034667969,2.650381326675415,0.7781155705451965
1790031610822876700,5.754876708984375,-1.0271124839782715,2.5258827209472656,0.6057330369949341
1790031610832916700,5.764916748046875,-1.1540051698684692,2.2816741466522217,0.42377370595932007
1790031610842926600,5.774926513671875,-1.216254472732544,1.9967641830444336,0.06464344263076782
1790031610852967000,5.784966796875,-1.4987702369689941,2.403778553009033,0.13168109953403473
1790031610862946000,5.794946044921875,-1.2401964664459229,2.4803929328918457,0.21787235140800476
1790031610872986400,5.804986328125,-1.2641384601593018,2.6168625354766846,-0.21787235140800476
1790031610882996200,5.814996337890625,-1.292868971824646,2.2026655673980713,-0.3256114423274994
1790031610893006000,5.825006103515625,-1.5466543436050415,2.1978771686553955,-0.011971008032560349
1790031610903015700,5.835015625,-1.5298948287963867,2.070984363555908,-0.15083470940589905
1790031610923065900,5.85506591796875,-1.5969325304031372,1.7884687185287476,-0.08619125932455063
1790031610933075500,5.865075439453125,-1.5442601442337036,1.4844050407409668,-0.15322890877723694
1790031610943085300,5.875085205078125,-1.5753847360610962,1.4053963422775269,-0.3758896589279175
1790031610953095200,5.88509521484375,-1.50355863571167,1.173158884048462,-0.5578489899635315
1790031610963104800,5.895104736328125,-1.6208745241165161,1.2330138683319092,-0.7565677165985107
1790031610973114600,5.905114501953125,-1.6639702320098877,1.4844050407409668,-1.0462661981582642
1790031610983124500,5.91512451171875,-1.8602946996688843,1.2880805730819702,-0.7852981686592102
1790031610993134000,5.925134033203125,-1.9105730056762695,1.1683704853057861,-0.6272808313369751
1790031611003144000,5.93514404296875,-1.987187385559082,1.2952631711959839,-0.6703764796257019
1790031611023163400,5.955163330078125,-2.073378562927246,1.1516109704971313,-1.2449848651885986
1790031611033173200,5.96517333984375,-1.9752163887023926,0.8331822156906128,-1.137245774269104
1790031611053192700,5.985192626953125,-2.6001031398773193,0.3256114423274994,-1.0821791887283325
1790031611073212200,6.005212158203125,-2.6886885166168213,0.7661445140838623,-1.4053963422775269
1790031611083191600,6.015191650390625,-2.7485435009002686,0.48602294921875,-1.2449848651885986
1790031611093231900,6.02523193359375,-2.875436305999756,0.6560112833976746,-1.0342950820922852
1790031611103241500,6.035241455078125,-2.80361008644104,0.43095630407333374,-1.290474772453308
1790031611153321000,6.085321044921875,-2.607285737991333,0.4429273009300232,-1.5897499322891235
1790031611163330600,6.09533056640625,-2.360682964324951,0.5841852426528931,-1.3886369466781616
1790031611213379600,6.145379638671875,-2.2433669567108154,0,-1.0630255937576294
1790031611223419600,6.155419677734375,-2.231395959854126,-0.38067805767059326,-1.5490485429763794
1790031611233429500,6.165429443359375,-2.293645143508911,-0.3447650372982025,-1.6400281190872192
1790031611243439400,6.175439453125,-2.542642116546631,-0.14604631066322327,-1.7262194156646729
1790031611253449000,6.185448974609375,-2.535459518432617,-0.49559974670410156,-1.3311761617660522
1790031611263458800,6.195458740234375,-2.868253707885742,-0.8523358106613159,-1.0271124839782715
1790031611273438200,6.205438232421875,-2.8347349166870117,-0.5123591423034668,-1.0773907899856567
1790031611283478300,6.215478271484375,-2.7054479122161865,-0.6416460275650024,-1.37906014919281
1790031611293518600,6.2255185546875,-2.43011474609375,-0.9600749015808105,-1.400607943534851
1790031611303528400,6.235528564453125,-2.3989901542663574,-1.2042834758758545,-1.3718775510787964
1790031611323548000,6.2555478515625,-2.0661959648132324,-1.580173134803772,-1.115697979927063
1790031611333557800,6.265557861328125,-2.47560453414917,-1.8291701078414917,-1.0079588890075684
1790031611353546800,6.285546630859375,-2.6599581241607666,-2.2194249629974365,-0.7733271718025208
1790031611363587000,6.295587158203125,-2.7054479122161865,-2.3487119674682617,-0.7948749661445618
1790031611373596700,6.3055966796875,-2.3965959548950195,-2.935291290283203,-0.7613561153411865
1790031611393616400,6.325616455078125,-2.1092917919158936,-2.6839001178741455,-0.9313444495201111
1790031611403656700,6.33565673828125,-1.9584569931030273,-3.2369606494903564,-0.8068459630012512
1790031611413696800,6.34569677734375,-1.920149803161621,-3.5386300086975098,-0.6224924325942993
1790031611423676200,6.35567626953125,-1.9488801956176758,-3.246537446975708,-0.6440402865409851
1790031611433686000,6.36568603515625,-2.0231003761291504,-3.7852327823638916,-0.2968810200691223
1790031611483826200,6.415826171875,-1.8124107122421265,-4.707000732421875,0.13407529890537262
1790031611503846000,6.435845947265625,-1.7477672100067139,-4.649539470672607,-0.0454898327589035
1790031611513825000,6.445824951171875,-1.8148049116134644,-4.845864295959473,-0.0454898327589035
1790031611523865300,6.455865234375,-1.9105730056762695,-4.941632270812988,0.038307227194309235
1790031611543884800,6.475884765625,-1.9273324012756348,-4.651933670043945,0.4429273009300232
1790031611553864200,6.4858642578125,-1.8124107122421265,-4.8602294921875,0.3256114423274994
1790031611563935000,6.49593505859375,-1.656787633895874,-4.841075897216797,0.1364694982767105
1790031611573944600,6.505944580078125,-1.5131354331970215,-4.829104900360107,0.17956513166427612
1790031611583985000,6.51598486328125,-1.4891934394836426,-4.644751071929932,0.3687070608139038
1790031611593994800,6.525994873046875,-1.3838485479354858,-4.467580318450928,0.16519992053508759
1790031611604004600,6.536004638671875,-1.479616641998291,-4.766855716705322,0.13168109953403473
1790031611614044700,6.546044677734375,-1.5418659448623657,-4.920084476470947,0.2801215946674347
1790031611624054500,6.556054443359375,-1.5658079385757446,-4.663905143737793,0.24181437492370605
1790031611634064400,6.566064453125,-1.5705963373184204,-4.5394062995910645,0.10295066982507706
1790031611644104700,6.576104736328125,-1.290474772453308,-4.565742492675781,0.31364041566848755
1790031611674103300,6.606103271484375,-1.2832920551300049,-3.8762125968933105,0.26336219906806946
1790031611684143600,6.6161435546875,-1.2521674633026123,-3.529053211212158,0.2944868206977844
1790031611724182800,6.656182861328125,-1.192312479019165,-3.201047658920288,0.2346317619085312
1790031611734192400,6.6661923828125,-1.4748282432556152,-2.6862943172454834,-0.21787235140800476
1790031611744202200,6.6762021484375,-1.5945383310317993,-2.58813214302063,-0.6177040338516235
1790031611754242600,6.68624267578125,-1.4867992401123047,-2.3726539611816406,-0.6560112833976746
1790031611764252400,6.69625244140625,-1.623268723487854,-2.1787235736846924,-0.3232172429561615
1790031611794312200,6.726312255859375,-2.190694570541382,-2.070984363555908,-0.24181437492370605
1790031611834381600,6.766381591796875,-2.2146365642547607,-0.6224924325942993,-0.5841852426528931
1790031611854431700,6.786431640625,-1.968033790588379,-1.1252747774124146,-0.363918662071228
1790031611864441600,6.796441650390625,-2.4444799423217773,-1.1875240802764893,-0.3447650372982025
1790031611874451200,6.806451171875,-2.47560453414917,-1.7142484188079834,-0.2537853717803955
1790031611884461000,6.8164609375,-2.6192567348480225,-1.338358759880066,-0.2777273952960968
1790031611894471000,6.826470947265625,-2.5330653190612793,-1.2090718746185303,-0.629675030708313
1790031611904480500,6.83648046875,-2.212242364883423,-0.8738836050033569,-1.1300631761550903
1790031611914490400,6.846490478515625,-1.9129672050476074,-0.5386953949928284,-1.1180921792984009
1790031611924530700,6.85653076171875,-1.9560627937316895,-0.6416460275650024,-0.8954314589500427
1790031611934509800,6.866509765625,-1.9393033981323242,-0.6368576288223267,-0.7709329724311829
1790031611944580600,6.87658056640625,-2.0183119773864746,-0.507570743560791,-0.40701428055763245
1790031611974640400,6.906640380859375,-2.63362193107605,-1.0893617868423462,-0.6967126727104187
1790031611994690600,6.926690673828125,-2.2864625453948975,-0.6847416758537292,-0.7493851184844971
1790031612004700400,6.936700439453125,-2.140416383743286,-0.8595184087753296,-0.44532153010368347
1790031612014710000,6.9467099609375,-2.094926595687866,-0.3208230137825012,-0.6177040338516235
1790031612024720000,6.956719970703125,-2.1284453868865967,0.004788403399288654,-0.8547300100326538
1790031612034760200,6.96676025390625,-1.8626888990402222,-0.43335050344467163,-0.7015010714530945
1790031612044769800,6.976769775390625,-1.742978811264038,-0.4884171485900879,-0.7589619159698486
1790031612104859000,7.03685888671875,-1.644816517829895,0.8595184087753296,-0.8906430602073669
1790031612124909000,7.056908935546875,-1.8315643072128296,0.033518824726343155,-0.33997663855552673
1790031612134949400,7.066949462890625,-2.315192937850952,0.33039984107017517,-0.5770025849342346
1790031612184998100,7.116998046875,-1.6041151285171509,0.9145850539207458,-0.6536170840263367
1790031612205017600,7.137017578125,-1.8291701078414917,0.1388636976480484,-0.44532153010368347
1790031612225067800,7.15706787109375,-1.8171991109848022,-0.07182604819536209,-0.08379705995321274
1790031612235108000,7.167108154296875,-1.8171991109848022,-0.1173158809542656,-0.49799394607543945
1790031612245117700,7.17711767578125,-1.9608511924743652,0.22026655077934265,-1.0797849893569946
1790031612255127600,7.18712744140625,-1.5442601442337036,1.2306196689605713,-1.235408067703247
1790031612265106700,7.197106689453125,-1.501164436340332,1.2114660739898682,-0.7326257228851318
1790031612275116500,7.207116455078125,-1.338358759880066,1.0821791887283325,-0.3902548849582672
1790031612285156900,7.217156982421875,-1.5059528350830078,0.9193734526634216,-0.19632454216480255
1790031612305176300,7.23717626953125,-1.1875240802764893,0.0694318488240242,-0.2082955539226532
1790031612315186200,7.247186279296875,-1.3407529592514038,0.42377370595932007,-0.5913678407669067
1790031612325195800,7.25719580078125,-1.278503656387329,0.07661445438861847,-0.7948749661445618
1790031612335205600,7.26720556640625,-1.158793568611145,0.12210428714752197,-0.6655880808830261
1790031612345215500,7.277215576171875,-1.1468225717544556,0.2777273952960968,-0.4620809257030487
1790031612355255800,7.287255859375,-1.2042834758758545,0.4357447028160095,-0.33279404044151306
1790031612375305700,7.3073056640625,-0.9289502501487732,0.49320554733276367,-0.033518824726343155
1790031612395325200,7.3273251953125,-0.5985504388809204,0.5123591423034668,-0.29209262132644653
1790031612405335000,7.3373349609375,-0.5746083855628967,0.1364694982767105,-0.3519476354122162
1790031612415345000,7.347344970703125,-0.5937620401382446,0.4141969084739685,-0.5051765441894531
1790031612425354500,7.3573544921875,-0.6560112833976746,0.4213795065879822,-0.6560112833976746
1790031612435394800,7.367394775390625,-0.6991068720817566,0.15801730751991272,-0.4596867263317108
1790031612445404700,7.37740478515625,-0.5913678407669067,0.15562310814857483,-0.26815059781074524
1790031612455414500,7.38741455078125,-0.6655880808830261,0.26336219906806946,-0.4118026793003082
1790031612465454600,7.39745458984375,-0.5339069962501526,0.6033388376235962,-0.6560112833976746
1790031612475495000,7.407494873046875,-0.3663128614425659,0.912190854549408,-0.5315127968788147
1790031612485504800,7.4175048828125,-0.3902548849582672,0.730231523513794,-0.5267243981361389
1790031612495484000,7.42748388671875,-0.5003881454467773,0.43335050344467163,-0.40940847992897034
1790031612515534000,7.4475341796875,-0.7158663272857666,0.011971008032560349,-0.4596867263317108
1790031612535553500,7.467553466796875,-0.9050082564353943,0.20350714027881622,-0.4357447028160095
1790031612545533000,7.477532958984375,-0.8403648138046265,0.181959331035614,-0.4357447028160095
1790031612555573000,7.487572998046875,-0.8762778043746948,0.21308395266532898,-0.35434186458587646
1790031612565582800,7.497582763671875,-0.5123591423034668,0.5530605912208557,-0.5506663918495178
1790031612585602300,7.517602294921875,-0.4692635238170624,0.9026140570640564,-0.23702596127986908
1790031612645630500,7.57763037109375,-0.47165772318840027,-0.24420857429504395,-0.4836287498474121
1790031612715729400,7.6477294921875,-0.4141969084739685,-0.24181437492370605,-0.6392518281936646
1790031612725708500,7.65770849609375,-0.4620809257030487,-0.15801730751991272,-0.7038952708244324
1790031612735748900,7.667748779296875,-0.5267243981361389,-0.17717093229293823,-0.629675030708313
1790031612745758700,7.6777587890625,-0.4596867263317108,-0.3495534360408783,-0.3016694188117981
1790031612755829500,7.68782958984375,-0.5027823448181152,-0.4668693244457245,0.12449848651885986
1790031612765839000,7.697839111328125,-0.5410895943641663,-0.30885201692581177,0.30885201692581177
1790031612775849000,7.707848876953125,-0.5602431893348694,-0.4141969084739685,0.3926490843296051
1790031612785858800,7.71785888671875,-0.5363011956214905,-0.47644615173339844,0.26815059781074524
1790031612795899100,7.727899169921875,-0.5099649429321289,-0.33279404044151306,-0.06224924325942993
1790031612815949000,7.747948974609375,-0.5315127968788147,-0.304063618183136,-0.2585737705230713
1790031612825959000,7.757958984375,-0.4189853072166443,-0.22026655077934265,-0.0454898327589035
1790031612835968500,7.767968505859375,-0.524330198764801,-0.16759411990642548,0.31124621629714966
1790031612845978400,7.777978271484375,-0.4668693244457245,-0.11013327538967133,0.5027823448181152
1790031612855988200,7.78798828125,-0.44532153010368347,-0.08379705995321274,0.38067805767059326
1790031612865997800,7.797997802734375,-0.45010992884635925,-0.24181437492370605,0.26096799969673157
1790031612876007700,7.808007568359375,-0.4189853072166443,-0.33997663855552673,0.2298433631658554
1790031612946106600,7.878106689453125,-0.1604115068912506,-0.15322890877723694,0.2059013396501541
1790031612956116200,7.8881162109375,-0.09576806426048279,-0.033518824726343155,-0.002394201699644327
1790031612966156500,7.898156494140625,-0.10295066982507706,0.05985504388809204,-0.040701430290937424
1790031612976166400,7.90816650390625,-0.15562310814857483,0.004788403399288654,0.24420857429504395
1790031613036194600,7.968194580078125,-0.15801730751991272,0.3519476354122162,0.05027823522686958
1790031613126313000,8.05831298828125,-0.181959331035614,0.8547300100326538,0.6033388376235962
1790031613196411600,8.12841162109375,-0.10534487664699554,1.3000515699386597,0.090979665517807
1790031613206421500,8.13842138671875,-0.24899697303771973,1.4484920501708984,-0.14365209639072418
1790031613216431400,8.148431396484375,-0.4429273009300232,1.6759412288665771,-0.05985504388809204
1790031613226441000,8.15844091796875,-0.3974374830722809,1.6927006244659424,-0.08619125932455063
1790031613236450800,8.168450927734375,-0.38067805767059326,2.1475989818573,0.08379705995321274
1790031613256470300,8.18847021484375,-0.6512228846549988,2.032677173614502,-0.3471592366695404
1790031613266541000,8.198541015625,-0.8451532125473022,1.9129672050476074,-0.10534487664699554
1790031613276581400,8.208581298828125,-0.9265560507774353,1.9321208000183105,-0.011971008032560349
1790031613296600800,8.228600830078125,-1.194706678390503,2.2625205516815186,-0.19153612852096558
1790031613306580200,8.238580322265625,-0.9050082564353943,2.0661959648132324,-0.17717093229293823
1790031613316589800,8.24858984375,-0.871489405632019,2.0925323963165283,0.004788403399288654
1790031613326630100,8.258630126953125,-0.950498104095459,1.9847931861877441,-0.31364041566848755
1790031613336640000,8.268639892578125,-0.7158663272857666,2.121262788772583,-0.6057330369949341
1790031613346649900,8.27864990234375,-0.6057330369949341,2.4396915435791016,-0.5746083855628967
1790031613356659500,8.288659423828125,-0.586579442024231,2.5091233253479004,-0.4668693244457245
1790031613366669300,8.29866943359375,-0.6943184733390808,2.2577321529388428,-0.38307225704193115
1790031613386688800,8.318688720703125,-0.9313444495201111,2.1715409755706787,-0.7398083209991455
1790031613406708200,8.338708251953125,-1.3862427473068237,1.3311761617660522,-0.5219359993934631
1790031613416718000,8.348718017578125,-1.7286136150360107,1.8076223134994507,-0.7661445140838623
1790031613436737500,8.368737548828125,-1.745373010635376,2.2840683460235596,-0.6775590777397156
1790031613466736400,8.398736328125,-2.580949544906616,2.1284453868865967,-1.3239935636520386
1790031613476776700,8.408776611328125,-2.403778553009033,1.534683346748352,-1.3192051649093628
1790031613486786600,8.41878662109375,-2.4899697303771973,1.6663644313812256,-1.0773907899856567
1790031613516846300,8.448846435546875,-1.9752163887023926,0.9672574996948242,-1.314416766166687
1790031613526825500,8.458825439453125,-1.968033790588379,1.259350061416626,-1.2832920551300049
1790031613556885200,8.48888525390625,-1.9129672050476074,0.7829039692878723,-1.5179238319396973
1790031613566895000,8.49889501953125,-2.1595699787139893,0.5147533416748047,-1.7405846118927002
1790031613586914600,8.51891455078125,-2.322375535964966,0.4141969084739685,-1.1300631761550903
1790031613606903600,8.538903564453125,-2.319981336593628,0.1149216815829277,-1.5729905366897583
1790031613626923300,8.55892333984375,-2.7054479122161865,0.2753331959247589,-1.5945383310317993
1790031613656983000,8.588983154296875,-3.1507694721221924,-0.8092401623725891,-1.6280571222305298
1790031613677033000,8.609032958984375,-2.935291290283203,-0.912190854549408,-2.1068975925445557
1790031613707062300,8.639062255859375,-2.073378562927246,0.5889736413955688,-1.5083470344543457
1790031613737152800,8.66915283203125,-3.552995204925537,-1.6136919260025024,-1.7094600200653076
1790031613747132000,8.6791318359375,-4.14915132522583,-2.075772762298584,-2.078166961669922
1790031613757141800,8.689141845703125,-3.8331170082092285,-2.7006595134735107,-1.0295066833496094
1790031613767182000,8.69918212890625,-2.782062292098999,-1.9560627937316895,-0.9888052940368652
1790031613777191700,8.709191650390625,-1.9153614044189453,-1.3048399686813354,-1.5610195398330688
1790031613787171000,8.719171142578125,-1.5466543436050415,-0.16998831927776337,-1.7741034030914307
1790031613797211400,8.72921142578125,-1.4963760375976562,-0.2753331959247589,-1.764526605606079
1790031613807251500,8.73925146484375,-1.8052281141281128,-0.6368576288223267,-1.6855180263519287
1790031613827301600,8.759301513671875,-2.6144683361053467,-2.274491548538208,-0.5841852426528931
1790031613837342000,8.769342041015625,-2.209848165512085,-2.9065608978271484,-0.15083470940589905
1790031613857391900,8.789391845703125,-1.824381709098816,-2.4133553504943848,-1.4269442558288574
1790031613877411600,8.80941162109375,-1.6136919260025024,-2.9879636764526367,-1.4053963422775269
1790031613887482400,8.819482421875,-1.6519991159439087,-2.8131868839263916,-0.646434485912323
1790031613897492000,8.829491943359375,-1.680729627609253,-2.808398485183716,-0.016759412363171577
1790031613907501800,8.839501708984375,-1.5921441316604614,-3.383007049560547,0.28730419278144836
1790031613917572600,8.849572509765625,-1.766920804977417,-3.2130186557769775,-0.06464344263076782
1790031613927551700,8.8595517578125,-1.944091796875,-4.05817174911499,0.10055647045373917
1790031613937561600,8.8695615234375,-1.6903064250946045,-4.1156325340271,-0.2561795711517334
1790031613947571500,8.879571533203125,-1.4269442558288574,-3.737348794937134,-0.4213795065879822
1790031613957581000,8.8895810546875,-1.1851298809051514,-3.77565598487854,-0.31364041566848755
1790031613967591000,8.8995908203125,-1.278503656387329,-3.998316764831543,-0.11971008777618408
1790031613977600800,8.909600830078125,-1.4772224426269531,-3.9049429893493652,0.05027823522686958
1790031613987641000,8.91964111328125,-1.6280571222305298,-3.861847400665283,0.2777273952960968
1790031613997650700,8.929650634765625,-1.6184803247451782,-4.527435302734375,0.3232172429561615
1790031614007691000,8.93969091796875,-1.8171991109848022,-4.331110954284668,-0.0071826050989329815
1790031614017731300,8.9497314453125,-1.9369091987609863,-4.9799394607543945,-0.14844051003456116
1790031614077881300,9.00988134765625,-1.745373010635376,-4.831499099731445,-0.1843535304069519
1790031614177979100,9.109979248046875,-1.3910311460494995,-3.6176388263702393,-0.45489832758903503
1790031614208039000,9.140038818359375,-1.0103530883789062,-2.559401512145996,-0.043095629662275314
1790031614218079200,9.150079345703125,-1.072602391242981,-2.360682964324951,-0.15083470940589905
1790031614288147500,9.2201474609375,-1.7334020137786865,-1.2425906658172607,-1.2018892765045166
1790031614298157300,9.2301572265625,-1.9105730056762695,-1.256955862045288,-1.0271124839782715
1790031614388397800,9.320397705078125,-2.4133553504943848,-0.6847416758537292,-0.6344634294509888
1790031614438416100,9.370416015625,-1.8315643072128296,0.19153612852096558,-1.0558429956436157
1790031614488495400,9.420495361328125,-1.7717092037200928,0.047884032130241394,-1.460463047027588
1790031614548523500,9.4805234375,-1.479616641998291,0.5937620401382446,-0.6560112833976746
1790031614608612600,9.540612548828125,-1.4772224426269531,1.1348515748977661,-1.400607943534851
1790031614698731000,9.63073095703125,-1.1755530834197998,1.2258312702178955,-0.912190854549408
1790031614758850600,9.6908505859375,-0.667982280254364,0.3663128614425659,-0.871489405632019
1790031614768860400,9.7008603515625,-0.6105214357376099,1.3311761617660522,-1.0319008827209473
1790031614778870300,9.710870361328125,-0.6105214357376099,1.2234370708465576,-0.8164227604866028
1790031614788880000,9.7208798828125,-0.6823474764823914,1.3958195447921753,-0.5003881454467773
1790031614798889700,9.7308896484375,-0.6560112833976746,1.039083480834961,-0.3232172429561615
1790031614808899600,9.740899658203125,-0.4141969084739685,0.2777273952960968,-0.23702596127986908
1790031614818909200,9.7509091796875,-0.15562310814857483,0.24181437492370605,-0.20350714027881622
1790031614828919000,9.7609189453125,-0.004788403399288654,0.28730419278144836,-0.5985504388809204
1790031614838929000,9.770928955078125,-0.272938996553421,0.3998316824436188,-0.7541735172271729
1790031614868958200,9.800958251953125,-0.8595184087753296,0.4381389021873474,-0.9696516990661621
1790031614878967800,9.8109677734375,-1.0630255937576294,0.30885201692581177,-0.569819986820221
1790031614888977700,9.820977783203125,-1.1444283723831177,0.42856210470199585,-0.3974374830722809
1790031614898987500,9.830987548828125,-0.9050082564353943,0.26815059781074524,-0.19153612852096558
1790031614909027600,9.841027587890625,-0.8882488012313843,0.2825157940387726,-0.1843535304069519
1790031614919037400,9.851037353515625,-0.629675030708313,0.26096799969673157,-0.3734954595565796
1790031614949097200,9.88109716796875,-0.7398083209991455,-0.21787235140800476,-0.2298433631658554
1790031614959137500,9.891137451171875,-0.6967126727104187,-0.09576806426048279,-0.2585737705230713
1790031614969147400,9.9011474609375,-0.5099649429321289,-0.0933738648891449,-0.28730419278144836
1790031614979157000,9.911156982421875,-0.35434186458587646,-0.09576806426048279,-0.38307225704193115
1790031614989166800,9.921166748046875,-0.31603461503982544,-0.047884032130241394,-0.6177040338516235
1790031615069275400,10.001275390625,-0.4668693244457245,-0.24660277366638184,-0.26575639843940735
1790031615129425700,10.06142578125,-0.24660277366638184,-0.06224924325942993,-0.22505496442317963
1790031615139435500,10.071435546875,-0.4357447028160095,-0.11252748221158981,-0.0694318488240242
1790031615149445000,10.081445068359375,-0.5363011956214905,-0.026336219161748886,-0.33279404044151306
1790031615159455000,10.091455078125,-0.629675030708313,-0.05027823522686958,-0.3663128614425659
1790031615169464600,10.101464599609375,-0.35434186458587646,-0.016759412363171577,-0.3064578175544739
1790031615199524600,10.131524658203125,-0.5817909836769104,-0.2106897532939911,-0.08858546614646912
1790031615209534200,10.1415341796875,-0.5674257874488831,-0.26096799969673157,-0.3878606855869293
1790031615219544000,10.1515439453125,-0.5291185975074768,0.002394201699644327,-0.5746083855628967
1790031615229584400,10.16158447265625,-0.4692635238170624,-0.17956513166427612,-0.3495534360408783
1790031615239624700,10.171624755859375,-0.44532153010368347,-0.2801215946674347,-0.1173158809542656
1790031615259644200,10.19164404296875,-0.3232172429561615,-0.3232172429561615,-0.4596867263317108
1790031615279694000,10.211694091796875,-0.5434837937355042,-0.3926490843296051,-0.22744916379451752
1790031615289704000,10.221703857421875,-0.42616790533065796,-0.31842881441116333,-0.06703764945268631
1790031615299713800,10.2317138671875,-0.19153612852096558,-0.016759412363171577,-0.21308395266532898
1790031615329743000,10.2617431640625,-0.5722141861915588,-0.3878606855869293,-0.17477671802043915
1790031615339752700,10.271752685546875,-0.28730419278144836,-0.5339069962501526,-0.19871874153614044
1790031615349762600,10.281762451171875,-0.26815059781074524,-0.507570743560791,0.06703764945268631
1790031615359772400,10.2917724609375,-0.395043283700943,-0.4189853072166443,0.15083470940589905
1790031615369782000,10.301781982421875,-0.5027823448181152,-0.3519476354122162,0.090979665517807
1790031615379792000,10.3117919921875,-0.31124621629714966,-0.6248866319656372,0.004788403399288654
1790031615389832200,10.321832275390625,-0.23942017555236816,-0.3878606855869293,-0.35913026332855225
1790031615409851600,10.3418515625,-0.07182604819536209,-0.6727706789970398,0.040701430290937424
1790031615429871000,10.36187109375,0.0071826050989329815,-0.5291185975074768,0.06464344263076782
1790031615439911400,10.371911376953125,-0.043095629662275314,-0.40940847992897034,0.07422025501728058
1790031615449921300,10.38192138671875,-0.17956513166427612,-0.24899697303771973,0.07661445438861847
1790031615509980000,10.44197998046875,-0.08140286058187485,-0.07182604819536209,0.14844051003456116
1790031615570069000,10.502069091796875,-0.26096799969673157,0.19871874153614044,0.3926490843296051
1790031615600098300,10.532098388671875,-0.06703764945268631,0.6512228846549988,0.05027823522686958
1790031615610108000,10.54210791015625,-0.021547814831137657,0.7996633648872375,0.24899697303771973
1790031615620117800,10.55211767578125,-0.14365209639072418,0.9169792532920837,0.23702596127986908
1790031615630127600,10.562127685546875,-0.13407529890537262,0.26575639843940735,0.1843535304069519
1790031615640137200,10.57213720703125,-0.07900865375995636,0.5027823448181152,-0.040701430290937424
1790031615650177500,10.582177490234375,-0.040701430290937424,1.3072341680526733,-0.33039984107017517
1790031615660187400,10.5921875,-0.14365209639072418,1.2306196689605713,-0.0071826050989329815
1790031615670197000,10.602197021484375,-0.1604115068912506,0.849941611289978,0.026336219161748886
1790031615680206800,10.612206787109375,-0.08140286058187485,0.8427590131759644,-0.3471592366695404
1790031615690216700,10.622216796875,-0.24660277366638184,1.4508862495422363,-0.33518823981285095
1790031615700226300,10.632226318359375,-0.3016694188117981,1.9153614044189453,-0.1604115068912506
1790031615710236200,10.642236083984375,0.026336219161748886,2.054224967956543,0.3471592366695404
1790031615720215600,10.652215576171875,-0.24181437492370605,2.5905263423919678,0.3256114423274994
1790031615730255600,10.662255615234375,-0.5171475410461426,2.5474305152893066,-0.22744916379451752
1790031615750305800,10.682305908203125,-0.7254431247711182,2.808398485183716,-0.33997663855552673
1790031615760315600,10.692315673828125,-0.9265560507774353,2.7485435009002686,-0.4429273009300232
1790031615800385000,10.732385009765625,-1.2425906658172607,2.8586769104003906,0.12210428714752197
1790031615820404700,10.75240478515625,-0.9552865028381348,3.464409828186035,-0.5267243981361389
1790031615840424200,10.772424072265625,-0.47165772318840027,3.177105665206909,-0.11013327538967133
1790031615860443600,10.792443603515625,-0.47165772318840027,3.1531636714935303,-0.8020575642585754
1790031615890473000,10.822472900390625,-1.0606313943862915,3.3734302520751953,0.7015010714530945
1790031615900482800,10.83248291015625,-0.22266076505184174,2.434903144836426,0.6703764796257019
1790031615910492400,10.842492431640625,-0.10534487664699554,3.050212860107422,-1.8124107122421265
1790031615920502300,10.852502197265625,-0.19153612852096558,3.0166940689086914,-2.741360902786255
1790031615930481700,10.862481689453125,-0.706289529800415,3.864241600036621,-1.4844050407409668
1790031615940521700,10.872521728515625,-0.7589619159698486,3.471592426300049,-0.31842881441116333
1790031615980621800,10.912621826171875,-2.7102363109588623,2.7557260990142822,-1.9560627937316895
1790031616020661000,10.952660888671875,-3.5170822143554688,1.7310078144073486,-2.0590133666992188
1790031616030670800,10.9626708984375,-3.732560396194458,1.2713210582733154,-1.9153614044189453
1790031616040680400,10.972680419921875,-3.469198226928711,1.0007762908935547,-2.0901381969451904
1790031616050690300,10.982690185546875,-2.8874073028564453,1.2713210582733154,-1.742978811264038
1790031616060700200,10.9927001953125,-2.406172752380371,1.072602391242981,-1.7142484188079834
1790031616070679300,11.00267919921875,-2.5115175247192383,1.0031704902648926,-2.322375535964966
1790031616120758500,11.052758544921875,-3.2393548488616943,-0.8523358106613159,-1.86508309841156
1790031616140778200,11.0727783203125,-2.7222073078155518,-0.40222588181495667,-2.293645143508911
1790031616180817200,11.112817138671875,-3.270479440689087,-1.7334020137786865,-1.2282254695892334
1790031616190827000,11.122826904296875,-3.028665065765381,-1.5107412338256836,-1.2521674633026123
1790031616200836900,11.1328369140625,-2.75812029838562,-1.5705963373184204,-1.6950948238372803
1790031616210877000,11.142876953125,-2.738966703414917,-2.164358377456665,-1.8938134908676147
1790031616220917200,11.152917236328125,-2.7269957065582275,-2.2673089504241943,-2.075772762298584
1790031616230927000,11.162927001953125,-2.9688100814819336,-2.1308395862579346,-1.764526605606079
1790031616240937000,11.17293701171875,-2.5091233253479004,-1.3670891523361206,-1.3982137441635132
1790031616250946600,11.182946533203125,-1.7597382068634033,-1.1492167711257935,-0.8954314589500427
1790031616260956400,11.192956298828125,-1.2761094570159912,-1.314416766166687,-1.2306196689605713
1790031616280976000,11.212975830078125,-1.9560627937316895,-3.179499864578247,-1.2737152576446533
1790031616291016200,11.22301611328125,-2.5258827209472656,-3.847482204437256,-1.1204863786697388
1790031616300995600,11.23299560546875,-2.8131868839263916,-3.533841609954834,-1.3215993642807007
1790031616311035600,11.24303564453125,-2.3702597618103027,-3.0142998695373535,-1.7262194156646729
1790031616321045500,11.25304541015625,-2.3104045391082764,-2.4205379486083984,-1.9919757843017578
1790031616331055400,11.263055419921875,-2.1595699787139893,-2.4660277366638184,-1.7956513166427612
1790031616341065000,11.27306494140625,-2.207453966140747,-2.3702597618103027,-1.3910311460494995
1790031616351105300,11.283105224609375,-2.4157495498657227,-2.6886885166168213,-1.0558429956436157
1790031616361115100,11.293115234375,-2.6647465229034424,-3.5027170181274414,-0.8403648138046265
1790031616371124700,11.303124755859375,-2.7772738933563232,-4.20421838760376,-0.7661445140838623
1790031616381134600,11.313134521484375,-2.983175277709961,-4.4723687171936035,-0.9409212470054626
1790031616391144400,11.32314453125,-2.6192567348480225,-4.469974517822266,-1.3862427473068237
1790031616401123600,11.33312353515625,-2.6024973392486572,-4.63517427444458,-1.7812861204147339
1790031616411164000,11.343163818359375,-2.2242133617401123,-4.173093795776367,-1.7860745191574097
1790031616451233500,11.383233642578125,-2.3127987384796143,-4.185064792633057,-0.35913026332855225
1790031616471253000,11.4032529296875,-1.4963760375976562,-4.807557106018066,-0.48602294921875
1790031616491272400,11.4232724609375,-1.403002142906189,-4.381389141082764,-0.993593692779541
1790031616521332500,11.45333251953125,-1.316810965538025,-4.924872875213623,-0.21787235140800476
1790031616531342000,11.463342041015625,-1.3982137441635132,-4.213795185089111,-0.0694318488240242
1790031616541352000,11.47335205078125,-1.1252747774124146,-4.120420932769775,-0.24181437492370605
1790031616561401900,11.49340185546875,-1.070208191871643,-4.587290287017822,-0.8667010068893433
1790031616601441000,11.53344091796875,-1.01753568649292,-4.022258758544922,-0.5913678407669067
1790031616611451000,11.543450927734375,-0.5554547905921936,-3.9217023849487305,-0.8020575642585754
1790031616651551000,11.583551025390625,-1.2449848651885986,-2.956839084625244,-0.8547300100326538
1790031616691620400,11.623620361328125,-1.7094600200653076,-2.5929205417633057,-1.3694833517074585
1790031616701630200,11.633630126953125,-1.7597382068634033,-2.470816135406494,-0.9528923034667969
1790031616721680400,11.653680419921875,-1.9369091987609863,-2.343923568725586,-0.4620809257030487
1790031616741699800,11.673699951171875,-1.8076223134994507,-1.8962076902389526,-1.460463047027588
1790031616761719300,11.69371923828125,-2.1164743900299072,-1.4700398445129395,-0.9983820915222168
1790031616771729200,11.703729248046875,-1.9584569931030273,-0.9888052940368652,-0.8786720037460327
1790031616781738800,11.71373876953125,-1.886630892753601,-1.0534487962722778,-0.9744400978088379
1790031616791748600,11.72374853515625,-1.4437036514282227,-1.2210428714752197,-1.237802267074585
1790031616801758500,11.733758544921875,-1.7573440074920654,-1.0271124839782715,-1.2234370708465576
1790031616811768000,11.74376806640625,-2.142810583114624,-1.4772224426269531,-1.1085153818130493
1790031616831787800,11.763787841796875,-2.276885747909546,-1.3048399686813354,-1.1348515748977661
1790031616841797400,11.77379736328125,-2.298433542251587,-1.0103530883789062,-1.0678139925003052
1790031616851807200,11.78380712890625,-1.6160861253738403,-0.10055647045373917,-1.4317326545715332
1790031616861817000,11.793817138671875,-1.4987702369689941,-0.45489832758903503,-1.8555063009262085
1790031616871857200,11.803857177734375,-1.8148049116134644,-1.139639973640442,-1.647210717201233
1790031616881867000,11.813866943359375,-2.0470423698425293,-0.24181437492370605,-1.3623007535934448
1790031616921936600,11.8539365234375,-1.460463047027588,0.13407529890537262,-1.161187767982483
1790031616951966000,11.883966064453125,-1.6424223184585571,-0.21787235140800476,-1.5634137392044067
1790031616961975800,11.893975830078125,-1.922544002532959,-0.608127236366272,-1.0654197931289673
1790031616982056200,11.91405615234375,-2.1068975925445557,-0.5937620401382446,-0.4213795065879822
1790031616992066000,11.924066162109375,-1.7525556087493896,-0.033518824726343155,-0.6440402865409851
1790031617002076000,11.934075927734375,-1.3120225667953491,-0.11971008777618408,-1.4987702369689941
1790031617012116000,11.944115966796875,-1.4269442558288574,0.47884035110473633,-1.9847931861877441
1790031617052216000,11.984216064453125,-2.161964178085327,0.304063618183136,-0.8810662031173706
1790031617062226000,11.994225830078125,-1.6112977266311646,0.507570743560791,-0.40462008118629456
1790031617072235800,12.00423583984375,-1.4077905416488647,0.17477671802043915,-0.5123591423034668
1790031617082245400,12.014245361328125,-1.6663644313812256,0.45250412821769714,-1.4460978507995605
1790031617092255200,12.024255126953125,-1.4772224426269531,0.15322890877723694,-1.5179238319396973
1790031617102265000,12.03426513671875,-1.7405846118927002,-0.21787235140800476,-1.0845733880996704
1790031617112274700,12.044274658203125,-1.7477672100067139,-0.7948749661445618,-1.0319008827209473
1790031617122315000,12.05431494140625,-1.558625340461731,0.12928688526153564,-1.3694833517074585
1790031617132355300,12.064355224609375,-1.6184803247451782,1.6280571222305298,-1.5969325304031372
1790031617142395600,12.074395751953125,-1.0319008827209473,2.03507137298584,-1.2282254695892334
1790031617162415000,12.0944150390625,-0.8738836050033569,1.3503297567367554,-1.4221558570861816
1790031617202515200,12.13451513671875,-1.647210717201233,-0.17956513166427612,-1.192312479019165
1790031617252564000,12.18456396484375,-1.161187767982483,-0.2968810200691223,-0.9193734526634216
1790031617262604300,12.194604248046875,-1.2856862545013428,-0.7805097699165344,-1.381454348564148
1790031617302704400,12.234704345703125,-0.2537853717803955,0.5841852426528931,-0.3687070608139038
1790031617312683800,12.244683837890625,-0.5626373887062073,0.6344634294509888,-0.6272808313369751
1790031617342774000,12.27477392578125,-0.6416460275650024,0.272938996553421,0.0071826050989329815
1790031617352784000,12.284783935546875,-0.5913678407669067,0.26575639843940735,-0.19632454216480255
1790031617362824200,12.29482421875,-0.629675030708313,0.3663128614425659,-0.4620809257030487
1790031617372833800,12.304833740234375,-0.5602431893348694,0.6536170840263367,-0.6560112833976746
1790031617382843600,12.31484375,-0.6799532771110535,0.47644615173339844,-0.9864110946655273
1790031617392853200,12.324853271484375,-0.8690952062606812,0.4572925269603729,-0.9002198576927185
1790031617402863000,12.334863037109375,-1.094150185585022,0.35913026332855225,-0.33758243918418884
1790031617412842500,12.344842529296875,-1.1061211824417114,0.3232172429561615,-0.17717093229293823
1790031617422882600,12.354882568359375,-1.0678139925003052,0.019153613597154617,-0.4692635238170624
1790031617432892400,12.364892333984375,-0.7206547260284424,0.4357447028160095,-0.507570743560791
1790031617452911900,12.384911865234375,-0.3734954595565796,0.47884035110473633,-0.4644751250743866
1790031617462921700,12.394921630859375,-0.524330198764801,0.4596867263317108,-0.45010992884635925
1790031617472962000,12.404962158203125,-0.6272808313369751,0.21547815203666687,-0.629675030708313
1790031617482972000,12.414971923828125,-0.8786720037460327,0.13168109953403473,-0.9361328482627869
1790031617492981500,12.4249814453125,-0.8834604024887085,-0.06224924325942993,-0.9265560507774353
1790031617502991400,12.434991455078125,-0.8451532125473022,-0.1364694982767105,-0.6919242739677429
1790031617513001000,12.4450009765625,-0.6703764796257019,0.24181437492370605,-0.6488286852836609
1790031617523041300,12.455041259765625,-0.44771572947502136,0.06703764945268631,-0.524330198764801
1790031617533051100,12.465051025390625,-0.4429273009300232,-0.2082955539226532,-0.29209262132644653
1790031617583130400,12.51513037109375,-0.5363011956214905,-0.10295066982507706,-0.19871874153614044
1790031617593140200,12.52514013671875,-0.730231523513794,-0.19153612852096558,-0.5051765441894531
1790031617603150000,12.535150146484375,-0.646434485912323,-0.42856210470199585,-0.5961562395095825
1790031617613159700,12.54515966796875,-0.5913678407669067,-0.16759411990642548,-0.43095630407333374
1790031617633209900,12.5652099609375,-0.6368576288223267,0.13407529890537262,-0.5315127968788147
1790031617653229300,12.585229248046875,-0.5746083855628967,0.15083470940589905,0.026336219161748886
1790031617663269600,12.59526953125,-0.6009446382522583,0.002394201699644327,-0.002394201699644327
1790031617673279500,12.605279541015625,-0.6177040338516235,-0.0071826050989329815,-0.1843535304069519
1790031617683289000,12.6152890625,-0.45250412821769714,-0.33997663855552673,-0.21787235140800476
1790031617693268500,12.6252685546875,-0.21308395266532898,0.028730420395731926,-0.3519476354122162
1790031617713318400,12.645318359375,-0.3758896589279175,0.27054479718208313,-0.45010992884635925
1790031617743409000,12.675408935546875,-0.4884171485900879,-0.07182604819536209,0.26096799969673157
1790031617753418500,12.68541845703125,-0.5315127968788147,-0.3280056416988373,-0.1843535304069519
1790031617773468700,12.70546875,-0.38067805767059326,-0.2298433631658554,-0.3232172429561615
1790031617783509000,12.715509033203125,-0.4213795065879822,-0.002394201699644327,-0.2513911724090576
1790031617793518600,12.7255185546875,-0.42616790533065796,0.038307227194309235,0.10055647045373917
1790031617803528400,12.735528564453125,-0.4357447028160095,0.1149216815829277,0.304063618183136
1790031617813538300,12.745538330078125,-0.23942017555236816,-0.2513911724090576,0.849941611289978
1790031617863587000,12.795587158203125,-0.24660277366638184,-0.2537853717803955,0.2968810200691223
1790031617873596700,12.8055966796875,-0.2968810200691223,-0.22744916379451752,0.20111294090747833
1790031617883606500,12.8156064453125,-0.4141969084739685,-0.15083470940589905,0.15322890877723694
1790031617893616400,12.825616455078125,-0.38067805767059326,-0.20111294090747833,0.22266076505184174
1790031617903626000,12.8356259765625,-0.26096799969673157,-0.23942017555236816,0.3280056416988373
1790031617913635800,12.8456357421875,-0.35913026332855225,-0.20111294090747833,0.42377370595932007
1790031617943665200,12.8756650390625,-0.2849099934101105,-0.2968810200691223,0.05746084079146385
1790031617953705500,12.88570556640625,-0.2537853717803955,-0.5291185975074768,0.10295066982507706
1790031617983765200,12.91576513671875,-0.2585737705230713,-0.4213795065879822,0.3232172429561615
1790031618013825000,12.945824951171875,-0.30885201692581177,-0.023942016065120697,0.33758243918418884
1790031618023835000,12.9558349609375,-0.17238251864910126,-0.31603461503982544,0.35673606395721436
1790031618033875200,12.965875244140625,-0.040701430290937424,-0.33997663855552673,-0.047884032130241394
1790031618043884800,12.975884765625,-0.031124621629714966,-0.040701430290937424,-0.08858546614646912
1790031618053894700,12.985894775390625,0.14604631066322327,-0.09576806426048279,0.19393034279346466
1790031618063904500,12.995904541015625,0.17477671802043915,0.2849099934101105,0.5554547905921936
1790031618073914000,13.0059140625,0.028730420395731926,0.6871358752250671,0.7445967197418213
1790031618164124200,13.096124267578125,-0.5674257874488831,2.3965959548950195,0.7110779285430908
1790031618234253600,13.166253662109375,-0.9241618514060974,2.7964274883270264,0.2944868206977844
1790031618244263200,13.17626318359375,-0.933738648891449,2.540247917175293,0.09816227108240128
1790031618254242600,13.18624267578125,-0.7924807667732239,2.5785553455352783,-0.3519476354122162
1790031618284332800,13.216332763671875,-0.6631938815116882,2.5929205417633057,-0.47405192255973816
1790031618294312200,13.226312255859375,-0.6392518281936646,2.5282769203186035,-0.3687070608139038
1790031618304352500,13.2363525390625,-0.7134721279144287,2.31758713722229,-0.608127236366272
1790031618314331600,13.24633154296875,-0.7374141216278076,2.0805611610412598,-0.9624691009521484
1790031618374390300,13.306390380859375,-1.0821791887283325,2.827552318572998,-0.871489405632019
1790031618384400000,13.31639990234375,-1.0965443849563599,2.2912509441375732,-0.9720458984375
1790031618394379300,13.326379150390625,-1.3048399686813354,2.0685901641845703,-1.0438719987869263
1790031618424439000,13.35643896484375,-1.6831238269805908,2.296039342880249,-0.9576807022094727
1790031618434449000,13.366448974609375,-1.699883222579956,0.849941611289978,-0.4692635238170624
1790031618454438000,13.38643798828125,-1.7573440074920654,0.7398083209991455,-2.4827871322631836
1790031618464478200,13.396478271484375,-1.6065093278884888,1.3239935636520386,-2.31758713722229
1790031618474487800,13.40648779296875,-1.1061211824417114,1.8363527059555054,-1.3766659498214722
1790031618484497700,13.41649755859375,-1.1516109704971313,1.8579005002975464,-1.015141487121582
1790031618494507500,13.426507568359375,-1.3982137441635132,1.5155296325683594,-1.4173674583435059
1790031618504486700,13.436486572265625,-1.6879122257232666,1.0558429956436157,-1.7286136150360107
1790031618514527000,13.44652685546875,-1.8986018896102905,0.8738836050033569,-1.8052281141281128
1790031618524536800,13.456536865234375,-2.22660756111145,0.5315127968788147,-1.6304513216018677
1790031618534546400,13.46654638671875,-2.030282974243164,0.38067805767059326,-1.3718775510787964
1790031618544556300,13.476556396484375,-1.7142484188079834,0.3878606855869293,-1.2234370708465576
1790031618554566000,13.48656591796875,-1.6879122257232666,0.849941611289978,-1.0606313943862915
1790031618564575700,13.49657568359375,-1.8579005002975464,0.0071826050989329815,-0.9217676520347595
1790031618644653800,13.57665380859375,-2.0661959648132324,-0.16759411990642548,-2.070984363555908
1790031618654663700,13.58666357421875,-2.169146776199341,-0.507570743560791,-1.9847931861877441
1790031618664704000,13.5967041015625,-2.209848165512085,-0.4165911078453064,-1.6879122257232666
1790031618714844400,13.646844482421875,-2.2194249629974365,-0.8595184087753296,-1.721431016921997
1790031618724884700,13.656884765625,-1.8387469053268433,-0.6392518281936646,-1.6136919260025024
1790031618734864000,13.66686376953125,-1.6184803247451782,-0.4213795065879822,-1.6208745241165161
1790031618774903000,13.706903076171875,-2.5953147411346436,-1.2066776752471924,-0.9265560507774353
1790031618835022600,13.767022705078125,-1.7717092037200928,-2.164358377456665,-0.7015010714530945
1790031618855042000,13.7870419921875,-1.7166426181793213,-1.8315643072128296,-0.49559974670410156
1790031618875031000,13.807031005859375,-0.8595184087753296,-2.559401512145996,-1.3311761617660522
1790031618885071400,13.8170712890625,-0.9026140570640564,-2.786850690841675,-1.721431016921997
1790031618895081200,13.827081298828125,-1.036689281463623,-2.5737667083740234,-1.6328455209732056
1790031618905152000,13.837152099609375,-1.3072341680526733,-2.7054479122161865,-1.3000515699386597
1790031618915161600,13.84716162109375,-1.6208745241165161,-2.9233202934265137,-0.8858546018600464
1790031618925171500,13.85717138671875,-1.702277421951294,-3.4189200401306152,-0.7110779285430908
1790031618935181300,13.867181396484375,-1.6328455209732056,-3.804386615753174,-0.6751648783683777
1790031618955200800,13.88720068359375,-1.5634137392044067,-4.8482584953308105,-1.599326729774475
1790031618975220200,13.90722021484375,-1.5753847360610962,-5.245696067810059,-1.8124107122421265
1790031619005249500,13.93724951171875,-1.0462661981582642,-4.754884719848633,-0.2106897532939911
1790031619015259400,13.94725927734375,-0.5913678407669067,-4.802768707275391,-0.47165772318840027
1790031619025299700,13.9572998046875,-0.3663128614425659,-4.6040496826171875,-1.0223240852355957
1790031619065338600,13.997338623046875,-0.43095630407333374,-5.058948040008545,-0.6344634294509888
1790031619075348500,14.007348388671875,-0.45250412821769714,-4.838681697845459,-0.6536170840263367
1790031619095398700,14.027398681640625,-0.5051765441894531,-4.311957359313965,-0.6200982332229614
1790031619125427700,14.057427734375,-1.0199298858642578,-4.14915132522583,-1.0630255937576294
1790031619135437600,14.0674375,-1.1540051698684692,-3.5625722408294678,-1.1468225717544556
1790031619145447400,14.077447509765625,-0.6105214357376099,-3.7876269817352295,-1.0319008827209473
1790031619165497300,14.097497314453125,-0.9026140570640564,-3.5434184074401855,-0.4668693244457245
1790031619175507200,14.107507080078125,-0.8451532125473022,-3.337517261505127,-0.8427590131759644
1790031619185486300,14.117486328125,-0.9624691009521484,-3.071760892868042,-1.3120225667953491
1790031619195526700,14.127526611328125,-1.2306196689605713,-3.4763808250427246,-0.8738836050033569
1790031619205536500,14.13753662109375,-1.335964560508728,-3.7612907886505127,-0.586579442024231
1790031619215546400,14.14754638671875,-1.3048399686813354,-3.004723072052002,-0.9792284965515137
1790031619225586400,14.15758642578125,-1.0845733880996704,-2.4133553504943848,-1.4508862495422363
1790031619235596300,14.16759619140625,-0.8786720037460327,-2.248155355453491,-1.7142484188079834
1790031619245606100,14.177606201171875,-1.0271124839782715,-1.8746598958969116,-1.4508862495422363
1790031619255677000,14.187677001953125,-1.237802267074585,-1.7118542194366455,-0.8930372595787048
1790031619265686500,14.1976865234375,-1.3838485479354858,-1.6208745241165161,-0.811634361743927
1790031619275757300,14.20775732421875,-1.3287819623947144,-1.7501614093780518,-0.8451532125473022
1790031619295777000,14.227777099609375,-1.4317326545715332,-1.8339585065841675,-1.1085153818130493
1790031619305786600,14.23778662109375,-1.7980455160140991,-1.4844050407409668,-1.2713210582733154
1790031619315827000,14.247826904296875,-1.821987509727478,-1.139639973640442,-1.6974890232086182
1790031619325836800,14.2578369140625,-2.0039467811584473,-1.115697979927063,-1.721431016921997
1790031619416016100,14.34801611328125,-2.0015525817871094,-0.8858546018600464,-1.1851298809051514
1790031619456055300,14.38805517578125,-1.6065093278884888,-0.8595184087753296,-1.3239935636520386
1790031619516236000,14.448236083984375,-1.039083480834961,-0.13168109953403473,-0.5363011956214905
1790031619596344600,14.528344482421875,-1.0079588890075684,0.7422025203704834,-1.1755530834197998
1790031619676575200,14.6085751953125,-1.139639973640442,0.14844051003456116,-1.2401964664459229
1790031619716644900,14.648644775390625,-2.3127987384796143,0.2992752194404602,-0.5147533416748047
1790031619766785300,14.698785400390625,-0.1604115068912506,0.6991068720817566,-0.2513911724090576
1790031619776795100,14.708795166015625,-0.2059013396501541,0.2106897532939911,-0.20350714027881622
1790031619806855000,14.73885498046875,-0.49320554733276367,1.0055646896362305,-1.1013327836990356
1790031619826904800,14.75890478515625,-0.8930372595787048,0.3016694188117981,-0.16759411990642548
1790031619836914700,14.768914794921875,-1.3311761617660522,0.2968810200691223,-0.4884171485900879
1790031619846924300,14.77892431640625,-1.2018892765045166,0.06464344263076782,-0.8643068075180054
1790031619856995300,14.788995361328125,-0.8762778043746948,0.5099649429321289,-0.7829039692878723
1790031619867005000,14.7990048828125,-0.5770025849342346,0.7206547260284424,-0.5793967843055725
1790031619877045200,14.809045166015625,-0.5339069962501526,0.7852981686592102,-0.6033388376235962
1790031619887055000,14.81905517578125,-0.20111294090747833,0.727837324142456,-0.4836287498474121
1790031619897095400,14.829095458984375,0.09816227108240128,0.6584054827690125,-0.16998831927776337
1790031619957184500,14.8891845703125,-0.21547815203666687,-0.009576806798577309,-0.038307227194309235
1790031619967224800,14.899224853515625,-0.19393034279346466,0.11971008777618408,-0.18914192914962769
1790031619977234400,14.909234375,-0.2298433631658554,0.5147533416748047,-0.3711012601852417
1790031619987244300,14.919244384765625,-0.07900865375995636,0.5530605912208557,-0.6631938815116882
1790031619997254000,14.92925390625,-0.043095629662275314,0.5770025849342346,-0.6057330369949341
1790031620027344400,14.959344482421875,-0.45489832758903503,0.2968810200691223,-0.38546648621559143
1790031620037384700,14.969384765625,-0.6775590777397156,0.28730419278144836,-0.5482721924781799
1790031620047394300,14.979394287109375,-0.7637503147125244,-0.10055647045373917,-0.5123591423034668
1790031620057434600,14.9894345703125,-0.7829039692878723,-0.2777273952960968,-0.10534487664699554
1790031620067475000,14.999474853515625,-0.751779317855835,-0.23702596127986908,0
1790031620077515300,15.009515380859375,-0.8810662031173706,0.07182604819536209,-0.3926490843296051
1790031620087555600,15.0195556640625,-0.9313444495201111,-0.38067805767059326,-0.7493851184844971
1790031620097565200,15.029565185546875,-0.8331822156906128,-0.5674257874488831,-0.15322890877723694
1790031620107575000,15.039574951171875,-0.5937620401382446,-0.17238251864910126,0.17956513166427612
1790031620147675100,15.079675048828125,-0.7230489253997803,-0.07661445438861847,-0.30885201692581177
1790031620157685000,15.08968505859375,-0.47165772318840027,-0.026336219161748886,-0.35913026332855225
1790031620167694600,15.099694580078125,-0.2825157940387726,-0.33758243918418884,-0.37828385829925537
1790031620177735000,15.10973486328125,-0.5530605912208557,-0.3711012601852417,-0.3447650372982025
1790031620187744800,15.119744873046875,-0.7086837291717529,-0.5267243981361389,-0.33997663855552673
1790031620197754400,15.12975439453125,-0.5746083855628967,-0.45010992884635925,-0.24181437492370605
1790031620207764200,15.13976416015625,-0.40701428055763245,-0.4812345504760742,-0.29209262132644653
1790031620227783700,15.15978369140625,-0.5770025849342346,-0.4213795065879822,-0.24420857429504395
1790031620267822800,15.19982275390625,-0.7924807667732239,-0.26575639843940735,-0.22744916379451752
1790031620277802000,15.209802001953125,-0.8547300100326538,-0.2992752194404602,-0.011971008032560349
1790031620287842300,15.21984228515625,-0.9457096457481384,-0.18914192914962769,0.10773907601833344
1790031620307892500,15.239892578125,-0.689530074596405,-1.0534487962722778,0.42856210470199585
1790031620317902000,15.249902099609375,-0.6847416758537292,-0.950498104095459,-0.07422025501728058
1790031620327912000,15.259911865234375,-0.5889736413955688,-0.8092401623725891,-0.09816227108240128
1790031620337952300,15.2699521484375,-0.3064578175544739,-0.6009446382522583,0.22266076505184174
1790031620347962000,15.279962158203125,0.14604631066322327,-0.21547815203666687,0.272938996553421
1790031620368012000,15.300011962890625,-0.12689268589019775,-0.07661445438861847,0.10055647045373917
1790031620378022000,15.31002197265625,-0.15322890877723694,-0.16759411990642548,0.44532153010368347
1790031620398041300,15.330041259765625,-0.17477671802043915,-0.6631938815116882,0.2059013396501541
1790031620408020500,15.3400205078125,-0.24181437492370605,-0.6823474764823914,0.18914192914962769
1790031620418030300,15.3500302734375,-0.47884035110473633,-0.3280056416988373,0.11252748221158981
1790031620428070700,15.360070556640625,-0.3208230137825012,-0.3471592366695404,0.1867477297782898
1790031620438080500,15.37008056640625,-0.15322890877723694,-0.043095629662275314,0.47165772318840027
1790031620448090000,15.380090087890625,-0.33039984107017517,-0.1412578970193863,0.5195417404174805
1790031620458100000,15.390099853515625,-0.45489832758903503,-0.28969839215278625,0.545877993106842
1790031620468109800,15.40010986328125,-0.48602294921875,-0.2561795711517334,0.3232172429561615
1790031620548218400,15.48021826171875,0.033518824726343155,0.6105214357376099,0.181959331035614
1790031620618317300,15.5503173828125,-0.08619125932455063,1.278503656387329,0.5147533416748047
1790031620668427000,15.600427001953125,-0.17717093229293823,2.011129379272461,0.4668693244457245
1790031620678436900,15.610436767578125,-0.37828385829925537,2.011129379272461,0.10773907601833344
1790031620688477200,15.620477294921875,-0.6488286852836609,2.1787235736846924,-0.23942017555236816
1790031620698487000,15.630487060546875,-0.6320692300796509,2.4229321479797363,-0.2777273952960968
1790031620708527000,15.640527099609375,-0.608127236366272,2.410961151123047,0.05506663769483566
1790031620718537000,15.650536865234375,-0.6224924325942993,2.1308395862579346,0.545877993106842
1790031620728516000,15.66051611328125,-0.6512228846549988,1.6927006244659424,0.569819986820221
1790031620738526000,15.67052587890625,-0.7661445140838623,2.049436569213867,0.2106897532939911
1790031620748566300,15.680566162109375,-0.8619126081466675,1.9728221893310547,-0.22026655077934265
1790031620758576000,15.690576171875,-0.6871358752250671,2.1068975925445557,-0.6009446382522583
1790031620768585700,15.700585693359375,-0.5339069962501526,2.738966703414917,-0.8978256583213806
1790031620778595600,15.710595703125,-0.4213795065879822,2.7078421115875244,-0.5482721924781799
1790031620788636000,15.720635986328125,-0.6775590777397156,2.7988216876983643,-0.2825157940387726
1790031620798645500,15.7306455078125,-0.9792284965515137,2.1116859912872314,-0.31124621629714966
1790031620808625000,15.740625,-1.2880805730819702,1.9081788063049316,-0.6105214357376099
1790031620818665200,15.750665283203125,-1.3623007535934448,1.6112977266311646,-0.667982280254364
1790031620828674800,15.7606748046875,-1.2976573705673218,1.5897499322891235,-0.3495534360408783
1790031620838684700,15.7706845703125,-1.1899182796478271,1.7046716213226318,-0.3974374830722809
1790031620868714000,15.8007138671875,-1.091755986213684,2.4133553504943848,-1.2282254695892334
1790031620948792000,15.8807919921875,-1.6927006244659424,2.6216509342193604,-1.158793568611145
1790031620958832400,15.890832275390625,-1.601720929145813,2.7437551021575928,-1.1276689767837524
1790031620968811500,15.9008115234375,-1.8842366933822632,1.9033904075622559,-1.3192051649093628
1790031620978851800,15.910851806640625,-2.5115175247192383,1.1875240802764893,-1.7501614093780518
1790031621018891000,15.95089111328125,-2.403778553009033,1.3120225667953491,-1.1803414821624756
1790031621048950800,15.98095068359375,-2.3702597618103027,2.0661959648132324,-1.8267759084701538
1790031621058960600,15.990960693359375,-2.051830768585205,1.1300631761550903,-1.2521674633026123
1790031621079010600,16.011010498046875,-2.6360161304473877,0.8403648138046265,-1.2832920551300049
1790031621089020400,16.0210205078125,-2.4636335372924805,0.9792284965515137,-1.3263877630233765
1790031621119080200,16.051080078125,-2.341529369354248,0.31364041566848755,-1.525106430053711
1790031621129090000,16.061090087890626,-2.542642116546631,0.1867477297782898,-1.7860745191574097
1790031621159149800,16.09114990234375,-2.7222073078155518,-0.6727706789970398,-1.8579005002975464
1790031621169159400,16.101159423828125,-2.7054479122161865,-0.3495534360408783,-2.097320795059204
1790031621179199700,16.11119970703125,-2.8802247047424316,-0.3447650372982025,-1.8602946996688843
1790031621189209600,16.121209716796876,-2.6623523235321045,-0.7445967197418213,-1.699883222579956
1790031621209290200,16.141290283203126,-2.279279947280884,-0.828393816947937,-1.86508309841156
1790031621219299800,16.1512998046875,-2.43011474609375,-0.524330198764801,-1.8962076902389526
1790031621229309700,16.161309814453126,-2.3989901542663574,-1.2617442607879639,-1.6879122257232666
1790031621239319600,16.171319580078126,-2.4899697303771973,-1.0031704902648926,-2.10210919380188
1790031621249329200,16.1813291015625,-2.6024973392486572,-1.0558429956436157,-1.9943699836730957
1790031621259339000,16.191339111328126,-2.3965959548950195,-2.0877439975738525,-1.2976573705673218
1790031621319428000,16.251427978515625,-1.968033790588379,-2.2170307636260986,-1.3335703611373901
1790031621329438000,16.26143798828125,-2.1308395862579346,-1.6376339197158813,-1.4844050407409668
1790031621339447600,16.271447509765625,-2.126051187515259,-1.455674648284912,-1.558625340461731
1790031621349457400,16.28145751953125,-2.31758713722229,-1.6663644313812256,-1.4844050407409668
1790031621359497700,16.291497802734376,-2.557007312774658,-1.8722656965255737,-1.4077905416488647
1790031621369507300,16.30150732421875,-2.913743495941162,-2.2625205516815186,-1.2425906658172607
1790031621379547600,16.311547607421875,-2.9472622871398926,-3.466804027557373,-0.8978256583213806
1790031621389588000,16.321587890625,-2.6599581241607666,-4.63517427444458,-0.8762778043746948
1790031621399597800,16.331597900390626,-2.5737667083740234,-4.185064792633057,-1.5083470344543457
1790031621409607400,16.341607421875,-2.7437551021575928,-3.9193081855773926,-2.315192937850952
1790031621469635600,16.401635498046875,-0.8619126081466675,-3.713406801223755,-1.2449848651885986
1790031621499695400,16.4316953125,-0.8403648138046265,-4.537012100219727,-0.6033388376235962
1790031621519745500,16.45174560546875,-0.8092401623725891,-4.520252704620361,0.2992752194404602
1790031621539795500,16.47179541015625,-0.7589619159698486,-4.730942726135254,-0.8523358106613159
1790031621559815000,16.49181494140625,-1.173158884048462,-4.934449672698975,-0.8954314589500427
1790031621569824800,16.50182470703125,-1.4245500564575195,-4.862623691558838,-0.5123591423034668
1790031621579865000,16.511864990234375,-1.5442601442337036,-4.841075897216797,-0.3758896589279175
1790031621619934700,16.551934814453126,-1.2210428714752197,-4.41969633102417,-0.6177040338516235
1790031621629944300,16.5619443359375,-1.6328455209732056,-3.8546648025512695,-0.6607996821403503
1790031621639984600,16.571984619140625,-1.6424223184585571,-3.821146011352539,-0.545877993106842
1790031621680023800,16.61202392578125,-1.0438719987869263,-2.4420857429504395,-0.8307880163192749
1790031621700043300,16.632043212890625,-1.2545616626739502,-2.470816135406494,-0.4884171485900879
1790031621740082400,16.67208251953125,-1.8315643072128296,-1.0821791887283325,-1.4891934394836426
1790031621780182500,16.7121826171875,-1.4293384552001953,-0.5123591423034668,-0.706289529800415
1790031621790222800,16.722222900390626,-1.644816517829895,-0.6512228846549988,-1.1755530834197998
1790031621820252200,16.752252197265626,-1.9608511924743652,-0.9026140570640564,-0.7038952708244324
1790031621830261800,16.76226171875,-2.1068975925445557,-0.8044517636299133,-0.5770025849342346
1790031621860321500,16.792321533203125,-1.4724340438842773,0.11971008777618408,-1.3958195447921753
1790031621870361900,16.80236181640625,-1.556231141090393,-0.2298433631658554,-1.05105459690094
1790031621880402200,16.812402099609375,-2.051830768585205,-0.3519476354122162,-0.6631938815116882
1790031621890442500,16.8224423828125,-1.843535304069519,-0.6775590777397156,-0.2106897532939911
1790031621900482800,16.83248291015625,-1.359906554222107,-0.27054479718208313,-0.4908113479614258
1790031621910492400,16.842492431640625,-0.9840168952941895,0.11013327538967133,-1.3311761617660522
1790031621920502300,16.852502197265625,-0.8858546018600464,0.24181437492370605,-1.7405846118927002
1790031621930512100,16.86251220703125,-1.0797849893569946,0.2585737705230713,-1.5203180313110352
1790031621950531600,16.882531494140625,-1.8171991109848022,0.31842881441116333,-0.9050082564353943
1790031621960572000,16.892572021484376,-1.7190368175506592,-1.3120225667953491,-0.3687070608139038
1790031621970581800,16.902581787109376,-2.0925323963165283,-1.070208191871643,-0.22744916379451752
1790031621980591400,16.91259130859375,-2.0685901641845703,-0.5817909836769104,-0.4405331015586853
1790031621990601200,16.922601318359376,-2.0183119773864746,-0.8020575642585754,-0.9648633003234863
1790031622000610800,16.93261083984375,-1.9057846069335938,-1.0414776802062988,-1.2880805730819702
1790031622010620700,16.94262060546875,-2.0829553604125977,-1.0295066833496094,-1.1755530834197998
1790031622020600000,16.95260009765625,-2.1523873805999756,-0.9696516990661621,-0.9983820915222168
1790031622030609700,16.962609619140625,-2.0661959648132324,-0.6009446382522583,-0.8068459630012512
1790031622040650000,16.97264990234375,-1.824381709098816,-0.2106897532939911,-0.608127236366272
1790031622050690300,16.982690185546875,-0.8092401623725891,-0.2801215946674347,-0.608127236366272
1790031622060730600,16.992730712890626,-0.6272808313369751,-0.3471592366695404,-0.9169792532920837
1790031622070740200,17.002740234375,-0.9720458984375,-0.33279404044151306,-1.1755530834197998
1790031622130829600,17.06282958984375,-0.4405331015586853,0.18914192914962769,-1.2449848651885986
1790031622200928300,17.13292822265625,-1.3455413579940796,-1.0678139925003052,-0.6224924325942993
1790031622220948000,17.152947998046876,-1.6328455209732056,0.19153612852096558,-1.0319008827209473
1790031622230988000,17.162988037109375,-1.3718775510787964,0.6823474764823914,-0.6057330369949341
1790031622240998000,17.172997802734375,-0.7493851184844971,0.3016694188117981,-0.20350714027881622
1790031622251038200,17.1830380859375,-0.730231523513794,0.6655880808830261,-0.5937620401382446
1790031622281037000,17.213037109375,-1.9488801956176758,-0.15801730751991272,-0.8451532125473022
1790031622291077000,17.2230771484375,-1.9249382019042969,-0.4572925269603729,-0.3998316824436188
1790031622301087000,17.2330869140625,-2.166752576828003,-0.17956513166427612,-0.3208230137825012
1790031622311096800,17.243096923828126,-2.10210919380188,0.5363011956214905,-0.5530605912208557
1790031622321137200,17.25313720703125,-1.9057846069335938,-0.1867477297782898,-0.6775590777397156
1790031622371216400,17.30321630859375,-1.5682021379470825,-0.35913026332855225,-0.2082955539226532
1790031622391235800,17.32323583984375,-0.9026140570640564,0.038307227194309235,-0.3974374830722809
1790031622401215200,17.33321533203125,-0.9433154463768005,-0.15562310814857483,-0.6943184733390808
1790031622411255600,17.343255615234376,-1.0199298858642578,-0.31124621629714966,-0.6560112833976746
1790031622421265200,17.35326513671875,-0.8571242094039917,-0.28730419278144836,-0.4596867263317108
1790031622431305500,17.363305419921875,-0.6919242739677429,0.028730420395731926,-0.5817909836769104
1790031622451325000,17.383324951171875,-0.9265560507774353,0.2968810200691223,-0.545877993106842
1790031622461334800,17.393334716796875,-0.9074024558067322,-0.004788403399288654,-0.608127236366272
1790031622481354200,17.413354248046875,-0.6943184733390808,0.2537853717803955,-0.44532153010368347
1790031622501374000,17.4333740234375,-1.2330138683319092,-0.2849099934101105,-0.40940847992897034
1790031622521393400,17.453393310546875,-1.290474772453308,-0.3687070608139038,-0.0071826050989329815
1790031622541443600,17.473443603515626,-1.0199298858642578,0.29209262132644653,-0.3687070608139038
1790031622601502000,17.533501953125,-1.070208191871643,-0.14604631066322327,-0.8092401623725891
1790031622611511800,17.54351171875,-0.9888052940368652,-0.2106897532939911,-0.47165772318840027
1790031622621491000,17.553490966796875,-0.9002198576927185,-0.023942016065120697,-0.09816227108240128
1790031622631500800,17.563500732421875,-0.6200982332229614,-0.06703764945268631,-0.12689268589019775
1790031622641510700,17.5735107421875,-0.5099649429321289,0.13407529890537262,-0.45250412821769714
1790031622651489800,17.58348974609375,-0.5099649429321289,-0.011971008032560349,-0.586579442024231
1790031622661530000,17.593530029296875,-0.5386953949928284,-0.14604631066322327,-0.38546648621559143
1790031622671540000,17.6035400390625,-0.4572925269603729,-0.4118026793003082,-0.0694318488240242
1790031622691529000,17.623529052734376,-0.5291185975074768,-0.31603461503982544,-0.45010992884635925
1790031622701569300,17.6335693359375,-0.4381389021873474,-0.11971008777618408,-0.507570743560791
1790031622721588700,17.653588623046875,-0.395043283700943,0.011971008032560349,-0.31364041566848755
1790031622741608200,17.673608154296875,-0.5482721924781799,-0.043095629662275314,-0.2849099934101105
1790031622751618000,17.6836181640625,-0.48602294921875,-0.31842881441116333,-0.363918662071228
1790031622761597200,17.69359716796875,-0.47405192255973816,-0.4213795065879822,-0.26815059781074524
1790031622771637500,17.703637451171875,-0.6200982332229614,-0.43095630407333374,-0.19153612852096558
1790031622781677800,17.713677734375,-0.5722141861915588,-0.304063618183136,-0.33518823981285095
1790031622801697300,17.733697265625,-0.8690952062606812,-0.026336219161748886,-0.4381389021873474
1790031622821717000,17.753717041015626,-0.7326257228851318,0.011971008032560349,0.10295066982507706
1790031622881775600,17.813775634765626,-0.6919242739677429,-0.16759411990642548,-0.05506663769483566
1790031622911804700,17.8438046875,-0.7086837291717529,0.026336219161748886,-0.2585737705230713
1790031622931854800,17.863854736328125,-0.6177040338516235,-0.1149216815829277,0.2322375625371933
1790031622941864700,17.87386474609375,-0.42856210470199585,-0.009576806798577309,0.10295066982507706
1790031622951874300,17.883874267578125,-0.37828385829925537,-0.09576806426048279,-0.009576806798577309
1790031622961884200,17.89388427734375,-0.26575639843940735,-0.15083470940589905,0.016759412363171577
1790031623041962200,17.973962158203125,-0.10055647045373917,0.05027823522686958,0.5937620401382446
1790031623052002600,17.98400244140625,-0.29209262132644653,-0.11252748221158981,0.3687070608139038
1790031623062012400,17.994012451171876,-0.16759411990642548,-0.08140286058187485,0.08140286058187485
1790031623092102700,18.0241025390625,-0.011971008032560349,0.4884171485900879,0.33758243918418884
1790031623122101500,18.0541015625,-0.30885201692581177,0.5650315880775452,0.5937620401382446
1790031623142121000,18.074120849609375,-0.395043283700943,0.12210428714752197,0.5961562395095825
1790031623162232000,18.094232177734376,-0.4213795065879822,0.14844051003456116,0.12928688526153564
1790031623182251500,18.11425146484375,-0.42856210470199585,0.8547300100326538,0.5171475410461426
1790031623192291800,18.124291748046875,-0.507570743560791,1.0989385843276978,0.49320554733276367
1790031623202332200,18.134332275390626,-0.33997663855552673,0.8355764150619507,0.6416460275650024
1790031623222351600,18.1543515625,-0.1867477297782898,0.9385270476341248,0
1790031623232361500,18.164361572265626,-0.009576806798577309,1.0821791887283325,-0.05985504388809204
1790031623292420000,18.224420166015626,-0.1412578970193863,1.6376339197158813,-0.023942016065120697
1790031623322540800,18.254540771484375,-0.7110779285430908,0.6584054827690125,-0.2801215946674347
1790031623332581000,18.2645810546875,-0.6847416758537292,1.0414776802062988,-0.5386953949928284
1790031623342591000,18.274591064453126,-0.5650315880775452,1.7549498081207275,-0.6799532771110535
1790031623362610400,18.2946103515625,-0.8906430602073669,2.032677173614502,0.0454898327589035
1790031623392609300,18.324609375,-1.1635819673538208,1.6543933153152466,-0.181959331035614
1790031623422699500,18.354699462890625,-1.048660397529602,2.5953147411346436,-0.24420857429504395
1790031623432679000,18.364678955078126,-1.094150185585022,2.801215887069702,0.13407529890537262
1790031623442688500,18.3746884765625,-1.1300631761550903,2.0614075660705566,-0.033518824726343155
1790031623452728800,18.384728759765625,-1.3431471586227417,2.161964178085327,-0.30885201692581177
1790031623462738700,18.39473876953125,-1.7693150043487549,2.123656988143921,-0.5530605912208557
1790031623472748300,18.404748291015625,-1.37906014919281,2.252943754196167,-0.40701428055763245
1790031623482758100,18.414758056640625,-1.4101848602294922,2.229001760482788,-0.021547814831137657
1790031623492768000,18.42476806640625,-1.41257905960083,2.470816135406494,-0.20350714027881622
1790031623502808300,18.434808349609376,-1.5753847360610962,2.451662540435791,-0.3926490843296051
1790031623522858200,18.454858154296875,-2.0901381969451904,2.5450363159179688,-0.6224924325942993
1790031623532898600,18.464898681640626,-2.0422539710998535,2.300827741622925,-0.3663128614425659
1790031623562927900,18.494927978515626,-1.9345149993896484,2.7509377002716064,-0.828393816947937
1790031623602966800,18.534966796875,-3.3255462646484375,1.292868971824646,-0.5171475410461426
1790031623612976600,18.5449765625,-3.603273630142212,2.4372973442077637,-0.48602294921875
1790031623622986500,18.554986572265626,-3.2609026432037354,1.802833914756775,0.0071826050989329815
1790031623632996000,18.56499609375,-3.141192674636841,2.4205379486083984,-0.22505496442317963
1790031623643067000,18.57506689453125,-3.3231520652770996,1.6855180263519287,-1.0462661981582642
1790031623653076700,18.58507666015625,-3.5194764137268066,1.460463047027588,-1.455674648284912
1790031623663086600,18.595086669921876,-3.35667085647583,1.0127472877502441,-1.4867992401123047
1790031623673096200,18.60509619140625,-2.8634653091430664,0.8834604024887085,-1.1971008777618408
1790031623683106000,18.61510595703125,-2.5953147411346436,0.7469909191131592,-1.0247182846069336
1790031623693146400,18.625146484375,-2.8227639198303223,1.194706678390503,-1.192312479019165
1790031623703156200,18.63515625,-3.201047658920288,1.6639702320098877,-1.8315643072128296
1790031623713196300,18.6451962890625,-2.8347349166870117,0.811634361743927,-2.1571757793426514
1790031623733246500,18.66524658203125,-3.112462282180786,1.0079588890075684,-2.1140801906585693
1790031623753296400,18.68529638671875,-3.7205893993377686,-0.4884171485900879,-1.580173134803772
1790031623773346600,18.7053466796875,-3.421314239501953,-2.070984363555908,-1.3718775510787964
1790031623783356400,18.7153564453125,-2.8107926845550537,-0.21787235140800476,-2.537853717803955
1790031623793366000,18.725365966796875,-2.983175277709961,0.5195417404174805,-3.272873640060425
1790031623853485600,18.785485595703125,-2.5522189140319824,-2.497152328491211,-1.9488801956176758
1790031623893555200,18.82555517578125,-2.3032219409942627,-2.1715409755706787,-1.5442601442337036
1790031623913605400,18.84560546875,-2.33913516998291,-2.7006595134735107,-1.5059528350830078
1790031623923645700,18.855645751953126,-2.3798365592956543,-2.980781078338623,-1.9081788063049316
1790031623993805600,18.9258056640625,-2.1475989818573,-4.2760443687438965,-1.3407529592514038
1790031624023865300,18.955865234375,-2.2840683460235596,-3.4356794357299805,-1.5753847360610962
1790031624083924000,19.015924072265626,-1.7142484188079834,-3.4620156288146973,-0.5434837937355042
1790031624103974000,19.035973876953125,-1.113303780555725,-4.541800498962402,-1.6615760326385498
1790031624113953300,19.045953369140626,-1.3527239561080933,-4.821922302246094,-1.9728221893310547
1790031624134003200,19.066003173828125,-1.7046716213226318,-4.343081951141357,-0.5722141861915588
1790031624154023000,19.08602294921875,-1.4484920501708984,-4.90571928024292,-0.6057330369949341
1790031624164093700,19.09609375,-1.6424223184585571,-4.888959884643555,-0.6153098344802856
1790031624174133800,19.1061337890625,-1.7046716213226318,-4.836287498474121,-0.6847416758537292
1790031624184143600,19.1161435546875,-1.764526605606079,-5.238513469696045,-0.6536170840263367
1790031624194153500,19.126153564453126,-1.5921441316604614,-4.793191909790039,-0.5650315880775452
1790031624204193800,19.13619384765625,-1.577778935432434,-4.405331134796143,-0.6775590777397156
1790031624234192400,19.1661923828125,-1.1659762859344482,-3.421314239501953,-0.7709329724311829
1790031624254273000,19.18627294921875,-1.599326729774475,-3.801992416381836,-0.8164227604866028
1790031624314392600,19.246392578125,-2.142810583114624,-1.8722656965255737,-0.9265560507774353
1790031624324433000,19.256432861328125,-2.296039342880249,-1.9057846069335938,-0.6991068720817566
1790031624334473200,19.26647314453125,-1.9967641830444336,-1.4437036514282227,-0.7254431247711182
1790031624344483000,19.276483154296876,-1.8746598958969116,-1.3263877630233765,-0.811634361743927
1790031624354492700,19.28649267578125,-1.8052281141281128,-1.7477672100067139,-0.8834604024887085
1790031624364533000,19.296532958984375,-2.5043349266052246,-1.3407529592514038,-1.2617442607879639
1790031624374542800,19.30654296875,-2.6839001178741455,-0.828393816947937,-1.3431471586227417
1790031624384552700,19.316552734375,-2.5689783096313477,-0.10773907601833344,-1.2689268589019775
1790031624394562300,19.326562255859375,-2.4372973442077637,0.09816227108240128,-0.9720458984375
1790031624464783400,19.396783447265626,-2.293645143508911,0.7134721279144287,-0.9768342971801758
1790031624544953000,19.476953125,-2.209848165512085,0.7326257228851318,-1.843535304069519
1790031624554962700,19.486962646484375,-1.941697597503662,-0.08619125932455063,-1.6496049165725708
1790031624565003000,19.4970029296875,-1.5873557329177856,-0.9552865028381348,-1.403002142906189
1790031624595032300,19.5270322265625,-2.4468741416931152,0.2777273952960968,-1.0319008827209473
1790031624605042200,19.537042236328126,-1.8962076902389526,-0.0071826050989329815,-0.8690952062606812
1790031624615051800,19.5470517578125,-1.2449848651885986,0.3280056416988373,-1.3958195447921753
1790031624625061600,19.5570615234375,-1.2617442607879639,-0.035913024097681046,-1.460463047027588
1790031624635071500,19.567071533203126,-1.3000515699386597,-0.16759411990642548,-1.5729905366897583
1790031624645050600,19.577050537109375,-1.4173674583435059,-0.20350714027881622,-1.3670891523361206
1790031624655091000,19.587091064453126,-1.8267759084701538,-0.14365209639072418,-1.161187767982483
1790031624665100800,19.597100830078126,-1.9536685943603516,-0.1628057211637497,-0.730231523513794
1790031624685120300,19.617120361328126,-1.5873557329177856,0.05027823522686958,-0.8882488012313843
1790031624695129900,19.6271298828125,-1.094150185585022,0.026336219161748886,-1.290474772453308
1790031624705139700,19.6371396484375,-1.4101848602294922,0.0694318488240242,-1.455674648284912
1790031624725159200,19.6571591796875,-1.7717092037200928,-0.8427590131759644,-0.912190854549408
1790031624745179000,19.677178955078126,-2.0398597717285156,-0.26575639843940735,-0.29209262132644653
1790031624765198300,19.6971982421875,-1.290474772453308,0.6799532771110535,-0.8259995579719543
1790031624775238700,19.70723876953125,-1.0079588890075684,0.38546648621559143,-1.359906554222107
1790031624835327700,19.76732763671875,-1.4772224426269531,0.2849099934101105,-0.3519476354122162
1790031624855347200,19.78734716796875,-0.8930372595787048,1.0749965906143188,-1.0127472877502441
1790031624865357000,19.797357177734376,-0.7493851184844971,0.2825157940387726,-0.6177040338516235
1790031624885346000,19.817345947265625,-1.0749965906143188,0.23702596127986908,-0.4596867263317108
1790031624895386400,19.827386474609376,-1.1180921792984009,0.5626373887062073,-0.2968810200691223
1790031624905396000,19.83739599609375,-1.455674648284912,1.5490485429763794,-0.5937620401382446
1790031624915405800,19.84740576171875,-1.1755530834197998,1.4101848602294922,-0.524330198764801
1790031624925415700,19.857415771484376,-0.8619126081466675,1.8148049116134644,-0.4908113479614258
1790031624935425300,19.86742529296875,-0.8236053586006165,1.4053963422775269,-0.5985504388809204
1790031624945404700,19.87740478515625,-0.8571242094039917,0.608127236366272,-0.4381389021873474
1790031624955445000,19.887445068359376,-1.015141487121582,0.3208230137825012,-0.047884032130241394
1790031624965454600,19.89745458984375,-1.3335703611373901,0.8092401623725891,-0.0933738648891449
1790031624975464400,19.90746435546875,-1.2641384601593018,0.8978256583213806,-0.3447650372982025
1790031624985474300,19.917474365234376,-0.9864110946655273,0.7015010714530945,-0.023942016065120697
1790031624995514600,19.9275146484375,-0.667982280254364,1.2258312702178955,0.1628057211637497
1790031625025543700,19.957543701171875,-0.7948749661445618,0.5554547905921936,-0.3926490843296051
1790031625035584000,19.967583984375,-0.7829039692878723,0.6871358752250671,-0.1604115068912506
1790031625045563400,19.9775634765625,-0.5554547905921936,1.2401964664459229,0.0071826050989329815
1790031625055603700,19.987603759765626,-0.5051765441894531,1.0749965906143188,-0.002394201699644327
1790031625065613300,19.99761328125,-0.6512228846549988,1.259350061416626,-0.05746084079146385
1790031625075592700,20.0075927734375,-0.6153098344802856,1.3742717504501343,-0.038307227194309235
1790031625085633000,20.017633056640626,-0.6919242739677429,0.9983820915222168,-0.31364041566848755
1790031625125672000,20.057671875,-0.6607996821403503,0.05985504388809204,0.7158663272857666
1790031625135651300,20.0676513671875,-0.6105214357376099,0.5674257874488831,0.40940847992897034
1790031625155731700,20.087731689453125,-0.11252748221158981,0.6416460275650024,0.1604115068912506
1790031625165741600,20.097741455078125,-0.12928688526153564,0.6368576288223267,0.0071826050989329815
1790031625235809800,20.167809814453125,-0.524330198764801,-0.05746084079146385,0.19153612852096558
1790031625245819600,20.177819580078125,-0.7015010714530945,0.22026655077934265,0.011971008032560349
1790031625255829500,20.18782958984375,-0.9193734526634216,0.2537853717803955,-0.11013327538967133
1790031625265869800,20.197869873046876,-0.6751648783683777,0.08379705995321274,0.11252748221158981
1790031625275879400,20.20787939453125,-0.45489832758903503,0.17477671802043915,0.31842881441116333
1790031625295960000,20.2279599609375,-0.6320692300796509,0.023942016065120697,-0.047884032130241394
1790031625305970000,20.237969970703126,-0.5123591423034668,-0.038307227194309235,0.11013327538967133
1790031625315979500,20.2479794921875,-0.28969839215278625,-0.002394201699644327,0.2753331959247589
1790031625346039300,20.278039306640625,-0.5410895943641663,-0.019153613597154617,-0.31364041566848755
1790031625356018700,20.288018798828126,-0.4596867263317108,-0.08858546614646912,-0.3208230137825012
1790031625366059000,20.29805908203125,-0.45489832758903503,-0.40222588181495667,0.08140286058187485
1790031625376099300,20.308099365234376,-0.3734954595565796,-0.43095630407333374,-0.0071826050989329815
1790031625386078500,20.318078369140625,-0.5123591423034668,-0.2513911724090576,-0.05027823522686958
1790031625396088300,20.32808837890625,-0.5315127968788147,-0.2513911724090576,0
1790031625406098000,20.338097900390625,-0.3902548849582672,-0.16759411990642548,-0.17956513166427612
1790031625416138200,20.34813818359375,-0.43095630407333374,-0.27054479718208313,-0.10773907601833344
1790031625436188400,20.3681884765625,-0.33997663855552673,-0.30885201692581177,0.07661445438861847
1790031625446198000,20.378197998046875,-0.2753331959247589,-0.23702596127986908,-0.2801215946674347
1790031625456208000,20.388207763671875,-0.304063618183136,-0.3758896589279175,-0.16998831927776337
1790031625466217700,20.3982177734375,-0.2059013396501541,-0.15322890877723694,-0.031124621629714966
1790031625476288500,20.40828857421875,-0.3471592366695404,0.05267243832349777,-0.040701430290937424
1790031625486328800,20.418328857421876,-0.2825157940387726,-0.181959331035614,-0.06464344263076782
1790031625496338400,20.42833837890625,-0.2082955539226532,-0.3974374830722809,0.10055647045373917
1790031625506348300,20.438348388671876,-0.23702596127986908,-0.4165911078453064,-0.028730420395731926
1790031625566529000,20.498529052734376,0.016759412363171577,-0.002394201699644327,-0.4572925269603729
1790031625576569000,20.508569091796875,0.06703764945268631,0.1388636976480484,-0.4644751250743866
1790031625586579000,20.518578857421875,0.021547814831137657,-0.10534487664699554,-0.047884032130241394
1790031625616608300,20.548608154296875,-0.31842881441116333,-0.33279404044151306,-0.44532153010368347
1790031625626618000,20.5586181640625,-0.43335050344467163,-0.706289529800415,-0.028730420395731926
1790031625636627700,20.568627685546875,-0.42377370595932007,-0.7637503147125244,0.37828385829925537
1790031625646637600,20.578637451171875,-0.47405192255973816,-0.6033388376235962,0.42616790533065796
1790031625656647400,20.5886474609375,-0.4189853072166443,-0.5674257874488831,0.26575639843940735
1790031625666657000,20.598656982421875,-0.3687070608139038,-0.3998316824436188,0.13168109953403473
1790031625686737700,20.618737548828125,-0.30885201692581177,-0.2346317619085312,0.021547814831137657
1790031625696747500,20.62874755859375,-0.16998831927776337,-0.19393034279346466,0.31124621629714966
1790031625706757000,20.638757080078125,-0.3423708379268646,-0.1604115068912506,0.2346317619085312
1790031625716767000,20.64876708984375,-0.35673606395721436,-0.2322375625371933,0.2801215946674347
1790031625736786400,20.668786376953125,-0.2992752194404602,-0.4165911078453064,0.395043283700943
1790031625756867000,20.6888671875,-0.42856210470199585,-0.2753331959247589,0.4189853072166443
1790031625776886500,20.708886474609375,-0.24181437492370605,-0.3447650372982025,0.49559974670410156
1790031625796936700,20.728936767578126,-0.3663128614425659,-0.31124621629714966,0.12928688526153564
1790031625806946300,20.7389462890625,-0.40222588181495667,0.20350714027881622,0.4165911078453064
1790031625816986600,20.748986572265625,-0.2825157940387726,0.17238251864910126,0.9265560507774353
1790031625826996500,20.75899658203125,0.047884032130241394,0.304063618183136,0.9959878921508789
1790031625837006000,20.769006103515625,-0.07422025501728058,0.5195417404174805,0.9600749015808105
1790031625846985500,20.7789853515625,0.11252748221158981,0.6631938815116882,0.5937620401382446
1790031625857025800,20.78902587890625,0.10055647045373917,1.8052281141281128,0.31124621629714966
1790031625867035400,20.799035400390625,0.05027823522686958,1.8555063009262085,0.7709329724311829
1790031625887055000,20.81905517578125,-0.028730420395731926,1.9105730056762695,1.5873557329177856
1790031625907074600,20.839074462890625,-0.42616790533065796,2.3295583724975586,1.2497732639312744
1790031625927063600,20.8590634765625,-0.6200982332229614,2.8371291160583496,1.3670891523361206
1790031625957123300,20.889123291015625,-0.5003881454467773,4.376600742340088,1.256955862045288
1790031625987152600,20.919152587890625,-0.6967126727104187,4.156333923339844,1.070208191871643
1790031625997162500,20.92916259765625,-0.9313444495201111,3.6966474056243896,1.158793568611145
1790031626027191800,20.95919189453125,-1.6687586307525635,4.228160381317139,0.6751648783683777
1790031626057251600,20.98925146484375,-1.5682021379470825,4.027047157287598,-0.3878606855869293
1790031626077301500,21.009301513671875,-1.6543933153152466,3.6176388263702393,0.4141969084739685
1790031626087311400,21.019311279296875,-1.9249382019042969,3.023876667022705,0.11252748221158981
1790031626167511600,21.099511474609375,-2.9472622871398926,2.051830768585205,-1.414973258972168
1790031626177491000,21.109490966796876,-2.691082715988159,2.2697031497955322,-1.3766659498214722
1790031626187531000,21.119531005859375,-2.5474305152893066,1.2976573705673218,-1.048660397529602
1790031626197540900,21.129540771484375,-2.212242364883423,2.1978771686553955,-1.4987702369689941
1790031626217560300,21.149560302734375,-1.987187385559082,1.259350061416626,-1.194706678390503
1790031626227570200,21.159570068359375,-2.542642116546631,1.0749965906143188,-1.9943699836730957
1790031626237580000,21.169580078125,-2.80361008644104,0.363918662071228,-2.056619167327881
1790031626247589600,21.179589599609375,-2.341529369354248,1.2210428714752197,-1.501164436340332
1790031626257569000,21.189569091796876,-2.298433542251587,1.7717092037200928,-1.0295066833496094
1790031626267578600,21.19957861328125,-2.518700122833252,1.0534487962722778,-1.2856862545013428
1790031626277619000,21.209618896484375,-2.6216509342193604,0.9648633003234863,-1.965639591217041
1790031626287628800,21.21962890625,-2.6192567348480225,1.039083480834961,-2.250549554824829
1790031626297638400,21.229638427734375,-2.983175277709961,1.1635819673538208,-2.0446481704711914
1790031626347687400,21.2796875,-3.24414324760437,0.35913026332855225,-1.699883222579956
1790031626357697000,21.289697021484375,-3.584120035171509,0.6272808313369751,-1.6687586307525635
1790031626367707000,21.299706787109375,-3.490746021270752,-0.14844051003456116,-1.6376339197158813
1790031626377716700,21.309716796875,-3.4739866256713867,-0.47165772318840027,-1.8698714971542358
1790031626387726300,21.319726318359375,-3.529053211212158,-1.015141487121582,-1.9249382019042969
1790031626397736200,21.329736083984375,-3.3303346633911133,-1.4867992401123047,-1.8076223134994507
1790031626407746000,21.33974609375,-3.24414324760437,-1.0247182846069336,-1.9608511924743652
1790031626417755600,21.349755615234375,-3.066972494125366,-0.4381389021873474,-1.8363527059555054
1790031626427796000,21.3597958984375,-3.177105665206909,-1.0773907899856567,-1.7262194156646729
1790031626437805800,21.369805908203126,-3.0526070594787598,-1.2976573705673218,-1.501164436340332
1790031626447815400,21.3798154296875,-2.868253707885742,-1.0869675874710083,-1.6065093278884888
1790031626457825300,21.3898251953125,-2.7916390895843506,-2.22660756111145,-1.7142484188079834
1790031626467835100,21.399835205078126,-2.7509377002716064,-3.3494882583618164,-2.070984363555908
1790031626477875500,21.40987548828125,-2.8826189041137695,-2.583343744277954,-2.188300371170044
1790031626487885000,21.419885009765625,-2.9233202934265137,-2.166752576828003,-1.900996208190918
1790031626507874000,21.4398740234375,-2.118868589401245,-2.5522189140319824,-0.8930372595787048
1790031626517914400,21.449914306640625,-2.1308395862579346,-3.531447410583496,-1.235408067703247
1790031626527924200,21.45992431640625,-2.580949544906616,-3.6942532062530518,-1.5897499322891235
1790031626537933800,21.469933837890625,-2.604891538619995,-4.994304656982422,-1.2856862545013428
1790031626557923000,21.489923095703126,-2.5905263423919678,-4.580107688903809,-0.8547300100326538
1790031626567963100,21.499963134765625,-2.2912509441375732,-4.390965938568115,-1.1061211824417114
1790031626577973000,21.509972900390625,-2.1308395862579346,-4.821922302246094,-1.1683704853057861
1790031626658051000,21.590051025390625,-1.647210717201233,-5.588066577911377,-0.8547300100326538
1790031626748230700,21.680230712890626,-1.6160861253738403,-5.719748020172119,-0.6727706789970398
1790031626758240300,21.690240234375,-1.4389152526855469,-5.849034786224365,-0.8690952062606812
1790031626768250000,21.70025,-1.3239935636520386,-5.669469833374023,-0.569819986820221
1790031626778260000,21.710260009765626,-1.5275006294250488,-4.862623691558838,-0.09576806426048279
1790031626788269600,21.72026953125,-1.1851298809051514,-4.987122058868408,-0.1843535304069519
1790031626798279400,21.730279541015626,-1.1348515748977661,-4.6950297355651855,-0.44532153010368347
1790031626808289300,21.740289306640626,-1.1779472827911377,-4.431667327880859,-0.45250412821769714
1790031626818268400,21.750268310546875,-1.0462661981582642,-3.9863457679748535,-0.5913678407669067
1790031626848328200,21.780328125,-1.0462661981582642,-3.1268274784088135,-1.1851298809051514
1790031626858338000,21.790338134765626,-1.2689268589019775,-2.8395233154296875,-0.5722141861915588
1790031626868378400,21.80037841796875,-1.6687586307525635,-3.0789434909820557,-0.1843535304069519
1790031626918518500,21.8505185546875,-1.4963760375976562,-2.1523873805999756,-1.5514427423477173
1790031627008637200,21.94063720703125,-1.8602946996688843,-1.3862427473068237,-0.48602294921875
1790031627018646800,21.950646728515625,-1.7142484188079834,-1.2186486721038818,-0.5793967843055725
1790031627038666200,21.970666259765625,-1.8722656965255737,-1.2186486721038818,-1.2617442607879639
1790031627048676000,21.980676025390625,-1.8507179021835327,-0.5985504388809204,-1.5945383310317993
1790031627068726300,22.000726318359376,-2.22660756111145,-0.8523358106613159,-1.3838485479354858
1790031627088776200,22.020776123046875,-2.2002713680267334,-1.0438719987869263,-0.8786720037460327
1790031627098786000,22.0307861328125,-1.8267759084701538,-1.0342950820922852,-0.8092401623725891
1790031627108795600,22.040795654296875,-1.8722656965255737,-1.400607943534851,-0.9983820915222168
1790031627118805500,22.050805419921875,-2.1045033931732178,-1.403002142906189,-1.6735470294952393
1790031627138825000,22.070824951171875,-2.4588451385498047,0.05985504388809204,-2.38462495803833
1790031627168884700,22.100884765625,-2.1787235736846924,-0.608127236366272,-0.5889736413955688
1790031627239075300,22.171075439453126,-2.3942017555236816,-0.1364694982767105,-1.194706678390503
1790031627259156000,22.191156005859376,-2.185906171798706,0.07422025501728058,-1.558625340461731
1790031627289185300,22.221185302734376,-2.1595699787139893,0.8954314589500427,-1.3958195447921753
1790031627299225300,22.231225341796875,-2.3558945655822754,0.3256114423274994,-1.3479355573654175
1790031627309235200,22.241235107421875,-2.6168625354766846,0.06464344263076782,-1.2689268589019775
1790031627319214300,22.25121435546875,-2.6862943172454834,-0.2082955539226532,-1.158793568611145
1790031627329254700,22.261254638671875,-2.3056161403656006,0.0454898327589035,-1.1109095811843872
1790031627339264500,22.271264404296875,-1.4508862495422363,0.7757213711738586,-1.216254472732544
1790031627349243600,22.28124365234375,-1.280897855758667,1.5825673341751099,-1.3838485479354858
1790031627359284000,22.291283935546875,-1.6519991159439087,1.1516109704971313,-0.9528923034667969
1790031627369293800,22.3012939453125,-1.9369091987609863,0.7182605266571045,-0.2298433631658554
1790031627379334100,22.311334228515626,-2.2146365642547607,0.6368576288223267,-0.1173158809542656
1790031627389343700,22.32134375,-2.322375535964966,0.6344634294509888,-0.1412578970193863
1790031627399353600,22.331353515625,-2.1068975925445557,0.5315127968788147,-0.24660277366638184
1790031627439484200,22.371484130859375,-1.4891934394836426,1.05105459690094,-0.5530605912208557
1790031627449494000,22.381493896484375,-1.5107412338256836,0.6967126727104187,-0.6655880808830261
1790031627459503900,22.39150390625,-1.6376339197158813,0.811634361743927,-0.9241618514060974
1790031627479523300,22.4115234375,-1.5155296325683594,1.41257905960083,-0.3998316824436188
1790031627489533000,22.421532958984375,-1.3407529592514038,1.5873557329177856,-0.07182604819536209
1790031627499542800,22.431542724609375,-1.2449848651885986,1.4724340438842773,-0.11971008777618408
1790031627539612400,22.4716123046875,-1.5658079385757446,0.37828385829925537,-1.070208191871643
1790031627549622300,22.481622314453126,-1.5059528350830078,0.7565677165985107,-1.0342950820922852
1790031627569641700,22.501641845703126,-1.1252747774124146,0.8140285611152649,-0.4692635238170624
1790031627599671000,22.531671142578126,-0.7829039692878723,0.49799394607543945,-0.8834604024887085
1790031627619690500,22.5516904296875,-0.40462008118629456,0.6631938815116882,-1.0271124839782715
1790031627639710000,22.5717099609375,-0.6631938815116882,0.5841852426528931,-0.8667010068893433
1790031627689759000,22.621759033203126,-0.15083470940589905,0.047884032130241394,-0.4596867263317108
1790031627709748000,22.641748046875,-0.20350714027881622,0.040701430290937424,-0.6560112833976746
1790031627749756400,22.68175634765625,-0.3447650372982025,0.2346317619085312,-0.3064578175544739
1790031627759796700,22.691796630859375,-0.26815059781074524,0.05506663769483566,-0.3064578175544739
1790031627789795600,22.721795654296876,-0.3423708379268646,-0.17717093229293823,-0.47884035110473633
1790031627839874800,22.771874755859375,-0.3734954595565796,0.014365210197865963,-0.21308395266532898
1790031627849884700,22.781884765625,-0.5434837937355042,-0.14604631066322327,-0.2298433631658554
1790031627859894300,22.791894287109375,-0.507570743560791,-0.23702596127986908,0.08140286058187485
1790031627879944400,22.8119443359375,-0.5578489899635315,-0.6416460275650024,0.24660277366638184
1790031627899994400,22.831994384765625,-0.7398083209991455,-0.5123591423034668,0.07661445438861847
1790031627940033500,22.872033447265625,-0.7206547260284424,0.040701430290937424,-0.28969839215278625
1790031627950012700,22.8820126953125,-0.6775590777397156,-0.15562310814857483,-0.016759412363171577
1790031627960053000,22.892052978515625,-0.5530605912208557,-0.21787235140800476,0.33279404044151306
1790031627970062800,22.902062744140625,-0.3232172429561615,-0.24181437492370605,0.524330198764801
1790031627980072700,22.91207275390625,-0.4692635238170624,-0.23942017555236816,0.304063618183136
1790031627990051800,22.9220517578125,-0.40222588181495667,-0.35913026332855225,0.2777273952960968
1790031628000122600,22.93212255859375,-0.2537853717803955,-0.33758243918418884,0.1843535304069519
1790031628010132500,22.942132568359376,-0.38307225704193115,-0.1388636976480484,-0.16519992053508759
1790031628030121500,22.96212158203125,-0.3926490843296051,-0.586579442024231,-0.3064578175544739
1790031628040161800,22.972161865234376,-0.2801215946674347,-0.5841852426528931,-0.26815059781074524
1790031628060150800,22.99215087890625,-0.33279404044151306,-0.5841852426528931,-0.2992752194404602
1790031628070191000,23.002191162109376,-0.40940847992897034,-0.8427590131759644,0.10295066982507706
1790031628080200700,23.01220068359375,-0.5554547905921936,-0.730231523513794,0.49320554733276367
1790031628090241000,23.022240966796875,-0.6703764796257019,-0.06464344263076782,0.3519476354122162
1790031628100251000,23.0322509765625,-0.4596867263317108,0.06464344263076782,0.08140286058187485
1790031628110260500,23.042260498046875,-0.1843535304069519,-0.26575639843940735,0.24181437492370605
1790031628120270300,23.052270263671875,-0.14844051003456116,-0.11252748221158981,0.24660277366638184
1790031628130249700,23.062249755859376,-0.2537853717803955,-0.2968810200691223,0.2992752194404602
1790031628140289800,23.072289794921875,-0.1364694982767105,-0.3519476354122162,0.19871874153614044
1790031628180359400,23.112359375,-0.17477671802043915,0.38546648621559143,0.6392518281936646
1790031628190369300,23.122369384765626,-0.014365210197865963,-0.016759412363171577,0.9002198576927185
1790031628230408200,23.162408203125,-0.18914192914962769,1.158793568611145,0.10534487664699554
1790031628240418000,23.17241796875,-0.2322375625371933,1.139639973640442,0.13168109953403473
1790031628250428000,23.182427978515626,0.11252748221158981,1.0247182846069336,-0.0933738648891449
1790031628280487700,23.21248779296875,0.4644751250743866,0.5985504388809204,1.436521053314209
1790031628310608400,23.2426083984375,-0.3519476354122162,1.3982137441635132,-0.751779317855835
1790031628320618200,23.2526181640625,-0.23942017555236816,1.4748282432556152,-0.6536170840263367
1790031628330689000,23.26268896484375,-0.035913024097681046,1.6663644313812256,-0.47165772318840027
1790031628350739200,23.2827392578125,-0.6823474764823914,2.1116859912872314,-0.3423708379268646
1790031628360748800,23.292748779296875,-0.9744400978088379,1.9943699836730957,-0.47405192255973816
1790031628370758700,23.302758544921875,-0.950498104095459,2.1954829692840576,-0.5315127968788147
1790031628380768500,23.3127685546875,-0.7948749661445618,2.0398597717285156,-0.33039984107017517
1790031628390778000,23.322778076171875,-0.706289529800415,1.9728221893310547,-0.2968810200691223
1790031628440857600,23.372857666015626,-1.1276689767837524,2.7126305103302,-1.0295066833496094
1790031628450867200,23.3828671875,-1.213860273361206,2.1499931812286377,-0.8906430602073669
1790031628460907500,23.392907470703125,-1.048660397529602,2.0470423698425293,-0.7469909191131592
1790031628470917400,23.40291748046875,-1.4077905416488647,2.2385785579681396,-0.7805097699165344
1790031628500916200,23.432916259765626,-1.7693150043487549,2.647987127304077,-0.8140285611152649
1790031628510956300,23.442956298828125,-2.0231003761291504,2.715024709701538,-1.482010841369629
1790031628531006500,23.46300634765625,-2.4133553504943848,2.188300371170044,-1.015141487121582
1790031628541016300,23.473016357421876,-2.233790159225464,2.2888567447662354,-0.33758243918418884
1790031628591095600,23.523095458984375,-2.0446481704711914,2.4133553504943848,-1.2952631711959839
1790031628651154200,23.583154296875,-2.6815059185028076,1.0797849893569946,-0.6368576288223267
1790031628671234800,23.60323486328125,-2.676717519760132,2.2864625453948975,-2.5282769203186035
1790031628691284700,23.62328466796875,-2.494758129119873,1.4939818382263184,-0.3519476354122162
1790031628701325000,23.633324951171875,-2.911349296569824,0.9026140570640564,-1.1300631761550903
1790031628711335000,23.6433349609375,-2.832340717315674,0.3519476354122162,-1.647210717201233
1790031628721344500,23.653344482421875,-2.937685489654541,-0.07900865375995636,-1.5538369417190552
1790031628731384800,23.663384765625,-2.959233283996582,0.40462008118629456,-1.7932571172714233
1790031628741394700,23.673394775390626,-2.513911724090576,0.4572925269603729,-1.2641384601593018
1790031628751435000,23.68343505859375,-2.346317768096924,1.235408067703247,-1.1180921792984009
1790031628761444600,23.693444580078125,-1.9991583824157715,0.586579442024231,-1.37906014919281
1790031628771454500,23.703454345703125,-2.1715409755706787,0.6177040338516235,-1.8842366933822632
1790031628801483800,23.73348388671875,-2.7030537128448486,-1.2665326595306396,-1.3120225667953491
1790031628831574000,23.763573974609375,-2.832340717315674,-0.6631938815116882,-2.628833532333374
1790031628851624200,23.783624267578126,-3.246537446975708,-1.4317326545715332,-1.9488801956176758
1790031628861633800,23.7936337890625,-3.023876667022705,-1.6496049165725708,-1.7118542194366455
1790031628881714400,23.81371435546875,-2.4660277366638184,-1.900996208190918,-1.8531121015548706
1790031628901734000,23.83373388671875,-3.485957622528076,-0.4572925269603729,-3.4811692237854004
1790031628911774200,23.843774169921875,-3.1675288677215576,-1.9823989868164062,-2.559401512145996
1790031628921814500,23.853814453125,-3.1292216777801514,-2.655169725418091,-1.414973258972168
1790031628931824400,23.863824462890626,-3.756502389907837,-2.52109432220459,-1.3838485479354858
1790031628941834000,23.873833984375,-3.7876269817352295,-3.1938650608062744,-1.721431016921997
1790031628951813400,23.8838134765625,-3.648763418197632,-3.4739866256713867,-1.824381709098816
1790031628961853700,23.893853759765626,-2.913743495941162,-4.8051629066467285,-1.3766659498214722
1790031628971863300,23.90386328125,-1.5610195398330688,-4.3191399574279785,-1.403002142906189
1790031628991913500,23.92391357421875,-1.158793568611145,-3.7708675861358643,-2.2385785579681396
1790031629021973200,23.95397314453125,-1.941697597503662,-3.8977603912353516,-0.5410895943641663
1790031629052033000,23.984032958984375,-1.0845733880996704,-5.298368453979492,-1.2856862545013428
1790031629072083200,24.004083251953126,-1.9249382019042969,-5.202600479125977,-1.8746598958969116
1790031629082092800,24.0140927734375,-2.609679937362671,-5.123591423034668,-2.0853497982025146
1790031629122193000,24.05419287109375,-1.965639591217041,-7.026981830596924,-2.2697031497955322
1790031629132202800,24.06420263671875,-1.8986018896102905,-6.665457725524902,-2.0398597717285156
1790031629152222200,24.08422216796875,-1.4101848602294922,-5.418078422546387,-0.6847416758537292
1790031629172242000,24.104241943359376,-0.9265560507774353,-5.813121795654297,-0.3663128614425659
1790031629202301700,24.1343017578125,-0.181959331035614,-5.406107425689697,-0.1628057211637497
1790031629222321200,24.154321044921875,-0.6823474764823914,-4.491522312164307,-0.9385270476341248
1790031629232361500,24.164361572265626,-0.8930372595787048,-4.197035789489746,-1.0271124839782715
1790031629292450600,24.224450439453125,-1.8842366933822632,-3.24414324760437,-1.0797849893569946
1790031629302460400,24.23446044921875,-1.9057846069335938,-2.9735984802246094,-1.5298948287963867
1790031629312470000,24.244469970703125,-1.6663644313812256,-2.691082715988159,-1.6112977266311646
1790031629342591000,24.274591064453126,-2.049436569213867,-2.2409727573394775,-0.5722141861915588
1790031629372620300,24.304620361328126,-2.22660756111145,-1.8124107122421265,-1.3287819623947144
1790031629382630000,24.3146298828125,-1.9153614044189453,-1.0031704902648926,-1.2114660739898682
1790031629402649600,24.334649658203126,-1.6903064250946045,-0.9241618514060974,-1.525106430053711
1790031629422669000,24.3546689453125,-2.1332337856292725,-0.8547300100326538,-1.3024457693099976
1790031629432679000,24.364678955078126,-2.322375535964966,-1.1803414821624756,-1.161187767982483
1790031629452668000,24.38466796875,-2.434903144836426,-1.1683704853057861,-1.237802267074585
1790031629482758100,24.414758056640625,-1.6376339197158813,-0.19632454216480255,-1.5514427423477173
1790031629502777600,24.434777587890625,-1.8315643072128296,-0.4812345504760742,-1.2425906658172607
1790031629512787500,24.444787353515625,-1.86508309841156,-0.49559974670410156,-1.316810965538025
1790031629532837400,24.46483740234375,-2.1571757793426514,0.7134721279144287,-1.659181833267212
1790031629552887600,24.484887451171875,-1.6041151285171509,0.1149216815829277,-1.6663644313812256
1790031629562927900,24.494927978515626,-1.8698714971542358,-0.22505496442317963,-1.4053963422775269
1790031629572937500,24.5049375,-1.778891921043396,-0.7661445140838623,-0.9457096457481384
1790031629602936300,24.534936279296875,-1.6304513216018677,1.3718775510787964,-1.2330138683319092
1790031629612976600,24.5449765625,-1.2545616626739502,0.2537853717803955,-1.1085153818130493
1790031629622986500,24.554986572265626,-1.259350061416626,-0.6943184733390808,-0.9552865028381348
1790031629643006000,24.575005859375,-1.8794482946395874,0.09576806426048279,-0.933738648891449
1790031629652985000,24.584985107421875,-1.941697597503662,1.0534487962722778,-0.608127236366272
1790031629663025400,24.595025390625,-1.525106430053711,1.6352397203445435,-0.40940847992897034
1790031629673065700,24.605065673828125,-1.3215993642807007,1.6160861253738403,-0.9552865028381348
1790031629683075600,24.61507568359375,-1.2689268589019775,1.2521674633026123,-1.3670891523361206
1790031629693085200,24.625085205078125,-0.9792284965515137,0.6536170840263367,-1.0079588890075684
1790031629703064600,24.635064697265626,-1.2186486721038818,0.16519992053508759,-0.7350199222564697
1790031629723114500,24.655114501953125,-1.3479355573654175,0.5410895943641663,-0.9744400978088379
1790031629733124400,24.665124267578125,-1.3239935636520386,1.400607943534851,-0.8738836050033569
1790031629743134200,24.67513427734375,-1.1109095811843872,0.950498104095459,-0.646434485912323
1790031629753143800,24.685143798828125,-1.0319008827209473,1.1659762859344482,-0.4668693244457245
1790031629823212300,24.75521240234375,-0.4620809257030487,0.871489405632019,-0.6703764796257019
1790031629873291500,24.80529150390625,-1.0462661981582642,0.7493851184844971,-1.316810965538025
1790031629883301400,24.81530126953125,-0.7134721279144287,0.8307880163192749,-1.1755530834197998
1790031629913300200,24.84530029296875,-1.0558429956436157,0.3471592366695404,-0.363918662071228
1790031629923309800,24.855309814453125,-1.2114660739898682,0.6512228846549988,-0.11971008777618408
1790031629933319700,24.865319580078125,-1.1276689767837524,0.35673606395721436,-0.24660277366638184
1790031629943298800,24.875298828125,-1.0965443849563599,0.38546648621559143,-0.31842881441116333
1790031629953339100,24.885339111328125,-1.1635819673538208,0.6057330369949341,-0.545877993106842
1790031629963349000,24.895348876953125,-1.0893617868423462,0.5746083855628967,-0.706289529800415
1790031629973358800,24.90535888671875,-0.8355764150619507,0.5195417404174805,-0.9313444495201111
1790031629993408800,24.92540869140625,-0.6703764796257019,0.6512228846549988,-0.3519476354122162
1790031630003388200,24.93538818359375,-0.7350199222564697,0.9816226959228516,-0.507570743560791
1790031630033448000,24.965447998046876,-0.6272808313369751,0.27054479718208313,-0.23942017555236816
1790031630043457500,24.97545751953125,-0.667982280254364,0.3471592366695404,-0.21308395266532898
1790031630053467400,24.98546728515625,-0.6248866319656372,0.40701428055763245,-0.2825157940387726
1790031630063446500,24.995446533203125,-0.45489832758903503,0.181959331035614,-0.23942017555236816
1790031630073486800,25.00548681640625,-0.19632454216480255,0.272938996553421,-0.035913024097681046
1790031630083496700,25.01549658203125,-0.17238251864910126,0.3902548849582672,-0.11252748221158981
1790031630093506600,25.025506591796876,-0.07661445438861847,0.3998316824436188,-0.21547815203666687
1790031630103516200,25.03551611328125,-0.07900865375995636,0.26575639843940735,-0.37828385829925537
1790031630143555300,25.075555419921876,-0.5171475410461426,0.3519476354122162,-0.2298433631658554
1790031630163605200,25.095605224609375,-0.5482721924781799,0.05267243832349777,-0.395043283700943
1790031630173615000,25.105614990234375,-0.47165772318840027,-0.016759412363171577,0.07182604819536209
1790031630183594200,25.11559423828125,-0.5386953949928284,-0.0454898327589035,0.42856210470199585
1790031630203644400,25.13564453125,-0.6847416758537292,0.28969839215278625,-0.014365210197865963
1790031630213654300,25.145654296875,-0.6991068720817566,0.3734954595565796,-0.28969839215278625
1790031630223633400,25.15563330078125,-0.7781155705451965,0.40222588181495667,-0.19393034279346466
1790031630243683300,25.175683349609375,-0.8786720037460327,0.14844051003456116,0.1628057211637497
1790031630293732400,25.225732421875,-0.1149216815829277,0.3998316824436188,0.06464344263076782
1790031630303742000,25.235741943359375,0.040701430290937424,0.6392518281936646,-0.031124621629714966
1790031630313812700,25.245812744140625,-0.0454898327589035,0.6703764796257019,-0.0694318488240242
1790031630333832400,25.26583251953125,0.15322890877723694,0.5434837937355042,0.15083470940589905
1790031630343842000,25.275842041015625,0.08619125932455063,0.4429273009300232,0.24420857429504395
1790031630353882400,25.28588232421875,-0.11252748221158981,0.2298433631658554,0.2825157940387726
1790031630363892200,25.295892333984376,-0.16759411990642548,0.17238251864910126,0.14365209639072418
1790031630373901800,25.30590185546875,-0.2561795711517334,-0.13407529890537262,0.05746084079146385
1790031630383881200,25.315881103515625,-0.16519992053508759,-0.0694318488240242,0.2082955539226532
1790031630393921500,25.325921630859376,-0.2561795711517334,-0.19871874153614044,-0.06703764945268631
1790031630403931100,25.33593115234375,-0.22266076505184174,-0.14844051003456116,-0.1149216815829277
1790031630413941000,25.34594091796875,-0.21787235140800476,-0.15562310814857483,-0.15083470940589905
1790031630423950800,25.355950927734376,-0.22744916379451752,-0.1364694982767105,-0.15322890877723694
1790031630433960400,25.36596044921875,-0.11013327538967133,-0.05027823522686958,-0.16759411990642548
1790031630454010600,25.3860107421875,-0.23702596127986908,-0.12689268589019775,-0.11971008777618408
1790031630464051000,25.396051025390626,-0.31842881441116333,-0.15562310814857483,-0.304063618183136
1790031630474060500,25.406060546875,-0.14604631066322327,-0.15322890877723694,-0.1412578970193863
1790031630484040000,25.4160400390625,-0.16759411990642548,-0.17238251864910126,-0.10773907601833344
1790031630494080300,25.426080322265626,-0.06703764945268631,-0.22026655077934265,-0.06464344263076782
1790031630504089900,25.43608984375,-0.043095629662275314,-0.26096799969673157,0.028730420395731926
1790031630594177800,25.526177734375,-0.5817909836769104,-0.667982280254364,0.2561795711517334
1790031630654358500,25.586358642578126,-0.10295066982507706,0.2346317619085312,0.5482721924781799
1790031630674378000,25.6063779296875,-0.3663128614425659,0.6440402865409851,0.4165911078453064
1790031630754456000,25.6864560546875,-0.35434186458587646,1.644816517829895,0.4644751250743866
1790031630784485400,25.7164853515625,-0.6320692300796509,2.33913516998291,0.6153098344802856
1790031630804535600,25.73653564453125,-0.507570743560791,3.1076738834381104,0.1412578970193863
1790031630814545200,25.746545166015625,-0.7469909191131592,2.580949544906616,0.4692635238170624
1790031630834564900,25.76656494140625,-0.8236053586006165,2.3989901542663574,0.9576807022094727
1790031630844574500,25.776574462890625,-1.0079588890075684,2.1595699787139893,0.8403648138046265
1790031630854584300,25.786584228515625,-0.950498104095459,2.612074136734009,0.8307880163192749
1790031630864594200,25.79659423828125,-0.7254431247711182,2.2002713680267334,0.8619126081466675
1790031630874634500,25.806634521484376,-0.768538773059845,2.8634653091430664,0.3064578175544739
1790031630894623500,25.82662353515625,-0.8858546018600464,2.9233202934265137,-0.16759411990642548
1790031630934692900,25.86669287109375,-1.2497732639312744,2.8993782997131348,0.19153612852096558
1790031630954712600,25.886712646484376,-1.4676456451416016,2.7557260990142822,-0.5171475410461426
1790031630974762500,25.906762451171875,-1.965639591217041,2.4181437492370605,-0.48602294921875
1790031630984772400,25.9167724609375,-2.185906171798706,2.9041666984558105,-0.6440402865409851
1790031630994751500,25.92675146484375,-2.3343467712402344,2.942473888397217,-0.8212111592292786
1790031631004791800,25.936791748046875,-2.03507137298584,2.9328970909118652,-0.9097966551780701
1790031631014832000,25.94683203125,-1.922544002532959,3.0310592651367188,-0.49799394607543945
1790031631034882300,25.96688232421875,-2.051830768585205,2.4420857429504395,-0.993593692779541
1790031631044861400,25.976861328125,-2.3104045391082764,2.0183119773864746,-1.3096283674240112
1790031631054932200,25.98693212890625,-2.360682964324951,1.3742717504501343,-1.1324573755264282
1790031631064942000,25.996942138671876,-2.367865562438965,1.2641384601593018,-1.0630255937576294
1790031631074982400,26.006982421875,-2.3918075561523438,0.9552865028381348,-1.113303780555725
1790031631084992000,26.016991943359375,-2.075772762298584,1.0534487962722778,-1.3838485479354858
1790031631115082500,26.04708251953125,-1.8171991109848022,1.2449848651885986,-1.742978811264038
1790031631145142300,26.077142333984376,-2.190694570541382,0.12449848651885986,-2.185906171798706
1790031631155182600,26.0871826171875,-2.252943754196167,0.3711012601852417,-1.7932571172714233
1790031631175171600,26.107171630859376,-1.6759412288665771,1.113303780555725,-2.099714994430542
1790031631185211600,26.117211669921875,-2.0015525817871094,0.23702596127986908,-2.3104045391082764
1790031631205231400,26.1372314453125,-2.027888774871826,-1.5634137392044067,-2.0925323963165283
1790031631215241000,26.147240966796875,-1.8076223134994507,0.07182604819536209,-1.8100165128707886
1790031631225250800,26.157250732421875,-2.011129379272461,-0.15801730751991272,-1.8124107122421265
1790031631235260700,26.1672607421875,-1.8052281141281128,0.2992752194404602,-2.5115175247192383
1790031631245301000,26.177301025390626,-2.142810583114624,-0.13168109953403473,-2.6455929279327393
1790031631265351000,26.197350830078125,-2.5498247146606445,-0.09576806426048279,-1.8770540952682495
1790031631285370400,26.217370361328125,-2.4157495498657227,-0.3280056416988373,-2.185906171798706
1790031631295380200,26.227380126953125,-2.695871114730835,-0.033518824726343155,-2.276885747909546
1790031631315399700,26.247399658203125,-2.693476915359497,-1.5634137392044067,-1.944091796875
1790031631335449900,26.267449951171876,-3.1747114658355713,-2.2146365642547607,-2.032677173614502
1790031631355499800,26.287499755859375,-2.346317768096924,-2.6216509342193604,-1.3503297567367554
1790031631365509600,26.297509521484375,-2.2385785579681396,-2.3080103397369385,-1.359906554222107
1790031631395569400,26.3275693359375,-1.8555063009262085,-1.8962076902389526,-1.7070658206939697
1790031631415588900,26.3475888671875,-2.7676970958709717,-3.950432777404785,-0.7038952708244324
1790031631445649000,26.37764892578125,-1.3431471586227417,-3.2585084438323975,-1.01753568649292
1790031631455689000,26.38768896484375,-1.4460978507995605,-3.2992098331451416,-1.3263877630233765
1790031631475708700,26.407708740234376,-1.9153614044189453,-3.912125587463379,-0.6991068720817566
1790031631485718300,26.41771826171875,-1.0007762908935547,-3.6822822093963623,-0.3256114423274994
1790031631535767300,26.467767333984376,-2.0661959648132324,-4.575319290161133,-0.689530074596405
1790031631615936800,26.547936767578125,-2.0159177780151367,-5.07570743560791,0.7110779285430908
1790031631635956500,26.56795654296875,-1.98958158493042,-5.0254292488098145,-0.8236053586006165
1790031631706024700,26.638024658203125,-0.4812345504760742,-4.55616569519043,-0.5315127968788147
1790031631756104200,26.688104248046876,-0.9074024558067322,-3.4811692237854004,-0.3447650372982025
1790031631776123600,26.70812353515625,-1.0342950820922852,-3.380612850189209,-0.42377370595932007
1790031631806214000,26.7382138671875,-1.6304513216018677,-2.4181437492370605,-1.0271124839782715
1790031631816193300,26.748193359375,-1.37906014919281,-2.456450939178467,-0.8523358106613159
1790031631836243200,26.7682431640625,-2.0039467811584473,-2.4827871322631836,-0.8595184087753296
1790031631856263000,26.788262939453126,-1.886630892753601,-1.5634137392044067,-0.5291185975074768
1790031631866272500,26.7982724609375,-1.9345149993896484,-1.213860273361206,-0.9481038451194763
1790031631876312800,26.808312744140625,-1.8411411046981812,-1.5275006294250488,-1.1516109704971313
1790031631886322700,26.81832275390625,-1.7932571172714233,-1.8602946996688843,-0.9911994934082031
1790031631896332300,26.828332275390625,-1.7381904125213623,-1.644816517829895,-0.7781155705451965
1790031631906311700,26.838311767578126,-1.8579005002975464,-1.4484920501708984,-0.993593692779541
1790031631916352000,26.84835205078125,-1.9632453918457031,-1.338358759880066,-1.4676456451416016
1790031631926361600,26.858361572265625,-2.2601263523101807,-0.8140285611152649,-1.9536685943603516
1790031631936371500,26.868371337890625,-2.3487119674682617,-1.1204863786697388,-1.6112977266311646
1790031631956360400,26.8883603515625,-1.8722656965255737,-0.8020575642585754,-1.3982137441635132
1790031631976410600,26.90841064453125,-1.9560627937316895,-0.8044517636299133,-0.8762778043746948
1790031632016480000,26.94847998046875,-2.4660277366638184,-1.113303780555725,-0.6105214357376099
1790031632036499700,26.968499755859376,-1.1755530834197998,-0.3878606855869293,-1.3503297567367554
1790031632046509300,26.97850927734375,-1.3024457693099976,0.40940847992897034,-2.279279947280884
1790031632086548500,27.018548583984376,-2.4468741416931152,-0.7852981686592102,0.021547814831137657
1790031632146637600,27.078637451171875,-1.3120225667953491,-0.21787235140800476,-0.7374141216278076
1790031632166626600,27.09862646484375,-2.5450363159179688,-0.9528923034667969,-0.7996633648872375
1790031632176636400,27.108636474609376,-2.736572504043579,-0.7972691655158997,-1.1228805780410767
1790031632186676700,27.1186767578125,-2.3798365592956543,0.26815059781074524,-2.0231003761291504
1790031632196686300,27.128686279296875,-1.9345149993896484,1.7741034030914307,-2.583343744277954
1790031632206665700,27.138665771484376,-1.1204863786697388,2.1978771686553955,-2.341529369354248
1790031632216675300,27.14867529296875,-1.0893617868423462,2.612074136734009,-2.205059766769409
1790031632236695000,27.168695068359376,-1.5442601442337036,-0.24660277366638184,-0.1867477297782898
1790031632246704600,27.17870458984375,-1.8483237028121948,-0.2585737705230713,0.033518824726343155
1790031632256714500,27.188714599609376,-2.363077163696289,0.7852981686592102,-1.2306196689605713
1790031632266693600,27.198693603515625,-2.233790159225464,0.8475474119186401,-2.078166961669922
1790031632276734000,27.20873388671875,-1.460463047027588,1.1085153818130493,-1.9560627937316895
1790031632286743800,27.218743896484376,-1.1037269830703735,1.2425906658172607,-1.3239935636520386
1790031632296753400,27.22875341796875,-1.2473790645599365,1.2090718746185303,-0.9002198576927185
1790031632306732800,27.23873291015625,-1.3335703611373901,1.3407529592514038,-0.8738836050033569
1790031632316742700,27.24874267578125,-1.2545616626739502,1.2018892765045166,-0.9648633003234863
1790031632326752300,27.258752197265625,-1.1971008777618408,1.0773907899856567,-1.015141487121582
1790031632336762000,27.26876220703125,-1.3096283674240112,0.8307880163192749,-1.2258312702178955
1790031632356751000,27.288751220703126,-1.1252747774124146,0.8523358106613159,-1.0869675874710083
1790031632386811000,27.318810791015625,-0.7110779285430908,1.4317326545715332,-0.9696516990661621
1790031632406830300,27.338830322265625,-0.8403648138046265,1.158793568611145,-0.7733271718025208
1790031632416840200,27.348840087890625,-0.7637503147125244,1.1204863786697388,-0.5123591423034668
1790031632426880500,27.358880615234376,-0.768538773059845,1.1899182796478271,-0.6440402865409851
1790031632466919400,27.39891943359375,-0.9169792532920837,0.9193734526634216,-0.6512228846549988
1790031632496979500,27.4289794921875,-0.8762778043746948,1.4413094520568848,-0.16759411990642548
1790031632507019500,27.43901953125,-0.4429273009300232,1.0103530883789062,0.2322375625371933
1790031632517029400,27.449029296875,-0.009576806798577309,0.028730420395731926,0.5482721924781799
1790031632527039200,27.459039306640626,-0.17477671802043915,0.1364694982767105,0.5913678407669067
1790031632537048800,27.469048828125,-0.33039984107017517,0.45489832758903503,0.043095629662275314
1790031632557037800,27.489037841796875,-0.021547814831137657,0.6847416758537292,-0.5027823448181152
1790031632567078100,27.499078125,0.040701430290937424,0.8331822156906128,-0.2801215946674347
1790031632577088000,27.509087890625,0.08858546614646912,0.8906430602073669,-0.17477671802043915
1790031632607147800,27.539147705078125,-0.5051765441894531,0.26096799969673157,0.08619125932455063
1790031632617127200,27.549127197265626,-0.45489832758903503,0.2753331959247589,0.2106897532939911
1790031632627167200,27.559167236328125,-0.6320692300796509,0.5003881454467773,0.22026655077934265
1790031632697235700,27.629235595703125,-0.4213795065879822,0.038307227194309235,-0.19871874153614044
1790031632707214800,27.63921484375,-0.20350714027881622,-0.038307227194309235,0.1364694982767105
1790031632727295500,27.65929541015625,-0.2825157940387726,0.29209262132644653,-0.3471592366695404
1790031632757416400,27.68941650390625,-0.5219359993934631,0.19871874153614044,0.0933738648891449
1790031632777466400,27.70946630859375,-0.5147533416748047,0.22266076505184174,-0.21787235140800476
1790031632787506700,27.719506591796875,-0.363918662071228,0.1628057211637497,-0.29209262132644653
1790031632797516500,27.7295166015625,-0.31842881441116333,0.26336219906806946,0.047884032130241394
1790031632807526100,27.739526123046875,-0.28969839215278625,0.29209262132644653,0.12689268589019775
1790031632827545900,27.7595458984375,-0.10295066982507706,0.11252748221158981,0
1790031632837555500,27.769555419921875,-0.07422025501728058,-0.33758243918418884,0.08379705995321274
1790031632847565300,27.7795654296875,-0.05267243832349777,-0.4908113479614258,0.524330198764801
1790031632867584800,27.799584716796875,-0.028730420395731926,-0.4357447028160095,-0.0694318488240242
1790031632897614000,27.829614013671875,0.181959331035614,-0.24181437492370605,-0.20350714027881622
1790031632907624000,27.8396240234375,0.19153612852096558,-0.33997663855552673,-0.004788403399288654
1790031632917633500,27.849633544921875,0.08619125932455063,-0.3064578175544739,0.35434186458587646
1790031632927643400,27.859643310546875,-0.06224924325942993,-0.14844051003456116,0.3423708379268646
1790031632937653200,27.8696533203125,-0.1867477297782898,-0.6033388376235962,-0.031124621629714966
1790031632947693600,27.879693603515626,-0.17956513166427612,-0.5147533416748047,-0.5554547905921936
1790031632957703200,27.889703125,-0.21308395266532898,-0.5674257874488831,-0.6919242739677429
1790031632967713000,27.899713134765626,-0.15083470940589905,-0.5267243981361389,-0.3208230137825012
1790031632977753300,27.90975341796875,0.031124621629714966,-0.38546648621559143,-0.05985504388809204
1790031632987732500,27.919732421875,0.06224924325942993,-0.31603461503982544,-0.08619125932455063
1790031632997772800,27.929772705078125,0.06464344263076782,-0.49799394607543945,-0.11252748221158981
1790031633007782700,27.93978271484375,-0.05746084079146385,-0.363918662071228,-0.021547814831137657
1790031633017823000,27.949822998046876,-0.033518824726343155,-0.19871874153614044,-0.28730419278144836
1790031633027832600,27.95983251953125,-0.10295066982507706,-0.22744916379451752,-0.3687070608139038
1790031633037842400,27.969842529296876,-0.13168109953403473,-0.4141969084739685,-0.181959331035614
1790031633057862000,27.98986181640625,-0.0694318488240242,-0.28969839215278625,-0.21547815203666687
1790031633097931500,28.029931640625,0.15801730751991272,-0.24899697303771973,0.1604115068912506
1790031633127960800,28.0599609375,0.0694318488240242,-0.06703764945268631,-0.17956513166427612
1790031633137970400,28.069970458984375,0.047884032130241394,-0.14604631066322327,-0.10055647045373917
1790031633167999700,28.099999755859375,0.026336219161748886,-0.29209262132644653,0.07422025501728058
1790031633248139000,28.180138916015625,0.07422025501728058,-0.028730420395731926,-0.20350714027881622
1790031633288208600,28.220208740234376,0.026336219161748886,-0.17717093229293823,-0.028730420395731926
1790031633308228000,28.24022802734375,0.038307227194309235,-0.181959331035614,-0.22266076505184174
1790031633318238000,28.250238037109376,0.07182604819536209,-0.12689268589019775,-0.1867477297782898
1790031633328247600,28.26024755859375,0.035913024097681046,-0.08619125932455063,-0.19632454216480255
1790031633368347600,28.30034765625,0.16998831927776337,-0.05027823522686958,0.05985504388809204
1790031633438446600,28.370446533203125,0.1149216815829277,-0.05746084079146385,-0.11971008777618408
1790031633448456400,28.38045654296875,0.033518824726343155,0.13168109953403473,-0.1412578970193863
1790031633458466000,28.390466064453125,0.06224924325942993,0.1149216815829277,-0.10534487664699554
1790031633468506400,28.40050634765625,0.07661445438861847,0.05506663769483566,-0.035913024097681046
1790031633478516200,28.41051611328125,0.13168109953403473,-0.026336219161748886,0.2346317619085312
1790031633488526000,28.420526123046876,0.021547814831137657,-0.12689268589019775,-0.0071826050989329815
1790031633498535700,28.43053564453125,-0.17477671802043915,-0.304063618183136,-0.08140286058187485
1790031633508576000,28.440575927734375,-0.1388636976480484,-0.31842881441116333,0.17238251864910126
1790031633518585900,28.4505859375,0.07182604819536209,-0.3687070608139038,0.23702596127986908
1790031633528626200,28.460626220703126,0.1173158809542656,0.06224924325942993,-0.090979665517807
1790031633538666200,28.470666259765625,0.2513911724090576,0.07900865375995636,-0.24181437492370605
1790031633548645600,28.480645751953126,-0.08619125932455063,-0.06703764945268631,0.0454898327589035
1790031633558686000,28.49068603515625,0.028730420395731926,-0.20350714027881622,0.26096799969673157
1790031633578705400,28.510705322265625,0.26096799969673157,-0.17238251864910126,0.05985504388809204
1790031633588684500,28.5206845703125,0.014365210197865963,0.06464344263076782,-0.3878606855869293
1790031633608765200,28.54076513671875,0.047884032130241394,-0.19632454216480255,0.5027823448181152
1790031633618744600,28.55074462890625,0.10295066982507706,-0.023942016065120697,0.3878606855869293
1790031633668823800,28.60082373046875,0.10534487664699554,-0.16759411990642548,0.019153613597154617
1790031633688843300,28.62084326171875,0.08140286058187485,-0.2059013396501541,-0.0694318488240242
1790031633698853000,28.63085302734375,0.014365210197865963,-0.2825157940387726,0.014365210197865963
1790031633708863000,28.640863037109376,0.023942016065120697,-0.19393034279346466,0.009576806798577309
1790031633718872600,28.65087255859375,0.047884032130241394,-0.1843535304069519,-0.05267243832349777
1790031633738922800,28.6709228515625,0.13168109953403473,-0.31364041566848755,0.011971008032560349
1790031633748932400,28.680932373046875,0.14844051003456116,-0.24181437492370605,0.16998831927776337
1790031633799011800,28.73101171875,0.0454898327589035,-0.08140286058187485,-0.023942016065120697
1790031633829041200,28.761041259765626,-0.1173158809542656,-0.1364694982767105,0.16519992053508759
1790031633839050800,28.77105078125,-0.028730420395731926,-0.33518823981285095,0.2059013396501541
1790031633849030100,28.781030029296875,0.011971008032560349,-0.1364694982767105,-0.019153613597154617
1790031633869080000,28.801080078125,-0.011971008032560349,-0.0454898327589035,0.002394201699644327
1790031633879090000,28.81108984375,-0.07900865375995636,0.08858546614646912,0.2992752194404602
1790031633889099800,28.821099853515626,-0.15562310814857483,-0.06703764945268631,-0.004788403399288654
1790031633899109400,28.831109375,0.12928688526153564,-0.2825157940387726,0.11971008777618408
1790031633909119200,28.841119140625,0.1173158809542656,0.004788403399288654,-0.07661445438861847
1790031633919159600,28.85115966796875,0.1628057211637497,0.011971008032560349,-0.33997663855552673
1790031633999298600,28.931298583984375,-0.011971008032560349,-0.17717093229293823,0.4429273009300232
1790031634049408500,28.981408447265625,0.1364694982767105,-0.07661445438861847,-0.06224924325942993
1790031634059418400,28.99141845703125,0.2968810200691223,0.06464344263076782,-0.11013327538967133
1790031634079437800,29.011437744140625,-0.016759412363171577,-0.07900865375995636,0.2825157940387726
1790031634109467100,29.041467041015625,0.040701430290937424,-0.181959331035614,-0.08619125932455063
1790031634129517300,29.061517333984376,0.15322890877723694,-0.038307227194309235,0.16998831927776337
1790031634209686800,29.141686767578125,0.06703764945268631,-0.19632454216480255,-0.002394201699644327
1790031634259696600,29.191696533203125,0.16519992053508759,-0.0071826050989329815,-0.05985504388809204
1790031634269676000,29.201676025390626,0.06703764945268631,-0.08858546614646912,-0.009576806798577309
1790031634279716400,29.21171630859375,0.15801730751991272,-0.07661445438861847,0.06464344263076782
1790031634339896800,29.271896728515625,0.08858546614646912,-0.12449848651885986,0.11252748221158981
1790031634349937200,29.281937255859376,0.10055647045373917,-0.17717093229293823,0.12210428714752197
1790031634380058000,29.31205810546875,0.181959331035614,-0.05985504388809204,0.0694318488240242
1790031634390098400,29.322098388671876,0.22266076505184174,0.002394201699644327,0.090979665517807
1790031634400108000,29.33210791015625,0.14844051003456116,-0.004788403399288654,-0.10055647045373917
1790031634410087400,29.34208740234375,0.038307227194309235,-0.16759411990642548,0.016759412363171577
1790031634420127700,29.352127685546876,0.07900865375995636,-0.181959331035614,-0.002394201699644327
1790031634430137300,29.362137451171876,0.05027823522686958,-0.10773907601833344,0.16998831927776337
1790031634440177700,29.372177734375,0.035913024097681046,-0.033518824726343155,0.14365209639072418
1790031634450218000,29.382218017578126,-0.011971008032560349,-0.026336219161748886,0.031124621629714966
1790031634460227800,29.392227783203126,0.038307227194309235,-0.07182604819536209,0.05267243832349777
1790031634470237400,29.402237548828126,0.07182604819536209,-0.033518824726343155,0.047884032130241394
1790031634480247300,29.412247314453126,-0.002394201699644327,0.019153613597154617,-0.24420857429504395
1790031634490257200,29.422257080078126,0.040701430290937424,0.035913024097681046,-0.10534487664699554
1790031634500266800,29.432266845703126,-0.004788403399288654,-0.019153613597154617,0.12928688526153564
1790031634520286200,29.4522861328125,0.0071826050989329815,-0.040701430290937424,-0.08858546614646912
1790031634530296000,29.462296142578126,0.06703764945268631,0.08858546614646912,-0.3734954595565796
1790031634540336400,29.47233642578125,0.1388636976480484,-0.009576806798577309,-0.002394201699644327
1790031634550346200,29.48234619140625,0.10295066982507706,0.07422025501728058,0.07661445438861847
1790031634560355800,29.49235595703125,0.07182604819536209,-0.031124621629714966,0.0454898327589035
1790031634570365700,29.50236572265625,0.0694318488240242,-0.2777273952960968,0.10534487664699554
1790031634580344800,29.5123447265625,-0.05267243832349777,-0.20111294090747833,-0.028730420395731926
1790031634620414500,29.55241455078125,0.33997663855552673,0.1412578970193863,0.009576806798577309
1790031634660484000,29.592484130859376,0.047884032130241394,-0.09576806426048279,-0.1843535304069519
1790031634670494000,29.602493896484376,0.10773907601833344,-0.07182604819536209,-0.12928688526153564
1790031634690543900,29.6225439453125,0.12449848651885986,0.011971008032560349,-0.047884032130241394
1790031634700553700,29.6325537109375,0.026336219161748886,-0.2849099934101105,0.040701430290937424
1790031634730583000,29.6625830078125,0.18914192914962769,-0.08619125932455063,-0.10295066982507706
1790031634740592600,29.672592529296875,0.1173158809542656,-0.026336219161748886,-0.1149216815829277
1790031634750602500,29.6826025390625,0.10534487664699554,-0.047884032130241394,0.05267243832349777
1790031634760612400,29.6926123046875,0.22744916379451752,0.019153613597154617,0.004788403399288654
1790031634770622000,29.7026220703125,0.23702596127986908,-0.07422025501728058,-0.0454898327589035
1790031634790641700,29.7226416015625,-0.1173158809542656,-0.26575639843940735,0.12689268589019775
1790031634800651300,29.7326513671875,0.07900865375995636,-0.0933738648891449,0.08619125932455063
1790031634810630700,29.742630615234376,0.05027823522686958,-0.11971008777618408,-0.08379705995321274
1790031634820671000,29.7526708984375,-0.023942016065120697,-0.10534487664699554,-0.15322890877723694
1790031634830650000,29.762650146484376,0.040701430290937424,-0.016759412363171577,-0.08619125932455063
1790031634860710000,29.7927099609375,0.05985504388809204,-0.07900865375995636,0.1364694982767105
1790031634870719700,29.8027197265625,0.023942016065120697,-0.05267243832349777,-0.07182604819536209
1790031634880729300,29.812729248046875,0.06464344263076782,-0.18914192914962769,-0.014365210197865963
1790031634890739200,29.8227392578125,0.05746084079146385,0,-0.016759412363171577
1790031634900749000,29.8327490234375,0.038307227194309235,-0.15083470940589905,-0.08379705995321274
1790031634910728200,29.842728271484376,0.22026655077934265,-0.12210428714752197,-0.07661445438861847
1790031634920738000,29.852738037109376,0.22744916379451752,-0.08140286058187485,0.0933738648891449
1790031634940788000,29.8727880859375,0.20111294090747833,-0.1843535304069519,-0.043095629662275314
1790031634950828300,29.882828369140626,0.24660277366638184,-0.11013327538967133,-0.07900865375995636
1790031634960838100,29.892838134765626,0.3280056416988373,-0.19393034279346466,-0.05267243832349777
1790031635000907800,29.93290771484375,-0.06464344263076782,-0.2849099934101105,0.06703764945268631
1790031635010887000,29.942886962890626,-0.08379705995321274,-0.17717093229293823,0.11013327538967133
1790031635020957700,29.952957763671876,0.08379705995321274,-0.07900865375995636,0.1388636976480484
1790031635030967600,29.962967529296876,0.038307227194309235,-0.05027823522686958,0.0454898327589035
1790031635040977200,29.97297705078125,-0.026336219161748886,0.10295066982507706,-0.06224924325942993
1790031635050956500,29.98295654296875,0.17477671802043915,0.026336219161748886,0.11252748221158981
