time,seconds_elapsed,x,z,y
1790031568195774700,0.129774658203125,0.12689268589019775,-0.181959331035614,0.05506663769483566
1790031568205753900,0.13975390625,-7.922413349151611,-6.682217121124268,-3.5936968326568604
1790031568215694300,0.1496943359375,0.009576806798577309,0.05985504388809204,0.038307227194309235
1790031568225504000,0.15950390625,0.11013327538967133,-0.040701430290937424,0.181959331035614
1790031568245354000,0.17935400390625,0.035913024097681046,-0.06224924325942993,0.12210428714752197
1790031568255394300,0.189394287109375,0.1149216815829277,0.011971008032560349,-0.0694318488240242
1790031568265373700,0.199373779296875,0.14844051003456116,-0.07900865375995636,0.11013327538967133
1790031568275383300,0.20938330078125,0.10295066982507706,-0.06224924325942993,0.016759412363171577
1790031568345329700,0.27932958984375,0.05506663769483566,0.08858546614646912,0.07422025501728058
1790031568365379600,0.299379638671875,0.08140286058187485,-0.011971008032560349,-0.002394201699644327
1790031568375359000,0.30935888671875,0.11013327538967133,-0.08858546614646912,0.1412578970193863
1790031568385368800,0.319368896484375,0.016759412363171577,-0.22026655077934265,0.002394201699644327
1790031568395348000,0.329347900390625,0.026336219161748886,-0.08140286058187485,-0.12928688526153564
1790031568415306500,0.349306396484375,0.2082955539226532,-0.12689268589019775,0.009576806798577309
1790031568425316000,0.359316162109375,0.1604115068912506,-0.12689268589019775,0.15801730751991272
1790031568445366300,0.3793662109375,-0.016759412363171577,-0.10055647045373917,-0.0071826050989329815
1790031568455376100,0.389376220703125,0.090979665517807,-0.009576806798577309,0.06703764945268631
1790031568465324800,0.39932470703125,0.2082955539226532,0.08140286058187485,0.12689268589019775
1790031568475334700,0.409334716796875,0.09816227108240128,0.14604631066322327,-0.05985504388809204
1790031568485374700,0.419374755859375,0.038307227194309235,-0.08619125932455063,-0.014365210197865963
1790031568495323600,0.42932373046875,0.06703764945268631,-0.06224924325942993,0.1149216815829277
1790031568505333200,0.439333251953125,0.13168109953403473,0.011971008032560349,0.05027823522686958
1790031568515312600,0.449312744140625,0.1604115068912506,0.019153613597154617,0.021547814831137657
1790031568525291800,0.459291748046875,0.11971008777618408,0.05027823522686958,0.031124621629714966
1790031568535301600,0.469301513671875,0.17717093229293823,-0.033518824726343155,0.14844051003456116
1790031568545311200,0.479311279296875,-0.05027823522686958,-0.05027823522686958,0.0454898327589035
1790031568555290600,0.48929052734375,0.0071826050989329815,0.009576806798577309,0.10295066982507706
1790031568565331000,0.4993310546875,0.13168109953403473,-0.07422025501728058,0.0933738648891449
1790031568575310000,0.50931005859375,0.16759411990642548,-0.10773907601833344,-0.0454898327589035
1790031568585320000,0.51931982421875,0.033518824726343155,-0.05267243832349777,-0.05027823522686958
1790031568595268600,0.5292685546875,0.009576806798577309,-0.15083470940589905,-0.12689268589019775
1790031568605278500,0.539278564453125,0.09816227108240128,-0.15562310814857483,-0.043095629662275314
1790031568625267500,0.559267333984375,0.08379705995321274,-0.047884032130241394,0.023942016065120697
1790031568635277000,0.569277099609375,0.033518824726343155,-0.021547814831137657,0.043095629662275314
1790031568645317400,0.5793173828125,0.10773907601833344,0.06224924325942993,-0.05746084079146385
1790031568655327200,0.5893271484375,0.05506663769483566,0.014365210197865963,-0.0454898327589035
1790031568665337000,0.599337158203125,-0.0454898327589035,-0.06703764945268631,-0.10055647045373917
1790031568675346700,0.6093466796875,0.038307227194309235,-0.021547814831137657,-0.06224924325942993
1790031568685356500,0.6193564453125,-0.014365210197865963,0.043095629662275314,-0.09576806426048279
1790031568695335700,0.629335693359375,-0.0071826050989329815,-0.004788403399288654,-0.023942016065120697
1790031568705315000,0.639315185546875,0.011971008032560349,-0.038307227194309235,0.004788403399288654
1790031568715294200,0.649294189453125,-0.035913024097681046,-0.009576806798577309,-0.08140286058187485
1790031568735313700,0.669313720703125,-0.019153613597154617,0.026336219161748886,-0.11252748221158981
1790031568755333400,0.68933349609375,0.05506663769483566,-0.14365209639072418,-0.05506663769483566
1790031568765343000,0.699343017578125,0.06464344263076782,-0.12928688526153564,-0.07900865375995636
1790031568775322400,0.709322265625,0.05506663769483566,-0.1388636976480484,-0.033518824726343155
1790031568785301500,0.719301513671875,0.11971008777618408,-0.1412578970193863,0.0071826050989329815
1790031568795341800,0.729341796875,0.21787235140800476,-0.07182604819536209,0.06224924325942993
1790031568805351700,0.7393515625,0.18914192914962769,-0.021547814831137657,0.023942016065120697
1790031568815330800,0.749330810546875,0.06464344263076782,-0.08858546614646912,-0.05506663769483566
1790031568825371100,0.75937109375,0.1149216815829277,-0.1173158809542656,-0.07661445438861847
1790031568835381000,0.769381103515625,0.12210428714752197,-0.043095629662275314,-0.0933738648891449
1790031568855400400,0.789400390625,0.09576806426048279,-0.06464344263076782,-0.0454898327589035
1790031568865410300,0.799410400390625,0.11013327538967133,-0.0071826050989329815,-0.10534487664699554
1790031568875389400,0.809389404296875,0.10055647045373917,0.033518824726343155,-0.14365209639072418
1790031568885429800,0.8194296875,0.07661445438861847,0.004788403399288654,-0.08140286058187485
1790031568895409000,0.829408935546875,0.17238251864910126,-0.004788403399288654,-0.08619125932455063
1790031568905418800,0.839418701171875,0.09816227108240128,0.047884032130241394,-0.15801730751991272
1790031568915428600,0.8494287109375,0.17717093229293823,0.011971008032560349,-0.1604115068912506
1790031568935417600,0.86941748046875,0.05985504388809204,0.023942016065120697,-0.07422025501728058
1790031568955376000,0.889376220703125,0.023942016065120697,-0.043095629662275314,0.019153613597154617
1790031568965447000,0.899447021484375,0.10534487664699554,0.004788403399288654,0.004788403399288654
1790031568975456500,0.90945654296875,0.023942016065120697,0.07422025501728058,0.011971008032560349
1790031568985466400,0.91946630859375,0.031124621629714966,0.09576806426048279,0.19153612852096558
1790031568995476200,0.929476318359375,0.1843535304069519,0.0454898327589035,0.040701430290937424
1790031569005485800,0.93948583984375,0.08379705995321274,0.10773907601833344,0.10773907601833344
1790031569015495700,0.94949560546875,0.033518824726343155,-0.07182604819536209,0.014365210197865963
1790031569025505500,0.959505615234375,0.07661445438861847,-0.05985504388809204,0.05267243832349777
1790031569045525000,0.97952490234375,-0.038307227194309235,-0.1388636976480484,-0.0071826050989329815
1790031569055534800,0.989534912109375,-0.014365210197865963,-0.16759411990642548,0.07900865375995636
1790031569065514000,0.999513916015625,-0.031124621629714966,-0.10534487664699554,0.05027823522686958
1790031569085533400,1.019533447265625,0.12449848651885986,-0.07661445438861847,0.06224924325942993
1790031569105553200,1.03955322265625,0.2322375625371933,-0.011971008032560349,0.019153613597154617
1790031569115562800,1.049562744140625,0.17956513166427612,-0.06703764945268631,0.05506663769483566
1790031569125542100,1.059542236328125,0.08619125932455063,-0.08379705995321274,0.014365210197865963
1790031569155510300,1.08951025390625,0.035913024097681046,-0.09576806426048279,0.011971008032560349
1790031569165520100,1.09952001953125,-0.002394201699644327,-0.12210428714752197,0.023942016065120697
1790031569175560400,1.109560546875,-0.014365210197865963,-0.12928688526153564,0.038307227194309235
1790031569185539600,1.11953955078125,0.0071826050989329815,-0.035913024097681046,0.06703764945268631
1790031569195549400,1.129549560546875,0.05027823522686958,-0.07182604819536209,0.12449848651885986
1790031569205559000,1.13955908203125,-0.014365210197865963,-0.07182604819536209,0.033518824726343155
1790031569215569000,1.14956884765625,0.023942016065120697,-0.11252748221158981,0.035913024097681046
1790031569225578800,1.159578857421875,0.11971008777618408,-0.11971008777618408,0.0071826050989329815
1790031569235558000,1.169557861328125,-0.028730420395731926,-0.07182604819536209,-0.05506663769483566
1790031569245567700,1.179567626953125,-0.026336219161748886,-0.05985504388809204,-0.05506663769483566
1790031569315605500,1.24960546875,0.031124621629714966,0.028730420395731926,0.06703764945268631
1790031569385612800,1.31961279296875,0.028730420395731926,0.11971008777618408,0.08619125932455063
1790031569395622700,1.32962255859375,0.047884032130241394,-0.026336219161748886,-0.023942016065120697
1790031569405571300,1.3395712890625,0.033518824726343155,-0.026336219161748886,-0.17717093229293823
1790031569415581200,1.349581298828125,0.016759412363171577,-0.1388636976480484,-0.08140286058187485
1790031569425590800,1.3595908203125,0.10534487664699554,-0.10534487664699554,-0.05506663769483566
1790031569435570200,1.369570068359375,0.1173158809542656,-0.10773907601833344,0.1628057211637497
1790031569505638400,1.439638427734375,0.16998831927776337,-0.09816227108240128,-0.009576806798577309
1790031569515648300,1.449648193359375,0.1628057211637497,-0.1149216815829277,0.043095629662275314
1790031569525658000,1.459658203125,0.07661445438861847,-0.20111294090747833,0.07422025501728058
1790031569535667700,1.469667724609375,0.10773907601833344,-0.033518824726343155,-0.019153613597154617
1790031569555656700,1.48965673828125,0.004788403399288654,-0.13407529890537262,0
1790031569605675000,1.539675048828125,0.040701430290937424,0.014365210197865963,0.08140286058187485
1790031569615684900,1.549684814453125,-0.023942016065120697,-0.05267243832349777,-0.014365210197865963
1790031569635673900,1.569673828125,0.028730420395731926,-0.031124621629714966,-0.002394201699644327
1790031569645683700,1.57968359375,0.10773907601833344,-0.05985504388809204,-0.043095629662275314
1790031569655693300,1.589693359375,0.0933738648891449,-0.016759412363171577,-0.038307227194309235
1790031569665703200,1.599703125,0.1149216815829277,-0.033518824726343155,0.031124621629714966
1790031569675682600,1.6096826171875,0.1149216815829277,-0.07182604819536209,0.05027823522686958
1790031569685722600,1.61972265625,0.12210428714752197,-0.06224924325942993,0.026336219161748886
1790031569695732500,1.629732421875,0.05267243832349777,-0.08619125932455063,0.023942016065120697
1790031569705742300,1.639742431640625,0.09576806426048279,-0.11013327538967133,-0.016759412363171577
1790031569735741000,1.669740966796875,0.07900865375995636,-0.040701430290937424,-0.011971008032560349
1790031569805779000,1.739779052734375,0.17238251864910126,-0.12928688526153564,0
1790031569865806800,1.799806884765625,-0.05985504388809204,-0.031124621629714966,-0.023942016065120697
1790031569885826600,1.81982666015625,0.19153612852096558,0.011971008032560349,-0.19393034279346466
1790031569895836200,1.829836181640625,0.15562310814857483,0.05506663769483566,-0.033518824726343155
1790031569905815600,1.839815673828125,-0.004788403399288654,0.031124621629714966,-0.019153613597154617
1790031569915825200,1.8498251953125,0.023942016065120697,-0.11971008777618408,0.004788403399288654
1790031569925865500,1.859865478515625,0.002394201699644327,-0.09576806426048279,-0.11252748221158981
1790031569935844900,1.869844970703125,0.10055647045373917,-0.002394201699644327,-0.1604115068912506
1790031569945885200,1.87988525390625,0.14365209639072418,0.019153613597154617,-0.023942016065120697
1790031569965904600,1.899904541015625,0.08619125932455063,0,0.07422025501728058
1790031570015923000,1.9499228515625,0.08858546614646912,-0.21547815203666687,0.05506663769483566
1790031570025932800,1.959932861328125,0.13168109953403473,-0.004788403399288654,0.1364694982767105
1790031570045921800,1.979921875,0.11013327538967133,0.07422025501728058,-0.014365210197865963
1790031570065971700,1.9999716796875,0.1173158809542656,0.06224924325942993,0.033518824726343155
1790031570085960700,2.019960693359375,-0.026336219161748886,-0.0694318488240242,-0.08858546614646912
1790031570095970600,2.029970458984375,0.004788403399288654,-0.07661445438861847,-0.07661445438861847
1790031570115990000,2.049989990234375,0.05267243832349777,-0.21787235140800476,0.028730420395731926
1790031570125999900,2.059999755859375,0.16998831927776337,0.009576806798577309,0.11252748221158981
1790031570146019300,2.080019287109375,0.014365210197865963,-0.002394201699644327,0.11252748221158981
1790031570166038800,2.100038818359375,0.040701430290937424,-0.2106897532939911,-0.08619125932455063
1790031570176018200,2.11001806640625,0.033518824726343155,-0.21547815203666687,-0.090979665517807
1790031570186027800,2.12002783203125,0.023942016065120697,-0.20350714027881622,-0.0454898327589035
1790031570196037600,2.13003759765625,0.1412578970193863,-0.19632454216480255,0.06464344263076782
1790031570206017000,2.14001708984375,0.19871874153614044,-0.13407529890537262,0.090979665517807
1790031570216057000,2.15005712890625,-0.021547814831137657,0.035913024097681046,0.1628057211637497
1790031570226036500,2.160036376953125,0.038307227194309235,0.11971008777618408,0.06224924325942993
1790031570246117000,2.1801171875,0.040701430290937424,-0.014365210197865963,0.021547814831137657
1790031570256126700,2.190126708984375,0.014365210197865963,-0.1364694982767105,-0.002394201699644327
1790031570276146200,2.210146240234375,-0.028730420395731926,0,-0.06224924325942993
1790031570296166000,2.230165771484375,0.011971008032560349,-0.1388636976480484,0.0454898327589035
1790031570316185300,2.250185302734375,0.10295066982507706,0.014365210197865963,0.05506663769483566
1790031570326225700,2.2602255859375,0.09576806426048279,-0.035913024097681046,-0.035913024097681046
1790031570336235500,2.270235595703125,0.05027823522686958,-0.043095629662275314,0.06703764945268631
1790031570346214700,2.280214599609375,0.1388636976480484,-0.08140286058187485,0.05985504388809204
1790031570356224500,2.290224609375,0.047884032130241394,-0.12449848651885986,0.08619125932455063
1790031570366173200,2.300173095703125,0.002394201699644327,-0.1412578970193863,-0.028730420395731926
1790031570376152300,2.31015234375,-0.002394201699644327,-0.1412578970193863,-0.004788403399288654
1790031570406212000,2.340212158203125,0.004788403399288654,-0.15083470940589905,-0.038307227194309235
1790031570416191500,2.35019140625,0,-0.040701430290937424,-0.033518824726343155
1790031570436241400,2.370241455078125,0.009576806798577309,-0.10055647045373917,0.09816227108240128
1790031570446251300,2.380251220703125,0,-0.08858546614646912,0.026336219161748886
1790031570456230400,2.39023046875,0.07661445438861847,-0.035913024097681046,-0.05506663769483566
1790031570466240300,2.400240234375,0.004788403399288654,-0.08619125932455063,-0.021547814831137657
1790031570476280600,2.410280517578125,0.035913024097681046,-0.026336219161748886,0.05267243832349777
1790031570486259700,2.420259765625,-0.026336219161748886,-0.16519992053508759,-0.009576806798577309
1790031570496300000,2.430300048828125,-0.028730420395731926,-0.1867477297782898,0.023942016065120697
1790031570506310000,2.440309814453125,0.0454898327589035,-0.12928688526153564,0.10055647045373917
1790031570536308700,2.470308837890625,0.1388636976480484,-0.10055647045373917,0.06464344263076782
1790031570546318300,2.480318359375,0.019153613597154617,0.014365210197865963,-0.009576806798577309
1790031570556358700,2.490358642578125,0.19153612852096558,0.035913024097681046,0.028730420395731926
1790031570576378000,2.510378173828125,-0.05027823522686958,0.05746084079146385,-0.023942016065120697
1790031570586388000,2.520387939453125,0.035913024097681046,0.016759412363171577,-0.026336219161748886
1790031570596397800,2.530397705078125,0.13407529890537262,-0.047884032130241394,-0.047884032130241394
1790031570616386800,2.55038671875,0,-0.07182604819536209,-0.1604115068912506
1790031570626396700,2.560396728515625,0.033518824726343155,-0.043095629662275314,-0.09576806426048279
1790031570636406300,2.57040625,0.002394201699644327,-0.12210428714752197,-0.031124621629714966
1790031570646416100,2.580416015625,0.05506663769483566,0.002394201699644327,-0.031124621629714966
1790031570666435600,2.600435546875,0.002394201699644327,-0.026336219161748886,-0.07661445438861847
1790031570696434400,2.630434326171875,0.05985504388809204,-0.11013327538967133,0.05506663769483566
1790031570746483200,2.680483154296875,-0.31603461503982544,-0.5410895943641663,-0.6057330369949341
1790031570806572300,2.740572265625,0.21308395266532898,0.28730419278144836,0.524330198764801
1790031570846581000,2.7805810546875,0.45010992884635925,0.33518823981285095,0.5841852426528931
1790031570856560000,2.79056005859375,0.4644751250743866,-0.27054479718208313,1.1276689767837524
1790031570866570000,2.800570068359375,0.3902548849582672,-0.3758896589279175,1.194706678390503
1790031570876579600,2.81057958984375,0.19393034279346466,-1.2737152576446533,1.0031704902648926
1790031570886589400,2.82058935546875,0.11252748221158981,-1.723825216293335,0.4908113479614258
1790031570896568600,2.830568603515625,-0.15322890877723694,-1.721431016921997,0.2106897532939911
1790031570906609000,2.84060888671875,-0.4884171485900879,-1.9033904075622559,-0.023942016065120697
1790031570916618800,2.85061865234375,-0.47644615173339844,-1.968033790588379,-0.5003881454467773
1790031570926659000,2.8606591796875,-0.3663128614425659,-0.4429273009300232,-0.7134721279144287
1790031570946678500,2.880678466796875,-0.31364041566848755,3.9887399673461914,0.8068459630012512
1790031570956688400,2.8906884765625,-0.5315127968788147,5.758055210113525,1.5705963373184204
1790031570996727300,2.930727294921875,-0.8571242094039917,5.566518783569336,-0.2513911724090576
1790031571006706700,2.940706787109375,-1.0031704902648926,5.2911858558654785,0.2346317619085312
1790031571026726100,2.96072607421875,-1.1324573755264282,5.070919036865234,1.6208745241165161
1790031571036736000,2.970736083984375,-1.2545616626739502,5.2049946784973145,1.522712230682373
1790031571096794400,3.03079443359375,-2.276885747909546,6.234501361846924,-0.871489405632019
1790031571106804200,3.04080419921875,-2.557007312774658,6.102819919586182,-1.094150185585022
1790031571116844500,3.050844482421875,-2.6384103298187256,5.564124584197998,-0.17956513166427612
1790031571126823700,3.06082373046875,-2.782062292098999,5.092466831207275,0.22266076505184174
1790031571136833500,3.07083349609375,-2.806004285812378,5.135562419891357,0.790086567401886
1790031571156822500,3.090822509765625,-2.695871114730835,5.173870086669922,0.2298433631658554
1790031571186882300,3.12088232421875,-2.978386878967285,5.6910176277160645,-0.5554547905921936
1790031571196892200,3.13089208984375,-2.96162748336792,4.525041103363037,-0.45489832758903503
1790031571257011700,3.19101171875,-3.995922565460205,1.9800047874450684,-1.338358759880066
1790031571267021600,3.201021484375,-4.273650169372559,1.5825673341751099,-1.5538369417190552
1790031571277000700,3.211000732421875,-3.9456443786621094,1.1324573755264282,-1.5610195398330688
1790031571306999600,3.24099951171875,-4.072536945343018,0.26336219906806946,-1.8626888990402222
1790031571337028900,3.27102880859375,-3.950432777404785,-0.22266076505184174,-1.3982137441635132
1790031571417137400,3.351137451171875,-3.4572272300720215,-3.1938650608062744,-1.2737152576446533
1790031571467217000,3.401216796875,-2.456450939178467,-4.127603530883789,-1.1516109704971313
1790031571547264500,3.481264404296875,-0.7876923680305481,-4.194641590118408,-0.9097966551780701
1790031571587334100,3.521334228515625,-0.9050082564353943,-4.817133903503418,0.26336219906806946
1790031571597374200,3.531374267578125,-0.9864110946655273,-4.745307922363281,-0.14365209639072418
1790031571637383000,3.5713828125,-0.7398083209991455,-4.37420654296875,-0.002394201699644327
1790031571647331600,3.58133154296875,-0.6727706789970398,-4.55616569519043,-0.05985504388809204
1790031571657341400,3.591341552734375,-0.6751648783683777,-4.537012100219727,-0.33039984107017517
1790031571697380400,3.63138037109375,-0.7541735172271729,-5.049371242523193,-0.44532153010368347
1790031571707359700,3.64135986328125,-0.6536170840263367,-4.999093055725098,-0.2944868206977844
1790031571777397500,3.7113974609375,-0.3734954595565796,-5.178658485412598,0.23702596127986908
1790031571787377000,3.721376953125,-0.28730419278144836,-5.114014625549316,0.08379705995321274
1790031571797447700,3.73144775390625,-0.38307225704193115,-4.970362663269043,0
1790031571817436700,3.751436767578125,-0.545877993106842,-4.326322555541992,-0.019153613597154617
1790031571827446300,3.7614462890625,-0.4692635238170624,-4.223371982574463,0.1604115068912506
1790031571837456100,3.7714560546875,-0.5506663918495178,-3.9264907836914062,-0.10534487664699554
1790031571847466000,3.781466064453125,-0.49799394607543945,-3.993528366088867,-0.2992752194404602
1790031571857475600,3.7914755859375,-0.7469909191131592,-3.7445313930511475,-0.40940847992897034
1790031571867485400,3.8014853515625,-0.6248866319656372,-3.6607344150543213,-0.004788403399288654
1790031571887505000,3.8215048828125,-1.137245774269104,-3.138798475265503,-0.05746084079146385
1790031571897484300,3.831484375,-0.8355764150619507,-3.248931646347046,-0.13168109953403473
1790031571907463400,3.84146337890625,-0.9385270476341248,-3.0789434909820557,-0.31364041566848755
1790031571927513600,3.861513671875,-1.5729905366897583,-2.188300371170044,-0.7038952708244324
1790031571937523200,3.871523193359375,-1.699883222579956,-1.5921441316604614,-0.42377370595932007
1790031571947533000,3.881532958984375,-1.7860745191574097,-1.4748282432556152,-0.5099649429321289
1790031571957543000,3.89154296875,-1.7956513166427612,-1.2832920551300049,-0.26575639843940735
1790031571967552500,3.901552490234375,-1.9488801956176758,-1.556231141090393,-0.3232172429561615
1790031571987572000,3.921572021484375,-1.8052281141281128,-1.400607943534851,-0.15322890877723694
1790031571997581800,3.931581787109375,-1.9488801956176758,-1.0654197931289673,-0.3663128614425659
1790031572007561200,3.941561279296875,-1.8148049116134644,-0.9744400978088379,-0.5027823448181152
1790031572017601300,3.951601318359375,-1.6639702320098877,-1.0079588890075684,-0.6248866319656372
1790031572037651500,3.9716513671875,-1.292868971824646,-0.3423708379268646,-0.7326257228851318
1790031572047661300,3.981661376953125,-1.05105459690094,0.0071826050989329815,-0.7374141216278076
1790031572127708700,4.061708740234375,-1.256955862045288,-0.014365210197865963,-0.6847416758537292
1790031572167747800,4.101747802734375,-1.2042834758758545,0.5051765441894531,-0.7781155705451965
1790031572187736800,4.12173681640625,-0.912190854549408,0.3256114423274994,-0.6775590777397156
1790031572207756300,4.14175634765625,-1.4053963422775269,-0.22505496442317963,-0.8619126081466675
1790031572217766100,4.15176611328125,-1.4508862495422363,0.23942017555236816,-0.790086567401886
1790031572227745500,4.16174560546875,-1.3096283674240112,0.4836287498474121,-0.43335050344467163
1790031572237785600,4.17178564453125,-0.7613561153411865,0.47884035110473633,-0.40222588181495667
1790031572247795500,4.18179541015625,-0.6775590777397156,0.8595184087753296,-0.7829039692878723
1790031572257805300,4.191805419921875,-0.8882488012313843,0.5410895943641663,-1.1324573755264282
1790031572267815000,4.20181494140625,-1.1228805780410767,0.2298433631658554,-1.0103530883789062
1790031572277794300,4.211794189453125,-1.4245500564575195,-0.3064578175544739,-0.7589619159698486
1790031572287834600,4.221834716796875,-1.3670891523361206,-0.3878606855869293,-0.3902548849582672
1790031572317833200,4.251833251953125,-0.4357447028160095,1.2042834758758545,-0.8547300100326538
1790031572327843000,4.261843017578125,-0.6224924325942993,0.7661445140838623,-1.1180921792984009
1790031572347862500,4.281862548828125,-0.7038952708244324,-1.534683346748352,-0.038307227194309235
1790031572357842000,4.291842041015625,-0.7876923680305481,-1.4437036514282227,0.011971008032560349
1790031572367882200,4.30188232421875,-1.4053963422775269,-0.5961562395095825,-0.38546648621559143
1790031572377861400,4.311861328125,-1.8626888990402222,-0.3711012601852417,-0.4357447028160095
1790031572387871200,4.321871337890625,-1.7381904125213623,-0.3974374830722809,-0.21308395266532898
1790031572397850400,4.331850341796875,-1.2665326595306396,1.091755986213684,-0.1867477297782898
1790031572407890700,4.341890625,-0.9840168952941895,1.5658079385757446,-0.4692635238170624
1790031572417900500,4.351900634765625,-0.8954314589500427,1.1851298809051514,-0.4692635238170624
1790031572437920000,4.371919921875,-1.2689268589019775,0.2346317619085312,-0.047884032130241394
1790031572497948200,4.4319482421875,-0.706289529800415,-0.37828385829925537,-0.20111294090747833
1790031572527946800,4.46194677734375,-0.768538773059845,0.17477671802043915,-0.0694318488240242
1790031572537956600,4.47195654296875,-0.5793967843055725,1.139639973640442,-0.507570743560791
1790031572547966500,4.481966552734375,-0.5841852426528931,1.194706678390503,-0.586579442024231
1790031572567955500,4.50195556640625,-0.8259995579719543,0.6224924325942993,-0.3064578175544739
1790031572577965000,4.511965087890625,-0.8020575642585754,-0.05746084079146385,-0.24899697303771973
1790031572597984800,4.53198486328125,-0.608127236366272,-0.24181437492370605,-0.45010992884635925
1790031572607964000,4.5419638671875,-0.5817909836769104,-0.2825157940387726,-0.7589619159698486
1790031572617973800,4.551973876953125,-0.6009446382522583,0.6033388376235962,-0.7422025203704834
1790031572627953000,4.561952880859375,-0.5291185975074768,0.7733271718025208,-0.38546648621559143
1790031572637993200,4.5719931640625,-0.5554547905921936,0.21787235140800476,-0.047884032130241394
1790031572648003000,4.582003173828125,-0.6512228846549988,-0.35673606395721436,-0.3280056416988373
1790031572657982200,4.591982177734375,-0.44771572947502136,-0.2801215946674347,-0.6177040338516235
1790031572668022500,4.6020224609375,-0.47405192255973816,0.15322890877723694,-0.6607996821403503
1790031572697990700,4.63199072265625,-0.8475474119186401,0.6248866319656372,-0.5722141861915588
1790031572728020000,4.66202001953125,-0.7948749661445618,0.2059013396501541,-0.38307225704193115
1790031572748009200,4.68200927734375,-0.6536170840263367,-0.047884032130241394,-0.26815059781074524
1790031572838066400,4.77206640625,-0.8667010068893433,0.1364694982767105,0.15322890877723694
1790031572878075100,4.8120751953125,-0.4908113479614258,0.5506663918495178,0.38307225704193115
1790031572918144500,4.85214453125,-0.3256114423274994,0.7565677165985107,0.304063618183136
1790031572928154400,4.862154296875,-0.43095630407333374,0.608127236366272,0.7182605266571045
1790031572938164200,4.872164306640625,-0.5291185975074768,0.6727706789970398,0.7852981686592102
1790031572948143400,4.882143310546875,-0.507570743560791,0.730231523513794,0.5363011956214905
1790031572958183700,4.89218359375,-0.48602294921875,0.6560112833976746,0.44771572947502136
1790031572968224000,4.90222412109375,-0.5123591423034668,0.7350199222564697,0.5746083855628967
1790031572978233600,4.912233642578125,-0.4357447028160095,0.7757213711738586,0.5530605912208557
1790031573028282600,4.96228271484375,-0.545877993106842,0.8595184087753296,0.629675030708313
1790031573038292200,4.972292236328125,-0.3256114423274994,1.1252747774124146,0.33997663855552673
1790031573078331400,5.012331298828125,-0.5434837937355042,2.209848165512085,1.3000515699386597
1790031573168419300,5.10241943359375,-0.19153612852096558,1.9177556037902832,0.524330198764801
1790031573218407200,5.1524072265625,-0.9289502501487732,2.4157495498657227,1.3239935636520386
1790031573228416800,5.162416748046875,-1.070208191871643,2.363077163696289,1.2617442607879639
1790031573318535200,5.25253515625,-1.3646949529647827,3.002328872680664,0.026336219161748886
1790031573368584000,5.302583984375,-1.6184803247451782,2.5953147411346436,-0.6631938815116882
1790031573408623000,5.342623046875,-2.0183119773864746,2.070984363555908,-0.6248866319656372
1790031573428642600,5.362642578125,-2.296039342880249,2.0374655723571777,-0.8259995579719543
1790031573438622000,5.3726220703125,-2.360682964324951,1.8411411046981812,-0.8403648138046265
1790031573458641400,5.392641357421875,-2.8395233154296875,1.7597382068634033,-0.6057330369949341
1790031573508690200,5.442690185546875,-3.318363666534424,1.5945383310317993,0.12210428714752197
1790031573568779300,5.502779296875,-2.5091233253479004,1.0821791887283325,-1.5610195398330688
1790031573578789000,5.5127890625,-2.585737943649292,1.1204863786697388,-1.9033904075622559
1790031573588799000,5.522799072265625,-2.7437551021575928,0.8307880163192749,-1.8483237028121948
1790031573598808600,5.53280859375,-2.6408045291900635,0.9816226959228516,-1.5322890281677246
1790031573608818400,5.542818359375,-2.6862943172454834,0.6344634294509888,-1.3646949529647827
1790031573618828300,5.552828369140625,-2.669534921646118,-0.6224924325942993,-1.8195933103561401
1790031573628838000,5.562837890625,-2.8179752826690674,-0.4596867263317108,-1.9943699836730957
1790031573638847700,5.57284765625,-2.9448680877685547,-1.0869675874710083,-1.5921441316604614
1790031573658897700,5.592897705078125,-2.784456491470337,-1.6065093278884888,-1.2856862545013428
1790031573678886700,5.61288671875,-3.0406360626220703,-1.601720929145813,-2.3032219409942627
1790031573688896500,5.622896484375,-3.2082302570343018,-1.599326729774475,-2.4133553504943848
1790031573698906400,5.63290625,-3.3734302520751953,-1.98958158493042,-2.3319525718688965
1790031573708916000,5.642916015625,-3.1651346683502197,-2.3989901542663574,-1.889025092124939
1790031573718925800,5.65292578125,-2.9664158821105957,-2.3750481605529785,-1.7741034030914307
1790031573728935700,5.662935791015625,-2.5905263423919678,-2.3080103397369385,-2.2433669567108154
1790031573738945300,5.6729453125,-2.3774423599243164,-2.387019157409668,-2.341529369354248
1790031573748955100,5.682955078125,-2.126051187515259,-2.734178304672241,-2.0614075660705566
1790031573758934300,5.692934326171875,-1.8626888990402222,-2.7485435009002686,-1.7381904125213623
1790031573768944000,5.702944091796875,-2.0039467811584473,-2.4133553504943848,-1.6543933153152466
1790031573778954000,5.7129541015625,-1.6759412288665771,-3.3423056602478027,-1.5466543436050415
1790031573788963600,5.722963623046875,-1.37906014919281,-3.0885202884674072,-1.4915876388549805
1790031573829002800,5.763002685546875,-1.3934253454208374,-4.874594688415527,-0.9840168952941895
1790031573899040500,5.83304052734375,-1.0342950820922852,-4.946420669555664,-0.21547815203666687
1790031573909020000,5.84302001953125,-1.0079588890075684,-5.1595048904418945,-0.23702596127986908
1790031573919060200,5.853060302734375,-1.0462661981582642,-4.7189717292785645,-0.3734954595565796
1790031573929039400,5.863039306640625,-0.9241618514060974,-4.395754337310791,-0.5602431893348694
1790031573939018500,5.8730185546875,-1.0031704902648926,-4.252102375030518,-0.7254431247711182
1790031573949058800,5.883058837890625,-0.8164227604866028,-4.398148536682129,-0.5746083855628967
1790031573959038200,5.8930380859375,-0.6919242739677429,-4.4292731285095215,-0.40462008118629456
1790031573979057700,5.9130576171875,-1.0869675874710083,-4.623203277587891,-0.06703764945268631
1790031573989098000,5.923097900390625,-0.9361328482627869,-4.606443881988525,-0.002394201699644327
1790031574009087000,5.9430869140625,-0.9409212470054626,-4.307168960571289,0.24420857429504395
1790031574039146800,5.973146728515625,-0.7350199222564697,-4.165910720825195,0.05027823522686958
1790031574049156600,5.983156494140625,-0.6368576288223267,-3.670311212539673,-0.014365210197865963
1790031574059166200,5.993166259765625,-0.45489832758903503,-4.587290287017822,0.29209262132644653
1790031574129265200,6.06326513671875,-0.933738648891449,-3.4524388313293457,0.21308395266532898
1790031574149315300,6.0833154296875,-1.3000515699386597,-3.665522813796997,0.33997663855552673
1790031574159325000,6.093324951171875,-1.7046716213226318,-3.5913026332855225,0.031124621629714966
1790031574179344600,6.1133447265625,-2.121262788772583,-2.8179752826690674,-0.11252748221158981
1790031574189354200,6.123354248046875,-2.3511061668395996,-2.8802247047424316,-0.14844051003456116
1790031574199364000,6.133364013671875,-2.451662540435791,-2.2242133617401123,-0.1388636976480484
1790031574209374000,6.1433740234375,-2.3965959548950195,-2.075772762298584,-0.17477671802043915
1790031574219383600,6.153383544921875,-2.33913516998291,-2.0254945755004883,-0.05027823522686958
1790031574229393400,6.163393310546875,-2.4372973442077637,-1.9512743949890137,-0.181959331035614
1790031574239372500,6.17337255859375,-2.2194249629974365,-2.140416383743286,-0.2944868206977844
1790031574249382400,6.18338232421875,-2.43011474609375,-1.941697597503662,-0.2968810200691223
1790031574259392300,6.193392333984375,-2.492363929748535,-1.3646949529647827,-0.5027823448181152
1790031574269432300,6.203432373046875,-2.559401512145996,-0.9433154463768005,-0.8547300100326538
1790031574299370200,6.233370361328125,-1.9800047874450684,-1.3072341680526733,-1.1276689767837524
1790031574309410600,6.24341064453125,-2.4013843536376953,-1.4987702369689941,-1.2042834758758545
1790031574319420200,6.253420166015625,-2.715024709701538,-1.3910311460494995,-0.849941611289978
1790031574329399600,6.263399658203125,-2.7078421115875244,-0.871489405632019,-0.5051765441894531
1790031574339348200,6.27334814453125,-2.1787235736846924,0.06224924325942993,-0.6368576288223267
1790031574349419000,6.2834189453125,-1.9345149993896484,0.9696516990661621,-1.4413094520568848
1790031574359428900,6.293428955078125,-1.944091796875,0.7206547260284424,-1.7525556087493896
1790031574389488600,6.323488525390625,-1.6855180263519287,0.15083470940589905,-1.2425906658172607
1790031574399437300,6.333437255859375,-2.231395959854126,-0.1173158809542656,-1.194706678390503
1790031574469444600,6.403444580078125,-1.6663644313812256,0.42856210470199585,-1.5538369417190552
1790031574479454500,6.413454345703125,-2.0661959648132324,0.5985504388809204,-1.6160861253738403
1790031574489433600,6.42343359375,-2.03507137298584,2.049436569213867,-1.2856862545013428
1790031574499443500,6.433443359375,-1.8722656965255737,1.5394717454910278,-0.7182605266571045
1790031574509483800,6.44348388671875,-1.403002142906189,0.2298433631658554,-0.7110779285430908
1790031574519493400,6.453493408203125,-1.501164436340332,0.28730419278144836,-0.7637503147125244
1790031574529472800,6.46347265625,-1.8100165128707886,-0.811634361743927,-0.9145850539207458
1790031574559471600,6.4934716796875,-1.6663644313812256,1.7836803197860718,-0.23702596127986908
1790031574579521500,6.513521484375,-0.8547300100326538,0.9002198576927185,-0.5339069962501526
1790031574589500700,6.523500732421875,-1.2258312702178955,0.2849099934101105,-0.31364041566848755
1790031574599541000,6.533541015625,-1.4867992401123047,-0.2753331959247589,-0.3878606855869293
1790031574619530000,6.553530029296875,-1.3287819623947144,-0.3878606855869293,-0.5267243981361389
1790031574629600800,6.563600830078125,-1.1994950771331787,0.395043283700943,-0.6727706789970398
1790031574639580200,6.573580078125,-1.3287819623947144,1.45806884765625,-0.6584054827690125
1790031574649620500,6.583620361328125,-0.9433154463768005,1.1755530834197998,-0.6871358752250671
1790031574659599600,6.593599609375,-0.8810662031173706,0.5650315880775452,-0.5626373887062073
1790031574719688700,6.653688720703125,-0.6272808313369751,0.7852981686592102,-0.6248866319656372
1790031574729668000,6.663668212890625,-1.0031704902648926,0.9864110946655273,-0.849941611289978
1790031574739708400,6.67370849609375,-1.158793568611145,0.3447650372982025,-0.47884035110473633
1790031574759697400,6.693697509765625,-1.1252747774124146,0.1412578970193863,-0.019153613597154617
1790031574769737700,6.70373779296875,-1.0749965906143188,0.2944868206977844,-0.1364694982767105
1790031574789726700,6.723726806640625,-0.4836287498474121,0.6105214357376099,-0.5770025849342346
1790031574819756000,6.753756103515625,-0.9145850539207458,0.0454898327589035,-0.5339069962501526
1790031574829765600,6.763765625,-1.1683704853057861,-0.2059013396501541,-0.3064578175544739
1790031574859764500,6.793764404296875,-0.5530605912208557,0.6560112833976746,-0.3974374830722809
1790031574899803600,6.8338037109375,-0.8020575642585754,-0.304063618183136,-0.26336219906806946
1790031574909813200,6.843813232421875,-0.9720458984375,-0.5746083855628967,-0.40222588181495667
1790031574959831600,6.89383154296875,-0.751779317855835,-0.07900865375995636,-0.26575639843940735
1790031574969872000,6.903871826171875,-0.646434485912323,-0.2059013396501541,-0.1843535304069519
1790031574999901200,6.933901123046875,-0.5147533416748047,-0.4692635238170624,-0.12689268589019775
1790031575009880300,6.94388037109375,-0.090979665517807,-0.043095629662275314,-0.14604631066322327
1790031575019920600,6.953920654296875,-0.33279404044151306,0.2322375625371933,-0.3256114423274994
1790031575039940400,6.9739404296875,-0.5027823448181152,-0.33758243918418884,-0.12449848651885986
1790031575049950000,6.983949951171875,-0.4644751250743866,-0.40940847992897034,0.1388636976480484
1790031575079979300,7.013979248046875,-0.811634361743927,-0.5674257874488831,0.0694318488240242
1790031575089989000,7.023989013671875,-0.7781155705451965,-0.790086567401886,-0.05506663769483566
1790031575100029400,7.034029541015625,-0.6416460275650024,-0.524330198764801,0.033518824726343155
1790031575110069800,7.04406982421875,-0.5554547905921936,-0.27054479718208313,0.15801730751991272
1790031575130089200,7.064089111328125,-0.7254431247711182,-0.31124621629714966,0.22026655077934265
1790031575150108700,7.084108642578125,-0.4668693244457245,-0.19153612852096558,0.05746084079146385
1790031575160118500,7.094118408203125,-0.49559974670410156,-0.15083470940589905,-0.043095629662275314
1790031575170128100,7.104128173828125,-0.6871358752250671,-0.11013327538967133,0.10295066982507706
1790031575180107500,7.114107421875,-0.730231523513794,-0.10773907601833344,0.35434186458587646
1790031575190147800,7.12414794921875,-0.5793967843055725,-0.06703764945268631,0.35673606395721436
1790031575200157400,7.134157470703125,-0.3734954595565796,-0.15083470940589905,0.40462008118629456
1790031575230186800,7.164186767578125,-0.5817909836769104,0.05506663769483566,0.3998316824436188
1790031575240196600,7.174196533203125,-0.5051765441894531,0.42616790533065796,0.4692635238170624
1790031575250206500,7.18420654296875,-0.3495534360408783,0.15083470940589905,0.6416460275650024
1790031575260185600,7.194185546875,-0.4118026793003082,0.18914192914962769,0.6607996821403503
1790031575270226000,7.204225830078125,-0.45250412821769714,-0.033518824726343155,0.6560112833976746
1790031575280235800,7.21423583984375,-0.36152446269989014,0,0.7637503147125244
1790031575290245400,7.224245361328125,-0.3878606855869293,0.5339069962501526,0.751779317855835
1790031575300224800,7.234224853515625,-0.3519476354122162,0.8882488012313843,0.6751648783683777
1790031575320244200,7.254244140625,0.11013327538967133,0.9983820915222168,0.48602294921875
1790031575330223400,7.264223388671875,-0.038307227194309235,1.0247182846069336,0.5674257874488831
1790031575350273500,7.2842734375,-0.05027823522686958,0.8954314589500427,0.4620809257030487
1790031575370323500,7.304323486328125,-0.17717093229293823,0.9457096457481384,0.6751648783683777
1790031575380333300,7.314333251953125,-0.3758896589279175,0.9911994934082031,0.7924807667732239
1790031575390343200,7.32434326171875,-0.5339069962501526,1.0438719987869263,0.8259995579719543
1790031575400322300,7.334322265625,-0.5961562395095825,1.3335703611373901,0.7541735172271729
1790031575410362600,7.344362548828125,-0.4405331015586853,1.5873557329177856,0.5913678407669067
1790031575420372500,7.35437255859375,-0.4381389021873474,1.6687586307525635,0.28730419278144836
1790031575480461600,7.414461669921875,-0.5386953949928284,1.8339585065841675,0.11013327538967133
1790031575500450600,7.434450439453125,-0.6200982332229614,2.049436569213867,0.10295066982507706
1790031575520500500,7.45450048828125,-0.5722141861915588,2.3247697353363037,0
1790031575560539600,7.49453955078125,-0.8259995579719543,2.054224967956543,-0.1628057211637497
1790031575570549200,7.50454931640625,-0.8858546018600464,2.1284453868865967,-0.2801215946674347
1790031575590569000,7.52456884765625,-1.0462661981582642,2.6240451335906982,-0.5793967843055725
1790031575640617700,7.57461767578125,-1.4867992401123047,1.7836803197860718,-0.5889736413955688
1790031575660637200,7.59463720703125,-1.338358759880066,1.9776105880737305,-0.7757213711738586
1790031575670616600,7.604616455078125,-1.5179238319396973,2.1068975925445557,-1.091755986213684
1790031575680657000,7.614656982421875,-1.5825673341751099,2.2218191623687744,-1.1348515748977661
1790031575690666500,7.62466650390625,-1.7286136150360107,2.030282974243164,-0.9888052940368652
1790031575700646000,7.63464599609375,-1.6663644313812256,1.9273324012756348,-0.8667010068893433
1790031575710686200,7.644686279296875,-1.7334020137786865,1.3838485479354858,-0.8738836050033569
1790031575720695800,7.65469580078125,-1.7310078144073486,1.4197616577148438,-1.1683704853057861
1790031575730705700,7.66470556640625,-1.8770540952682495,1.3862427473068237,-1.2832920551300049
1790031575740684800,7.674684814453125,-1.699883222579956,1.3000515699386597,-1.2258312702178955
1790031575780724000,7.714723876953125,-2.185906171798706,1.1540051698684692,-1.434126853942871
1790031575840843500,7.774843505859375,-2.410961151123047,0.5961562395095825,-1.4413094520568848
1790031575850853400,7.784853271484375,-2.434903144836426,0.5363011956214905,-1.2545616626739502
1790031575950981600,7.884981689453125,-2.008735179901123,-0.4213795065879822,-2.0901381969451904
1790031575960991200,7.8949912109375,-1.8267759084701538,-0.22744916379451752,-2.118868589401245
1790031576001030400,7.935030517578125,-1.946485996246338,-1.900996208190918,-1.8195933103561401
1790031576021049900,7.9550498046875,-2.583343744277954,-1.7094600200653076,-1.723825216293335
1790031576031090200,7.965090087890625,-2.6168625354766846,-1.900996208190918,-2.094926595687866
1790031576041100000,7.97510009765625,-2.631227731704712,-2.212242364883423,-2.078166961669922
1790031576051109600,7.985109619140625,-2.827552318572998,-1.9608511924743652,-1.800439715385437
1790031576061150000,7.99514990234375,-2.7940332889556885,-1.9488801956176758,-1.5275006294250488
1790031576071159800,8.005159912109375,-2.8131868839263916,-2.2218191623687744,-1.3838485479354858
1790031576081200000,8.0152001953125,-2.631227731704712,-2.1595699787139893,-1.4053963422775269
1790031576101219600,8.035219482421875,-2.492363929748535,-2.4396915435791016,-1.3694833517074585
1790031576171287800,8.105287841796875,-1.6208745241165161,-3.641580820083618,-1.3431471586227417
1790031576191276800,8.12527685546875,-1.5945383310317993,-4.726154327392578,-0.35913026332855225
1790031576211327000,8.145326904296875,-1.721431016921997,-4.637568473815918,-0.011971008032560349
1790031576221336800,8.1553369140625,-1.7812861204147339,-4.774038314819336,-0.06224924325942993
1790031576281364700,8.21536474609375,-0.8355764150619507,-5.037400245666504,-0.05027823522686958
1790031576301384400,8.235384521484375,-1.1061211824417114,-4.922478675842285,-0.35434186458587646
1790031576361442800,8.29544287109375,-1.3718775510787964,-4.8051629066467285,0.002394201699644327
1790031576391441700,8.325441650390625,-1.53707754611969,-3.7852327823638916,-0.45010992884635925
1790031576431541800,8.365541748046875,-1.5682021379470825,-3.335123062133789,-0.5985504388809204
1790031576441521200,8.375521240234375,-1.501164436340332,-3.2345664501190186,-0.5219359993934631
1790031576451561200,8.385561279296875,-1.6687586307525635,-3.0573954582214355,-0.9720458984375
1790031576461571000,8.395571044921875,-1.7860745191574097,-2.873042106628418,-0.8403648138046265
1790031576471581000,8.405580810546875,-1.644816517829895,-2.851494312286377,-0.6536170840263367
1790031576481590500,8.415590576171875,-1.6352397203445435,-2.959233283996582,-0.5339069962501526
1790031576491600400,8.425600341796875,-1.556231141090393,-2.6623523235321045,-0.363918662071228
1790031576501610200,8.4356103515625,-1.5682021379470825,-2.1499931812286377,-0.5195417404174805
1790031576511619800,8.445619873046875,-1.5610195398330688,-1.8052281141281128,-0.7374141216278076
1790031576521629700,8.455629638671875,-1.644816517829895,-1.5658079385757446,-0.9409212470054626
1790031576551659000,8.485658935546875,-1.8938134908676147,-1.237802267074585,-0.9888052940368652
1790031576561668900,8.4956689453125,-1.6136919260025024,-1.278503656387329,-1.0342950820922852
1790031576571678500,8.505678466796875,-1.7525556087493896,-0.950498104095459,-1.0271124839782715
1790031576581688300,8.515688232421875,-1.9560627937316895,-0.8930372595787048,-1.015141487121582
1790031576591698200,8.5256982421875,-2.1571757793426514,-1.2114660739898682,-1.0031704902648926
1790031576601707800,8.535707763671875,-2.3511061668395996,-1.280897855758667,-1.0558429956436157
1790031576611687200,8.545687255859375,-2.3080103397369385,-1.381454348564148,-1.113303780555725
1790031576701866500,8.635866455078125,-2.1164743900299072,-0.028730420395731926,-1.479616641998291
1790031576711876400,8.64587646484375,-2.140416383743286,0.6847416758537292,-1.5466543436050415
1790031576721886000,8.655885986328125,-2.0015525817871094,0.8690952062606812,-1.41257905960083
1790031576781914000,8.7159140625,-1.5969325304031372,0.7038952708244324,-0.8906430602073669
1790031576822044700,8.756044677734375,-1.5418659448623657,0.44532153010368347,-0.8643068075180054
1790031576832024000,8.766024169921875,-1.50355863571167,0.5985504388809204,-0.8068459630012512
1790031576842064400,8.776064453125,-1.2641384601593018,1.0869675874710083,-0.9481038451194763
1790031576862083800,8.796083740234375,-1.1037269830703735,1.3862427473068237,-1.2234370708465576
1790031576872093400,8.806093505859375,-1.290474772453308,1.0534487962722778,-1.091755986213684
1790031576882133800,8.8161337890625,-1.3766659498214722,0.06464344263076782,-0.8164227604866028
1790031576892174000,8.826174072265625,-1.280897855758667,-0.18914192914962769,-0.7709329724311829
1790031576902214400,8.83621435546875,-1.3886369466781616,0.22026655077934265,-0.6967126727104187
1790031576912224300,8.846224365234375,-1.3287819623947144,0.7972691655158997,-0.7374141216278076
1790031576922203400,8.856203369140625,-0.9959878921508789,1.1540051698684692,-0.6847416758537292
1790031576932243700,8.86624365234375,-1.0247182846069336,1.3407529592514038,-0.6703764796257019
1790031576942253600,8.876253662109375,-0.7374141216278076,0.35913026332855225,-0.7110779285430908
1790031576962242600,8.89624267578125,-1.1755530834197998,-0.5339069962501526,-0.5315127968788147
1790031576982292500,8.91629248046875,-1.0031704902648926,0.8044517636299133,-0.608127236366272
1790031576992302300,8.92630224609375,-0.7422025203704834,0.8427590131759644,-0.8092401623725891
1790031577002312200,8.936312255859375,-0.5985504388809204,1.0462661981582642,-1.0414776802062988
1790031577012352300,8.946352294921875,-0.6272808313369751,1.2665326595306396,-1.0319008827209473
1790031577022392600,8.956392578125,-0.7038952708244324,0.5147533416748047,-0.7829039692878723
1790031577042412300,8.976412353515625,-1.0127472877502441,0.1412578970193863,-0.7086837291717529
1790031577062462200,8.996462158203125,-0.8858546018600464,0.8259995579719543,-0.667982280254364
1790031577072472000,9.00647216796875,-0.8547300100326538,0.3663128614425659,-0.524330198764801
1790031577082451200,9.016451171875,-1.1659762859344482,0.1628057211637497,-0.7134721279144287
1790031577092491500,9.026491455078125,-1.2042834758758545,-0.043095629662275314,-0.8044517636299133
1790031577102531800,9.03653173828125,-1.1899182796478271,-0.12689268589019775,-0.9744400978088379
1790031577122551300,9.05655126953125,-0.7637503147125244,0.22026655077934265,-0.629675030708313
1790031577152641500,9.0866416015625,-0.28969839215278625,-0.2298433631658554,-0.2585737705230713
1790031577212731000,9.14673095703125,-0.4118026793003082,-0.6177040338516235,-0.6655880808830261
1790031577222771000,9.15677099609375,-0.5482721924781799,-0.40701428055763245,-0.49799394607543945
1790031577242790700,9.176790771484375,-0.8858546018600464,-0.1364694982767105,-0.2561795711517334
1790031577252800300,9.18680029296875,-0.7661445140838623,-0.272938996553421,-0.4429273009300232
1790031577312920000,9.246920166015625,-0.608127236366272,-0.6847416758537292,-0.272938996553421
1790031577322929700,9.2569296875,-0.8236053586006165,-0.5147533416748047,-0.24899697303771973
1790031577332939500,9.266939453125,-0.7829039692878723,-0.629675030708313,-0.0454898327589035
1790031577342949400,9.276949462890625,-0.7398083209991455,-0.5817909836769104,0.14365209639072418
1790031577352959000,9.286958984375,-0.3758896589279175,-0.7661445140838623,-0.028730420395731926
1790031577362968800,9.29696875,-0.33039984107017517,-0.5027823448181152,-0.3280056416988373
1790031577372978700,9.306978759765625,-0.5003881454467773,-0.5363011956214905,-0.2849099934101105
1790031577382988300,9.31698828125,-0.646434485912323,-0.49559974670410156,-0.031124621629714966
1790031577392998100,9.326998046875,-0.48602294921875,-0.33758243918418884,-0.05746084079146385
1790031577403008000,9.337008056640625,-0.6560112833976746,-0.06224924325942993,-0.16519992053508759
1790031577413017600,9.347017578125,-0.5626373887062073,-0.6919242739677429,0.15083470940589905
1790031577422997000,9.3569970703125,-0.49559974670410156,-0.8523358106613159,0.2082955539226532
1790031577443077400,9.377077392578125,-0.6703764796257019,-0.9002198576927185,-0.2944868206977844
1790031577453056800,9.387056884765625,-0.6560112833976746,-0.33279404044151306,-0.1364694982767105
1790031577463097000,9.39709716796875,-0.5770025849342346,0.26575639843940735,-0.12689268589019775
1790031577473106700,9.407106689453125,-0.35673606395721436,0.26575639843940735,-0.040701430290937424
1790031577533165300,9.467165283203125,-0.5051765441894531,-0.011971008032560349,-0.181959331035614
1790031577613304600,9.5473046875,-0.4644751250743866,0.1173158809542656,-0.090979665517807
1790031577623314200,9.557314208984375,-0.47644615173339844,0.16998831927776337,-0.05746084079146385
1790031577633324000,9.567323974609375,-0.45010992884635925,0,0.031124621629714966
1790031577643334000,9.577333984375,-0.3663128614425659,-0.011971008032560349,0.08140286058187485
1790031577653343500,9.587343505859375,-0.31124621629714966,0.047884032130241394,0.011971008032560349
1790031577663353300,9.597353271484375,-0.24181437492370605,0.5386953949928284,0.0071826050989329815
1790031577673393700,9.6073935546875,-0.45250412821769714,0.8236053586006165,0.27054479718208313
1790031577713432600,9.6474326171875,0.0454898327589035,0.48602294921875,-0.23942017555236816
1790031577723473000,9.657472900390625,-0.031124621629714966,1.1037269830703735,-0.1173158809542656
1790031577733452300,9.667452392578125,0.1843535304069519,0.9002198576927185,0.4572925269603729
1790031577743492600,9.67749267578125,0.44532153010368347,0.5602431893348694,0.8092401623725891
1790031577753502200,9.687502197265625,0.011971008032560349,0.8619126081466675,0.871489405632019
1790031577763512000,9.697511962890625,0.08379705995321274,0.3902548849582672,0.9265560507774353
1790031577773521700,9.707521728515625,0.05985504388809204,0.22505496442317963,0.7254431247711182
1790031577783531500,9.717531494140625,-0.1412578970193863,0.6153098344802856,-0.011971008032560349
1790031577803551000,9.737551025390625,-0.569819986820221,1.1994950771331787,0.17238251864910126
1790031577813560800,9.747560791015625,-0.5889736413955688,1.4197616577148438,0.8978256583213806
1790031577823570700,9.75757080078125,-0.4908113479614258,1.5203180313110352,1.0534487962722778
1790031577843620600,9.77762060546875,-0.7565677165985107,2.456450939178467,0.16759411990642548
1790031577863609600,9.797609619140625,-0.5770025849342346,2.451662540435791,0.1173158809542656
1790031577873619500,9.807619384765625,-0.706289529800415,2.5043349266052246,0.22744916379451752
1790031577883629300,9.81762939453125,-0.7398083209991455,2.2361843585968018,0.47644615173339844
1790031577893669400,9.82766943359375,-0.6416460275650024,2.296039342880249,0.3734954595565796
1790031577903679200,9.83767919921875,-0.6871358752250671,2.607285737991333,0.19153612852096558
1790031577913689000,9.847689208984375,-0.5674257874488831,2.9065608978271484,-0.014365210197865963
1790031577923698700,9.85769873046875,-0.6751648783683777,2.6192567348480225,-0.019153613597154617
1790031577933708500,9.86770849609375,-0.8307880163192749,2.2625205516815186,-0.3256114423274994
1790031577943718400,9.877718505859375,-1.0821791887283325,2.4181437492370605,-0.7493851184844971
1790031577953758700,9.8877587890625,-1.1061211824417114,2.9017724990844727,-0.8307880163192749
1790031578043877000,9.977877197265625,-2.1140801906585693,2.4588451385498047,-0.6057330369949341
1790031578123955200,10.057955078125,-1.8195933103561401,1.843535304069519,-1.091755986213684
1790031578133964800,10.06796484375,-1.647210717201233,1.7836803197860718,-1.1563993692398071
1790031578143974700,10.077974609375,-1.5298948287963867,2.1930887699127197,-1.2617442607879639
1790031578173943000,10.107943115234375,-0.33279404044151306,2.494758129119873,0.7158663272857666
1790031578183952600,10.11795263671875,-0.31603461503982544,1.3024457693099976,-0.2992752194404602
1790031578193962500,10.12796240234375,-1.699883222579956,1.53707754611969,-3.397372245788574
1790031578244011300,10.17801123046875,-3.380612850189209,1.2042834758758545,-1.1204863786697388
1790031578254021000,10.188021240234375,-3.5218706130981445,1.5203180313110352,-1.1851298809051514
1790031578264030700,10.19803076171875,-3.509899616241455,0.9552865028381348,-1.436521053314209
1790031578274040600,10.20804052734375,-3.8546648025512695,1.1659762859344482,-2.205059766769409
1790031578284050400,10.218050537109375,-3.866635799407959,1.2952631711959839,-2.363077163696289
1790031578294029600,10.228029541015625,-3.5170822143554688,1.1228805780410767,-1.6735470294952393
1790031578304070000,10.23806982421875,-3.49314022064209,0.2825157940387726,-1.2449848651885986
1790031578314079700,10.248079833984375,-3.6846764087677,-0.49320554733276367,-1.3862427473068237
1790031578324089300,10.25808935546875,-3.756502389907837,-0.7422025203704834,-1.4628572463989258
1790031578334068700,10.26806884765625,-3.7469255924224854,-0.47405192255973816,-1.482010841369629
1790031578354118700,10.28811865234375,-3.488351821899414,-1.7597382068634033,-1.9967641830444336
1790031578364128500,10.29812841796875,-3.3063924312591553,-2.1068975925445557,-1.9919757843017578
1790031578404137000,10.338136962890625,-2.942473888397217,-0.849941611289978,-2.279279947280884
1790031578414177300,10.34817724609375,-3.1531636714935303,-1.599326729774475,-1.920149803161621
1790031578424217600,10.358217529296875,-2.978386878967285,-3.0550012588500977,-1.3215993642807007
1790031578434196700,10.36819677734375,-2.5306711196899414,-3.584120035171509,-0.8403648138046265
1790031578484245800,10.418245849609375,-2.8778305053710938,-3.464409828186035,-1.2737152576446533
1790031578504295700,10.438295654296875,-2.477998733520508,-4.338293552398682,-1.5658079385757446
1790031578534325000,10.468324951171875,-2.3367409706115723,-5.2049946784973145,-0.5099649429321289
1790031578544365300,10.478365234375,-2.3511061668395996,-5.212177276611328,-0.3447650372982025
1790031578554375200,10.488375244140625,-2.2242133617401123,-5.149928092956543,-0.4213795065879822
1790031578564384800,10.498384765625,-2.255337953567505,-5.30076265335083,-0.22026655077934265
1790031578574394600,10.50839453125,-2.0661959648132324,-5.882553577423096,-0.05506663769483566
1790031578584404500,10.518404541015625,-1.7357962131500244,-6.22731876373291,0.17717093229293823
1790031578604393500,10.5383935546875,-1.6903064250946045,-5.767632007598877,0.3256114423274994
1790031578614433500,10.54843359375,-1.3958195447921753,-5.449203014373779,0.7972691655158997
1790031578644462800,10.578462890625,-1.4437036514282227,-5.901707172393799,0.011971008032560349
1790031578674492200,10.6084921875,-1.4748282432556152,-5.082890033721924,-0.4381389021873474
1790031578684471600,10.618471435546875,-1.580173134803772,-4.683058738708496,-0.3663128614425659
1790031578714531300,10.64853125,-1.625662922859192,-4.5394062995910645,-0.44771572947502136
1790031578724541200,10.658541259765625,-1.6400281190872192,-5.066130638122559,-0.47165772318840027
1790031578734550800,10.66855078125,-1.5418659448623657,-4.975151062011719,-0.2992752194404602
1790031578744560600,10.678560546875,-1.6208745241165161,-4.797980308532715,-0.3016694188117981
1790031578764610600,10.698610595703125,-1.742978811264038,-4.400542736053467,-0.2968810200691223
1790031578774620400,10.708620361328125,-1.7310078144073486,-3.778050184249878,-0.5051765441894531
1790031578784630300,10.71863037109375,-1.9369091987609863,-3.2561142444610596,-0.7398083209991455
1790031578794640000,10.728639892578125,-1.843535304069519,-3.531447410583496,-0.3447650372982025
1790031578804619300,10.738619384765625,-1.5753847360610962,-3.5960910320281982,-0.11971008777618408
1790031578814659600,10.74865966796875,-1.623268723487854,-3.2417490482330322,-0.30885201692581177
1790031578824669200,10.758669189453125,-1.867477297782898,-2.7892448902130127,-0.6919242739677429
1790031578834679000,10.768678955078125,-2.013523578643799,-2.365471363067627,-1.1827356815338135
1790031578884697300,10.818697265625,-2.056619167327881,-1.3024457693099976,-0.9744400978088379
1790031578894707200,10.828707275390625,-2.212242364883423,-2.250549554824829,-1.1755530834197998
1790031578904716800,10.838716796875,-2.5713725090026855,-2.1380221843719482,-0.8667010068893433
1790031578914757000,10.848757080078125,-3.023876667022705,-1.0247182846069336,-0.8092401623725891
1790031578924767000,10.85876708984375,-2.765302896499634,-1.2425906658172607,-0.8236053586006165
1790031578934776600,10.868776611328125,-2.6575639247894287,-1.0558429956436157,-0.8355764150619507
1790031578964806000,10.898805908203125,-2.6815059185028076,-0.8236053586006165,-0.828393816947937
1790031578974815700,10.908815673828125,-2.3942017555236816,-0.7781155705451965,-0.42377370595932007
1790031579004845000,10.938844970703125,-2.5019407272338867,-0.06703764945268631,-1.3982137441635132
1790031579014855000,10.94885498046875,-2.580949544906616,-0.12689268589019775,-1.278503656387329
1790031579024864500,10.958864501953125,-2.2218191623687744,-0.8020575642585754,-0.8020575642585754
1790031579034844000,10.968843994140625,-2.1978771686553955,-0.17717093229293823,-0.8690952062606812
1790031579044884000,10.978884033203125,-2.4372973442077637,0.06464344263076782,-1.403002142906189
1790031579054893800,10.988893798828125,-2.3295583724975586,0.040701430290937424,-1.3215993642807007
1790031579064873200,10.998873291015625,-2.1284453868865967,-0.35673606395721436,-0.9528923034667969
1790031579094933000,11.02893310546875,-1.8770540952682495,0.8738836050033569,-1.5945383310317993
1790031579104942600,11.038942626953125,-1.3766659498214722,0.7206547260284424,-1.4987702369689941
1790031579114922000,11.048921875,-1.4101848602294922,0.16998831927776337,-1.3239935636520386
1790031579124962300,11.05896240234375,-1.7118542194366455,-0.23702596127986908,-1.139639973640442
1790031579134972000,11.068971923828125,-2.2194249629974365,-0.4189853072166443,-0.8020575642585754
1790031579144951300,11.078951416015625,-2.1045033931732178,-1.1444283723831177,-0.181959331035614
1790031579154991600,11.08899169921875,-2.0470423698425293,-0.31603461503982544,-0.002394201699644327
1790031579174980600,11.108980712890625,-0.9720458984375,1.6974890232086182,-1.680729627609253
1790031579185021000,11.11902099609375,-1.05105459690094,1.2737152576446533,-2.0614075660705566
1790031579195000000,11.129,-1.37906014919281,1.1228805780410767,-1.601720929145813
1790031579205040400,11.139040283203125,-1.7693150043487549,0.6751648783683777,-0.9552865028381348
1790031579215050000,11.149050048828125,-1.6065093278884888,0.5746083855628967,-0.33039984107017517
1790031579225059800,11.159059814453125,-1.2545616626739502,-0.07661445438861847,-0.4118026793003082
1790031579235069700,11.169069580078125,-1.4628572463989258,0.1412578970193863,-0.8451532125473022
1790031579245079300,11.179079345703125,-1.7046716213226318,0.8164227604866028,-1.3000515699386597
1790031579255089200,11.189089111328125,-1.4772224426269531,0.7565677165985107,-1.3096283674240112
1790031579265099000,11.19909912109375,-1.37906014919281,0.4141969084739685,-1.1444283723831177
1790031579335228400,11.269228515625,-1.3287819623947144,1.213860273361206,-1.1803414821624756
1790031579345238000,11.279238037109375,-1.3527239561080933,0.7326257228851318,-0.7613561153411865
1790031579365257700,11.2992578125,-0.7230489253997803,0.004788403399288654,-0.5267243981361389
1790031579415337000,11.3493369140625,-0.9409212470054626,0.2298433631658554,-0.47644615173339844
1790031579435387100,11.36938720703125,-0.33997663855552673,1.0199298858642578,-0.9911994934082031
1790031579445396700,11.379396728515625,-0.06703764945268631,0.9169792532920837,-0.8690952062606812
1790031579455437000,11.38943701171875,-0.20350714027881622,0.7374141216278076,-0.7613561153411865
1790031579465447000,11.399447021484375,-0.3232172429561615,0,-0.7015010714530945
1790031579475456500,11.40945654296875,-0.3711012601852417,-1.113303780555725,-0.42616790533065796
1790031579485466400,11.41946630859375,-0.706289529800415,-0.4572925269603729,-0.38307225704193115
1790031579495506700,11.429506591796875,-0.950498104095459,-0.11252748221158981,-0.5626373887062073
1790031579505516500,11.4395166015625,-0.6919242739677429,0.22026655077934265,-0.45250412821769714
1790031579515526100,11.449526123046875,-0.47405192255973816,0.727837324142456,-0.45489832758903503
1790031579525536000,11.459535888671875,-0.38067805767059326,0.2825157940387726,-0.569819986820221
1790031579535515100,11.46951513671875,-0.5722141861915588,0.4836287498474121,-0.7733271718025208
1790031579545555500,11.479555419921875,-0.727837324142456,-0.2992752194404602,-0.5434837937355042
1790031579555565300,11.4895654296875,-0.5817909836769104,-0.3064578175544739,-0.29209262132644653
1790031579575584800,11.509584716796875,-0.3926490843296051,-0.4644751250743866,-0.5339069962501526
1790031579585564000,11.51956396484375,-0.5722141861915588,-0.26096799969673157,-0.569819986820221
1790031579625664000,11.5596640625,-0.8307880163192749,-0.2082955539226532,-0.3687070608139038
1790031579685753300,11.61975341796875,-0.6584054827690125,-0.040701430290937424,-0.23702596127986908
1790031579705742300,11.639742431640625,-0.6344634294509888,-0.4118026793003082,0.14604631066322327
1790031579715782700,11.64978271484375,-0.5626373887062073,-0.4357447028160095,0.16759411990642548
1790031579725792300,11.659792236328125,-0.7038952708244324,-0.36152446269989014,-0.047884032130241394
1790031579735832600,11.66983251953125,-0.6607996821403503,-0.7230489253997803,-0.10534487664699554
1790031579745842400,11.679842529296875,-0.6344634294509888,-0.8882488012313843,-0.1867477297782898
1790031579775810600,11.709810546875,-1.039083480834961,-0.8643068075180054,0.08619125932455063
1790031579785851000,11.719850830078125,-0.7996633648872375,0.011971008032560349,0.023942016065120697
1790031579795860700,11.72986083984375,-0.629675030708313,0.6751648783683777,0.2106897532939911
1790031579825920500,11.75992041015625,-0.7972691655158997,0.49799394607543945,-0.12689268589019775
1790031579835930000,11.76993017578125,-0.8978256583213806,0.629675030708313,0.19153612852096558
1790031579855980300,11.789980224609375,-0.706289529800415,-0.06703764945268631,0.05027823522686958
1790031579886009600,11.820009521484375,-0.7158663272857666,-0.07422025501728058,0.2561795711517334
1790031579896050000,11.8300498046875,-0.7254431247711182,-0.2537853717803955,0.11971008777618408
1790031579906059500,11.8400595703125,-0.6248866319656372,-0.31842881441116333,0.16998831927776337
1790031579926079200,11.860079345703125,-0.5410895943641663,-0.37828385829925537,0.15083470940589905
1790031579936088800,11.8700888671875,-0.44771572947502136,-0.5410895943641663,0.16519992053508759
1790031579946098700,11.8800986328125,-0.33279404044151306,-0.40940847992897034,0.23942017555236816
1790031579956139000,11.890138916015625,-0.3734954595565796,-0.18914192914962769,0.043095629662275314
1790031579966148900,11.90014892578125,-0.30885201692581177,-0.2944868206977844,0.05027823522686958
1790031579986229200,11.920229248046875,-0.2753331959247589,-0.5027823448181152,0.45010992884635925
1790031580016258600,11.950258544921875,-0.035913024097681046,-1.0534487962722778,0.24660277366638184
1790031580026238000,11.960238037109375,-0.10295066982507706,-0.6512228846549988,0.2537853717803955
1790031580046288000,11.980287841796875,-0.28969839215278625,-0.6416460275650024,0.1364694982767105
1790031580066307300,12.000307373046875,-0.17238251864910126,-0.3208230137825012,0.4118026793003082
1790031580076286700,12.01028662109375,-0.019153613597154617,-0.08619125932455063,0.4644751250743866
1790031580086296300,12.02029638671875,0.10534487664699554,-0.05985504388809204,0.42616790533065796
1790031580096336600,12.030336669921875,0.19153612852096558,0.19632454216480255,0.33997663855552673
1790031580106346500,12.040346435546875,-0.09576806426048279,0.28969839215278625,0.5626373887062073
1790031580126366000,12.060365966796875,0.1388636976480484,-0.22026655077934265,0.47644615173339844
1790031580136345300,12.070345458984375,-0.1388636976480484,0.3447650372982025,0.12928688526153564
1790031580146355000,12.08035498046875,-0.08858546614646912,1.3120225667953491,-0.1388636976480484
1790031580156395300,12.090395263671875,-0.2968810200691223,2.0159177780151367,0.040701430290937424
1790031580226433300,12.160433349609375,-0.4165911078453064,2.631227731704712,0.5291185975074768
1790031580236443000,12.17044287109375,-0.2777273952960968,3.002328872680664,0.7733271718025208
1790031580246452700,12.18045263671875,-0.3208230137825012,3.181894063949585,0.5554547905921936
1790031580276482000,12.21048193359375,-0.09816227108240128,4.28322696685791,0.16519992053508759
1790031580306511400,12.240511474609375,-0.5099649429321289,3.6559460163116455,0.363918662071228
1790031580326530800,12.26053076171875,-0.6248866319656372,3.5170822143554688,0.2777273952960968
1790031580336540700,12.270540771484375,-0.8690952062606812,3.6774938106536865,-0.14365209639072418
1790031580356529700,12.29052978515625,-1.1827356815338135,3.469198226928711,-0.36152446269989014
1790031580366508800,12.3005087890625,-1.403002142906189,3.4572272300720215,-0.24181437492370605
1790031580376549000,12.310549072265625,-1.5179238319396973,3.35667085647583,-0.26096799969673157
1790031580386559000,12.32055908203125,-1.2737152576446533,3.428496837615967,-0.49799394607543945
1790031580396568600,12.330568603515625,-1.403002142906189,3.7924153804779053,-0.7182605266571045
1790031580406578400,12.340578369140625,-1.647210717201233,3.155557870864868,-0.8619126081466675
1790031580416588300,12.35058837890625,-2.140416383743286,2.8586769104003906,-0.7757213711738586
1790031580426598000,12.360597900390625,-2.2840683460235596,2.736572504043579,-0.7158663272857666
1790031580456596700,12.3905966796875,-2.4013843536376953,2.0422539710998535,-1.0055646896362305
1790031580466637000,12.400636962890625,-2.5522189140319824,1.8339585065841675,-1.0989385843276978
1790031580486656500,12.420656494140625,-2.3750481605529785,1.5658079385757446,-0.6751648783683777
1790031580496666400,12.430666259765625,-2.585737943649292,1.3455413579940796,-0.6775590777397156
1790031580506676000,12.440676025390625,-2.7246015071868896,0.950498104095459,-0.7852981686592102
1790031580516655400,12.4506552734375,-2.473210334777832,0.2059013396501541,-0.7134721279144287
1790031580536705300,12.470705322265625,-2.6575639247894287,1.778891921043396,-1.0749965906143188
1790031580556725000,12.49072509765625,-2.8107926845550537,1.5394717454910278,-2.4684219360351562
1790031580566734600,12.500734619140625,-2.7533318996429443,2.1475989818573,-2.1499931812286377
1790031580616783600,12.55078369140625,-2.7964274883270264,0.33758243918418884,-2.7461493015289307
1790031580626793200,12.560793212890625,-2.5546131134033203,0.08140286058187485,-2.255337953567505
1790031580656822500,12.590822509765625,-2.542642116546631,-0.5219359993934631,-2.4468741416931152
1790031580666832400,12.600832275390625,-2.6647465229034424,-0.8978256583213806,-2.3319525718688965
1790031580706871300,12.640871337890625,-2.434903144836426,-0.828393816947937,-2.2146365642547607
1790031580716881200,12.650881103515625,-2.454056739807129,-1.1492167711257935,-2.2864625453948975
1790031580726891000,12.66089111328125,-2.363077163696289,-1.6496049165725708,-2.2697031497955322
1790031580756981200,12.690981201171875,-2.3295583724975586,-2.248155355453491,-2.126051187515259
1790031580766991000,12.7009912109375,-2.1763293743133545,-2.3080103397369385,-2.1045033931732178
1790031580776970200,12.71097021484375,-2.2170307636260986,-2.4636335372924805,-2.1356279850006104
1790031580787010600,12.721010498046875,-2.229001760482788,-2.8179752826690674,-2.094926595687866
1790031580797020400,12.7310205078125,-2.229001760482788,-2.96162748336792,-1.900996208190918
1790031580806999600,12.74099951171875,-2.3032219409942627,-3.2106244564056396,-1.6687586307525635
1790031580817040000,12.751039794921875,-2.4444799423217773,-3.56017804145813,-1.558625340461731
1790031580847038700,12.781038818359375,-1.8722656965255737,-4.079719543457031,-1.1563993692398071
1790031580857079000,12.7910791015625,-1.721431016921997,-4.271255970001221,-1.259350061416626
1790031580927239000,12.861239013671875,-1.8555063009262085,-5.932831764221191,-0.4429273009300232
1790031581007317000,12.94131689453125,-1.1252747774124146,-5.585672378540039,-0.33039984107017517
1790031581057427000,12.991427001953125,-0.9457096457481384,-4.41969633102417,-0.44532153010368347
1790031581067436500,13.0014365234375,-0.7613561153411865,-3.9911341667175293,-0.16759411990642548
1790031581077446400,13.0114462890625,-0.5793967843055725,-4.228160381317139,-0.2561795711517334
1790031581097465900,13.0314658203125,-0.9911994934082031,-3.8331170082092285,-0.545877993106842
1790031581127495200,13.0614951171875,-0.6272808313369751,-2.7006595134735107,-0.8619126081466675
1790031581157524500,13.0915244140625,-1.161187767982483,-2.6216509342193604,-1.0271124839782715
1790031581167534300,13.101534423828125,-1.1037269830703735,-2.6575639247894287,-0.9840168952941895
1790031581177574400,13.111574462890625,-1.0630255937576294,-2.537853717803955,-0.7589619159698486
1790031581187614700,13.12161474609375,-0.9433154463768005,-1.9105730056762695,-0.8762778043746948
1790031581197624600,13.13162451171875,-0.7182605266571045,-1.9129672050476074,-0.950498104095459
1790031581207634400,13.141634521484375,-1.2306196689605713,-1.8962076902389526,-0.9864110946655273
1790031581217674500,13.151674560546875,-1.3718775510787964,-2.070984363555908,-1.0127472877502441
1790031581227684400,13.161684326171875,-1.556231141090393,-1.6543933153152466,-0.8834604024887085
1790031581237694200,13.171694091796875,-1.601720929145813,-1.2689268589019775,-0.8020575642585754
1790031581247734500,13.181734619140625,-1.4197616577148438,-0.31364041566848755,-1.0989385843276978
1790031581277733000,13.211733154296875,-1.867477297782898,-1.3024457693099976,-1.623268723487854
1790031581287773400,13.2217734375,-2.121262788772583,-1.7597382068634033,-1.2952631711959839
1790031581297752800,13.2317529296875,-2.2146365642547607,-1.501164436340332,-1.1061211824417114
1790031581307793200,13.241793212890625,-2.4851813316345215,-0.8092401623725891,-1.0079588890075684
1790031581317802800,13.251802734375,-2.497152328491211,-1.3766659498214722,-1.1563993692398071
1790031581327812600,13.2618125,-1.965639591217041,-1.7310078144073486,-1.3718775510787964
1790031581337822200,13.271822265625,-1.8195933103561401,-1.5418659448623657,-1.3838485479354858
1790031581367851500,13.3018515625,-2.293645143508911,-1.192312479019165,-1.3263877630233765
1790031581397911600,13.33191162109375,-2.255337953567505,0.7206547260284424,-1.4077905416488647
1790031581407951600,13.34195166015625,-1.7621324062347412,0.2801215946674347,-1.8698714971542358
1790031581417961500,13.35196142578125,-1.5825673341751099,-1.015141487121582,-1.845929503440857
1790031581427971300,13.361971435546875,-2.169146776199341,-0.9241618514060974,-1.7405846118927002
1790031581468010200,13.40201025390625,-2.054224967956543,1.522712230682373,-1.5897499322891235
1790031581498070000,13.432070068359375,-1.5969325304031372,-0.4812345504760742,-1.3503297567367554
1790031581508079900,13.442079833984375,-1.6280571222305298,-1.625662922859192,-1.256955862045288
1790031581518089700,13.45208984375,-1.5322890281677246,-0.24899697303771973,-1.2306196689605713
1790031581528099300,13.462099365234375,-1.9560627937316895,1.1228805780410767,-1.45806884765625
1790031581538109200,13.472109130859375,-1.1899182796478271,1.6160861253738403,-1.4915876388549805
1790031581558128600,13.492128662109375,-0.569819986820221,0.9624691009521484,-1.5203180313110352
1790031581568138500,13.502138427734375,-1.1013327836990356,0.35673606395721436,-1.4628572463989258
1790031581578148400,13.5121484375,-1.5059528350830078,-0.6775590777397156,-1.1492167711257935
1790031581588158000,13.522157958984375,-1.6208745241165161,-1.0223240852355957,-1.1109095811843872
1790031581628197000,13.562197021484375,-0.545877993106842,1.625662922859192,-1.3551181554794312
1790031581638206700,13.572206787109375,-1.015141487121582,0.8523358106613159,-1.601720929145813
1790031581648216600,13.582216552734375,-1.359906554222107,0.33758243918418884,-1.5059528350830078
1790031581658226400,13.592226318359375,-1.5682021379470825,0.21787235140800476,-1.113303780555725
1790031581668266800,13.602266845703125,-1.455674648284912,-0.08140286058187485,-0.507570743560791
1790031581678276400,13.6122763671875,-0.9552865028381348,-0.033518824726343155,-0.6177040338516235
1790031581728355800,13.66235595703125,-0.8643068075180054,0.545877993106842,-1.158793568611145
1790031581748405800,13.68240576171875,-1.2545616626739502,-0.40462008118629456,-0.9481038451194763
1790031581768425500,13.702425537109375,-1.0558429956436157,0.5339069962501526,-0.9648633003234863
1790031581778435000,13.71243505859375,-0.9193734526634216,0.9624691009521484,-1.0199298858642578
1790031581788445000,13.72244482421875,-0.9145850539207458,1.2186486721038818,-0.9528923034667969
1790031581798454500,13.73245458984375,-0.7805097699165344,0.5770025849342346,-0.9888052940368652
1790031581808464400,13.74246435546875,-0.730231523513794,-0.13168109953403473,-0.9433154463768005
1790031581818474200,13.75247412109375,-0.6584054827690125,0.06703764945268631,-0.6536170840263367
1790031581828483800,13.76248388671875,-0.5674257874488831,0.22026655077934265,-0.7637503147125244
1790031581838524200,13.772524169921875,-0.5363011956214905,0.14604631066322327,-0.9792284965515137
1790031581848534000,13.782533935546875,-0.5746083855628967,0.20111294090747833,-1.1348515748977661
1790031581858543900,13.7925439453125,-0.7038952708244324,0.6943184733390808,-1.094150185585022
1790031581868553500,13.802553466796875,-0.7781155705451965,0.3471592366695404,-0.7158663272857666
1790031581878563300,13.812563232421875,-0.33758243918418884,-0.08379705995321274,-0.5817909836769104
1790031581898582800,13.832582763671875,-0.545877993106842,0.31842881441116333,-0.9265560507774353
1790031581938622000,13.8726220703125,-0.6584054827690125,0.18914192914962769,-0.4165911078453064
1790031581948631600,13.882631591796875,-0.6272808313369751,-0.07422025501728058,-0.5793967843055725
1790031581958641400,13.892641357421875,-0.5003881454467773,-0.24181437492370605,-0.6919242739677429
1790031582028740400,13.962740234375,-0.2561795711517334,-0.31364041566848755,-0.37828385829925537
1790031582038719500,13.972719482421875,-0.20111294090747833,0.1173158809542656,-0.42856210470199585
1790031582048759800,13.982759765625,-0.4405331015586853,0.3016694188117981,-0.8020575642585754
1790031582058769700,13.992769775390625,-0.43335050344467163,0.1149216815829277,-1.0127472877502441
1790031582068748800,14.002748779296875,-0.4908113479614258,0.07422025501728058,-0.7206547260284424
1790031582078789000,14.0127890625,-0.31603461503982544,-0.040701430290937424,-0.3758896589279175
1790031582108849000,14.042848876953125,-0.3878606855869293,-0.3208230137825012,-0.5913678407669067
1790031582118858800,14.052858642578125,-0.3878606855869293,0.05985504388809204,-0.5315127968788147
1790031582128868400,14.062868408203125,-0.6631938815116882,0.1628057211637497,-0.2777273952960968
1790031582138878200,14.072878173828125,-0.3687070608139038,-0.35434186458587646,0.2322375625371933
1790031582148888000,14.08288818359375,-0.1867477297782898,-0.5722141861915588,0.2801215946674347
1790031582158897700,14.092897705078125,-0.33279404044151306,-0.42616790533065796,-0.2825157940387726
1790031582168877000,14.102876953125,-0.35913026332855225,-0.5339069962501526,-0.36152446269989014
1790031582178917400,14.11291748046875,-0.3423708379268646,-0.8307880163192749,-0.31124621629714966
1790031582188957700,14.122957763671875,-0.2082955539226532,-0.569819986820221,-0.14365209639072418
1790031582198967300,14.13296728515625,-0.15562310814857483,-0.395043283700943,0.033518824726343155
1790031582229027000,14.163027099609375,-0.21787235140800476,-0.5147533416748047,0.028730420395731926
1790031582239037000,14.173036865234375,-0.12928688526153564,-0.44771572947502136,-0.090979665517807
1790031582249016000,14.18301611328125,-0.26096799969673157,-0.8164227604866028,-0.22744916379451752
1790031582289085700,14.223085693359375,-0.31364041566848755,-0.3926490843296051,0.21547815203666687
1790031582299095600,14.233095458984375,-0.13407529890537262,-0.8571242094039917,0.950498104095459
1790031582319084500,14.25308447265625,-0.0454898327589035,-0.8978256583213806,0.3519476354122162
1790031582329124900,14.263124755859375,-0.12449848651885986,-0.7996633648872375,-0.09576806426048279
1790031582339104000,14.27310400390625,-0.22744916379451752,-0.5434837937355042,-0.002394201699644327
1790031582379082000,14.31308203125,-0.24420857429504395,-0.019153613597154617,0.35673606395721436
1790031582439171300,14.37317138671875,-0.272938996553421,0.13168109953403473,-0.031124621629714966
1790031582509270000,14.44327001953125,0.05267243832349777,0.6775590777397156,-0.05746084079146385
1790031582519279900,14.45327978515625,0.1149216815829277,0.7924807667732239,-0.016759412363171577
1790031582529320200,14.4633203125,-0.21787235140800476,1.1755530834197998,0.14365209639072418
1790031582539329800,14.473329833984375,-0.22505496442317963,0.9696516990661621,0.06703764945268631
1790031582549339600,14.483339599609375,-0.043095629662275314,1.0630255937576294,0.14844051003456116
1790031582559349500,14.493349609375,-0.14365209639072418,1.1899182796478271,0.06224924325942993
1790031582579369000,14.513368896484375,-0.12928688526153564,1.2856862545013428,-0.3232172429561615
1790031582589409300,14.5234091796875,0,1.6831238269805908,-0.36152446269989014
1790031582599419000,14.5334189453125,-0.1843535304069519,1.845929503440857,-0.395043283700943
1790031582609398300,14.543398193359375,-0.2849099934101105,1.9776105880737305,-0.3280056416988373
1790031582619408100,14.553408203125,-0.0933738648891449,1.5610195398330688,-0.15801730751991272
1790031582629448200,14.5634482421875,-0.23702596127986908,1.5753847360610962,-0.2561795711517334
1790031582639458000,14.5734580078125,-0.2968810200691223,1.9033904075622559,-0.2825157940387726
1790031582649498400,14.583498291015625,-0.27054479718208313,1.9608511924743652,-0.15322890877723694
1790031582659508200,14.59350830078125,-0.19871874153614044,1.680729627609253,-0.2849099934101105
1790031582679527700,14.613527587890625,-0.3016694188117981,1.886630892753601,-0.5195417404174805
1790031582689537500,14.62353759765625,-0.545877993106842,2.1475989818573,-0.44532153010368347
1790031582699577600,14.63357763671875,-0.35673606395721436,2.1499931812286377,-0.272938996553421
1790031582709587500,14.64358740234375,-0.33039984107017517,2.1356279850006104,-0.22744916379451752
1790031582719597300,14.653597412109375,-0.33518823981285095,2.470816135406494,-0.4381389021873474
1790031582729637600,14.6636376953125,-0.4692635238170624,2.63362193107605,-0.5626373887062073
1790031582739647200,14.673647216796875,-0.5985504388809204,2.540247917175293,-0.5961562395095825
1790031582749657000,14.683656982421875,-0.7469909191131592,2.248155355453491,-0.44532153010368347
1790031582759636200,14.69363623046875,-0.9457096457481384,2.1380221843719482,-0.38307225704193115
1790031582769707000,14.70370703125,-0.9193734526634216,2.0638017654418945,-0.3208230137825012
1790031582779716900,14.713716796875,-0.9576807022094727,2.0159177780151367,-0.1364694982767105
1790031582809776600,14.743776611328125,-1.1228805780410767,2.1332337856292725,-0.2106897532939911
1790031582819756000,14.753756103515625,-1.173158884048462,2.0685901641845703,0.016759412363171577
1790031582849815800,14.78381591796875,-1.2497732639312744,2.3989901542663574,-0.3064578175544739
1790031582859825400,14.793825439453125,-1.3048399686813354,3.0765492916107178,-0.3734954595565796
1790031582869804800,14.8038046875,-1.2761094570159912,2.8347349166870117,-0.05267243832349777
1790031582879845000,14.81384521484375,-1.3239935636520386,2.3535003662109375,0.06224924325942993
1790031582899956200,14.833956298828125,-1.7741034030914307,1.4939818382263184,-0.5315127968788147
1790031582909965800,14.8439658203125,-1.9967641830444336,2.0853497982025146,-0.7876923680305481
1790031582919975700,14.8539755859375,-2.03507137298584,1.8171991109848022,-0.5578489899635315
1790031582929985500,14.863985595703125,-2.056619167327881,2.166752576828003,-0.4884171485900879
1790031582939995100,14.8739951171875,-2.1787235736846924,1.8124107122421265,-0.7469909191131592
1790031582949974500,14.883974609375,-2.2577321529388428,1.8052281141281128,-1.2832920551300049
1790031582960014600,14.8940146484375,-2.4205379486083984,2.1571757793426514,-1.479616641998291
1790031582970024400,14.9040244140625,-2.0925323963165283,1.7405846118927002,-0.8643068075180054
1790031582990044000,14.9240439453125,-2.736572504043579,1.5753847360610962,-2.6408045291900635
1790031583000053800,14.9340537109375,-2.9065608978271484,0.9576807022094727,-2.118868589401245
1790031583010063600,14.944063720703125,-2.676717519760132,0.40701428055763245,-1.070208191871643
1790031583070122200,15.004122314453125,-2.3989901542663574,-0.8475474119186401,-2.8610711097717285
1790031583150200300,15.084200439453125,-1.4413094520568848,-1.1228805780410767,-2.5450363159179688
1790031583170219800,15.1042197265625,-1.1061211824417114,-1.9584569931030273,-2.27209734916687
1790031583200279600,15.134279541015625,-0.9050082564353943,-2.410961151123047,-2.164358377456665
1790031583210289400,15.144289306640625,-1.0678139925003052,-1.9847931861877441,-1.7812861204147339
1790031583230308900,15.164308837890625,-1.039083480834961,-1.766920804977417,-1.5083470344543457
1790031583240288300,15.174288330078125,-1.0462661981582642,-2.3319525718688965,-1.522712230682373
1790031583250328300,15.184328369140625,-1.1540051698684692,-2.75812029838562,-1.6184803247451782
1790031583260338200,15.194338134765625,-1.1228805780410767,-2.875436305999756,-1.623268723487854
1790031583270348000,15.20434814453125,-1.4053963422775269,-2.693476915359497,-1.9129672050476074
1790031583310478600,15.244478515625,-1.0558429956436157,-2.4636335372924805,-1.86508309841156
1790031583320488400,15.254488525390625,-0.9481038451194763,-2.7557260990142822,-1.8387469053268433
1790031583330498000,15.264498046875,-1.072602391242981,-2.715024709701538,-1.6831238269805908
1790031583340538400,15.274538330078125,-1.2066776752471924,-2.762908697128296,-1.6496049165725708
1790031583350517800,15.284517822265625,-1.1037269830703735,-3.050212860107422,-1.3072341680526733
1790031583360527400,15.29452734375,-1.1516109704971313,-3.141192674636841,-1.0247182846069336
1790031583370567700,15.304567626953125,-0.7876923680305481,-3.203441858291626,-1.3503297567367554
1790031583380577500,15.31457763671875,-0.828393816947937,-3.028665065765381,-1.9800047874450684
1790031583390587100,15.324587158203125,-1.0654197931289673,-2.9927520751953125,-2.075772762298584
1790031583400597000,15.334596923828125,-0.9409212470054626,-2.7102363109588623,-1.766920804977417
1790031583420616400,15.354616455078125,-0.8355764150619507,-2.6144683361053467,-1.8698714971542358
1790031583450645800,15.384645751953125,-0.6847416758537292,-2.561795711517334,-1.742978811264038
1790031583460655600,15.394655517578125,-0.5578489899635315,-2.738966703414917,-1.8746598958969116
1790031583470634800,15.404634765625,-0.6488286852836609,-2.607285737991333,-1.987187385559082
1790031583480675000,15.414675048828125,-0.5291185975074768,-3.0190882682800293,-1.7094600200653076
1790031583510765600,15.444765625,-0.2537853717803955,-2.432508945465088,-1.764526605606079
1790031583520775200,15.454775146484375,-0.26336219906806946,-2.5905263423919678,-1.8746598958969116
1790031583530815500,15.4648154296875,-0.4429273009300232,-2.5234885215759277,-1.7357962131500244
1790031583540794600,15.474794677734375,-0.6416460275650024,-2.075772762298584,-1.7836803197860718
1790031583570885000,15.504885009765625,-0.4836287498474121,-1.9153614044189453,-1.6352397203445435
1790031583580864300,15.5148642578125,-0.7254431247711182,-1.6376339197158813,-1.5322890281677246
1790031583590874000,15.5248740234375,-0.646434485912323,-1.9488801956176758,-1.6687586307525635
1790031583610893600,15.5448935546875,-0.5722141861915588,-1.946485996246338,-1.5131354331970215
1790031583640923000,15.5749228515625,-0.7158663272857666,-0.9552865028381348,-1.625662922859192
1790031583660942300,15.5949423828125,-0.5386953949928284,-0.9648633003234863,-1.192312479019165
1790031583670982700,15.604982666015625,-0.6775590777397156,-0.9241618514060974,-1.2306196689605713
1790031583701012000,15.635011962890625,-1.1228805780410767,-0.6033388376235962,-1.015141487121582
1790031583711052300,15.64505224609375,-1.1300631761550903,-0.3232172429561615,-1.2737152576446533
1790031583721062100,15.655062255859375,-0.9145850539207458,-0.1604115068912506,-1.0055646896362305
1790031583731102500,15.6651025390625,-0.8331822156906128,-0.5267243981361389,-0.8882488012313843
1790031583741112000,15.675112060546875,-1.113303780555725,-0.2753331959247589,-0.7805097699165344
1790031583751152400,15.68515234375,-1.1563993692398071,0.10295066982507706,-1.1228805780410767
1790031583761162200,15.695162353515625,-1.1659762859344482,-0.06464344263076782,-1.2306196689605713
1790031583771171800,15.705171875,-1.2761094570159912,-0.0694318488240242,-0.8188169598579407
1790031583781181700,15.715181640625,-1.2713210582733154,-0.1173158809542656,-0.6967126727104187
1790031583791191600,15.725191650390625,-1.216254472732544,-0.0933738648891449,-0.8547300100326538
1790031583801201200,15.735201171875,-1.1180921792984009,-0.33997663855552673,-0.7805097699165344
1790031583811241500,15.745241455078125,-1.1563993692398071,0.035913024097681046,-0.8547300100326538
1790031583821251300,15.755251220703125,-1.2282254695892334,0.10295066982507706,-0.9552865028381348
1790031583841270800,15.775270751953125,-1.2258312702178955,0.2753331959247589,-0.6631938815116882
1790031583891289000,15.8252890625,-1.0630255937576294,0.035913024097681046,-0.5506663918495178
1790031583901268500,15.8352685546875,-1.05105459690094,-0.035913024097681046,-0.706289529800415
1790031583911278000,15.845278076171875,-1.1180921792984009,-0.14604631066322327,-0.9313444495201111
1790031583951347700,15.88534765625,-1.1324573755264282,-0.12928688526153564,-0.7589619159698486
1790031583981438000,15.91543798828125,-0.9864110946655273,0.07182604819536209,-1.1109095811843872
1790031583991447800,15.92544775390625,-1.0654197931289673,0.26575639843940735,-0.8738836050033569
1790031584021477000,15.95547705078125,-0.6392518281936646,-0.28969839215278625,-0.667982280254364
1790031584101646800,16.035646728515626,-0.5817909836769104,-0.6584054827690125,-0.9074024558067322
1790031584141716500,16.075716552734374,-0.40701428055763245,-0.35913026332855225,-0.4908113479614258
1790031584221794600,16.155794677734374,-0.646434485912323,-0.12689268589019775,-0.8834604024887085
1790031584231773700,16.165773681640626,-0.5482721924781799,-0.3423708379268646,-0.5913678407669067
1790031584241814000,16.17581396484375,-0.7086837291717529,-0.40701428055763245,-0.40701428055763245
1790031584251823900,16.185823974609374,-0.44771572947502136,-0.7422025203704834,-0.43335050344467163
1790031584271873800,16.205873779296876,-0.6129156351089478,-0.2059013396501541,-0.6943184733390808
1790031584281883600,16.215883544921876,-0.5578489899635315,0.2059013396501541,-0.5746083855628967
1790031584301903000,16.235903076171876,-0.6200982332229614,0.031124621629714966,-0.706289529800415
1790031584311913000,16.245912841796876,-0.5841852426528931,-0.17956513166427612,-0.9888052940368652
1790031584351982600,16.285982666015624,-0.4884171485900879,0.0933738648891449,-0.004788403399288654
1790031584382042400,16.31604248046875,-0.49799394607543945,0.3519476354122162,-0.33518823981285095
1790031584412071700,16.34607177734375,-0.9864110946655273,0.3256114423274994,0.11971008777618408
1790031584452110600,16.386110595703126,-0.9983820915222168,0.7924807667732239,-0.2825157940387726
1790031584482140000,16.416139892578126,-1.1516109704971313,0.31364041566848755,0.28730419278144836
1790031584532188700,16.466188720703126,-0.9265560507774353,0.730231523513794,-0.33758243918418884
1790031584552178000,16.486177978515624,-1.0127472877502441,0.5770025849342346,0.2753331959247589
1790031584562218000,16.496218017578126,-0.8690952062606812,0.1364694982767105,0.16998831927776337
1790031584592247300,16.526247314453126,-0.7038952708244324,0.3471592366695404,-0.13407529890537262
1790031584632286500,16.566286376953126,-0.7541735172271729,0.31842881441116333,0.4357447028160095
1790031584642296300,16.57629638671875,-0.8643068075180054,0.24899697303771973,0.5410895943641663
1790031584652306000,16.586305908203126,-0.8164227604866028,0.1149216815829277,0.37828385829925537
1790031584672325400,16.606325439453126,-0.7350199222564697,0.4644751250743866,0.2992752194404602
1790031584692375600,16.62637548828125,-0.4692635238170624,0.5578489899635315,0.21308395266532898
1790031584712364500,16.646364501953126,-0.5889736413955688,0.1412578970193863,0.29209262132644653
1790031584732414700,16.666414794921874,-0.42616790533065796,0.3495534360408783,0.751779317855835
1790031584742424300,16.67642431640625,-0.3734954595565796,0.3016694188117981,0.5291185975074768
1790031584772484000,16.706484130859376,-0.23702596127986908,0.49799394607543945,0.42856210470199585
1790031584782494000,16.716493896484376,-0.28730419278144836,0.48602294921875,0.3663128614425659
1790031584792534300,16.7265341796875,-0.36152446269989014,0.3998316824436188,0.4165911078453064
1790031584802544000,16.736544189453124,-0.2322375625371933,0.28730419278144836,0.3902548849582672
1790031584812584200,16.746584228515626,-0.11252748221158981,0.23942017555236816,-0.002394201699644327
1790031584822594000,16.756593994140626,-0.1149216815829277,0.4405331015586853,0.05027823522686958
1790031584832604000,16.76660400390625,-0.1149216815829277,0.5482721924781799,0.2992752194404602
1790031584842613500,16.776613525390626,-0.05746084079146385,0.7541735172271729,0.47644615173339844
1790031584852593000,16.786593017578124,-0.08379705995321274,0.7996633648872375,0.5793967843055725
1790031584872642800,16.806642822265626,-0.12449848651885986,0.7565677165985107,1.0414776802062988
1790031584902702600,16.83670263671875,-0.4644751250743866,1.1324573755264282,0.6631938815116882
1790031584922752800,16.856752685546876,-0.49320554733276367,1.1420341730117798,0.9026140570640564
1790031584932762600,16.8667626953125,-0.6368576288223267,1.1252747774124146,0.629675030708313
1790031584942741800,16.87674169921875,-0.6871358752250671,0.9672574996948242,0.44532153010368347
1790031584952751600,16.886751708984374,-0.5793967843055725,0.8906430602073669,0.5722141861915588
1790031584962792000,16.8967919921875,-0.6512228846549988,0.7541735172271729,0.6584054827690125
1790031584972801500,16.906801513671876,-0.5051765441894531,0.5363011956214905,0.4812345504760742
1790031584982841900,16.916841796875,-0.586579442024231,0.6248866319656372,0.40222588181495667
1790031584992851700,16.926851806640624,-0.507570743560791,0.7805097699165344,0.586579442024231
1790031585002892000,16.93689208984375,-0.3758896589279175,0.629675030708313,0.40462008118629456
1790031585093010400,17.027010498046874,-0.3280056416988373,0.7757213711738586,0.3423708379268646
1790031585123100700,17.0571005859375,-0.1843535304069519,1.6663644313812256,1.0654197931289673
1790031585133110500,17.067110595703124,-0.42616790533065796,1.680729627609253,0.8020575642585754
1790031585163139600,17.0971396484375,-0.727837324142456,0.5626373887062073,0.586579442024231
1790031585173119000,17.107118896484376,-0.8403648138046265,0.7996633648872375,0.8882488012313843
1790031585193169000,17.1271689453125,-1.0271124839782715,1.1994950771331787,0.706289529800415
1790031585203148300,17.137148193359376,-0.6248866319656372,1.4437036514282227,1.1324573755264282
1790031585213188600,17.147188720703124,-0.6440402865409851,1.5729905366897583,0.5985504388809204
1790031585263298300,17.19729833984375,-0.8259995579719543,1.01753568649292,0.1628057211637497
1790031585293327600,17.22732763671875,-1.0582371950149536,0.9696516990661621,-0.2082955539226532
1790031585303368000,17.237367919921876,-1.0079588890075684,1.1013327836990356,-0.06224924325942993
1790031585313377800,17.247377685546876,-0.8858546018600464,1.5298948287963867,0.2968810200691223
1790031585323357000,17.25735693359375,-0.9528923034667969,1.2952631711959839,-0.05267243832349777
1790031585343407000,17.277406982421876,-0.8786720037460327,2.274491548538208,0.0454898327589035
1790031585353416700,17.287416748046876,-0.9026140570640564,2.7054479122161865,0.10773907601833344
1790031585363457000,17.29745703125,-0.9385270476341248,2.691082715988159,0.33518823981285095
1790031585373497300,17.307497314453126,-1.1252747774124146,2.145204782485962,0.16759411990642548
1790031585383507200,17.317507080078126,-1.400607943534851,1.8914192914962769,0.08379705995321274
1790031585433556000,17.367555908203126,-2.164358377456665,1.4963760375976562,-0.0454898327589035
1790031585443596300,17.37759619140625,-2.3056161403656006,1.2737152576446533,-0.24660277366638184
1790031585453606100,17.387606201171874,-2.2888567447662354,1.4437036514282227,-0.5841852426528931
1790031585463646200,17.397646240234376,-2.0159177780151367,1.436521053314209,-0.7661445140838623
1790031585473625600,17.40762548828125,-2.1308395862579346,0.6847416758537292,-0.6344634294509888
1790031585483666000,17.417666015625,-1.9488801956176758,0.3280056416988373,-0.43335050344467163
1790031585493675500,17.427675537109376,-1.7717092037200928,0.45010992884635925,-0.15322890877723694
1790031585503685400,17.437685302734376,-1.987187385559082,0.3926490843296051,-0.28969839215278625
1790031585563805000,17.497804931640626,-1.7525556087493896,0.1149216815829277,-1.0893617868423462
1790031585573814800,17.507814697265626,-1.7980455160140991,0.21547815203666687,-0.7637503147125244
1790031585593834200,17.527834228515626,-1.5322890281677246,-0.6320692300796509,-1.5849615335464478
1790031585603813600,17.537813720703124,-1.7190368175506592,-0.8547300100326538,-1.7190368175506592
1790031585613853700,17.547853759765626,-1.9943699836730957,-0.545877993106842,-1.8602946996688843
1790031585623863600,17.557863525390626,-2.3989901542663574,-0.031124621629714966,-1.522712230682373
1790031585643852500,17.5778525390625,-1.4053963422775269,-0.5027823448181152,-0.5793967843055725
1790031585723961300,17.65796142578125,-1.0606313943862915,-1.4053963422775269,-1.5298948287963867
1790031585733971000,17.667970947265626,-0.9959878921508789,-1.2521674633026123,-1.5466543436050415
1790031585743980800,17.677980712890626,-0.9911994934082031,-1.6974890232086182,-1.4844050407409668
1790031585764030700,17.69803076171875,-0.6560112833976746,-2.5522189140319824,-1.0797849893569946
1790031585774071000,17.708071044921876,-0.5363011956214905,-2.477998733520508,-0.9528923034667969
1790031585784081000,17.718080810546876,-0.7876923680305481,-2.2697031497955322,-1.1180921792984009
1790031585794060000,17.72806005859375,-0.7206547260284424,-2.03507137298584,-1.4437036514282227
1790031585824119800,17.758119873046876,-0.9097966551780701,-2.097320795059204,-1.1276689767837524
1790031585834099200,17.76809912109375,-0.6320692300796509,-2.8610711097717285,-1.170764684677124
1790031585844139500,17.778139404296876,-0.7015010714530945,-3.2561142444610596,-1.2042834758758545
1790031585854149000,17.788149169921876,-0.6655880808830261,-3.7900211811065674,-1.0749965906143188
1790031585864159000,17.798158935546876,-0.667982280254364,-3.5218706130981445,-1.3000515699386597
1790031585874168800,17.8081689453125,-0.727837324142456,-2.801215887069702,-1.3407529592514038
1790031585934258000,17.8682578125,-0.7254431247711182,-3.9408559799194336,-1.2952631711959839
1790031585944267500,17.878267578125,-0.7230489253997803,-3.7684733867645264,-1.3766659498214722
1790031585954247000,17.888246826171876,-0.6033388376235962,-3.952826976776123,-1.41257905960083
1790031585964287200,17.898287353515624,-0.6631938815116882,-3.5721490383148193,-1.359906554222107
1790031585974266400,17.908266357421876,-0.7757213711738586,-3.756502389907837,-1.41257905960083
1790031585984306700,17.918306640625,-0.7398083209991455,-3.7660791873931885,-1.3862427473068237
1790031585994316500,17.928316650390624,-0.706289529800415,-3.998316764831543,-1.1085153818130493
1790031586004326100,17.938326171875,-0.6488286852836609,-4.627991676330566,-0.9265560507774353
1790031586014305500,17.948305419921876,-0.4620809257030487,-4.046200752258301,-0.9169792532920837
1790031586024345900,17.958345947265624,-0.3016694188117981,-3.9671921730041504,-1.0989385843276978
1790031586084465400,18.01846533203125,-0.31364041566848755,-5.035006046295166,-0.3734954595565796
1790031586094475300,18.028475341796874,-0.43095630407333374,-4.271255970001221,-0.5003881454467773
1790031586104515300,18.038515380859376,-0.8164227604866028,-3.624821424484253,-0.8188169598579407
1790031586114525200,18.048525146484376,-0.8236053586006165,-3.2369606494903564,-1.0342950820922852
1790031586124535000,18.05853515625,-0.6943184733390808,-3.07415509223938,-0.8738836050033569
1790031586134544600,18.068544677734376,-0.38067805767059326,-3.1028854846954346,-0.7469909191131592
1790031586144554500,18.078554443359376,-0.4836287498474121,-3.043030261993408,-0.790086567401886
1790031586164604700,18.098604736328124,-0.6775590777397156,-2.0183119773864746,-0.9792284965515137
1790031586194603300,18.128603271484376,-1.2521674633026123,-2.123656988143921,-0.9911994934082031
1790031586254723000,18.18872314453125,-0.8643068075180054,-1.4748282432556152,-1.048660397529602
1790031586264732700,18.198732666015626,-1.094150185585022,-1.4748282432556152,-1.237802267074585
1790031586274773000,18.20877294921875,-1.5059528350830078,-0.9720458984375,-1.316810965538025
1790031586284782800,18.218782958984374,-1.7286136150360107,-0.2513911724090576,-1.0749965906143188
1790031586324791300,18.258791259765626,-1.6735470294952393,-1.338358759880066,-1.1252747774124146
1790031586334831600,18.26883154296875,-1.9752163887023926,-1.41257905960083,-1.2856862545013428
1790031586344841500,18.278841552734374,-1.843535304069519,-1.5107412338256836,-1.170764684677124
1790031586354851000,18.28885107421875,-1.9536685943603516,-0.6416460275650024,-1.0845733880996704
1790031586364891400,18.298891357421876,-2.0159177780151367,-0.272938996553421,-1.0821791887283325
1790031586374901200,18.3089013671875,-1.625662922859192,0.047884032130241394,-1.3311761617660522
1790031586384910800,18.318910888671876,-1.6663644313812256,0.2968810200691223,-1.400607943534851
1790031586394951200,18.328951171875,-1.7501614093780518,-0.21547815203666687,-1.4437036514282227
1790031586404961000,18.3389609375,-1.6352397203445435,-0.7541735172271729,-0.7805097699165344
1790031586414971000,18.348970947265624,-1.5179238319396973,-0.7589619159698486,-0.06224924325942993
1790031586435020800,18.369020751953126,-1.316810965538025,0.4405331015586853,-0.7876923680305481
1790031586455071000,18.389071044921874,-1.3742717504501343,1.091755986213684,-1.1851298809051514
1790031586465080600,18.39908056640625,-1.4197616577148438,0.7829039692878723,-0.7206547260284424
1790031586475090400,18.40909033203125,-1.4293384552001953,0.20111294090747833,-0.4908113479614258
1790031586485100000,18.41910009765625,-1.256955862045288,0.090979665517807,-0.3902548849582672
1790031586495110000,18.42910986328125,-1.0103530883789062,0.21787235140800476,-0.30885201692581177
1790031586505119700,18.43911962890625,-0.7805097699165344,0.4165911078453064,-0.7086837291717529
1790031586515129300,18.44912939453125,-0.811634361743927,1.5442601442337036,-1.4652514457702637
1790031586565208800,18.499208740234376,-1.1755530834197998,-0.3447650372982025,-0.6248866319656372
1790031586575249200,18.509249267578124,-1.173158884048462,0.6177040338516235,-0.608127236366272
1790031586595299000,18.529299072265626,-1.0055646896362305,0.3016694188117981,-0.47165772318840027
1790031586605309000,18.539308837890626,-1.0869675874710083,1.0797849893569946,-0.6967126727104187
1790031586615318800,18.54931884765625,-1.2401964664459229,0.6775590777397156,-0.35913026332855225
1790031586635338200,18.569338134765626,-0.9169792532920837,-0.16998831927776337,-0.06224924325942993
1790031586645347800,18.579347900390626,-0.7445967197418213,0.42856210470199585,-0.3711012601852417
1790031586665367600,18.599367431640626,-0.586579442024231,1.359906554222107,-0.9074024558067322
1790031586675408000,18.609407958984374,-0.6703764796257019,0.9097966551780701,-0.6105214357376099
1790031586685417500,18.61941748046875,-0.7326257228851318,0.42616790533065796,-0.26096799969673157
1790031586695457800,18.629457763671876,-0.8188169598579407,0.05985504388809204,-0.31124621629714966
1790031586705437200,18.639437255859374,-0.912190854549408,-0.0071826050989329815,-0.6009446382522583
1790031586715477200,18.649477294921876,-0.9696516990661621,-0.06224924325942993,-0.727837324142456
1790031586765526300,18.6995263671875,-0.8690952062606812,1.0342950820922852,-0.6823474764823914
1790031586785545700,18.719545654296876,-0.9097966551780701,0.11252748221158981,-0.2992752194404602
1790031586795524900,18.72952490234375,-0.7948749661445618,-0.42616790533065796,-0.1843535304069519
1790031586805534700,18.73953466796875,-0.667982280254364,0.33518823981285095,-0.40701428055763245
1790031586815575000,18.749574951171876,-0.7326257228851318,0.7996633648872375,-0.6512228846549988
1790031586835594500,18.769594482421876,-0.7996633648872375,0.933738648891449,-0.20350714027881622
1790031586845604400,18.779604248046876,-0.5746083855628967,0.6272808313369751,-0.10295066982507706
1790031586855614000,18.789614013671876,-0.33518823981285095,0.4141969084739685,0.004788403399288654
1790031586895653000,18.829653076171876,-0.5099649429321289,0.5841852426528931,-0.17477671802043915
1790031586905632300,18.83963232421875,-0.10534487664699554,0.7733271718025208,-0.0694318488240242
1790031586915672600,18.849672607421876,0.019153613597154617,0.9289502501487732,-0.15083470940589905
1790031586925682400,18.859682373046876,-0.06224924325942993,0.45489832758903503,-0.35434186458587646
1790031586945671400,18.87967138671875,-0.5003881454467773,0.21547815203666687,-0.2753331959247589
1790031586985710600,18.919710693359374,-0.5051765441894531,0.40462008118629456,-0.1412578970193863
1790031586995751000,18.9297509765625,-0.5674257874488831,0.2968810200691223,-0.11971008777618408
1790031587015800800,18.94980078125,-0.5602431893348694,0.33039984107017517,-0.019153613597154617
1790031587025810700,18.959810791015624,-0.7038952708244324,0.11252748221158981,-0.028730420395731926
1790031587035820300,18.9698203125,-0.4429273009300232,-0.1173158809542656,-0.1867477297782898
1790031587045830100,18.979830078125,-0.4836287498474121,0.14365209639072418,-0.22266076505184174
1790031587115929000,19.04992919921875,-0.18914192914962769,-0.05267243832349777,-0.1604115068912506
1790031587125938700,19.059938720703126,-0.24420857429504395,0.26815059781074524,-0.10773907601833344
1790031587135948500,19.069948486328126,-0.17717093229293823,0.004788403399288654,-0.090979665517807
1790031587145927700,19.079927734375,-0.21308395266532898,-0.07900865375995636,-0.05985504388809204
1790031587155968000,19.089968017578126,-0.0933738648891449,-0.181959331035614,-0.395043283700943
1790031587166008300,19.10000830078125,-0.10055647045373917,0.11252748221158981,-0.4381389021873474
1790031587206078000,19.140077880859376,-0.26096799969673157,0.15322890877723694,-0.19632454216480255
1790031587216057000,19.15005712890625,-0.3687070608139038,-0.12928688526153564,-0.43095630407333374
1790031587226097400,19.160097412109376,-0.31364041566848755,-0.31364041566848755,-0.5147533416748047
1790031587236137700,19.1701376953125,-0.26096799969673157,-0.4381389021873474,-0.4165911078453064
1790031587246147600,19.180147705078124,-0.2825157940387726,-0.47644615173339844,-0.19632454216480255
1790031587256157200,19.1901572265625,-0.35673606395721436,-0.3423708379268646,-0.15083470940589905
1790031587266167000,19.2001669921875,-0.3495534360408783,-0.4644751250743866,-0.1412578970193863
1790031587276177000,19.210177001953124,-0.4141969084739685,-0.2106897532939911,-0.10534487664699554
1790031587286186500,19.2201865234375,-0.4381389021873474,-0.07422025501728058,-0.2346317619085312
1790031587306206200,19.240206298828124,-0.2825157940387726,-0.12210428714752197,-0.22026655077934265
1790031587316246300,19.250246337890626,-0.33758243918418884,-0.1149216815829277,-0.12210428714752197
1790031587336266000,19.270265869140626,-0.3016694188117981,0.12449848651885986,-0.028730420395731926
1790031587346275600,19.280275634765626,-0.16759411990642548,0.08619125932455063,0.009576806798577309
1790031587356316000,19.29031591796875,-0.20350714027881622,0.031124621629714966,0.1149216815829277
1790031587366325800,19.30032568359375,-0.31842881441116333,-0.23702596127986908,0.33279404044151306
1790031587376335600,19.310335693359374,-0.2059013396501541,-0.38067805767059326,0.15322890877723694
1790031587396355000,19.33035498046875,-0.11252748221158981,-0.40940847992897034,-0.002394201699644327
1790031587406395400,19.3403955078125,-0.13407529890537262,-0.35673606395721436,0.043095629662275314
1790031587416435700,19.350435791015624,0.026336219161748886,-0.3447650372982025,0.07661445438861847
1790031587426445300,19.3604453125,-0.047884032130241394,-0.24181437492370605,0.23702596127986908
1790031587436485600,19.370485595703126,-0.019153613597154617,-0.26815059781074524,0.15801730751991272
1790031587446495500,19.38049560546875,-0.038307227194309235,-0.3974374830722809,0.07661445438861847
1790031587456505000,19.390505126953126,-0.019153613597154617,-0.35673606395721436,0.1604115068912506
1790031587476524800,19.41052490234375,-0.23942017555236816,-0.6655880808830261,0.2825157940387726
1790031587506584600,19.44058447265625,-0.21547815203666687,-0.40940847992897034,-0.15083470940589905
1790031587556633300,19.49063330078125,-0.29209262132644653,-0.1628057211637497,0.28730419278144836
1790031587586632200,19.520632080078126,-0.2968810200691223,0.019153613597154617,-0.12689268589019775
1790031587596672500,19.530672607421874,-0.4189853072166443,-0.07661445438861847,-0.031124621629714966
1790031587606712800,19.540712890625,-0.22266076505184174,-0.05746084079146385,0.5003881454467773
1790031587616722400,19.550722412109376,-0.002394201699644327,0.047884032130241394,0.6057330369949341
1790031587626762800,19.5607626953125,-0.035913024097681046,0.3878606855869293,0.35673606395721436
1790031587636803000,19.570802978515626,-0.06224924325942993,0.6248866319656372,0.002394201699644327
1790031587646813000,19.58081298828125,-0.023942016065120697,0.8451532125473022,-0.06703764945268631
1790031587656822500,19.590822509765626,0.014365210197865963,1.3048399686813354,0.1173158809542656
1790031587666832400,19.600832275390626,0.07661445438861847,1.4077905416488647,0.19393034279346466
1790031587676842000,19.610842041015626,-0.021547814831137657,0.9026140570640564,0.4141969084739685
1790031587686851800,19.620851806640626,0.021547814831137657,0.9576807022094727,0.1867477297782898
1790031587706871300,19.640871337890626,-0.05746084079146385,1.2617442607879639,0.5410895943641663
1790031587716942000,19.650942138671876,-0.2298433631658554,1.4748282432556152,0.5267243981361389
1790031587726952000,19.660951904296876,-0.3208230137825012,1.5131354331970215,0.43335050344467163
1790031587736961800,19.6709619140625,-0.40222588181495667,1.7717092037200928,0.33997663855552673
1790031587777000700,19.711000732421876,-0.49799394607543945,2.734178304672241,0.1173158809542656
1790031587787010600,19.721010498046876,-0.5674257874488831,2.604891538619995,-0.016759412363171577
1790031587807030000,19.741030029296876,-0.9097966551780701,2.492363929748535,-0.33279404044151306
1790031587877129000,19.81112890625,-1.091755986213684,2.8562827110290527,-0.021547814831137657
1790031587887138800,19.821138916015624,-1.1683704853057861,2.669534921646118,-0.4668693244457245
1790031587927177700,19.861177734375,-0.9481038451194763,2.564189910888672,-0.6177040338516235
1790031587937187600,19.8711875,-1.05105459690094,2.343923568725586,-0.7781155705451965
1790031587957207000,19.89120703125,-1.194706678390503,2.3080103397369385,-0.9026140570640564
1790031587967217000,19.901216796875,-1.2832920551300049,2.188300371170044,-0.9816226959228516
1790031587997276700,19.931276611328126,-1.699883222579956,2.0661959648132324,-1.2665326595306396
1790031588007286500,19.94128662109375,-1.778891921043396,1.4628572463989258,-1.01753568649292
1790031588037315800,19.97131591796875,-2.22660756111145,1.1635819673538208,-0.706289529800415
1790031588077385200,20.01138525390625,-1.6879122257232666,1.5466543436050415,-0.7493851184844971
1790031588117454800,20.051454833984376,-2.1332337856292725,0.3208230137825012,-0.8595184087753296
1790031588127434200,20.061434326171874,-1.7980455160140991,-0.5913678407669067,-0.5195417404174805
1790031588187492900,20.121492919921874,-2.516305923461914,0.05506663769483566,-1.9249382019042969
1790031588197533000,20.131532958984376,-2.5546131134033203,-0.4596867263317108,-2.140416383743286
1790031588207542800,20.141542724609376,-2.5474305152893066,-0.5099649429321289,-1.9057846069335938
1790031588217583000,20.1515830078125,-2.3080103397369385,-0.6823474764823914,-1.644816517829895
1790031588227562200,20.161562255859376,-2.449268341064453,-1.2234370708465576,-1.5538369417190552
1790031588237602600,20.1716025390625,-2.4588451385498047,-0.9385270476341248,-1.8507179021835327
1790031588247673300,20.18167333984375,-2.456450939178467,-0.768538773059845,-2.3295583724975586
1790031588267693000,20.201693115234374,-2.9759926795959473,-0.9840168952941895,-2.389413356781006
1790031588337761300,20.27176123046875,-2.0877439975738525,-2.3798365592956543,-2.322375535964966
1790031588347740400,20.281740478515626,-1.920149803161621,-2.1954829692840576,-1.7597382068634033
1790031588377800400,20.311800537109374,-2.0015525817871094,-3.552995204925537,-1.1540051698684692
1790031588387779600,20.321779541015626,-1.9177556037902832,-3.3638534545898438,-1.1540051698684692
1790031588407829800,20.341829833984374,-1.5490485429763794,-3.224989652633667,-0.993593692779541
1790031588437889500,20.3718896484375,-1.6615760326385498,-3.3279404640197754,-1.1324573755264282
1790031588447899100,20.381899169921876,-1.3527239561080933,-3.3494882583618164,-0.8667010068893433
1790031588467888000,20.40188818359375,-1.1971008777618408,-4.553771495819092,-0.6607996821403503
1790031588507988200,20.44198828125,-0.768538773059845,-4.671087741851807,-0.9792284965515137
1790031588548027400,20.48202734375,-1.5490485429763794,-4.6950297355651855,0.2992752194404602
1790031588558067700,20.492067626953126,-1.4413094520568848,-5.233725070953369,0.545877993106842
1790031588568108000,20.50210791015625,-0.9481038451194763,-5.398924827575684,0.40701428055763245
1790031588587997000,20.521996826171875,-0.7541735172271729,-4.532223701477051,-0.3471592366695404
1790031588598037200,20.532037353515626,-0.9864110946655273,-4.853046894073486,-0.5506663918495178
1790031588608077600,20.54207763671875,-1.039083480834961,-4.795586109161377,-0.021547814831137657
1790031588618087400,20.55208740234375,-1.3718775510787964,-4.8482584953308105,0.6440402865409851
1790031588628097000,20.562096923828125,-1.3623007535934448,-5.157110691070557,0.5099649429321289
1790031588638107000,20.57210693359375,-0.9265560507774353,-4.558559894561768,-0.10534487664699554
1790031588648086000,20.5820859375,-1.170764684677124,-4.5609540939331055,-0.3256114423274994
1790031588658126300,20.592126220703125,-0.9600749015808105,-4.63517427444458,-0.29209262132644653
1790031588688155600,20.62215576171875,-1.3407529592514038,-3.6607344150543213,-0.09576806426048279
1790031588698165500,20.63216552734375,-1.1540051698684692,-3.5410242080688477,-0.14844051003456116
1790031588708175000,20.642175048828125,-1.0055646896362305,-3.4165258407592773,-0.26575639843940735
1790031588718154500,20.652154541015626,-1.113303780555725,-3.3494882583618164,-0.35673606395721436
1790031588728194800,20.66219482421875,-1.556231141090393,-3.0621838569641113,-0.524330198764801
1790031588738204400,20.672204345703125,-1.6496049165725708,-2.6001031398773193,-0.47884035110473633
1790031588748214300,20.68221435546875,-1.7357962131500244,-1.482010841369629,-0.4596867263317108
1790031588788344800,20.7223447265625,-2.03507137298584,-2.6839001178741455,-0.8595184087753296
1790031588798354700,20.732354736328126,-1.6687586307525635,-2.032677173614502,-1.359906554222107
1790031588808364300,20.7423642578125,-1.6903064250946045,-0.5746083855628967,-1.5179238319396973
1790031588838393600,20.7723935546875,-1.8171991109848022,-1.316810965538025,-0.9552865028381348
1790031588848434000,20.782433837890625,-1.3766659498214722,-1.5753847360610962,-0.9576807022094727
1790031588858443800,20.79244384765625,-1.6831238269805908,-1.0654197931289673,-1.0007762908935547
1790031588868453600,20.80245361328125,-2.073378562927246,-0.7996633648872375,-1.2880805730819702
1790031588878463200,20.812463134765625,-2.073378562927246,-0.12210428714752197,-1.213860273361206
1790031588888473000,20.82247314453125,-2.126051187515259,-0.33039984107017517,-0.8738836050033569
1790031588898483000,20.83248291015625,-2.382230758666992,-0.7469909191131592,-0.9888052940368652
1790031588908492500,20.842492431640625,-2.580949544906616,-1.0965443849563599,-1.1851298809051514
1790031588928512000,20.862511962890625,-2.1499931812286377,-0.5386953949928284,-1.1755530834197998
1790031588938521900,20.87252197265625,-1.9105730056762695,-0.8834604024887085,-1.6304513216018677
1790031588948531700,20.88253173828125,-1.6855180263519287,-0.6751648783683777,-2.2601263523101807
1790031588958510800,20.8925107421875,-2.0590133666992188,-0.3734954595565796,-2.252943754196167
1790031588968551200,20.90255126953125,-2.425326347351074,-0.6272808313369751,-1.9943699836730957
1790031588978591500,20.912591552734376,-2.432508945465088,-0.07900865375995636,-1.6424223184585571
1790031588988662300,20.922662353515626,-2.1930887699127197,-0.31842881441116333,-1.2425906658172607
1790031589058822100,20.992822265625,-2.4372973442077637,-0.3256114423274994,-1.2497732639312744
1790031589068832000,21.00283203125,-1.8962076902389526,-0.9816226959228516,-0.7589619159698486
1790031589078811100,21.01281103515625,-1.455674648284912,0.016759412363171577,-0.9768342971801758
1790031589088851500,21.0228515625,-1.173158884048462,0.5793967843055725,-1.6160861253738403
1790031589098891800,21.032891845703126,-1.3407529592514038,0.5434837937355042,-2.011129379272461
1790031589118972400,21.052972412109376,-1.5705963373184204,-0.31124621629714966,-0.727837324142456
1790031589128982000,21.06298193359375,-1.7908629179000854,-0.24660277366638184,-0.8020575642585754
1790031589138991900,21.072991943359376,-1.9512743949890137,-0.3495534360408783,-0.7374141216278076
1790031589149001700,21.083001708984376,-1.6687586307525635,-0.15801730751991272,-0.9457096457481384
1790031589169051600,21.1030517578125,-0.8954314589500427,0.4836287498474121,-1.1276689767837524
1790031589189071000,21.123071044921875,-1.1468225717544556,0.0933738648891449,-1.3670891523361206
1790031589199081000,21.1330810546875,-1.5107412338256836,0.6392518281936646,-1.3503297567367554
1790031589249160200,21.18316015625,-0.8068459630012512,0.1364694982767105,-0.5315127968788147
1790031589269210400,21.20321044921875,-1.1659762859344482,0.0933738648891449,-0.849941611289978
1790031589299209200,21.233209228515626,-0.9409212470054626,1.800439715385437,-0.3998316824436188
1790031589329299500,21.263299560546876,-0.22505496442317963,0.4908113479614258,-0.15562310814857483
1790031589339309300,21.273309326171876,-0.7038952708244324,-0.16759411990642548,-0.4908113479614258
1790031589349349600,21.283349609375,-0.8307880163192749,-0.42616790533065796,-0.4118026793003082
1790031589359328800,21.293328857421876,-1.072602391242981,0.47405192255973816,-0.17717093229293823
1790031589369338600,21.303338623046876,-1.1635819673538208,0.8810662031173706,-0.26096799969673157
1790031589379409400,21.313409423828126,-0.7350199222564697,0.8810662031173706,-0.2968810200691223
1790031589389388500,21.323388427734375,-0.5961562395095825,0.9864110946655273,-0.05985504388809204
1790031589399428900,21.333428955078126,-0.5650315880775452,0.8954314589500427,-0.45010992884635925
1790031589429458200,21.363458251953126,-0.6703764796257019,0.6631938815116882,-0.42616790533065796
1790031589439468000,21.373468017578126,-0.849941611289978,0.4908113479614258,-0.586579442024231
1790031589459487500,21.393487548828126,-1.335964560508728,0.5506663918495178,-0.45250412821769714
1790031589489547300,21.42354736328125,-0.5195417404174805,0.40462008118629456,-0.395043283700943
1790031589509566700,21.443566650390625,-0.40222588181495667,0.7781155705451965,-0.933738648891449
1790031589519546000,21.453546142578126,-0.06464344263076782,0.7948749661445618,-0.9576807022094727
1790031589529555700,21.4635556640625,0.14844051003456116,0.9624691009521484,-0.993593692779541
1790031589539596000,21.473595947265625,0.2059013396501541,0.7709329724311829,-0.7398083209991455
1790031589549606000,21.48360595703125,0.019153613597154617,0.2322375625371933,-0.5482721924781799
1790031589559615700,21.49361572265625,-0.15801730751991272,-0.14604631066322327,-0.47644615173339844
1790031589569595000,21.503594970703126,-0.44532153010368347,-0.17717093229293823,-0.6584054827690125
1790031589579604700,21.513604736328126,-0.5363011956214905,-0.11013327538967133,-0.8355764150619507
1790031589589675500,21.523675537109376,-0.6991068720817566,0.6943184733390808,-0.828393816947937
1790031589599685000,21.53368505859375,-0.8690952062606812,0.8858546018600464,-0.4213795065879822
1790031589609695000,21.543695068359376,-0.5315127968788147,-0.33997663855552673,0.22026655077934265
1790031589619704800,21.553704833984376,-0.48602294921875,-0.2537853717803955,0.20111294090747833
1790031589629714400,21.56371435546875,-0.7445967197418213,0.2753331959247589,-0.2585737705230713
1790031589639724300,21.573724365234376,-0.8092401623725891,0.2106897532939911,-0.6607996821403503
1790031589649734100,21.583734130859376,-0.47405192255973816,-0.011971008032560349,-0.33279404044151306
1790031589659713300,21.59371337890625,-0.31124621629714966,0.35434186458587646,-0.05746084079146385
1790031589689773000,21.62377294921875,-0.19871874153614044,0.3878606855869293,0.2322375625371933
1790031589739852500,21.6738525390625,-0.272938996553421,0.002394201699644327,0.07422025501728058
1790031589749892600,21.683892578125,-0.14365209639072418,-0.272938996553421,0.2082955539226532
1790031589779891500,21.713891357421875,-0.31842881441116333,-0.15562310814857483,0.1173158809542656
1790031589789931800,21.723931884765626,-0.22266076505184174,-0.17717093229293823,0.27054479718208313
1790031589819961000,21.753961181640626,-0.20111294090747833,-0.14365209639072418,-0.23942017555236816
1790031589830001400,21.76400146484375,-0.10295066982507706,0.08140286058187485,-0.14844051003456116
1790031589840011300,21.77401123046875,-0.17717093229293823,0.38546648621559143,-0.22026655077934265
1790031589850051300,21.78405126953125,-0.40701428055763245,0,-0.44532153010368347
1790031589870071000,21.804071044921876,-0.49559974670410156,-0.44532153010368347,-0.031124621629714966
1790031589880080600,21.81408056640625,-0.6416460275650024,-0.7230489253997803,0.016759412363171577
1790031589890121000,21.824120849609375,-0.6057330369949341,-0.8331822156906128,0.07182604819536209
1790031589900130800,21.834130859375,-0.5195417404174805,-0.8930372595787048,0.24181437492370605
1790031589920119800,21.854119873046876,-0.3758896589279175,-0.33758243918418884,0.1604115068912506
1790031589930160000,21.86416015625,-0.3495534360408783,-0.43335050344467163,-0.10295066982507706
1790031589970229800,21.904229736328126,-0.20111294090747833,-0.912190854549408,0.24181437492370605
1790031589980239400,21.9142392578125,-0.2322375625371933,-0.8523358106613159,0.09816227108240128
1790031590010329900,21.944329833984376,-0.181959331035614,-0.3711012601852417,-0.040701430290937424
1790031590030318800,21.96431884765625,-0.06703764945268631,-0.28969839215278625,0.6224924325942993
1790031590040359200,21.974359130859376,-0.1843535304069519,-0.1412578970193863,0.6560112833976746
1790031590070388200,22.00438818359375,-0.11013327538967133,-0.004788403399288654,0.004788403399288654
1790031590080428500,22.014428466796875,-0.22744916379451752,0.24660277366638184,0.30885201692581177
1790031590120467700,22.0544677734375,-0.05267243832349777,0.6248866319656372,0.6703764796257019
1790031590130477600,22.0644775390625,-0.023942016065120697,0.6560112833976746,0.47405192255973816
1790031590200545800,22.1345458984375,-0.27054479718208313,1.4053963422775269,0.35673606395721436
1790031590260574000,22.194573974609376,-0.7326257228851318,2.741360902786255,0.033518824726343155
1790031590330733800,22.26473388671875,-1.0462661981582642,2.7892448902130127,0.05027823522686958
1790031590380813000,22.31481298828125,-1.256955862045288,3.4189200401306152,-1.01753568649292
1790031590430862000,22.364862060546876,-1.4700398445129395,2.0422539710998535,-1.2713210582733154
1790031590500930300,22.434930419921876,-2.073378562927246,1.1516109704971313,-1.0606313943862915
1790031590560989000,22.494989013671876,-2.3343467712402344,1.4293384552001953,-1.7094600200653076
1790031590570998800,22.504998779296876,-1.6136919260025024,0.6129156351089478,-1.113303780555725
1790031590580978000,22.51497802734375,-1.5729905366897583,0.7541735172271729,-1.501164436340332
1790031590591018200,22.525018310546876,-2.0183119773864746,0.4836287498474121,-2.408566951751709
1790031590600997400,22.534997314453125,-2.3702597618103027,0.5027823448181152,-2.674323320388794
1790031590641067000,22.57506689453125,-2.3367409706115723,0.19871874153614044,-1.886630892753601
1790031590651076900,22.585076904296876,-2.607285737991333,0.10534487664699554,-2.3702597618103027
1790031590661056000,22.595055908203125,-2.8658595085144043,-0.3878606855869293,-2.3104045391082764
1790031590671126800,22.605126708984375,-2.695871114730835,-0.31603461503982544,-2.1954829692840576
1790031590681136600,22.61513671875,-2.6001031398773193,-0.49320554733276367,-2.097320795059204
1790031590691146500,22.625146484375,-2.6599581241607666,-0.016759412363171577,-2.583343744277954
1790031590701125600,22.635125732421876,-2.8610711097717285,0.7206547260284424,-3.047818660736084
1790031590731185400,22.665185302734375,-3.066972494125366,-0.4812345504760742,-2.0877439975738525
1790031590741164800,22.675164794921876,-2.631227731704712,-1.6927006244659424,-2.183511972427368
1790031590751204900,22.685204833984375,-2.31758713722229,-1.3503297567367554,-2.540247917175293
1790031590761214700,22.695214599609375,-2.5091233253479004,-0.8259995579719543,-2.8203697204589844
1790031590771224600,22.705224609375,-2.7006595134735107,-1.3096283674240112,-2.676717519760132
1790031590781234200,22.715234130859375,-3.19865345954895,-1.922544002532959,-2.1380221843719482
1790031590791244000,22.725244140625,-3.272873640060425,-1.7166426181793213,-1.6950948238372803
1790031590801254000,22.73525390625,-3.337517261505127,-1.886630892753601,-1.4652514457702637
1790031590821243000,22.755242919921876,-2.4444799423217773,-3.818751811981201,-1.4987702369689941
1790031590861312500,22.7953125,-2.2697031497955322,-2.5330653190612793,-1.7046716213226318
1790031590881332000,22.81533203125,-1.9847931861877441,-3.773261785507202,-1.0893617868423462
1790031590891341800,22.825341796875,-2.1787235736846924,-3.869029998779297,-1.414973258972168
1790031590901351400,22.835351318359375,-1.98958158493042,-4.132391929626465,-1.53707754611969
1790031590921432000,22.85543212890625,-1.8794482946395874,-4.649539470672607,-0.6560112833976746
1790031590941451500,22.875451416015625,-1.5969325304031372,-5.178658485412598,-1.0414776802062988
1790031590951491800,22.885491943359376,-1.5179238319396973,-4.577713489532471,-1.070208191871643
1790031590961501700,22.895501708984376,-1.3024457693099976,-4.548983097076416,-1.0749965906143188
1790031590971511300,22.90551123046875,-1.3407529592514038,-4.807557106018066,-1.1085153818130493
1790031590991500300,22.925500244140625,-1.7262194156646729,-4.963180065155029,-0.0933738648891449
1790031591001510100,22.93551025390625,-1.6424223184585571,-4.908113479614258,-0.08140286058187485
1790031591031570000,22.96556982421875,-1.4053963422775269,-5.384559631347656,-0.33279404044151306
1790031591041579800,22.975579833984376,-1.2114660739898682,-5.468356609344482,-0.45250412821769714
1790031591051620000,22.9856201171875,-1.4484920501708984,-5.497087001800537,-0.2825157940387726
1790031591061629700,22.995629638671875,-1.8938134908676147,-5.394136428833008,-0.1628057211637497
1790031591071670000,23.005669921875,-2.1164743900299072,-5.104437828063965,-0.0454898327589035
1790031591081710300,23.01571044921875,-1.6136919260025024,-5.125985622406006,-0.33518823981285095
1790031591091720200,23.02572021484375,-1.6089035272598267,-4.613626480102539,-0.4620809257030487
1790031591101729800,23.035729736328125,-1.7381904125213623,-4.575319290161133,-0.2561795711517334
1790031591121749500,23.05574951171875,-1.5059528350830078,-4.422090530395508,-0.040701430290937424
1790031591171828700,23.105828857421876,-1.534683346748352,-3.7253777980804443,-0.8427590131759644
1790031591231917800,23.165917724609375,-1.5729905366897583,-2.9879636764526367,-0.7996633648872375
1790031591261947100,23.195947021484375,-2.8802247047424316,-2.7724854946136475,-1.0965443849563599
1790031591271957000,23.20595703125,-2.9161376953125,-1.5634137392044067,-0.5793967843055725
1790031591281997300,23.215997314453126,-2.0805611610412598,-0.6751648783683777,-0.6631938815116882
1790031591292007000,23.2260068359375,-1.1851298809051514,-0.3711012601852417,-1.2114660739898682
1790031591322066700,23.256066650390625,-2.5689783096313477,-1.601720929145813,-1.1204863786697388
1790031591342116900,23.276116943359376,-2.7030537128448486,-1.8195933103561401,-0.06703764945268631
1790031591352126700,23.286126708984376,-2.382230758666992,-0.9911994934082031,-0.8164227604866028
1790031591392135200,23.32613525390625,-2.2170307636260986,-0.5315127968788147,-1.1228805780410767
1790031591422195000,23.35619482421875,-2.626439332962036,-0.6320692300796509,-1.7262194156646729
1790031591432235300,23.3662353515625,-2.183511972427368,1.1061211824417114,-2.0685901641845703
1790031591442245000,23.3762451171875,-1.8770540952682495,0.7230489253997803,-1.9943699836730957
1790031591452285400,23.386285400390626,-1.4867992401123047,-0.3711012601852417,-1.900996208190918
1790031591462295000,23.396294921875,-2.032677173614502,-0.5937620401382446,-1.5634137392044067
1790031591482314500,23.416314453125,-2.935291290283203,-1.072602391242981,-1.335964560508728
1790031591492294000,23.4262939453125,-3.222595453262329,-0.5267243981361389,-1.039083480834961
1790031591502334200,23.436334228515626,-2.9544448852539062,-0.19153612852096558,-0.7972691655158997
1790031591512343800,23.44634375,-2.075772762298584,-0.22505496442317963,-1.213860273361206
1790031591542373000,23.476373046875,-1.6903064250946045,-0.47644615173339844,-1.9321208000183105
1790031591552383000,23.486383056640626,-2.212242364883423,-0.11013327538967133,-2.0183119773864746
1790031591562392800,23.496392822265626,-2.801215887069702,0.6703764796257019,-2.3127987384796143
1790031591572402400,23.50640234375,-2.7940332889556885,1.3479355573654175,-1.9488801956176758
1790031591642471000,23.576470947265626,-2.0398597717285156,1.6927006244659424,-2.207453966140747
1790031591652480500,23.58648046875,-2.032677173614502,1.3215993642807007,-1.745373010635376
1790031591662490400,23.596490478515626,-1.8602946996688843,1.3000515699386597,-1.522712230682373
1790031591692519700,23.626519775390626,-1.1204863786697388,-0.33279404044151306,-1.2234370708465576
1790031591712539100,23.6465390625,-1.1659762859344482,0.8188169598579407,-1.9249382019042969
1790031591722549000,23.656549072265626,-1.4460978507995605,0.6560112833976746,-2.073378562927246
1790031591732589300,23.66658935546875,-1.558625340461731,0.43335050344467163,-1.5849615335464478
1790031591752608800,23.68660888671875,-1.6735470294952393,0.0933738648891449,-1.292868971824646
1790031591762588200,23.696588134765626,-1.3048399686813354,1.0534487962722778,-1.3694833517074585
1790031591772597800,23.70659765625,-0.7613561153411865,1.1276689767837524,-1.3527239561080933
1790031591782607600,23.716607666015626,-0.43095630407333374,0.8379706144332886,-1.3072341680526733
1790031591802627000,23.736626953125,-0.8978256583213806,0.3711012601852417,-1.3215993642807007
1790031591812637000,23.746636962890626,-0.8690952062606812,-0.4141969084739685,-1.0319008827209473
1790031591822616000,23.756615966796875,-0.828393816947937,-0.24899697303771973,-0.8355764150619507
1790031591832656400,23.766656494140626,-0.9097966551780701,0.22026655077934265,-1.1492167711257935
1790031591852706600,23.78670654296875,-0.706289529800415,0.42377370595932007,-0.9983820915222168
1790031591862716200,23.796716064453125,-0.7493851184844971,0.33758243918418884,-1.070208191871643
1790031591872726000,23.80672607421875,-0.8140285611152649,-0.028730420395731926,-1.2258312702178955
1790031591902816300,23.836816162109375,-1.039083480834961,-0.1149216815829277,-0.8379706144332886
1790031591922836000,23.8568359375,-0.9528923034667969,0.3495534360408783,-0.7876923680305481
1790031591972945700,23.906945556640625,-0.8331822156906128,-0.09576806426048279,-0.7541735172271729
1790031592003005400,23.93700537109375,-0.5841852426528931,-0.038307227194309235,-0.48602294921875
1790031592013015300,23.947015380859376,-0.6727706789970398,-0.2346317619085312,-0.3663128614425659
1790031592023055600,23.9570556640625,-0.5626373887062073,-0.47884035110473633,-0.3663128614425659
1790031592033065200,23.967065185546875,-0.4836287498474121,-0.5841852426528931,-0.3926490843296051
1790031592043075000,23.977074951171875,-0.2944868206977844,-0.5195417404174805,-0.5506663918495178
1790031592053054500,23.987054443359376,-0.31124621629714966,0.002394201699644327,-0.586579442024231
1790031592073104400,24.0071044921875,-0.45010992884635925,-0.1867477297782898,-0.5386953949928284
1790031592083144700,24.017144775390626,-0.3208230137825012,-0.4357447028160095,-0.44771572947502136
1790031592093154600,24.027154541015626,-0.4118026793003082,-0.5051765441894531,-0.31364041566848755
1790031592123183900,24.057183837890626,-0.5961562395095825,-0.28730419278144836,-0.44532153010368347
1790031592173263000,24.10726318359375,-0.8164227604866028,-0.7948749661445618,-0.2753331959247589
1790031592243423000,24.177423095703126,-0.26096799969673157,-0.3663128614425659,-0.49320554733276367
1790031592253432800,24.187432861328126,-0.26096799969673157,-0.4668693244457245,-0.19871874153614044
1790031592263473200,24.19747314453125,-0.2082955539226532,-0.7134721279144287,-0.06464344263076782
1790031592273482800,24.207482666015625,-0.3471592366695404,-0.6344634294509888,-0.12210428714752197
1790031592283462100,24.217462158203126,-0.27054479718208313,-0.6177040338516235,-0.31124621629714966
1790031592293502500,24.22750244140625,-0.09816227108240128,-0.49320554733276367,-0.3471592366695404
1790031592323562200,24.257562255859376,0.2106897532939911,-0.36152446269989014,-0.19393034279346466
1790031592333571800,24.26757177734375,0.014365210197865963,-0.4429273009300232,-0.1867477297782898
1790031592343581700,24.277581787109376,-0.047884032130241394,-0.6847416758537292,-0.07182604819536209
1790031592413680600,24.3476806640625,-0.12210428714752197,-0.44532153010368347,0.0933738648891449
1790031592493789200,24.4277890625,-0.05506663769483566,0.004788403399288654,0.05746084079146385
1790031592503829500,24.43782958984375,0.004788403399288654,0.004788403399288654,0.047884032130241394
1790031592513839400,24.44783935546875,-0.22505496442317963,0.1843535304069519,0.40701428055763245
1790031592523879400,24.45787939453125,-0.10295066982507706,0.10534487664699554,0.5171475410461426
1790031592533889300,24.46788916015625,0.043095629662275314,0.2513911724090576,0.5530605912208557
1790031592543899100,24.477899169921876,-0.06703764945268631,0.524330198764801,0.2944868206977844
1790031592553939500,24.487939453125,-0.05746084079146385,0.4668693244457245,0.4118026793003082
1790031592583999200,24.517999267578126,-0.13407529890537262,0.7350199222564697,0.5961562395095825
1790031592604018700,24.538018798828126,-0.2059013396501541,0.9576807022094727,0.6919242739677429
1790031592664077300,24.598077392578126,-0.4357447028160095,1.7525556087493896,0.7158663272857666
1790031592734298400,24.66829833984375,-1.5466543436050415,3.0406360626220703,0.6440402865409851
1790031592744308000,24.678307861328125,-2.070984363555908,1.745373010635376,0.5291185975074768
1790031592754317800,24.68831787109375,-1.9584569931030273,1.1204863786697388,0.6943184733390808
1790031592764327400,24.698327392578125,-2.030282974243164,2.319981336593628,0.7110779285430908
1790031592774337300,24.708337158203125,-2.051830768585205,3.090914487838745,0.05506663769483566
1790031592784347100,24.71834716796875,-1.7381904125213623,3.3638534545898438,-0.19393034279346466
1790031592804397000,24.73839697265625,-1.2066776752471924,5.2265424728393555,-0.3064578175544739
1790031592814407000,24.748406982421876,-1.3838485479354858,4.584896087646484,-0.5051765441894531
1790031592824416800,24.758416748046876,-1.522712230682373,3.620033025741577,-0.5219359993934631
1790031592844466700,24.778466796875,-1.5538369417190552,2.8874073028564453,-0.22505496442317963
1790031592854476500,24.7884765625,-1.5442601442337036,2.2146365642547607,-0.36152446269989014
1790031592864486100,24.798486083984375,-1.3407529592514038,2.008735179901123,-0.5434837937355042
1790031592874496000,24.80849609375,-1.8171991109848022,2.4205379486083984,-0.586579442024231
1790031592894546200,24.828546142578126,-1.623268723487854,1.9297266006469727,-0.8044517636299133
1790031592904617000,24.838616943359376,-1.7812861204147339,1.764526605606079,-1.1180921792984009
1790031592914626600,24.84862646484375,-1.656787633895874,1.625662922859192,-1.1659762859344482
1790031592924636400,24.858636474609376,-1.723825216293335,1.9393033981323242,-1.158793568611145
1790031592934646300,24.868646240234376,-1.8770540952682495,2.0398597717285156,-1.1324573755264282
1790031592944656000,24.87865576171875,-1.8052281141281128,1.5729905366897583,-1.0965443849563599
1790031592954696200,24.8886962890625,-1.965639591217041,1.6831238269805908,-1.5131354331970215
1790031592964706000,24.8987060546875,-2.3702597618103027,0.7972691655158997,-1.6208745241165161
1790031592974715600,24.908715576171875,-2.3582887649536133,0.3734954595565796,-1.3215993642807007
1790031592984695000,24.918695068359376,-2.7006595134735107,0.5051765441894531,-1.170764684677124
1790031593004775400,24.938775390625,-2.7964274883270264,0.2801215946674347,-1.3958195447921753
1790031593014785300,24.948785400390626,-2.693476915359497,0.4644751250743866,-1.6711528301239014
1790031593024795100,24.958795166015626,-2.389413356781006,0.35673606395721436,-1.8076223134994507
1790031593034804700,24.9688046875,-2.63362193107605,0.8307880163192749,-1.702277421951294
1790031593054855000,24.98885498046875,-2.5091233253479004,0.7134721279144287,-1.3335703611373901
1790031593064895200,24.998895263671876,-2.5737667083740234,1.0055646896362305,-1.5610195398330688
1790031593074904800,25.00890478515625,-2.3247697353363037,0.2561795711517334,-1.8531121015548706
1790031593084945200,25.018945068359375,-2.056619167327881,0.038307227194309235,-2.3487119674682617
1790031593094955000,25.028955078125,-2.33913516998291,0.2561795711517334,-2.738966703414917
1790031593104995300,25.038995361328126,-2.365471363067627,-0.5602431893348694,-2.3271639347076416
1790031593115035600,25.04903564453125,-2.647987127304077,-0.3878606855869293,-2.360682964324951
1790031593125076000,25.059075927734376,-2.8634653091430664,-0.5961562395095825,-2.434903144836426
1790031593135055000,25.06905517578125,-2.7246015071868896,-0.9983820915222168,-2.185906171798706
1790031593155135700,25.0891357421875,-2.449268341064453,-0.21787235140800476,-2.0901381969451904
1790031593165115000,25.099114990234376,-2.537853717803955,-0.3711012601852417,-2.4229321479797363
1790031593175155200,25.1091552734375,-2.5067291259765625,-0.9983820915222168,-2.4588451385498047
1790031593235244300,25.169244384765626,-1.944091796875,-0.6248866319656372,-2.4396915435791016
1790031593265273600,25.199273681640626,-2.3295583724975586,-1.9728221893310547,-1.3958195447921753
1790031593325393200,25.25939306640625,-1.6112977266311646,-2.365471363067627,-1.501164436340332
1790031593385513000,25.319512939453126,-1.5490485429763794,-2.537853717803955,-1.1180921792984009
1790031593415572700,25.34957275390625,-2.3582887649536133,-4.273650169372559,-1.158793568611145
1790031593455733800,25.389733642578125,-2.4851813316345215,-3.9647979736328125,-0.646434485912323
1790031593545882600,25.479882568359375,-1.0606313943862915,-5.056553840637207,0.090979665517807
1790031593555953400,25.489953369140625,-0.8930372595787048,-5.310339450836182,0.1604115068912506
1790031593565963300,25.49996337890625,-0.9864110946655273,-5.322310447692871,0.47644615173339844
1790031593575973000,25.50997314453125,-0.7565677165985107,-5.058948040008545,0.43095630407333374
1790031593585982700,25.519982666015625,-0.6488286852836609,-4.910507678985596,0.14844051003456116
1790031593606002400,25.54000244140625,-1.0007762908935547,-4.93923807144165,0.24899697303771973
1790031593616012000,25.550011962890625,-1.1779472827911377,-5.135562419891357,0.2106897532939911
1790031593626052400,25.56005224609375,-1.1635819673538208,-4.881777286529541,0.7613561153411865
1790031593646102500,25.5801025390625,-1.1779472827911377,-4.3622355461120605,0.6009446382522583
1790031593666152400,25.60015234375,-1.3048399686813354,-3.9264907836914062,-0.14844051003456116
1790031593726272300,25.660272216796876,-2.6623523235321045,-3.2178070545196533,-0.026336219161748886
1790031593756332000,25.69033203125,-2.6839001178741455,-2.8874073028564453,-0.3711012601852417
1790031593766341600,25.700341552734375,-2.935291290283203,-2.9233202934265137,-0.5674257874488831
1790031593776351500,25.7103515625,-3.026270866394043,-2.9041666984558105,-0.49320554733276367
1790031593786391800,25.720391845703126,-3.2632968425750732,-2.3319525718688965,-0.8044517636299133
1790031593796401400,25.7304013671875,-3.1220390796661377,-1.5753847360610962,-1.292868971824646
1790031593806411300,25.740411376953126,-2.7269957065582275,-0.7469909191131592,-1.5825673341751099
1790031593836440600,25.770440673828126,-2.231395959854126,-2.851494312286377,-1.1061211824417114
1790031593846481000,25.78048095703125,-2.911349296569824,-2.9065608978271484,-1.381454348564148
1790031593856490800,25.79049072265625,-3.5051112174987793,-1.802833914756775,-1.647210717201233
1790031593866500400,25.800500244140625,-3.907337188720703,-0.10773907601833344,-1.8986018896102905
1790031593876540700,25.810540771484376,-3.4739866256713867,0.009576806798577309,-1.479616641998291
1790031593886550500,25.820550537109376,-2.4803929328918457,0.040701430290937424,-1.2952631711959839
1790031593896560000,25.83056005859375,-2.0590133666992188,-0.49320554733276367,-1.6879122257232666
1790031593906570000,25.840570068359376,-2.343923568725586,-0.47884035110473633,-2.013523578643799
1790031593926620000,25.860619873046875,-3.1962592601776123,-0.11252748221158981,-1.9608511924743652
1790031593936660200,25.87066015625,-2.8850131034851074,0.9624691009521484,-1.8100165128707886
1790031593946700500,25.880700439453125,-2.765302896499634,2.1930887699127197,-2.0446481704711914
1790031593956710400,25.89071044921875,-2.1715409755706787,1.4053963422775269,-2.4157495498657227
1790031593966750700,25.900750732421876,-1.8579005002975464,-1.4460978507995605,-2.1308395862579346
1790031593976760300,25.91076025390625,-1.9800047874450684,-1.50355863571167,-1.8339585065841675
1790031593986770200,25.920770263671876,-3.155557870864868,-0.1843535304069519,-2.032677173614502
1790031593996810500,25.930810546875,-3.584120035171509,0.23942017555236816,-1.8986018896102905
1790031594006820400,25.9408203125,-2.8993782997131348,-0.035913024097681046,-1.4317326545715332
1790031594016860400,25.9508603515625,-2.2601263523101807,0.6607996821403503,-1.235408067703247
1790031594026870300,25.960870361328126,-1.8770540952682495,2.1116859912872314,-1.8722656965255737
1790031594036880100,25.970880126953126,-1.3958195447921753,1.4460978507995605,-2.27209734916687
1790031594046920400,25.98092041015625,-1.1444283723831177,0.6200982332229614,-2.0853497982025146
1790031594056930000,25.990929931640625,-1.843535304069519,0.14604631066322327,-1.8171991109848022
1790031594066970400,26.000970458984376,-2.049436569213867,-0.9193734526634216,-1.3527239561080933
1790031594087020500,26.0210205078125,-2.1715409755706787,0.5602431893348694,-1.3838485479354858
1790031594097060600,26.031060546875,-1.699883222579956,0.5219359993934631,-1.9297266006469727
1790031594117049600,26.051049560546875,-1.501164436340332,1.434126853942871,-2.3942017555236816
1790031594197188900,26.13118896484375,-1.400607943534851,0.7230489253997803,-1.601720929145813
1790031594207229200,26.141229248046876,-1.6735470294952393,-0.5099649429321289,-1.2832920551300049
1790031594217239000,26.151239013671876,-1.525106430053711,-1.4508862495422363,-0.9840168952941895
1790031594237289000,26.1712890625,-1.8195933103561401,0.5482721924781799,-1.6112977266311646
1790031594247298800,26.181298828125,-1.3503297567367554,0.9409212470054626,-1.845929503440857
1790031594257339100,26.191339111328126,-1.216254472732544,1.5945383310317993,-1.7884687185287476
1790031594267348700,26.2013486328125,-1.0773907899856567,1.137245774269104,-1.3838485479354858
1790031594277358600,26.211358642578126,-0.9193734526634216,0.5051765441894531,-1.0558429956436157
1790031594287368400,26.221368408203126,-1.1300631761550903,-0.33039984107017517,-1.0893617868423462
1790031594297378000,26.2313779296875,-1.0821791887283325,-0.8930372595787048,-1.0965443849563599
1790031594307388000,26.241387939453126,-1.1085153818130493,0.3256114423274994,-1.015141487121582
1790031594317428200,26.25142822265625,-1.0414776802062988,0.6057330369949341,-1.1779472827911377
1790031594327437800,26.261437744140625,-0.7781155705451965,1.161187767982483,-1.625662922859192
1790031594337447700,26.27144775390625,-0.5722141861915588,1.2449848651885986,-1.5538369417190552
1790031594387527000,26.32152685546875,-0.9528923034667969,-0.6847416758537292,-1.0558429956436157
1790031594417617400,26.351617431640626,-1.1348515748977661,0.3423708379268646,-0.5985504388809204
1790031594437667300,26.371667236328125,-0.7038952708244324,0.24420857429504395,-0.30885201692581177
1790031594457687000,26.39168701171875,-1.072602391242981,-0.28730419278144836,-0.31603461503982544
1790031594467696600,26.401696533203125,-1.1827356815338135,-0.8379706144332886,-0.2585737705230713
1790031594477706500,26.41170654296875,-0.912190854549408,-1.0127472877502441,-0.21308395266532898
1790031594487716000,26.421716064453125,-0.9840168952941895,-0.35913026332855225,-0.24660277366638184
1790031594497756400,26.43175634765625,-1.1085153818130493,-0.12928688526153564,-0.3495534360408783
1790031594507766300,26.441766357421876,-0.8523358106613159,-0.4141969084739685,-0.629675030708313
1790031594517776100,26.451776123046876,-0.8331822156906128,-0.4357447028160095,-0.5482721924781799
1790031594527755300,26.46175537109375,-0.9576807022094727,-0.33997663855552673,-0.3711012601852417
1790031594537795600,26.471795654296876,-0.8882488012313843,-0.5363011956214905,-0.4596867263317108
1790031594567794400,26.50179443359375,-0.33997663855552673,-0.15322890877723694,-0.272938996553421
1790031594577804000,26.511803955078125,-0.33039984107017517,-0.19153612852096558,-0.05985504388809204
1790031594587844400,26.52184423828125,-0.35434186458587646,-0.24660277366638184,-0.31842881441116333
1790031594607863800,26.54186376953125,-0.4572925269603729,-0.31603461503982544,-0.2537853717803955
1790031594637923800,26.571923828125,-0.4213795065879822,-0.5267243981361389,0
1790031594657943300,26.591943359375,-0.5985504388809204,-0.08858546614646912,-0.12449848651885986
1790031594677962800,26.611962646484375,-0.6512228846549988,0.05267243832349777,-0.15801730751991272
1790031594697982200,26.631982177734375,-0.5985504388809204,-0.38307225704193115,-0.1628057211637497
1790031594718032400,26.652032470703126,-0.7038952708244324,-0.6871358752250671,-0.19153612852096558
1790031594728042200,26.662042236328126,-0.8259995579719543,-0.44532153010368347,-0.5363011956214905
1790031594778091000,26.712091064453126,-0.24181437492370605,-0.3734954595565796,-0.014365210197865963
1790031594838149600,26.772149658203126,-0.1604115068912506,-0.14604631066322327,-0.2322375625371933
1790031594898269200,26.832269287109376,-0.10534487664699554,-0.14365209639072418,-0.38546648621559143
1790031594928298500,26.862298583984376,-0.272938996553421,0.026336219161748886,-0.028730420395731926
1790031594948318000,26.88231787109375,-0.38067805767059326,-0.5602431893348694,0.2585737705230713
1790031594958358300,26.892358154296875,-0.31124621629714966,-0.6655880808830261,-0.028730420395731926
1790031594968368000,26.9023681640625,-0.49559974670410156,-0.3758896589279175,-0.21787235140800476
1790031594978408400,26.912408447265626,-0.5147533416748047,-0.33997663855552673,-0.33997663855552673
1790031594988448800,26.92244873046875,-0.42377370595932007,0.1412578970193863,-0.15083470940589905
1790031594998458400,26.932458251953125,-0.08379705995321274,0.10534487664699554,-0.047884032130241394
1790031595008468200,26.94246826171875,-0.1173158809542656,0.035913024097681046,-0.021547814831137657
1790031595018477800,26.952477783203125,-0.19153612852096558,-0.05027823522686958,-0.12210428714752197
1790031595028487700,26.96248779296875,-0.1173158809542656,-0.1843535304069519,-0.10773907601833344
1790031595038497500,26.97249755859375,-0.17717093229293823,-0.19632454216480255,-0.2298433631658554
1790031595048507100,26.982507080078125,-0.24181437492370605,-0.3447650372982025,-0.3734954595565796
1790031595068496100,27.00249609375,-0.22744916379451752,-0.3926490843296051,-0.22266076505184174
1790031595078536400,27.012536376953125,-0.10295066982507706,-0.3687070608139038,-0.3758896589279175
1790031595088515800,27.022515869140626,-0.2059013396501541,-0.2513911724090576,-0.42377370595932007
1790031595098556200,27.03255615234375,-0.10534487664699554,-0.3734954595565796,-0.5817909836769104
1790031595108565800,27.042565673828125,0.05746084079146385,-0.24660277366638184,-0.5267243981361389
1790031595118575600,27.05257568359375,0.009576806798577309,-0.3064578175544739,-0.48602294921875
1790031595148635400,27.082635498046876,-0.1604115068912506,-0.5291185975074768,-0.19153612852096558
1790031595158645200,27.092645263671876,-0.15083470940589905,-0.6703764796257019,-0.10773907601833344
1790031595168624400,27.102624267578125,-0.15562310814857483,-0.751779317855835,-0.08619125932455063
1790031595188674600,27.122674560546876,-0.0933738648891449,-0.7757213711738586,-0.18914192914962769
1790031595198653700,27.13265380859375,0,-0.47644615173339844,-0.24899697303771973
1790031595208663600,27.14266357421875,0.1149216815829277,-0.3758896589279175,-0.24181437492370605
1790031595218704000,27.152703857421876,0.10773907601833344,-0.3998316824436188,-0.12449848651885986
1790031595228713500,27.16271337890625,-0.009576806798577309,-0.5003881454467773,-0.11252748221158981
1790031595248733200,27.182733154296876,0.05506663769483566,-0.3064578175544739,-0.21308395266532898
1790031595258742800,27.19274267578125,0.11013327538967133,-0.3208230137825012,-0.07900865375995636
1790031595268783000,27.202783203125,0.021547814831137657,-0.2944868206977844,0.07422025501728058
1790031595278793000,27.21279296875,0.18914192914962769,-0.31364041566848755,0.20350714027881622
1790031595298843000,27.2328427734375,0.026336219161748886,-0.22266076505184174,-0.09816227108240128
1790031595308852700,27.242852783203126,0.05027823522686958,-0.24899697303771973,-0.05506663769483566
1790031595318893000,27.25289306640625,0.004788403399288654,-0.17717093229293823,-0.10295066982507706
1790031595328902700,27.262902587890625,0.1149216815829277,0.028730420395731926,-0.023942016065120697
1790031595338943000,27.27294287109375,0.021547814831137657,-0.031124621629714966,-0.0071826050989329815
1790031595348983300,27.2829833984375,0.15562310814857483,-0.040701430290937424,0.07182604819536209
1790031595358993200,27.2929931640625,0.06464344263076782,-0.011971008032560349,0.05267243832349777
1790031595439163000,27.373162841796876,0.1628057211637497,-0.06703764945268631,-0.05746084079146385
1790031595499282400,27.433282470703126,0.11013327538967133,-0.2322375625371933,0.18914192914962769
1790031595589400800,27.52340087890625,0.07182604819536209,0.033518824726343155,0.15083470940589905
1790031595619399700,27.553399658203126,0.033518824726343155,0.1388636976480484,-0.05027823522686958
1790031595629439700,27.563439697265625,0.16998831927776337,0.08858546614646912,0.05506663769483566
1790031595639480000,27.57347998046875,0.3711012601852417,0.10295066982507706,-0.038307227194309235
1790031595649490000,27.583489990234376,0.20350714027881622,0.1843535304069519,-0.21787235140800476
1790031595679549700,27.6135498046875,0.24181437492370605,-0.038307227194309235,0.1628057211637497
1790031595689559600,27.6235595703125,0.10773907601833344,-0.023942016065120697,-0.19632454216480255
1790031595729690000,27.663690185546876,0.15562310814857483,0.14604631066322327,0.047884032130241394
1790031595749709600,27.68370947265625,0.090979665517807,0.22266076505184174,0.09816227108240128
1790031595759719400,27.693719482421876,0.016759412363171577,0.1388636976480484,-0.0454898327589035
1790031595769729300,27.703729248046876,0.043095629662275314,0.1149216815829277,0.016759412363171577
1790031595789748700,27.723748779296876,0.13407529890537262,0.028730420395731926,0.07182604819536209
1790031595799758300,27.73375830078125,0.16998831927776337,0.16759411990642548,0.035913024097681046
1790031595809768200,27.743768310546876,0.07182604819536209,0.19153612852096558,-0.17956513166427612
1790031595819747600,27.75374755859375,0.011971008032560349,-0.0071826050989329815,-0.038307227194309235
1790031595829818400,27.763818359375,0.12449848651885986,0.05506663769483566,0.047884032130241394
1790031595839828000,27.773827880859375,0.0454898327589035,-0.0454898327589035,-0.016759412363171577
1790031595849837800,27.783837890625,0.05506663769483566,-0.10055647045373917,0.05506663769483566
1790031595859817000,27.79381689453125,0.019153613597154617,-0.014365210197865963,-0.05506663769483566
1790031595869887700,27.8038876953125,0.0694318488240242,0.1149216815829277,0.038307227194309235
1790031595879928000,27.813927978515625,0.08858546614646912,-0.047884032130241394,0.12210428714752197
1790031595899917000,27.8339169921875,-0.047884032130241394,-0.09576806426048279,0.035913024097681046
1790031595909957400,27.843957275390625,0.0694318488240242,-0.08858546614646912,0.06703764945268631
1790031595919967200,27.85396728515625,0.002394201699644327,-0.05506663769483566,-0.028730420395731926
1790031595929977000,27.86397705078125,0.08140286058187485,-0.009576806798577309,-0.06464344263076782
1790031595939986700,27.873986572265625,0.06703764945268631,0.043095629662275314,-0.011971008032560349
1790031595949996500,27.88399658203125,0.16519992053508759,-0.08619125932455063,0.14365209639072418
1790031595970016000,27.90401611328125,0.05267243832349777,-0.026336219161748886,-0.05746084079146385
1790031595980025900,27.91402587890625,-0.05506663769483566,-0.040701430290937424,-0.13407529890537262
1790031596080276000,28.01427587890625,0.05027823522686958,-0.181959331035614,-0.026336219161748886
1790031596090285800,28.024285888671876,0.26815059781074524,-0.2777273952960968,0.26336219906806946
1790031596100295700,28.034295654296876,0.05267243832349777,-0.019153613597154617,0.038307227194309235
1790031596120315100,28.054315185546876,-0.08858546614646912,-0.035913024097681046,-0.08858546614646912
1790031596130325000,28.064324951171876,0.026336219161748886,-0.13407529890537262,0.004788403399288654
1790031596140365000,28.074364990234375,0.14365209639072418,-0.1628057211637497,0.16998831927776337
1790031596150375000,28.084375,0.10534487664699554,-0.08379705995321274,0.07900865375995636
1790031596160384800,28.094384765625,0.12689268589019775,-0.1388636976480484,-0.16998831927776337
1790031596170425000,28.104425048828126,0.17238251864910126,-0.10773907601833344,-0.05027823522686958
1790031596200454100,28.1344541015625,0.15322890877723694,-0.16519992053508759,0.035913024097681046
1790031596210464000,28.144464111328126,0.1173158809542656,-0.10055647045373917,-0.040701430290937424
1790031596220473900,28.154473876953126,0.033518824726343155,-0.1604115068912506,-0.011971008032560349
1790031596240493300,28.174493408203126,0.05506663769483566,-0.21547815203666687,0.09816227108240128
1790031596250503200,28.184503173828126,0.17956513166427612,-0.14365209639072418,-0.181959331035614
1790031596260512800,28.1945126953125,0.1364694982767105,-0.047884032130241394,-0.12449848651885986
1790031596300552000,28.234552001953126,-0.009576806798577309,-0.15083470940589905,-0.14365209639072418
1790031596310561800,28.244561767578126,-0.07182604819536209,-0.05746084079146385,-0.17717093229293823
1790031596330581200,28.264581298828126,0.1149216815829277,-0.004788403399288654,0.2082955539226532
1790031596360641000,28.29464111328125,0.26575639843940735,0.07182604819536209,-0.12449848651885986
