time,seconds_elapsed,x,z,y
1790031855108187400,0.1121875,0.002394201699644327,-0.07182604819536209,0.13168109953403473
1790031855118197000,0.122197021484375,0.05027823522686958,-0.4381389021873474,-0.2585737705230713
1790031855128106800,0.132106689453125,0.10055647045373917,0.043095629662275314,0.21787235140800476
1790031855137947100,0.141947021484375,0.043095629662275314,-0.11971008777618408,0.15562310814857483
1790031855147756800,0.1517568359375,0.040701430290937424,-0.16519992053508759,0.06224924325942993
1790031855157797000,0.161797119140625,-0.004788403399288654,-0.2298433631658554,0.07422025501728058
1790031855177816800,0.18181689453125,-0.11252748221158981,-0.5434837937355042,0.021547814831137657
1790031855197866800,0.20186669921875,0.07422025501728058,-0.272938996553421,-0.06464344263076782
1790031855237997300,0.241997314453125,0.08619125932455063,0.009576806798577309,0.14365209639072418
1790031855278097400,0.282097412109375,0.031124621629714966,-0.2106897532939911,0.004788403399288654
1790031855328115700,0.33211572265625,-0.019153613597154617,0.10055647045373917,-0.1604115068912506
1790031855348166000,0.352165771484375,-0.05267243832349777,-0.05746084079146385,-0.181959331035614
1790031855368215800,0.3722158203125,0.021547814831137657,-0.002394201699644327,0.028730420395731926
1790031855378195200,0.3821953125,-0.040701430290937424,0.0071826050989329815,-0.002394201699644327
1790031855388204800,0.392204833984375,-0.038307227194309235,0.05746084079146385,-0.07422025501728058
1790031855398245000,0.4022451171875,0.12449848651885986,0.181959331035614,-0.1173158809542656
1790031855408285400,0.412285400390625,0.011971008032560349,0.06464344263076782,0.009576806798577309
1790031855418295300,0.42229541015625,0.07661445438861847,0.043095629662275314,-0.0071826050989329815
1790031855428366000,0.432365966796875,0.11252748221158981,0.07661445438861847,0.06224924325942993
1790031855438375700,0.442375732421875,0.16998831927776337,0.07182604819536209,0.05985504388809204
1790031855468405000,0.472405029296875,0.14844051003456116,0.019153613597154617,0.016759412363171577
1790031855488385500,0.492385498046875,0.004788403399288654,0.07422025501728058,0.08379705995321274
1790031855498395400,0.5023955078125,0.002394201699644327,-0.05267243832349777,-0.016759412363171577
1790031855508405200,0.5124052734375,0.047884032130241394,-0.22505496442317963,0.009576806798577309
1790031855518414800,0.522414794921875,0.15801730751991272,-0.10295066982507706,0.05985504388809204
1790031855528455200,0.532455078125,0.033518824726343155,-0.13407529890537262,0.033518824726343155
1790031855538434600,0.5424345703125,-0.09576806426048279,-0.1388636976480484,0.0933738648891449
1790031855548475000,0.552474853515625,0.11252748221158981,-0.028730420395731926,0.19632454216480255
1790031855568524800,0.57252490234375,0.11971008777618408,-0.1364694982767105,-0.19153612852096558
1790031855578504000,0.58250390625,0.021547814831137657,-0.1604115068912506,-0.05746084079146385
1790031855588544300,0.592544189453125,0.019153613597154617,-0.21787235140800476,0.011971008032560349
1790031855598584600,0.60258447265625,0.05506663769483566,-0.26575639843940735,0.22744916379451752
1790031855608564000,0.61256396484375,-0.009576806798577309,-0.26096799969673157,0.07661445438861847
1790031855618604000,0.62260400390625,0.06224924325942993,-0.22744916379451752,-0.019153613597154617
1790031855628644400,0.632644287109375,0.13407529890537262,-0.14365209639072418,0.009576806798577309
1790031855638684700,0.6426845703125,0.14365209639072418,-0.19393034279346466,-0.040701430290937424
1790031855658704100,0.6627041015625,0.07422025501728058,-0.019153613597154617,-0.023942016065120697
1790031855668714000,0.6727138671875,0.08858546614646912,0.019153613597154617,0.06464344263076782
1790031855678754300,0.68275439453125,0.19393034279346466,-0.021547814831137657,0.07422025501728058
1790031855688794600,0.692794677734375,0.181959331035614,-0.0933738648891449,0.05027823522686958
1790031855698804200,0.70280419921875,0.1412578970193863,-0.08379705995321274,0.08140286058187485
1790031855708814000,0.71281396484375,-0.016759412363171577,-0.035913024097681046,0.038307227194309235
1790031855718854400,0.7228544921875,0,-0.09576806426048279,0.05267243832349777
1790031855728864300,0.7328642578125,0.0933738648891449,0.06703764945268631,0.1364694982767105
1790031855738843400,0.742843505859375,0.028730420395731926,0.016759412363171577,0.07182604819536209
1790031855748883700,0.7528837890625,0.06224924325942993,-0.002394201699644327,-0.028730420395731926
1790031855758862800,0.76286279296875,0.12928688526153564,0.090979665517807,0.0933738648891449
1790031855768903200,0.772903076171875,0.05506663769483566,0.0933738648891449,0.1843535304069519
1790031855778882600,0.782882568359375,-0.019153613597154617,-0.0694318488240242,0.2777273952960968
1790031855788923000,0.7929228515625,-0.0454898327589035,-0.07900865375995636,0.18914192914962769
1790031855798932500,0.802932373046875,-0.0933738648891449,-0.0454898327589035,0.07661445438861847
1790031855808942300,0.8129423828125,0.038307227194309235,-0.07900865375995636,0.10534487664699554
1790031855818952000,0.822951904296875,0.05506663769483566,-0.15083470940589905,0.021547814831137657
1790031855828961800,0.8329619140625,0.028730420395731926,0.014365210197865963,0.05985504388809204
1790031855838971600,0.8429716796875,0.05506663769483566,-0.040701430290937424,0.021547814831137657
1790031855848981200,0.852981201171875,0.05746084079146385,-0.08858546614646912,0.13407529890537262
1790031855859021600,0.863021484375,0.011971008032560349,-0.028730420395731926,0.10295066982507706
1790031855869031400,0.873031494140625,0.08858546614646912,-0.1173158809542656,-0.004788403399288654
1790031855879041300,0.883041259765625,0.043095629662275314,-0.20111294090747833,-0.14365209639072418
1790031855889051000,0.89305078125,0.06224924325942993,-0.0694318488240242,0.1412578970193863
1790031855899060700,0.903060791015625,0.05506663769483566,0.0454898327589035,0.1364694982767105
1790031855929120500,0.93312060546875,0.08379705995321274,0.13407529890537262,0.002394201699644327
1790031855939160800,0.943160888671875,0.038307227194309235,0.1173158809542656,0.09816227108240128
1790031855949170700,0.953170654296875,-0.0454898327589035,-0.08858546614646912,0.0454898327589035
1790031855969220600,0.973220703125,0.11971008777618408,-0.08140286058187485,0.12689268589019775
1790031855989301200,0.99330126953125,0.06224924325942993,-0.090979665517807,0.033518824726343155
1790031855999341600,1.003341552734375,0.10295066982507706,-0.028730420395731926,-0.11013327538967133
1790031856009351200,1.01335107421875,0.1364694982767105,0.12928688526153564,0.07900865375995636
1790031856019361000,1.023361083984375,-0.0071826050989329815,-0.009576806798577309,0.05027823522686958
1790031856029401300,1.0334013671875,0.009576806798577309,0.06224924325942993,-0.043095629662275314
1790031856039441700,1.043441650390625,0.004788403399288654,-0.06464344263076782,-0.1149216815829277
1790031856049451300,1.053451171875,0.10534487664699554,-0.011971008032560349,0.05027823522686958
1790031856069471000,1.073470947265625,0.047884032130241394,0.06464344263076782,-0.14365209639072418
1790031856079480600,1.08348046875,0.002394201699644327,-0.08379705995321274,-0.12210428714752197
1790031856089490400,1.093490478515625,0.1364694982767105,-0.0694318488240242,0
1790031856099500000,1.1035,0.2059013396501541,-0.090979665517807,0.2322375625371933
1790031856109510000,1.113510009765625,0.035913024097681046,-0.11971008777618408,0.24181437492370605
1790031856119550200,1.12355029296875,0.07661445438861847,-0.2849099934101105,0.06464344263076782
1790031856129590500,1.133590576171875,0.038307227194309235,-0.22505496442317963,0
1790031856139630800,1.143630859375,0.10295066982507706,-0.09576806426048279,-0.05027823522686958
1790031856149640400,1.153640380859375,0.08379705995321274,-0.047884032130241394,-0.1628057211637497
1790031856159650300,1.163650390625,0.090979665517807,0.026336219161748886,-0.16759411990642548
1790031856179669800,1.183669677734375,-0.011971008032560349,-0.0694318488240242,0.17477671802043915
1790031856209699000,1.213698974609375,0.0454898327589035,-0.12928688526153564,-0.1604115068912506
1790031856219709000,1.223708984375,-0.05027823522686958,-0.26336219906806946,0.019153613597154617
1790031856229718800,1.23371875,0.09576806426048279,-0.11971008777618408,0.13168109953403473
1790031856239758800,1.2437587890625,0.16519992053508759,-0.17238251864910126,0.22266076505184174
1790031856249768700,1.253768798828125,0.14604631066322327,-0.043095629662275314,0.05027823522686958
1790031856259778600,1.263778564453125,0.14844051003456116,-0.05267243832349777,0.05985504388809204
1790031856269788200,1.2737880859375,0.10055647045373917,-0.1364694982767105,0.07661445438861847
1790031856299848000,1.303847900390625,0.15562310814857483,-0.05267243832349777,-0.21308395266532898
1790031856309857800,1.31385791015625,0.0454898327589035,0.028730420395731926,-0.2298433631658554
1790031856319898000,1.323898193359375,0.021547814831137657,-0.06224924325942993,-0.24899697303771973
1790031856329877200,1.333877197265625,0.08140286058187485,-0.12449848651885986,0.0694318488240242
1790031856339917600,1.34391748046875,0.09576806426048279,0,0.1628057211637497
1790031856349927400,1.353927490234375,-0.004788403399288654,-0.05746084079146385,-0.0454898327589035
1790031856359937300,1.363937255859375,0.2298433631658554,-0.11971008777618408,-0.05027823522686958
1790031856379987200,1.3839873046875,0.10295066982507706,0.043095629662275314,0.10534487664699554
1790031856389997000,1.3939970703125,-0.004788403399288654,0.09816227108240128,0.11971008777618408
1790031856400037400,1.404037353515625,0.002394201699644327,-0.10773907601833344,0.08858546614646912
1790031856410047000,1.414046875,0.05267243832349777,-0.11013327538967133,0.1149216815829277
1790031856420056800,1.424056884765625,-0.026336219161748886,-0.12210428714752197,0.14365209639072418
1790031856430066400,1.43406640625,-0.033518824726343155,-0.014365210197865963,0.14365209639072418
1790031856440045800,1.4440458984375,0.05506663769483566,-0.021547814831137657,0.11971008777618408
1790031856450116600,1.45411669921875,0.07182604819536209,-0.15083470940589905,0.05985504388809204
1790031856460157000,1.464156982421875,-0.016759412363171577,-0.11013327538967133,0.0071826050989329815
1790031856470136000,1.474135986328125,-0.011971008032560349,-0.16519992053508759,-0.07900865375995636
1790031856500195800,1.50419580078125,0.031124621629714966,-0.002394201699644327,0.10295066982507706
1790031856510205700,1.514205810546875,0.20111294090747833,-0.06224924325942993,0.09576806426048279
1790031856520215600,1.524215576171875,0.2082955539226532,0.040701430290937424,0.009576806798577309
1790031856530225200,1.53422509765625,0.08619125932455063,0.035913024097681046,-0.12689268589019775
1790031856540235000,1.544235107421875,0.13407529890537262,-0.090979665517807,-0.07661445438861847
1790031856560285200,1.56428515625,0.12449848651885986,-0.090979665517807,0.2059013396501541
1790031856570264300,1.574264404296875,0.17238251864910126,0,0.009576806798577309
1790031856580304600,1.5843046875,0.08379705995321274,-0.06464344263076782,-0.1173158809542656
1790031856590314200,1.594314208984375,-0.019153613597154617,-0.05746084079146385,-0.07422025501728058
1790031856600324000,1.604323974609375,0.10534487664699554,0.002394201699644327,-0.026336219161748886
1790031856610334000,1.614333984375,0.047884032130241394,-0.07900865375995636,-0.023942016065120697
1790031856620374300,1.624374267578125,0.05746084079146385,-0.12689268589019775,-0.0454898327589035
1790031856630383900,1.6343837890625,0.07900865375995636,-0.11971008777618408,-0.1843535304069519
1790031856640454700,1.64445458984375,0.17956513166427612,-0.014365210197865963,-0.0071826050989329815
1790031856650464500,1.654464599609375,0.18914192914962769,-0.047884032130241394,0.07661445438861847
1790031856660504800,1.6645048828125,0.07182604819536209,-0.028730420395731926,-0.040701430290937424
1790031856680524300,1.684524169921875,0.10773907601833344,-0.10534487664699554,-0.05027823522686958
1790031856690534100,1.6945341796875,0.05267243832349777,-0.11971008777618408,-0.004788403399288654
1790031856720563500,1.7245634765625,0.009576806798577309,-0.08379705995321274,-0.10295066982507706
1790031856730634200,1.73463427734375,0.16519992053508759,0.033518824726343155,-0.033518824726343155
1790031856740643800,1.744643798828125,0.12210428714752197,0.08379705995321274,0.12928688526153564
1790031856750653700,1.75465380859375,-0.004788403399288654,-0.043095629662275314,0.07661445438861847
1790031856760663600,1.76466357421875,0.028730420395731926,-0.15083470940589905,-0.047884032130241394
1790031856770673200,1.774673095703125,0.1604115068912506,-0.15083470940589905,0.1364694982767105
1790031856780713500,1.78471337890625,0.22026655077934265,0.033518824726343155,0.13407529890537262
1790031856790692900,1.79469287109375,0.1604115068912506,-0.05506663769483566,-0.08619125932455063
1790031856810773200,1.814773193359375,0.16519992053508759,-0.028730420395731926,-0.028730420395731926
1790031856820813600,1.8248134765625,0.22026655077934265,-0.047884032130241394,0.10534487664699554
1790031856830854000,1.83485400390625,0.13168109953403473,-0.0694318488240242,0.21308395266532898
1790031856840863700,1.84486376953125,0.023942016065120697,-0.08858546614646912,0.038307227194309235
1790031856850873300,1.854873291015625,0.043095629662275314,0.026336219161748886,-0.13168109953403473
1790031856860883200,1.86488330078125,0.07422025501728058,-0.038307227194309235,0.07900865375995636
1790031856870893000,1.87489306640625,0.21787235140800476,-0.09576806426048279,0.2106897532939911
1790031856880902700,1.884902587890625,-0.014365210197865963,-0.21547815203666687,0.12449848651885986
1790031856890912500,1.89491259765625,-0.07900865375995636,-0.16998831927776337,-0.06224924325942993
1790031856910901500,1.914901611328125,0.12928688526153564,-0.19632454216480255,0.011971008032560349
1790031856930951700,1.93495166015625,-0.1364694982767105,-0.12689268589019775,-0.0694318488240242
1790031856940991700,1.94499169921875,0.028730420395731926,-0.043095629662275314,0.026336219161748886
1790031856951001600,1.955001708984375,0.22266076505184174,-0.2561795711517334,0.08379705995321274
1790031856961011500,1.965011474609375,-0.047884032130241394,0.08379705995321274,-0.016759412363171577
1790031856971021000,1.97502099609375,-0.16519992053508759,-0.09576806426048279,-0.1388636976480484
1790031856981031000,1.985031005859375,0.07661445438861847,-0.10534487664699554,-0.13407529890537262
1790031856991040800,1.995040771484375,0.1388636976480484,-0.047884032130241394,0.035913024097681046
1790031857001081000,2.0050810546875,-0.004788403399288654,-0.16998831927776337,0.05985504388809204
1790031857021100500,2.0251005859375,0.08140286058187485,0.11013327538967133,-0.004788403399288654
1790031857031110100,2.035110107421875,0.16519992053508759,0.004788403399288654,-0.06703764945268631
1790031857041120000,2.0451201171875,0.1843535304069519,-0.18914192914962769,0
1790031857051160300,2.055160400390625,0.1364694982767105,-0.11252748221158981,0.0071826050989329815
1790031857061170200,2.065170166015625,0.13168109953403473,-0.07182604819536209,-0.019153613597154617
1790031857141309200,2.14530908203125,0.15083470940589905,0.090979665517807,-0.0933738648891449
1790031857151319000,2.155319091796875,0.1604115068912506,0.05506663769483566,-0.023942016065120697
1790031857161328600,2.16532861328125,-0.023942016065120697,-0.090979665517807,-0.021547814831137657
1790031857171369000,2.175368896484375,0.10773907601833344,-0.08379705995321274,0.17717093229293823
1790031857181378800,2.18537890625,0.090979665517807,0.014365210197865963,0.11013327538967133
1790031857191358000,2.19535791015625,0.13407529890537262,-0.0933738648891449,-0.023942016065120697
1790031857281598500,2.285598388671875,0.040701430290937424,-0.1388636976480484,0.06703764945268631
1790031857311658200,2.315658203125,0.22026655077934265,0.016759412363171577,-0.10534487664699554
1790031857321668000,2.325668212890625,0.11971008777618408,0.016759412363171577,0.038307227194309235
1790031857351697400,2.355697509765625,0.035913024097681046,-0.10534487664699554,0.090979665517807
1790031857361707300,2.365707275390625,0.10055647045373917,-0.040701430290937424,-0.019153613597154617
1790031857371686400,2.375686279296875,0.17477671802043915,-0.035913024097681046,-0.011971008032560349
1790031857381726700,2.385726806640625,0.0933738648891449,-0.002394201699644327,0.021547814831137657
1790031857391736600,2.395736572265625,0.1843535304069519,-0.047884032130241394,0.05506663769483566
1790031857401715700,2.4057158203125,0.15562310814857483,-0.016759412363171577,0.14365209639072418
1790031857411756000,2.415756103515625,0.07900865375995636,-0.12210428714752197,0.011971008032560349
1790031857421766000,2.425765869140625,0.043095629662275314,-0.1364694982767105,-0.06703764945268631
1790031857431775500,2.435775390625,0.06703764945268631,-0.10534487664699554,-0.016759412363171577
1790031857461835300,2.465835205078125,0.033518824726343155,-0.033518824726343155,0.011971008032560349
1790031857471845000,2.47584521484375,0.08858546614646912,-0.014365210197865963,-0.011971008032560349
1790031857481855000,2.48585498046875,0.11013327538967133,-0.033518824726343155,-0.0933738648891449
1790031857491864600,2.495864501953125,0.019153613597154617,-0.043095629662275314,0.06224924325942993
1790031857501874400,2.50587451171875,0.06464344263076782,-0.06224924325942993,0.0694318488240242
1790031857511884300,2.51588427734375,0.11252748221158981,-0.0454898327589035,0.05267243832349777
1790031857521894000,2.525893798828125,0.12689268589019775,-0.05746084079146385,-0.043095629662275314
1790031857531903700,2.53590380859375,0.038307227194309235,-0.17477671802043915,0.12449848651885986
1790031857541944000,2.545944091796875,0.1173158809542656,-0.09576806426048279,0.040701430290937424
1790031857551953700,2.55595361328125,0.038307227194309235,-0.1173158809542656,0.05027823522686958
1790031857581983000,2.58598291015625,0.12449848651885986,-0.043095629662275314,-0.002394201699644327
1790031857591992800,2.595992919921875,0.1173158809542656,-0.019153613597154617,0.06224924325942993
1790031857602033200,2.606033203125,0.13168109953403473,-0.07661445438861847,0.09816227108240128
1790031857632093000,2.636093017578125,0.0694318488240242,-0.14844051003456116,0.07661445438861847
1790031857662122200,2.666122314453125,0.17477671802043915,-0.10055647045373917,0.12689268589019775
1790031857712171000,2.7161708984375,0.07422025501728058,0,-0.016759412363171577
1790031857722180900,2.726180908203125,0.07182604819536209,-0.07900865375995636,0.028730420395731926
1790031857732160000,2.736159912109375,0.12689268589019775,-0.011971008032560349,0.026336219161748886
1790031857742200300,2.746200439453125,-0.07182604819536209,-0.08140286058187485,-0.06464344263076782
1790031857822278400,2.8262783203125,0.0071826050989329815,-0.1149216815829277,-0.11013327538967133
1790031857832257800,2.8362578125,0.028730420395731926,-0.10295066982507706,-0.1604115068912506
1790031857842237000,2.84623681640625,0.05985504388809204,-0.06464344263076782,-0.035913024097681046
1790031857852277200,2.85627734375,0.10055647045373917,-0.026336219161748886,0.0933738648891449
1790031857862287000,2.866287109375,0.08140286058187485,-0.028730420395731926,0.08619125932455063
1790031857872266200,2.876266357421875,0.0454898327589035,-0.043095629662275314,0.035913024097681046
1790031857882306600,2.886306640625,0.10295066982507706,-0.043095629662275314,-0.028730420395731926
1790031857892316400,2.89631640625,0.035913024097681046,0.026336219161748886,0.06464344263076782
1790031857902356500,2.9063564453125,0.023942016065120697,-0.05506663769483566,-0.05267243832349777
1790031857932355300,2.936355224609375,0.047884032130241394,-0.004788403399288654,0.31364041566848755
1790031857942395600,2.946395751953125,0.0694318488240242,0.0071826050989329815,0.12210428714752197
1790031857952405500,2.956405517578125,0.038307227194309235,-0.047884032130241394,-0.009576806798577309
1790031857962445800,2.96644580078125,0.05027823522686958,-0.1149216815829277,-0.07422025501728058
1790031857992444400,2.9964443359375,0.12449848651885986,-0.15562310814857483,0.002394201699644327
1790031858012494600,3.01649462890625,0.07900865375995636,0.043095629662275314,0.023942016065120697
1790031858032514000,3.03651416015625,0.12449848651885986,-0.07900865375995636,-0.11013327538967133
1790031858042524000,3.04652392578125,0.19153612852096558,-0.040701430290937424,0.002394201699644327
1790031858052533500,3.056533447265625,0.19871874153614044,-0.07422025501728058,0.028730420395731926
1790031858062543400,3.06654345703125,-0.016759412363171577,-0.0454898327589035,-0.08619125932455063
1790031858072614100,3.0766142578125,-0.0071826050989329815,-0.05267243832349777,-0.13168109953403473
1790031858082624000,3.0866240234375,0.12928688526153564,-0.06703764945268631,0.014365210197865963
1790031858092603100,3.09660302734375,0.06703764945268631,-0.16519992053508759,0.11252748221158981
1790031858142682600,3.1466826171875,0.05267243832349777,-0.272938996553421,0.1604115068912506
1790031858172772900,3.17677294921875,0.19871874153614044,0.06224924325942993,-0.13407529890537262
1790031858182782700,3.18678271484375,0.026336219161748886,0,-0.21787235140800476
1790031858222852000,3.22685205078125,0.019153613597154617,-0.13168109953403473,-0.1364694982767105
1790031858242902300,3.24690234375,0.19632454216480255,-0.0694318488240242,-0.13407529890537262
1790031858282941400,3.28694140625,0.12210428714752197,-0.14604631066322327,-0.0694318488240242
1790031858292951000,3.296950927734375,0.09576806426048279,-0.15322890877723694,-0.004788403399288654
1790031858302961000,3.3069609375,-0.004788403399288654,-0.06224924325942993,-0.019153613597154617
1790031858312970500,3.316970458984375,0.2298433631658554,-0.09816227108240128,0.06224924325942993
1790031858383191600,3.387191650390625,0.05506663769483566,-0.19153612852096558,0.040701430290937424
1790031858423230700,3.427230712890625,0.047884032130241394,0.011971008032560349,0.011971008032560349
1790031858453290500,3.45729052734375,-0.019153613597154617,-0.05746084079146385,0.035913024097681046
1790031858463300000,3.467300048828125,-0.023942016065120697,-0.08619125932455063,-0.023942016065120697
1790031858473310000,3.47731005859375,0.07661445438861847,-0.09576806426048279,-0.028730420395731926
1790031858483289000,3.4872890625,0.011971008032560349,-0.09816227108240128,-0.026336219161748886
1790031858493329400,3.497329345703125,0.07182604819536209,-0.004788403399288654,0.002394201699644327
1790031858503339300,3.50733935546875,0.009576806798577309,-0.08858546614646912,-0.05985504388809204
1790031858513379600,3.517379638671875,0.15322890877723694,-0.009576806798577309,-0.0933738648891449
1790031858533460200,3.537460205078125,0.10055647045373917,-0.014365210197865963,-0.05267243832349777
1790031858543469800,3.5474697265625,0.21547815203666687,-0.06703764945268631,-0.016759412363171577
1790031858553510100,3.55751025390625,0.23702596127986908,-0.028730420395731926,-0.043095629662275314
1790031858563520000,3.56752001953125,0.1412578970193863,-0.05746084079146385,-0.038307227194309235
1790031858573529600,3.577529541015625,0.22505496442317963,0.07182604819536209,0.028730420395731926
1790031858583539500,3.58753955078125,0.272938996553421,-0.14844051003456116,-0.035913024097681046
1790031858593579800,3.597579833984375,0.1412578970193863,-0.08140286058187485,-0.10295066982507706
1790031858603589600,3.607589599609375,0.12928688526153564,-0.10534487664699554,0.023942016065120697
1790031858613629700,3.617629638671875,0.16759411990642548,-0.0933738648891449,0.004788403399288654
1790031858633649400,3.6376494140625,0.07182604819536209,-0.0454898327589035,-0.05746084079146385
1790031858643689700,3.647689697265625,0.07661445438861847,0.016759412363171577,-0.1173158809542656
1790031858663709200,3.667709228515625,0.07900865375995636,-0.05746084079146385,0.12928688526153564
1790031858683759000,3.687759033203125,0.0071826050989329815,-0.047884032130241394,0.10295066982507706
1790031858693769000,3.69776904296875,0.06703764945268631,-0.16759411990642548,0.028730420395731926
1790031858713788400,3.717788330078125,-0.009576806798577309,-0.011971008032560349,0.12449848651885986
1790031858733808000,3.73780810546875,0.035913024097681046,-0.031124621629714966,0.05746084079146385
1790031858743817700,3.747817626953125,0.08619125932455063,0.06224924325942993,0.0694318488240242
1790031858763837200,3.767837158203125,0.08858546614646912,-0.014365210197865963,0.0454898327589035
1790031858783857000,3.78785693359375,0.002394201699644327,-0.17956513166427612,0.004788403399288654
1790031858803846000,3.807845947265625,-0.028730420395731926,-0.20350714027881622,0.031124621629714966
1790031858813886200,3.81788623046875,0.09816227108240128,-0.1388636976480484,0.07422025501728058
1790031858823895800,3.827895751953125,0.06464344263076782,-0.21787235140800476,0.06703764945268631
1790031858833875200,3.837875244140625,0.0694318488240242,-0.035913024097681046,0.06464344263076782
1790031858843884800,3.847884765625,0.002394201699644327,0.06464344263076782,0.07182604819536209
1790031858863935000,3.86793505859375,0.2322375625371933,-0.19632454216480255,0.11971008777618408
1790031858884015600,3.888015625,0.21547815203666687,0.06464344263076782,0.05267243832349777
1790031858894025200,3.898025146484375,0.07661445438861847,0.363918662071228,0.023942016065120697
1790031858914045000,3.918044921875,0.1628057211637497,0.1149216815829277,0.49559974670410156
1790031858944104700,3.948104736328125,-0.11252748221158981,0.37828385829925537,0.31603461503982544
1790031858954175500,3.958175537109375,-0.17717093229293823,0.7254431247711182,0.1628057211637497
1790031858974195000,3.97819482421875,-0.1388636976480484,1.3120225667953491,0.3280056416988373
1790031859004254700,4.008254638671875,-0.2801215946674347,2.5953147411346436,0.06703764945268631
1790031859014264600,4.0182646484375,-0.5674257874488831,2.7269957065582275,-0.023942016065120697
1790031859024274400,4.0282744140625,-0.3878606855869293,2.4468741416931152,0.033518824726343155
1790031859044324400,4.048324462890625,-0.9289502501487732,2.760514497756958,0.2059013396501541
1790031859054364700,4.05836474609375,-1.015141487121582,3.157952070236206,0.3471592366695404
1790031859074384100,4.078384033203125,-0.9648633003234863,3.6774938106536865,0.16519992053508759
1790031859084363500,4.088363525390625,-0.7709329724311829,3.8331170082092285,0.3423708379268646
1790031859094403800,4.09840380859375,-0.7733271718025208,4.02465295791626,0.47405192255973816
1790031859104444000,4.10844384765625,-0.7637503147125244,4.0964789390563965,0.38546648621559143
1790031859124463600,4.128463623046875,-0.8044517636299133,3.711012601852417,0.49799394607543945
1790031859134473200,4.13847314453125,-1.0462661981582642,3.7229835987091064,0.22026655077934265
1790031859144483000,4.148483154296875,-1.3958195447921753,3.622427225112915,-0.009576806798577309
1790031859154523400,4.1585234375,-1.479616641998291,3.512293815612793,-0.06224924325942993
1790031859214643000,4.218642822265625,-2.535459518432617,3.8738183975219727,-1.01753568649292
1790031859224652800,4.22865283203125,-2.7533318996429443,4.37420654296875,-1.4077905416488647
1790031859234632000,4.2386318359375,-2.497152328491211,4.639962673187256,-1.3048399686813354
1790031859314801700,4.3188017578125,-2.145204782485962,2.1116859912872314,-0.7398083209991455
1790031859334821000,4.338821044921875,-1.8124107122421265,1.8531121015548706,-0.5027823448181152
1790031859394849300,4.398849365234375,-2.164358377456665,1.1994950771331787,-1.137245774269104
1790031859475019000,4.47901904296875,-2.8347349166870117,-1.4101848602294922,-1.1228805780410767
1790031859495038500,4.49903857421875,-3.490746021270752,-1.4484920501708984,-1.5849615335464478
1790031859505048300,4.50904833984375,-2.935291290283203,-0.9888052940368652,-1.192312479019165
1790031859515058000,4.519057861328125,-2.6192567348480225,-1.213860273361206,-0.6775590777397156
1790031859535077600,4.53907763671875,-2.604891538619995,-1.7980455160140991,-1.0127472877502441
1790031859545087200,4.549087158203125,-2.631227731704712,-1.6735470294952393,-1.2856862545013428
1790031859555127600,4.55912744140625,-3.047818660736084,-2.31758713722229,-1.1779472827911377
1790031859605145900,4.609145751953125,-2.2002713680267334,-3.73016619682312,-1.0414776802062988
1790031859615155700,4.61915576171875,-1.9584569931030273,-3.0573954582214355,-1.0869675874710083
1790031859625196000,4.629196044921875,-1.8626888990402222,-2.9688100814819336,-0.9145850539207458
1790031859635205600,4.63920556640625,-1.764526605606079,-2.8419175148010254,-1.0199298858642578
1790031859645215500,4.649215576171875,-1.6735470294952393,-4.168305397033691,-0.5339069962501526
1790031859665265400,4.669265380859375,-1.2401964664459229,-4.8051629066467285,-0.8236053586006165
1790031859675305700,4.6793056640625,-0.9744400978088379,-3.555389642715454,-1.0893617868423462
1790031859695325400,4.699325439453125,-0.5291185975074768,-4.412513732910156,-1.1875240802764893
1790031859705335000,4.7093349609375,-0.1388636976480484,-4.19224739074707,-0.9720458984375
1790031859715314400,4.719314453125,-0.22744916379451752,-3.095702886581421,-0.629675030708313
1790031859795423000,4.799423095703125,-1.1755530834197998,-4.982333660125732,-0.5650315880775452
1790031859855481600,4.859481689453125,-0.6344634294509888,-4.352658748626709,0.035913024097681046
1790031859865491500,4.869491455078125,-0.5722141861915588,-5.262455463409424,-0.06224924325942993
1790031859875470600,4.879470703125,-0.3663128614425659,-5.197812080383301,-0.363918662071228
1790031859885480400,4.88948046875,-0.29209262132644653,-4.20421838760376,-0.5889736413955688
1790031859895520800,4.899520751953125,-0.22744916379451752,-3.4117374420166016,-0.7733271718025208
1790031859905530400,4.9095302734375,0.12449848651885986,-2.956839084625244,-0.6871358752250671
1790031859955609900,4.95960986328125,-0.31842881441116333,-3.3949780464172363,-0.5506663918495178
1790031859965619500,4.969619384765625,-0.7565677165985107,-3.648763418197632,-0.7086837291717529
1790031859975629300,4.97962939453125,-0.3902548849582672,-3.4141316413879395,-0.7182605266571045
1790031859985639200,4.98963916015625,-0.4644751250743866,-2.8874073028564453,-0.5315127968788147
1790031859995679200,4.99967919921875,-0.4357447028160095,-2.698265314102173,-0.2585737705230713
1790031860005689000,5.009689208984375,-0.17956513166427612,-2.896984100341797,-0.22026655077934265
1790031860015729400,5.0197294921875,-0.16998831927776337,-2.937685489654541,-0.12689268589019775
1790031860025739300,5.0297392578125,-0.40222588181495667,-2.4851813316345215,-0.3734954595565796
1790031860045819600,5.049819580078125,-0.8451532125473022,-2.3918075561523438,-0.6416460275650024
1790031860095838000,5.099837890625,-0.6512228846549988,-1.113303780555725,-0.727837324142456
1790031860105878300,5.109878173828125,-1.1276689767837524,-1.2761094570159912,-0.7589619159698486
1790031860115888000,5.11988818359375,-0.849941611289978,-1.192312479019165,-0.8834604024887085
1790031860125867300,5.1298671875,-0.706289529800415,-0.7948749661445618,-0.9552865028381348
1790031860135877000,5.139877197265625,-0.8978256583213806,-0.7134721279144287,-0.9074024558067322
1790031860145887000,5.149886962890625,-0.8403648138046265,-0.608127236366272,-0.8475474119186401
1790031860175916300,5.179916259765625,-1.1779472827911377,-0.5482721924781799,-0.849941611289978
1790031860195935700,5.199935791015625,-1.4724340438842773,-1.2689268589019775,-0.8786720037460327
1790031860205945300,5.2099453125,-1.5634137392044067,-1.0893617868423462,-0.7829039692878723
1790031860225965000,5.229965087890625,-2.1140801906585693,0.023942016065120697,-0.7038952708244324
1790031860235974700,5.239974609375,-1.7310078144073486,-0.2346317619085312,-0.507570743560791
1790031860245984500,5.249984619140625,-1.3766659498214722,-0.23702596127986908,-0.40222588181495667
1790031860266034700,5.27003466796875,-1.2617442607879639,-0.24420857429504395,-0.7709329724311829
1790031860276013800,5.280013916015625,-1.3120225667953491,-0.11971008777618408,-0.950498104095459
1790031860286054100,5.29005419921875,-1.3479355573654175,0.09816227108240128,-0.8834604024887085
1790031860306073600,5.310073486328125,-1.2306196689605713,-0.3280056416988373,-0.49320554733276367
1790031860336133400,5.34013330078125,-0.47884035110473633,-0.2944868206977844,-1.015141487121582
1790031860346143200,5.350143310546875,-0.4429273009300232,0.11971008777618408,-1.1276689767837524
1790031860356153000,5.360153076171875,-0.8523358106613159,0.37828385829925537,-1.072602391242981
1790031860386182400,5.390182373046875,-0.6009446382522583,-1.015141487121582,-0.28730419278144836
1790031860396222500,5.400222412109375,-0.43335050344467163,-0.6320692300796509,-0.7493851184844971
1790031860406201900,5.410201904296875,-0.4357447028160095,0.5650315880775452,-1.2521674633026123
1790031860416211500,5.42021142578125,-0.6200982332229614,0.7661445140838623,-0.8331822156906128
1790031860426282500,5.430282470703125,-0.768538773059845,0.16998831927776337,-0.1149216815829277
1790031860436292000,5.4402919921875,-0.9672574996948242,-0.3926490843296051,0.3280056416988373
1790031860446271500,5.450271484375,-1.3910311460494995,-0.7805097699165344,0.48602294921875
1790031860456311600,5.4603115234375,-1.6352397203445435,-0.8810662031173706,0.17238251864910126
1790031860476331300,5.480331298828125,-1.6352397203445435,-0.8475474119186401,-0.3734954595565796
1790031860486340900,5.4903408203125,-1.5466543436050415,-0.35434186458587646,-0.1843535304069519
1790031860496350700,5.500350830078125,-1.501164436340332,0.35913026332855225,-0.05746084079146385
1790031860506360600,5.510360595703125,-1.479616641998291,0.36152446269989014,0.18914192914962769
1790031860516401000,5.52040087890625,-1.1540051698684692,0.07661445438861847,0.3998316824436188
1790031860526410500,5.530410400390625,-1.0055646896362305,-0.5817909836769104,0.5410895943641663
1790031860536420400,5.54042041015625,-1.237802267074585,-0.7565677165985107,0.569819986820221
1790031860566510600,5.570510498046875,-1.259350061416626,-0.5410895943641663,-0.14844051003456116
1790031860586530300,5.5905302734375,-1.072602391242981,0.7972691655158997,-0.0454898327589035
1790031860596540000,5.600539794921875,-0.7110779285430908,0.5793967843055725,0.14604631066322327
1790031860606580200,5.610580322265625,-0.6392518281936646,0.4572925269603729,0.2801215946674347
1790031860626599700,5.630599609375,-0.7230489253997803,-0.12210428714752197,0.011971008032560349
1790031860636609500,5.640609619140625,-0.6991068720817566,0.033518824726343155,-0.06464344263076782
1790031860646649900,5.65064990234375,-0.9097966551780701,-0.11252748221158981,0.09816227108240128
1790031860666699800,5.67069970703125,-0.7565677165985107,0.17238251864910126,0.05267243832349777
1790031860696729000,5.70072900390625,-0.9672574996948242,0.9457096457481384,-0.3519476354122162
1790031860716748800,5.720748779296875,-0.7254431247711182,0.2298433631658554,0.047884032130241394
1790031860726819600,5.730819580078125,-0.7924807667732239,0.12689268589019775,0.2825157940387726
1790031860736829200,5.7408291015625,-1.0606313943862915,0.31603461503982544,0.22026655077934265
1790031860746869500,5.750869384765625,-1.3215993642807007,0.28969839215278625,-0.2059013396501541
1790031860756879400,5.76087939453125,-1.5538369417190552,0.6129156351089478,-0.768538773059845
1790031860766919700,5.770919677734375,-1.5155296325683594,0.5171475410461426,-0.7709329724311829
1790031860776929300,5.78092919921875,-0.933738648891449,0.9624691009521484,-0.42856210470199585
1790031860786939100,5.790939208984375,-0.8595184087753296,1.1061211824417114,-0.24181437492370605
1790031860796949000,5.800948974609375,-0.9026140570640564,0.7805097699165344,-0.2106897532939911
1790031860847150300,5.851150390625,-0.6847416758537292,0.2825157940387726,-0.20111294090747833
1790031860927320000,5.931320068359375,-0.5913678407669067,0.08619125932455063,-0.021547814831137657
1790031860937329700,5.94132958984375,-0.2585737705230713,0.24181437492370605,-0.08619125932455063
1790031860947339500,5.951339599609375,-0.22505496442317963,0.3016694188117981,-0.17717093229293823
1790031860957379800,5.9613798828125,-0.2992752194404602,0.22026655077934265,-0.22744916379451752
1790031860967389400,5.971389404296875,-0.30885201692581177,0.06224924325942993,-0.40462008118629456
1790031860977368800,5.981368896484375,-0.2801215946674347,0.12210428714752197,-0.33279404044151306
1790031860987409200,5.9914091796875,-0.272938996553421,0.2825157940387726,0.07422025501728058
1790031860997418800,6.001418701171875,-0.2849099934101105,0.3902548849582672,0.35673606395721436
1790031861027448000,6.031447998046875,-0.33758243918418884,0.040701430290937424,0.035913024097681046
1790031861037458000,6.0414580078125,-0.2561795711517334,0.15322890877723694,0.11013327538967133
1790031861047467800,6.0514677734375,-0.2513911724090576,0.3711012601852417,-0.08858546614646912
1790031861057477400,6.061477294921875,-0.363918662071228,0.4165911078453064,-0.14365209639072418
1790031861067487200,6.0714873046875,-0.4836287498474121,0.5746083855628967,-0.22026655077934265
1790031861077497000,6.0814970703125,-0.33518823981285095,0.7182605266571045,0.0071826050989329815
1790031861087506700,6.091506591796875,-0.19632454216480255,0.5985504388809204,-0.07900865375995636
1790031861097516500,6.1015166015625,-0.18914192914962769,0.5482721924781799,-0.10773907601833344
1790031861107526400,6.1115263671875,-0.5171475410461426,0.4692635238170624,-0.10295066982507706
1790031861127545900,6.1315458984375,-0.49559974670410156,0.7038952708244324,-0.15801730751991272
1790031861137555500,6.141555419921875,-0.6560112833976746,0.727837324142456,0.021547814831137657
1790031861157575200,6.1615751953125,-0.6057330369949341,0.36152446269989014,-0.047884032130241394
1790031861167584800,6.171584716796875,-0.4836287498474121,0.26336219906806946,-0.13407529890537262
1790031861197614000,6.201614013671875,-0.4118026793003082,0.4381389021873474,-0.019153613597154617
1790031861227704600,6.23170458984375,-0.38546648621559143,0.3423708379268646,0.06464344263076782
1790031861237714200,6.241714111328125,-0.31364041566848755,0.3064578175544739,-0.019153613597154617
1790031861257794800,6.261794921875,-0.33518823981285095,0.12689268589019775,0.22505496442317963
1790031861277845000,6.281844970703125,-0.17477671802043915,0.021547814831137657,0.3208230137825012
1790031861287854600,6.2918544921875,-0.05506663769483566,-0.08858546614646912,0.2346317619085312
1790031861307904800,6.31190478515625,-0.06224924325942993,0.40462008118629456,0.033518824726343155
1790031861317945000,6.321945068359375,-0.05746084079146385,0.5051765441894531,0.24420857429504395
1790031861327954700,6.33195458984375,-0.09576806426048279,0.33758243918418884,0.28969839215278625
1790031861378125600,6.38212548828125,-0.2346317619085312,0.48602294921875,0.19871874153614044
1790031861438184200,6.44218408203125,-0.5554547905921936,2.190694570541382,-0.21787235140800476
1790031861528394200,6.532394287109375,-0.5985504388809204,3.3494882583618164,0.3232172429561615
1790031861548413700,6.55241357421875,-0.8571242094039917,3.6559460163116455,-0.3734954595565796
1790031861558423600,6.562423583984375,-0.9672574996948242,3.488351821899414,-0.3998316824436188
1790031861568402700,6.572402587890625,-1.3646949529647827,3.1747114658355713,-0.16519992053508759
1790031861578412500,6.58241259765625,-1.6041151285171509,2.559401512145996,-0.13168109953403473
1790031861588452900,6.592452880859375,-1.7932571172714233,2.6815059185028076,-0.38067805767059326
1790031861598462500,6.60246240234375,-1.556231141090393,2.676717519760132,-0.47405192255973816
1790031861608472300,6.612472412109375,-1.381454348564148,2.808398485183716,-0.6440402865409851
1790031861618512600,6.6225126953125,-1.6496049165725708,2.676717519760132,-0.43095630407333374
1790031861638532000,6.642531982421875,-1.6400281190872192,2.231395959854126,-0.38307225704193115
1790031861648572400,6.652572509765625,-1.4963760375976562,2.1978771686553955,-0.40940847992897034
1790031861658551600,6.662551513671875,-1.50355863571167,1.9321208000183105,-0.45250412821769714
1790031861668591900,6.672591796875,-1.7118542194366455,1.659181833267212,-0.6727706789970398
1790031861678632200,6.682632080078125,-1.7956513166427612,1.3694833517074585,-0.790086567401886
1790031861688642000,6.69264208984375,-1.9967641830444336,1.5634137392044067,-0.7230489253997803
1790031861698621200,6.70262109375,-1.8794482946395874,1.5322890281677246,-0.6847416758537292
1790031861708661500,6.71266162109375,-2.097320795059204,1.4628572463989258,-0.8092401623725891
1790031861758679800,6.7626796875,-3.6176388263702393,1.3096283674240112,-1.6352397203445435
1790031861818799400,6.82279931640625,-2.999934673309326,0.8355764150619507,-1.4939818382263184
1790031861868878800,6.87287890625,-2.9544448852539062,-0.3495534360408783,-1.3838485479354858
1790031861888898300,6.892898193359375,-2.832340717315674,-0.0933738648891449,-1.0630255937576294
1790031861898877700,6.902877685546875,-2.7748796939849854,-0.8786720037460327,-1.0055646896362305
1790031861908948500,6.912948486328125,-2.5091233253479004,-1.6519991159439087,-1.0558429956436157
1790031861918988800,6.92298876953125,-2.470816135406494,-1.6639702320098877,-1.3239935636520386
1790031861928998400,6.932998291015625,-2.3032219409942627,-1.5945383310317993,-1.4915876388549805
1790031861959058200,6.96305810546875,-2.5115175247192383,-1.0582371950149536,-1.5969325304031372
1790031861979078000,6.983077880859375,-2.5953147411346436,-1.800439715385437,-1.381454348564148
1790031861989087500,6.99308740234375,-2.628833532333374,-2.434903144836426,-1.5059528350830078
1790031862019116800,7.02311669921875,-2.0614075660705566,-3.1507694721221924,-1.7573440074920654
1790031862029126700,7.033126708984375,-1.6328455209732056,-2.473210334777832,-1.656787633895874
1790031862039136300,7.04313623046875,-1.9560627937316895,-2.1308395862579346,-1.4676456451416016
1790031862049176600,7.053176513671875,-2.008735179901123,-2.5330653190612793,-1.3742717504501343
1790031862059186400,7.0631865234375,-1.8267759084701538,-3.2752678394317627,-1.039083480834961
1790031862119214600,7.123214599609375,-2.1045033931732178,-2.233790159225464,-1.6663644313812256
1790031862139264500,7.143264404296875,-1.50355863571167,-2.6216509342193604,-1.091755986213684
1790031862179395000,7.18339501953125,-1.2473790645599365,-3.181894063949585,-0.8571242094039917
1790031862199445200,7.2034453125,-1.7070658206939697,-3.7014358043670654,-0.42856210470199585
1790031862209455000,7.213455078125,-1.8195933103561401,-3.0095114707946777,-0.43335050344467163
1790031862219464700,7.223464599609375,-1.1540051698684692,-2.892195701599121,-0.507570743560791
1790031862229444000,7.233444091796875,-0.7158663272857666,-3.2393548488616943,-0.43335050344467163
1790031862239453700,7.24345361328125,-0.8978256583213806,-3.445256233215332,-0.45489832758903503
1790031862249494000,7.253493896484375,-1.4389152526855469,-3.4404678344726562,-0.181959331035614
1790031862259503900,7.26350390625,-1.900996208190918,-3.890577793121338,-0.17238251864910126
1790031862289533200,7.293533203125,-1.900996208190918,-3.8786067962646484,-0.6440402865409851
1790031862299542800,7.303542724609375,-1.7573440074920654,-3.4955344200134277,-0.7110779285430908
1790031862309552600,7.313552734375,-1.2306196689605713,-3.598485231399536,-0.27054479718208313
1790031862319562500,7.3235625,-1.0534487962722778,-3.7014358043670654,0.3232172429561615
1790031862329602800,7.333602783203125,-0.7924807667732239,-4.304774761199951,0.9888052940368652
1790031862339612400,7.3436123046875,-0.272938996553421,-4.553771495819092,0.5219359993934631
1790031862349622300,7.353622314453125,-0.1364694982767105,-4.000710964202881,-0.24420857429504395
1790031862359632000,7.3636318359375,-0.07661445438861847,-3.648763418197632,-0.22266076505184174
1790031862389722400,7.393722412109375,-0.4381389021873474,-3.7038300037384033,0.8212111592292786
1790031862439771100,7.443771240234375,-1.8626888990402222,-3.442862033843994,0.2561795711517334
1790031862509931000,7.513930908203125,-2.4803929328918457,-2.873042106628418,-0.14604631066322327
1790031862519910400,7.523910400390625,-2.3080103397369385,-2.33913516998291,-0.395043283700943
1790031862529981200,7.533981201171875,-2.1380221843719482,-1.4700398445129395,-0.5578489899635315
1790031862539990800,7.54399072265625,-2.1787235736846924,-1.5203180313110352,-0.5506663918495178
1790031862559979800,7.563979736328125,-2.209848165512085,-1.534683346748352,-0.667982280254364
1790031862569989600,7.57398974609375,-2.3798365592956543,-1.7908629179000854,-0.524330198764801
1790031862579999500,7.58399951171875,-2.31758713722229,-1.5203180313110352,-0.5339069962501526
1790031862590039800,7.594039794921875,-2.166752576828003,-1.1851298809051514,-0.6799532771110535
1790031862610089700,7.61408984375,-2.1523873805999756,-1.4748282432556152,-1.0295066833496094
1790031862620099600,7.624099609375,-2.343923568725586,-1.5155296325683594,-1.0678139925003052
1790031862630109200,7.634109130859375,-2.477998733520508,-1.2952631711959839,-0.9696516990661621
1790031862650189800,7.65418994140625,-1.8100165128707886,-0.727837324142456,-0.7158663272857666
1790031862660199700,7.66419970703125,-1.4867992401123047,-0.7613561153411865,-0.6967126727104187
1790031862740308200,7.74430810546875,-2.013523578643799,-0.028730420395731926,-1.292868971824646
1790031862770398500,7.7743984375,-2.279279947280884,-0.1149216815829277,-1.1013327836990356
1790031862780408300,7.784408203125,-2.585737943649292,-0.033518824726343155,-1.1659762859344482
1790031862790418200,7.794418212890625,-2.4205379486083984,0.05027823522686958,-1.2114660739898682
1790031862830457000,7.83445703125,-1.9752163887023926,0.706289529800415,-0.9552865028381348
1790031862840467000,7.844467041015625,-1.8531121015548706,0.24420857429504395,-1.1899182796478271
1790031862850507300,7.85450732421875,-1.764526605606079,-0.3687070608139038,-1.161187767982483
1790031862860517000,7.86451708984375,-1.7597382068634033,-0.6560112833976746,-0.8619126081466675
1790031862870526700,7.874526611328125,-1.824381709098816,-0.44532153010368347,-0.9002198576927185
1790031862880597500,7.884597412109375,-1.8339585065841675,-0.5267243981361389,-1.2114660739898682
1790031862890577000,7.894576904296875,-1.8770540952682495,0.7230489253997803,-1.6112977266311646
1790031862900617200,7.9046171875,-1.9345149993896484,1.0797849893569946,-1.6136919260025024
1790031862910626800,7.914626708984375,-1.7118542194366455,0.8643068075180054,-1.2018892765045166
1790031862940656000,7.94465625,-1.3455413579940796,1.7310078144073486,-1.1803414821624756
1790031863030805000,8.034804931640625,-0.6823474764823914,0.6200982332229614,-0.4381389021873474
1790031863090955300,8.094955322265625,-1.1085153818130493,0.33997663855552673,-0.6320692300796509
1790031863100965000,8.104965087890625,-0.8954314589500427,-0.12210428714752197,-0.4429273009300232
1790031863111005200,8.115005126953125,-0.9409212470054626,0.14844051003456116,-0.4884171485900879
1790031863121015000,8.12501513671875,-1.05105459690094,-0.15801730751991272,-0.6272808313369751
1790031863130994200,8.134994140625,-0.8020575642585754,-0.2825157940387726,-0.6177040338516235
1790031863141034500,8.145034423828125,-1.05105459690094,-0.1388636976480484,-0.5961562395095825
1790031863151074800,8.15507470703125,-0.933738648891449,-0.1843535304069519,-0.4644751250743866
1790031863161084700,8.165084716796875,-0.7445967197418213,0.3232172429561615,-0.40222588181495667
1790031863191144400,8.19514453125,-0.7398083209991455,-0.05746084079146385,-0.4572925269603729
1790031863201184800,8.205184814453125,-0.8164227604866028,-0.26575639843940735,-0.3687070608139038
1790031863211194400,8.2151943359375,-0.790086567401886,-0.26096799969673157,-0.17238251864910126
1790031863221204200,8.225204345703125,-0.7398083209991455,-0.24899697303771973,-0.019153613597154617
1790031863241223700,8.2452236328125,-0.8188169598579407,-0.19393034279346466,-0.21547815203666687
1790031863251264000,8.255263916015625,-0.8667010068893433,-0.2585737705230713,-0.4213795065879822
1790031863271314200,8.275314208984375,-0.933738648891449,-0.45250412821769714,-0.5386953949928284
1790031863321363000,8.325363037109375,-0.9361328482627869,-0.3902548849582672,-0.7254431247711182
1790031863341382400,8.34538232421875,-0.6607996821403503,-0.4429273009300232,-0.3926490843296051
1790031863381391000,8.38539111328125,-0.3878606855869293,-0.2777273952960968,-0.21547815203666687
1790031863391431400,8.395431396484375,-0.2106897532939911,-0.5315127968788147,-0.2082955539226532
1790031863401441000,8.40544091796875,-0.3423708379268646,-0.17477671802043915,-0.22505496442317963
1790031863431440000,8.43543994140625,-0.272938996553421,-0.5410895943641663,0.004788403399288654
1790031863441419000,8.4454189453125,-0.45250412821769714,-0.2992752194404602,0.033518824726343155
1790031863451459300,8.455459228515625,-0.6177040338516235,-0.20111294090747833,-0.06703764945268631
1790031863461469200,8.46546923828125,-0.5219359993934631,-0.3974374830722809,-0.15083470940589905
1790031863471479000,8.47547900390625,-0.45489832758903503,0,-0.09816227108240128
1790031863481519000,8.48551904296875,-0.3711012601852417,0.021547814831137657,-0.17956513166427612
1790031863491529000,8.495529052734375,-0.42616790533065796,-0.20111294090747833,-0.07182604819536209
1790031863501538800,8.505538818359375,-0.5746083855628967,-0.21547815203666687,-0.22266076505184174
1790031863511548400,8.51554833984375,-0.7852981686592102,-0.15322890877723694,-0.11013327538967133
1790031863521558300,8.525558349609375,-0.6607996821403503,-0.2561795711517334,0.031124621629714966
1790031863531568000,8.535568115234375,-0.569819986820221,-0.2298433631658554,0.08858546614646912
1790031863541577700,8.54557763671875,-0.45250412821769714,-0.09816227108240128,-0.011971008032560349
1790031863551587600,8.555587646484375,-0.608127236366272,-0.05985504388809204,0.002394201699644327
1790031863591626500,8.59562646484375,-0.6655880808830261,-0.16998831927776337,0
1790031863601636400,8.60563623046875,-0.4692635238170624,-0.2059013396501541,-0.11252748221158981
1790031863611646200,8.615646240234375,-0.42856210470199585,-0.33518823981285095,0.023942016065120697
1790031863621655800,8.62565576171875,-0.3902548849582672,-0.38307225704193115,0.08619125932455063
1790031863631665700,8.635665771484375,-0.3495534360408783,-0.28730419278144836,0.031124621629714966
1790031863641675500,8.645675537109375,-0.45489832758903503,-0.24660277366638184,-0.1149216815829277
1790031863651715800,8.6557158203125,-0.43335050344467163,-0.31842881441116333,-0.15801730751991272
1790031863661725400,8.665725341796875,-0.38546648621559143,-0.3232172429561615,-0.19871874153614044
1790031863681775600,8.685775634765625,-0.1149216815829277,-0.30885201692581177,-0.040701430290937424
1790031863701795000,8.705795166015625,0.05506663769483566,-0.1149216815829277,-0.014365210197865963
1790031863741834200,8.745834228515625,-0.10055647045373917,-0.38546648621559143,0.004788403399288654
1790031863761853700,8.765853759765625,-0.7350199222564697,-0.38307225704193115,-0.8331822156906128
1790031863801923300,8.80592333984375,-0.5291185975074768,-0.3280056416988373,0.5003881454467773
1790031863821942800,8.82594287109375,-0.7445967197418213,-0.2561795711517334,0.21308395266532898
1790031863831952600,8.83595263671875,-0.7254431247711182,0.040701430290937424,0.011971008032560349
1790031863841992700,8.84599267578125,-0.545877993106842,0.2968810200691223,-0.07661445438861847
1790031863851972000,8.85597216796875,-0.49799394607543945,0.3519476354122162,-0.05267243832349777
1790031863862012400,8.866012451171875,-0.2106897532939911,0.35913026332855225,0.11971008777618408
1790031863872022000,8.87602197265625,0.019153613597154617,0.35673606395721436,0.22266076505184174
1790031863882031900,8.886031982421875,0.009576806798577309,0.3495534360408783,0.3974374830722809
1790031863892011300,8.89601123046875,-0.19393034279346466,0.17717093229293823,0.4405331015586853
1790031863912061200,8.916061279296875,-0.2753331959247589,-0.05267243832349777,0.22505496442317963
1790031863932080600,8.93608056640625,-0.33279404044151306,0.2968810200691223,0.07422025501728058
1790031863942090500,8.946090576171875,-0.42616790533065796,0.5099649429321289,0.3711012601852417
1790031863952100400,8.956100341796875,-0.24181437492370605,0.21547815203666687,0.6919242739677429
1790031863962110000,8.96610986328125,0.09816227108240128,0.6200982332229614,0.8020575642585754
1790031863972119800,8.976119873046875,-0.181959331035614,0.8331822156906128,0.7110779285430908
1790031863982129700,8.986129638671875,-0.2537853717803955,1.192312479019165,0.5147533416748047
1790031863992139300,8.99613916015625,-0.26336219906806946,0.9696516990661621,0.4189853072166443
1790031864002149000,9.006149169921875,-0.2082955539226532,1.290474772453308,0.6224924325942993
1790031864012158700,9.01615869140625,-0.3734954595565796,1.436521053314209,0.8188169598579407
1790031864032178400,9.036178466796875,-0.4189853072166443,1.3503297567367554,0.8188169598579407
1790031864042188000,9.04618798828125,-0.14604631066322327,1.455674648284912,0.9050082564353943
1790031864052167400,9.05616748046875,-0.090979665517807,1.5442601442337036,0.8619126081466675
1790031864062177300,9.06617724609375,-0.26815059781074524,1.7405846118927002,0.7038952708244324
1790031864072187000,9.076186767578125,-0.2944868206977844,1.9728221893310547,0.586579442024231
1790031864082227200,9.086227294921875,-0.5626373887062073,2.1092917919158936,0.363918662071228
1790031864092237000,9.096237060546875,-0.667982280254364,2.279279947280884,0.44532153010368347
1790031864102246700,9.10624658203125,-0.7015010714530945,2.3127987384796143,0.6368576288223267
1790031864122266400,9.126266357421875,-0.9576807022094727,2.190694570541382,0.4620809257030487
1790031864162335700,9.166335693359375,-1.5298948287963867,2.4444799423217773,0
1790031864172345600,9.176345703125,-1.7405846118927002,2.695871114730835,-0.0071826050989329815
1790031864222394400,9.226394287109375,-1.41257905960083,3.337517261505127,-0.5578489899635315
1790031864232404200,9.236404296875,-1.6759412288665771,3.138798475265503,-0.6368576288223267
1790031864262525000,9.26652490234375,-1.9728221893310547,1.8746598958969116,-0.31364041566848755
1790031864282544600,9.286544677734375,-1.8602946996688843,2.123656988143921,-0.47644615173339844
1790031864292585000,9.2965849609375,-2.03507137298584,2.473210334777832,-0.43095630407333374
1790031864302625300,9.306625244140625,-2.097320795059204,1.8579005002975464,-0.8140285611152649
1790031864312635000,9.316634765625,-2.276885747909546,2.2577321529388428,-1.194706678390503
1790031864332654300,9.336654296875,-2.8203697204589844,1.7142484188079834,-0.7996633648872375
1790031864412763100,9.41676318359375,-2.7940332889556885,1.7597382068634033,-1.5275006294250488
1790031864482862000,9.486862060546875,-2.499546527862549,-0.14844051003456116,-2.233790159225464
1790031864543012000,9.54701220703125,-2.96162748336792,-1.0462661981582642,-2.3080103397369385
1790031864563031600,9.567031494140625,-2.3367409706115723,-1.577778935432434,-2.2242133617401123
1790031864583081700,9.587081787109375,-2.9089550971984863,-1.2473790645599365,-2.231395959854126
1790031864603101200,9.60710107421875,-3.318363666534424,-1.3934253454208374,-2.0877439975738525
1790031864613141500,9.6171416015625,-3.2321722507476807,-2.073378562927246,-1.920149803161621
1790031864633161000,9.637160888671875,-2.3056161403656006,-1.6304513216018677,-2.365471363067627
1790031864643201300,9.647201171875,-2.5977089405059814,-1.2210428714752197,-2.7222073078155518
1790031864653211100,9.657211181640625,-2.9089550971984863,-1.9943699836730957,-2.762908697128296
1790031864663190300,9.667190185546875,-3.093308687210083,-2.3535003662109375,-2.1116859912872314
1790031864673200000,9.6772001953125,-3.5458126068115234,-3.380612850189209,-1.3623007535934448
1790031864703290400,9.707290283203125,-2.2433669567108154,-3.7014358043670654,-1.115697979927063
1790031864713300200,9.71730029296875,-2.10210919380188,-3.141192674636841,-1.2449848651885986
1790031864733319700,9.737319580078125,-1.9728221893310547,-3.426102638244629,-1.381454348564148
1790031864743329500,9.74732958984375,-1.800439715385437,-2.8443117141723633,-1.139639973640442
1790031864753369900,9.757369873046875,-1.821987509727478,-2.7246015071868896,-0.849941611289978
1790031864783429600,9.7874296875,-2.0398597717285156,-4.982333660125732,-0.9768342971801758
1790031864793408800,9.79740869140625,-2.52109432220459,-5.058948040008545,-0.7972691655158997
1790031864803449000,9.807448974609375,-2.8443117141723633,-5.322310447692871,-0.7350199222564697
1790031864813459000,9.817458984375,-2.4612393379211426,-4.259284973144531,-1.0223240852355957
1790031864823499300,9.827499267578125,-2.0183119773864746,-3.847482204437256,-0.9481038451194763
1790031864833478400,9.837478515625,-1.4484920501708984,-3.797203779220581,-0.730231523513794
1790031864843488300,9.84748828125,-1.213860273361206,-3.7924153804779053,-0.6727706789970398
1790031864853497900,9.857497802734375,-1.5059528350830078,-3.914519786834717,-0.6033388376235962
1790031864863507700,9.8675078125,-1.4724340438842773,-4.8482584953308105,-0.4596867263317108
1790031864873517600,9.877517578125,-1.644816517829895,-5.504269599914551,-0.3926490843296051
1790031864883558000,9.887557861328125,-1.7310078144073486,-5.207388877868652,-0.6392518281936646
1790031864893537000,9.897537109375,-1.723825216293335,-4.824316501617432,-0.790086567401886
1790031864933637000,9.93763720703125,-0.8212111592292786,-4.76924991607666,-0.28730419278144836
1790031864943647000,9.94764697265625,-0.6392518281936646,-4.683058738708496,-0.2322375625371933
1790031865013745700,10.01774560546875,-1.0773907899856567,-3.318363666534424,-0.7422025203704834
1790031865043775000,10.04777490234375,-1.4413094520568848,-2.8778305053710938,-0.9193734526634216
1790031865053815300,10.057815185546875,-1.8579005002975464,-2.9927520751953125,-0.689530074596405
1790031865063825200,10.0678251953125,-1.6950948238372803,-3.0095114707946777,-0.395043283700943
1790031865073834800,10.077834716796875,-1.7310078144073486,-2.9496564865112305,-0.5626373887062073
1790031865083844600,10.0878447265625,-1.659181833267212,-2.7317841053009033,-1.0893617868423462
1790031865093854500,10.0978544921875,-1.8794482946395874,-2.6455929279327393,-1.357512354850769
1790031865123914200,10.127914306640625,-1.9919757843017578,-2.38462495803833,-0.6153098344802856
1790031865164014300,10.168014404296875,-1.9033904075622559,-0.6440402865409851,-1.482010841369629
1790031865184033800,10.18803369140625,-1.8914192914962769,-1.9297266006469727,-0.8978256583213806
1790031865194074000,10.19807421875,-2.2816741466522217,-2.2840683460235596,-0.8619126081466675
1790031865204084000,10.208083984375,-2.5450363159179688,-1.6352397203445435,-1.2665326595306396
1790031865264203500,10.26820361328125,-1.867477297782898,-0.5506663918495178,-1.1061211824417114
1790031865274213400,10.27821337890625,-1.5083470344543457,-0.6272808313369751,-1.1085153818130493
1790031865284223000,10.288222900390625,-2.0207061767578125,-0.27054479718208313,-1.3407529592514038
1790031865294232800,10.29823291015625,-2.4396915435791016,-0.45489832758903503,-1.3670891523361206
1790031865304242700,10.30824267578125,-2.738966703414917,-0.7110779285430908,-1.2401964664459229
1790031865324262100,10.32826220703125,-2.2864625453948975,-0.35434186458587646,-1.2832920551300049
1790031865334272000,10.33827197265625,-1.9752163887023926,0.3447650372982025,-1.256955862045288
1790031865344281600,10.348281494140625,-1.7310078144073486,0.6775590777397156,-1.460463047027588
1790031865354291500,10.35829150390625,-1.7046716213226318,0.727837324142456,-1.5155296325683594
1790031865364301000,10.368301025390625,-1.9297266006469727,0.28969839215278625,-1.316810965538025
1790031865374311000,10.378310791015625,-2.1499931812286377,-0.950498104095459,-1.0199298858642578
1790031865384320800,10.38832080078125,-2.248155355453491,-0.7541735172271729,-1.0079588890075684
1790031865394330400,10.398330322265625,-2.5115175247192383,-0.4908113479614258,-1.4508862495422363
1790031865404340200,10.40834033203125,-2.1308395862579346,0.06224924325942993,-1.525106430053711
1790031865414350000,10.41835009765625,-1.7621324062347412,0.6631938815116882,-1.678335428237915
1790031865444348700,10.4483486328125,-1.6328455209732056,0.2082955539226532,-0.8044517636299133
1790031865464398800,10.46839892578125,-1.4269442558288574,-0.4836287498474121,-0.9313444495201111
1790031865474408700,10.47840869140625,-1.644816517829895,-0.363918662071228,-0.8667010068893433
1790031865484418300,10.488418212890625,-1.824381709098816,0.2968810200691223,-1.290474772453308
1790031865494428200,10.49842822265625,-1.9153614044189453,0.18914192914962769,-1.41257905960083
1790031865504407300,10.5084072265625,-1.5849615335464478,0.31842881441116333,-1.1516109704971313
1790031865514447600,10.518447509765625,-1.5658079385757446,0.5841852426528931,-1.192312479019165
1790031865534467000,10.538467041015625,-1.5921441316604614,0.689530074596405,-0.9074024558067322
1790031865544446500,10.548446533203125,-1.0989385843276978,0.6919242739677429,-0.6272808313369751
1790031865554486800,10.55848681640625,-0.7852981686592102,0.3232172429561615,-0.8164227604866028
1790031865564496400,10.568496337890625,-1.2042834758758545,0.16759411990642548,-0.9648633003234863
1790031865574506200,10.57850634765625,-1.4867992401123047,-0.5578489899635315,-0.9696516990661621
1790031865584485600,10.588485595703125,-1.4772224426269531,-0.5123591423034668,-0.9864110946655273
1790031865604535600,10.60853564453125,-1.4101848602294922,0.36152446269989014,-0.8044517636299133
1790031865614575900,10.618575927734375,-1.2066776752471924,0.7134721279144287,-0.6248866319656372
1790031865634595300,10.63859521484375,-1.3287819623947144,0.15562310814857483,-0.730231523513794
1790031865664655000,10.668655029296875,-0.9648633003234863,0.016759412363171577,-0.4118026793003082
1790031865694715000,10.69871484375,-1.2234370708465576,0.3016694188117981,-0.6847416758537292
1790031865704724700,10.708724853515625,-1.2090718746185303,1.1540051698684692,-0.6560112833976746
1790031865714765000,10.71876513671875,-0.9145850539207458,0.768538773059845,-0.6392518281936646
1790031865724775000,10.72877490234375,-0.5027823448181152,0.19393034279346466,-0.2322375625371933
1790031865734754000,10.738754150390625,-0.4908113479614258,-0.1604115068912506,-0.05746084079146385
1790031865754804200,10.75880419921875,-1.235408067703247,-0.08619125932455063,-0.304063618183136
1790031865764813800,10.768813720703125,-0.9672574996948242,0,-0.33758243918418884
1790031865774823700,10.77882373046875,-0.8379706144332886,0.06224924325942993,-0.1388636976480484
1790031865824903000,10.82890283203125,-0.7924807667732239,-0.06464344263076782,-0.16519992053508759
1790031865844922600,10.848922607421875,-0.9050082564353943,0.31842881441116333,-0.2513911724090576
1790031865874921200,10.878921142578125,-0.7924807667732239,-0.20350714027881622,-0.16519992053508759
1790031865884931000,10.88893115234375,-0.7637503147125244,0.08140286058187485,-0.21787235140800476
1790031865945020200,10.949020263671875,-0.8020575642585754,0.19393034279346466,-0.14844051003456116
1790031866005078800,11.009078857421875,-0.5363011956214905,-0.33758243918418884,-0.12210428714752197
1790031866015088600,11.019088623046875,-0.7469909191131592,-0.2753331959247589,-0.2082955539226532
1790031866025098200,11.02909814453125,-0.8379706144332886,-0.23942017555236816,-0.17956513166427612
1790031866035138600,11.039138671875,-0.5961562395095825,-0.26096799969673157,-0.009576806798577309
1790031866045148400,11.0491484375,-0.5722141861915588,-0.3232172429561615,0.002394201699644327
1790031866055158000,11.059157958984375,-0.7757213711738586,0.05267243832349777,-0.19632454216480255
1790031866065168000,11.06916796875,-0.7829039692878723,0.033518824726343155,-0.1173158809542656
1790031866075177700,11.079177734375,-0.586579442024231,-0.011971008032560349,-0.023942016065120697
1790031866085187300,11.089187255859375,-0.569819986820221,0.08858546614646912,-0.038307227194309235
1790031866105207000,11.10920703125,-0.5602431893348694,0.05027823522686958,-0.2944868206977844
1790031866115216600,11.119216552734375,-0.4357447028160095,-0.18914192914962769,-0.07422025501728058
1790031866125226500,11.1292265625,-0.2849099934101105,-0.3974374830722809,-0.026336219161748886
1790031866135236400,11.139236328125,-0.3663128614425659,-0.24899697303771973,-0.30885201692581177
1790031866145246000,11.149245849609375,-0.43335050344467163,-0.08140286058187485,-0.586579442024231
1790031866155286300,11.159286376953125,-0.49320554733276367,-0.11013327538967133,-0.2944868206977844
1790031866165265400,11.169265380859375,-0.6248866319656372,-0.29209262132644653,-0.09816227108240128
1790031866175275300,11.179275146484375,-0.7158663272857666,0.019153613597154617,-0.09816227108240128
1790031866185285000,11.18928515625,-0.6607996821403503,-0.011971008032560349,-0.05506663769483566
1790031866235394800,11.239394775390625,-0.19632454216480255,-0.3232172429561615,-0.18914192914962769
1790031866245404700,11.24940478515625,-0.3758896589279175,-0.1149216815829277,-0.06703764945268631
1790031866255445000,11.259445068359375,-0.6631938815116882,-0.31603461503982544,0.2537853717803955
1790031866275495000,11.279494873046875,-0.19153612852096558,-0.6536170840263367,0.17717093229293823
1790031866345593900,11.34959375,-0.395043283700943,-0.5578489899635315,0.19632454216480255
1790031866355603700,11.359603759765625,-0.38067805767059326,-0.7709329724311829,0.06464344263076782
1790031866365613300,11.36961328125,-0.4213795065879822,-1.0079588890075684,0.047884032130241394
1790031866375623200,11.379623046875,-0.42856210470199585,-1.072602391242981,-0.16759411990642548
1790031866385633000,11.389633056640625,-0.40222588181495667,-0.5051765441894531,-0.24181437492370605
1790031866395673300,11.39967333984375,-0.17477671802043915,-0.24181437492370605,-0.1149216815829277
1790031866405683000,11.409682861328125,-0.31124621629714966,-0.05506663769483566,0.05027823522686958
1790031866415662300,11.419662353515625,-0.1843535304069519,0.07900865375995636,0.10295066982507706
1790031866425702700,11.42970263671875,-0.028730420395731926,0.035913024097681046,0.043095629662275314
1790031866435712300,11.439712158203125,-0.19153612852096558,0.1364694982767105,-0.031124621629714966
1790031866495740400,11.499740478515625,-0.004788403399288654,0.15083470940589905,0.26336219906806946
1790031866555799000,11.559799072265625,0.08858546614646912,0.8738836050033569,0.6919242739677429
1790031866565778200,11.569778076171875,0.023942016065120697,0.8140285611152649,0.7996633648872375
1790031866575818500,11.579818603515625,-0.08858546614646912,0.6631938815116882,0.6177040338516235
1790031866605847800,11.609847900390625,-0.5027823448181152,1.1779472827911377,0.6631938815116882
1790031866615857700,11.619857666015625,-0.38307225704193115,1.6304513216018677,0.7852981686592102
1790031866625867300,11.6298671875,-0.21547815203666687,1.8100165128707886,0.6799532771110535
1790031866635877000,11.639877197265625,-0.08858546614646912,2.2601263523101807,0.6248866319656372
1790031866655896600,11.659896484375,-0.2801215946674347,1.7932571172714233,0.7422025203704834
1790031866665906400,11.669906494140625,-0.49320554733276367,1.821987509727478,0.6129156351089478
1790031866675946800,11.67994677734375,-0.3208230137825012,1.9369091987609863,0.8762778043746948
1790031866685956400,11.689956298828125,-0.33279404044151306,2.4899697303771973,0.8068459630012512
1790031866695996700,11.69999658203125,-0.6799532771110535,2.846705913543701,0.3734954595565796
1790031866746106600,11.750106689453125,-0.21787235140800476,4.5154643058776855,-0.3016694188117981
1790031866756147000,11.76014697265625,-0.2849099934101105,3.861847400665283,-0.4429273009300232
1790031866766156500,11.770156494140625,-0.5817909836769104,4.508281707763672,-0.4692635238170624
1790031866786176300,11.79017626953125,-1.192312479019165,3.5649664402008057,0.040701430290937424
1790031866796185900,11.800185791015625,-1.039083480834961,3.224989652633667,-0.2537853717803955
1790031866806165200,11.810165283203125,-1.4987702369689941,3.421314239501953,-0.6416460275650024
1790031866876325000,11.8803251953125,-1.8842366933822632,3.378218650817871,-0.5267243981361389
1790031866886335000,11.8903349609375,-2.3487119674682617,3.861847400665283,-0.7757213711738586
1790031866896344600,11.900344482421875,-3.181894063949585,3.9863457679748535,-1.3192051649093628
1790031866906354400,11.9103544921875,-3.3255462646484375,3.3710360527038574,-1.6543933153152466
1790031866916364300,11.9203642578125,-2.8419175148010254,2.1284453868865967,-1.316810965538025
1790031866926374000,11.930373779296875,-2.1164743900299072,1.6855180263519287,-1.3503297567367554
1790031866936383700,11.9403837890625,-2.0183119773864746,2.956839084625244,-1.8794482946395874
1790031866966443500,11.970443603515625,-3.093308687210083,2.4013843536376953,-2.049436569213867
1790031866986463000,11.990462890625,-3.375824451446533,0.7637503147125244,-2.2625205516815186
1790031866996472800,12.000472900390625,-3.1866824626922607,0.5291185975074768,-2.3558945655822754
1790031867006452000,12.010451904296875,-2.650381326675415,0.3663128614425659,-2.1116859912872314
1790031867016461800,12.0204619140625,-3.0813376903533936,0.5147533416748047,-2.341529369354248
1790031867026471700,12.0304716796875,-3.2800562381744385,1.3120225667953491,-2.6240451335906982
1790031867036450800,12.040450927734375,-3.332728862762451,1.7549498081207275,-2.537853717803955
1790031867046491100,12.0504912109375,-3.5482068061828613,0.26336219906806946,-2.2888567447662354
1790031867056531500,12.060531494140625,-3.620033025741577,-1.4724340438842773,-1.8531121015548706
1790031867066541000,12.070541015625,-3.5936968326568604,-2.346317768096924,-1.644816517829895
1790031867076551000,12.080551025390625,-3.6152446269989014,-1.8698714971542358,-1.8507179021835327
1790031867086560800,12.090560791015625,-3.35667085647583,-1.3407529592514038,-2.22660756111145
1790031867136609500,12.140609619140625,-3.778050184249878,-3.0119056701660156,-1.5538369417190552
1790031867146588700,12.150588623046875,-3.361459255218506,-3.6774938106536865,-1.5873557329177856
1790031867176648700,12.180648681640625,-3.4332852363586426,-1.8363527059555054,-2.432508945465088
1790031867186658300,12.190658203125,-3.5745432376861572,-2.425326347351074,-2.0829553604125977
1790031867216687600,12.2206875,-2.9975404739379883,-5.547365188598633,-0.8188169598579407
1790031867246717000,12.250717041015625,-1.8363527059555054,-3.4404678344726562,-0.9983820915222168
1790031867276807200,12.28080712890625,-2.5737667083740234,-5.020640850067139,-0.7829039692878723
1790031867286847500,12.290847412109375,-1.9393033981323242,-4.577713489532471,-0.5506663918495178
1790031867306867200,12.3108671875,-1.6400281190872192,-4.742913722991943,-1.764526605606079
1790031867316907300,12.3209072265625,-1.4221558570861816,-5.535394191741943,-2.2601263523101807
1790031867326947600,12.330947509765625,-1.460463047027588,-4.606443881988525,-1.9823989868164062
1790031867336957400,12.34095751953125,-1.845929503440857,-4.309563159942627,-1.4460978507995605
1790031867346936600,12.3509365234375,-1.3239935636520386,-4.108449935913086,-1.3455413579940796
1790031867356977000,12.360976806640625,-1.1516109704971313,-4.3191399574279785,-1.235408067703247
1790031867367017200,12.371017333984375,-1.2641384601593018,-4.132391929626465,-1.3096283674240112
1790031867377057500,12.3810576171875,-1.2258312702178955,-4.015076160430908,-1.139639973640442
1790031867387067400,12.3910673828125,-0.9145850539207458,-4.611232280731201,-0.8427590131759644
1790031867397107500,12.401107421875,-0.8451532125473022,-5.458779811859131,-0.5267243981361389
1790031867407117300,12.411117431640625,-0.5123591423034668,-6.117185115814209,-0.36152446269989014
1790031867417157600,12.42115771484375,-0.5123591423034668,-4.819528102874756,-0.5770025849342346
1790031867447248000,12.451247802734375,-0.6224924325942993,-3.955221176147461,-0.42856210470199585
1790031867527356700,12.531356689453125,-0.545877993106842,-2.935291290283203,-0.8020575642585754
1790031867537397000,12.54139697265625,-0.7493851184844971,-2.3582887649536133,-0.9888052940368652
1790031867547406600,12.551406494140625,-0.9792284965515137,-2.183511972427368,-0.9983820915222168
1790031867557416400,12.56141650390625,-1.3072341680526733,-2.626439332962036,-0.8882488012313843
1790031867567426300,12.57142626953125,-1.4939818382263184,-2.9688100814819336,-0.7637503147125244
1790031867577405400,12.581405517578125,-1.3694833517074585,-3.095702886581421,-0.7182605266571045
1790031867587445800,12.59144580078125,-1.4389152526855469,-2.4851813316345215,-1.015141487121582
1790031867597486000,12.601486083984375,-1.6927006244659424,-2.52109432220459,-1.072602391242981
1790031867627515400,12.631515380859375,-1.7286136150360107,-1.1635819673538208,-0.811634361743927
1790031867637494500,12.64149462890625,-1.4867992401123047,-1.3455413579940796,-0.9888052940368652
1790031867647534800,12.651534912109375,-1.5322890281677246,-1.5131354331970215,-1.3934253454208374
1790031867657544700,12.661544677734375,-1.6328455209732056,-1.742978811264038,-1.4915876388549805
1790031867667554300,12.67155419921875,-1.680729627609253,-1.5322890281677246,-1.4317326545715332
1790031867677564200,12.681564208984375,-1.6280571222305298,-1.0103530883789062,-1.359906554222107
1790031867687573800,12.69157373046875,-1.920149803161621,-0.9816226959228516,-1.5490485429763794
1790031867697553200,12.70155322265625,-2.3271639347076416,-0.9911994934082031,-1.7286136150360107
1790031867707593500,12.711593505859375,-2.513911724090576,-0.7876923680305481,-1.5418659448623657
1790031867717633800,12.7216337890625,-2.248155355453491,-0.730231523513794,-1.455674648284912
1790031867727673900,12.731673828125,-1.7501614093780518,-0.9816226959228516,-1.256955862045288
1790031867737683700,12.74168359375,-1.3623007535934448,-0.7709329724311829,-1.192312479019165
1790031867797742300,12.801742431640625,-1.7693150043487549,-0.05267243832349777,-1.0582371950149536
1790031867817792500,12.82179248046875,-1.1444283723831177,-0.8882488012313843,-1.4221558570861816
1790031867877881600,12.881881591796875,-1.4484920501708984,0.790086567401886,-1.534683346748352
1790031867917951000,12.921950927734375,-1.1276689767837524,-1.3335703611373901,-0.7996633648872375
1790031867927960800,12.9319609375,-1.403002142906189,-0.7398083209991455,-0.8690952062606812
1790031867937970700,12.941970703125,-1.86508309841156,-0.2849099934101105,-1.1420341730117798
1790031867947980300,12.951980224609375,-1.5610195398330688,-0.6607996821403503,-0.933738648891449
1790031867957990100,12.961990234375,-0.8810662031173706,0.27054479718208313,-0.8475474119186401
1790031867988080400,12.992080322265625,-1.3048399686813354,0.22505496442317963,-0.5482721924781799
1790031867998090200,13.00209033203125,-1.2330138683319092,0.14844051003456116,-0.3208230137825012
1790031868008100000,13.01210009765625,-1.0007762908935547,0.28730419278144836,-0.40462008118629456
1790031868018109700,13.022109619140625,-0.9552865028381348,0.22266076505184174,-0.5913678407669067
1790031868028119600,13.03211962890625,-1.039083480834961,0.6344634294509888,-0.7422025203704834
1790031868038129400,13.04212939453125,-1.1755530834197998,0.8427590131759644,-0.9792284965515137
1790031868048139000,13.052138916015625,-1.0127472877502441,0.2513911724090576,-0.7015010714530945
1790031868058148900,13.06214892578125,-1.015141487121582,0.2082955539226532,-0.6607996821403503
1790031868088239000,13.092239013671875,-1.314416766166687,0.2106897532939911,-0.6727706789970398
1790031868098249000,13.1022490234375,-1.2665326595306396,0.22266076505184174,-0.8307880163192749
1790031868108258800,13.1122587890625,-1.3718775510787964,0.2082955539226532,-1.0869675874710083
1790031868118268400,13.122268310546875,-1.4460978507995605,0.38307225704193115,-0.9744400978088379
1790031868148297700,13.152297607421875,-1.1516109704971313,0.29209262132644653,-0.6847416758537292
1790031868158368500,13.162368408203125,-1.0797849893569946,-0.06703764945268631,-0.7110779285430908
1790031868188397800,13.192397705078125,-1.091755986213684,0.7158663272857666,-0.4908113479614258
1790031868198407700,13.20240771484375,-0.9528923034667969,0.29209262132644653,-0.4668693244457245
1790031868208417300,13.212417236328125,-0.7350199222564697,-0.06224924325942993,-0.5770025849342346
1790031868218457600,13.22245751953125,-0.8307880163192749,0.2561795711517334,-0.6655880808830261
1790031868228467500,13.232467529296875,-0.9241618514060974,0.18914192914962769,-0.7158663272857666
1790031868238477300,13.242477294921875,-0.9648633003234863,0.20111294090747833,-0.3495534360408783
1790031868248517400,13.252517333984375,-0.6655880808830261,0.5363011956214905,-0.42377370595932007
1790031868258557700,13.2625576171875,-0.9433154463768005,0.3519476354122162,-0.4118026793003082
1790031868268598000,13.272597900390625,-1.2042834758758545,0.021547814831137657,-0.4644751250743866
1790031868278638300,13.282638427734375,-1.0797849893569946,-0.026336219161748886,-0.47884035110473633
1790031868308698000,13.312697998046875,-1.0199298858642578,0.004788403399288654,-0.3256114423274994
1790031868328717600,13.332717529296875,-0.4836287498474121,-0.09576806426048279,-0.24420857429504395
1790031868338788600,13.34278857421875,-0.7015010714530945,-0.08619125932455063,-0.4620809257030487
1790031868348798200,13.352798095703125,-0.8044517636299133,0.033518824726343155,-0.42377370595932007
1790031868358838500,13.362838623046875,-0.5147533416748047,0.7374141216278076,-0.3687070608139038
1790031868368848400,13.372848388671875,-0.2537853717803955,1.0821791887283325,-0.3256114423274994
1790031868378888700,13.382888671875,-0.12449848651885986,0.4836287498474121,-0.24420857429504395
1790031868388928800,13.3929287109375,-0.014365210197865963,0.40222588181495667,-0.22505496442317963
1790031868429028900,13.43302880859375,-0.7038952708244324,0.23942017555236816,-0.45489832758903503
1790031868439069200,13.443069091796875,-0.7805097699165344,0.18914192914962769,-0.33758243918418884
1790031868469129000,13.47312890625,-0.6823474764823914,-0.30885201692581177,-0.15562310814857483
1790031868489179100,13.49317919921875,-0.45489832758903503,-0.0694318488240242,-0.17956513166427612
1790031868509198600,13.513198486328125,-0.7206547260284424,0.10773907601833344,-0.3734954595565796
1790031868529218000,13.533218017578125,-0.4189853072166443,0.15562310814857483,0.1149216815829277
1790031868549268200,13.553268310546875,-0.5434837937355042,-0.0933738648891449,-0.26096799969673157
1790031868579297500,13.583297607421875,-0.6248866319656372,-0.17717093229293823,0.004788403399288654
1790031868599347500,13.603347412109375,-0.507570743560791,-0.10055647045373917,-0.026336219161748886
1790031868629407500,13.633407470703125,-0.9481038451194763,0.0071826050989329815,0.08140286058187485
1790031868639447600,13.643447509765625,-0.751779317855835,0.028730420395731926,0.28969839215278625
1790031868649457400,13.65345751953125,-0.5410895943641663,-0.19153612852096558,0.4596867263317108
1790031868659467300,13.66346728515625,-0.4165911078453064,0.07900865375995636,0.3758896589279175
1790031868669476900,13.673476806640625,-0.40222588181495667,0.10773907601833344,0.31842881441116333
1790031868689496600,13.69349658203125,-0.33758243918418884,0.004788403399288654,0.2992752194404602
1790031868699537000,13.703536865234375,-0.28969839215278625,0.17238251864910126,0.40222588181495667
1790031868709546500,13.71354638671875,-0.3519476354122162,-0.12689268589019775,0.304063618183136
1790031868719526000,13.72352587890625,-0.11971008777618408,-0.12928688526153564,0.3687070608139038
1790031868729566000,13.73356591796875,0.031124621629714966,-0.004788403399288654,0.31603461503982544
1790031868739606300,13.743606201171875,-0.05027823522686958,-0.13407529890537262,0.2561795711517334
1790031868749616000,13.7536162109375,-0.17477671802043915,-0.12928688526153564,0.1364694982767105
1790031868769605000,13.773605224609375,0.11252748221158981,-0.090979665517807,0.24899697303771973
1790031868779645400,13.7836455078125,0.11252748221158981,-0.08379705995321274,0.07422025501728058
1790031868789685800,13.793685791015625,0.15322890877723694,-0.05985504388809204,0.13168109953403473
1790031868799726000,13.80372607421875,-0.0454898327589035,-0.1412578970193863,0.019153613597154617
1790031868809735700,13.813735595703125,-0.002394201699644327,-0.21308395266532898,-0.12928688526153564
1790031868849805300,13.853805419921875,-0.26336219906806946,0.14604631066322327,-0.07182604819536209
1790031868859784700,13.86378466796875,-0.6009446382522583,0.45489832758903503,0.05506663769483566
1790031868869794300,13.873794189453125,-0.5267243981361389,-0.1149216815829277,0
1790031868909924900,13.9139248046875,-0.5123591423034668,0.40222588181495667,0.18914192914962769
1790031868919934700,13.923934814453125,-0.38546648621559143,1.1013327836990356,0.36152446269989014
1790031868929944600,13.933944580078125,-0.5674257874488831,1.6615760326385498,0.3711012601852417
1790031868959974000,13.963973876953125,-0.090979665517807,1.9536685943603516,0.6320692300796509
1790031868969983500,13.9739833984375,-0.07182604819536209,1.8722656965255737,0.6631938815116882
1790031868979993300,13.983993408203125,-0.26336219906806946,1.8962076902389526,0.7326257228851318
1790031869000043300,14.004043212890625,-0.38067805767059326,1.8770540952682495,0.5434837937355042
1790031869040174000,14.044174072265625,-0.6344634294509888,2.559401512145996,0.4141969084739685
1790031869120404700,14.12440478515625,-1.577778935432434,2.8155810832977295,-0.47644615173339844
1790031869130414300,14.134414306640625,-1.534683346748352,2.6791117191314697,-0.7326257228851318
1790031869160443600,14.164443603515625,-1.7597382068634033,3.3854012489318848,-0.49320554733276367
1790031869170453500,14.17445361328125,-2.056619167327881,3.5003228187561035,-0.7589619159698486
1790031869210523100,14.214523193359375,-1.7070658206939697,2.4612393379211426,-0.3878606855869293
1790031869220502300,14.224502197265625,-1.8770540952682495,3.093308687210083,-0.6057330369949341
1790031869240552400,14.244552490234375,-1.6663644313812256,1.6687586307525635,-1.4700398445129395
1790031869250562000,14.25456201171875,-1.7812861204147339,1.843535304069519,-1.4748282432556152
1790031869260633000,14.264633056640625,-2.140416383743286,2.6144683361053467,-0.9145850539207458
1790031869270642700,14.274642578125,-2.38462495803833,2.8419175148010254,-0.8571242094039917
1790031869280652500,14.284652587890625,-2.1739351749420166,1.3982137441635132,-1.2449848651885986
1790031869290662100,14.294662109375,-2.2625205516815186,1.436521053314209,-1.4508862495422363
1790031869300672000,14.304672119140625,-2.7509377002716064,0.9097966551780701,-1.2210428714752197
1790031869320691500,14.32469140625,-2.6240451335906982,1.0007762908935547,-1.381454348564148
1790031869330701300,14.334701416015625,-2.341529369354248,1.3742717504501343,-1.436521053314209
1790031869390790400,14.394790283203125,-3.2824504375457764,0.44771572947502136,-1.0773907899856567
1790031869470929700,14.4749296875,-3.7277719974517822,-0.5195417404174805,-2.0374655723571777
1790031869531049200,14.53504931640625,-3.485957622528076,-1.4772224426269531,-2.365471363067627
1790031869551099400,14.555099365234375,-2.5450363159179688,-1.742978811264038,-2.164358377456665
1790031869561139500,14.565139404296875,-2.9041666984558105,-0.004788403399288654,-2.056619167327881
1790031869571149300,14.5751494140625,-3.5242648124694824,-0.545877993106842,-2.1715409755706787
1790031869581189600,14.585189697265625,-3.426102638244629,-2.054224967956543,-2.4851813316345215
1790031869591199500,14.595199462890625,-3.73016619682312,-3.1004912853240967,-2.4133553504943848
1790031869641309200,14.64530908203125,-2.497152328491211,-4.022258758544922,-2.1475989818573
1790031869651319000,14.655319091796875,-2.4013843536376953,-3.227383852005005,-1.9129672050476074
1790031869661328600,14.66532861328125,-2.300827741622925,-3.5721490383148193,-1.6735470294952393
1790031869671369000,14.675368896484375,-2.097320795059204,-3.6727054119110107,-1.5610195398330688
1790031869691419100,14.695419189453125,-2.52109432220459,-4.862623691558838,-1.3287819623947144
1790031869731488800,14.73548876953125,-0.9145850539207458,-5.343858242034912,-0.9050082564353943
1790031869741498400,14.745498291015625,-1.4221558570861816,-5.504269599914551,-1.0893617868423462
1790031869761518000,14.76551806640625,-1.5322890281677246,-5.901707172393799,-0.6488286852836609
1790031869771558100,14.77555810546875,-0.6943184733390808,-6.071695327758789,-0.43095630407333374
1790031869781568000,14.785568115234375,-0.6919242739677429,-5.588066577911377,-0.6775590777397156
1790031869791608300,14.7956083984375,-1.0438719987869263,-5.468356609344482,-1.0821791887283325
1790031869801618200,14.8056181640625,-1.580173134803772,-5.011064052581787,-1.4413094520568848
1790031869811627800,14.815627685546875,-1.7477672100067139,-4.7405195236206055,-1.2641384601593018
1790031869841657000,14.845656982421875,-0.7182605266571045,-3.4955344200134277,-0.727837324142456
1790031869851667000,14.8556669921875,-0.950498104095459,-4.338293552398682,-0.8164227604866028
1790031869861676500,14.865676513671875,-1.4987702369689941,-4.481945514678955,-1.139639973640442
1790031869871686400,14.875686279296875,-2.2816741466522217,-4.505887508392334,-0.8667010068893433
1790031869881696300,14.8856962890625,-2.434903144836426,-3.8355112075805664,-0.5722141861915588
1790031869891705900,14.895705810546875,-1.9297266006469727,-3.7014358043670654,-0.7613561153411865
1790031869901715700,14.9057158203125,-1.381454348564148,-3.270479440689087,-1.192312479019165
1790031869911756000,14.915756103515625,-1.644816517829895,-2.8778305053710938,-1.0965443849563599
1790031869931775500,14.935775390625,-1.987187385559082,-2.1763293743133545,-0.42856210470199585
1790031869941785300,14.945785400390625,-2.051830768585205,-2.5019407272338867,-0.47165772318840027
1790031869951825700,14.95582568359375,-1.678335428237915,-2.935291290283203,-0.7015010714530945
1790031869961835300,14.965835205078125,-1.6089035272598267,-2.5761611461639404,-0.9720458984375
1790031869971845000,14.97584521484375,-2.0039467811584473,-2.346317768096924,-1.256955862045288
1790031869981855000,14.98585498046875,-2.255337953567505,-2.1332337856292725,-1.400607943534851
1790031870031903700,15.03590380859375,-2.1140801906585693,-1.723825216293335,-1.400607943534851
1790031870051923200,15.055923095703125,-2.315192937850952,-1.4748282432556152,-1.6615760326385498
1790031870061933000,15.06593310546875,-2.425326347351074,-1.0773907899856567,-1.3838485479354858
1790031870081952500,15.085952392578125,-2.027888774871826,-1.194706678390503,-0.9792284965515137
1790031870091962400,15.09596240234375,-2.142810583114624,-1.1468225717544556,-1.2713210582733154
1790031870122022100,15.126022216796875,-2.456450939178467,-1.094150185585022,-1.3000515699386597
1790031870162061300,15.166061279296875,-2.296039342880249,-1.280897855758667,-1.192312479019165
1790031870172101400,15.176101318359375,-2.1332337856292725,-0.3232172429561615,-1.414973258972168
1790031870182111200,15.186111328125,-2.5737667083740234,-0.47405192255973816,-1.5275006294250488
1790031870192121000,15.19612109375,-2.784456491470337,-0.751779317855835,-1.5514427423477173
1790031870202130700,15.206130615234375,-3.246537446975708,-0.4692635238170624,-1.5658079385757446
1790031870212140500,15.216140625,-3.5027170181274414,-0.43335050344467163,-1.482010841369629
1790031870222150400,15.226150390625,-3.136404275894165,0.22026655077934265,-1.3862427473068237
1790031870252179700,15.2561796875,-2.346317768096924,-0.5027823448181152,-1.5921441316604614
1790031870272229600,15.276229736328125,-3.8522706031799316,-0.6272808313369751,-1.5155296325683594
1790031870282239500,15.286239501953125,-3.5266590118408203,-0.9792284965515137,-1.6855180263519287
1790031870292249000,15.2962490234375,-2.868253707885742,-0.44771572947502136,-1.9584569931030273
1790031870302259000,15.306259033203125,-2.3774423599243164,-0.3447650372982025,-1.5849615335464478
1790031870312299300,15.31629931640625,-1.4077905416488647,0.6153098344802856,-1.2689268589019775
1790031870322308900,15.326308837890625,-1.3455413579940796,0.4668693244457245,-0.8307880163192749
1790031870332318700,15.336318603515625,-1.280897855758667,-0.10534487664699554,-0.6847416758537292
1790031870342328600,15.34632861328125,-1.4389152526855469,-0.38067805767059326,-0.7158663272857666
1790031870352338200,15.356338134765625,-1.8124107122421265,0.19871874153614044,-1.01753568649292
1790031870422498300,15.426498291015625,-1.5418659448623657,0.0694318488240242,-1.0223240852355957
1790031870432538400,15.436538330078125,-2.0470423698425293,1.0342950820922852,-1.161187767982483
1790031870442548200,15.44654833984375,-2.2170307636260986,1.137245774269104,-1.0989385843276978
1790031870452558000,15.45655810546875,-1.867477297782898,0.9720458984375,-1.2066776752471924
1790031870462567700,15.466567626953125,-1.4460978507995605,0.4405331015586853,-1.2976573705673218
1790031870482587400,15.48658740234375,-1.4197616577148438,0.2849099934101105,-0.6129156351089478
1790031870492597000,15.496596923828125,-1.6855180263519287,0.4596867263317108,-0.9792284965515137
1790031870502637300,15.50663720703125,-1.556231141090393,0.6368576288223267,-0.871489405632019
1790031870512647200,15.516647216796875,-1.659181833267212,1.0055646896362305,-0.7733271718025208
1790031870522656800,15.52665673828125,-1.6041151285171509,0.9648633003234863,-0.6703764796257019
1790031870532666600,15.53666650390625,-1.5682021379470825,1.2952631711959839,-0.5889736413955688
1790031870562756900,15.5667568359375,-1.3431471586227417,0.6320692300796509,-0.9672574996948242
1790031870572766700,15.5767666015625,-1.766920804977417,0.090979665517807,-1.1420341730117798
1790031870582807000,15.58680712890625,-1.6639702320098877,0.22505496442317963,-1.1468225717544556
1790031870592817000,15.59681689453125,-1.599326729774475,0.5746083855628967,-0.912190854549408
1790031870602857000,15.60685693359375,-1.5945383310317993,0.871489405632019,-0.7757213711738586
1790031870612897300,15.616897216796875,-1.3718775510787964,0.6129156351089478,-0.7876923680305481
1790031870622907100,15.6269072265625,-1.2976573705673218,0.43335050344467163,-0.9433154463768005
1790031870632917000,15.6369169921875,-1.534683346748352,0.12210428714752197,-1.039083480834961
1790031870642926600,15.646926513671875,-1.6376339197158813,0.2849099934101105,-0.8164227604866028
1790031870652936400,15.6569365234375,-1.482010841369629,0.42856210470199585,-0.6344634294509888
1790031870672956000,15.676955810546875,-0.8331822156906128,0.004788403399288654,-0.26815059781074524
1790031870682965800,15.6869658203125,-0.8451532125473022,0.004788403399288654,-0.3902548849582672
1790031870692975600,15.6969755859375,-0.7182605266571045,0.038307227194309235,-0.26575639843940735
1790031870702985200,15.706985107421875,-0.4357447028160095,0.0071826050989329815,-0.3232172429561615
1790031870712995000,15.7169951171875,-0.2944868206977844,-0.05027823522686958,-0.4908113479614258
1790031870723004700,15.727004638671875,-0.45010992884635925,0.17238251864910126,-0.4908113479614258
1790031870733014500,15.7370146484375,-0.5195417404174805,0.5770025849342346,-0.4884171485900879
1790031870743054800,15.747054931640625,-0.5554547905921936,0.031124621629714966,-0.42856210470199585
1790031870753064700,15.757064697265625,-0.44771572947502136,-0.43335050344467163,-0.4213795065879822
1790031870773084200,15.777084228515625,-0.5267243981361389,-0.35434186458587646,-0.4692635238170624
1790031870823224600,15.827224609375,-0.21308395266532898,-0.9385270476341248,-0.3064578175544739
1790031870833234200,15.837234130859375,0.021547814831137657,-0.44532153010368347,-0.49559974670410156
1790031870843244000,15.847244140625,-0.3064578175544739,0.05267243832349777,-0.5626373887062073
1790031870853254000,15.85725390625,-0.05267243832349777,0.35913026332855225,-0.7972691655158997
1790031870863294200,15.867294189453125,-0.1388636976480484,-0.021547814831137657,-0.6560112833976746
1790031870873303800,15.8773037109375,-0.05267243832349777,-0.05746084079146385,-0.44771572947502136
1790031870933362400,15.937362548828125,-0.667982280254364,-0.272938996553421,-0.5099649429321289
1790031870943402800,15.94740283203125,-0.6272808313369751,-0.24181437492370605,-0.4836287498474121
1790031870953443000,15.957443115234375,-0.6512228846549988,-0.3232172429561615,-0.47644615173339844
1790031870963452700,15.96745263671875,-0.790086567401886,-0.3687070608139038,-0.4884171485900879
1790031870983472400,15.987472412109375,-0.7924807667732239,-0.07661445438861847,-0.3519476354122162
1790031870993512700,15.9975126953125,-0.7541735172271729,0.06703764945268631,-0.24420857429504395
1790031871003522300,16.007522216796875,-0.7350199222564697,-0.2944868206977844,-0.1604115068912506
1790031871013562600,16.017562744140626,-0.6799532771110535,-0.5386953949928284,-0.05746084079146385
1790031871023572500,16.027572509765626,-0.7015010714530945,-0.811634361743927,0.08140286058187485
1790031871043622400,16.047622314453125,-0.40222588181495667,-0.5746083855628967,-0.0933738648891449
1790031871063672600,16.067672607421876,-0.42856210470199585,-0.47165772318840027,-0.1628057211637497
1790031871073682200,16.07768212890625,-0.22744916379451752,-0.24420857429504395,0.12928688526153564
1790031871083692000,16.087692138671876,-0.2849099934101105,-0.19871874153614044,-0.021547814831137657
1790031871093732400,16.097732421875,-0.2537853717803955,-0.22026655077934265,-0.12210428714752197
1790031871103772700,16.107772705078126,-0.1173158809542656,-0.47884035110473633,-0.1173158809542656
1790031871113813000,16.11781298828125,-0.05985504388809204,-0.40701428055763245,-0.11013327538967133
1790031871133832400,16.13783251953125,-0.033518824726343155,-0.7852981686592102,0.090979665517807
1790031871163861800,16.16786181640625,-0.15322890877723694,-0.7422025203704834,0.22026655077934265
1790031871223920400,16.22792041015625,-0.20350714027881622,-0.6129156351089478,0.29209262132644653
1790031871264020500,16.2680205078125,-0.09576806426048279,-0.28969839215278625,0.0694318488240242
1790031871284040000,16.2880400390625,-0.17477671802043915,0.3495534360408783,0.2298433631658554
1790031871294049800,16.2980498046875,-0.14365209639072418,0.37828385829925537,0.40701428055763245
1790031871304059400,16.308059326171875,-0.0933738648891449,0.15801730751991272,0.5434837937355042
1790031871314069200,16.3180693359375,-0.26096799969673157,0.31364041566848755,0.6248866319656372
1790031871334058200,16.338058349609376,-0.35913026332855225,0.6200982332229614,0.5147533416748047
1790031871344098600,16.3480986328125,-0.3064578175544739,1.01753568649292,0.6607996821403503
1790031871354108400,16.3581083984375,-0.4141969084739685,1.0869675874710083,0.7398083209991455
1790031871364118000,16.368117919921875,-0.3926490843296051,1.1659762859344482,0.8523358106613159
1790031871374097400,16.378097412109376,-0.2298433631658554,1.2114660739898682,0.8667010068893433
1790031871384107000,16.38810693359375,-0.2585737705230713,1.403002142906189,0.4644751250743866
1790031871404126700,16.408126708984376,-0.3519476354122162,1.802833914756775,0.2801215946674347
1790031871424146200,16.428146240234376,-0.395043283700943,1.8291701078414917,0.7469909191131592
1790031871434156000,16.438156005859376,-0.395043283700943,2.1140801906585693,0.6392518281936646
1790031871454175500,16.458175537109376,-0.016759412363171577,1.9776105880737305,0.13168109953403473
1790031871464185000,16.46818505859375,0.047884032130241394,2.382230758666992,0.16519992053508759
1790031871474225400,16.478225341796875,-0.17956513166427612,2.410961151123047,0.28730419278144836
1790031871484265700,16.488265625,-0.45010992884635925,2.808398485183716,0.2944868206977844
1790031871494306000,16.49830615234375,-0.6320692300796509,2.9735984802246094,0.3519476354122162
1790031871534375700,16.538375732421876,-0.6177040338516235,2.7437551021575928,0.38067805767059326
1790031871544446500,16.548446533203126,-0.8786720037460327,3.552995204925537,0.11252748221158981
1790031871554456300,16.558456298828126,-1.192312479019165,3.5960910320281982,0.33279404044151306
1790031871564496400,16.568496337890625,-1.3407529592514038,4.110844135284424,0.47884035110473633
1790031871584516000,16.58851611328125,-0.4572925269603729,2.9903578758239746,0.24899697303771973
1790031871614606300,16.6186064453125,-1.5059528350830078,3.4117374420166016,-1.0965443849563599
1790031871644727300,16.648727294921876,-1.2665326595306396,4.039018154144287,-0.4165911078453064
1790031871654706400,16.65870654296875,-1.8555063009262085,4.094084739685059,-0.8667010068893433
1790031871664777200,16.668777099609375,-1.656787633895874,3.071760892868042,-1.3934253454208374
1790031871704786000,16.708785888671876,-2.80361008644104,1.8100165128707886,-0.8188169598579407
1790031871724896800,16.728896728515625,-2.231395959854126,2.140416383743286,-1.237802267074585
1790031871744947000,16.748947021484376,-2.6144683361053467,1.8100165128707886,-1.5849615335464478
1790031871764966400,16.76896630859375,-2.693476915359497,2.4588451385498047,-1.8052281141281128
1790031871774976300,16.778976318359376,-2.983175277709961,1.941697597503662,-2.070984363555908
1790031871785016600,16.7890166015625,-3.0119056701660156,1.623268723487854,-2.1284453868865967
1790031871805036000,16.8090361328125,-3.177105665206909,0.9313444495201111,-2.164358377456665
1790031871865277700,16.869277587890625,-3.19865345954895,0.3495534360408783,-3.0166940689086914
1790031871885358300,16.8893583984375,-2.473210334777832,-0.689530074596405,-2.868253707885742
1790031871895337500,16.89933740234375,-1.8722656965255737,-1.2330138683319092,-2.456450939178467
1790031871905408300,16.909408203125,-2.2864625453948975,-0.15801730751991272,-2.3032219409942627
1790031871915418000,16.919418212890626,-2.9089550971984863,-1.0414776802062988,-2.2816741466522217
1790031871925428000,16.929427978515626,-2.5546131134033203,-1.0893617868423462,-2.2242133617401123
1790031871955457300,16.959457275390626,-2.631227731704712,-1.4245500564575195,-2.1978771686553955
1790031871975537700,16.97953759765625,-1.8076223134994507,-1.9943699836730957,-2.2625205516815186
1790031871985547500,16.989547607421876,-1.455674648284912,-1.1635819673538208,-2.341529369354248
1790031871995587800,16.999587890625,-1.965639591217041,-1.4915876388549805,-2.161964178085327
1790031872005597400,17.009597412109375,-2.341529369354248,-1.7621324062347412,-1.9105730056762695
1790031872015637800,17.0196376953125,-2.6360161304473877,-1.6136919260025024,-1.9608511924743652
1790031872025678000,17.029677978515625,-3.0166940689086914,-3.287238836288452,-1.7980455160140991
1790031872035688000,17.03968798828125,-2.3104045391082764,-4.484339714050293,-1.6663644313812256
1790031872045728300,17.049728271484376,-1.3407529592514038,-2.4468741416931152,-2.099714994430542
1790031872055737900,17.05973779296875,-1.8124107122421265,-2.2194249629974365,-1.7070658206939697
1790031872065778200,17.069778076171875,-1.843535304069519,-2.5067291259765625,-1.5275006294250488
1790031872075788000,17.0797880859375,-1.6160861253738403,-3.49314022064209,-1.3335703611373901
1790031872085798000,17.0897978515625,-1.5275006294250488,-3.2345664501190186,-1.4413094520568848
1790031872095807500,17.099807373046875,-1.9321208000183105,-3.603273630142212,-1.4460978507995605
1790031872105817300,17.1098173828125,-2.0159177780151367,-4.211400985717773,-1.9345149993896484
1790031872115827000,17.119826904296875,-1.8986018896102905,-4.400542736053467,-2.4396915435791016
1790031872125836800,17.1298369140625,-2.209848165512085,-3.8953661918640137,-2.3032219409942627
1790031872155927000,17.159927001953125,-2.5043349266052246,-4.620809078216553,-1.7357962131500244
1790031872165967400,17.16996728515625,-2.4636335372924805,-4.659116744995117,-1.8938134908676147
1790031872206037000,17.210037109375,-1.0845733880996704,-5.035006046295166,-1.2258312702178955
1790031872236066300,17.24006640625,-1.7812861204147339,-5.961562156677246,-0.8379706144332886
1790031872246076200,17.250076171875,-1.3934253454208374,-6.445190906524658,-0.8906430602073669
1790031872266126000,17.2701259765625,-0.5602431893348694,-4.8937482833862305,-1.8411411046981812
1790031872286206700,17.290206787109376,-1.6352397203445435,-4.125209331512451,-1.3886369466781616
1790031872296216600,17.300216552734376,-1.4077905416488647,-4.90571928024292,-0.9864110946655273
1790031872306226200,17.31022607421875,-1.048660397529602,-5.485116004943848,-0.7374141216278076
1790031872326276400,17.3302763671875,-1.070208191871643,-4.793191909790039,-1.8387469053268433
1790031872336316700,17.340316650390626,-1.9249382019042969,-4.307168960571289,-1.9488801956176758
1790031872356397000,17.36039697265625,-2.2457611560821533,-3.8139634132385254,-1.656787633895874
1790031872366407000,17.370406982421876,-1.8746598958969116,-4.046200752258301,-1.1180921792984009
1790031872376416800,17.380416748046876,-1.292868971824646,-3.6822822093963623,-0.9361328482627869
1790031872386426400,17.39042626953125,-0.9840168952941895,-3.2345664501190186,-0.8738836050033569
1790031872396466700,17.400466796875,-0.7805097699165344,-2.7485435009002686,-1.0821791887283325
1790031872406507000,17.410507080078126,-0.768538773059845,-2.4396915435791016,-0.9313444495201111
1790031872416577800,17.420577880859376,-1.1563993692398071,-2.63362193107605,-0.4812345504760742
1790031872476667000,17.4806669921875,-2.0853497982025146,-1.41257905960083,-1.9177556037902832
1790031872526776800,17.53077685546875,-1.98958158493042,-2.2864625453948975,-2.121262788772583
1790031872576825600,17.58082568359375,-0.4644751250743866,-0.17238251864910126,-1.4053963422775269
1790031872646985500,17.6509853515625,-1.9105730056762695,0.8738836050033569,-2.0159177780151367
1790031872657025800,17.66102587890625,-1.680729627609253,-0.05506663769483566,-1.8986018896102905
1790031872737134300,17.74113427734375,-1.9105730056762695,-1.0630255937576294,-1.1755530834197998
1790031872777173500,17.781173583984376,-1.6400281190872192,1.2258312702178955,-1.6089035272598267
1790031872847303000,17.851302978515626,-1.6543933153152466,0.4620809257030487,-1.4293384552001953
1790031872867352800,17.871352783203125,-2.121262788772583,0.6871358752250671,-1.3670891523361206
1790031872887403000,17.891403076171876,-1.2306196689605713,0.42856210470199585,-0.4836287498474121
1790031872967511600,17.971511474609375,-0.5913678407669067,0.7852981686592102,-0.9696516990661621
1790031872997571300,18.0015712890625,-1.2832920551300049,0.043095629662275314,-0.950498104095459
1790031873007611600,18.011611572265625,-1.1348515748977661,0.7422025203704834,-1.0103530883789062
1790031873047711700,18.051711669921875,-0.667982280254364,1.3072341680526733,-1.0534487962722778
1790031873057752000,18.061751953125,-0.6009446382522583,0.9840168952941895,-0.9816226959228516
1790031873077771500,18.081771484375,-0.7398083209991455,0.7757213711738586,-0.9289502501487732
1790031873087811800,18.091811767578125,-1.1468225717544556,1.1348515748977661,-1.1827356815338135
1790031873097791200,18.101791259765626,-1.0534487962722778,1.192312479019165,-0.8858546018600464
1790031873107862000,18.111862060546876,-0.8331822156906128,1.0965443849563599,-0.6607996821403503
1790031873117871600,18.12187158203125,-0.6631938815116882,1.170764684677124,-0.7852981686592102
1790031873127881500,18.131881591796876,-0.6607996821403503,1.194706678390503,-0.9720458984375
1790031873167920600,18.171920654296876,-1.0319008827209473,0.4692635238170624,-0.8523358106613159
1790031873248059600,18.2520595703125,-0.45250412821769714,0.3016694188117981,-0.6703764796257019
1790031873258069500,18.262069580078126,-0.3280056416988373,0.33758243918418884,-0.7038952708244324
1790031873298200000,18.302199951171875,-0.43335050344467163,0.2513911724090576,-0.5937620401382446
1790031873308240400,18.312240478515626,0.016759412363171577,-0.16759411990642548,-0.5817909836769104
1790031873328259800,18.332259765625,-0.5626373887062073,0.026336219161748886,-0.42616790533065796
1790031873338300200,18.342300048828125,-0.33518823981285095,-0.1412578970193863,-0.3064578175544739
1790031873348310000,18.35231005859375,-0.033518824726343155,-0.009576806798577309,-0.21308395266532898
1790031873358289200,18.3622890625,-0.14365209639072418,0.040701430290937424,-0.09816227108240128
1790031873368329500,18.37232958984375,-0.2849099934101105,-0.040701430290937424,-0.17956513166427612
1790031873378369800,18.382369873046876,-0.24660277366638184,-0.0071826050989329815,-0.26575639843940735
1790031873388410000,18.39241015625,-0.14844051003456116,0.507570743560791,-0.3423708379268646
1790031873398419700,18.402419677734375,-0.24660277366638184,0.14365209639072418,-0.3016694188117981
1790031873408429600,18.4124296875,-0.14365209639072418,-0.2298433631658554,-0.14365209639072418
1790031873428479700,18.432479736328126,-0.0454898327589035,-0.20350714027881622,-0.06464344263076782
1790031873438489300,18.4424892578125,-0.2513911724090576,-0.10773907601833344,-0.17477671802043915
1790031873448499200,18.452499267578126,-0.3519476354122162,-0.2537853717803955,-0.40940847992897034
1790031873468549000,18.472549072265625,-0.22026655077934265,-0.5674257874488831,-0.1843535304069519
1790031873478589400,18.48258935546875,-0.2346317619085312,-0.5889736413955688,0.11971008777618408
1790031873498609200,18.502609130859376,-0.14604631066322327,-0.4812345504760742,-0.07422025501728058
1790031873518720000,18.522719970703125,-0.0454898327589035,-0.31364041566848755,-0.16519992053508759
1790031873528729900,18.532729736328125,0,-0.45250412821769714,-0.2298433631658554
1790031873558759200,18.56275927734375,-0.08379705995321274,-0.586579442024231,-0.021547814831137657
1790031873578809300,18.582809326171876,-0.031124621629714966,-0.49320554733276367,-0.12689268589019775
1790031873588819000,18.59281884765625,-0.181959331035614,-0.6440402865409851,-0.24660277366638184
1790031873658918000,18.66291796875,-0.026336219161748886,-0.05267243832349777,-0.22744916379451752
1790031873739087600,18.743087646484376,0.07661445438861847,0.08140286058187485,0.3423708379268646
1790031873809217000,18.813217041015626,-0.4189853072166443,0.3232172429561615,0.5578489899635315
1790031873819226600,18.8232265625,-0.45010992884635925,0.689530074596405,0.4596867263317108
1790031873829236500,18.833236572265626,-0.26096799969673157,1.0606313943862915,0.5841852426528931
1790031873839246300,18.843246337890626,-0.11013327538967133,1.1875240802764893,0.5099649429321289
1790031873849225500,18.8532255859375,-0.047884032130241394,1.3718775510787964,0.6344634294509888
1790031873859265800,18.863265869140626,0.016759412363171577,1.7262194156646729,0.6727706789970398
1790031873879285200,18.88328515625,-0.24181437492370605,1.7764976024627686,0.6272808313369751
1790031873889264600,18.8932646484375,-0.3902548849582672,1.9752163887023926,0.6967126727104187
1790031873899305000,18.903304931640626,-0.45250412821769714,1.9536685943603516,0.9983820915222168
1790031873929334000,18.933333984375,-0.6560112833976746,3.272873640060425,0.545877993106842
1790031873949384200,18.95338427734375,-0.7541735172271729,3.8762125968933105,0.2968810200691223
1790031873959394000,18.96339404296875,-0.4189853072166443,3.1507694721221924,0.3232172429561615
1790031873969403600,18.973403564453125,-0.15562310814857483,2.9257144927978516,0.3495534360408783
1790031873979413500,18.98341357421875,-0.4692635238170624,3.07415509223938,0.0933738648891449
1790031874029492700,19.03349267578125,-0.6320692300796509,3.445256233215332,-0.768538773059845
1790031874049481700,19.053481689453125,-0.2801215946674347,3.162740468978882,-1.1755530834197998
1790031874059522000,19.06352197265625,-0.5817909836769104,2.937685489654541,-1.3000515699386597
1790031874069562400,19.073562255859375,-1.357512354850769,3.246537446975708,-1.3455413579940796
1790031874079572200,19.083572265625,-1.5298948287963867,2.4851813316345215,-1.1851298809051514
1790031874089551400,19.09355126953125,-1.3048399686813354,1.699883222579956,-1.2186486721038818
1790031874099561200,19.103561279296876,-1.6136919260025024,1.556231141090393,-1.4053963422775269
1790031874129560000,19.13356005859375,-1.6376339197158813,2.559401512145996,-1.338358759880066
1790031874139600100,19.14360009765625,-1.5897499322891235,1.6639702320098877,-1.1180921792984009
1790031874149610000,19.15360986328125,-1.4269442558288574,1.900996208190918,-1.5753847360610962
1790031874169629400,19.17362939453125,-1.8986018896102905,2.4157495498657227,-1.9823989868164062
1790031874179639300,19.183639404296876,-1.965639591217041,1.3886369466781616,-1.98958158493042
1790031874239789600,19.24378955078125,-1.2210428714752197,2.006340980529785,-1.8124107122421265
1790031874249799200,19.253799072265625,-1.5514427423477173,2.542642116546631,-2.140416383743286
1790031874259809000,19.26380908203125,-2.2697031497955322,2.1571757793426514,-2.2673089504241943
1790031874269849300,19.273849365234376,-3.0358476638793945,1.3551181554794312,-2.3558945655822754
1790031874329999400,19.333999267578125,-3.098097085952759,0.9002198576927185,-2.0614075660705566
1790031874340009200,19.34400927734375,-2.7700912952423096,0.15801730751991272,-1.9273324012756348
1790031874350049500,19.354049560546876,-2.7700912952423096,0.6751648783683777,-1.9776105880737305
1790031874360059100,19.36405908203125,-3.028665065765381,0.7637503147125244,-1.8722656965255737
1790031874370099500,19.374099365234375,-2.9233202934265137,-0.0454898327589035,-2.0398597717285156
1790031874380109300,19.384109375,-2.8227639198303223,-0.6320692300796509,-2.1811177730560303
1790031874390119200,19.394119140625,-2.719813108444214,-0.26575639843940735,-2.2361843585968018
1790031874400128800,19.404128662109375,-2.96162748336792,0.07422025501728058,-2.3989901542663574
1790031874410138600,19.414138671875,-3.272873640060425,-0.6248866319656372,-2.2601263523101807
1790031874420148200,19.424148193359375,-3.0550012588500977,-0.7565677165985107,-2.2912509441375732
1790031874460187400,19.4641875,-2.5665841102600098,-1.436521053314209,-2.0422539710998535
1790031874470197200,19.474197265625,-2.513911724090576,-2.1547815799713135,-2.0901381969451904
1790031874480237600,19.484237548828126,-3.1531636714935303,-2.585737943649292,-2.078166961669922
1790031874490277600,19.494277587890625,-3.8953661918640137,-3.0885202884674072,-2.183511972427368
1790031874500287500,19.50428759765625,-3.8953661918640137,-3.9025487899780273,-2.1475989818573
1790031874510327800,19.514327880859376,-3.2848446369171143,-3.931279182434082,-2.0685901641845703
1790031874520337700,19.524337646484376,-2.0829553604125977,-3.60566782951355,-1.9919757843017578
1790031874590467000,19.594467041015626,-1.8722656965255737,-6.864176273345947,-1.0438719987869263
1790031874610517000,19.61451708984375,-0.8259995579719543,-5.154716491699219,-1.8076223134994507
1790031874620526800,19.62452685546875,-1.5514427423477173,-4.618414878845215,-1.9512743949890137
1790031874670606000,19.674606201171876,-0.9074024558067322,-6.631938934326172,-0.6177040338516235
1790031874680646400,19.684646484375,-1.1300631761550903,-5.875370979309082,-1.316810965538025
1790031874690656300,19.69465625,-1.1204863786697388,-5.853823184967041,-1.8291701078414917
1790031874700665900,19.704665771484375,-1.3048399686813354,-5.293580055236816,-1.4413094520568848
1790031874710706200,19.7147060546875,-1.1659762859344482,-5.849034786224365,-0.5027823448181152
1790031874750745300,19.754745361328126,-0.9169792532920837,-6.129156112670898,-0.8475474119186401
1790031874760755000,19.7647548828125,-1.0127472877502441,-5.853823184967041,-1.659181833267212
1790031874770734300,19.774734375,-0.7924807667732239,-4.4292731285095215,-1.5610195398330688
1790031874780774700,19.784774658203126,-0.7781155705451965,-4.314351558685303,-0.6727706789970398
1790031874790784300,19.7947841796875,-0.40701428055763245,-4.137180328369141,0.047884032130241394
1790031874800794000,19.804794189453126,-0.5602431893348694,-4.1180267333984375,0.5410895943641663
1790031874810804000,19.814803955078126,-0.8762778043746948,-4.618414878845215,0.5027823448181152
1790031874830823400,19.834823486328126,-1.4724340438842773,-3.5003228187561035,-0.7398083209991455
1790031874850873300,19.854873291015625,-1.3000515699386597,-4.050989151000977,-1.41257905960083
1790031874860883200,19.86488330078125,-2.0039467811584473,-4.448426723480225,-0.9289502501487732
1790031874870893000,19.87489306640625,-2.0590133666992188,-4.230554580688477,-0.42377370595932007
1790031874890912500,19.89491259765625,-2.2577321529388428,-2.7748796939849854,-1.0773907899856567
1790031874900952800,19.904952880859376,-2.4803929328918457,-2.4899697303771973,-1.558625340461731
1790031874920972300,19.92497216796875,-2.2002713680267334,-2.6886885166168213,-1.6352397203445435
1790031874930982100,19.934982177734376,-2.2170307636260986,-2.5043349266052246,-1.556231141090393
1790031874940961300,19.944961181640625,-1.9081788063049316,-2.322375535964966,-1.3048399686813354
1790031874961042000,19.9650419921875,-2.4636335372924805,-1.256955862045288,-1.3120225667953491
1790031874971082200,19.975082275390626,-2.499546527862549,-1.8914192914962769,-1.1037269830703735
1790031874991101700,19.995101806640626,-2.6815059185028076,-2.75812029838562,-1.1013327836990356
1790031875001081000,20.0050810546875,-1.8052281141281128,-1.8531121015548706,-1.4269442558288574
1790031875011152000,20.01515185546875,-1.3551181554794312,0.40462008118629456,-1.7932571172714233
1790031875021161500,20.025161376953125,-1.50355863571167,0.22266076505184174,-1.6136919260025024
1790031875051252000,20.055251953125,-2.52109432220459,-1.7908629179000854,-1.2066776752471924
1790031875081311700,20.085311767578126,-1.824381709098816,0.23702596127986908,-2.070984363555908
1790031875111341000,20.115341064453126,-2.8179752826690674,0.021547814831137657,-1.1803414821624756
1790031875131360500,20.135360595703126,-2.2816741466522217,-0.6775590777397156,-0.7110779285430908
1790031875151441200,20.155441162109376,-0.7733271718025208,1.8339585065841675,-2.032677173614502
1790031875161481500,20.1654814453125,-0.811634361743927,1.3766659498214722,-1.9369091987609863
1790031875171521500,20.175521484375,-1.3551181554794312,0.507570743560791,-1.4772224426269531
1790031875191510500,20.195510498046875,-2.7509377002716064,-0.1173158809542656,-1.0773907899856567
1790031875201520400,20.205520263671875,-2.473210334777832,-0.3687070608139038,-1.2521674633026123
1790031875211560700,20.215560791015626,-1.699883222579956,1.6160861253738403,-1.802833914756775
1790031875231610600,20.235610595703125,-1.1324573755264282,0.05506663769483566,-2.118868589401245
1790031875241620500,20.245620361328125,-1.522712230682373,0.033518824726343155,-1.9752163887023926
1790031875271680300,20.27568017578125,-1.7980455160140991,0.9169792532920837,-1.6424223184585571
1790031875301770800,20.305770751953126,-0.8259995579719543,1.0678139925003052,-2.3511061668395996
1790031875321820700,20.325820556640625,-1.3335703611373901,0.0933738648891449,-1.7190368175506592
1790031875331861000,20.335861083984376,-1.6543933153152466,0.05027823522686958,-1.4748282432556152
1790031875341840100,20.345840087890625,-1.7118542194366455,-0.12210428714752197,-1.3718775510787964
1790031875351880400,20.35588037109375,-1.4508862495422363,0.5674257874488831,-1.6496049165725708
1790031875361890300,20.365890380859376,-1.525106430053711,0.4884171485900879,-1.9776105880737305
1790031875371900200,20.375900146484376,-1.3120225667953491,0.07661445438861847,-1.9512743949890137
1790031875381909800,20.38590966796875,-1.0989385843276978,-0.10295066982507706,-1.7501614093780518
1790031875391919600,20.395919677734376,-1.0031704902648926,0.44771572947502136,-1.7908629179000854
1790031875401929500,20.405929443359376,-1.213860273361206,0.7254431247711182,-1.5849615335464478
1790031875442029600,20.446029541015626,-0.7805097699165344,0.3495534360408783,-1.4245500564575195
1790031875512189400,20.516189453125,-0.8523358106613159,0.9911994934082031,-1.0223240852355957
1790031875582288100,20.5862880859375,-0.42856210470199585,0.5770025849342346,-0.9959878921508789
1790031875622357800,20.626357666015625,-0.08619125932455063,0.47884035110473633,-0.7637503147125244
1790031875652387000,20.656386962890625,-0.6392518281936646,-0.023942016065120697,-0.7350199222564697
1790031875662427400,20.666427490234376,-0.5099649429321289,0.014365210197865963,-0.7852981686592102
1790031875672467700,20.6764677734375,-0.4692635238170624,0.06464344263076782,-0.6320692300796509
1790031875742597000,20.74659716796875,-0.5841852426528931,0.05746084079146385,-1.1061211824417114
1790031875822736100,20.826736083984375,-0.4908113479614258,0.05027823522686958,-0.608127236366272
1790031875832746000,20.83674609375,-0.3734954595565796,0.22505496442317963,-0.6248866319656372
1790031875852765400,20.856765380859375,-0.26336219906806946,0.07900865375995636,-0.05027823522686958
1790031875862775300,20.866775390625,0.016759412363171577,-0.3902548849582672,0
1790031875872815600,20.876815673828126,-0.15083470940589905,-0.3998316824436188,-0.1388636976480484
1790031875912885200,20.91688525390625,-0.10055647045373917,-0.038307227194309235,-0.0071826050989329815
1790031875922894800,20.926894775390625,0.038307227194309235,0,0.0071826050989329815
1790031875932904700,20.93690478515625,0.05506663769483566,-0.10295066982507706,-0.011971008032560349
1790031875942883800,20.9468837890625,0.05746084079146385,0.05027823522686958,-0.19871874153614044
1790031875952924200,20.956924072265625,0.07422025501728058,-0.1867477297782898,-0.05985504388809204
1790031876023053600,21.027053466796875,-0.17477671802043915,-0.05746084079146385,-0.004788403399288654
1790031876063153700,21.067153564453125,-0.3974374830722809,-0.24181437492370605,0.09576806426048279
1790031876073163500,21.07716357421875,-0.5363011956214905,-0.4692635238170624,-0.11971008777618408
1790031876083142700,21.087142578125,-0.6871358752250671,-0.5363011956214905,-0.0454898327589035
1790031876093183000,21.097182861328125,-0.7445967197418213,-0.524330198764801,-0.040701430290937424
1790031876123242800,21.12724267578125,-0.5363011956214905,-0.12928688526153564,-0.35434186458587646
1790031876133283000,21.137282958984375,-0.6009446382522583,-0.0933738648891449,-0.19632454216480255
1790031876143293000,21.14729296875,-0.5889736413955688,-0.2944868206977844,-0.06224924325942993
1790031876153302500,21.157302490234375,-0.6224924325942993,-0.4357447028160095,0.009576806798577309
1790031876163312400,21.1673125,-0.4836287498474121,-0.5578489899635315,0.1867477297782898
1790031876173291800,21.177291748046876,-0.2753331959247589,-0.689530074596405,0.19393034279346466
1790031876193341700,21.197341796875,-0.07182604819536209,0.11971008777618408,0.05506663769483566
1790031876203351600,21.2073515625,0.11971008777618408,0.10055647045373917,0.026336219161748886
1790031876223401500,21.2274013671875,0.45489832758903503,0.6727706789970398,0.3471592366695404
1790031876233411300,21.237411376953126,0.40462008118629456,0.790086567401886,0.45489832758903503
1790031876253492000,21.257491943359376,0.10773907601833344,0.4812345504760742,0.5578489899635315
1790031876263501600,21.26750146484375,-0.10295066982507706,0.730231523513794,0.37828385829925537
1790031876313581000,21.3175810546875,-0.06703764945268631,2.2002713680267334,0.871489405632019
1790031876373639700,21.3776396484375,-0.038307227194309235,3.56017804145813,0.6009446382522583
1790031876383679700,21.3876796875,-0.17238251864910126,3.1292216777801514,0.49559974670410156
1790031876393689600,21.397689697265626,-0.28730419278144836,3.114856481552124,0.26096799969673157
1790031876403730000,21.40772998046875,-0.5985504388809204,3.337517261505127,-0.5578489899635315
1790031876413800700,21.41780078125,-0.7110779285430908,3.957615375518799,-0.9888052940368652
1790031876433820200,21.437820068359375,-0.7733271718025208,4.95120906829834,-0.1867477297782898
1790031876443830000,21.447830078125,-1.1659762859344482,4.790797710418701,-0.4596867263317108
1790031876453840000,21.45783984375,-1.599326729774475,4.1611223220825195,-1.1276689767837524
1790031876463819000,21.467819091796876,-1.8986018896102905,3.5913026332855225,-1.316810965538025
1790031876483869000,21.487868896484375,-2.3750481605529785,3.825934410095215,-1.2042834758758545
1790031876493909200,21.4979091796875,-2.7078421115875244,3.3877954483032227,-0.9911994934082031
1790031876503949600,21.507949462890625,-2.255337953567505,3.2609026432037354,-1.2066776752471924
1790031876513959400,21.51795947265625,-2.276885747909546,3.732560396194458,-1.7286136150360107
1790031876523969000,21.527968994140625,-2.612074136734009,3.4165258407592773,-1.522712230682373
1790031876553998300,21.557998291015625,-2.5929205417633057,1.6687586307525635,-1.4844050407409668
1790031876564008200,21.56800830078125,-2.786850690841675,1.8076223134994507,-2.1547815799713135
1790031876574048500,21.578048583984376,-2.8634653091430664,2.300827741622925,-2.2888567447662354
1790031876584058400,21.588058349609376,-2.691082715988159,2.0015525817871094,-2.233790159225464
1790031876594098400,21.598098388671875,-2.47560453414917,2.6431987285614014,-2.2601263523101807
1790031876614148600,21.618148681640626,-2.676717519760132,1.7884687185287476,-1.9776105880737305
1790031876644208400,21.64820849609375,-3.4189200401306152,0.5171475410461426,-2.2816741466522217
1790031876654187800,21.658187744140626,-3.160346269607544,-0.3471592366695404,-2.097320795059204
1790031876664227800,21.668227783203125,-2.403778553009033,1.4197616577148438,-1.9273324012756348
1790031876744367000,21.7483671875,-4.290409564971924,-0.023942016065120697,-3.050212860107422
1790031876774427000,21.778427001953126,-3.603273630142212,-0.5171475410461426,-2.7246015071868896
1790031876784436700,21.788436767578126,-3.7636849880218506,-1.2330138683319092,-2.935291290283203
1790031876804456200,21.808456298828126,-3.691859006881714,-2.1930887699127197,-2.935291290283203
1790031876814435300,21.818435302734375,-3.6367924213409424,-2.9089550971984863,-2.5546131134033203
1790031876824475600,21.8284755859375,-3.3063924312591553,-3.251325845718384,-2.1116859912872314
1790031876834485500,21.838485595703126,-2.8203697204589844,-3.2632968425750732,-1.745373010635376
1790031876844495400,21.848495361328126,-1.845929503440857,-3.1531636714935303,-1.256955862045288
1790031876854535700,21.85853564453125,-0.8403648138046265,-2.7030537128448486,-1.194706678390503
1790031876884595500,21.888595458984376,-0.5195417404174805,-3.512293815612793,-1.1444283723831177
1790031876894605000,21.89860498046875,-1.0606313943862915,-4.000710964202881,-1.0678139925003052
1790031876904615000,21.908614990234376,-1.455674648284912,-4.043806552886963,-0.9528923034667969
1790031876914655200,21.9186552734375,-1.5298948287963867,-4.742913722991943,-0.7661445140838623
1790031876924664800,21.928664794921875,-1.5083470344543457,-4.766855716705322,-1.0223240852355957
1790031876934674700,21.9386748046875,-1.5849615335464478,-3.9911341667175293,-1.381454348564148
1790031876944684500,21.9486845703125,-1.745373010635376,-4.158728122711182,-1.5682021379470825
1790031876964704000,21.9687041015625,-1.8363527059555054,-4.888959884643555,-1.278503656387329
1790031876974713900,21.9787138671875,-1.7908629179000854,-4.922478675842285,-0.8595184087753296
1790031876984723500,21.988723388671875,-1.7621324062347412,-4.185064792633057,-0.6775590777397156
1790031876994763800,21.998763671875,-1.45806884765625,-4.764461517333984,-0.8020575642585754
1790031877004773600,22.008773681640626,-0.9720458984375,-5.257667064666748,-0.9959878921508789
1790031877014783200,22.018783203125,-1.6831238269805908,-4.910507678985596,-1.1109095811843872
1790031877084912600,22.08891259765625,-1.723825216293335,-5.679046630859375,-1.2090718746185303
1790031877124921300,22.12892138671875,-0.9457096457481384,-4.438849925994873,-1.0342950820922852
1790031877144971300,22.14897119140625,-0.9720458984375,-4.69024133682251,-1.0558429956436157
1790031877154981000,22.158981201171876,-1.5083470344543457,-4.733336925506592,-0.5674257874488831
1790031877164991000,22.168990966796876,-1.6974890232086182,-4.683058738708496,-0.24420857429504395
1790031877185010400,22.189010498046876,-1.3982137441635132,-4.20421838760376,-1.1348515748977661
1790031877195020300,22.199020263671876,-1.4413094520568848,-4.050989151000977,-1.3072341680526733
1790031877205060400,22.209060302734375,-1.7286136150360107,-3.6774938106536865,-1.173158884048462
1790031877215070200,22.2190703125,-1.867477297782898,-3.773261785507202,-0.8858546018600464
1790031877225080000,22.229080078125,-2.0207061767578125,-3.627215623855591,-0.6919242739677429
1790031877235120400,22.239120361328126,-1.6112977266311646,-3.485957622528076,-0.8355764150619507
1790031877265149400,22.2691494140625,-1.9632453918457031,-2.655169725418091,-1.766920804977417
1790031877285230000,22.28922998046875,-2.698265314102173,-2.3535003662109375,-1.3527239561080933
1790031877295240000,22.299239990234376,-2.279279947280884,-2.31758713722229,-1.0103530883789062
1790031877315259400,22.31925927734375,-1.8746598958969116,-2.0015525817871094,-1.625662922859192
1790031877335278800,22.33927880859375,-2.6168625354766846,-1.6855180263519287,-1.6663644313812256
1790031877345319200,22.349319091796875,-2.5905263423919678,-1.2713210582733154,-1.6136919260025024
1790031877355329000,22.3593291015625,-1.723825216293335,0.4141969084739685,-1.8842366933822632
1790031877365339000,22.3693388671875,-1.194706678390503,1.0678139925003052,-1.8746598958969116
1790031877375348500,22.379348388671875,-1.173158884048462,0.22505496442317963,-1.8842366933822632
1790031877385388800,22.389388916015626,-1.8291701078414917,-0.1628057211637497,-2.1571757793426514
1790031877485700000,22.4897001953125,-2.188300371170044,-0.26336219906806946,-1.8698714971542358
1790031877525739300,22.5297392578125,-1.6184803247451782,-0.5985504388809204,-1.6663644313812256
1790031877535779300,22.539779296875,-1.280897855758667,-0.033518824726343155,-1.577778935432434
1790031877545789200,22.5497890625,-0.9528923034667969,0.4692635238170624,-1.292868971824646
1790031877555799000,22.559799072265626,-0.7781155705451965,0.16759411990642548,-1.4197616577148438
1790031877565778200,22.569778076171875,-1.0079588890075684,0.07182604819536209,-1.2641384601593018
1790031877575818500,22.579818603515626,-1.359906554222107,-0.3447650372982025,-1.1875240802764893
1790031877585828400,22.589828369140626,-1.7262194156646729,0.5291185975074768,-1.1803414821624756
1790031877595838000,22.599837890625,-2.121262788772583,-0.7661445140838623,-1.0414776802062988
1790031877605847800,22.609847900390626,-2.0398597717285156,-0.9002198576927185,-1.3886369466781616
1790031877635877000,22.639877197265626,-2.0422539710998535,0.07661445438861847,-2.477998733520508
1790031877645917400,22.64991748046875,-1.9967641830444336,0.5147533416748047,-2.403778553009033
1790031877655927000,22.659927001953125,-1.9177556037902832,0.8906430602073669,-1.8363527059555054
1790031877665967400,22.66996728515625,-1.723825216293335,0.4812345504760742,-1.4676456451416016
1790031877675977200,22.679977294921876,-1.5682021379470825,0.5746083855628967,-1.1851298809051514
1790031877685987000,22.689987060546876,-1.5107412338256836,0.5147533416748047,-1.2473790645599365
1790031877695996700,22.69999658203125,-1.5322890281677246,0.4357447028160095,-1.3192051649093628
1790031877706006500,22.710006591796876,-1.6903064250946045,0.3734954595565796,-0.8882488012313843
1790031877716016400,22.720016357421876,-1.6136919260025024,0.10534487664699554,-0.5817909836769104
1790031877726026000,22.73002587890625,-1.479616641998291,0.6703764796257019,-0.42377370595932007
1790031877746045400,22.75004541015625,-0.8834604024887085,1.400607943534851,-0.9744400978088379
1790031877766126000,22.7701259765625,-0.9169792532920837,1.2832920551300049,-1.2234370708465576
1790031877786145500,22.7901455078125,-0.9600749015808105,1.0462661981582642,-0.7493851184844971
1790031877796155400,22.8001552734375,-1.05105459690094,0.7948749661445618,-1.0558429956436157
1790031877806165200,22.810165283203126,-1.0630255937576294,1.158793568611145,-1.256955862045288
1790031877816174800,22.8201748046875,-0.9313444495201111,0.9911994934082031,-1.1683704853057861
1790031877826215200,22.830215087890625,-0.8259995579719543,0.7038952708244324,-1.0678139925003052
1790031877836255500,22.84025537109375,-1.0247182846069336,0.8236053586006165,-0.8571242094039917
1790031877896436200,22.900436279296876,-0.6248866319656372,1.3287819623947144,-0.6536170840263367
1790031877906446000,22.910446044921876,-0.4812345504760742,1.158793568611145,-0.6607996821403503
1790031877916486100,22.920486083984375,-0.40462008118629456,1.137245774269104,-0.5147533416748047
1790031877936536300,22.940536376953126,-0.4908113479614258,0.7709329724311829,-0.5386953949928284
1790031877946546200,22.950546142578126,-0.4836287498474121,0.545877993106842,-0.2346317619085312
1790031877956525300,22.960525390625,-0.5195417404174805,0.45489832758903503,-0.22026655077934265
1790031877966565600,22.970565673828126,-0.40222588181495667,0.4357447028160095,-0.33518823981285095
1790031877976575200,22.9805751953125,-0.31603461503982544,0.5817909836769104,-0.45250412821769714
1790031877986554600,22.9905546875,-0.07182604819536209,0.8690952062606812,-0.5434837937355042
1790031877996595000,23.000594970703126,0.27054479718208313,0.8164227604866028,-0.4644751250743866
1790031878006604500,23.0106044921875,0.5937620401382446,0.7781155705451965,-0.3878606855869293
1790031878016614400,23.020614501953126,0.6703764796257019,0.49559974670410156,-0.3758896589279175
1790031878026624300,23.030624267578126,0.40940847992897034,0.4429273009300232,-0.4141969084739685
1790031878056653600,23.060653564453126,-0.016759412363171577,0.19393034279346466,-0.7948749661445618
1790031878066663200,23.0706630859375,-0.07182604819536209,0.31124621629714966,-0.9624691009521484
1790031878076673000,23.080673095703126,-0.33279404044151306,0.2322375625371933,-0.7158663272857666
1790031878086713300,23.09071337890625,-0.7350199222564697,-0.31603461503982544,-0.38546648621559143
1790031878096723000,23.100722900390625,-0.9624691009521484,-0.40222588181495667,-0.3758896589279175
1790031878106763300,23.11076318359375,-1.2449848651885986,-0.3998316824436188,-0.36152446269989014
1790031878116803600,23.120803466796875,-1.4173674583435059,-0.42856210470199585,-0.2849099934101105
1790031878126844000,23.130843994140626,-1.3072341680526733,-0.2753331959247589,-0.43335050344467163
1790031878136884200,23.14088427734375,-1.4221558570861816,-0.14844051003456116,-0.21547815203666687
1790031878186963500,23.19096337890625,-0.8212111592292786,0.22266076505184174,0.3687070608139038
1790031878206983200,23.210983154296876,-0.8068459630012512,-0.016759412363171577,0.4668693244457245
1790031878227002600,23.231002685546876,-0.6033388376235962,-0.12449848651885986,0.3016694188117981
1790031878236981800,23.240981689453125,-0.7996633648872375,0.14604631066322327,0.12449848651885986
1790031878257032000,23.261031982421876,-0.6488286852836609,-0.10534487664699554,0.2825157940387726
1790031878277051400,23.281051513671876,-0.35913026332855225,-0.30885201692581177,0.17717093229293823
1790031878297132000,23.301132080078126,-0.26336219906806946,-0.4429273009300232,0.1604115068912506
1790031878317121000,23.32112109375,0.05985504388809204,-0.49559974670410156,0.1628057211637497
1790031878327131000,23.331130859375,0.13407529890537262,-0.5315127968788147,0.2059013396501541
1790031878337171000,23.3411708984375,-0.0694318488240242,-0.40701428055763245,0.13168109953403473
1790031878427320000,23.431320068359376,-0.14844051003456116,-0.6416460275650024,-0.2537853717803955
1790031878447339500,23.451339599609376,-0.3064578175544739,-0.6009446382522583,0.15083470940589905
1790031878457318700,23.461318603515625,-0.33758243918418884,-0.5099649429321289,0.35673606395721436
1790031878467328500,23.47132861328125,-0.44771572947502136,-0.6344634294509888,0.49320554733276367
1790031878477368800,23.481368896484376,-0.2537853717803955,-0.6943184733390808,0.5123591423034668
1790031878537458000,23.5414580078125,0.031124621629714966,0.2801215946674347,0.790086567401886
1790031878617566500,23.62156640625,-0.31364041566848755,1.335964560508728,0.6847416758537292
1790031878657636000,23.661635986328125,-0.1412578970193863,1.9632453918457031,-0.08858546614646912
1790031878667646000,23.67164599609375,-0.21787235140800476,2.647987127304077,-0.15322890877723694
1790031878677655600,23.681655517578125,-0.1843535304069519,2.7772738933563232,-0.1867477297782898
1790031878697644800,23.701644775390626,0.24899697303771973,2.9520506858825684,-0.10773907601833344
1790031878707684900,23.711684814453125,0.10773907601833344,2.75812029838562,-0.2561795711517334
1790031878727704600,23.73170458984375,-0.5985504388809204,2.918531894683838,-0.8547300100326538
1790031878737745000,23.741744873046876,-0.6272808313369751,2.6001031398773193,-0.7206547260284424
1790031878747754500,23.75175439453125,-0.7134721279144287,2.9328970909118652,-0.608127236366272
1790031878757764400,23.761764404296876,-0.6368576288223267,3.3710360527038574,-1.0055646896362305
1790031878767804700,23.7718046875,-0.6943184733390808,3.406949043273926,-1.2545616626739502
1790031878777814300,23.781814208984375,-0.933738648891449,3.1866824626922607,-1.3623007535934448
1790031878787824000,23.79182421875,-1.1779472827911377,2.762908697128296,-1.0630255937576294
1790031878797864400,23.801864501953126,-1.1899182796478271,2.4229321479797363,-0.9409212470054626
1790031878807874000,23.8118740234375,-1.292868971824646,2.473210334777832,-1.0127472877502441
1790031878817884000,23.8218837890625,-1.1540051698684692,2.1739351749420166,-1.237802267074585
1790031878847913200,23.851913330078126,-0.5674257874488831,3.3949780464172363,-1.659181833267212
1790031878857953500,23.86195361328125,-0.8834604024887085,3.406949043273926,-1.5107412338256836
1790031878867963400,23.87196337890625,-1.678335428237915,3.1890766620635986,-1.5442601442337036
1790031878878034200,23.8820341796875,-1.8602946996688843,2.075772762298584,-1.4867992401123047
1790031878888043800,23.892043701171875,-1.7717092037200928,1.745373010635376,-1.4532804489135742
1790031878898053600,23.9020537109375,-1.8698714971542358,1.6136919260025024,-1.4197616577148438
1790031878908063500,23.9120634765625,-1.7357962131500244,2.408566951751709,-2.1595699787139893
1790031878918073000,23.922072998046875,-1.7693150043487549,3.0190882682800293,-2.075772762298584
1790031878928083000,23.9320830078125,-1.6304513216018677,3.557783842086792,-2.1332337856292725
1790031878958173200,23.962173095703125,-2.6623523235321045,2.2170307636260986,-1.094150185585022
1790031878968183000,23.97218310546875,-2.9257144927978516,1.5969325304031372,-1.158793568611145
1790031878978223400,23.982223388671876,-3.0837318897247314,0.524330198764801,-1.3670891523361206
1790031878998273300,24.002273193359375,-2.9975404739379883,0.5434837937355042,-1.1468225717544556
1790031879008344000,24.012343994140625,-2.188300371170044,0.8619126081466675,-1.5203180313110352
1790031879018384400,24.02238427734375,-2.0374655723571777,2.5091233253479004,-2.166752576828003
1790031879038465000,24.042465087890626,-2.612074136734009,1.237802267074585,-2.4205379486083984
1790031879058515000,24.062514892578125,-3.0334534645080566,-0.507570743560791,-1.8794482946395874
1790031879068585700,24.072585693359375,-3.24414324760437,-1.3120225667953491,-1.9632453918457031
1790031879088605400,24.09260546875,-3.248931646347046,-0.4189853072166443,-2.432508945465088
1790031879128675000,24.132675048828126,-2.0685901641845703,-0.6416460275650024,-2.5306711196899414
1790031879178754300,24.18275439453125,-2.425326347351074,-1.824381709098816,-2.2409727573394775
1790031879188764200,24.19276416015625,-2.4181437492370605,-1.6903064250946045,-2.296039342880249
1790031879198773800,24.202773681640625,-2.80361008644104,-1.9632453918457031,-2.248155355453491
1790031879218824000,24.222823974609376,-3.313575267791748,-3.603273630142212,-1.7166426181793213
1790031879228833500,24.23283349609375,-3.5434184074401855,-4.017470359802246,-1.889025092124939
1790031879238843400,24.242843505859376,-3.1938650608062744,-4.987122058868408,-2.0590133666992188
1790031879258862800,24.26286279296875,-1.556231141090393,-2.1068975925445557,-2.31758713722229
1790031879268872700,24.272872802734376,-1.9847931861877441,-2.9688100814819336,-2.123656988143921
1790031879278913000,24.2829130859375,-1.6352397203445435,-3.734954595565796,-2.0374655723571777
1790031879318982700,24.322982666015626,-1.1228805780410767,-4.627991676330566,-2.0925323963165283
1790031879328992300,24.3329921875,-0.8068459630012512,-4.211400985717773,-2.43011474609375
1790031879339002000,24.343002197265626,-0.8619126081466675,-4.568136692047119,-2.3582887649536133
1790031879349012000,24.353011962890626,-1.213860273361206,-4.790797710418701,-2.2649147510528564
1790031879359082800,24.363082763671876,-1.4915876388549805,-5.30076265335083,-1.7621324062347412
1790031879369092400,24.37309228515625,-1.7070658206939697,-5.7987565994262695,-1.137245774269104
1790031879379071700,24.38307177734375,-1.7884687185287476,-6.165069580078125,-0.9576807022094727
1790031879389112000,24.393112060546876,-1.7334020137786865,-6.045359134674072,-1.1276689767837524
1790031879419171800,24.423171875,-1.2976573705673218,-5.30076265335083,-1.4987702369689941
1790031879429181400,24.433181396484375,-1.1851298809051514,-5.224148273468018,-1.091755986213684
1790031879449201200,24.453201171875,-0.7541735172271729,-5.492298603057861,-0.3687070608139038
1790031879459210800,24.463210693359375,-0.7805097699165344,-5.609614372253418,-0.33758243918418884
1790031879509259800,24.513259765625,-1.7812861204147339,-4.60165548324585,-1.290474772453308
1790031879519299800,24.5232998046875,-1.381454348564148,-4.189853191375732,-1.1683704853057861
1790031879529309700,24.533309814453126,-1.3431471586227417,-3.9169139862060547,-1.2665326595306396
1790031879539319600,24.543319580078126,-1.644816517829895,-3.909731388092041,-1.3287819623947144
1790031879549329200,24.5533291015625,-1.8698714971542358,-4.170699596405029,-1.173158884048462
1790031879569379300,24.57337939453125,-2.2242133617401123,-4.101267337799072,-0.933738648891449
1790031879579389200,24.58338916015625,-2.0183119773864746,-3.890577793121338,-1.280897855758667
1790031879599439000,24.603439208984376,-2.0901381969451904,-2.7126305103302,-1.580173134803772
1790031879609479400,24.6134794921875,-1.7262194156646729,-2.123656988143921,-1.4484920501708984
1790031879619489300,24.6234892578125,-1.9249382019042969,-2.054224967956543,-1.4939818382263184
1790031879629499000,24.633498779296875,-2.0685901641845703,-2.365471363067627,-1.3479355573654175
1790031879639508700,24.6435087890625,-2.434903144836426,-2.698265314102173,-1.137245774269104
1790031879649518600,24.6535185546875,-2.631227731704712,-2.5905263423919678,-1.3527239561080933
1790031879659528200,24.663528076171875,-2.7892448902130127,-1.9991583824157715,-1.558625340461731
1790031879679608800,24.68360888671875,-2.1715409755706787,-1.314416766166687,-1.7932571172714233
1790031879689618700,24.69361865234375,-1.9752163887023926,-0.5195417404174805,-1.8722656965255737
1790031879699628300,24.703628173828125,-2.0470423698425293,-0.8451532125473022,-1.6735470294952393
1790031879709638100,24.71363818359375,-2.22660756111145,-1.37906014919281,-1.4891934394836426
1790031879719678500,24.723678466796876,-2.4875755310058594,-1.7932571172714233,-1.599326729774475
1790031879789746700,24.79374658203125,-1.5969325304031372,-0.2801215946674347,-2.1475989818573
1790031879799756500,24.803756591796876,-1.7932571172714233,-0.9672574996948242,-1.9105730056762695
1790031879809766100,24.81376611328125,-1.9919757843017578,-0.4141969084739685,-1.900996208190918
1790031879819806500,24.823806396484375,-2.0398597717285156,-0.33758243918418884,-2.22660756111145
1790031879829877200,24.833877197265625,-1.623268723487854,1.2258312702178955,-2.7078421115875244
1790031879839887000,24.84388720703125,-2.0877439975738525,1.0773907899856567,-2.5306711196899414
1790031879849866200,24.8538662109375,-2.2912509441375732,1.0630255937576294,-2.5953147411346436
1790031879859906600,24.863906494140625,-2.5091233253479004,0.2059013396501541,-2.145204782485962
1790031879869886000,24.873885986328126,-2.4803929328918457,-0.22266076505184174,-1.5514427423477173
1790031879879956700,24.883956787109376,-2.1787235736846924,0.7757213711738586,-1.2497732639312744
1790031879889966300,24.89396630859375,-2.123656988143921,0.7852981686592102,-1.6328455209732056
1790031879920026400,24.9240263671875,-2.0470423698425293,0.19632454216480255,-1.3718775510787964
1790031879940045800,24.9440458984375,-2.2864625453948975,0.7781155705451965,-1.455674648284912
1790031879950025000,24.95402490234375,-2.027888774871826,0.6655880808830261,-1.455674648284912
1790031879980085000,24.9840849609375,-1.2761094570159912,0.7350199222564697,-1.7262194156646729
1790031879990094600,24.994094482421875,-1.6879122257232666,0.2585737705230713,-1.5825673341751099
1790031880000104400,25.0041044921875,-1.9512743949890137,-0.49559974670410156,-1.173158884048462
1790031880030164200,25.034164306640626,-2.011129379272461,-0.33039984107017517,-1.599326729774475
1790031880040174000,25.044174072265626,-1.4221558570861816,0.5770025849342346,-1.7310078144073486
1790031880050183700,25.05418359375,-1.2282254695892334,1.0654197931289673,-1.7046716213226318
1790031880060193500,25.064193603515626,-0.9816226959228516,0.7469909191131592,-1.5466543436050415
1790031880070203400,25.074203369140626,-0.9911994934082031,0.05506663769483566,-1.3335703611373901
1790031880090253300,25.09425341796875,-1.6400281190872192,-0.24899697303771973,-1.338358759880066
1790031880100263200,25.10426318359375,-1.3072341680526733,-0.24899697303771973,-1.2210428714752197
1790031880120313000,25.12431298828125,-1.3934253454208374,0.7709329724311829,-1.4173674583435059
1790031880150372900,25.154372802734375,-0.8307880163192749,0.47165772318840027,-1.194706678390503
1790031880170423000,25.174423095703126,-1.091755986213684,-0.033518824726343155,-0.9026140570640564
1790031880180433000,25.184432861328126,-1.1492167711257935,0.26336219906806946,-0.9600749015808105
1790031880190442500,25.1944423828125,-1.3646949529647827,0.2992752194404602,-1.039083480834961
1790031880200452400,25.204452392578126,-1.4197616577148438,0.31603461503982544,-1.0869675874710083
1790031880210462000,25.2144619140625,-1.115697979927063,0.5578489899635315,-1.0055646896362305
1790031880220471800,25.224471923828126,-0.6512228846549988,0.7110779285430908,-0.8403648138046265
1790031880240491300,25.2444912109375,-0.5793967843055725,0.47644615173339844,-0.7493851184844971
1790031880250501000,25.254501220703126,-0.3447650372982025,0.586579442024231,-0.7493851184844971
1790031880260541400,25.26454150390625,-0.31364041566848755,0.7661445140838623,-0.993593692779541
1790031880270551300,25.27455126953125,-0.5003881454467773,0.4884171485900879,-1.1683704853057861
1790031880280591400,25.28459130859375,-0.7565677165985107,0.43335050344467163,-0.9193734526634216
1790031880290601200,25.294601318359376,-0.5961562395095825,0.5267243981361389,-0.790086567401886
1790031880300611000,25.304611083984376,-0.6440402865409851,0.5147533416748047,-0.8020575642585754
1790031880310620700,25.31462060546875,-0.4596867263317108,0.6033388376235962,-0.9361328482627869
1790031880320630500,25.324630615234376,-0.4357447028160095,0.8451532125473022,-1.0199298858642578
1790031880330640400,25.334640380859376,-0.33997663855552673,0.5889736413955688,-1.3072341680526733
1790031880370679300,25.37467919921875,-0.16759411990642548,-0.2346317619085312,-0.9145850539207458
1790031880380719600,25.3847197265625,-0.42377370595932007,0.12210428714752197,-1.0127472877502441
1790031880390729500,25.3947294921875,-0.8236053586006165,-0.004788403399288654,-1.115697979927063
1790031880400739000,25.404739013671875,-0.646434485912323,-0.05985504388809204,-0.8307880163192749
1790031880410749000,25.4147490234375,-0.3016694188117981,-0.10055647045373917,-0.6344634294509888
1790031880420728000,25.42472802734375,-0.11013327538967133,-0.33758243918418884,-0.5626373887062073
1790031880430707500,25.43470751953125,-0.36152446269989014,0.07661445438861847,-0.6248866319656372
1790031880510785500,25.51478564453125,-0.5602431893348694,-0.014365210197865963,-0.42616790533065796
1790031880590924800,25.5949248046875,-0.3495534360408783,0.47644615173339844,-0.31603461503982544
1790031880651014000,25.655013916015626,-0.8331822156906128,-0.9744400978088379,-0.002394201699644327
1790031880711041800,25.715041748046875,0.2106897532939911,-0.9576807022094727,0.21308395266532898
1790031880721082000,25.72508203125,0.2322375625371933,-0.7134721279144287,0.019153613597154617
1790031880731061500,25.7350615234375,-0.090979665517807,-0.7038952708244324,0.2753331959247589
1790031880741101800,25.745101806640626,-0.031124621629714966,-0.7541735172271729,0.2106897532939911
1790031880751081000,25.7550810546875,0.304063618183136,-0.8547300100326538,0.2944868206977844
1790031880761121300,25.765121337890626,0.42856210470199585,-0.4357447028160095,0.33997663855552673
1790031880791120100,25.7951201171875,0.5985504388809204,0.22505496442317963,0.13407529890537262
1790031880801191000,25.80519091796875,0.4644751250743866,0.12449848651885986,0.24181437492370605
1790031880811170000,25.815170166015626,0.45489832758903503,0.44532153010368347,0.5386953949928284
1790031880821210400,25.82521044921875,0.3447650372982025,0.5219359993934631,0.49559974670410156
1790031880831281200,25.83528125,0.4884171485900879,1.1013327836990356,0.19153612852096558
1790031880841260300,25.84526025390625,0.5195417404174805,1.7046716213226318,-0.05985504388809204
1790031880851300600,25.855300537109375,0.363918662071228,2.121262788772583,0.15801730751991272
1790031880901349600,25.905349609375,-1.4173674583435059,1.2306196689605713,0.7876923680305481
1790031880911389700,25.9153896484375,-1.5634137392044067,2.760514497756958,0.395043283700943
1790031880921430000,25.925429931640625,-1.699883222579956,3.529053211212158,0.2322375625371933
1790031880931439900,25.93543994140625,-1.0773907899856567,3.531447410583496,0.22744916379451752
1790031880981519000,25.98551904296875,-0.993593692779541,3.643975019454956,0.2322375625371933
1790031881001538800,26.005538818359376,-1.9847931861877441,4.551377296447754,-0.26336219906806946
1790031881011548400,26.01554833984375,-1.9752163887023926,3.773261785507202,-0.14365209639072418
1790031881021558300,26.025558349609376,-1.436521053314209,3.1244332790374756,0.05506663769483566
1790031881031568100,26.035568115234376,-1.6089035272598267,3.155557870864868,0.13168109953403473
1790031881051618000,26.0556181640625,-2.4612393379211426,4.314351558685303,-0.3998316824436188
1790031881061628000,26.0656279296875,-2.4612393379211426,3.758896589279175,-0.730231523513794
1790031881081677800,26.085677734375,-2.875436305999756,2.956839084625244,-0.21308395266532898
1790031881091718100,26.09571826171875,-3.050212860107422,1.6663644313812256,-0.3471592366695404
1790031881101728000,26.10572802734375,-1.7046716213226318,2.3104045391082764,-0.7565677165985107
1790031881111768300,26.115768310546876,-1.8531121015548706,4.620809078216553,-1.0749965906143188
1790031881121808400,26.125808349609375,-2.360682964324951,3.375824451446533,-0.950498104095459
1790031881131818200,26.135818359375,-2.255337953567505,2.4875755310058594,-1.4748282432556152
1790031881141828000,26.145828125,-3.287238836288452,3.2106244564056396,-1.7142484188079834
1790031881151868400,26.155868408203126,-3.7612907886505127,0.8810662031173706,-1.1300631761550903
1790031881161878000,26.1658779296875,-2.7676970958709717,-1.2761094570159912,-0.7709329724311829
1790031881191907300,26.1959072265625,-2.1092917919158936,3.2345664501190186,-2.6360161304473877
1790031881201917200,26.205917236328126,-2.6791117191314697,2.873042106628418,-2.715024709701538
1790031881211957500,26.21595751953125,-2.920926094055176,1.3311761617660522,-2.1763293743133545
1790031881221967000,26.225967041015625,-3.378218650817871,0.6177040338516235,-1.845929503440857
1790031881231977000,26.23597705078125,-3.6822822093963623,-0.20111294090747833,-1.800439715385437
1790031881241956000,26.2459560546875,-3.308786630630493,-0.3974374830722809,-1.886630892753601
1790031881251996400,26.255996337890625,-2.935291290283203,-0.014365210197865963,-2.4205379486083984
1790031881262006300,26.26600634765625,-3.095702886581421,0.6488286852836609,-2.7102363109588623
1790031881282087000,26.2860869140625,-2.9328970909118652,0.22026655077934265,-2.3343467712402344
1790031881302106400,26.3061064453125,-2.9472622871398926,-0.15083470940589905,-2.094926595687866
1790031881342145500,26.3461455078125,-2.873042106628418,-0.9600749015808105,-2.4181437492370605
1790031881352185600,26.356185546875,-3.2561142444610596,-0.9481038451194763,-2.5258827209472656
1790031881362226000,26.366225830078125,-3.155557870864868,-1.0989385843276978,-2.2194249629974365
1790031881372235800,26.37623583984375,-2.7557260990142822,-1.256955862045288,-2.2409727573394775
1790031881382245600,26.38624560546875,-2.300827741622925,-1.3527239561080933,-2.300827741622925
1790031881392255200,26.396255126953125,-2.212242364883423,-1.0845733880996704,-2.849100112915039
1790031881422345700,26.426345703125,-3.335123062133789,-2.166752576828003,-2.6192567348480225
1790031881452374800,26.456374755859375,-2.7269957065582275,-2.0685901641845703,-1.8794482946395874
1790031881462415000,26.4664150390625,-2.4875755310058594,-1.922544002532959,-2.0590133666992188
1790031881472425000,26.476425048828126,-2.6216509342193604,-2.1475989818573,-2.054224967956543
1790031881502454300,26.506454345703126,-2.6144683361053467,-3.646369218826294,-1.8483237028121948
1790031881522504200,26.526504150390625,-1.9033904075622559,-2.2912509441375732,-2.121262788772583
1790031881532514000,26.53651416015625,-2.161964178085327,-2.82515811920166,-2.013523578643799
1790031881542524000,26.54652392578125,-2.1284453868865967,-3.665522813796997,-1.9105730056762695
1790031881552533500,26.556533447265625,-2.741360902786255,-3.5865142345428467,-1.6950948238372803
1790031881562573800,26.56657373046875,-2.913743495941162,-5.056553840637207,-1.3239935636520386
1790031881572614100,26.5766142578125,-1.1109095811843872,-4.390965938568115,-1.7381904125213623
1790031881582624000,26.5866240234375,-0.8547300100326538,-3.1866824626922607,-2.0829553604125977
1790031881592664300,26.596664306640626,-1.0606313943862915,-3.7876269817352295,-2.008735179901123
1790031881622693600,26.626693603515626,-2.80361008644104,-5.884947776794434,-0.18914192914962769
1790031881652722700,26.65672265625,-0.7924807667732239,-4.517858505249023,-1.6400281190872192
1790031881712842500,26.716842529296876,-0.7326257228851318,-4.632780075073242,-1.1085153818130493
1790031881752881400,26.75688134765625,-1.7932571172714233,-4.977545261383057,-0.3998316824436188
1790031881762891300,26.766891357421876,-1.436521053314209,-4.505887508392334,0.07900865375995636
1790031881772901000,26.776901123046876,-0.9888052940368652,-4.0533833503723145,-0.3902548849582672
1790031881782910700,26.78691064453125,-1.216254472732544,-3.9480385780334473,-1.0773907899856567
1790031881792920600,26.796920654296876,-0.9097966551780701,-3.60566782951355,-1.3479355573654175
1790031881802961000,26.8069609375,-1.0271124839782715,-3.0550012588500977,-1.1899182796478271
1790031881822980400,26.82698046875,-1.4700398445129395,-3.7421371936798096,-0.49799394607543945
1790031881833020700,26.837020751953126,-1.6352397203445435,-3.7852327823638916,-0.43335050344467163
1790031881853040000,26.8570400390625,-1.8171991109848022,-3.2776620388031006,-0.7996633648872375
1790031881863080400,26.86708056640625,-1.7956513166427612,-3.3734302520751953,-0.9888052940368652
1790031881873120800,26.877120849609376,-1.5538369417190552,-2.583343744277954,-1.1252747774124146
1790031881883100000,26.887099853515625,-1.7070658206939697,-2.473210334777832,-0.8547300100326538
1790031881893140200,26.89714013671875,-1.9560627937316895,-2.5234885215759277,-0.9097966551780701
1790031881903150000,26.907150146484376,-2.0901381969451904,-2.408566951751709,-0.9481038451194763
1790031881953260000,26.957260009765626,-1.764526605606079,-1.3311761617660522,-1.3838485479354858
1790031881963269600,26.96726953125,-1.9512743949890137,-1.4628572463989258,-1.460463047027588
1790031881973279500,26.977279541015626,-2.1116859912872314,-1.4844050407409668,-1.2737152576446533
1790031881993299000,26.997298828125,-2.145204782485962,-2.9688100814819336,-1.1300631761550903
1790031882053388000,27.057387939453125,-3.093308687210083,-0.12449848651885986,-2.1356279850006104
1790031882093488000,27.097488037109375,-3.3470940589904785,-0.21308395266532898,-1.7884687185287476
1790031882103498000,27.107498046875,-3.778050184249878,0.18914192914962769,-1.8387469053268433
1790031882113507800,27.1175078125,-3.220201253890991,0.3016694188117981,-1.824381709098816
1790031882123517400,27.127517333984375,-2.889801502227783,-0.004788403399288654,-1.6639702320098877
1790031882133527300,27.13752734375,-2.8874073028564453,0.17956513166427612,-1.6615760326385498
1790031882153546800,27.157546630859375,-3.339911460876465,0.4213795065879822,-1.9345149993896484
1790031882163556600,27.167556640625,-3.445256233215332,-0.24420857429504395,-1.7525556087493896
1790031882193555500,27.197555419921876,-3.3016040325164795,0.11252748221158981,-1.9800047874450684
1790031882203595500,27.207595458984375,-2.851494312286377,0.08619125932455063,-2.0398597717285156
1790031882213635800,27.2176357421875,-1.9560627937316895,0.5482721924781799,-2.3080103397369385
1790031882223645700,27.227645751953126,-1.5275006294250488,1.1444283723831177,-2.389413356781006
1790031882273694500,27.277694580078126,-2.1356279850006104,-0.4118026793003082,-1.900996208190918
1790031882283734800,27.28773486328125,-1.8507179021835327,0.5626373887062073,-2.2912509441375732
1790031882313794600,27.317794677734376,-1.778891921043396,0.395043283700943,-1.5275006294250488
1790031882323804400,27.327804443359376,-2.056619167327881,0.28969839215278625,-1.9033904075622559
1790031882333814000,27.33781396484375,-2.319981336593628,0.5793967843055725,-2.1140801906585693
1790031882363812900,27.367812744140625,-1.9728221893310547,-0.0071826050989329815,-1.1851298809051514
1790031882383832300,27.387832275390625,-1.886630892753601,0.6751648783683777,-1.7980455160140991
1790031882393872600,27.39787255859375,-1.7310078144073486,0.7829039692878723,-1.7046716213226318
1790031882403882500,27.407882568359376,-1.5873557329177856,0.9026140570640564,-1.556231141090393
1790031882413861600,27.417861572265625,-1.3479355573654175,1.0773907899856567,-1.4460978507995605
1790031882433911800,27.437911865234376,-1.0271124839782715,0.002394201699644327,-0.9576807022094727
1790031882443921700,27.447921630859376,-1.1492167711257935,0.2346317619085312,-1.1755530834197998
1790031882453931300,27.45793115234375,-1.680729627609253,0.004788403399288654,-1.3910311460494995
1790031882463941000,27.467941162109376,-1.7477672100067139,0.16759411990642548,-1.4389152526855469
1790031882514020400,27.518020263671875,-1.2401964664459229,0.9385270476341248,-0.7445967197418213
1790031882524030200,27.5280302734375,-1.2306196689605713,0.3519476354122162,-0.5315127968788147
1790031882534040000,27.5380400390625,-1.0582371950149536,0.3758896589279175,-0.5602431893348694
1790031882544049700,27.548049560546875,-1.1468225717544556,0.42856210470199585,-0.9097966551780701
1790031882554059500,27.5580595703125,-0.9576807022094727,0.40462008118629456,-1.0678139925003052
1790031882564069000,27.568069091796875,-0.8690952062606812,0.5267243981361389,-1.2186486721038818
1790031882574079000,27.578078857421875,-0.9911994934082031,0.2346317619085312,-1.1516109704971313
1790031882594068000,27.59806787109375,-1.37906014919281,0.6703764796257019,-0.8236053586006165
1790031882604138800,27.608138671875,-1.1420341730117798,0.5889736413955688,-0.8259995579719543
1790031882614148600,27.618148681640626,-1.0079588890075684,0.3495534360408783,-0.8547300100326538
1790031882624127700,27.628127685546875,-1.036689281463623,0.0454898327589035,-0.6631938815116882
1790031882634168000,27.63816796875,-1.0295066833496094,0.47884035110473633,-0.47405192255973816
1790031882644178000,27.648177978515626,-1.0103530883789062,0.5291185975074768,-0.28730419278144836
1790031882654187800,27.658187744140626,-0.5722141861915588,0.21547815203666687,-0.1388636976480484
1790031882664197400,27.668197265625,-0.17238251864910126,0.28730419278144836,-0.06703764945268631
1790031882694226700,27.698226806640626,-0.033518824726343155,0.5554547905921936,-0.181959331035614
1790031882704236500,27.708236572265626,-0.08140286058187485,0.5171475410461426,-0.3519476354122162
1790031882714215700,27.718215576171875,-0.12210428714752197,0.4884171485900879,-0.395043283700943
1790031882724256000,27.728256103515626,-0.0694318488240242,0.4165911078453064,-0.17477671802043915
1790031882814374400,27.81837451171875,-1.6352397203445435,0.7493851184844971,-0.15562310814857483
1790031882824353800,27.828353759765626,-1.436521053314209,1.0319008827209473,-0.3902548849582672
1790031882834393900,27.838393798828125,-1.2976573705673218,0.7445967197418213,-0.629675030708313
1790031882844403700,27.84840380859375,-1.1085153818130493,0.7852981686592102,-0.47644615173339844
1790031882854413600,27.85841357421875,-1.094150185585022,0.42856210470199585,0
1790031882864392700,27.868392822265626,-0.9792284965515137,0.19632454216480255,0.47884035110473633
1790031882874433000,27.87843310546875,-0.7038952708244324,0.23942017555236816,0.6057330369949341
1790031882884443000,27.88844287109375,-0.5602431893348694,0.15801730751991272,0.5434837937355042
1790031882894452500,27.898452392578125,-0.21547815203666687,-0.038307227194309235,0.38307225704193115
1790031882924481800,27.928481689453125,0.35434186458587646,-0.6584054827690125,0.05027823522686958
1790031882934491600,27.93849169921875,0.5147533416748047,-0.36152446269989014,-0.19153612852096558
1790031882944501200,27.948501220703125,0.5913678407669067,-0.4812345504760742,-0.31124621629714966
1790031882954511000,27.958510986328125,0.8164227604866028,-0.5626373887062073,-0.33279404044151306
1790031882974530600,27.978530517578125,0.7613561153411865,-0.6177040338516235,-0.3926490843296051
1790031882984540400,27.98854052734375,0.5267243981361389,-0.6320692300796509,-0.2849099934101105
1790031882994550300,27.99855029296875,0.5267243981361389,-0.6033388376235962,-0.45250412821769714
1790031883024671000,28.0286708984375,0.3974374830722809,-0.5985504388809204,-0.5985504388809204
1790031883044721200,28.04872119140625,0.0694318488240242,-0.6751648783683777,-0.22266076505184174
1790031883064710100,28.068710205078126,-0.13407529890537262,-0.8020575642585754,-0.29209262132644653
1790031883084760000,28.088760009765625,-0.20350714027881622,-0.7134721279144287,-0.20350714027881622
1790031883094800400,28.09880029296875,-0.2801215946674347,-0.8236053586006165,-0.16519992053508759
1790031883104779800,28.10877978515625,-0.19153612852096558,-0.7661445140838623,-0.14604631066322327
1790031883134839600,28.138839599609376,-0.15322890877723694,-0.6799532771110535,-0.26336219906806946
1790031883144818700,28.148818603515625,-0.16759411990642548,-0.7254431247711182,-0.38067805767059326
1790031883154859000,28.15885888671875,-0.1843535304069519,-0.6967126727104187,-0.49320554733276367
1790031883194928600,28.1989287109375,-0.09576806426048279,-0.4836287498474121,-0.6153098344802856
1790031883204938500,28.2089384765625,-0.08379705995321274,-0.6057330369949341,-0.4644751250743866
1790031883235028700,28.23902880859375,0.1604115068912506,-0.40462008118629456,-0.768538773059845
1790031883245008000,28.2490078125,0.16759411990642548,-0.3471592366695404,-0.5913678407669067
1790031883255078700,28.25907861328125,0.3926490843296051,-0.3016694188117981,-0.4405331015586853
1790031883275128800,28.27912890625,0.40222588181495667,-0.16998831927776337,-0.21787235140800476
1790031883285169200,28.289169189453126,0.38067805767059326,-0.1867477297782898,-0.1867477297782898
1790031883295178800,28.2991787109375,0.44532153010368347,-0.2992752194404602,-0.0694318488240242
1790031883305188600,28.309188720703126,0.19393034279346466,-0.08140286058187485,-0.05267243832349777
1790031883325208000,28.3292080078125,0.2944868206977844,-0.08379705995321274,0.028730420395731926
1790031883335218000,28.339218017578126,0.07661445438861847,-0.11013327538967133,-0.09576806426048279
1790031883345227800,28.349227783203126,-0.011971008032560349,0.07182604819536209,-0.14365209639072418
1790031883355237400,28.3592373046875,0.047884032130241394,0.035913024097681046,-0.2777273952960968
1790031883365277700,28.369277587890625,-0.035913024097681046,0.05027823522686958,-0.36152446269989014
1790031883375287600,28.37928759765625,-0.12689268589019775,-0.014365210197865963,-0.43095630407333374
1790031883385297200,28.389297119140625,-0.16998831927776337,-0.08140286058187485,-0.2322375625371933
1790031883395307000,28.39930712890625,-0.15801730751991272,-0.19632454216480255,-0.20111294090747833
1790031883405347300,28.409347412109376,-0.23702596127986908,-0.33997663855552673,-0.15083470940589905
1790031883415357200,28.419357177734376,-0.15322890877723694,-0.4620809257030487,-0.06224924325942993
1790031883435407000,28.439406982421875,0.20350714027881622,-0.5937620401382446,-0.363918662071228
1790031883445447400,28.449447509765626,0.12928688526153564,-0.4596867263317108,-0.3663128614425659
1790031883455457300,28.459457275390626,0.06703764945268631,0.17238251864910126,-0.12689268589019775
1790031883465497300,28.469497314453125,0.035913024097681046,0.20111294090747833,0.181959331035614
1790031883475507200,28.479507080078125,0.30885201692581177,0.0071826050989329815,0.11013327538967133
1790031883485578000,28.489577880859375,0.45010992884635925,0.043095629662275314,0.1149216815829277
1790031883495587800,28.499587890625,0.2753331959247589,0.009576806798577309,0.06464344263076782
1790031883505628200,28.509628173828126,0.3016694188117981,-0.05027823522686958,0.16759411990642548
1790031883515607300,28.519607177734375,0.3734954595565796,-0.038307227194309235,0.10534487664699554
1790031883535657500,28.539657470703126,0.1388636976480484,-0.1149216815829277,0.36152446269989014
1790031883545667000,28.5496669921875,0.004788403399288654,-0.040701430290937424,0.26096799969673157
1790031883555646500,28.559646484375,0.090979665517807,0.0694318488240242,0.16998831927776337
1790031883565686800,28.569686767578126,0.16519992053508759,0.09816227108240128,0.15562310814857483
1790031883575666000,28.579666015625,0.023942016065120697,0.10055647045373917,0.1364694982767105
1790031883585706200,28.589706298828126,-0.15801730751991272,0.22505496442317963,0.2513911724090576
1790031883595746600,28.59974658203125,-0.11252748221158981,0.014365210197865963,0.1173158809542656
1790031883625775900,28.62977587890625,-0.1149216815829277,-0.12689268589019775,-0.2944868206977844
1790031883645856300,28.649856201171875,0.08379705995321274,-0.1604115068912506,-0.19632454216480255
1790031883716016400,28.720016357421876,0.24420857429504395,-0.2537853717803955,0.26575639843940735
1790031883726026000,28.73002587890625,0.4405331015586853,-0.019153613597154617,-0.07661445438861847
1790031883736035800,28.740035888671876,0.30885201692581177,-0.22505496442317963,0.19871874153614044
1790031883746045400,28.75004541015625,-0.026336219161748886,0.002394201699644327,0.2059013396501541
1790031883766065200,28.770065185546876,0.1867477297782898,-0.38546648621559143,0.26336219906806946
1790031883776044300,28.780044189453125,0.21308395266532898,-0.17717093229293823,0.0694318488240242
1790031883786084600,28.790084716796876,-0.05267243832349777,-0.17477671802043915,-0.090979665517807
1790031883796094500,28.800094482421876,-0.14365209639072418,-0.06703764945268631,0.021547814831137657
1790031883806104000,28.81010400390625,0.1149216815829277,-0.031124621629714966,0.24660277366638184
1790031883816114000,28.820114013671876,0.2513911724090576,0.2298433631658554,0.19871874153614044
1790031883826154200,28.830154296875,0.5961562395095825,0.2753331959247589,0.20111294090747833
1790031883856244500,28.860244384765625,-0.2777273952960968,0.2298433631658554,0.028730420395731926
1790031883886304300,28.89030419921875,-0.090979665517807,-0.31364041566848755,0.047884032130241394
1790031883906415400,28.910415283203125,0.33279404044151306,0.19153612852096558,0.047884032130241394
1790031883916455700,28.92045556640625,0.3232172429561615,0.11971008777618408,-0.07182604819536209
1790031883926465500,28.930465576171876,0.11252748221158981,0.028730420395731926,-0.023942016065120697
1790031883936475100,28.94047509765625,-0.16519992053508759,0.07661445438861847,0.09816227108240128
1790031883946546200,28.950546142578126,0.002394201699644327,-0.11013327538967133,-0.023942016065120697
1790031883986676700,28.9906767578125,0.17477671802043915,-0.031124621629714966,0.07182604819536209
1790031883996686300,29.000686279296875,0.22744916379451752,0.05267243832349777,0.10055647045373917
1790031884016706000,29.0207060546875,0.15801730751991272,-0.002394201699644327,-0.031124621629714966
1790031884026685200,29.030685302734376,0.07900865375995636,-0.026336219161748886,0.038307227194309235
1790031884046765800,29.050765869140626,0.1628057211637497,-0.06224924325942993,0.22026655077934265
1790031884056775400,29.060775390625,0.15083470940589905,0.08140286058187485,0.10055647045373917
1790031884066754800,29.0707548828125,0.19153612852096558,0.0071826050989329815,0.15083470940589905
1790031884076825600,29.08082568359375,0.17956513166427612,0.12449848651885986,0.1412578970193863
1790031884106915800,29.110915771484375,0.0694318488240242,-0.1388636976480484,-0.10055647045373917
1790031884136945200,29.140945068359375,0.33279404044151306,-0.33518823981285095,-0.023942016065120697
1790031884146985500,29.1509853515625,-0.08140286058187485,-0.181959331035614,-0.021547814831137657
1790031884156995300,29.160995361328126,-0.38307225704193115,-0.11252748221158981,0.19632454216480255
1790031884167005000,29.1710048828125,0,-0.10295066982507706,0.0694318488240242
1790031884207074600,29.211074462890625,-0.14844051003456116,-0.07182604819536209,-0.047884032130241394
1790031884217145300,29.221145263671875,-0.13407529890537262,-0.004788403399288654,0.26815059781074524
1790031884247266300,29.251266357421876,0.0933738648891449,-0.3016694188117981,0.035913024097681046
1790031884277326000,29.281326171875,0.026336219161748886,-0.023942016065120697,0.3280056416988373
1790031884287396900,29.29139697265625,0.18914192914962769,-0.035913024097681046,0.1867477297782898
1790031884297406700,29.30140673828125,0.3758896589279175,0.31842881441116333,-0.12210428714752197
1790031884317426200,29.32142626953125,0.08140286058187485,-0.05746084079146385,-0.07900865375995636
1790031884337476400,29.341476318359376,0.014365210197865963,-0.09576806426048279,0.2825157940387726
1790031884367536000,29.3715361328125,-0.2561795711517334,-0.24899697303771973,-0.016759412363171577
1790031884387616500,29.391616455078125,0.22026655077934265,0.20350714027881622,-0.14365209639072418
1790031884397626400,29.40162646484375,-0.040701430290937424,0.1173158809542656,0.004788403399288654
1790031884417676500,29.421676513671876,0.12210428714752197,-0.019153613597154617,0.23702596127986908
1790031884447736300,29.451736328125,0.1149216815829277,0.016759412363171577,-0.009576806798577309
1790031884457746000,29.461745849609375,0.16998831927776337,0.18914192914962769,-0.06464344263076782
1790031884467755800,29.471755859375,0.20111294090747833,0.026336219161748886,0.040701430290937424
1790031884477765600,29.481765625,0.11013327538967133,0.07182604819536209,0.038307227194309235
1790031884497815600,29.501815673828126,0.21787235140800476,-0.090979665517807,0.1843535304069519
1790031884507825400,29.511825439453126,0.19393034279346466,-0.1388636976480484,0.031124621629714966
1790031884537854700,29.541854736328126,0.07422025501728058,-0.07900865375995636,0.10055647045373917
1790031884547864300,29.5518642578125,-0.06224924325942993,-0.10534487664699554,0.1173158809542656
1790031884557904600,29.561904541015625,-0.07661445438861847,-0.11013327538967133,0.11252748221158981
1790031884567914500,29.57191455078125,0,-0.05267243832349777,0.004788403399288654
1790031884577954800,29.581954833984376,0.1364694982767105,0.1364694982767105,-0.05985504388809204
1790031884597974300,29.601974365234376,0.08140286058187485,-0.09576806426048279,0.07422025501728058
1790031884607984000,29.611984130859376,-0.28730419278144836,-0.06464344263076782,0.09576806426048279
1790031884618024400,29.6220244140625,-0.1388636976480484,-0.06464344263076782,0.08619125932455063
1790031884628034000,29.632033935546875,0.026336219161748886,-0.19632454216480255,0.11013327538967133
1790031884648084200,29.652084228515626,0.3423708379268646,0.05027823522686958,0.014365210197865963
1790031884658124500,29.66212451171875,0.5985504388809204,0.1388636976480484,-0.10295066982507706
1790031884698255000,29.702255126953126,0.07661445438861847,-0.24660277366638184,0.038307227194309235
1790031884708264700,29.7122646484375,0.023942016065120697,-0.28730419278144836,-0.12210428714752197
1790031884718274600,29.722274658203126,0.272938996553421,0.06703764945268631,-0.1604115068912506
1790031884758313700,29.762313720703126,0.13168109953403473,-0.1628057211637497,0.2585737705230713
1790031884768353800,29.772353759765625,0.023942016065120697,-0.26096799969673157,0.2082955539226532
1790031884778363600,29.78236376953125,0.06703764945268631,-0.1867477297782898,0.07182604819536209
1790031884788373500,29.79237353515625,0.09816227108240128,-0.14844051003456116,-0.15083470940589905
1790031884808423400,29.81242333984375,0.09816227108240128,0.1412578970193863,0.272938996553421
1790031884818433300,29.822433349609376,0.19632454216480255,0.1604115068912506,0.0933738648891449
1790031884828443100,29.832443115234376,0.15083470940589905,0.12449848651885986,-0.10773907601833344
1790031884838452700,29.84245263671875,0.12210428714752197,-0.07182604819536209,-0.12449848651885986
1790031884848462600,29.852462646484376,0.0071826050989329815,0.10773907601833344,-0.18914192914962769
1790031884858472400,29.862472412109376,0.08858546614646912,-0.11971008777618408,-0.05267243832349777
1790031884868482000,29.87248193359375,0.05985504388809204,-0.20350714027881622,0.002394201699644327
1790031884878492000,29.882491943359376,0.1149216815829277,-0.13168109953403473,0.08140286058187485
1790031884888532200,29.8925322265625,0.08140286058187485,-0.15562310814857483,0.05267243832349777
1790031884898511400,29.902511474609376,0.1364694982767105,0.011971008032560349,-0.0694318488240242
1790031884908551700,29.9125517578125,0.35673606395721436,-0.014365210197865963,-0.0454898327589035
1790031884918561500,29.9225615234375,0.2346317619085312,-0.08619125932455063,0.016759412363171577
1790031884928571100,29.932571044921875,0.1149216815829277,0.002394201699644327,0.0071826050989329815
1790031884938550500,29.942550537109376,0.023942016065120697,-0.004788403399288654,0.023942016065120697
1790031884948590800,29.9525908203125,0.12210428714752197,-0.10055647045373917,-0.08140286058187485
1790031884958600400,29.962600341796875,0.14365209639072418,-0.1388636976480484,-0.028730420395731926
