time,seconds_elapsed,x,z,y
1790030730188965400,0.13096533203125,0.040701430290937424,0.08379705995321274,0.016759412363171577
1790030730198975200,0.140975341796875,0.6177040338516235,-0.5841852426528931,0.19871874153614044
1790030730208985000,0.150985107421875,-0.08379705995321274,0.10773907601833344,-0.021547814831137657
1790030730218764300,0.160764404296875,-0.06224924325942993,0.12928688526153564,-0.14844051003456116
1790030730228473900,0.170473876953125,0.17477671802043915,-0.019153613597154617,-0.2561795711517334
1790030730238283800,0.18028369140625,0.07661445438861847,0.0933738648891449,-0.3734954595565796
1790030730248163000,0.1901630859375,0.06224924325942993,-0.016759412363171577,-0.2585737705230713
1790030730258172700,0.200172607421875,0.2753331959247589,-0.22505496442317963,-0.3974374830722809
1790030730268213000,0.210212890625,0.3734954595565796,-0.29209262132644653,-0.45250412821769714
1790030730278222800,0.220222900390625,0.3758896589279175,-0.16519992053508759,-0.363918662071228
1790030730318261800,0.26026171875,0.014365210197865963,-0.2561795711517334,-0.15801730751991272
1790030730408349700,0.350349609375,-0.05746084079146385,0.14844051003456116,-0.033518824726343155
1790030730418359600,0.360359619140625,-0.090979665517807,0.2537853717803955,0.2777273952960968
1790030730428369400,0.370369384765625,-0.08619125932455063,0.1149216815829277,0.14844051003456116
1790030730448388900,0.390388916015625,-0.002394201699644327,-0.12210428714752197,-0.10055647045373917
1790030730458398500,0.4003984375,-0.035913024097681046,0.021547814831137657,0.004788403399288654
1790030730468377900,0.4103779296875,-0.016759412363171577,0.011971008032560349,0.07422025501728058
1790030730478387700,0.4203876953125,0.031124621629714966,-0.14604631066322327,-0.05746084079146385
1790030730488397300,0.430397216796875,-0.016759412363171577,-0.0454898327589035,0.1364694982767105
1790030730498437600,0.440437744140625,-0.043095629662275314,-0.035913024097681046,0
1790030730508447500,0.450447509765625,-0.028730420395731926,-0.05027823522686958,-0.1388636976480484
1790030730518457000,0.46045703125,-0.05985504388809204,-0.10055647045373917,0.13407529890537262
1790030730528467000,0.470467041015625,-0.05985504388809204,-0.009576806798577309,0.035913024097681046
1790030730538476800,0.480476806640625,-0.07182604819536209,-0.12210428714752197,-0.06464344263076782
1790030730558496300,0.500496337890625,-0.026336219161748886,0.15083470940589905,0.06703764945268631
1790030730568475400,0.510475341796875,-0.05506663769483566,-0.004788403399288654,-0.07182604819536209
1790030730578546200,0.520546142578125,0.10534487664699554,-0.038307227194309235,-0.0694318488240242
1790030730588525600,0.530525634765625,0.06464344263076782,-0.026336219161748886,-0.028730420395731926
1790030730598566000,0.54056591796875,0.031124621629714966,-0.10534487664699554,-0.11013327538967133
1790030730608575500,0.550575439453125,-0.043095629662275314,-0.17956513166427612,-0.06224924325942993
1790030730618615800,0.56061572265625,-0.05746084079146385,-0.0454898327589035,-0.002394201699644327
1790030730628595200,0.57059521484375,0.040701430290937424,0.021547814831137657,-0.19393034279346466
1790030730638635500,0.580635498046875,-0.0071826050989329815,-0.019153613597154617,-0.019153613597154617
1790030730668634000,0.610634033203125,0.08140286058187485,-0.002394201699644327,-0.15801730751991272
1790030730678582800,0.620582763671875,0.021547814831137657,0.023942016065120697,-0.14844051003456116
1790030730688623000,0.630623046875,0.0454898327589035,-0.011971008032560349,-0.1604115068912506
1790030730698633000,0.640633056640625,-0.031124621629714966,0.011971008032560349,-0.08858546614646912
1790030730718622000,0.6606220703125,-0.05985504388809204,0.1173158809542656,-0.07182604819536209
1790030730728631800,0.6706318359375,-0.0694318488240242,-0.06224924325942993,-0.0454898327589035
1790030730738672000,0.680672119140625,-0.14365209639072418,-0.08858546614646912,-0.021547814831137657
1790030730758691600,0.700691650390625,-0.014365210197865963,-0.05985504388809204,-0.08619125932455063
1790030730788690400,0.7306904296875,-0.07422025501728058,0.0694318488240242,-0.05506663769483566
1790030730798700000,0.740699951171875,-0.08619125932455063,0.14365209639072418,0.08140286058187485
1790030730808740400,0.750740234375,-0.009576806798577309,-0.004788403399288654,0.10055647045373917
1790030730818780700,0.76078076171875,-0.08140286058187485,0,0.047884032130241394
1790030730828759800,0.770759765625,-0.014365210197865963,0.021547814831137657,0.07900865375995636
1790030730838769700,0.780769775390625,0,-0.12210428714752197,-0.1388636976480484
1790030730848748800,0.790748779296875,-0.028730420395731926,-0.11013327538967133,-0.15801730751991272
1790030730858789000,0.8007890625,-0.002394201699644327,-0.038307227194309235,-0.07182604819536209
1790030730888818400,0.830818359375,-0.040701430290937424,0.043095629662275314,0.06224924325942993
1790030730898828300,0.840828369140625,-0.028730420395731926,0.002394201699644327,0.014365210197865963
1790030730908807400,0.850807373046875,0.033518824726343155,-0.05027823522686958,-0.0694318488240242
1790030730918786800,0.860786865234375,0.023942016065120697,0.12689268589019775,-0.014365210197865963
1790030730928827100,0.8708271484375,-0.035913024097681046,-0.08858546614646912,-0.019153613597154617
1790030730938806300,0.88080615234375,-0.06464344263076782,-0.026336219161748886,-0.06224924325942993
1790030730978845400,0.920845458984375,0.0454898327589035,0.0694318488240242,0.016759412363171577
1790030730988855000,0.93085498046875,-0.0071826050989329815,0.15801730751991272,0
1790030730998865000,0.940864990234375,-0.05267243832349777,0.10534487664699554,0.10055647045373917
1790030731018884400,0.96088427734375,-0.019153613597154617,0.09576806426048279,0.035913024097681046
1790030731028894200,0.970894287109375,0.06224924325942993,0.0071826050989329815,-0.026336219161748886
1790030731038904000,0.980904052734375,0.15083470940589905,-0.011971008032560349,0.10534487664699554
1790030731048913700,0.99091357421875,0.09816227108240128,0.06224924325942993,-0.12928688526153564
1790030731088922400,1.03092236328125,0.10055647045373917,-0.07422025501728058,0.040701430290937424
1790030731098932000,1.040931884765625,-0.014365210197865963,-0.1867477297782898,-0.019153613597154617
1790030731108941800,1.05094189453125,0.038307227194309235,-0.023942016065120697,0.0933738648891449
1790030731118951700,1.06095166015625,-0.043095629662275314,-0.014365210197865963,-0.1149216815829277
1790030731128961300,1.070961181640625,-0.009576806798577309,0.040701430290937424,0.038307227194309235
1790030731138971100,1.08097119140625,0.033518824726343155,0.05267243832349777,0.06224924325942993
1790030731148980700,1.090980712890625,-0.009576806798577309,-0.14844051003456116,-0.1628057211637497
1790030731158960000,1.100960205078125,0.009576806798577309,0.004788403399288654,-0.10055647045373917
1790030731169000400,1.11100048828125,0.028730420395731926,-0.06464344263076782,-0.016759412363171577
1790030731179010000,1.121010009765625,0.009576806798577309,0.043095629662275314,-0.05267243832349777
1790030731199029800,1.14102978515625,0.026336219161748886,-0.09816227108240128,-0.08379705995321274
1790030731209039400,1.151039306640625,-0.1149216815829277,-0.0933738648891449,-0.15562310814857483
1790030731219018800,1.161018798828125,-0.05267243832349777,-0.021547814831137657,-0.07182604819536209
1790030731229059000,1.17105908203125,-0.05027823522686958,0.15801730751991272,0.0071826050989329815
1790030731239068700,1.181068603515625,-0.004788403399288654,0.033518824726343155,-0.2513911724090576
1790030731249048000,1.191048095703125,0.05985504388809204,0.033518824726343155,-0.028730420395731926
1790030731259088400,1.20108837890625,-0.038307227194309235,0.026336219161748886,0.10534487664699554
1790030731279077400,1.221077392578125,0,0.15322890877723694,0.038307227194309235
1790030731289087000,1.2310869140625,-0.08379705995321274,0.05985504388809204,0.13407529890537262
1790030731299096800,1.241096923828125,0.019153613597154617,0.016759412363171577,0.13407529890537262
1790030731309106700,1.251106689453125,-0.05746084079146385,-0.06464344263076782,0.009576806798577309
1790030731319116300,1.2611162109375,-0.08858546614646912,-0.0071826050989329815,-0.0454898327589035
1790030731329126100,1.271126220703125,-0.06464344263076782,0.028730420395731926,0.07182604819536209
1790030731339136000,1.281135986328125,0.014365210197865963,-0.08858546614646912,-0.011971008032560349
1790030731349145600,1.2911455078125,0.033518824726343155,-0.06464344263076782,-0.047884032130241394
1790030731359125000,1.301125,-0.0071826050989329815,-0.08379705995321274,-0.011971008032560349
1790030731369134600,1.311134521484375,0.06464344263076782,-0.11252748221158981,-0.08379705995321274
1790030731379144400,1.32114453125,0.05267243832349777,0.08858546614646912,-0.07661445438861847
1790030731389154300,1.331154296875,0.011971008032560349,-0.002394201699644327,0.021547814831137657
1790030731399133400,1.341133544921875,0.07182604819536209,-0.038307227194309235,-0.1149216815829277
1790030731409143300,1.351143310546875,-0.1149216815829277,-0.035913024097681046,-0.05985504388809204
1790030731419153000,1.36115283203125,-0.002394201699644327,0.05267243832349777,-0.15322890877723694
1790030731449151700,1.39115185546875,0.05267243832349777,0.009576806798577309,0.09816227108240128
1790030731519220200,1.46122021484375,-0.028730420395731926,0.021547814831137657,0
1790030731529229800,1.471229736328125,-0.031124621629714966,0.033518824726343155,-0.038307227194309235
1790030731539239700,1.48123974609375,-0.002394201699644327,0.05027823522686958,0.05746084079146385
1790030731549218800,1.49121875,0.031124621629714966,-0.08619125932455063,-0.12689268589019775
1790030731559228700,1.501228759765625,0.011971008032560349,-0.0454898327589035,-0.06464344263076782
1790030731589196800,1.53119677734375,-0.047884032130241394,0.038307227194309235,-0.0694318488240242
1790030731599176200,1.54117626953125,0.05985504388809204,0.08858546614646912,0.021547814831137657
1790030731609247000,1.5512470703125,0.1388636976480484,0.014365210197865963,-0.06703764945268631
1790030731619256800,1.5612568359375,0.10534487664699554,-0.014365210197865963,0.026336219161748886
1790030731639276300,1.5812763671875,0.004788403399288654,-0.0694318488240242,0.043095629662275314
1790030731649255400,1.59125537109375,-0.047884032130241394,-0.15322890877723694,-0.040701430290937424
1790030731659295700,1.601295654296875,-0.038307227194309235,0.031124621629714966,-0.004788403399288654
1790030731669305600,1.6113056640625,-0.033518824726343155,-0.05746084079146385,0.13168109953403473
1790030731679284700,1.62128466796875,-0.004788403399288654,0.031124621629714966,-0.0454898327589035
1790030731689294600,1.631294677734375,0.13407529890537262,-0.026336219161748886,0.12449848651885986
1790030731719324000,1.661323974609375,0.047884032130241394,-0.12210428714752197,-0.08858546614646912
1790030731729303000,1.671302978515625,0,0.031124621629714966,-0.004788403399288654
1790030731739343400,1.68134326171875,-0.023942016065120697,-0.0694318488240242,-0.023942016065120697
1790030731749353200,1.691353271484375,0.1173158809542656,-0.17238251864910126,-0.11252748221158981
1790030731759362800,1.70136279296875,-0.05746084079146385,-0.05985504388809204,-0.08379705995321274
1790030731769342200,1.71134228515625,-0.031124621629714966,-0.06224924325942993,0.05027823522686958
1790030731779382500,1.721382568359375,0.033518824726343155,0.023942016065120697,-0.1149216815829277
1790030731789361700,1.731361572265625,0.026336219161748886,-0.043095629662275314,0.06464344263076782
1790030731799371500,1.74137158203125,0.10534487664699554,-0.002394201699644327,-0.2059013396501541
1790030731849389800,1.791389892578125,0.05985504388809204,-0.0933738648891449,-0.06703764945268631
1790030731929528800,1.87152880859375,-0.014365210197865963,-0.3016694188117981,0.016759412363171577
1790030731939569200,1.881569091796875,0.09576806426048279,-0.12449848651885986,-0.06224924325942993
1790030731949548500,1.891548583984375,0.12689268589019775,-0.1364694982767105,-0.09816227108240128
1790030731959588900,1.9015888671875,0.05506663769483566,-0.11971008777618408,0.035913024097681046
1790030731969598500,1.911598388671875,0.035913024097681046,0.1149216815829277,0.08140286058187485
1790030731979577900,1.921577880859375,-0.028730420395731926,0.22026655077934265,0.009576806798577309
1790030731989587500,1.93158740234375,0.16519992053508759,0.2346317619085312,0.07900865375995636
1790030732039636500,1.981636474609375,-0.24181437492370605,0.15322890877723694,0.11013327538967133
1790030732059625500,2.00162548828125,0.040701430290937424,0.17956513166427612,0.002394201699644327
1790030732069665800,2.011665771484375,-0.07422025501728058,0.10055647045373917,0.002394201699644327
1790030732089685200,2.031685302734375,0.1149216815829277,-0.10055647045373917,-0.2537853717803955
1790030732129755000,2.0717548828125,0.0933738648891449,-0.17717093229293823,0.06224924325942993
1790030732139795000,2.081794921875,0.040701430290937424,-0.07661445438861847,0.06703764945268631
1790030732149835300,2.091835205078125,0.09576806426048279,-0.1173158809542656,-0.031124621629714966
1790030732159845000,2.10184521484375,0.15562310814857483,-0.17477671802043915,-0.05746084079146385
1790030732169824300,2.11182421875,0.004788403399288654,-0.1173158809542656,0.11971008777618408
1790030732179834000,2.121834228515625,0.10534487664699554,0.021547814831137657,-0.004788403399288654
1790030732189874400,2.13187451171875,0.009576806798577309,0,0.21787235140800476
1790030732199884300,2.14188427734375,0.038307227194309235,0.0933738648891449,-0.014365210197865963
1790030732209894000,2.151893798828125,0.009576806798577309,-0.14844051003456116,0.08858546614646912
1790030732229883000,2.1718828125,-0.22505496442317963,-0.22026655077934265,-0.06224924325942993
1790030732259942700,2.201942626953125,0.026336219161748886,0.12210428714752197,-0.040701430290937424
1790030732279901200,2.221901123046875,-0.08619125932455063,-0.0694318488240242,-0.05267243832349777
1790030732289911000,2.2319111328125,0.023942016065120697,-0.272938996553421,-0.16998831927776337
1790030732299921000,2.2419208984375,0.1149216815829277,-0.26336219906806946,-0.22505496442317963
1790030732309930500,2.251930419921875,0.08619125932455063,0.009576806798577309,-0.09816227108240128
1790030732339929300,2.281929443359375,0.08140286058187485,-0.0694318488240242,0.1364694982767105
1790030732349939200,2.291939208984375,0.033518824726343155,0.06464344263076782,0.11252748221158981
1790030732359948800,2.30194873046875,0.004788403399288654,-0.11013327538967133,0.0933738648891449
1790030732369989000,2.311989013671875,0.040701430290937424,-0.22505496442317963,-0.31603461503982544
1790030732380029400,2.322029541015625,-0.009576806798577309,-0.4118026793003082,-0.19393034279346466
1790030732390039300,2.332039306640625,-0.1628057211637497,-0.19632454216480255,-0.09816227108240128
1790030732400018400,2.342018310546875,0.002394201699644327,-0.47405192255973816,-0.5219359993934631
1790030732410089200,2.352089111328125,0.014365210197865963,-0.47165772318840027,-0.22744916379451752
1790030732420099000,2.36209912109375,0.10773907601833344,-0.8858546018600464,-0.586579442024231
1790030732440118500,2.382118408203125,-0.0454898327589035,-1.9704279899597168,-1.216254472732544
1790030732450128400,2.39212841796875,-0.4357447028160095,-0.9696516990661621,-1.944091796875
1790030732460107500,2.402107421875,-0.1604115068912506,-1.4293384552001953,-1.9033904075622559
1790030732490136800,2.43213671875,0.2753331959247589,-1.7190368175506592,-2.1811177730560303
1790030732560205300,2.502205322265625,-0.8595184087753296,-1.6974890232086182,-2.8802247047424316
1790030732600244200,2.542244140625,-2.0446481704711914,-1.7501614093780518,-2.38462495803833
1790030732610254000,2.552254150390625,-1.8818424940109253,-1.2617442607879639,-1.7357962131500244
1790030732620233200,2.562233154296875,-1.6065093278884888,-1.9177556037902832,-2.1116859912872314
1790030732630243000,2.5722431640625,-1.1516109704971313,-1.4652514457702637,-2.094926595687866
1790030732640222200,2.58222216796875,-0.49799394607543945,-0.9768342971801758,-1.3120225667953491
1790030732660242000,2.602241943359375,-0.8858546018600464,-1.5634137392044067,-2.1356279850006104
1790030732670251500,2.61225146484375,-0.5770025849342346,-0.8164227604866028,-1.3646949529647827
1790030732690240500,2.632240478515625,0.08140286058187485,-0.5985504388809204,-0.5339069962501526
1790030732700250400,2.64225048828125,-0.6320692300796509,-1.1180921792984009,-1.623268723487854
1790030732710260200,2.65226025390625,-0.4644751250743866,-0.28969839215278625,-1.45806884765625
1790030732720239400,2.6622392578125,0.36152446269989014,0.18914192914962769,-1.482010841369629
1790030732730279700,2.67227978515625,0.6200982332229614,1.5418659448623657,0.8978256583213806
1790030732740258800,2.6822587890625,0.751779317855835,0.3878606855869293,0.6177040338516235
1790030732760278500,2.702278564453125,-0.4213795065879822,-0.15322890877723694,0.0933738648891449
1790030732780328400,2.722328369140625,-1.9512743949890137,-0.3878606855869293,-0.40462008118629456
1790030732790338300,2.73233837890625,-2.5258827209472656,0.33997663855552673,-0.4165911078453064
1790030732800348200,2.74234814453125,-1.5203180313110352,-0.07182604819536209,-1.0271124839782715
1790030732810357800,2.752357666015625,-0.9528923034667969,0.06703764945268631,-0.21308395266532898
1790030732820398000,2.762398193359375,-0.9026140570640564,1.2737152576446533,1.0103530883789062
1790030732830377500,2.77237744140625,-1.41257905960083,1.721431016921997,1.3982137441635132
1790030732840417500,2.78241748046875,-1.173158884048462,-0.47884035110473633,-0.2777273952960968
1790030732870477600,2.8124775390625,-2.070984363555908,-1.2521674633026123,-1.6065093278884888
1790030732880517600,2.822517578125,-2.0829553604125977,-0.5147533416748047,-1.9297266006469727
1790030732930597000,2.87259716796875,-2.2840683460235596,-2.542642116546631,-1.7405846118927002
1790030732940637400,2.882637451171875,-3.112462282180786,-3.4620156288146973,-1.2641384601593018
1790030732970666800,2.912666748046875,-1.173158884048462,1.5298948287963867,-0.31842881441116333
1790030732990716700,2.932716552734375,-0.6488286852836609,1.802833914756775,1.5610195398330688
1790030733000726500,2.9427265625,-0.8092401623725891,1.6663644313812256,2.492363929748535
1790030733020807000,2.962806884765625,-0.4884171485900879,2.7269957065582275,3.8522706031799316
1790030733030816800,2.972816650390625,-0.47884035110473633,2.099714994430542,2.22660756111145
1790030733040826600,2.98282666015625,-1.2282254695892334,3.0310592651367188,2.631227731704712
1790030733130975500,3.0729755859375,-2.8395233154296875,1.7310078144073486,1.656787633895874
1790030733140985300,3.0829853515625,-2.2912509441375732,1.86508309841156,1.821987509727478
1790030733221094000,3.163093994140625,-0.6177040338516235,1.2258312702178955,2.0853497982025146
1790030733231103700,3.173103759765625,-0.4213795065879822,1.2880805730819702,1.9991583824157715
1790030733241113300,3.18311328125,-0.33997663855552673,0.9481038451194763,2.094926595687866
1790030733251153700,3.193153564453125,-0.4165911078453064,0.6416460275650024,1.9488801956176758
1790030733261163500,3.20316357421875,-0.5291185975074768,0.5291185975074768,1.2449848651885986
1790030733281152500,3.223152587890625,-0.6129156351089478,-0.5841852426528931,-0.3902548849582672
1790030733291162400,3.233162353515625,-0.6512228846549988,-0.4118026793003082,-1.2641384601593018
1790030733301172000,3.243171875,-0.507570743560791,0.06703764945268631,-0.8331822156906128
1790030733331231700,3.273231689453125,-0.009576806798577309,-0.016759412363171577,0.9720458984375
1790030733361261000,3.303260986328125,0.28730419278144836,1.9105730056762695,1.656787633895874
1790030733371271000,3.31327099609375,-0.19393034279346466,0.9576807022094727,-0.13407529890537262
1790030733381280800,3.32328076171875,-0.4908113479614258,0.6751648783683777,-0.7015010714530945
1790030733401269800,3.343269775390625,-1.5682021379470825,-0.6057330369949341,1.113303780555725
1790030733411279400,3.353279296875,-1.6615760326385498,-0.2849099934101105,0.8738836050033569
1790030733421258800,3.3632587890625,-1.0319008827209473,-1.0414776802062988,0.019153613597154617
1790030733441308700,3.38330859375,-1.278503656387329,1.2473790645599365,-0.42377370595932007
1790030733531457800,3.473457763671875,-0.16519992053508759,-1.2282254695892334,-2.231395959854126
1790030733561486800,3.50348681640625,-0.272938996553421,-0.0071826050989329815,0.993593692779541
1790030733571527200,3.513527099609375,-0.5578489899635315,0.8786720037460327,-0.040701430290937424
1790030733601587000,3.5435869140625,0.29209262132644653,0.9768342971801758,0.5339069962501526
1790030733621606700,3.563606689453125,-0.2585737705230713,-0.9313444495201111,0.026336219161748886
1790030733631647000,3.57364697265625,-1.335964560508728,-0.9720458984375,-0.43095630407333374
1790030733661706800,3.603706787109375,-1.2066776752471924,1.946485996246338,-0.4620809257030487
1790030733671716400,3.61371630859375,-1.216254472732544,2.049436569213867,0.9265560507774353
1790030733681726200,3.623726318359375,-1.2401964664459229,1.0295066833496094,0.6799532771110535
1790030733711786000,3.653785888671875,-1.4891934394836426,-2.3918075561523438,-1.3096283674240112
1790030733731805400,3.673805419921875,-2.1595699787139893,-1.1420341730117798,0.14844051003456116
1790030733741784800,3.683784912109375,-1.4963760375976562,0.13407529890537262,0.44532153010368347
1790030733751825200,3.6938251953125,-1.1683704853057861,1.460463047027588,1.6400281190872192
1790030733761834800,3.703834716796875,-1.2018892765045166,1.216254472732544,0.9361328482627869
1790030733771844600,3.7138447265625,-1.0678139925003052,-0.2322375625371933,-0.5386953949928284
1790030733781854500,3.7238544921875,-1.3646949529647827,-1.0414776802062988,-0.4812345504760742
1790030733791864000,3.733864013671875,-1.5873557329177856,-1.3215993642807007,-0.6991068720817566
1790030733801874000,3.7438740234375,-1.139639973640442,-0.6703764796257019,-0.6105214357376099
1790030733811914200,3.753914306640625,-0.8619126081466675,-0.5171475410461426,-0.5267243981361389
1790030733831964200,3.773964111328125,-0.5291185975074768,0.23942017555236816,-0.0454898327589035
1790030733841943600,3.783943603515625,-0.2298433631658554,0.21547815203666687,0.3519476354122162
1790030733851984000,3.79398388671875,-0.21787235140800476,-0.009576806798577309,-0.8978256583213806
1790030733861993500,3.803993408203125,-0.07182604819536209,-1.3527239561080933,-1.37906014919281
1790030733882013200,3.82401318359375,-1.0319008827209473,-0.45250412821769714,0.10295066982507706
1790030733891992300,3.833992431640625,-0.9026140570640564,-0.23942017555236816,-0.6200982332229614
1790030733922113300,3.86411328125,-0.028730420395731926,-0.8355764150619507,-0.4141969084739685
1790030733942163200,3.8841630859375,-0.7565677165985107,0.2801215946674347,-0.035913024097681046
1790030733952173000,3.894173095703125,-1.314416766166687,0.6368576288223267,0.6200982332229614
1790030733962213400,3.90421337890625,-1.7142484188079834,0.6631938815116882,0.3998316824436188
1790030733972253400,3.91425341796875,-1.680729627609253,0.2537853717803955,-0.16998831927776337
1790030734022363400,3.96436328125,-0.12928688526153564,-0.2944868206977844,0.6943184733390808
1790030734092554000,4.034553955078125,-0.24660277366638184,0.4141969084739685,0.21308395266532898
1790030734122583000,4.0645830078125,-0.8954314589500427,0.17956513166427612,-0.4836287498474121
1790030734192712400,4.13471240234375,-0.1843535304069519,-1.0773907899856567,-2.497152328491211
1790030734202752800,4.144752685546875,0.040701430290937424,-1.5179238319396973,-2.406172752380371
1790030734242822400,4.184822509765625,-0.011971008032560349,0.569819986820221,3.203441858291626
1790030734282861600,4.224861572265625,-0.8020575642585754,-0.26336219906806946,-0.20350714027881622
1790030734302911500,4.244911376953125,-0.40462008118629456,0.8259995579719543,-0.5219359993934631
1790030734312921300,4.25492138671875,-0.031124621629714966,1.455674648284912,0.5195417404174805
1790030734322900500,4.264900390625,-0.08619125932455063,1.625662922859192,0.5386953949928284
1790030734332940800,4.27494091796875,-0.3734954595565796,0.871489405632019,-0.07661445438861847
1790030734373010400,4.315010498046875,-0.6584054827690125,0.2106897532939911,0.6033388376235962
1790030734413080000,4.355080078125,-0.6991068720817566,-0.7829039692878723,-0.18914192914962769
1790030734473138700,4.415138671875,-0.090979665517807,-3.823540210723877,-3.1220390796661377
1790030734483148300,4.425148193359375,-0.28730419278144836,-4.350264549255371,-3.8355112075805664
1790030734563287600,4.50528759765625,-0.040701430290937424,-2.403778553009033,-4.256890773773193
1790030734593316900,4.53531689453125,-0.0071826050989329815,-1.8842366933822632,-1.9991583824157715
1790030734663385000,4.605385009765625,-1.659181833267212,-0.21308395266532898,0.13168109953403473
1790030734743494000,4.685493896484375,-2.1930887699127197,0.0454898327589035,-0.1412578970193863
1790030734753503500,4.69550341796875,-0.8140285611152649,0.3734954595565796,0.5434837937355042
1790030734773523200,4.715523193359375,0.4908113479614258,1.7477672100067139,-0.6967126727104187
1790030734783502300,4.72550244140625,0.6488286852836609,0.9481038451194763,-1.41257905960083
1790030734793512200,4.73551220703125,0.37828385829925537,0.5434837937355042,-1.1420341730117798
1790030734803552500,4.745552490234375,0.05027823522686958,-0.033518824726343155,-0.6703764796257019
1790030734813562000,4.75556201171875,-0.22266076505184174,-0.4189853072166443,-1.3048399686813354
1790030734823572000,4.765572021484375,-0.5817909836769104,0.19871874153614044,-1.2856862545013428
1790030734853631700,4.7956318359375,-0.9193734526634216,0.6703764796257019,1.8148049116134644
1790030734863641600,4.8056416015625,-1.7357962131500244,1.2234370708465576,1.6879122257232666
1790030734883661000,4.8256611328125,-2.609679937362671,-1.534683346748352,-0.6416460275650024
1790030734903650000,4.845650146484375,-3.2561142444610596,-0.2106897532939911,0.8954314589500427
1790030734923700200,4.8657001953125,-1.5921441316604614,-0.5722141861915588,0.10773907601833344
1790030734953729300,4.895729248046875,-1.965639591217041,-0.33039984107017517,-0.44532153010368347
1790030734973749000,4.9157490234375,-1.381454348564148,1.6304513216018677,1.3742717504501343
1790030734983789300,4.925789306640625,-0.2849099934101105,-0.9097966551780701,-0.021547814831137657
1790030734993799000,4.935798828125,-0.8092401623725891,0.40462008118629456,0.8427590131759644
1790030735003839200,4.945839111328125,-1.86508309841156,2.31758713722229,2.6001031398773193
1790030735013818600,4.955818603515625,-0.912190854549408,1.525106430053711,1.314416766166687
1790030735023858700,4.965858642578125,-1.278503656387329,2.4803929328918457,2.3247697353363037
1790030735033868500,4.97586865234375,-1.460463047027588,1.0797849893569946,2.274491548538208
1790030735043878400,4.98587841796875,-1.7142484188079834,1.723825216293335,1.9991583824157715
1790030735053918700,4.995918701171875,-1.8339585065841675,-0.08379705995321274,2.1763293743133545
1790030735063928300,5.00592822265625,-2.7246015071868896,1.4484920501708984,1.292868971824646
1790030735073938200,5.015938232421875,-2.940079689025879,0.8667010068893433,0.3902548849582672
1790030735083947800,5.02594775390625,-2.0614075660705566,0.5746083855628967,-1.482010841369629
1790030735093988000,5.035988037109375,-1.1492167711257935,1.5634137392044067,-0.6224924325942993
1790030735103967500,5.045967529296875,-1.1348515748977661,1.5322890281677246,0.6488286852836609
1790030735114038300,5.056038330078125,-0.5889736413955688,1.3503297567367554,1.6639702320098877
1790030735134088200,5.076088134765625,-1.2186486721038818,0.42856210470199585,1.9512743949890137
1790030735164117500,5.106117431640625,-1.0462661981582642,1.4173674583435059,3.2585084438323975
1790030735174127400,5.11612744140625,-1.1755530834197998,1.2617442607879639,3.4572272300720215
1790030735184137200,5.12613720703125,-1.1085153818130493,1.501164436340332,3.4835634231567383
1790030735204156700,5.14615673828125,-1.6352397203445435,2.7509377002716064,5.013458251953125
1790030735214166500,5.15616650390625,-1.7142484188079834,2.935291290283203,4.932055473327637
1790030735234186000,5.17618603515625,-1.678335428237915,2.212242364883423,3.4620156288146973
1790030735244195600,5.186195556640625,-1.3670891523361206,1.2952631711959839,3.2106244564056396
1790030735254205400,5.196205322265625,-1.5179238319396973,0.5841852426528931,2.4205379486083984
1790030735284234800,5.22623486328125,-2.229001760482788,2.315192937850952,0.6823474764823914
1790030735294244600,5.23624462890625,-1.6543933153152466,1.7262194156646729,0.6033388376235962
1790030735314264000,5.25626416015625,-1.1755530834197998,-0.35434186458587646,0.6392518281936646
1790030735324274000,5.26627392578125,-1.37906014919281,-0.17717093229293823,0.7254431247711182
1790030735354333700,5.296333740234375,-0.038307227194309235,-0.7589619159698486,-0.45010992884635925
1790030735404474000,5.34647412109375,-1.4891934394836426,-0.014365210197865963,-0.7996633648872375
1790030735434534000,5.376533935546875,-1.1540051698684692,0.9481038451194763,-1.1659762859344482
1790030735464593700,5.40659375,-1.0319008827209473,-0.9624691009521484,0.5339069962501526
1790030735494623000,5.436623046875,-1.3646949529647827,0.6607996821403503,-0.2082955539226532
1790030735564722000,5.506721923828125,-4.122815132141113,0.9720458984375,-0.5650315880775452
1790030735624872000,5.566871826171875,-1.4245500564575195,-2.9281086921691895,-1.359906554222107
1790030735634912300,5.576912353515625,-1.8363527059555054,-3.2106244564056396,-1.0678139925003052
1790030735644922000,5.586922119140625,-2.097320795059204,-1.5131354331970215,-0.5626373887062073
1790030735654931700,5.596931640625,-1.9488801956176758,0.8164227604866028,-0.6991068720817566
1790030735664911000,5.6069111328125,-0.9959878921508789,0.9768342971801758,-1.2976573705673218
1790030735674951400,5.616951416015625,0.11252748221158981,-0.524330198764801,-1.7764976024627686
1790030735684930600,5.6269306640625,-0.08379705995321274,-0.9241618514060974,-0.5434837937355042
1790030735714990300,5.656990234375,-0.4812345504760742,-2.094926595687866,-2.118868589401245
1790030735725030700,5.66703076171875,-0.4405331015586853,0.10055647045373917,-0.9265560507774353
1790030735735040500,5.67704052734375,-0.5889736413955688,1.0271124839782715,0.08858546614646912
1790030735745050000,5.687050048828125,-0.7254431247711182,1.0582371950149536,-0.9840168952941895
1790030735755029500,5.697029541015625,-0.6560112833976746,-0.4118026793003082,-1.9369091987609863
1790030735765100300,5.707100341796875,-0.4118026793003082,-2.2816741466522217,-1.8411411046981812
1790030735775110000,5.71710986328125,-0.6224924325942993,-2.1547815799713135,-0.629675030708313
1790030735795129600,5.737129638671875,-0.26096799969673157,0.4429273009300232,-0.2849099934101105
1790030735815149000,5.757149169921875,-0.727837324142456,0.8164227604866028,0.9768342971801758
1790030735825128400,5.76712841796875,-0.8643068075180054,-0.10295066982507706,-0.9313444495201111
1790030735835168500,5.77716845703125,-1.0630255937576294,-0.47644615173339844,0.40222588181495667
1790030735845148000,5.78714794921875,-1.4867992401123047,-0.4213795065879822,0.9816226959228516
1790030735855157500,5.797157470703125,-1.6208745241165161,-1.2545616626739502,-1.1540051698684692
1790030735865167400,5.80716748046875,-1.5538369417190552,-1.1899182796478271,-2.0685901641845703
1790030735875207700,5.817207763671875,-1.256955862045288,-1.4077905416488647,-1.1348515748977661
1790030735905298000,5.8472978515625,0.43095630407333374,-0.6703764796257019,-0.608127236366272
1790030735945306600,5.887306640625,-0.6512228846549988,-0.4572925269603729,-0.933738648891449
1790030736015466500,5.957466552734375,0.16759411990642548,0.12449848651885986,-0.7565677165985107
1790030736035486000,5.97748583984375,-0.33518823981285095,-0.21308395266532898,-0.18914192914962769
1790030736045495800,5.987495849609375,-0.395043283700943,-0.19871874153614044,-0.8355764150619507
1790030736055566600,5.997566650390625,-0.3758896589279175,-0.545877993106842,-1.048660397529602
1790030736065576200,6.007576171875,-0.5291185975074768,-0.6607996821403503,-0.9959878921508789
1790030736075555600,6.0175556640625,-0.5171475410461426,-0.6703764796257019,-0.7661445140838623
1790030736085596000,6.027595947265625,-0.009576806798577309,-0.5889736413955688,-0.38546648621559143
1790030736105615400,6.047615478515625,0.3974374830722809,0.35673606395721436,0.790086567401886
1790030736125665500,6.06766552734375,-0.4596867263317108,0.6057330369949341,0.9169792532920837
1790030736135675100,6.077675048828125,-0.8092401623725891,0.5674257874488831,0.14604631066322327
1790030736145685000,6.08768505859375,-0.8810662031173706,0.38067805767059326,0.5315127968788147
1790030736155664100,6.0976640625,-1.036689281463623,0.1604115068912506,0.5099649429321289
1790030736165704400,6.107704345703125,-1.1204863786697388,-0.31124621629714966,0.17717093229293823
1790030736175714300,6.11771435546875,-1.0630255937576294,-0.19871874153614044,0.026336219161748886
1790030736185724000,6.127723876953125,-0.5363011956214905,0.028730420395731926,0.22505496442317963
1790030736195733800,6.137733642578125,-0.16998831927776337,0.4572925269603729,0.524330198764801
1790030736225793500,6.16779345703125,-0.35673606395721436,0.5291185975074768,-0.5722141861915588
1790030736235833900,6.177833740234375,-0.5506663918495178,0.16519992053508759,-0.5650315880775452
1790030736245843700,6.18784375,-0.569819986820221,-0.1604115068912506,-0.7469909191131592
1790030736255853300,6.197853271484375,-0.6536170840263367,-0.30885201692581177,-0.7469909191131592
1790030736265863200,6.20786328125,-0.19871874153614044,-0.5339069962501526,-0.7972691655158997
1790030736275842300,6.21784228515625,0.0454898327589035,-0.6799532771110535,-0.8068459630012512
1790030736345971700,6.2879716796875,0.3902548849582672,-2.343923568725586,-3.2752678394317627
1790030736355951000,6.297951171875,0.6703764796257019,-2.2649147510528564,-3.1268274784088135
1790030736365991400,6.307991455078125,0.9840168952941895,-2.3319525718688965,-2.9903578758239746
1790030736376001000,6.3180009765625,0.9313444495201111,-2.2026655673980713,-2.9951462745666504
1790030736386011000,6.328010986328125,0.42856210470199585,-2.473210334777832,-3.1962592601776123
1790030736396020700,6.338020751953125,0.3974374830722809,-2.7772738933563232,-2.9544448852539062
1790030736416040200,6.358040283203125,0.7661445140838623,-3.043030261993408,-2.6623523235321045
1790030736436059600,6.3780595703125,-0.10534487664699554,-2.169146776199341,-2.2673089504241943
1790030736446069500,6.388069580078125,0.1388636976480484,-2.4444799423217773,-3.066972494125366
1790030736456109800,6.39810986328125,0.11013327538967133,-1.8483237028121948,-2.0661959648132324
1790030736466119400,6.408119384765625,-0.43095630407333374,-2.0685901641845703,-1.2952631711959839
1790030736476129300,6.41812939453125,-1.1659762859344482,-1.7980455160140991,-2.1140801906585693
1790030736486139100,6.42813916015625,-1.623268723487854,-0.849941611289978,-1.6208745241165161
1790030736506158600,6.44815869140625,-1.9033904075622559,-1.6280571222305298,-2.2026655673980713
1790030736556207400,6.498207275390625,-0.2059013396501541,-0.9313444495201111,-1.50355863571167
1790030736566217200,6.50821728515625,-0.09816227108240128,-0.5099649429321289,-2.2816741466522217
1790030736576227000,6.51822705078125,-0.10055647045373917,-0.4812345504760742,-1.6950948238372803
1790030736586236700,6.528236572265625,0.014365210197865963,0.11971008777618408,-0.0694318488240242
1790030736666376000,6.6083759765625,0.2968810200691223,-0.28730419278144836,-0.4644751250743866
1790030736716424700,6.6584248046875,-2.3032219409942627,0.1604115068912506,1.5203180313110352
1790030736726434600,6.6684345703125,-1.6089035272598267,1.678335428237915,1.1899182796478271
1790030736736444200,6.678444091796875,-1.2090718746185303,0.1149216815829277,1.0845733880996704
1790030736746454000,6.6884541015625,-1.5634137392044067,2.2242133617401123,1.946485996246338
1790030736776513800,6.718513671875,-2.3535003662109375,-0.6631938815116882,-0.49799394607543945
1790030736786523600,6.728523681640625,-2.3774423599243164,-0.9528923034667969,-1.525106430053711
1790030736796533200,6.738533203125,-2.628833532333374,0.6560112833976746,-0.7589619159698486
1790030736806573600,6.748573486328125,-2.8562827110290527,0.9552865028381348,-0.2825157940387726
1790030736816583400,6.75858349609375,-2.185906171798706,0.9768342971801758,-0.22026655077934265
1790030736826593300,6.76859326171875,-1.2042834758758545,0.5051765441894531,0.08140286058187485
1790030736836603000,6.778602783203125,-0.3926490843296051,0.6727706789970398,0.3064578175544739
1790030736846612700,6.78861279296875,-0.26815059781074524,-0.2513911724090576,1.2114660739898682
1790030736856622300,6.798622314453125,-1.259350061416626,0.36152446269989014,1.3503297567367554
1790030736866601700,6.808601806640625,-1.2952631711959839,0.8259995579719543,-0.014365210197865963
1790030736896661500,6.83866162109375,-1.0271124839782715,1.4676456451416016,-0.14844051003456116
1790030736906641000,6.848640869140625,-1.0989385843276978,-0.5722141861915588,0.9193734526634216
1790030736916681000,6.858680908203125,-1.7956513166427612,0.8834604024887085,1.0893617868423462
1790030736926721300,6.86872119140625,-1.9129672050476074,1.1994950771331787,1.1492167711257935
1790030736936731100,6.878731201171875,-1.3670891523361206,0.6320692300796509,0.9648633003234863
1790030736946741000,6.888740966796875,-0.6488286852836609,1.2066776752471924,1.0223240852355957
1790030736956781000,6.898781005859375,-0.3998316824436188,0.811634361743927,1.3910311460494995
1790030736986841000,6.928841064453125,-2.293645143508911,2.140416383743286,1.8363527059555054
1790030736996850700,6.9388505859375,-1.8602946996688843,1.8052281141281128,2.205059766769409
1790030737006860500,6.948860595703125,-1.414973258972168,1.2880805730819702,2.7700912952423096
1790030737016900900,6.95890087890625,-1.5131354331970215,1.400607943534851,3.847482204437256
1790030737026910500,6.968910400390625,-1.8555063009262085,1.4676456451416016,4.010287761688232
1790030737056909300,6.998909423828125,-2.255337953567505,3.002328872680664,4.721365928649902
1790030737066949600,7.00894970703125,-1.9321208000183105,3.1675288677215576,4.474762916564941
1790030737076928800,7.0189287109375,-1.8962076902389526,2.499546527862549,4.563348293304443
1790030737086938600,7.028938720703125,-1.2880805730819702,1.4173674583435059,4.577713489532471
1790030737096948500,7.038948486328125,-0.9983820915222168,1.194706678390503,4.774038314819336
1790030737106958000,7.0489580078125,-1.4628572463989258,1.316810965538025,3.936067581176758
1790030737116998400,7.058998291015625,-1.7980455160140991,1.1061211824417114,1.9991583824157715
1790030737127008300,7.06900830078125,-2.0805611610412598,1.7597382068634033,1.2258312702178955
1790030737137017900,7.079017822265625,-2.274491548538208,2.456450939178467,0.8834604024887085
1790030737147027700,7.08902783203125,-2.252943754196167,1.9488801956176758,-0.035913024097681046
1790030737157007000,7.099007080078125,-1.7932571172714233,0.8667010068893433,-0.6991068720817566
1790030737177057000,7.11905712890625,-1.0007762908935547,-0.8259995579719543,0.5171475410461426
1790030737197076500,7.139076416015625,-0.6416460275650024,0.7398083209991455,0.5027823448181152
1790030737207086300,7.14908642578125,-1.0271124839782715,1.522712230682373,0.586579442024231
1790030737227136300,7.16913623046875,-1.6687586307525635,0.7972691655158997,-0.5482721924781799
1790030737237176600,7.179176513671875,-1.2306196689605713,-0.13168109953403473,-0.828393816947937
1790030737247217000,7.189216796875,-0.5291185975074768,-1.3503297567367554,-0.5746083855628967
1790030737257257200,7.19925732421875,-0.727837324142456,-1.8148049116134644,0.09816227108240128
1790030737267267000,7.20926708984375,-1.1468225717544556,-2.9688100814819336,-0.6416460275650024
1790030737277276700,7.219276611328125,-1.9536685943603516,-0.4405331015586853,-0.8212111592292786
1790030737287317000,7.22931689453125,-1.7262194156646729,0.7565677165985107,-1.2761094570159912
1790030737297296400,7.23929638671875,-1.3838485479354858,1.941697597503662,-1.7381904125213623
1790030737317346300,7.25934619140625,-0.14604631066322327,-0.7805097699165344,-1.6687586307525635
1790030737337396500,7.279396484375,0.181959331035614,-1.7262194156646729,0.5602431893348694
1790030737347436500,7.2894365234375,-0.608127236366272,-1.2617442607879639,0.4620809257030487
1790030737357446400,7.2994462890625,-1.8938134908676147,0.8188169598579407,0.12928688526153564
1790030737367425800,7.30942578125,-2.099714994430542,1.7884687185287476,-0.40222588181495667
1790030737437585700,7.379585693359375,-1.6663644313812256,0.13407529890537262,0.47884035110473633
1790030737447595300,7.38959521484375,-1.5155296325683594,0.4620809257030487,-0.05985504388809204
1790030737477624600,7.41962451171875,-1.3670891523361206,-1.0223240852355957,0.7230489253997803
1790030737497674800,7.4396748046875,-1.3192051649093628,-2.5091233253479004,-0.8355764150619507
1790030737507684400,7.449684326171875,-1.4628572463989258,-1.1683704853057861,-1.678335428237915
1790030737527704000,7.4697041015625,-1.3479355573654175,2.008735179901123,0.021547814831137657
1790030737537744400,7.479744384765625,-0.8619126081466675,1.2737152576446533,1.9153614044189453
1790030737587793200,7.529793212890625,-0.43095630407333374,1.1540051698684692,0.08379705995321274
1790030737627832000,7.56983203125,-0.5315127968788147,-1.1755530834197998,-0.9097966551780701
1790030737667932200,7.60993212890625,-0.811634361743927,0.3016694188117981,-0.7182605266571045
1790030737677911600,7.61991162109375,-0.17477671802043915,1.5514427423477173,0.1149216815829277
1790030737697961500,7.63996142578125,0.6200982332229614,-0.6871358752250671,0.35673606395721436
1790030737708001800,7.650001708984375,0.2801215946674347,-0.7422025203704834,0.19632454216480255
1790030737718011600,7.66001171875,-0.608127236366272,-1.139639973640442,0.2753331959247589
1790030737748071400,7.690071533203125,-1.5203180313110352,0.2298433631658554,-1.3096283674240112
1790030737758081300,7.700081298828125,-0.7541735172271729,0.9002198576927185,-0.14604631066322327
1790030737768091000,7.7100908203125,0.07900865375995636,0.3926490843296051,0.8403648138046265
1790030737778131200,7.720131103515625,0.31124621629714966,-0.002394201699644327,0.6200982332229614
1790030737798150700,7.740150634765625,-1.0845733880996704,0.8212111592292786,0.4620809257030487
1790030737808160500,7.750160400390625,-1.2401964664459229,0.4836287498474121,0.06703764945268631
1790030737848199700,7.79019970703125,-1.1444283723831177,-0.14844051003456116,0.6536170840263367
1790030737868249600,7.81024951171875,-1.1899182796478271,-1.4891934394836426,-1.2473790645599365
1790030737878259500,7.820259521484375,-1.1994950771331787,-0.828393816947937,-0.7924807667732239
1790030737888299800,7.8302998046875,-0.7948749661445618,0.14844051003456116,-0.4596867263317108
1790030737898279000,7.84027880859375,-0.14604631066322327,0.2513911724090576,-0.47644615173339844
1790030737908319200,7.8503193359375,-0.004788403399288654,-0.05027823522686958,-0.5841852426528931
1790030737918359600,7.860359619140625,-0.22026655077934265,-0.0454898327589035,-0.9002198576927185
1790030737948419300,7.89041943359375,-0.524330198764801,-0.2944868206977844,0.2082955539226532
1790030737958429200,7.90042919921875,-0.9600749015808105,-0.6775590777397156,-0.7158663272857666
1790030737968469500,7.910469482421875,-0.8619126081466675,-0.5722141861915588,-0.9097966551780701
1790030737978479000,7.92047900390625,-0.5363011956214905,-0.21787235140800476,-0.4668693244457245
1790030737988489000,7.930489013671875,-0.28969839215278625,-0.14365209639072418,-0.2082955539226532
1790030737998498600,7.94049853515625,-0.11252748221158981,0.36152446269989014,-0.11971008777618408
1790030738008508400,7.95050830078125,0.05267243832349777,0.0933738648891449,0.17238251864910126
1790030738018548700,7.960548828125,-0.19153612852096558,-0.20350714027881622,0.5746083855628967
1790030738058618400,8.000618408203126,-0.019153613597154617,-0.6512228846549988,-0.014365210197865963
1790030738088647700,8.030647705078126,-0.7709329724311829,0.24899697303771973,-0.5027823448181152
1790030738128656100,8.07065625,-1.5921441316604614,1.1228805780410767,0.8643068075180054
1790030738158716000,8.1007158203125,-0.12210428714752197,0.1867477297782898,-0.026336219161748886
1790030738168756200,8.110756103515625,0.11013327538967133,0.3280056416988373,0.5722141861915588
1790030738198785500,8.14078564453125,-0.6512228846549988,0.12449848651885986,0.181959331035614
1790030738208795400,8.15079541015625,-0.6536170840263367,-0.08379705995321274,-0.3423708379268646
1790030738218805000,8.160804931640625,-0.14365209639072418,-0.1388636976480484,-0.9864110946655273
1790030738228845300,8.17084521484375,0.3711012601852417,-0.3926490843296051,-0.8571242094039917
1790030738238855200,8.180855224609376,0.43095630407333374,-0.8786720037460327,-0.9002198576927185
1790030738248864800,8.19086474609375,0.2944868206977844,-1.5394717454910278,-1.3623007535934448
1790030738258844200,8.20084423828125,-0.05027823522686958,-1.7166426181793213,-1.436521053314209
1790030738268884500,8.210884521484376,-0.0071826050989329815,-1.9728221893310547,-1.45806884765625
1790030738278863600,8.220863525390625,-0.2561795711517334,-0.8307880163192749,-0.5841852426528931
1790030738288904000,8.230904052734376,-0.6631938815116882,-0.9002198576927185,-1.436521053314209
1790030738298913800,8.240913818359376,-1.0558429956436157,-1.3862427473068237,-2.5091233253479004
1790030738358972400,8.300972412109376,0.43095630407333374,-2.4588451385498047,-2.432508945465088
1790030738368982000,8.31098193359375,0.22266076505184174,-3.090914487838745,-3.069366693496704
1790030738378991900,8.320991943359376,0.07661445438861847,-2.231395959854126,-2.559401512145996
1790030738389032200,8.3310322265625,0.19393034279346466,-2.1595699787139893,-3.002328872680664
1790030738399041800,8.341041748046875,-0.1628057211637497,-2.4420857429504395,-3.4404678344726562
1790030738409051600,8.3510517578125,-0.043095629662275314,-2.762908697128296,-3.6391866207122803
1790030738429101800,8.371101806640626,0.5003881454467773,-1.2737152576446533,-1.434126853942871
1790030738469140700,8.411140625,-1.656787633895874,-0.1412578970193863,-1.1779472827911377
1790030738479150600,8.421150634765626,-1.6974890232086182,-0.8307880163192749,-2.0901381969451904
1790030738489129700,8.431129638671875,-1.5897499322891235,-0.8930372595787048,-2.0374655723571777
1790030738499170000,8.441170166015626,-1.742978811264038,-1.4221558570861816,-1.1228805780410767
1790030738509180000,8.451179931640626,-1.9369091987609863,-1.9632453918457031,-2.7078421115875244
1790030738519189500,8.461189453125,-1.7477672100067139,-0.4884171485900879,-1.8579005002975464
1790030738529199400,8.471199462890626,-1.094150185585022,0.2585737705230713,-0.5339069962501526
1790030738539209200,8.481209228515626,-0.8068459630012512,0.5027823448181152,0.5937620401382446
1790030738549188400,8.491188232421875,-1.556231141090393,-0.6416460275650024,-0.16759411990642548
1790030738559228700,8.501228759765626,-2.097320795059204,-1.3718775510787964,-1.8315643072128296
1790030738569238500,8.511238525390626,-1.9153614044189453,-1.3311761617660522,-1.4460978507995605
1790030738579248000,8.521248046875,-1.3048399686813354,-1.1061211824417114,-1.403002142906189
1790030738639368000,8.581367919921876,-1.359906554222107,-0.6727706789970398,-0.8882488012313843
1790030738719537400,8.661537353515625,-1.7693150043487549,0.7469909191131592,1.455674648284912
1790030738729516800,8.671516845703126,-2.3343467712402344,0.6488286852836609,1.889025092124939
1790030738739587600,8.681587646484376,-2.87064790725708,0.9768342971801758,0.828393816947937
1790030738749597400,8.691597412109376,-3.7421371936798096,-1.4748282432556152,0.8667010068893433
1790030738759637500,8.701637451171875,-4.4508209228515625,-1.5203180313110352,-1.0534487962722778
1790030738769617000,8.711616943359376,-4.376600742340088,-1.7501614093780518,-2.3535003662109375
1790030738779657200,8.7216572265625,-3.5936968326568604,-1.1300631761550903,-3.3207578659057617
1790030738789666800,8.731666748046875,-2.47560453414917,1.4053963422775269,-0.6105214357376099
1790030738809686500,8.7516865234375,-0.646434485912323,2.63362193107605,1.8411411046981812
1790030738819726600,8.7617265625,-0.38067805767059326,2.1140801906585693,1.6663644313812256
1790030738829736400,8.771736328125,0.009576806798577309,0.5386953949928284,-0.002394201699644327
1790030738849756000,8.791755859375,-2.2002713680267334,-0.13168109953403473,0.9074024558067322
1790030738859796200,8.801796142578125,-2.212242364883423,1.0534487962722778,-0.3232172429561615
1790030738869836500,8.81183642578125,-1.4987702369689941,0.4189853072166443,-0.4644751250743866
1790030738879846400,8.821846435546876,-0.9265560507774353,-0.18914192914962769,-1.3551181554794312
1790030738889825500,8.831825439453125,-1.2282254695892334,1.3335703611373901,-0.038307227194309235
1790030738899865900,8.841865966796876,-1.0199298858642578,1.3479355573654175,1.1228805780410767
1790030738909875700,8.851875732421876,-1.3718775510787964,1.2186486721038818,1.944091796875
1790030738939935500,8.881935546875,-1.1803414821624756,1.2425906658172607,2.387019157409668
1790030738949975800,8.891975830078126,-1.5538369417190552,2.3080103397369385,1.4532804489135742
1790030738970056200,8.91205615234375,-2.765302896499634,3.442862033843994,3.359065055847168
1790030738980066000,8.922066162109376,-2.7102363109588623,3.047818660736084,3.667917013168335
1790030738990076000,8.932075927734376,-2.3487119674682617,1.680729627609253,3.598485231399536
1790030739000085500,8.94208544921875,-1.8195933103561401,1.036689281463623,4.2329487800598145
1790030739020135700,8.9621357421875,-2.0470423698425293,1.2617442607879639,5.674258232116699
1790030739030145500,8.9721455078125,-2.38462495803833,1.9297266006469727,5.784391403198242
1790030739040185600,8.982185546875,-2.7533318996429443,2.293645143508911,5.293580055236816
1790030739050195500,8.992195556640626,-3.0190882682800293,2.8778305053710938,4.364629745483398
1790030739060174600,9.002174560546875,-2.738966703414917,2.3271639347076416,2.9041666984558105
1790030739070154000,9.012154052734376,-2.451662540435791,1.800439715385437,3.002328872680664
1790030739080194300,9.0221943359375,-2.3487119674682617,1.1420341730117798,3.1483752727508545
1790030739090204000,9.032203857421875,-2.2433669567108154,1.2521674633026123,2.1140801906585693
1790030739140283400,9.082283447265626,-0.9385270476341248,-0.17956513166427612,0.26096799969673157
1790030739150323700,9.09232373046875,-0.8619126081466675,-1.1994950771331787,1.170764684677124
1790030739160333300,9.102333251953125,-1.1540051698684692,-1.6639702320098877,0.6847416758537292
1790030739170343200,9.11234326171875,-1.5873557329177856,-0.5099649429321289,-0.1173158809542656
1790030739180353000,9.12235302734375,-1.8148049116134644,0.7134721279144287,-0.4884171485900879
1790030739260553200,9.20255322265625,-2.3127987384796143,1.0869675874710083,-2.011129379272461
1790030739270562800,9.212562744140625,-1.9393033981323242,2.0231003761291504,-0.730231523513794
1790030739280572700,9.22257275390625,-0.9744400978088379,-2.7533318996429443,-0.5722141861915588
1790030739290613000,9.232613037109376,-1.039083480834961,-1.4676456451416016,-0.9481038451194763
1790030739360772900,9.30277294921875,-1.0127472877502441,-0.689530074596405,0.38307225704193115
1790030739370813200,9.312813232421876,-1.9800047874450684,-2.1787235736846924,0.7445967197418213
1790030739380822800,9.32282275390625,-2.8155810832977295,-0.8619126081466675,-0.06703764945268631
1790030739390863000,9.332863037109375,-3.1890766620635986,0.17477671802043915,-0.08619125932455063
1790030739400873000,9.342873046875,-2.516305923461914,-1.2689268589019775,-1.192312479019165
1790030739410913300,9.352913330078126,-2.051830768585205,-0.3758896589279175,-0.8212111592292786
1790030739420953600,9.36295361328125,-1.5418659448623657,-1.290474772453308,0.33518823981285095
1790030739430963200,9.372963134765625,-1.2306196689605713,-1.4700398445129395,-1.436521053314209
1790030739440973000,9.38297314453125,-0.9217676520347595,-0.9074024558067322,-2.557007312774658
1790030739491021800,9.433021728515625,-1.5538369417190552,0.22505496442317963,-3.706224203109741
1790030739501062100,9.443062255859376,-0.6368576288223267,-0.043095629662275314,-2.2409727573394775
1790030739511102500,9.4531025390625,0.2753331959247589,-0.8834604024887085,0.09816227108240128
1790030739521142800,9.463142822265626,0.6967126727104187,-1.482010841369629,0.272938996553421
1790030739531152400,9.47315234375,0.33279404044151306,-1.1563993692398071,-0.6919242739677429
1790030739601373400,9.54337353515625,-1.5634137392044067,-0.49799394607543945,-1.4891934394836426
1790030739631463700,9.573463623046875,-1.2401964664459229,2.03507137298584,0.49320554733276367
1790030739641504000,9.58350390625,-1.192312479019165,0.4165911078453064,0.5985504388809204
1790030739671563800,9.613563720703125,-1.6041151285171509,-1.5322890281677246,-1.1348515748977661
1790030739681573600,9.62357373046875,-1.9081788063049316,-0.4812345504760742,-1.091755986213684
1790030739691614000,9.633614013671876,-1.8770540952682495,0.3902548849582672,-0.7805097699165344
1790030739701623800,9.643623779296876,-1.280897855758667,1.3024457693099976,0.0694318488240242
1790030739711633400,9.65363330078125,-0.43335050344467163,-0.026336219161748886,0.8212111592292786
1790030739721673700,9.663673828125,-0.7924807667732239,-1.113303780555725,-0.5650315880775452
1790030739731714000,9.673714111328126,-1.2737152576446533,-1.3623007535934448,-1.8818424940109253
1790030739741784800,9.683784912109376,-0.6871358752250671,-1.2641384601593018,-1.6950948238372803
1790030739761834800,9.703834716796875,0.26336219906806946,0.7038952708244324,-0.2082955539226532
1790030739771844600,9.7138447265625,0.004788403399288654,0.14844051003456116,-0.5985504388809204
1790030739791864000,9.733864013671875,-0.35913026332855225,0.22266076505184174,0.28969839215278625
1790030739811914200,9.753914306640626,-0.4357447028160095,0,0.22266076505184174
1790030739821924000,9.763924072265626,-0.727837324142456,-0.6847416758537292,-0.040701430290937424
1790030739831933700,9.77393359375,-1.1875240802764893,-0.15801730751991272,-0.6727706789970398
1790030739841943600,9.783943603515626,-0.9576807022094727,0.19153612852096558,-0.5913678407669067
1790030739922235100,9.864235107421875,-1.3024457693099976,-0.3519476354122162,-0.026336219161748886
1790030739932245000,9.874244873046875,-1.2521674633026123,0.1843535304069519,0.05985504388809204
1790030739942224400,9.884224365234376,-1.1324573755264282,0.035913024097681046,-0.3663128614425659
1790030739972345000,9.914344970703125,-0.15801730751991272,-0.3495534360408783,-0.5817909836769104
1790030739992425700,9.93442578125,-0.10295066982507706,-0.2298433631658554,-0.23942017555236816
1790030740002435300,9.944435302734375,-0.1412578970193863,-0.019153613597154617,-0.1149216815829277
1790030740012445200,9.954445068359375,-0.35913026332855225,0.06224924325942993,-0.7374141216278076
1790030740032464600,9.974464599609375,-0.4620809257030487,0.10773907601833344,-0.15801730751991272
1790030740042474500,9.984474609375,0.1412578970193863,-0.6320692300796509,-0.3878606855869293
1790030740052454000,9.994453857421876,-0.0454898327589035,-0.5267243981361389,-0.16998831927776337
1790030740072503800,10.01450390625,-0.7996633648872375,0.16998831927776337,0.1388636976480484
1790030740082544000,10.024544189453126,-0.6200982332229614,-0.20350714027881622,0.4836287498474121
1790030740092584400,10.03458447265625,-0.7733271718025208,-0.1867477297782898,0.22505496442317963
1790030740102594000,10.044593994140625,-0.912190854549408,-0.6871358752250671,-0.5123591423034668
1790030740112573400,10.054573486328126,-1.0989385843276978,-0.5410895943641663,-0.569819986820221
1790030740122644200,10.064644287109376,-1.137245774269104,-0.49559974670410156,-0.3878606855869293
1790030740132684500,10.0746845703125,-0.7876923680305481,-0.9911994934082031,-1.1348515748977661
1790030740142724900,10.084724853515626,-0.5051765441894531,-1.036689281463623,-1.3718775510787964
1790030740152734500,10.094734375,-0.47405192255973816,-1.278503656387329,-1.1994950771331787
1790030740162774800,10.10477490234375,-0.6248866319656372,-1.8938134908676147,-2.1523873805999756
1790030740172784600,10.11478466796875,-0.689530074596405,-2.3918075561523438,-2.518700122833252
1790030740182794200,10.124794189453125,-0.2322375625371933,-2.33913516998291,-2.580949544906616
1790030740192834600,10.13483447265625,-0.10295066982507706,-1.965639591217041,-2.8227639198303223
1790030740212854300,10.154854248046876,-0.2801215946674347,-5.063736438751221,-4.711789131164551
1790030740222894300,10.164894287109375,-0.8858546018600464,-5.386953830718994,-5.2911858558654785
1790030740242914000,10.1849140625,0.20111294090747833,-3.5865142345428467,-4.644751071929932
1790030740252923600,10.194923583984375,0.5027823448181152,-2.5665841102600098,-3.847482204437256
1790030740262933500,10.20493359375,0.3471592366695404,-2.449268341064453,-3.4141316413879395
1790030740272943400,10.214943359375,0.0071826050989329815,-2.1140801906585693,-3.995922565460205
1790030740313012700,10.2550126953125,-0.5841852426528931,0.16759411990642548,-0.14604631066322327
1790030740333032400,10.275032470703126,-1.290474772453308,0.0454898327589035,-0.14844051003456116
1790030740343103200,10.285103271484376,-1.656787633895874,0.038307227194309235,-0.2298433631658554
1790030740363122700,10.305122802734376,-2.0590133666992188,-0.15322890877723694,-0.0694318488240242
1790030740373132500,10.315132568359376,-2.229001760482788,0.1364694982767105,-0.40462008118629456
1790030740393182500,10.335182373046875,-1.886630892753601,-0.05267243832349777,-0.14844051003456116
1790030740403192300,10.3451923828125,-2.2601263523101807,-0.043095629662275314,0.6991068720817566
1790030740413202200,10.3552021484375,-3.224989652633667,-2.006340980529785,-2.2170307636260986
1790030740433221600,10.3752216796875,-3.2106244564056396,-0.8547300100326538,-1.7477672100067139
1790030740443200800,10.38520068359375,-1.235408067703247,-0.6200982332229614,-1.9345149993896484
1790030740463251000,10.4052509765625,0.05267243832349777,-1.137245774269104,-1.845929503440857
1790030740473260500,10.415260498046875,-0.3471592366695404,-1.1324573755264282,-2.1164743900299072
1790030740543390000,10.485389892578125,-0.9097966551780701,0.19393034279346466,0.7924807667732239
1790030740623559700,10.5655595703125,-3.2393548488616943,-0.23702596127986908,-0.9959878921508789
1790030740643548700,10.585548583984375,-2.892195701599121,0.3064578175544739,1.094150185585022
1790030740653589000,10.595589111328126,-2.1954829692840576,0.1412578970193863,0.05506663769483566
1790030740693628200,10.635628173828126,-2.717418909072876,-0.004788403399288654,1.0965443849563599
1790030740703637800,10.6456376953125,-2.123656988143921,0.2968810200691223,-0.19153612852096558
1790030740713647600,10.655647705078126,-1.8148049116134644,0.7948749661445618,-0.7948749661445618
1790030740723657500,10.665657470703126,-1.0007762908935547,0.5267243981361389,-1.0342950820922852
1790030740733697500,10.675697509765625,-1.5394717454910278,1.0749965906143188,1.0007762908935547
1790030740743737900,10.68573779296875,-2.0901381969451904,0.6392518281936646,2.2673089504241943
1790030740753747700,10.695747802734376,-2.4684219360351562,-0.37828385829925537,1.9057846069335938
1790030740793817300,10.7358173828125,-1.455674648284912,0.5961562395095825,1.922544002532959
1790030740823907600,10.765907470703125,-3.404554843902588,1.4891934394836426,3.3734302520751953
1790030740843896600,10.785896484375,-3.8163576126098633,2.691082715988159,2.6575639247894287
1790030740863946800,10.80594677734375,-2.964021682739258,3.4572272300720215,4.120420932769775
1790030740883935700,10.825935791015626,-2.145204782485962,2.849100112915039,5.863399982452393
1790030740903955200,10.845955078125,-1.039083480834961,1.920149803161621,5.116408824920654
1790030740913965000,10.855965087890626,-0.9217676520347595,2.0398597717285156,3.6511576175689697
1790030740943994400,10.885994384765626,-1.3407529592514038,1.6136919260025024,1.237802267074585
1790030740984125000,10.926125,-0.6320692300796509,0.038307227194309235,-0.8020575642585754
1790030740994165200,10.936165283203126,0.08140286058187485,-0.7733271718025208,-0.4405331015586853
1790030741004205600,10.94620556640625,0.27054479718208313,-0.6631938815116882,-0.06224924325942993
1790030741014245600,10.95624560546875,0.20350714027881622,-0.08379705995321274,0.5386953949928284
1790030741024286000,10.966285888671875,-0.646434485912323,0.2753331959247589,0.9265560507774353
1790030741034295800,10.9762958984375,-1.381454348564148,1.8914192914962769,0.9983820915222168
1790030741044336000,10.986336181640626,-1.2856862545013428,1.400607943534851,0.33518823981285095
1790030741084375000,11.026375,-1.8579005002975464,-1.2641384601593018,1.094150185585022
1790030741094385000,11.036385009765626,-2.5282769203186035,-0.545877993106842,0.5291185975074768
1790030741124444700,11.066444580078125,-1.434126853942871,0.6033388376235962,-0.043095629662275314
1790030741134454500,11.07645458984375,-1.0462661981582642,-1.7286136150360107,-2.008735179901123
1790030741154474000,11.096473876953125,-1.9105730056762695,-0.8978256583213806,-0.05746084079146385
1790030741214593500,11.156593505859375,-1.8267759084701538,-1.1803414821624756,-1.5203180313110352
1790030741274713300,11.21671337890625,0.23942017555236816,1.534683346748352,1.5083470344543457
1790030741304773000,11.246773193359376,-1.3407529592514038,-1.699883222579956,-1.4748282432556152
1790030741314783000,11.256782958984376,-1.3766659498214722,-1.5131354331970215,-0.768538773059845
1790030741324823000,11.266822998046875,-1.2641384601593018,-1.1540051698684692,-1.0989385843276978
1790030741334833000,11.2768330078125,-0.586579442024231,0.6607996821403503,-0.24660277366638184
1790030741354822000,11.29682177734375,0.7374141216278076,-0.4141969084739685,0.26575639843940735
1790030741414972200,11.35697216796875,0.11252748221158981,-0.5889736413955688,-0.24420857429504395
1790030741495080700,11.437080810546876,-0.4141969084739685,-1.4891934394836426,-1.6543933153152466
1790030741555169800,11.497169677734375,-0.9840168952941895,-0.043095629662275314,-0.3208230137825012
1790030741565179600,11.5071796875,-1.821987509727478,-0.31364041566848755,-0.22744916379451752
1790030741575250400,11.51725048828125,-2.051830768585205,-0.36152446269989014,-0.36152446269989014
1790030741585290800,11.527290771484376,-1.3646949529647827,-1.0821791887283325,-1.0462661981582642
1790030741615350500,11.5573505859375,-0.10773907601833344,0.3902548849582672,0.6967126727104187
1790030741645440800,11.587440673828125,-0.6991068720817566,0.4692635238170624,1.3239935636520386
1790030741655450600,11.59745068359375,-1.4197616577148438,0.10773907601833344,0.33758243918418884
1790030741665460200,11.607460205078125,-1.4939818382263184,-0.5530605912208557,-0.9409212470054626
1790030741685480000,11.62747998046875,-1.6376339197158813,0.6631938815116882,0.6607996821403503
1790030741765680000,11.70768017578125,-1.4317326545715332,-0.5123591423034668,-0.828393816947937
1790030741825799700,11.767799560546875,-0.20111294090747833,-0.4165911078453064,-1.4652514457702637
1790030741855859500,11.797859375,0.3495534360408783,-0.10534487664699554,-0.40462008118629456
1790030741895990000,11.837989990234375,-0.5841852426528931,-0.38546648621559143,-1.2952631711959839
1790030741906000000,11.847999755859375,-0.5554547905921936,-0.7374141216278076,-0.933738648891449
1790030741916009700,11.858009765625,-0.2753331959247589,-1.2713210582733154,-1.4628572463989258
1790030741926050000,11.868050048828126,-0.6584054827690125,-0.9744400978088379,-1.8076223134994507
1790030741946069500,11.888069580078126,-0.026336219161748886,-1.1851298809051514,-0.6560112833976746
1790030741976190200,11.918190185546875,0.43335050344467163,1.8842366933822632,2.363077163696289
1790030742006219500,11.948219482421875,-1.5634137392044067,-1.5682021379470825,-1.1659762859344482
1790030742016229400,11.9582294921875,-1.968033790588379,-1.2090718746185303,-0.6871358752250671
1790030742026269700,11.968269775390626,-1.314416766166687,-0.4213795065879822,-0.26096799969673157
1790030742036279600,11.978279541015626,-0.44771572947502136,0.304063618183136,-0.7398083209991455
1790030742046289200,11.9882890625,-0.11971008777618408,-0.42377370595932007,-1.702277421951294
1790030742086389200,12.02838916015625,0.35673606395721436,-2.75812029838562,-2.7724854946136475
1790030742096399000,12.038399169921876,0.7086837291717529,-2.3247697353363037,-2.8778305053710938
1790030742106409000,12.048408935546876,1.048660397529602,-3.2632968425750732,-3.737348794937134
1790030742116418600,12.05841845703125,0.8930372595787048,-4.280832767486572,-5.305551052093506
1790030742126428400,12.068428466796876,0.6560112833976746,-3.823540210723877,-5.758055210113525
1790030742136438000,12.07843798828125,0.7613561153411865,-3.8498764038085938,-5.846640586853027
1790030742146448000,12.08844775390625,0.7996633648872375,-3.7469255924224854,-5.183446884155273
1790030742156488200,12.09848828125,1.170764684677124,-3.1747114658355713,-4.292803764343262
1790030742166498000,12.108498046875,1.0127472877502441,-2.6024973392486572,-4.177882194519043
1790030742186548000,12.1285478515625,0.15801730751991272,-1.8770540952682495,-4.563348293304443
1790030742196557800,12.138557861328126,-0.17717093229293823,-1.53707754611969,-3.56017804145813
1790030742216607700,12.158607666015625,-0.44771572947502136,-1.9608511924743652,-2.2864625453948975
1790030742226587100,12.168587158203126,-1.0319008827209473,-1.5705963373184204,-1.5538369417190552
1790030742236627500,12.17862744140625,-2.1499931812286377,-0.9193734526634216,-1.0773907899856567
1790030742246637000,12.188636962890625,-2.1930887699127197,-0.8547300100326538,-0.9289502501487732
1790030742256647000,12.19864697265625,-1.8794482946395874,-0.811634361743927,-0.6847416758537292
1790030742266656800,12.20865673828125,-1.8555063009262085,-1.1803414821624756,-1.1492167711257935
1790030742276696800,12.21869677734375,-1.3838485479354858,-1.2042834758758545,-1.4676456451416016
1790030742286737200,12.228737060546875,-0.9097966551780701,-1.2665326595306396,-0.5913678407669067
1790030742296747000,12.2387470703125,-0.667982280254364,-0.7086837291717529,0.13168109953403473
1790030742326837200,12.268837158203125,-1.1899182796478271,0.3232172429561615,0.5506663918495178
1790030742416986000,12.358986083984375,0.07182604819536209,-0.730231523513794,-1.0845733880996704
1790030742436975400,12.378975341796876,-1.2617442607879639,-0.44532153010368347,-0.016759412363171577
1790030742447015400,12.389015380859375,-0.9600749015808105,1.0079588890075684,-0.23702596127986908
1790030742497125400,12.43912548828125,-2.229001760482788,1.534683346748352,2.296039342880249
1790030742507135200,12.44913525390625,-2.0614075660705566,0.5722141861915588,2.4660277366638184
1790030742517144800,12.459144775390625,-1.7477672100067139,0.37828385829925537,1.316810965538025
1790030742527185200,12.46918505859375,-1.7621324062347412,0.18914192914962769,0.507570743560791
1790030742537195000,12.479195068359376,-1.0223240852355957,-0.026336219161748886,-0.09816227108240128
1790030742547204600,12.48920458984375,-2.4468741416931152,1.5753847360610962,1.3215993642807007
1790030742557214500,12.49921435546875,-2.2385785579681396,0.038307227194309235,0.6248866319656372
1790030742567224300,12.509224365234376,-1.867477297782898,0.8667010068893433,0.24660277366638184
1790030742667321900,12.60932177734375,-1.9033904075622559,4.24970817565918,3.201047658920288
1790030742707391500,12.6493916015625,-1.2832920551300049,1.766920804977417,2.6001031398773193
1790030742717401300,12.6594013671875,-2.7317841053009033,2.298433542251587,3.514688014984131
1790030742727411000,12.669410888671875,-2.82515811920166,2.2816741466522217,3.157952070236206
1790030742737420800,12.6794208984375,-2.7676970958709717,1.434126853942871,2.7916390895843506
1790030742747491600,12.68949169921875,-2.0829553604125977,2.1164743900299072,2.492363929748535
1790030742757471000,12.699470947265626,-2.389413356781006,3.5482068061828613,3.7828385829925537
1790030742767511000,12.709510986328125,-2.4157495498657227,2.1547815799713135,2.604891538619995
1790030742787530800,12.72953076171875,-1.745373010635376,1.6112977266311646,2.9735984802246094
1790030742797510000,12.739510009765626,-1.6759412288665771,0.9816226959228516,3.3877954483032227
1790030742807580700,12.74958056640625,-1.824381709098816,1.1683704853057861,3.28963303565979
1790030742817590500,12.759590576171876,-2.118868589401245,1.721431016921997,4.132391929626465
1790030742827600100,12.76960009765625,-1.9129672050476074,1.9800047874450684,4.326322555541992
1790030742837610000,12.77960986328125,-1.1324573755264282,1.7357962131500244,3.5697548389434814
1790030742847650300,12.789650390625,-0.5650315880775452,1.2090718746185303,2.9664158821105957
1790030742867669800,12.809669677734375,-0.45250412821769714,1.436521053314209,1.9393033981323242
1790030742917718500,12.859718505859375,-0.3064578175544739,0.7182605266571045,0.181959331035614
1790030742947747800,12.889747802734375,0.21787235140800476,0.11252748221158981,0.26096799969673157
1790030742957757700,12.8997578125,0.21308395266532898,0.3687070608139038,0.5051765441894531
1790030742967798000,12.909798095703126,0.49559974670410156,1.259350061416626,0.9026140570640564
1790030742977808000,12.919807861328126,0.4429273009300232,1.0845733880996704,1.2880805730819702
1790030742987817500,12.9298173828125,0.6943184733390808,-0.48602294921875,0.689530074596405
1790030742997796900,12.939796875,0.26815059781074524,-0.33758243918418884,0.8667010068893433
1790030743007867600,12.94986767578125,-0.5267243981361389,-0.11013327538967133,1.259350061416626
1790030743017908000,12.959907958984376,-0.7637503147125244,0.33279404044151306,0.6129156351089478
1790030743027948000,12.969947998046875,-0.4429273009300232,0.07661445438861847,-0.13407529890537262
1790030743067987200,13.0099873046875,-1.0247182846069336,0.9409212470054626,0.6344634294509888
1790030743077997000,13.0199970703125,-1.0654197931289673,0.4884171485900879,0.6775590777397156
1790030743088067800,13.03006787109375,-0.871489405632019,0.040701430290937424,0.1412578970193863
1790030743098108200,13.040108154296876,-1.3503297567367554,0.3208230137825012,0.35673606395721436
1790030743108148200,13.050148193359375,-1.7693150043487549,-1.2425906658172607,-0.689530074596405
1790030743118127600,13.060127685546876,-1.8411411046981812,-0.7350199222564697,-2.126051187515259
1790030743128168000,13.07016796875,-1.8986018896102905,0.10773907601833344,-2.279279947280884
1790030743148187400,13.0901875,-1.9584569931030273,0.31842881441116333,-0.3423708379268646
1790030743218316800,13.16031689453125,-1.7070658206939697,5.935225963592529,3.6942532062530518
1790030743298456000,13.2404560546875,0.7422025203704834,3.0597896575927734,4.7189717292785645
1790030743318506000,13.260506103515626,0.09816227108240128,-0.22505496442317963,-0.4141969084739685
1790030743328515800,13.270515869140626,0.20350714027881622,-1.625662922859192,-1.1755530834197998
1790030743338556200,13.28055615234375,0.5291185975074768,-2.3032219409942627,-2.049436569213867
1790030743348565800,13.290565673828125,-0.5363011956214905,-0.6440402865409851,-1.070208191871643
1790030743358575600,13.30057568359375,-0.5985504388809204,0.14604631066322327,-0.7158663272857666
1790030743368585500,13.31058544921875,-0.5195417404174805,2.4660277366638184,1.403002142906189
1790030743378595000,13.320594970703125,-0.7924807667732239,2.760514497756958,3.028665065765381
1790030743388635400,13.330635498046876,-0.5602431893348694,0.47165772318840027,-0.5650315880775452
1790030743418664700,13.360664794921876,-1.1827356815338135,-1.1779472827911377,-1.7908629179000854
1790030743428705000,13.370705078125,-1.0558429956436157,-0.6440402865409851,-2.248155355453491
1790030743438745300,13.380745361328126,-1.139639973640442,-0.5386953949928284,-0.8140285611152649
1790030743448785700,13.39078564453125,-0.9696516990661621,-1.2401964664459229,-0.18914192914962769
1790030743458795300,13.400795166015625,-0.507570743560791,-0.2825157940387726,0.05027823522686958
1790030743468774700,13.410774658203126,-0.4620809257030487,0.08379705995321274,-0.08619125932455063
1790030743478814700,13.420814697265625,-0.5339069962501526,0.4572925269603729,-0.28730419278144836
1790030743488824600,13.430824462890625,-0.20111294090747833,-1.070208191871643,-1.01753568649292
1790030743498834400,13.44083447265625,0.023942016065120697,-2.985569477081299,-1.647210717201233
1790030743518854000,13.46085400390625,-1.479616641998291,0.05985504388809204,-0.2537853717803955
1790030743528863700,13.47086376953125,-0.7996633648872375,0.8259995579719543,0.2585737705230713
1790030743538873300,13.480873291015625,-0.2968810200691223,1.9991583824157715,1.5155296325683594
1790030743548913700,13.49091357421875,0.05027823522686958,2.7509377002716064,2.051830768585205
1790030743558923500,13.500923583984376,0.023942016065120697,2.1571757793426514,1.4915876388549805
1790030743568902700,13.510902587890625,-0.21787235140800476,0.35673606395721436,-0.2106897532939911
1790030743588983300,13.5309833984375,-1.3958195447921753,-1.4867992401123047,-1.1013327836990356
1790030743639062500,13.5810625,0.05267243832349777,0.6200982332229614,1.3239935636520386
1790030743689172500,13.63117236328125,-0.586579442024231,0.8092401623725891,0.2106897532939911
1790030743699182300,13.641182373046876,-0.33518823981285095,0.8092401623725891,-0.24660277366638184
1790030743709192000,13.65119189453125,-0.2082955539226532,-0.19393034279346466,-0.44771572947502136
1790030743729242000,13.6712421875,-1.2689268589019775,-0.6416460275650024,-1.0869675874710083
1790030743739252000,13.681251953125,-0.7422025203704834,-1.3192051649093628,-1.8076223134994507
1790030743749261600,13.691261474609375,-0.5770025849342346,-0.3423708379268646,-1.3670891523361206
1790030743789270300,13.731270263671876,0.8355764150619507,-0.4381389021873474,0.9026140570640564
1790030743799310300,13.741310302734375,0.004788403399288654,-0.0694318488240242,0.5410895943641663
1790030743829370400,13.771370361328126,-1.3048399686813354,-0.05027823522686958,-1.1971008777618408
1790030743839380000,13.7813798828125,-0.8738836050033569,-0.038307227194309235,-0.9552865028381348
1790030743849420300,13.791420166015625,-0.48602294921875,0.2825157940387726,0.1149216815829277
1790030743859460600,13.801460693359376,-0.38546648621559143,0.4620809257030487,0.42616790533065796
1790030743869470500,13.811470458984376,-0.8978256583213806,-0.040701430290937424,-0.2825157940387726
1790030743879480000,13.82147998046875,-1.091755986213684,-0.07422025501728058,-0.5099649429321289
1790030743889490000,13.831489990234376,-0.6009446382522583,0.047884032130241394,-0.2825157940387726
1790030743919519200,13.861519287109376,-0.9648633003234863,0.17477671802043915,-0.12928688526153564
1790030743949548500,13.891548583984376,-0.7565677165985107,0.2801215946674347,-0.10295066982507706
1790030743979638800,13.921638671875,-0.37828385829925537,0.5410895943641663,-0.646434485912323
1790030743999689000,13.94168896484375,-0.4165911078453064,-2.190694570541382,-2.497152328491211
1790030744029779200,13.971779296875,-0.019153613597154617,-2.164358377456665,-0.19632454216480255
1790030744069848800,14.011848876953126,0.6009446382522583,-3.464409828186035,-2.736572504043579
1790030744089898800,14.031898681640625,1.3742717504501343,-3.2106244564056396,-4.206612586975098
1790030744120019700,14.062019775390626,0.8092401623725891,-3.5218706130981445,-3.687070608139038
1790030744130090500,14.072090576171876,0.11252748221158981,-2.873042106628418,-2.9089550971984863
1790030744150110000,14.09210986328125,0.031124621629714966,-2.2170307636260986,-3.0190882682800293
1790030744180169700,14.122169677734375,0.10055647045373917,-1.647210717201233,-1.7717092037200928
1790030744190179600,14.1321796875,-0.1628057211637497,-1.889025092124939,-1.522712230682373
1790030744200250400,14.14225048828125,-1.5322890281677246,-2.070984363555908,-2.607285737991333
1790030744220300500,14.162300537109376,-1.723825216293335,-1.8531121015548706,-1.8986018896102905
1790030744250329900,14.192329833984376,-0.9696516990661621,-0.950498104095459,-0.3495534360408783
1790030744260339500,14.20233935546875,-0.5961562395095825,-1.6615760326385498,-1.2258312702178955
1790030744290368800,14.23236865234375,-1.1204863786697388,1.4700398445129395,1.8507179021835327
1790030744320428500,14.262428466796875,-1.479616641998291,-1.0749965906143188,-0.8068459630012512
1790030744330499300,14.272499267578125,-0.7326257228851318,-0.8403648138046265,-1.139639973640442
1790030744350519000,14.29251904296875,-0.5650315880775452,0.26815059781074524,-0.6991068720817566
1790030744370538500,14.31253857421875,0.5147533416748047,0.15801730751991272,-0.8978256583213806
1790030744390649600,14.332649658203126,0.3998316824436188,-1.292868971824646,-2.3942017555236816
1790030744410699500,14.352699462890625,-0.33039984107017517,-0.24899697303771973,-1.8602946996688843
1790030744420709400,14.36270947265625,-0.33997663855552673,1.036689281463623,-0.22505496442317963
1790030744440759300,14.38275927734375,-0.646434485912323,0.002394201699644327,-0.9385270476341248
1790030744460809500,14.4028095703125,-1.5275006294250488,0.9457096457481384,0.608127236366272
1790030744480829000,14.422828857421875,-0.6440402865409851,0.0454898327589035,0.608127236366272
1790030744490838800,14.4328388671875,-1.0582371950149536,0.4118026793003082,0.7948749661445618
1790030744500848600,14.4428486328125,-2.2002713680267334,0.2968810200691223,0.7613561153411865
1790030744560968200,14.50296826171875,-1.98958158493042,-0.8690952062606812,-0.37828385829925537
1790030744611047400,14.55304736328125,-0.8140285611152649,0.40940847992897034,-0.05746084079146385
1790030744631067100,14.573067138671876,0.014365210197865963,-0.689530074596405,0.9002198576927185
1790030744641107200,14.583107177734375,-0.8738836050033569,-0.4141969084739685,1.7741034030914307
1790030744661157400,14.603157470703126,-2.5043349266052246,1.0103530883789062,1.479616641998291
1790030744671197700,14.61319775390625,-2.075772762298584,1.50355863571167,0.7398083209991455
1790030744691217200,14.633217041015625,-1.216254472732544,2.0159177780151367,1.6065093278884888
1790030744701227000,14.64322705078125,-1.6543933153152466,2.8107926845550537,3.337517261505127
1790030744731286800,14.673286865234376,-2.8179752826690674,-0.14844051003456116,1.5107412338256836
1790030744751275800,14.69327587890625,-2.0039467811584473,0.7374141216278076,2.6815059185028076
1790030744801355000,14.74335498046875,-1.678335428237915,3.203441858291626,5.262455463409424
1790030744821374700,14.763374755859376,-0.9050082564353943,1.8100165128707886,3.912125587463379
1790030744851465000,14.79346484375,-1.0007762908935547,3.00711727142334,2.935291290283203
1790030744861444400,14.8034443359375,-0.7086837291717529,2.1715409755706787,2.47560453414917
1790030744871484400,14.813484375,-0.6775590777397156,0.48602294921875,2.1164743900299072
1790030744881494300,14.823494384765626,-0.4189853072166443,0.3878606855869293,1.4700398445129395
1790030744891504000,14.833504150390626,-0.4189853072166443,0.7110779285430908,1.316810965538025
1790030744901513700,14.843513671875,-0.33518823981285095,0.6177040338516235,0.7637503147125244
1790030744911523600,14.853523681640626,-0.43095630407333374,1.1252747774124146,-0.1364694982767105
1790030744951593200,14.89359326171875,-0.5650315880775452,-1.2114660739898682,0.9241618514060974
1790030744991632100,14.933632080078125,-0.44532153010368347,1.0606313943862915,0.38546648621559143
1790030745001642000,14.94364208984375,-0.8667010068893433,0.7876923680305481,0.646434485912323
1790030745011621000,14.95362109375,-1.039083480834961,-0.16998831927776337,0.48602294921875
1790030745021661400,14.963661376953125,-0.8834604024887085,-0.8044517636299133,-0.009576806798577309
1790030745091821300,15.0338212890625,-1.2330138683319092,-0.9576807022094727,-0.7637503147125244
1790030745131921400,15.07392138671875,-1.280897855758667,0.43335050344467163,-0.6847416758537292
1790030745212091100,15.154091064453125,-0.8834604024887085,1.6615760326385498,0.3878606855869293
1790030745222131500,15.16413134765625,-0.6177040338516235,1.2425906658172607,1.845929503440857
1790030745232141300,15.174141357421876,-0.9313444495201111,0.009576806798577309,1.1444283723831177
1790030745242212000,15.184212158203126,-1.4053963422775269,-1.2186486721038818,-0.828393816947937
1790030745262231600,15.2042314453125,-2.427720546722412,-1.702277421951294,-1.987187385559082
1790030745282220500,15.224220458984375,-1.1899182796478271,1.01753568649292,-0.09816227108240128
1790030745292230400,15.23423046875,-0.12928688526153564,0.8140285611152649,1.6065093278884888
1790030745332300000,15.274300048828126,0.12449848651885986,-1.5155296325683594,0.023942016065120697
1790030745342309600,15.2843095703125,-0.42377370595932007,-1.2234370708465576,-1.778891921043396
1790030745362329300,15.304329345703126,-1.7932571172714233,1.2641384601593018,0.5889736413955688
1790030745372339000,15.3143388671875,-1.5298948287963867,1.625662922859192,1.5083470344543457
1790030745382348800,15.324348876953126,-1.0103530883789062,-0.4620809257030487,-0.181959331035614
1790030745392389000,15.33438916015625,-0.8259995579719543,-1.0965443849563599,-1.9129672050476074
1790030745402429400,15.344429443359376,0.1604115068912506,-2.3247697353363037,-1.5203180313110352
1790030745412439000,15.35443896484375,0.19153612852096558,-1.338358759880066,-0.6153098344802856
1790030745422479400,15.364479248046875,-0.6631938815116882,-0.12689268589019775,-0.5530605912208557
1790030745432489200,15.3744892578125,-0.3495534360408783,-0.3734954595565796,-1.1276689767837524
1790030745442498800,15.384498779296875,-0.3974374830722809,-0.009576806798577309,-0.8643068075180054
1790030745462518500,15.4045185546875,0.3256114423274994,-0.47884035110473633,-0.5147533416748047
1790030745512659000,15.454658935546876,-0.48602294921875,0.19871874153614044,-0.9193734526634216
1790030745542718700,15.48471875,-0.9385270476341248,1.53707754611969,0.8451532125473022
1790030745612939500,15.554939453125,-0.7038952708244324,-2.0590133666992188,-0.3998316824436188
1790030745622949400,15.564949462890626,-0.629675030708313,-1.7262194156646729,-0.9983820915222168
1790030745633020200,15.575020263671876,-0.33279404044151306,-1.1755530834197998,-1.403002142906189
1790030745643030000,15.585030029296876,0.22026655077934265,-0.4118026793003082,-0.8643068075180054
1790030745653039600,15.59503955078125,0.4118026793003082,-0.9552865028381348,-1.1109095811843872
1790030745663080000,15.605079833984375,-0.26815059781074524,0.12928688526153564,-0.4381389021873474
1790030745683099400,15.625099365234375,0.10055647045373917,-1.338358759880066,0.2322375625371933
1790030745693109200,15.635109130859375,-0.6392518281936646,-1.070208191871643,-0.5770025849342346
1790030745703119000,15.645119140625,-1.3838485479354858,-0.3998316824436188,-1.4700398445129395
1790030745713159400,15.655159423828126,-0.6943184733390808,-0.9600749015808105,-1.482010841369629
1790030745723169000,15.6651689453125,-0.38546648621559143,-0.5985504388809204,-1.237802267074585
1790030745733179000,15.675178955078126,-0.18914192914962769,0.33997663855552673,-0.3687070608139038
1790030745743188700,15.685188720703126,0.038307227194309235,0.8882488012313843,0.3974374830722809
1790030745753228800,15.695228759765625,-0.12449848651885986,0.47165772318840027,-0.031124621629714966
1790030745773248500,15.71524853515625,-0.1412578970193863,-1.0055646896362305,-0.23942017555236816
1790030745803338800,15.7453388671875,-0.023942016065120697,-1.0582371950149536,-0.950498104095459
1790030745813348600,15.7553486328125,-0.035913024097681046,-1.6543933153152466,-1.039083480834961
1790030745823389000,15.765388916015626,-0.21308395266532898,-1.0342950820922852,-1.5275006294250488
1790030745833429000,15.775428955078125,-0.45489832758903503,-0.3232172429561615,-1.460463047027588
1790030745843438800,15.78543896484375,-0.08619125932455063,-0.17477671802043915,-1.5610195398330688
1790030745853448700,15.79544873046875,0.12449848651885986,0.1843535304069519,-1.2761094570159912
1790030745863458300,15.805458251953125,0.040701430290937424,0.22505496442317963,-0.17717093229293823
1790030745953576700,15.89557666015625,-0.4668693244457245,0.4596867263317108,-0.13168109953403473
1790030746013727000,15.95572705078125,-0.4620809257030487,-1.1061211824417114,-1.3407529592514038
1790030746023736800,15.96573681640625,-0.4836287498474121,-1.6855180263519287,-1.455674648284912
1790030746033777000,15.97577685546875,-0.2346317619085312,-2.432508945465088,-1.7980455160140991
1790030746043786800,15.985786865234376,-0.19632454216480255,-2.4875755310058594,-2.7078421115875244
1790030746053827000,15.9958271484375,-0.2992752194404602,-2.1954829692840576,-2.8610711097717285
1790030746063867400,16.005867431640624,-0.05027823522686958,-1.7405846118927002,-3.117250680923462
1790030746073877000,16.015876953125,0.5937620401382446,-1.3215993642807007,-3.205836057662964
1790030746083886800,16.025886962890624,1.170764684677124,-1.8124107122421265,-3.687070608139038
1790030746103906300,16.04590625,0.19153612852096558,-1.5538369417190552,-4.553771495819092
1790030746123926000,16.065926025390624,0.3064578175544739,-2.0446481704711914,-3.4787750244140625
1790030746133966300,16.07596630859375,0.706289529800415,-1.987187385559082,-3.117250680923462
1790030746143976000,16.085975830078127,1.3455413579940796,-2.451662540435791,-2.7246015071868896
1790030746154016300,16.096016357421874,1.094150185585022,-2.4181437492370605,-2.564189910888672
1790030746164026000,16.106026123046874,0.21547815203666687,-1.577778935432434,-2.7461493015289307
1790030746174035700,16.11603564453125,0.8068459630012512,-1.9752163887023926,-2.1068975925445557
1790030746184045600,16.126045654296874,0.7422025203704834,-1.3000515699386597,-0.7015010714530945
1790030746194086000,16.1360859375,-0.26575639843940735,-1.5298948287963867,-1.1252747774124146
1790030746204095500,16.146095458984377,-0.8523358106613159,-2.2697031497955322,-2.31758713722229
1790030746214135800,16.1561357421875,-1.094150185585022,-1.8794482946395874,-1.0127472877502441
1790030746274286000,16.2162861328125,-1.290474772453308,-1.6328455209732056,-1.6184803247451782
1790030746284295700,16.226295654296877,-1.0438719987869263,-1.1300631761550903,-1.3239935636520386
1790030746304315400,16.2463154296875,-0.706289529800415,-0.043095629662275314,-0.23942017555236816
1790030746344354300,16.286354248046877,-0.6536170840263367,-0.38307225704193115,-1.357512354850769
1790030746354394600,16.29639453125,0.08379705995321274,-0.3974374830722809,-0.6655880808830261
1790030746374414300,16.316414306640624,-0.07182604819536209,0.2825157940387726,-0.5003881454467773
1790030746384424000,16.326423828125,0.45010992884635925,0.272938996553421,-0.38546648621559143
1790030746394464300,16.33646435546875,0.24420857429504395,0.011971008032560349,0.15562310814857483
1790030746404504600,16.346504638671874,0.37828385829925537,0.14365209639072418,0.2082955539226532
1790030746414514400,16.356514404296874,0.11252748221158981,-0.6871358752250671,-0.08619125932455063
1790030746454645000,16.39664501953125,-1.0079588890075684,0.3495534360408783,1.3934253454208374
1790030746524713200,16.466713134765627,-1.843535304069519,-0.5650315880775452,1.2306196689605713
1790030746574823200,16.5168232421875,-2.2816741466522217,-0.5722141861915588,-0.002394201699644327
1790030746584863500,16.526863525390624,-1.1180921792984009,-0.2849099934101105,-0.016759412363171577
1790030746594873000,16.536873046875,-0.6943184733390808,0.05027823522686958,0.43335050344467163
1790030746604883000,16.546883056640624,-0.23702596127986908,-0.038307227194309235,-0.3064578175544739
1790030746614892800,16.556892822265624,-1.1875240802764893,0.15322890877723694,1.3263877630233765
1790030746624933000,16.56693310546875,-1.400607943534851,-1.1300631761550903,1.0271124839782715
1790030746634973200,16.57697314453125,-1.889025092124939,1.9129672050476074,0.5291185975074768
1790030746645013500,16.587013427734377,-1.7908629179000854,1.1085153818130493,0.5123591423034668
1790030746655023400,16.5970234375,-0.9457096457481384,-0.31124621629714966,-1.1683704853057861
1790030746665033200,16.607033203125,-1.259350061416626,0.6368576288223267,-0.5841852426528931
1790030746675073300,16.6170732421875,-1.7070658206939697,1.5825673341751099,1.5514427423477173
1790030746695093000,16.637093017578124,-1.7286136150360107,1.3024457693099976,1.0295066833496094
1790030746705102600,16.6471025390625,-1.3431471586227417,0.2322375625371933,0.9097966551780701
1790030746715112400,16.657112548828124,-1.3910311460494995,1.7908629179000854,0.7445967197418213
1790030746725122300,16.667122314453124,-1.5825673341751099,1.292868971824646,1.2832920551300049
1790030746735162600,16.67716259765625,-2.5019407272338867,1.7286136150360107,2.252943754196167
1790030746755212500,16.697212646484374,-3.2106244564056396,2.367865562438965,1.314416766166687
1790030746815332000,16.75733203125,-2.762908697128296,1.4939818382263184,2.940079689025879
1790030746855340800,16.7973408203125,-0.9911994934082031,1.8818424940109253,4.177882194519043
1790030746905389600,16.8473896484375,-0.33518823981285095,1.4700398445129395,2.82515811920166
1790030746945489700,16.88748974609375,-0.9744400978088379,0.9433154463768005,0.5506663918495178
1790030747005609200,16.947609130859377,-1.0223240852355957,-0.13407529890537262,1.359906554222107
1790030747025629000,16.96762890625,-2.5929205417633057,0.9648633003234863,1.194706678390503
1790030747045648400,16.9876484375,-1.479616641998291,1.6855180263519287,0.9983820915222168
1790030747055688700,16.997688720703124,-0.6177040338516235,-1.534683346748352,0.6488286852836609
1790030747065698300,17.0076982421875,-0.9888052940368652,-2.676717519760132,-0.629675030708313
1790030747075738600,17.017738525390627,-2.2816741466522217,-1.3670891523361206,-0.8331822156906128
1790030747085779000,17.027779052734374,-3.136404275894165,-0.22266076505184174,-0.38546648621559143
1790030747095819300,17.0378193359375,-2.846705913543701,2.1356279850006104,0.507570743560791
1790030747105798400,17.04779833984375,-2.1763293743133545,3.4548330307006836,2.075772762298584
1790030747115838700,17.057838623046877,-0.9145850539207458,2.1164743900299072,1.9608511924743652
1790030747125818000,17.067818115234374,-0.15322890877723694,-0.35434186458587646,-0.181959331035614
1790030747195978000,17.13797802734375,-0.9528923034667969,-0.3519476354122162,0.4620809257030487
1790030747205987600,17.147987548828127,-0.8738836050033569,-4.022258758544922,-2.1811177730560303
1790030747226007300,17.16800732421875,-3.2800562381744385,-2.343923568725586,-1.3096283674240112
1790030747236078000,17.178078125,-2.1475989818573,-1.1635819673538208,-1.3455413579940796
1790030747246087700,17.188087646484377,-1.3742717504501343,0.7972691655158997,-0.31364041566848755
1790030747256097500,17.19809765625,-0.6871358752250671,0.3064578175544739,-0.42616790533065796
1790030747266077000,17.208076904296874,-0.4429273009300232,-0.3663128614425659,-0.6488286852836609
1790030747276086500,17.21808642578125,-0.5746083855628967,-0.8810662031173706,-0.9864110946655273
1790030747286126800,17.228126953125,-0.8667010068893433,-1.6639702320098877,-1.8818424940109253
1790030747316156200,17.25815625,-2.406172752380371,0.2298433631658554,-0.9313444495201111
1790030747326166000,17.268166015625,-1.3886369466781616,1.9321208000183105,-0.11971008777618408
1790030747336175600,17.278175537109377,-0.3064578175544739,2.5282769203186035,1.0965443849563599
1790030747356225800,17.298225830078124,-1.2210428714752197,-0.7445967197418213,-0.6105214357376099
1790030747366235400,17.3082353515625,-2.099714994430542,-1.9177556037902832,-0.40701428055763245
1790030747406305000,17.348304931640627,0.11252748221158981,0,-0.21547815203666687
1790030747466394000,17.40839404296875,-0.7805097699165344,-0.08619125932455063,-0.7445967197418213
1790030747476404000,17.418404052734374,-0.5650315880775452,-1.1420341730117798,-1.4915876388549805
1790030747486444300,17.4284443359375,-0.47165772318840027,-0.3471592366695404,-1.601720929145813
1790030747496484600,17.438484619140624,-0.2801215946674347,-0.871489405632019,0.272938996553421
1790030747506494200,17.448494140625,-0.272938996553421,-0.3064578175544739,0.2537853717803955
1790030747516565000,17.45856494140625,-0.8307880163192749,0.42616790533065796,-0.6153098344802856
1790030747526605300,17.468605224609377,-1.1085153818130493,0.3711012601852417,-0.7637503147125244
1790030747536615200,17.478615234375,-1.1037269830703735,-0.7469909191131592,-1.2497732639312744
1790030747546655500,17.488655517578124,-1.0773907899856567,-1.115697979927063,-1.37906014919281
1790030747556665000,17.4986650390625,-1.1827356815338135,-0.8571242094039917,-1.6639702320098877
1790030747566705400,17.508705322265627,-0.31364041566848755,-1.2713210582733154,-1.9584569931030273
1790030747576745700,17.518745849609374,0.07182604819536209,-0.44771572947502136,-1.4700398445129395
1790030747586755600,17.528755615234374,0.2513911724090576,-0.3519476354122162,-0.5530605912208557
1790030747596796000,17.5387958984375,0.1628057211637497,-0.09576806426048279,0.035913024097681046
1790030747646936000,17.58893603515625,-0.3902548849582672,-1.1683704853057861,-1.1013327836990356
1790030747656976400,17.598976318359377,-0.1867477297782898,-1.2114660739898682,-0.7661445140838623
1790030747666986200,17.608986328125,0.08858546614646912,-0.6512228846549988,-0.7733271718025208
1790030747676996000,17.61899609375,0.3208230137825012,0.5386953949928284,0.19632454216480255
1790030747687036200,17.6290361328125,0.31364041566848755,1.7932571172714233,1.6950948238372803
1790030747697046000,17.6390458984375,0.014365210197865963,1.3287819623947144,1.3239935636520386
1790030747707086300,17.64908642578125,-0.11971008777618408,0.19871874153614044,-0.09816227108240128
1790030747767206000,17.709205810546877,-0.47644615173339844,0.9169792532920837,0.47644615173339844
1790030747807275500,17.749275634765624,-0.4405331015586853,-0.8068459630012512,-0.9864110946655273
1790030747817315800,17.75931591796875,-0.3926490843296051,-0.2561795711517334,-0.811634361743927
1790030747827325700,17.76932568359375,-0.24420857429504395,0.35913026332855225,-0.5051765441894531
1790030747847375600,17.789375732421874,0.3232172429561615,0.18914192914962769,0.019153613597154617
1790030747857385500,17.799385498046874,-0.16759411990642548,0.2106897532939911,0.4884171485900879
1790030747867425800,17.80942578125,-0.6129156351089478,0.28969839215278625,-0.1628057211637497
1790030747877465900,17.8194658203125,-0.6751648783683777,-0.028730420395731926,-0.5099649429321289
1790030747897485600,17.839485595703124,0.028730420395731926,0.18914192914962769,0.31124621629714966
1790030747907495200,17.8494951171875,-0.10773907601833344,0.363918662071228,0.14365209639072418
1790030747917505000,17.859505126953124,-0.6177040338516235,0.2059013396501541,-0.2825157940387726
1790030747927515000,17.869514892578124,-0.7493851184844971,-0.0454898327589035,-0.5578489899635315
1790030747937494000,17.879493896484377,-0.5171475410461426,-0.16759411990642548,-0.2968810200691223
1790030747967615000,17.909614990234374,-0.5171475410461426,-1.455674648284912,-0.608127236366272
1790030747977624600,17.91962451171875,-0.47884035110473633,-1.1228805780410767,-0.17956513166427612
1790030747987665000,17.929664794921877,0,-1.4987702369689941,-0.9217676520347595
1790030747997705200,17.939705322265624,0.24660277366638184,-0.7589619159698486,-1.2521674633026123
1790030748007715000,17.949715087890624,0.5171475410461426,-1.6184803247451782,-1.0103530883789062
1790030748037774800,17.97977490234375,-0.569819986820221,-1.7932571172714233,-3.246537446975708
1790030748057794300,17.999794189453127,0.17717093229293823,-1.50355863571167,-4.067748546600342
1790030748087854000,18.02985400390625,-0.0454898327589035,-2.873042106628418,-5.018246650695801
1790030748107873800,18.049873779296874,-0.33518823981285095,-2.978386878967285,-4.4939165115356445
1790030748117913900,18.059913818359377,0.49320554733276367,-3.3949780464172363,-4.843470096588135
1790030748127923700,18.069923828125,0.1149216815829277,-2.33913516998291,-4.05817174911499
1790030748137933600,18.07993359375,-0.49799394607543945,-2.7485435009002686,-3.399766445159912
1790030748147943200,18.089943115234377,-1.0247182846069336,-2.7102363109588623,-3.315969467163086
1790030748167963000,18.109962890625,-1.9800047874450684,-2.212242364883423,-3.4404678344726562
1790030748178003200,18.120003173828124,-2.607285737991333,-3.1076738834381104,-4.55616569519043
1790030748198083600,18.14008349609375,-2.0685901641845703,-0.751779317855835,-2.054224967956543
1790030748208124000,18.1501240234375,-1.8076223134994507,-2.300827741622925,-3.9264907836914062
1790030748218133800,18.1601337890625,-2.58813214302063,-2.0685901641845703,-5.094861030578613
1790030748228143400,18.170143310546877,-3.44765043258667,-0.9672574996948242,-4.513070106506348
1790030748238183700,18.18018359375,-3.445256233215332,-0.6967126727104187,-2.341529369354248
1790030748248224000,18.19022412109375,-2.6192567348480225,-1.2090718746185303,-1.7549498081207275
1790030748258233900,18.20023388671875,-2.4684219360351562,-0.24899697303771973,-0.9002198576927185
1790030748268243500,18.210243408203127,-1.6974890232086182,1.2856862545013428,0.6584054827690125
1790030748288263200,18.23026318359375,-0.31842881441116333,0.12210428714752197,-0.9481038451194763
1790030748298242300,18.2402421875,-0.42377370595932007,-1.3263877630233765,-1.455674648284912
1790030748308282600,18.25028271484375,-1.4460978507995605,0.08619125932455063,0.38546648621559143
1790030748318292500,18.26029248046875,-1.8483237028121948,-0.05985504388809204,-0.05746084079146385
1790030748328302000,18.270302001953127,-2.1092917919158936,1.3000515699386597,-0.5674257874488831
1790030748338312000,18.28031201171875,-1.944091796875,1.3886369466781616,1.4293384552001953
1790030748348352300,18.290352294921874,-1.5753847360610962,0.7924807667732239,1.4245500564575195
1790030748378381600,18.320381591796874,-1.623268723487854,-1.867477297782898,-1.8794482946395874
1790030748388422000,18.330421875,-2.5474305152893066,0.3687070608139038,0.6177040338516235
1790030748408441300,18.35044140625,-2.7102363109588623,0.17238251864910126,0.6727706789970398
1790030748418451200,18.360451171875,-2.564189910888672,-1.335964560508728,-1.4269442558288574
1790030748428460800,18.370460693359377,-2.58813214302063,-1.944091796875,-1.4963760375976562
1790030748438501000,18.380501220703124,-2.6384103298187256,0.2777273952960968,0.524330198764801
1790030748458551300,18.40055126953125,-3.0550012588500977,0.7781155705451965,1.6711528301239014
1790030748478570800,18.42057080078125,-3.2130186557769775,0.5386953949928284,1.0199298858642578
1790030748488580400,18.430580322265627,-2.3726539611816406,0.5434837937355042,-0.3471592366695404
1790030748508661000,18.450660888671877,-1.8770540952682495,-0.304063618183136,0.05267243832349777
1790030748518670800,18.4606708984375,-2.9759926795959473,2.2026655673980713,1.4508862495422363
1790030748528680400,18.470680419921877,-3.512293815612793,1.381454348564148,1.525106430053711
1790030748538751500,18.48075146484375,-3.450044631958008,2.343923568725586,0.5386953949928284
1790030748548761000,18.490760986328127,-2.5977089405059814,0.7422025203704834,-0.272938996553421
1790030748578790400,18.520790283203127,-2.6024973392486572,0.6488286852836609,2.4133553504943848
1790030748588800300,18.53080029296875,-3.6583402156829834,0.9816226959228516,2.4372973442077637
1790030748628900400,18.570900390625,-3.117250680923462,2.0159177780151367,2.346317768096924
1790030748638940700,18.580940673828124,-3.6966474056243896,2.4205379486083984,3.31118106842041
1790030748648950300,18.5909501953125,-4.307168960571289,1.824381709098816,2.7916390895843506
1790030748658960100,18.600960205078124,-4.3861775398254395,2.873042106628418,2.1595699787139893
1790030748668970000,18.610969970703124,-3.220201253890991,2.1356279850006104,2.8874073028564453
1790030748689020000,18.63102001953125,-2.628833532333374,0.7469909191131592,5.145139217376709
1790030748709039400,18.651039306640627,-1.9991583824157715,3.066972494125366,4.537012100219727
1790030748719049200,18.66104931640625,-2.190694570541382,3.138798475265503,4.2975921630859375
1790030748729059000,18.67105908203125,-1.9584569931030273,1.9153614044189453,2.7748796939849854
1790030748739099400,18.681099365234374,-0.7805097699165344,1.7549498081207275,2.580949544906616
1790030748749109000,18.69110888671875,-0.05506663769483566,2.6647465229034424,4.0294413566589355
1790030748759118800,18.701118896484374,-0.05985504388809204,2.4396915435791016,3.93367338180542
1790030748779168800,18.721168701171877,0.49559974670410156,0.9672574996948242,3.550601005554199
1790030748839319000,18.781319091796874,-0.30885201692581177,1.3766659498214722,0.12210428714752197
1790030748849359400,18.791359375,-0.1867477297782898,0.9720458984375,1.0079588890075684
1790030748909509400,18.85150927734375,-1.6184803247451782,1.941697597503662,0.6775590777397156
1790030748919549700,18.8615498046875,-1.656787633895874,2.2194249629974365,0.7541735172271729
1790030748949609500,18.891609375,-2.1571757793426514,-0.9457096457481384,0.6105214357376099
1790030748959619300,18.901619384765624,-2.497152328491211,-1.1827356815338135,-0.4836287498474121
1790030748969659600,18.91165966796875,-2.894589900970459,-0.7541735172271729,-1.4939818382263184
1790030748979669200,18.921669189453127,-2.6408045291900635,0.9840168952941895,-1.7190368175506592
1790030748989709600,18.93170947265625,-2.6216509342193604,2.3271639347076416,0.17238251864910126
1790030748999719400,18.941719482421874,-1.9967641830444336,0.13168109953403473,0.23702596127986908
1790030749009729000,18.95172900390625,-1.965639591217041,-1.37906014919281,-1.37906014919281
1790030749019739000,18.96173876953125,-2.296039342880249,-1.2401964664459229,-1.0534487962722778
1790030749029748700,18.971748779296874,-2.1595699787139893,-2.2816741466522217,-0.6224924325942993
1790030749039758300,18.98175830078125,-2.5067291259765625,-0.6272808313369751,-1.6208745241165161
1790030749049768200,18.991768310546874,-1.9560627937316895,1.0965443849563599,-1.0654197931289673
1790030749109918500,19.05191845703125,-3.5434184074401855,-0.608127236366272,-1.41257905960083
1790030749119928000,19.061927978515627,-3.5745432376861572,0.8379706144332886,-1.1994950771331787
1790030749139978200,19.081978271484374,-2.3726539611816406,0.7541735172271729,0.5793967843055725
1790030749149987800,19.09198779296875,-1.400607943534851,-1.194706678390503,-1.6879122257232666
1790030749159997700,19.101997802734374,-1.1563993692398071,-3.667917013168335,-2.585737943649292
1790030749170007600,19.112007568359374,-1.5658079385757446,-3.3279404640197754,-2.2170307636260986
1790030749220056300,19.162056396484374,1.2066776752471924,-0.19153612852096558,-0.5817909836769104
1790030749240075800,19.18207568359375,-0.19393034279346466,-0.8451532125473022,-0.5434837937355042
1790030749250085600,19.192085693359374,-1.1013327836990356,-0.20111294090747833,-0.545877993106842
1790030749260064800,19.202064697265627,-1.8124107122421265,0.8547300100326538,-1.1899182796478271
1790030749270105000,19.21210498046875,-1.0630255937576294,0.3711012601852417,-1.3072341680526733
1790030749280145400,19.2221455078125,-0.3471592366695404,-0.24420857429504395,-0.21308395266532898
1790030749290155300,19.2321552734375,0,-0.629675030708313,0.05027823522686958
1790030749300134400,19.242134521484374,-0.181959331035614,-0.31842881441116333,-0.4118026793003082
1790030749310144300,19.252144287109374,-0.5913678407669067,-0.1149216815829277,-0.30885201692581177
1790030749330194200,19.272194091796877,-1.9967641830444336,0.33997663855552673,-0.4165911078453064
1790030749340173600,19.282173583984374,-1.9847931861877441,-0.5051765441894531,-1.091755986213684
1790030749440393200,19.382393310546874,-1.946485996246338,-1.1468225717544556,-1.2018892765045166
1790030749460382200,19.40238232421875,-0.8619126081466675,-0.45250412821769714,-1.194706678390503
1790030749470422500,19.412422607421874,-0.026336219161748886,-0.7972691655158997,-1.4987702369689941
1790030749490472400,19.432472412109377,0.2298433631658554,-1.460463047027588,-1.8794482946395874
1790030749500482300,19.442482421875,0.0071826050989329815,-1.2976573705673218,-2.8850131034851074
1790030749510492200,19.4524921875,-0.15562310814857483,-0.8379706144332886,-2.360682964324951
1790030749520501800,19.462501708984377,-0.181959331035614,-0.45489832758903503,-1.6855180263519287
1790030749530542000,19.4725419921875,-0.4213795065879822,-0.507570743560791,-2.1380221843719482
1790030749540582400,19.48258251953125,-0.7015010714530945,-0.5530605912208557,-2.298433542251587
1790030749550622700,19.492622802734374,-0.3423708379268646,-0.33758243918418884,-1.8842366933822632
1790030749580682500,19.5226826171875,0.07422025501728058,1.0223240852355957,3.1076738834381104
1790030749600732700,19.542732666015624,-1.1755530834197998,1.7812861204147339,2.96162748336792
1790030749620752100,19.562752197265624,-1.6304513216018677,0.6775590777397156,-0.5003881454467773
1790030749630792400,19.57279248046875,-1.9177556037902832,0.19153612852096558,-0.5650315880775452
1790030749650842400,19.59284228515625,-0.608127236366272,0.44532153010368347,0.7733271718025208
1790030749720941300,19.66294140625,-0.11971008777618408,-0.17477671802043915,-0.7948749661445618
1790030749730981600,19.672981689453124,-0.4692635238170624,0.2513911724090576,-0.8954314589500427
1790030749741052400,19.683052490234374,-0.586579442024231,0.5650315880775452,-0.6631938815116882
1790030749751062300,19.693062255859374,-0.6272808313369751,0.7086837291717529,-0.38307225704193115
1790030749761071900,19.70307177734375,-0.6272808313369751,0.40222588181495667,-0.026336219161748886
1790030749771081700,19.713081787109374,-0.7230489253997803,0.13168109953403473,-0.30885201692581177
1790030749791131600,19.733131591796877,-0.6200982332229614,-0.3256114423274994,-0.4213795065879822
1790030749801172000,19.743171875,-0.5315127968788147,0.05746084079146385,-0.17238251864910126
1790030749811181800,19.753181884765624,-0.5650315880775452,0.26336219906806946,-0.5027823448181152
1790030749821222100,19.76322216796875,-0.4644751250743866,0.3208230137825012,-0.5482721924781799
1790030749831231700,19.773231689453127,-0.5770025849342346,0.3280056416988373,-0.14604631066322327
1790030749841272000,19.78327197265625,-0.5602431893348694,0.026336219161748886,-0.004788403399288654
1790030749851282000,19.793281982421874,-0.608127236366272,-0.6224924325942993,-0.23942017555236816
1790030749911401500,19.8534013671875,-0.014365210197865963,-1.2641384601593018,-1.381454348564148
1790030749991571200,19.9335712890625,-0.002394201699644327,-1.4844050407409668,-0.5195417404174805
1790030750011621000,19.95362109375,0.768538773059845,-2.3056161403656006,-4.479551315307617
1790030750021631000,19.963630859375,0.6177040338516235,-2.293645143508911,-4.587290287017822
1790030750031640800,19.973640869140624,0.2082955539226532,-2.715024709701538,-3.4787750244140625
1790030750041650400,19.983650390625,-0.33997663855552673,-1.721431016921997,-2.5977089405059814
1790030750051660300,19.993660400390624,-0.7805097699165344,-0.8259995579719543,-2.5282769203186035
1790030750061670100,20.003670166015624,-0.4429273009300232,-1.886630892753601,-4.623203277587891
1790030750071710500,20.01371044921875,-0.6368576288223267,-2.3319525718688965,-3.890577793121338
1790030750081750500,20.02375048828125,-1.3120225667953491,-0.9074024558067322,-4.309563159942627
1790030750091760400,20.033760498046874,-0.730231523513794,-1.01753568649292,-4.448426723480225
1790030750101800700,20.04380078125,-0.16759411990642548,-1.41257905960083,-4.14915132522583
1790030750161859300,20.103859375,-2.0685901641845703,-2.4420857429504395,-2.561795711517334
1790030750171869000,20.113868896484377,-1.8986018896102905,-1.1228805780410767,-1.7980455160140991
1790030750181940000,20.12393994140625,-2.4851813316345215,0.2561795711517334,-0.2825157940387726
1790030750191919000,20.133919189453124,-1.5179238319396973,-1.0127472877502441,-1.6208745241165161
1790030750201929000,20.143928955078124,-0.629675030708313,-1.6663644313812256,-1.7764976024627686
1790030750242059500,20.1840595703125,-1.5203180313110352,-0.26575639843940735,1.4173674583435059
1790030750262109400,20.204109375,-1.7621324062347412,-1.192312479019165,0.33758243918418884
1790030750292169200,20.234169189453127,-0.950498104095459,0.9624691009521484,0.646434485912323
1790030750342248700,20.284248779296874,-0.5315127968788147,-0.5267243981361389,-2.38462495803833
1790030750352289000,20.2942890625,-1.0079588890075684,-0.011971008032560349,-1.577778935432434
1790030750362298600,20.304298583984377,-0.7398083209991455,-0.7374141216278076,-2.806004285812378
1790030750372308500,20.31430859375,-0.7541735172271729,-0.9289502501487732,-2.360682964324951
1790030750382318300,20.324318359375,-0.6057330369949341,-0.038307227194309235,-1.824381709098816
1790030750392328000,20.334327880859377,-0.27054479718208313,0.2944868206977844,-0.08619125932455063
1790030750402337800,20.344337890625,0.35673606395721436,1.5849615335464478,-0.26096799969673157
1790030750412347600,20.35434765625,-0.9313444495201111,1.316810965538025,0.6248866319656372
1790030750442407400,20.384407470703124,-2.22660756111145,-0.14844051003456116,0.2513911724090576
1790030750452417000,20.3944169921875,-3.5649664402008057,1.4939818382263184,1.4532804489135742
1790030750462427000,20.404427001953124,-3.378218650817871,0.8140285611152649,1.5179238319396973
1790030750472467200,20.41446728515625,-2.5977089405059814,-0.629675030708313,-0.17238251864910126
1790030750482477000,20.42447705078125,-2.497152328491211,1.01753568649292,0.42616790533065796
1790030750492517000,20.43451708984375,-2.58813214302063,-0.1364694982767105,1.2545616626739502
1790030750512536800,20.454536865234374,-2.832340717315674,-0.2513911724090576,1.0031704902648926
1790030750532586800,20.474586669921877,-2.2409727573394775,-0.9552865028381348,0.9074024558067322
1790030750622735600,20.564735595703127,-0.7230489253997803,1.1994950771331787,-0.1628057211637497
1790030750662835700,20.604835693359377,-2.8107926845550537,2.7006595134735107,2.6886885166168213
1790030750672845600,20.614845458984377,-3.464409828186035,2.7557260990142822,2.6575639247894287
1790030750682855400,20.62485546875,-3.804386615753174,2.82515811920166,2.3798365592956543
1790030750692865000,20.634864990234377,-3.0861260890960693,1.8100165128707886,1.5131354331970215
1790030750702905300,20.6449052734375,-2.7964274883270264,1.800439715385437,2.4468741416931152
1790030750712945700,20.654945556640627,-3.1435868740081787,3.337517261505127,3.5889084339141846
1790030750722955500,20.66495556640625,-3.4739866256713867,3.529053211212158,3.8810009956359863
1790030750732965000,20.674965087890627,-2.9017724990844727,1.6615760326385498,2.698265314102173
1790030750743005400,20.68500537109375,-2.4372973442077637,1.4197616577148438,2.298433542251587
1790030750753015300,20.695015380859374,-1.8531121015548706,1.161187767982483,3.2824504375457764
1790030750763055600,20.7050556640625,-1.8076223134994507,1.4245500564575195,3.8522706031799316
1790030750773065200,20.715065185546877,-1.98958158493042,0.8643068075180054,3.8498764038085938
1790030750803125200,20.745125244140624,-1.256955862045288,2.669534921646118,4.316745758056641
1790030750813134800,20.755134765625,-1.2090718746185303,3.2632968425750732,4.05817174911499
1790030750823144700,20.765144775390624,-1.015141487121582,3.1531636714935303,3.8115692138671875
1790030750883294700,20.825294677734377,-0.28730419278144836,1.3335703611373901,1.1492167711257935
1790030750893304600,20.8353046875,-0.6320692300796509,2.2577321529388428,1.8986018896102905
1790030750903345000,20.845344970703124,-0.7469909191131592,2.7964274883270264,1.2114660739898682
1790030750973504800,20.9155048828125,-1.5083470344543457,0.8595184087753296,0.45489832758903503
1790030750993555000,20.935554931640624,-2.0853497982025146,-0.5530605912208557,-0.33758243918418884
1790030751003564500,20.945564453125,-1.8794482946395874,-0.08379705995321274,-1.0295066833496094
1790030751013604900,20.95560498046875,-1.525106430053711,-0.1628057211637497,-0.9002198576927185
1790030751023675600,20.965675537109377,-1.2210428714752197,0,-0.6248866319656372
1790030751033685500,20.975685546875,-1.1659762859344482,0.7445967197418213,-0.2825157940387726
1790030751043725800,20.985725830078124,-1.5083470344543457,0.6224924325942993,0.29209262132644653
1790030751053735400,20.9957353515625,-1.5969325304031372,1.9393033981323242,0.9672574996948242
1790030751083764700,21.0257646484375,-1.2306196689605713,1.1109095811843872,-0.10534487664699554
1790030751093774600,21.035774658203124,-1.5897499322891235,0.9624691009521484,-0.22026655077934265
1790030751103815000,21.04581494140625,-2.0925323963165283,0.7326257228851318,0.14844051003456116
1790030751113855200,21.055855224609374,-2.322375535964966,-0.17956513166427612,0.5410895943641663
1790030751123864800,21.06586474609375,-2.889801502227783,0.5291185975074768,1.4413094520568848
1790030751133874700,21.075874755859374,-2.655169725418091,-3.73016619682312,-0.12210428714752197
1790030751143915000,21.0859150390625,-2.9089550971984863,-3.203441858291626,-2.6408045291900635
1790030751153955300,21.095955322265624,-4.022258758544922,0.016759412363171577,-1.4532804489135742
1790030751163965000,21.10596484375,-2.9496564865112305,1.8626888990402222,-0.646434485912323
1790030751173974800,21.115974853515624,-2.434903144836426,2.2649147510528564,0.7469909191131592
1790030751204034600,21.14603466796875,-0.7015010714530945,-3.1651346683502197,-0.16519992053508759
1790030751244134700,21.186134765625,-1.0845733880996704,3.0190882682800293,-0.2322375625371933
1790030751254144500,21.19614453125,-0.8954314589500427,2.964021682739258,-0.8834604024887085
1790030751264184800,21.206184814453124,-1.0965443849563599,1.9393033981323242,-0.871489405632019
1790030751314294500,21.25629443359375,-1.3335703611373901,-0.1149216815829277,-0.9744400978088379
1790030751324274000,21.26627392578125,-0.8164227604866028,-0.011971008032560349,-0.8523358106613159
1790030751334314000,21.27631396484375,-0.7805097699165344,0.7493851184844971,-0.27054479718208313
1790030751344354300,21.286354248046877,-0.3711012601852417,-0.7326257228851318,0.29209262132644653
1790030751364435000,21.30643505859375,-2.1380221843719482,-1.6639702320098877,-1.8411411046981812
1790030751414514400,21.356514404296874,0.08619125932455063,-1.2330138683319092,-1.1755530834197998
1790030751424554500,21.366554443359377,0.40222588181495667,-0.8930372595787048,-0.706289529800415
1790030751434564400,21.376564453125,0.20111294090747833,-0.09576806426048279,-0.5123591423034668
1790030751444574200,21.38657421875,-0.363918662071228,0.7757213711738586,0.8834604024887085
1790030751454583800,21.396583740234377,-0.5482721924781799,0.5195417404174805,1.434126853942871
1790030751464654600,21.406654541015627,-1.1827356815338135,0.2298433631658554,0.727837324142456
1790030751474664400,21.41666455078125,-1.8770540952682495,0.5506663918495178,0.1867477297782898
1790030751484674300,21.42667431640625,-1.7094600200653076,-1.41257905960083,-0.8619126081466675
1790030751494653400,21.4366533203125,-1.7070658206939697,-1.8076223134994507,-2.4181437492370605
1790030751514703600,21.45670361328125,-0.3232172429561615,0.9983820915222168,0.3878606855869293
1790030751534784000,21.476783935546877,-0.7805097699165344,2.4133553504943848,0.8259995579719543
1790030751554803700,21.4968037109375,-2.322375535964966,0.24420857429504395,-1.3527239561080933
1790030751564813300,21.506813232421877,-1.6136919260025024,-2.319981336593628,-1.6065093278884888
1790030751574884000,21.516884033203127,-0.8379706144332886,-2.231395959854126,-0.3734954595565796
1790030751584894000,21.52689404296875,-0.993593692779541,-0.9433154463768005,0.2082955539226532
1790030751604944000,21.54694384765625,-0.811634361743927,0.35673606395721436,-1.7597382068634033
1790030751624994000,21.566994140625,-1.0223240852355957,0.05506663769483566,-1.8100165128707886
1790030751645044000,21.5870439453125,-0.19153612852096558,-0.9720458984375,-1.9608511924743652
1790030751655053800,21.5970537109375,-0.33997663855552673,-1.3407529592514038,-1.1563993692398071
1790030751665063700,21.607063720703124,-0.5267243981361389,-1.137245774269104,-0.6440402865409851
1790030751675104000,21.61710400390625,-0.7613561153411865,-0.4405331015586853,-0.545877993106842
1790030751685113600,21.627113525390627,-0.4620809257030487,-0.15083470940589905,-0.8930372595787048
1790030751695123500,21.63712353515625,-0.4165911078453064,0.19393034279346466,-0.6368576288223267
1790030751705133300,21.64713330078125,-0.828393816947937,-0.13168109953403473,-0.9026140570640564
1790030751715143000,21.657142822265627,-0.9720458984375,-0.35673606395721436,-1.3263877630233765
1790030751725152800,21.66715283203125,-0.7398083209991455,-0.629675030708313,-1.8746598958969116
1790030751735162600,21.67716259765625,-0.17956513166427612,-0.6033388376235962,-1.9967641830444336
1790030751745233400,21.6872333984375,-0.040701430290937424,-0.40701428055763245,-1.6950948238372803
1790030751785272300,21.727272216796877,0.2322375625371933,-0.7182605266571045,-0.8762778043746948
1790030751795282200,21.7372822265625,0.22505496442317963,-0.9600749015808105,-0.7781155705451965
1790030751805322500,21.747322509765624,0.1149216815829277,-1.41257905960083,-0.6727706789970398
1790030751825403000,21.76740283203125,0.014365210197865963,-0.811634361743927,-1.1420341730117798
1790030751835473700,21.7774736328125,0.20350714027881622,-0.8595184087753296,-1.6903064250946045
1790030751855523800,21.79752392578125,0.24899697303771973,-0.4692635238170624,-1.3694833517074585
1790030751875573800,21.81757373046875,0.002394201699644327,-0.5051765441894531,-1.0223240852355957
1790030751895624000,21.8376240234375,0.05267243832349777,-0.2346317619085312,-0.40462008118629456
1790030751905633800,21.8476337890625,0.05746084079146385,-0.5650315880775452,-0.6607996821403503
1790030751945734000,21.88773388671875,0.13407529890537262,0.07900865375995636,-0.4812345504760742
1790030751955774000,21.89777392578125,0.038307227194309235,-0.05027823522686958,-0.31603461503982544
1790030751965783800,21.90778369140625,0.09816227108240128,-0.016759412363171577,0.040701430290937424
1790030751975854600,21.9178544921875,-0.014365210197865963,0.26815059781074524,0.4572925269603729
1790030751985895000,21.92789501953125,-0.11013327538967133,-0.22266076505184174,0.18914192914962769
1790030751995904800,21.93790478515625,0.06464344263076782,-0.3471592366695404,-0.033518824726343155
1790030752005914400,21.947914306640627,0.019153613597154617,-0.24660277366638184,-0.06224924325942993
1790030752015954700,21.95795458984375,0.07422025501728058,-0.2537853717803955,-0.08619125932455063
1790030752036004900,21.9780048828125,0.15322890877723694,-0.047884032130241394,-0.3208230137825012
1790030752066034200,22.0080341796875,0.019153613597154617,-0.028730420395731926,0.0933738648891449
1790030752086084000,22.028083984375,0.07422025501728058,-0.20350714027881622,-0.2944868206977844
1790030752096094000,22.038093994140624,0.12689268589019775,-0.13407529890537262,-0.4884171485900879
1790030752106103600,22.048103515625,0.21787235140800476,-0.11971008777618408,-0.5482721924781799
1790030752136194000,22.078194091796874,0.15322890877723694,0.11013327538967133,-0.1173158809542656
1790030752146234400,22.088234375,0.05267243832349777,0.11013327538967133,-0.014365210197865963
1790030752176294100,22.118294189453124,0.016759412363171577,-0.2777273952960968,-0.1628057211637497
1790030752216394200,22.158394287109374,-0.10295066982507706,0.09576806426048279,-0.0933738648891449
1790030752236413700,22.17841357421875,-0.021547814831137657,0.12928688526153564,0.016759412363171577
1790030752256494300,22.198494384765624,-0.0071826050989329815,-0.0933738648891449,0.2322375625371933
1790030752286554000,22.22855419921875,0.021547814831137657,0.07422025501728058,0.10055647045373917
1790030752306604000,22.24860400390625,-0.009576806798577309,0.009576806798577309,0.16519992053508759
1790030752316614000,22.25861376953125,-0.11252748221158981,0.43095630407333374,0.30885201692581177
1790030752336725000,22.27872509765625,0.12449848651885986,0.026336219161748886,-0.07661445438861847
1790030752346734800,22.28873486328125,0.043095629662275314,0.2513911724090576,0.19871874153614044
1790030752356744400,22.298744384765627,-0.05985504388809204,0.26575639843940735,0.16998831927776337
1790030752386804200,22.32880419921875,0.08619125932455063,0.09816227108240128,0.181959331035614
1790030752396844500,22.338844482421877,0.023942016065120697,0.21308395266532898,0.038307227194309235
1790030752406854400,22.3488544921875,-0.014365210197865963,-0.1388636976480484,-0.13168109953403473
1790030752416894700,22.358894775390624,0.10055647045373917,-0.05506663769483566,-0.08140286058187485
1790030752426935000,22.36893505859375,-0.10534487664699554,-0.004788403399288654,0.21787235140800476
1790030752436975400,22.378975341796874,0,-0.06703764945268631,-0.05506663769483566
1790030752446985000,22.38898486328125,0.004788403399288654,-0.11971008777618408,-0.07661445438861847
1790030752456994800,22.398994873046874,-0.09576806426048279,-0.07182604819536209,-0.12210428714752197
1790030752467004400,22.40900439453125,0,-0.31842881441116333,-0.26336219906806946
1790030752477044700,22.419044677734377,-0.06224924325942993,0.038307227194309235,0.11252748221158981
1790030752487085000,22.4290849609375,0.004788403399288654,-0.023942016065120697,0.031124621629714966
1790030752497095000,22.439094970703124,0.14365209639072418,-0.05506663769483566,-0.304063618183136
1790030752507104500,22.4491044921875,0.09576806426048279,0.09576806426048279,-0.05985504388809204
1790030752517144800,22.459144775390627,-0.08619125932455063,-0.09816227108240128,0.10295066982507706
1790030752527154700,22.46915478515625,-0.0071826050989329815,-0.27054479718208313,-0.028730420395731926
1790030752537195000,22.479195068359374,0.0454898327589035,-0.09576806426048279,-0.0694318488240242
1790030752547204600,22.48920458984375,-0.023942016065120697,0.15562310814857483,-0.08379705995321274
1790030752557245000,22.499244873046877,-0.0694318488240242,0.24899697303771973,0.12210428714752197
1790030752567285200,22.50928515625,-0.014365210197865963,0.023942016065120697,0.18914192914962769
1790030752577325600,22.51932568359375,-0.0694318488240242,-0.1867477297782898,0.06703764945268631
1790030752587366000,22.529365966796874,-0.12449848651885986,0.11252748221158981,0.009576806798577309
1790030752597375700,22.539375732421874,-0.035913024097681046,0.1604115068912506,-0.031124621629714966
1790030752627435500,22.569435546875,0.035913024097681046,-0.047884032130241394,0.524330198764801
1790030752637475800,22.579475830078124,-0.07661445438861847,-0.08619125932455063,0.2322375625371933
1790030752697595400,22.639595458984374,0.004788403399288654,0.043095629662275314,0.08140286058187485
1790030752757745400,22.699745361328127,0.002394201699644327,0.004788403399288654,-0.08379705995321274
1790030752817865200,22.759865234375,0.040701430290937424,-0.0694318488240242,0.14844051003456116
1790030752867975000,22.809974853515627,0.023942016065120697,-0.016759412363171577,-0.09816227108240128
1790030752908075000,22.850074951171877,-0.08379705995321274,0.014365210197865963,-0.07422025501728058
1790030752918115300,22.860115234375,0.047884032130241394,0.06703764945268631,-0.2561795711517334
1790030752928155600,22.87015576171875,0.08858546614646912,0.3495534360408783,0.021547814831137657
1790030752938165500,22.88016552734375,-0.038307227194309235,-0.17956513166427612,0.21547815203666687
1790030752958215400,22.90021533203125,-0.016759412363171577,0.05746084079146385,0.031124621629714966
1790030753028467000,22.970467041015624,-0.028730420395731926,-0.06464344263076782,-0.15562310814857483
1790030753058526700,23.000526611328127,0.0071826050989329815,-0.011971008032560349,-0.1388636976480484
1790030753068536600,23.01053662109375,0.07182604819536209,0.21308395266532898,0.05746084079146385
1790030753078546200,23.020546142578127,0.0933738648891449,-0.07900865375995636,0.07661445438861847
1790030753158685400,23.100685546875,-0.016759412363171577,-0.026336219161748886,0.08858546614646912
1790030753208825900,23.150825927734374,-0.033518824726343155,0.06464344263076782,0
1790030753248895500,23.1908955078125,-0.07422025501728058,-0.13407529890537262,0.009576806798577309
1790030753268945400,23.2109453125,0.033518824726343155,-0.11971008777618408,-0.004788403399288654
1790030753288964900,23.23096484375,0.06703764945268631,-0.12928688526153564,-0.08619125932455063
1790030753299005200,23.241005126953127,0.021547814831137657,-0.08619125932455063,-0.019153613597154617
1790030753359216400,23.30121630859375,0.08858546614646912,-0.1149216815829277,-0.19153612852096558
1790030753409296000,23.3512958984375,0,-0.07661445438861847,-0.002394201699644327
1790030753449334800,23.391334716796877,-0.004788403399288654,0.22744916379451752,-0.08858546614646912
1790030753499475200,23.44147509765625,0.0071826050989329815,-0.06224924325942993,-0.011971008032560349
1790030753509485000,23.451485107421874,-0.004788403399288654,-0.090979665517807,-0.1843535304069519
1790030753529474000,23.47147412109375,0.05267243832349777,-0.1628057211637497,-0.06224924325942993
1790030753549524000,23.49152392578125,-0.0071826050989329815,0.12689268589019775,-0.004788403399288654
1790030753609735200,23.551735107421877,0.002394201699644327,-0.07900865375995636,-0.016759412363171577
1790030753619775500,23.561775390625,0.011971008032560349,-0.19632454216480255,-0.1388636976480484
1790030753629785300,23.571785400390624,0.011971008032560349,-0.014365210197865963,-0.019153613597154617
1790030753689813500,23.6318134765625,0.035913024097681046,0.21308395266532898,0.2968810200691223
1790030753709833000,23.6518330078125,0.023942016065120697,-0.031124621629714966,-0.14604631066322327
1790030753749902600,23.691902587890624,-0.004788403399288654,0.05985504388809204,0
1790030753759912200,23.701912109375,-0.07422025501728058,-0.040701430290937424,-0.20350714027881622
1790030753810052600,23.752052490234377,0.090979665517807,0.019153613597154617,0.026336219161748886
1790030753840112400,23.7821123046875,0.10295066982507706,-0.09816227108240128,-0.17717093229293823
1790030753900171000,23.8421708984375,0.023942016065120697,0,-0.016759412363171577
1790030753910211300,23.85221142578125,-0.016759412363171577,-0.05267243832349777,0.15801730751991272
1790030753920251600,23.862251708984374,0.07422025501728058,0.002394201699644327,-0.08619125932455063
1790030753930322400,23.872322509765624,0.014365210197865963,0,0
1790030753940362800,23.88236279296875,0.06464344263076782,-0.0454898327589035,-0.1867477297782898
1790030753950372400,23.892372314453127,-0.019153613597154617,0.06703764945268631,-0.05506663769483566
1790030753960412700,23.90241259765625,0,0.05267243832349777,0.019153613597154617
1790030753970392000,23.91239208984375,-0.004788403399288654,-0.021547814831137657,0.09576806426048279
1790030753990472400,23.932472412109377,0.019153613597154617,-0.07900865375995636,0.035913024097681046
1790030754000512800,23.9425126953125,0.009576806798577309,-0.07900865375995636,0.11252748221158981
1790030754020563000,23.96256298828125,0.035913024097681046,-0.05506663769483566,-0.038307227194309235
