time,seconds_elapsed,x,z,y
1790030756270038500,0.10603857421875,0.11971008777618408,-0.031124621629714966,0.08379705995321274
1790030756280078800,0.116078857421875,-0.07661445438861847,0.12928688526153564,-0.1149216815829277
1790030756289888500,0.125888427734375,-0.040701430290937424,-0.06224924325942993,-0.011971008032560349
1790030756299628800,0.13562890625,-0.07900865375995636,-0.11971008777618408,-0.023942016065120697
1790030756309538600,0.14553857421875,0.0454898327589035,-0.07661445438861847,-0.002394201699644327
1790030756319448300,0.1554482421875,-0.06224924325942993,-0.043095629662275314,-0.06224924325942993
1790030756329358000,0.165358154296875,-0.07182604819536209,0.033518824726343155,-0.0071826050989329815
1790030756339368000,0.175367919921875,-0.0071826050989329815,-0.06703764945268631,0.21547815203666687
1790030756349408300,0.185408203125,-0.08140286058187485,-0.1173158809542656,0.11971008777618408
1790030756369427700,0.205427734375,-0.016759412363171577,-0.10055647045373917,-0.026336219161748886
1790030756389447200,0.225447265625,0.019153613597154617,0.11971008777618408,0.043095629662275314
1790030756399457000,0.23545703125,0.002394201699644327,0,-0.035913024097681046
1790030756409467000,0.245466796875,-0.07422025501728058,-0.16759411990642548,-0.12928688526153564
1790030756419446000,0.255446044921875,0.021547814831137657,0.040701430290937424,0.1604115068912506
1790030756469586400,0.30558642578125,0.10773907601833344,0.10534487664699554,0.07900865375995636
1790030756479626800,0.315626708984375,0.12449848651885986,-0.07900865375995636,-0.09816227108240128
1790030756489636400,0.32563623046875,0.13168109953403473,0.033518824726343155,-0.08140286058187485
1790030756499646200,0.335646240234375,-0.05267243832349777,0.047884032130241394,0.026336219161748886
1790030756559704800,0.395704833984375,-0.1388636976480484,-0.0694318488240242,-0.009576806798577309
1790030756569745200,0.4057451171875,-0.090979665517807,-0.10534487664699554,0.004788403399288654
1790030756579754800,0.415754638671875,-0.07661445438861847,0.10534487664699554,0.07422025501728058
1790030756599774500,0.4357744140625,-0.016759412363171577,0.021547814831137657,-0.009576806798577309
1790030756609784000,0.4457841796875,0.014365210197865963,-0.019153613597154617,-0.0454898327589035
1790030756619794000,0.4557939453125,0.16998831927776337,0.0454898327589035,0.181959331035614
1790030756629803800,0.4658037109375,0.026336219161748886,0.1149216815829277,0.10055647045373917
1790030756639813400,0.4758134765625,-0.038307227194309235,0.014365210197865963,-0.08619125932455063
1790030756649853700,0.485853759765625,-0.0071826050989329815,-0.06464344263076782,-0.026336219161748886
1790030756659863600,0.495863525390625,0.026336219161748886,-0.023942016065120697,0.12210428714752197
1790030756669873400,0.505873291015625,0.06703764945268631,-0.3232172429561615,-0.11971008777618408
1790030756689892900,0.525892822265625,0.047884032130241394,0.05267243832349777,0.07182604819536209
1790030756699933200,0.53593310546875,0.07900865375995636,-0.004788403399288654,-0.15322890877723694
1790030756719952600,0.55595263671875,-0.019153613597154617,-0.17956513166427612,-0.026336219161748886
1790030756729931800,0.565931884765625,0.07422025501728058,-0.08379705995321274,-0.07900865375995636
1790030756740002600,0.57600244140625,0.11013327538967133,-0.10055647045373917,-0.2106897532939911
1790030756750012400,0.586012451171875,0.009576806798577309,0.014365210197865963,-0.17238251864910126
1790030756760022300,0.596022216796875,0.1173158809542656,0.07900865375995636,0.031124621629714966
1790030756770062600,0.6060625,0.09816227108240128,0.004788403399288654,-0.08858546614646912
1790030756780102700,0.6161025390625,0.10295066982507706,0.009576806798577309,-0.14844051003456116
1790030756790143000,0.62614306640625,0.05506663769483566,-0.026336219161748886,0.026336219161748886
1790030756820202800,0.65620263671875,-0.05027823522686958,-0.040701430290937424,0.2059013396501541
1790030756840222500,0.676222412109375,-0.1149216815829277,-0.10055647045373917,0.05506663769483566
1790030756850262800,0.6862626953125,-0.043095629662275314,-0.07182604819536209,0.05267243832349777
1790030756860272400,0.6962724609375,-0.13407529890537262,-0.1173158809542656,0
1790030756870282200,0.7062822265625,-0.1604115068912506,0.014365210197865963,0.002394201699644327
1790030756880322600,0.716322509765625,0.1628057211637497,-0.002394201699644327,-0.011971008032560349
1790030756900372500,0.73637255859375,0.09576806426048279,-0.028730420395731926,-0.026336219161748886
1790030756910412800,0.746412841796875,0.1149216815829277,-0.11013327538967133,-0.10773907601833344
1790030756920422700,0.756422607421875,0.1364694982767105,-0.05506663769483566,-0.002394201699644327
1790030756930432300,0.766432373046875,0.0454898327589035,0.002394201699644327,-0.05267243832349777
1790030756940472600,0.77647265625,0.15322890877723694,-0.05027823522686958,-0.10534487664699554
1790030756950482400,0.786482421875,-0.002394201699644327,-0.09816227108240128,-0.040701430290937424
1790030756960461600,0.796461669921875,0.038307227194309235,-0.15322890877723694,-0.14365209639072418
1790030756970532400,0.806532470703125,-0.05267243832349777,-0.11013327538967133,-0.07900865375995636
1790030756980542200,0.816542236328125,0.1843535304069519,-0.05506663769483566,-0.15801730751991272
1790030757010571500,0.846571533203125,-0.1388636976480484,-0.043095629662275314,0.05267243832349777
1790030757020581400,0.856581298828125,-0.038307227194309235,0.0071826050989329815,-0.090979665517807
1790030757030560500,0.866560546875,-0.12210428714752197,0.06464344263076782,-0.1364694982767105
1790030757040600800,0.876600830078125,-0.019153613597154617,0.043095629662275314,0.12689268589019775
1790030757050610700,0.886610595703125,0.004788403399288654,-0.15801730751991272,0.0933738648891449
1790030757060620300,0.896620361328125,-0.011971008032560349,0,0.028730420395731926
1790030757080640000,0.916639892578125,-0.19871874153614044,0.05746084079146385,-0.0071826050989329815
1790030757090680000,0.92668017578125,-0.10773907601833344,0.035913024097681046,0.023942016065120697
1790030757100690000,0.93668994140625,-0.047884032130241394,0.06703764945268631,0.05027823522686958
1790030757110699800,0.94669970703125,0.019153613597154617,-0.1388636976480484,-0.06464344263076782
1790030757120679000,0.956678955078125,0.004788403399288654,-0.009576806798577309,-0.06703764945268631
1790030757130719200,0.96671923828125,-0.05985504388809204,0.13407529890537262,-0.090979665517807
1790030757140790000,0.9767900390625,0.12210428714752197,0,-0.14844051003456116
1790030757150800000,0.9867998046875,0.12689268589019775,-0.023942016065120697,-0.10055647045373917
1790030757160779000,0.996779052734375,0.08140286058187485,-0.07900865375995636,-0.14365209639072418
1790030757170849800,1.006849853515625,0.12928688526153564,-0.05267243832349777,-0.06464344263076782
1790030757180859600,1.016859619140625,0.12449848651885986,-0.11971008777618408,-0.11013327538967133
1790030757190838800,1.0268388671875,-0.009576806798577309,-0.15801730751991272,-0.11971008777618408
1790030757220959700,1.056959716796875,-0.038307227194309235,-0.08858546614646912,0.023942016065120697
1790030757230969600,1.066969482421875,-0.026336219161748886,-0.11013327538967133,-0.08379705995321274
1790030757241009700,1.077009765625,-0.016759412363171577,0.026336219161748886,-0.031124621629714966
1790030757251019500,1.08701953125,0.05027823522686958,0.07182604819536209,-0.05027823522686958
1790030757261029400,1.097029296875,0.021547814831137657,-0.12449848651885986,0.0933738648891449
1790030757271039000,1.1070390625,0.004788403399288654,-0.023942016065120697,0.12928688526153564
1790030757281048800,1.117048828125,0.028730420395731926,0.07661445438861847,0.019153613597154617
1790030757291028000,1.127028076171875,0.031124621629714966,0.031124621629714966,-0.07182604819536209
1790030757321118500,1.157118408203125,0.031124621629714966,0.06464344263076782,0.24181437492370605
1790030757331128000,1.167128173828125,0.05985504388809204,-0.05746084079146385,0.019153613597154617
1790030757341138000,1.177137939453125,-0.021547814831137657,0.05746084079146385,-0.07182604819536209
1790030757351178200,1.18717822265625,-0.035913024097681046,0.002394201699644327,0.06224924325942993
1790030757361218600,1.197218505859375,-0.014365210197865963,0.019153613597154617,0.08379705995321274
1790030757371228200,1.207228271484375,-0.06224924325942993,-0.040701430290937424,0.026336219161748886
1790030757381238000,1.217238037109375,0.038307227194309235,0.1412578970193863,0.043095629662275314
1790030757391278300,1.2272783203125,0.10534487664699554,-0.0454898327589035,-0.12689268589019775
1790030757421368600,1.25736865234375,0.05506663769483566,-0.12928688526153564,0.009576806798577309
1790030757431378400,1.26737841796875,0.004788403399288654,-0.2346317619085312,0.040701430290937424
1790030757451428400,1.287428466796875,-0.033518824726343155,-0.08379705995321274,-0.08619125932455063
1790030757461438200,1.297438232421875,-0.05985504388809204,-0.10773907601833344,-0.1604115068912506
1790030757471478500,1.307478515625,-0.0454898327589035,0.023942016065120697,-0.22266076505184174
1790030757481518800,1.317518798828125,-0.08619125932455063,-0.12449848651885986,-0.028730420395731926
1790030757491559200,1.32755908203125,-0.011971008032560349,-0.047884032130241394,-0.09576806426048279
1790030757521649400,1.3576494140625,-0.0454898327589035,0.038307227194309235,-0.14844051003456116
1790030757531659300,1.3676591796875,-0.06224924325942993,-0.12449848651885986,0.019153613597154617
1790030757541668900,1.3776689453125,0.040701430290937424,-0.038307227194309235,0.05506663769483566
1790030757561749500,1.39774951171875,0.05746084079146385,0.05985504388809204,0.002394201699644327
1790030757571759400,1.40775927734375,-0.028730420395731926,-0.12449848651885986,-0.011971008032560349
1790030757581769000,1.41776904296875,0.023942016065120697,0.08619125932455063,0.18914192914962769
1790030757591809300,1.427809326171875,0.05506663769483566,0.0071826050989329815,0.2298433631658554
1790030757601819100,1.437819091796875,0.08619125932455063,-0.033518824726343155,-0.14604631066322327
1790030757611828700,1.447828857421875,0.028730420395731926,0.047884032130241394,-0.05267243832349777
1790030757621838600,1.457838623046875,-0.0071826050989329815,-0.13407529890537262,0.10055647045373917
1790030757631848400,1.467848388671875,0.047884032130241394,-0.27054479718208313,-0.10773907601833344
1790030757641858000,1.477858154296875,0.040701430290937424,0.15083470940589905,0.1412578970193863
1790030757651928800,1.4879287109375,0.019153613597154617,0.16519992053508759,0.1388636976480484
1790030757661938700,1.497938720703125,-0.07422025501728058,-0.1867477297782898,-0.08379705995321274
1790030757671948500,1.507948486328125,0.033518824726343155,-0.028730420395731926,0.090979665517807
1790030757681958100,1.517958251953125,-0.08140286058187485,-0.06464344263076782,-0.05746084079146385
1790030757691968000,1.527968017578125,0.0933738648891449,-0.28730419278144836,-0.10295066982507706
1790030757701977900,1.537977783203125,0.07661445438861847,0.028730420395731926,-0.07182604819536209
1790030757722058200,1.558058349609375,0.0694318488240242,-0.014365210197865963,0.014365210197865963
1790030757742108400,1.5781083984375,-0.004788403399288654,-0.19871874153614044,0.05506663769483566
1790030757752118300,1.5881181640625,0.05027823522686958,-0.07182604819536209,-0.17238251864910126
1790030757762158300,1.598158447265625,0.05027823522686958,-0.09816227108240128,-0.11013327538967133
1790030757772168200,1.608168212890625,0.08379705995321274,0.05985504388809204,-0.12449848651885986
1790030757782178000,1.618177978515625,-0.06703764945268631,0.07422025501728058,0.10773907601833344
1790030757802228000,1.63822802734375,0.014365210197865963,-0.12928688526153564,0.0694318488240242
1790030757822247700,1.65824755859375,-0.0071826050989329815,0,-0.023942016065120697
1790030757852276700,1.68827685546875,-0.004788403399288654,-0.038307227194309235,0.038307227194309235
1790030757862286600,1.69828662109375,0.05506663769483566,-0.026336219161748886,0.1149216815829277
1790030757882336800,1.718336669921875,-0.06224924325942993,-0.004788403399288654,-0.014365210197865963
1790030757902386700,1.73838671875,-0.028730420395731926,0.05027823522686958,-0.10534487664699554
1790030757912396500,1.748396484375,0.05985504388809204,-0.06224924325942993,-0.1843535304069519
1790030757932477000,1.768476806640625,0,-0.0933738648891449,-0.08379705995321274
1790030757952496600,1.78849658203125,0.021547814831137657,-0.16759411990642548,-0.033518824726343155
1790030757962506200,1.79850634765625,0.035913024097681046,-0.19393034279346466,-0.13168109953403473
1790030757972546600,1.808546630859375,0.05746084079146385,-0.09576806426048279,-0.2777273952960968
1790030757982556400,1.818556396484375,-0.15322890877723694,-0.16519992053508759,-0.05506663769483566
1790030757992596700,1.8285966796875,0.026336219161748886,-0.11971008777618408,-0.11013327538967133
1790030758002637000,1.838636962890625,0.06703764945268631,-0.07422025501728058,-0.19632454216480255
1790030758052746800,1.888746826171875,0.10534487664699554,-0.14365209639072418,-0.07900865375995636
1790030758062817500,1.898817626953125,0.019153613597154617,-0.0933738648891449,0.07900865375995636
1790030758072857900,1.90885791015625,0.016759412363171577,-0.17238251864910126,0.1843535304069519
1790030758082898200,1.918898193359375,0.019153613597154617,0.08619125932455063,0.13168109953403473
1790030758092938500,1.9289384765625,0.014365210197865963,-0.07661445438861847,-0.1604115068912506
1790030758102948400,1.9389482421875,0.035913024097681046,-0.06224924325942993,-0.11252748221158981
1790030758112988400,1.948988525390625,-0.0071826050989329815,-0.12210428714752197,0.05506663769483566
1790030758133038600,1.96903857421875,0.05746084079146385,-0.11013327538967133,-0.023942016065120697
1790030758143048400,1.97904833984375,0.009576806798577309,-0.009576806798577309,-0.038307227194309235
1790030758163068000,1.99906787109375,0.004788403399288654,0.0454898327589035,0.15562310814857483
1790030758203106800,2.03910693359375,0.08379705995321274,0.07661445438861847,0
1790030758213116700,2.04911669921875,0.038307227194309235,0.011971008032560349,0.004788403399288654
1790030758223187500,2.0591875,0.009576806798577309,-0.047884032130241394,-0.07182604819536209
1790030758233197300,2.069197265625,-0.0454898327589035,0.08619125932455063,-0.026336219161748886
1790030758253247200,2.089247314453125,0.047884032130241394,0.031124621629714966,-0.06464344263076782
1790030758263257000,2.099257080078125,-0.011971008032560349,-0.10534487664699554,0.12689268589019775
1790030758273267000,2.109266845703125,0.014365210197865963,-0.08858546614646912,0.016759412363171577
1790030758283307000,2.11930712890625,-0.047884032130241394,-0.07182604819536209,-0.08858546614646912
1790030758313367000,2.149366943359375,-0.040701430290937424,0.047884032130241394,-0.016759412363171577
1790030758323346200,2.15934619140625,0.019153613597154617,-0.12449848651885986,0.038307227194309235
1790030758353436400,2.1894365234375,0.08619125932455063,0.019153613597154617,-0.05267243832349777
1790030758363446300,2.1994462890625,0.0071826050989329815,-0.07900865375995636,-0.17956513166427612
1790030758373456100,2.2094560546875,-0.035913024097681046,-0.031124621629714966,0.014365210197865963
1790030758393475600,2.2294755859375,0.016759412363171577,-0.040701430290937424,-0.05746084079146385
1790030758403516000,2.239515869140625,-0.019153613597154617,-0.10534487664699554,-0.040701430290937424
1790030758413556200,2.24955615234375,-0.05027823522686958,-0.035913024097681046,-0.043095629662275314
1790030758443677000,2.279677001953125,-0.028730420395731926,-0.19393034279346466,0
1790030758453686800,2.289686767578125,-0.009576806798577309,0.040701430290937424,-0.026336219161748886
1790030758473706200,2.309706298828125,0.10534487664699554,-0.07661445438861847,-0.06464344263076782
1790030758483746600,2.31974658203125,-0.016759412363171577,-0.040701430290937424,0.047884032130241394
1790030758503766000,2.33976611328125,-0.047884032130241394,-0.038307227194309235,0.05267243832349777
1790030758513806300,2.349806396484375,0.05746084079146385,-0.07422025501728058,0.090979665517807
1790030758583997000,2.419996826171875,-0.019153613597154617,-0.009576806798577309,-0.023942016065120697
1790030758594006500,2.430006591796875,0.019153613597154617,0.014365210197865963,0.038307227194309235
1790030758654217700,2.4902177734375,0.0933738648891449,0.05027823522686958,-0.009576806798577309
1790030758694317800,2.53031787109375,0.019153613597154617,0.043095629662275314,0.033518824726343155
1790030758734387500,2.570387451171875,0.031124621629714966,-0.035913024097681046,-0.12689268589019775
1790030758774487600,2.610487548828125,0.047884032130241394,-0.06464344263076782,0.038307227194309235
1790030758824689000,2.66068896484375,0.038307227194309235,-0.08140286058187485,0
1790030758854718200,2.69071826171875,0.047884032130241394,-0.016759412363171577,0.023942016065120697
1790030758864728000,2.70072802734375,0.11013327538967133,-0.05027823522686958,-0.05506663769483566
1790030758924878000,2.760878173828125,-0.17477671802043915,-0.13168109953403473,0.1843535304069519
1790030758995099100,2.83109912109375,0.028730420395731926,0.06464344263076782,-0.15083470940589905
1790030759025159000,2.861158935546875,-0.05267243832349777,-0.2992752194404602,-0.028730420395731926
1790030759035168800,2.871168701171875,0.033518824726343155,-0.19153612852096558,-0.10534487664699554
1790030759045209000,2.881208984375,-0.08379705995321274,0.004788403399288654,-0.17717093229293823
1790030759055249200,2.891249267578125,-0.021547814831137657,0.06703764945268631,-0.14844051003456116
1790030759065228500,2.901228515625,0.038307227194309235,-0.05506663769483566,-0.15562310814857483
1790030759075238400,2.91123828125,-0.040701430290937424,0.038307227194309235,-0.07182604819536209
1790030759105328600,2.94132861328125,0.12689268589019775,-0.28969839215278625,-0.2801215946674347
1790030759115369000,2.951368896484375,0.08858546614646912,-0.19393034279346466,-0.028730420395731926
1790030759145398300,2.981398193359375,-0.028730420395731926,-0.4141969084739685,-0.023942016065120697
1790030759155408000,2.991407958984375,-0.15801730751991272,-0.12210428714752197,-0.011971008032560349
1790030759235608000,3.071608154296875,-0.5339069962501526,-0.9289502501487732,-2.9233202934265137
1790030759245618000,3.081617919921875,-0.35434186458587646,-2.341529369354248,-3.9647979736328125
1790030759305798700,3.141798583984375,0.8858546018600464,-2.6815059185028076,-2.38462495803833
1790030759315839000,3.1518388671875,0.17956513166427612,-1.9632453918457031,-2.078166961669922
1790030759325848600,3.1618486328125,-0.30885201692581177,-1.53707754611969,-2.367865562438965
1790030759335889000,3.171888916015625,-0.3423708379268646,-3.35667085647583,-3.227383852005005
1790030759345898800,3.181898681640625,-0.7996633648872375,-1.2856862545013428,-2.9664158821105957
1790030759355939000,3.19193896484375,-1.3910311460494995,-1.2665326595306396,-1.3335703611373901
1790030759365948700,3.20194873046875,-2.209848165512085,-1.4963760375976562,-1.845929503440857
1790030759375958500,3.21195849609375,-2.3582887649536133,-0.7565677165985107,-2.4229321479797363
1790030759385968400,3.221968505859375,-2.1571757793426514,-0.6368576288223267,-1.2617442607879639
1790030759396008400,3.232008544921875,-1.9153614044189453,-1.2449848651885986,-1.5131354331970215
1790030759446118400,3.282118408203125,-1.9153614044189453,0.08858546614646912,-0.2585737705230713
1790030759466137900,3.302137939453125,-2.698265314102173,-2.801215887069702,-3.7469255924224854
1790030759476208600,3.312208740234375,-2.82515811920166,-0.8762778043746948,-2.9448680877685547
1790030759486218500,3.322218505859375,-1.7980455160140991,0.06224924325942993,-1.5466543436050415
1790030759496258800,3.3322587890625,-0.2849099934101105,-0.35673606395721436,-1.2689268589019775
1790030759506268700,3.3422685546875,0.6105214357376099,0.031124621629714966,-1.5275006294250488
1790030759516308700,3.352308837890625,0.828393816947937,-1.4317326545715332,-2.5737667083740234
1790030759576428500,3.412428466796875,-0.3232172429561615,-1.2665326595306396,-1.1228805780410767
1790030759586438100,3.422438232421875,-0.11971008777618408,-0.2801215946674347,-1.4844050407409668
1790030759596448000,3.432447998046875,-1.3958195447921753,1.0103530883789062,0.8667010068893433
1790030759606488300,3.44248828125,-3.050212860107422,1.50355863571167,2.3989901542663574
1790030759616498000,3.452497802734375,-4.060565948486328,0.5434837937355042,1.173158884048462
1790030759626507800,3.4625078125,-4.230554580688477,-1.0773907899856567,0.8834604024887085
1790030759636548000,3.472548095703125,-4.410119533538818,-0.7493851184844971,0.13407529890537262
1790030759656567600,3.492567626953125,-4.2760443687438965,0.8068459630012512,-1.680729627609253
1790030759666577400,3.502577392578125,-4.924872875213623,2.0853497982025146,0.272938996553421
1790030759676617700,3.51261767578125,-4.529829502105713,2.051830768585205,0.7493851184844971
1790030759686627300,3.52262744140625,-4.268861770629883,1.0055646896362305,0.6488286852836609
1790030759696637200,3.53263720703125,-4.357447147369385,-0.524330198764801,1.256955862045288
1790030759706647000,3.54264697265625,-5.1331682205200195,-0.6488286852836609,2.5019407272338867
1790030759716656600,3.55265673828125,-6.366182327270508,0.6727706789970398,3.1531636714935303
1790030759726666500,3.56266650390625,-6.246472358703613,0.47884035110473633,0.7086837291717529
1790030759736676400,3.57267626953125,-5.329493045806885,0.3064578175544739,0.3447650372982025
1790030759746686000,3.58268603515625,-5.214571475982666,0.545877993106842,1.5897499322891235
1790030759756695800,3.59269580078125,-5.154716491699219,1.434126853942871,2.123656988143921
1790030759766766600,3.6027666015625,-4.857835292816162,2.43011474609375,3.0861260890960693
1790030759776776400,3.6127763671875,-4.436455726623535,2.0183119773864746,3.069366693496704
1790030759786786000,3.6227861328125,-4.630385875701904,2.300827741622925,2.4875755310058594
1790030759796796000,3.6327958984375,-4.55616569519043,2.6384103298187256,2.4875755310058594
1790030759826855700,3.662855712890625,-3.8139634132385254,1.8962076902389526,2.719813108444214
1790030759836926500,3.672926513671875,-3.6822822093963623,1.3862427473068237,3.4404678344726562
1790030759856976600,3.6929765625,-2.477998733520508,1.9512743949890137,3.1028854846954346
1790030759907025400,3.743025390625,0.2082955539226532,1.7310078144073486,4.0078935623168945
1790030759927075300,3.763075439453125,-0.586579442024231,0.33758243918418884,2.492363929748535
1790030759947125500,3.78312548828125,-1.3455413579940796,0.689530074596405,2.6671407222747803
1790030759957135400,3.79313525390625,-1.5849615335464478,0.45250412821769714,1.8842366933822632
1790030759967145000,3.80314501953125,-1.6735470294952393,1.1563993692398071,1.4101848602294922
1790030759977154800,3.81315478515625,-1.4460978507995605,2.0614075660705566,1.170764684677124
1790030759987195100,3.823195068359375,-0.7493851184844971,2.300827741622925,1.2234370708465576
1790030759997204700,3.833204833984375,-0.0454898327589035,1.1204863786697388,1.3239935636520386
1790030760007214600,3.843214599609375,0.06464344263076782,0.6057330369949341,1.5418659448623657
1790030760017224400,3.853224365234375,-0.5817909836769104,0.31842881441116333,1.3455413579940796
1790030760027234000,3.863234130859375,-1.0797849893569946,-0.1628057211637497,1.3623007535934448
1790030760047314700,3.883314697265625,-1.4269442558288574,0.7254431247711182,0.24899697303771973
1790030760107465000,3.94346484375,-2.609679937362671,0.608127236366272,0.4692635238170624
1790030760117474600,3.953474609375,-1.7621324062347412,0.2561795711517334,-0.4644751250743866
1790030760127545300,3.96354541015625,-1.2066776752471924,-1.3862427473068237,-1.2497732639312744
1790030760137585700,3.973585693359375,-0.9313444495201111,-2.2912509441375732,-2.7078421115875244
1790030760147595500,3.983595458984375,-1.4508862495422363,-0.6823474764823914,-2.542642116546631
1790030760217725000,4.053724853515625,-2.4684219360351562,-0.7398083209991455,-1.3096283674240112
1790030760227734500,4.063734619140625,-2.5665841102600098,0.3232172429561615,0.043095629662275314
1790030760287854300,4.123854248046875,-2.365471363067627,-2.537853717803955,-0.0933738648891449
1790030760297864000,4.133864013671875,-1.9393033981323242,-2.3942017555236816,-1.941697597503662
1790030760307873800,4.143873779296875,-1.3886369466781616,-1.601720929145813,-2.0207061767578125
1790030760327923700,4.163923828125,-0.4884171485900879,0.21547815203666687,-1.1899182796478271
1790030760337964000,4.173964111328125,-0.5123591423034668,0.45489832758903503,-0.395043283700943
1790030760347974000,4.183973876953125,-0.38067805767059326,-2.5091233253479004,-1.1180921792984009
1790030760368023800,4.20402392578125,-1.2210428714752197,-2.0829553604125977,-1.9057846069335938
1790030760378033700,4.21403369140625,-0.7852981686592102,-2.9448680877685547,-2.410961151123047
1790030760388043500,4.22404345703125,-0.3471592366695404,-1.5610195398330688,-2.4875755310058594
1790030760398083800,4.234083740234375,0.031124621629714966,-0.22266076505184174,-1.2066776752471924
1790030760408093400,4.244093505859375,0.545877993106842,1.522712230682373,0.026336219161748886
1790030760418103300,4.254103271484375,1.0893617868423462,2.1092917919158936,0.8547300100326538
1790030760428143600,4.2641435546875,1.1037269830703735,1.3072341680526733,1.7070658206939697
1790030760438153200,4.2741533203125,0.12449848651885986,-0.20350714027881622,0.6057330369949341
1790030760498334000,4.334333984375,0.0694318488240242,1.400607943534851,1.2665326595306396
1790030760508343800,4.34434375,-0.09816227108240128,0.9265560507774353,0.5817909836769104
1790030760518353400,4.354353515625,0.016759412363171577,1.1061211824417114,0.47165772318840027
1790030760528363300,4.36436328125,0.31603461503982544,-0.21308395266532898,0.7757213711738586
1790030760538403600,4.374403564453125,-0.21787235140800476,-1.216254472732544,-0.2561795711517334
1790030760568493800,4.404493896484375,-2.5953147411346436,1.4915876388549805,-0.3998316824436188
1790030760588544000,4.4245439453125,-1.0271124839782715,0.4357447028160095,0.17238251864910126
1790030760598553600,4.4345537109375,-0.6655880808830261,0.5650315880775452,0.06703764945268631
1790030760618573300,4.4545732421875,-0.10295066982507706,-0.31364041566848755,-0.12928688526153564
1790030760628644000,4.46464404296875,-0.5291185975074768,-0.42616790533065796,-0.7589619159698486
1790030760638653700,4.47465380859375,-1.0414776802062988,-0.3423708379268646,-0.4620809257030487
1790030760668713700,4.504713623046875,-1.216254472732544,0.2537853717803955,0.6177040338516235
1790030760688702700,4.52470263671875,-0.40701428055763245,-0.5770025849342346,-0.0071826050989329815
1790030760698743000,4.534742919921875,-0.18914192914962769,-1.161187767982483,-0.9792284965515137
1790030760718793000,4.55479296875,-0.10295066982507706,-0.49559974670410156,-0.751779317855835
1790030760728802800,4.564802734375,-0.1173158809542656,0.7709329724311829,0.10773907601833344
1790030760738843100,4.574843017578125,-0.17477671802043915,1.41257905960083,0.4357447028160095
1790030760748852700,4.584852783203125,-0.05027823522686958,0.5578489899635315,0.5937620401382446
1790030760778912500,4.61491259765625,-0.950498104095459,-0.5817909836769104,-0.5961562395095825
1790030760808972300,4.64497216796875,-0.751779317855835,-0.730231523513794,-0.40222588181495667
1790030760858990600,4.694990478515625,-0.667982280254364,-1.2832920551300049,-0.20350714027881622
1790030760869031000,4.705031005859375,-0.7709329724311829,-0.8212111592292786,0.38546648621559143
1790030760929242000,4.7652421875,-0.19153612852096558,0.30885201692581177,0.24899697303771973
1790030760989392400,4.825392333984375,-1.4724340438842773,0.5410895943641663,0.11252748221158981
1790030761029462000,4.8654619140625,-0.9169792532920837,-0.009576806798577309,0.3998316824436188
1790030761039471600,4.8754716796875,-1.1635819673538208,-1.2952631711959839,-0.7038952708244324
1790030761049512000,4.885511962890625,-0.9768342971801758,-1.6280571222305298,-1.1420341730117798
1790030761059491300,4.8954912109375,-0.6224924325942993,-0.9864110946655273,-0.48602294921875
1790030761069470500,4.905470458984375,-0.33997663855552673,-1.2425906658172607,-0.8786720037460327
1790030761079541200,4.915541259765625,-0.2082955539226532,-1.3766659498214722,-1.4891934394836426
1790030761089551000,4.925551025390625,0.06703764945268631,-0.8523358106613159,-0.9193734526634216
1790030761099591400,4.93559130859375,0.4381389021873474,-0.43335050344467163,-0.47884035110473633
1790030761109601000,4.94560107421875,0.6631938815116882,0.2753331959247589,-0.40462008118629456
1790030761119641300,4.955641357421875,0.47884035110473633,0.6105214357376099,-0.2992752194404602
1790030761159741400,4.995741455078125,-0.45489832758903503,0.8690952062606812,-0.751779317855835
1790030761219861000,5.055861083984375,-0.8236053586006165,-0.4165911078453064,-1.7717092037200928
1790030761269971000,5.105970947265625,1.41257905960083,-2.8227639198303223,-3.689464807510376
1790030761320081000,5.156080810546875,1.1563993692398071,-3.9624037742614746,-5.202600479125977
1790030761330090500,5.166090576171875,1.6424223184585571,-4.5394062995910645,-5.95677375793457
1790030761340100400,5.176100341796875,1.5658079385757446,-3.3925838470458984,-5.1810526847839355
1790030761350140700,5.186140625,0.8643068075180054,-3.224989652633667,-4.618414878845215
1790030761360150300,5.196150390625,0.3447650372982025,-4.261679172515869,-5.47075080871582
1790030761370160000,5.20616015625,-0.24420857429504395,-3.112462282180786,-4.671087741851807
1790030761400250400,5.23625048828125,-1.5418659448623657,-2.0805611610412598,-3.0382418632507324
1790030761410260200,5.24626025390625,-1.9057846069335938,-2.47560453414917,-2.609679937362671
1790030761420270000,5.25627001953125,-2.3965959548950195,-2.0159177780151367,-2.6623523235321045
1790030761430371300,5.266371337890625,-2.4420857429504395,-0.6871358752250671,-2.0015525817871094
1790030761440411600,5.27641162109375,-1.8411411046981812,0.545877993106842,0.3423708379268646
1790030761450421500,5.28642138671875,-1.9512743949890137,-0.19632454216480255,0.768538773059845
1790030761460331300,5.296331298828125,-2.1787235736846924,-2.209848165512085,-1.5155296325683594
1790030761470340900,5.3063408203125,-2.628833532333374,-2.8634653091430664,-2.1954829692840576
1790030761480350700,5.316350830078125,-2.564189910888672,-1.5634137392044067,-1.0558429956436157
1790030761490391000,5.32639111328125,-2.3343467712402344,-1.1755530834197998,-1.290474772453308
1790030761500400600,5.336400634765625,-1.8579005002975464,-0.6727706789970398,-0.730231523513794
1790030761520420400,5.35642041015625,-1.0606313943862915,-0.3447650372982025,-0.9289502501487732
1790030761550480100,5.386480224609375,-0.8212111592292786,-0.4644751250743866,0.05027823522686958
1790030761560489700,5.39648974609375,-1.2497732639312744,-0.950498104095459,-0.7589619159698486
1790030761570530000,5.406530029296875,-1.1755530834197998,-0.7972691655158997,-0.047884032130241394
1790030761590610700,5.426610595703125,-2.5953147411346436,-0.05027823522686958,-0.8020575642585754
1790030761610630100,5.446630126953125,-3.361459255218506,1.5059528350830078,2.7293899059295654
1790030761620640000,5.456639892578125,-3.754108190536499,1.7310078144073486,2.0398597717285156
1790030761630649900,5.46664990234375,-3.56017804145813,0.9361328482627869,0.9002198576927185
1790030761660740000,5.496739990234375,-2.9544448852539062,-0.272938996553421,-0.27054479718208313
1790030761710941400,5.54694140625,-3.2345664501190186,1.3455413579940796,0.36152446269989014
1790030761760990200,5.596990234375,-2.9161376953125,1.0630255937576294,0.6392518281936646
1790030761771030500,5.607030517578125,-2.7988216876983643,1.3263877630233765,2.6886885166168213
1790030761831150300,5.667150390625,-2.233790159225464,3.8522706031799316,4.982333660125732
1790030761841160000,5.677159912109375,-1.6831238269805908,4.599261283874512,4.60165548324585
1790030761901279700,5.73727978515625,-0.912190854549408,1.965639591217041,3.090914487838745
1790030761971378400,5.80737841796875,-1.1755530834197998,0.9481038451194763,0.8523358106613159
1790030762031589600,5.867589599609375,-0.10055647045373917,-0.9864110946655273,0.27054479718208313
1790030762061680000,5.89768017578125,-2.0254945755004883,2.032677173614502,1.3072341680526733
1790030762071689700,5.907689697265625,-1.4460978507995605,0.7996633648872375,-0.4405331015586853
1790030762091740000,5.927739990234375,-1.0462661981582642,-2.075772762298584,-0.5602431893348694
1790030762111789800,5.947789794921875,-2.8586769104003906,0.5530605912208557,-0.2561795711517334
1790030762121830100,5.957830078125,-2.8634653091430664,1.1516109704971313,-0.5770025849342346
1790030762131840000,5.967840087890625,-2.1739351749420166,1.070208191871643,-1.3024457693099976
1790030762141849600,5.977849609375,-1.558625340461731,1.1492167711257935,-0.9074024558067322
1790030762161930200,5.99793017578125,-1.8148049116134644,0.05267243832349777,0.33997663855552673
1790030762192051200,6.02805126953125,-2.9257144927978516,-1.0606313943862915,-1.4413094520568848
1790030762232151300,6.0681513671875,-1.2880805730819702,-0.5027823448181152,-1.9728221893310547
1790030762252231700,6.088231689453125,-3.021482467651367,-1.0103530883789062,0.42856210470199585
1790030762262241500,6.098241455078125,-2.6791117191314697,-1.400607943534851,-0.3687070608139038
1790030762272281900,6.10828173828125,-1.7286136150360107,-0.751779317855835,-0.6751648783683777
1790030762282291700,6.118291748046875,-1.048660397529602,0.13407529890537262,-0.8164227604866028
1790030762292301300,6.12830126953125,-0.4165911078453064,0.13168109953403473,-0.8379706144332886
1790030762302311200,6.138311279296875,-0.7374141216278076,0.47884035110473633,0.4836287498474121
1790030762312351500,6.1483515625,-1.3862427473068237,0.2346317619085312,0.8427590131759644
1790030762322361000,6.158361083984375,-1.8411411046981812,0,-0.45010992884635925
1790030762332371000,6.168370849609375,-2.7461493015289307,-0.38307225704193115,-0.6416460275650024
1790030762372501500,6.20850146484375,0.23702596127986908,-1.8291701078414917,-2.4851813316345215
1790030762382511400,6.218511474609375,0.545877993106842,0.45489832758903503,-0.5171475410461426
1790030762452732200,6.288732177734375,0.49559974670410156,-0.38067805767059326,0.2849099934101105
1790030762472751900,6.308751953125,0.24181437492370605,0.9217676520347595,0.7876923680305481
1790030762482761500,6.318761474609375,0.1412578970193863,1.0773907899856567,0.7613561153411865
1790030762492771300,6.328771240234375,-0.5578489899635315,1.9057846069335938,0.11252748221158981
1790030762502811600,6.338811767578125,-0.9792284965515137,1.1252747774124146,0.3280056416988373
1790030762512852000,6.34885205078125,-1.1228805780410767,1.3287819623947144,1.0797849893569946
1790030762522861600,6.358861572265625,-1.6663644313812256,0.8212111592292786,1.9105730056762695
1790030762532841000,6.368841064453125,-2.4660277366638184,0.272938996553421,0.31124621629714966
1790030762542850600,6.3788505859375,-2.7269957065582275,1.1779472827911377,-0.12689268589019775
1790030762552891000,6.388890869140625,-1.9847931861877441,2.0422539710998535,1.1348515748977661
1790030762562900700,6.398900634765625,-1.1276689767837524,2.0231003761291504,1.7286136150360107
1790030762572941000,6.408941162109375,-0.790086567401886,-0.05267243832349777,0.45489832758903503
1790030762592960500,6.42896044921875,-1.8914192914962769,-1.941697597503662,-0.9026140570640564
1790030762603000800,6.439000732421875,-1.460463047027588,-1.625662922859192,-0.15562310814857483
1790030762613041200,6.449041259765625,-0.40940847992897034,-1.482010841369629,-0.5554547905921936
1790030762623050800,6.45905078125,0.1388636976480484,-1.137245774269104,-0.5746083855628967
1790030762633060600,6.469060546875,-0.002394201699644327,-1.2880805730819702,-1.1276689767837524
1790030762643131400,6.47913134765625,-0.15083470940589905,-1.3982137441635132,-0.9696516990661621
1790030762653141200,6.489141357421875,-0.0933738648891449,-1.8411411046981812,-2.0207061767578125
1790030762663181600,6.499181640625,-0.20350714027881622,-1.161187767982483,-2.161964178085327
1790030762673191200,6.509191162109375,-0.33758243918418884,-0.8212111592292786,-1.3503297567367554
1790030762693211000,6.5292109375,-0.44532153010368347,0.3280056416988373,-0.4165911078453064
1790030762723240200,6.559240234375,-0.8403648138046265,-0.11252748221158981,-1.036689281463623
1790030762733249800,6.569249755859375,-0.9816226959228516,-0.7350199222564697,-1.556231141090393
1790030762743259600,6.579259765625,-0.3016694188117981,-0.8164227604866028,-1.0821791887283325
1790030762813389000,6.64938916015625,-0.3926490843296051,-1.900996208190918,-1.455674648284912
1790030762863529500,6.699529541015625,0.17956513166427612,-0.5219359993934631,-1.886630892753601
1790030762873569800,6.70956982421875,0.35913026332855225,-0.545877993106842,-1.3838485479354858
1790030762883609900,6.71960986328125,0.5339069962501526,-0.4429273009300232,-0.8571242094039917
1790030762903629600,6.739629638671875,0.6775590777397156,0.5602431893348694,0.4620809257030487
1790030762913639200,6.74963916015625,0.706289529800415,0.9002198576927185,1.766920804977417
1790030762923649000,6.75964892578125,0.4908113479614258,0.8523358106613159,1.6352397203445435
1790030762953708800,6.789708740234375,-0.272938996553421,0.10773907601833344,0.24181437492370605
1790030762963718700,6.79971875,-0.31603461503982544,0.44532153010368347,0.7924807667732239
1790030763003818800,6.83981884765625,-0.4596867263317108,1.41257905960083,1.5897499322891235
1790030763013828400,6.849828369140625,-0.4692635238170624,1.359906554222107,1.2282254695892334
1790030763023838200,6.859838134765625,-0.3519476354122162,0.9696516990661621,0.6967126727104187
1790030763033878500,6.86987841796875,-0.4644751250743866,0.8595184087753296,0.9792284965515137
1790030763043888400,6.879888427734375,-0.6991068720817566,0.33279404044151306,1.1779472827911377
1790030763073917700,6.909917724609375,-0.3280056416988373,0.31603461503982544,-0.24181437492370605
1790030763083927300,6.91992724609375,-0.19153612852096558,-0.22266076505184174,-0.9409212470054626
1790030763093967600,6.929967529296875,-0.07422025501728058,-0.6512228846549988,-1.4700398445129395
1790030763104008000,6.940008056640625,-0.17238251864910126,-1.742978811264038,-1.8267759084701538
1790030763114017800,6.950017822265625,-0.22505496442317963,-2.499546527862549,-2.875436305999756
1790030763124027400,6.96002734375,0.0071826050989329815,-1.8746598958969116,-2.6839001178741455
1790030763134037200,6.970037353515625,0.2992752194404602,-1.8746598958969116,-2.5043349266052246
1790030763144046800,6.980046875,0.3998316824436188,-2.9233202934265137,-4.448426723480225
1790030763174137300,7.010137451171875,0.4405331015586853,-5.118803024291992,-5.48272180557251
1790030763194187300,7.030187255859375,0.6153098344802856,-2.7078421115875244,-4.855441093444824
1790030763234257000,7.0702568359375,0.4357447028160095,-2.741360902786255,-2.7006595134735107
1790030763244236300,7.080236328125,0.2059013396501541,-3.823540210723877,-3.4117374420166016
1790030763294437600,7.130437744140625,-1.4293384552001953,-1.192312479019165,-2.011129379272461
1790030763304447200,7.140447265625,-1.403002142906189,-1.137245774269104,-2.1116859912872314
1790030763314457000,7.15045703125,-1.1252747774124146,-2.1045033931732178,-2.2170307636260986
1790030763324467000,7.160467041015625,-2.274491548538208,-1.8411411046981812,-3.047818660736084
1790030763334476500,7.1704765625,-3.5960910320281982,-1.6184803247451782,-4.02465295791626
1790030763344486400,7.180486328125,-4.1395745277404785,-1.2689268589019775,-3.028665065765381
1790030763354496300,7.190496337890625,-3.0597896575927734,-0.1388636976480484,-1.314416766166687
1790030763374546200,7.210546142578125,0.4429273009300232,0.31842881441116333,-0.646434485912323
1790030763384586500,7.22058642578125,0.9888052940368652,-0.2082955539226532,-1.1994950771331787
1790030763394596400,7.230596435546875,0.3256114423274994,-1.1516109704971313,-1.436521053314209
1790030763404606000,7.24060595703125,-1.2976573705673218,0.3256114423274994,0.06703764945268631
1790030763414615800,7.25061572265625,-1.403002142906189,-1.01753568649292,-0.6344634294509888
1790030763424625700,7.260625732421875,-1.192312479019165,0.4692635238170624,0.31124621629714966
1790030763434666000,7.270666015625,-0.9744400978088379,-1.4676456451416016,0.9457096457481384
1790030763444706000,7.2807060546875,-0.524330198764801,0.090979665517807,-0.35673606395721436
1790030763454716000,7.2907158203125,-0.4692635238170624,0.45010992884635925,-0.8164227604866028
1790030763464756200,7.300756103515625,0.3495534360408783,-0.6416460275650024,0.004788403399288654
1790030763494816000,7.33081591796875,-1.5155296325683594,-0.8044517636299133,-2.121262788772583
1790030763504856300,7.340856201171875,-1.1061211824417114,-2.3750481605529785,-3.0621838569641113
1790030763514866200,7.3508662109375,-0.9409212470054626,-1.4628572463989258,-0.9624691009521484
1790030763524875800,7.360875732421875,-0.751779317855835,-0.14844051003456116,1.0295066833496094
1790030763534946600,7.370946533203125,0.0071826050989329815,0.8690952062606812,-0.4644751250743866
1790030763544956400,7.380956298828125,-1.460463047027588,2.9305028915405273,1.821987509727478
1790030763554966300,7.39096630859375,-0.7948749661445618,1.9057846069335938,0.7589619159698486
1790030763564975900,7.400975830078125,-1.659181833267212,0.6847416758537292,0.6775590777397156
1790030763615055400,7.451055419921875,-1.7621324062347412,1.647210717201233,1.460463047027588
1790030763655094300,7.49109423828125,0.09816227108240128,0.6416460275650024,-0.08619125932455063
1790030763695194400,7.5311943359375,-0.8762778043746948,-0.5961562395095825,0.8619126081466675
1790030763715244500,7.55124462890625,-1.8818424940109253,3.090914487838745,2.1116859912872314
1790030763735294500,7.57129443359375,-2.078166961669922,1.8914192914962769,2.96162748336792
1790030763745304300,7.58130419921875,-1.558625340461731,0.44532153010368347,2.8993782997131348
1790030763755314200,7.591314208984375,-1.8052281141281128,1.3766659498214722,3.3255462646484375
1790030763765323800,7.60132373046875,-1.5610195398330688,0.17717093229293823,2.6599581241607666
1790030763775333600,7.611333740234375,-2.209848165512085,1.3551181554794312,3.5913026332855225
1790030763785343200,7.62134326171875,-3.157952070236206,1.8626888990402222,4.335899353027344
1790030763795353000,7.63135302734375,-3.2561142444610596,2.492363929748535,3.9193081855773926
1790030763805363000,7.641363037109375,-3.5051112174987793,3.6511576175689697,4.69024133682251
1790030763835392300,7.671392333984375,-1.0342950820922852,2.540247917175293,4.663905143737793
1790030763845432600,7.6814326171875,-1.2258312702178955,2.956839084625244,6.19379997253418
1790030763855442200,7.691442138671875,-1.7166426181793213,2.7054479122161865,5.307945251464844
1790030763925541000,7.761541015625,-0.6105214357376099,2.2864625453948975,2.410961151123047
1790030763935551000,7.771551025390625,-0.7015010714530945,1.3718775510787964,1.3838485479354858
1790030763945591000,7.781591064453125,-0.40462008118629456,1.525106430053711,0.14844051003456116
1790030763955601000,7.791600830078125,-0.37828385829925537,0.4596867263317108,1.1300631761550903
1790030763965641200,7.80164111328125,0.16519992053508759,0.7374141216278076,0.828393816947937
1790030763975651000,7.811651123046875,-0.5722141861915588,0.871489405632019,1.6328455209732056
1790030763985691100,7.821691162109375,-1.1085153818130493,1.01753568649292,1.680729627609253
1790030763995731500,7.8317314453125,-1.3718775510787964,2.142810583114624,1.8195933103561401
1790030764005741300,7.8417412109375,-0.8690952062606812,1.5610195398330688,1.5873557329177856
1790030764015781600,7.85178173828125,-0.5602431893348694,1.0749965906143188,1.0965443849563599
1790030764025791200,7.861791259765625,-0.1628057211637497,0.37828385829925537,0.35913026332855225
1790030764035862300,7.8718623046875,-0.07422025501728058,0.11013327538967133,0.8667010068893433
1790030764045871900,7.881871826171875,-0.5434837937355042,0.5147533416748047,1.6903064250946045
1790030764055912200,7.891912109375,-1.5179238319396973,0.629675030708313,2.0446481704711914
1790030764065922000,7.901922119140625,-2.1739351749420166,1.048660397529602,1.4772224426269531
1790030764085941500,7.92194140625,-1.9081788063049316,1.158793568611145,-0.30885201692581177
1790030764136051500,7.972051513671875,-1.1061211824417114,-1.6974890232086182,0.40940847992897034
1790030764166172200,8.002172119140624,-1.742978811264038,3.466804027557373,0.05267243832349777
1790030764226261200,8.06226123046875,-1.7118542194366455,-1.5275006294250488,-2.3774423599243164
1790030764276340700,8.1123408203125,-1.4245500564575195,-2.2433669567108154,-2.8610711097717285
1790030764286350300,8.122350341796874,-0.7972691655158997,-2.516305923461914,-2.7269957065582275
1790030764296360200,8.132360107421874,-0.8786720037460327,-2.0183119773864746,-1.7357962131500244
1790030764306400500,8.142400390625,-0.768538773059845,-1.3934253454208374,-1.3024457693099976
1790030764316410400,8.152410400390625,-0.7398083209991455,0.5985504388809204,-0.13407529890537262
1790030764326420000,8.162419921875,-0.304063618183136,0.9600749015808105,0.4381389021873474
1790030764336460300,8.172460205078124,0.5889736413955688,0.5195417404174805,-0.8212111592292786
1790030764346500600,8.18250048828125,0.5746083855628967,-1.1420341730117798,-2.5977089405059814
1790030764376560400,8.212560302734374,0.19632454216480255,-0.7422025203704834,-0.2298433631658554
1790030764386570200,8.2225703125,1.072602391242981,-1.3479355573654175,-0.5889736413955688
1790030764396579800,8.232579833984374,1.1851298809051514,-2.0039467811584473,-1.6136919260025024
1790030764406589700,8.242589599609374,0.5961562395095825,-1.0558429956436157,-1.1875240802764893
1790030764416630000,8.252630126953125,0.6272808313369751,-0.21547815203666687,0.45010992884635925
1790030764426639600,8.2626396484375,0.17477671802043915,0.8595184087753296,1.6112977266311646
1790030764436649500,8.2726494140625,-0.5434837937355042,-0.667982280254364,-0.8906430602073669
1790030764446659300,8.282659423828125,-1.0414776802062988,-1.41257905960083,-1.6352397203445435
1790030764476749600,8.31274951171875,0.43095630407333374,0.3064578175544739,-1.2497732639312744
1790030764486759400,8.322759521484375,0.5961562395095825,1.723825216293335,0.24660277366638184
1790030764496830200,8.332830322265625,0.23702596127986908,2.3367409706115723,1.8818424940109253
1790030764506870500,8.34287060546875,-0.08858546614646912,1.764526605606079,0.8068459630012512
1790030764526890000,8.362889892578124,-0.7852981686592102,-0.8571242094039917,-0.586579442024231
1790030764536899800,8.37289990234375,-1.3958195447921753,-1.0989385843276978,-0.9672574996948242
1790030764546909400,8.382909423828124,-1.01753568649292,-0.9313444495201111,-0.751779317855835
1790030764556919300,8.392919189453124,-0.5195417404174805,0.2106897532939911,0.06224924325942993
1790030764566929200,8.40292919921875,-0.33039984107017517,0.5530605912208557,0.47405192255973816
1790030764586948600,8.422948486328124,0.3902548849582672,-0.016759412363171577,-0.9026140570640564
1790030764596958500,8.43295849609375,0.5003881454467773,-0.040701430290937424,-0.8643068075180054
1790030764606998500,8.44299853515625,0.7158663272857666,-0.8547300100326538,-1.094150185585022
1790030764627079200,8.4630791015625,0.1173158809542656,-0.9457096457481384,-0.8451532125473022
1790030764697117000,8.533116943359374,-0.6775590777397156,-0.6320692300796509,-0.38546648621559143
1790030764717167000,8.5531669921875,-0.6440402865409851,0.14365209639072418,0.3256114423274994
1790030764727146200,8.563146240234374,-0.40222588181495667,0.4668693244457245,0.5267243981361389
1790030764737186600,8.5731865234375,-0.09816227108240128,-0.0933738648891449,-0.002394201699644327
1790030764747166000,8.583166015625,-0.2322375625371933,-0.8092401623725891,-0.1412578970193863
1790030764797306400,8.633306396484375,-0.1412578970193863,-0.31842881441116333,-0.6488286852836609
1790030764807316000,8.64331591796875,-0.4141969084739685,-0.0694318488240242,-1.2258312702178955
1790030764837314800,8.673314697265624,0.3878606855869293,-0.730231523513794,-0.8259995579719543
1790030764847355100,8.683355224609375,0.10055647045373917,-0.13168109953403473,-0.811634361743927
1790030764857364700,8.69336474609375,-0.08858546614646912,0.13407529890537262,-0.993593692779541
1790030764867405000,8.703405029296874,-0.21547815203666687,0.24899697303771973,-1.158793568611145
1790030764877415000,8.713414794921874,-0.1364694982767105,-0.40462008118629456,-0.9840168952941895
1790030764887424800,8.7234248046875,-0.10055647045373917,-0.06703764945268631,-0.7613561153411865
1790030764897434400,8.733434326171874,-0.2992752194404602,0.42377370595932007,-0.4572925269603729
1790030764907444200,8.7434443359375,-0.15322890877723694,0.0933738648891449,-0.3519476354122162
1790030764917453800,8.753453857421874,-0.10534487664699554,0.15083470940589905,-0.3998316824436188
1790030764927463700,8.763463623046874,-0.2298433631658554,0.33279404044151306,-0.49320554733276367
1790030764937504000,8.77350390625,-0.15083470940589905,0.6416460275650024,-0.2849099934101105
1790030764947513900,8.783513916015625,-0.12928688526153564,0.7422025203704834,0.05267243832349777
1790030764957493000,8.793492919921874,-0.23702596127986908,0.6751648783683777,-0.17477671802043915
1790030764967533300,8.803533203125,-0.5554547905921936,0.3878606855869293,-0.6105214357376099
1790030764977573600,8.81357373046875,-0.8236053586006165,-0.031124621629714966,-0.3208230137825012
1790030765027714000,8.863714111328125,-0.011971008032560349,-0.1628057211637497,0.2968810200691223
1790030765057712600,8.893712646484374,0.35913026332855225,0.689530074596405,1.558625340461731
1790030765067722500,8.903722412109374,0.15801730751991272,0.7445967197418213,2.3080103397369385
1790030765077793300,8.913793212890624,-0.181959331035614,0.7254431247711182,2.1356279850006104
1790030765087772700,8.923772705078125,-0.5386953949928284,0.6727706789970398,1.7860745191574097
1790030765097782300,8.9337822265625,-0.7733271718025208,0.28730419278144836,1.580173134803772
1790030765177921500,9.013921630859375,-0.608127236366272,-2.477998733520508,-2.8658595085144043
1790030765187931100,9.02393115234375,-0.31124621629714966,-2.853888511657715,-3.603273630142212
1790030765228000800,9.064000732421874,-0.10055647045373917,-5.566518783569336,-7.094019412994385
1790030765238010600,9.0740107421875,0.4189853072166443,-4.532223701477051,-7.649474620819092
1790030765248020500,9.0840205078125,0.8643068075180054,-5.035006046295166,-7.3693528175354
1790030765288089900,9.12408984375,0.09576806426048279,-4.010287761688232,-4.503493309020996
1790030765348209700,9.184209716796875,-2.499546527862549,-0.43095630407333374,0.6584054827690125
1790030765358219300,9.19421923828125,-3.552995204925537,-0.646434485912323,-0.12928688526153564
1790030765378300000,9.2142998046875,-3.9169139862060547,1.091755986213684,0.11013327538967133
1790030765388340200,9.22434033203125,-4.335899353027344,0.27054479718208313,-1.4317326545715332
1790030765398349800,9.234349853515624,-3.9169139862060547,-0.10534487664699554,-2.0829553604125977
1790030765408390100,9.24439013671875,-2.1284453868865967,-0.768538773059845,-1.0773907899856567
1790030765418369500,9.25436962890625,-2.011129379272461,-1.403002142906189,-1.2665326595306396
1790030765488529400,9.324529296875,-0.9385270476341248,-1.072602391242981,-0.3208230137825012
1790030765548679400,9.384679443359374,-0.5626373887062073,-0.2968810200691223,-0.35673606395721436
1790030765628788200,9.464788330078125,-2.166752576828003,-1.0199298858642578,-1.1683704853057861
1790030765638797800,9.4747978515625,-2.363077163696289,-0.47405192255973816,-1.8507179021835327
1790030765648807700,9.4848076171875,-1.9345149993896484,-0.26096799969673157,-0.2346317619085312
1790030765658817500,9.494817626953125,-2.5977089405059814,0.7110779285430908,-0.17238251864910126
1790030765668857900,9.50485791015625,-2.9472622871398926,1.414973258972168,0.22505496442317963
1790030765688877300,9.524877197265624,-1.9800047874450684,0.5841852426528931,0.7805097699165344
1790030765698887200,9.53488720703125,-1.7094600200653076,-0.47644615173339844,0.7876923680305481
1790030765728977400,9.564977294921874,-1.7693150043487549,0.47644615173339844,-0.3232172429561615
1790030765759006700,9.5950068359375,-3.1435868740081787,-0.4620809257030487,-0.4908113479614258
1790030765779056600,9.615056640625,-2.097320795059204,1.0678139925003052,1.357512354850769
1790030765799106800,9.63510693359375,-3.3063924312591553,1.944091796875,2.8778305053710938
1790030765819126300,9.655126220703124,-2.1499931812286377,0.21787235140800476,0.9289502501487732
1790030765829136100,9.66513623046875,-1.6879122257232666,-0.040701430290937424,2.5737667083740234
1790030765849186000,9.68518603515625,-2.319981336593628,2.3247697353363037,4.663905143737793
1790030765869205800,9.705205810546875,-2.717418909072876,2.346317768096924,4.388571739196777
1790030765889255700,9.725255615234374,-1.647210717201233,2.097320795059204,4.730942726135254
1790030765899265500,9.735265625,-1.5514427423477173,2.1811177730560303,5.992686748504639
1790030765969455900,9.805455810546874,-1.6136919260025024,0.7469909191131592,3.773261785507202
1790030765979465700,9.8154658203125,-1.534683346748352,0.9600749015808105,2.0590133666992188
1790030765989506000,9.825506103515625,-1.3048399686813354,1.8052281141281128,0.950498104095459
1790030766039585300,9.875585205078124,-1.237802267074585,-0.4118026793003082,-0.49559974670410156
1790030766049595100,9.88559521484375,-1.1803414821624756,1.1276689767837524,0.26575639843940735
1790030766069584100,9.905584228515625,-1.216254472732544,1.8315643072128296,0.31603461503982544
1790030766109684200,9.945684326171875,-2.233790159225464,0.5219359993934631,0.8236053586006165
1790030766179844000,10.015843994140624,-2.255337953567505,0.6129156351089478,1.2090718746185303
1790030766229923300,10.06592333984375,-1.8076223134994507,-1.4532804489135742,-0.16998831927776337
1790030766279911200,10.1159111328125,-2.0422539710998535,-0.033518824726343155,1.0558429956436157
1790030766289921000,10.125921142578125,-1.6759412288665771,-1.7525556087493896,-0.08379705995321274
1790030766299961300,10.13596142578125,-1.8722656965255737,-2.4205379486083984,-1.9632453918457031
1790030766309940500,10.1459404296875,-2.070984363555908,-1.721431016921997,-1.6711528301239014
1790030766319980800,10.155980712890624,-1.867477297782898,-1.6304513216018677,-1.335964560508728
1790030766340031000,10.176031005859375,-1.9847931861877441,1.3910311460494995,0.6272808313369751
1790030766350010000,10.186010009765624,-1.048660397529602,1.7932571172714233,0.768538773059845
1790030766360050400,10.196050537109375,-0.8762778043746948,1.6496049165725708,1.2401964664459229
1790030766390110200,10.226110107421874,-2.470816135406494,-3.751713991165161,-2.7964274883270264
1790030766400120000,10.2361201171875,-3.2082302570343018,-4.268861770629883,-5.243301868438721
1790030766420170000,10.256169921875,-2.5282769203186035,-0.2777273952960968,-1.3623007535934448
1790030766430179800,10.266179931640625,-0.4357447028160095,-0.22026655077934265,0.5267243981361389
1790030766450199300,10.28619921875,0.7134721279144287,-2.784456491470337,-2.3726539611816406
1790030766470249500,10.30624951171875,0.2968810200691223,-2.494758129119873,-2.389413356781006
1790030766490269000,10.32626904296875,-0.30885201692581177,-1.1037269830703735,-1.3287819623947144
1790030766520328700,10.35632861328125,-0.3902548849582672,-1.3048399686813354,-0.1604115068912506
1790030766540409300,10.376409423828125,-0.43335050344467163,-0.031124621629714966,-0.3447650372982025
1790030766550449700,10.38644970703125,-0.09576806426048279,-0.3256114423274994,-0.17477671802043915
1790030766560459300,10.396459228515624,-0.3447650372982025,0.42377370595932007,-0.16519992053508759
1790030766570530000,10.406530029296874,-0.689530074596405,0.45489832758903503,0.16759411990642548
1790030766600559400,10.436559326171874,-1.4269442558288574,-0.950498104095459,0.0454898327589035
1790030766620548400,10.45654833984375,-0.4429273009300232,-0.6248866319656372,-0.0933738648891449
1790030766630588700,10.466588623046874,-0.0071826050989329815,0.4357447028160095,0.4908113479614258
1790030766650608000,10.486608154296874,-0.15322890877723694,-1.1324573755264282,-0.8882488012313843
1790030766660618000,10.496617919921874,-0.7972691655158997,-1.6208745241165161,-1.680729627609253
1790030766680668200,10.516668212890625,-0.23942017555236816,-0.8068459630012512,-1.1420341730117798
1790030766700748500,10.53674853515625,-0.021547814831137657,-0.002394201699644327,-0.3064578175544739
1790030766720798700,10.556798828125,-0.3687070608139038,-0.10055647045373917,-0.22266076505184174
1790030766740848600,10.5768486328125,-0.33279404044151306,0.12689268589019775,-1.0127472877502441
1790030766750889000,10.586888916015624,-0.3256114423274994,0.38067805767059326,-0.4213795065879822
1790030766760898800,10.59689892578125,-0.3734954595565796,0.43335050344467163,-0.4644751250743866
1790030766780948700,10.61694873046875,-0.4189853072166443,0.11252748221158981,-0.07900865375995636
1790030766810978000,10.64697802734375,-0.7134721279144287,-0.26575639843940735,0.09576806426048279
1790030766820988000,10.65698779296875,-0.5291185975074768,0.4357447028160095,0.5315127968788147
1790030766831058700,10.66705859375,-0.3016694188117981,0.8834604024887085,0.9074024558067322
1790030766851078100,10.687078125,-0.7422025203704834,1.2186486721038818,1.137245774269104
1790030766871097900,10.707097900390625,-0.9888052940368652,0.6105214357376099,0.7781155705451965
1790030766881107500,10.717107421875,-0.9983820915222168,0.47884035110473633,0.45489832758903503
1790030766891117300,10.727117431640625,-0.5817909836769104,0.45489832758903503,0.4405331015586853
1790030766901157600,10.73715771484375,-0.31603461503982544,0.4668693244457245,0.33518823981285095
1790030766911167200,10.747167236328124,-0.2585737705230713,-0.08379705995321274,0.2753331959247589
1790030766921177000,10.757177001953124,-0.5578489899635315,-0.4213795065879822,-0.08858546614646912
1790030766931217400,10.767217529296875,-0.7038952708244324,0.14844051003456116,-0.11971008777618408
1790030766961338000,10.797338134765624,-0.22744916379451752,0.47644615173339844,0.004788403399288654
1790030766971348000,10.807347900390624,-0.44532153010368347,0.569819986820221,0.20350714027881622
1790030766981357800,10.81735791015625,-0.3663128614425659,0.9481038451194763,0.1604115068912506
1790030766991398100,10.827398193359375,-0.33758243918418884,1.3215993642807007,-0.09816227108240128
1790030767001438200,10.837438232421874,-0.2968810200691223,1.3766659498214722,0.009576806798577309
1790030767011478500,10.847478515625,-0.3208230137825012,1.4508862495422363,0.304063618183136
1790030767021488400,10.85748828125,-0.4596867263317108,1.3215993642807007,0.7015010714530945
1790030767041538300,10.877538330078124,-0.9481038451194763,0.8786720037460327,0.5793967843055725
1790030767051578600,10.88757861328125,-0.8355764150619507,0.20350714027881622,0.7852981686592102
1790030767071628800,10.90762890625,-0.6344634294509888,-0.7876923680305481,0.6057330369949341
1790030767081638400,10.917638427734374,-0.9265560507774353,-0.7350199222564697,0.2585737705230713
1790030767091648300,10.927648193359374,-0.933738648891449,-0.8164227604866028,0.608127236366272
1790030767101658000,10.937658203125,-0.8643068075180054,-0.8068459630012512,0.7422025203704834
1790030767111667700,10.947667724609374,-1.0223240852355957,-0.6009446382522583,-0.13407529890537262
1790030767171818000,11.00781787109375,0.5386953949928284,-2.827552318572998,-3.6296098232269287
1790030767181827800,11.017827880859375,0.9552865028381348,-3.397372245788574,-3.5242648124694824
1790030767251926500,11.087926513671874,-0.09816227108240128,-2.9305028915405273,-3.801992416381836
1790030767302006000,11.138006103515625,-2.1308395862579346,-1.8124107122421265,-2.1954829692840576
1790030767312046300,11.14804638671875,-2.1356279850006104,-1.0414776802062988,-2.691082715988159
1790030767322056000,11.158055908203124,-1.9177556037902832,-0.49320554733276367,-2.3295583724975586
1790030767332035300,11.168035400390625,-1.558625340461731,-1.577778935432434,-2.051830768585205
1790030767342075600,11.17807568359375,-0.8212111592292786,-1.2330138683319092,-1.9081788063049316
1790030767362125600,11.19812548828125,-1.9967641830444336,-0.9289502501487732,-1.845929503440857
1790030767382145000,11.21814501953125,-1.2210428714752197,-0.5123591423034668,-1.7980455160140991
1790030767392155000,11.22815478515625,-1.556231141090393,0.23702596127986908,-0.37828385829925537
1790030767402225700,11.2382255859375,-2.070984363555908,1.0821791887283325,-0.6847416758537292
1790030767412235500,11.248235595703125,-1.745373010635376,-0.2992752194404602,-1.290474772453308
1790030767422306300,11.258306396484375,-1.4053963422775269,-0.1412578970193863,-0.6847416758537292
1790030767432316000,11.26831591796875,-1.5682021379470825,0.7182605266571045,-0.0933738648891449
1790030767442325800,11.27832568359375,-1.7334020137786865,-0.2106897532939911,-1.0845733880996704
1790030767452335600,11.288335693359375,-1.7764976024627686,0.38307225704193115,-1.0606313943862915
1790030767462376000,11.2983759765625,-1.3910311460494995,-0.07661445438861847,-0.2944868206977844
1790030767482425900,11.31842578125,-1.6208745241165161,-0.524330198764801,-0.3280056416988373
1790030767492405200,11.3284052734375,-1.4269442558288574,-0.5267243981361389,-0.33279404044151306
1790030767502445300,11.3384453125,-0.8595184087753296,0.5363011956214905,-0.021547814831137657
1790030767512455200,11.348455078125,-0.7829039692878723,0.05985504388809204,0.47884035110473633
1790030767522526000,11.35852587890625,-1.1516109704971313,-0.2513911724090576,-0.304063618183136
1790030767542576000,11.378576171875,-1.7932571172714233,-1.1492167711257935,-1.7310078144073486
1790030767552616200,11.3886162109375,-1.6974890232086182,-0.730231523513794,-0.2992752194404602
1790030767562626000,11.3986259765625,-1.1252747774124146,0.22744916379451752,0.5003881454467773
1790030767582706700,11.418706787109375,-1.070208191871643,-0.10534487664699554,-1.656787633895874
1790030767592747000,11.4287470703125,-0.9648633003234863,0.3687070608139038,-1.0271124839782715
1790030767612766500,11.448766357421874,-1.194706678390503,-0.1412578970193863,-0.9074024558067322
1790030767622776300,11.4587763671875,-1.1516109704971313,-0.31364041566848755,-0.1364694982767105
1790030767632816400,11.46881640625,-1.0630255937576294,-0.1149216815829277,0.2322375625371933
1790030767652836000,11.488836181640625,-0.9385270476341248,0.20350714027881622,-0.27054479718208313
1790030767662845700,11.498845703125,-2.0231003761291504,0.5434837937355042,-1.0223240852355957
1790030767672855600,11.50885546875,-1.7381904125213623,0.8834604024887085,-2.5665841102600098
1790030767682926300,11.51892626953125,-1.381454348564148,-2.126051187515259,-2.647987127304077
1790030767703007000,11.539007080078125,-2.9161376953125,1.3431471586227417,1.070208191871643
1790030767713047300,11.54904736328125,-2.3582887649536133,-0.6607996821403503,-0.4213795065879822
1790030767733066800,11.569066650390624,-1.4652514457702637,0.40222588181495667,-0.9864110946655273
1790030767753147400,11.5891474609375,-2.7317841053009033,-0.11971008777618408,0.06464344263076782
1790030767773166800,11.609166748046874,-2.786850690841675,0.2082955539226532,0.9361328482627869
1790030767783207200,11.619207275390625,-2.8826189041137695,1.843535304069519,2.1811177730560303
1790030767793216800,11.629216796875,-3.28963303565979,2.940079689025879,3.2537200450897217
1790030767803257000,11.639257080078124,-3.5697548389434814,2.650381326675415,2.784456491470337
1790030767813267000,11.649266845703124,-3.0382418632507324,2.4803929328918457,2.051830768585205
1790030767823276800,11.65927685546875,-2.942473888397217,2.142810583114624,3.1507694721221924
1790030767833316900,11.66931689453125,-2.298433542251587,0.912190854549408,3.667917013168335
1790030767843326700,11.67932666015625,-2.7222073078155518,0.47884035110473633,5.063736438751221
1790030767853336600,11.689336669921875,-3.043030261993408,-0.49799394607543945,5.439626216888428
1790030767863346200,11.69934619140625,-3.584120035171509,0.26336219906806946,6.260837554931641
1790030767873386500,11.709386474609374,-3.5027170181274414,1.3287819623947144,6.0405707359313965
1790030767883396400,11.719396240234374,-3.627215623855591,2.652775526046753,6.615179061889648
1790030767893406200,11.72940625,-3.993528366088867,4.484339714050293,6.509834289550781
1790030767903415800,11.739415771484374,-3.646369218826294,4.438849925994873,5.056553840637207
1790030767913425700,11.74942578125,-2.360682964324951,4.666299343109131,4.455609321594238
1790030767923435500,11.759435546875,-1.5059528350830078,4.084507942199707,4.72376012802124
1790030767933475600,11.7694755859375,-1.0295066833496094,4.050989151000977,3.9264907836914062
1790030767943485400,11.7794853515625,-0.5530605912208557,3.3470940589904785,2.7700912952423096
1790030767953495300,11.789495361328125,-0.33518823981285095,3.1723172664642334,1.9488801956176758
1790030767963566000,11.799566162109375,-0.9050082564353943,3.2776620388031006,1.3455413579940796
1790030767973606400,11.8096064453125,-1.0199298858642578,1.414973258972168,0.363918662071228
1790030767983616000,11.819615966796874,-0.7757213711738586,1.359906554222107,-0.9241618514060974
1790030768033695500,11.869695556640625,-0.8619126081466675,0.26336219906806946,1.1659762859344482
1790030768083744300,11.919744140625,0.08379705995321274,0.08140286058187485,0.2585737705230713
1790030768093754000,11.929754150390625,-0.5267243981361389,2.140416383743286,0.8906430602073669
1790030768103763700,11.939763671875,-1.1563993692398071,3.203441858291626,2.1595699787139893
1790030768123783200,11.959783203125,-2.0039467811584473,0.26336219906806946,-0.10773907601833344
1790030768143803000,11.979802978515625,-2.145204782485962,-3.708618402481079,-2.3511061668395996
1790030768153812500,11.9898125,-2.920926094055176,-0.9816226959228516,-0.4596867263317108
1790030768163822300,11.999822265625,-3.0358476638793945,1.9967641830444336,1.702277421951294
1790030768173832200,12.009832275390625,-3.3686418533325195,4.199429988861084,3.778050184249878
1790030768183872500,12.01987255859375,-2.784456491470337,3.864241600036621,2.5546131134033203
1790030768193912600,12.02991259765625,-1.821987509727478,1.656787633895874,0.24420857429504395
1790030768203922400,12.03992236328125,-1.2186486721038818,-1.6160861253738403,-1.3215993642807007
1790030768213962800,12.049962646484374,-1.2401964664459229,-4.223371982574463,-2.0638017654418945
1790030768243992000,12.079991943359374,-3.8522706031799316,1.01753568649292,0.8475474119186401
1790030768264072700,12.10007275390625,-2.233790159225464,0.871489405632019,-0.9241618514060974
1790030768284153000,12.120153076171874,-1.1420341730117798,-3.2824504375457764,-2.698265314102173
1790030768314212900,12.150212890625,-2.849100112915039,-0.15083470940589905,0.07900865375995636
1790030768344303400,12.180303466796875,-0.5195417404174805,0.6248866319656372,-1.3192051649093628
1790030768354313000,12.19031298828125,-0.8810662031173706,-1.6280571222305298,-2.0015525817871094
1790030768364353300,12.200353271484374,-2.0374655723571777,-1.7190368175506592,0.038307227194309235
1790030768374424000,12.210424072265624,-2.3558945655822754,-1.522712230682373,0.3663128614425659
1790030768384494800,12.220494873046874,-1.338358759880066,-1.6927006244659424,-2.2697031497955322
1790030768404514600,12.2405146484375,0.023942016065120697,-1.1899182796478271,-3.095702886581421
1790030768414555000,12.250554931640625,0.12928688526153564,0.49799394607543945,-1.0247182846069336
1790030768424564500,12.260564453125,0.3495534360408783,1.070208191871643,0.8164227604866028
1790030768444584200,12.280584228515625,-0.646434485912323,-0.7350199222564697,0.9792284965515137
1790030768464603600,12.300603759765625,-1.3718775510787964,-2.1308395862579346,-1.501164436340332
1790030768474613200,12.31061328125,-1.5921441316604614,-1.1061211824417114,-1.0342950820922852
1790030768484653600,12.320653564453124,-1.2473790645599365,-0.05506663769483566,-0.18914192914962769
1790030768494663400,12.330663330078124,-1.3670891523361206,1.292868971824646,0.8882488012313843
1790030768504673300,12.34067333984375,-0.9672574996948242,0.6009446382522583,0.2968810200691223
1790030768514713600,12.350713623046875,-0.8403648138046265,-0.9193734526634216,-0.43335050344467163
1790030768524723200,12.36072314453125,-1.3934253454208374,-2.3319525718688965,-1.2976573705673218
1790030768534763500,12.370763427734374,-1.7621324062347412,-1.2282254695892334,-0.751779317855835
1790030768544773400,12.3807734375,-1.6400281190872192,0.011971008032560349,0.26575639843940735
1790030768554813700,12.390813720703125,-1.213860273361206,0.4118026793003082,-0.11971008777618408
1790030768564823300,12.4008232421875,-1.0199298858642578,-1.0103530883789062,-0.8212111592292786
1790030768574894000,12.41089404296875,-0.950498104095459,-1.4628572463989258,-1.843535304069519
1790030768584934400,12.420934326171874,-0.8547300100326538,-0.1628057211637497,-1.1563993692398071
1790030768655094300,12.49109423828125,-0.9840168952941895,-0.47405192255973816,-0.9361328482627869
1790030768665104100,12.501104248046875,-0.49799394607543945,0.24899697303771973,0.24181437492370605
1790030768705204200,12.541204345703125,-0.31842881441116333,0.304063618183136,0.043095629662275314
1790030768715275000,12.55127490234375,-0.28730419278144836,0.2298433631658554,-0.17238251864910126
1790030768735325000,12.571324951171874,-0.7996633648872375,-0.13407529890537262,0.395043283700943
1790030768835575300,12.6715751953125,-0.05746084079146385,-0.3495534360408783,-0.6320692300796509
1790030768915745000,12.7517451171875,-0.7038952708244324,0.1412578970193863,-0.933738648891449
1790030768995884000,12.831884033203124,-0.6919242739677429,0.10055647045373917,0.24899697303771973
1790030769005954800,12.841954833984374,-0.6153098344802856,-0.009576806798577309,-0.028730420395731926
1790030769015964700,12.851964599609374,-0.5339069962501526,0.1364694982767105,0.2322375625371933
1790030769026005000,12.8620048828125,-0.4572925269603729,0.11013327538967133,0.12210428714752197
1790030769036014800,12.872014892578125,-0.24420857429504395,-0.0071826050989329815,-0.2585737705230713
1790030769046024400,12.8820244140625,-0.1604115068912506,0.23942017555236816,-0.08140286058187485
1790030769056064800,12.892064697265624,-0.12689268589019775,0.20111294090747833,0.38546648621559143
1790030769066074600,12.90207470703125,-0.05267243832349777,0.3016694188117981,0.689530074596405
1790030769106144300,12.942144287109375,-0.6967126727104187,0.47405192255973816,0.8571242094039917
1790030769126224600,12.962224609375,-0.790086567401886,0.6536170840263367,0.05506663769483566
1790030769136234500,12.972234375,-0.6488286852836609,0.5363011956214905,-0.3256114423274994
1790030769156284400,12.992284423828124,-0.004788403399288654,0.29209262132644653,-0.7613561153411865
1790030769236423700,13.072423583984374,-0.5722141861915588,-2.3056161403656006,-3.509899616241455
1790030769286442000,13.12244189453125,-0.16759411990642548,-3.268085241317749,-3.7612907886505127
1790030769356663000,13.1926630859375,-0.9409212470054626,-2.126051187515259,-1.3886369466781616
1790030769426823000,13.262822998046875,-2.7126305103302,-0.004788403399288654,-1.1252747774124146
1790030769496982800,13.332982666015624,-2.4420857429504395,0.3878606855869293,-0.272938996553421
1790030769577305000,13.41330517578125,-2.0661959648132324,-0.40940847992897034,-2.0374655723571777
1790030769647526000,13.48352587890625,-2.8562827110290527,0.950498104095459,1.5442601442337036
1790030769727726000,13.56372607421875,-4.242525577545166,0.8667010068893433,0.9265560507774353
1790030769787967700,13.6239677734375,-4.364629745483398,2.7461493015289307,1.7693150043487549
1790030769798008000,13.634008056640624,-3.737348794937134,2.607285737991333,1.5179238319396973
1790030769808018000,13.644017822265624,-2.9089550971984863,2.183511972427368,3.066972494125366
1790030769888187600,13.724187744140625,-1.015141487121582,2.2026655673980713,4.151545524597168
1790030769898228000,13.73422802734375,-0.44771572947502136,1.6615760326385498,4.910507678985596
1790030769908268000,13.74426806640625,-0.5386953949928284,1.9273324012756348,5.125985622406006
1790030769918278000,13.75427783203125,-0.9600749015808105,1.8195933103561401,4.290409564971924
1790030769928287700,13.764287841796875,-0.5434837937355042,1.558625340461731,3.4189200401306152
1790030769938297300,13.77429736328125,-0.38067805767059326,1.2449848651885986,3.643975019454956
1790030769948307200,13.78430712890625,-0.9241618514060974,0.8547300100326538,3.713406801223755
1790030769958347500,13.794347412109374,-1.3287819623947144,0,2.3750481605529785
1790030769968357400,13.804357421875,-1.3623007535934448,-0.08619125932455063,1.5682021379470825
1790030770038608600,13.874608642578124,-1.1324573755264282,-0.004788403399288654,0.3495534360408783
1790030770058658800,13.894658935546875,-1.3048399686813354,0.667982280254364,0.26815059781074524
1790030770068668700,13.904668701171875,-1.1300631761550903,1.1971008777618408,0.2753331959247589
1790030770078708700,13.914708740234374,-0.9888052940368652,1.0271124839782715,-0.06703764945268631
1790030770088718600,13.924718505859374,-1.4652514457702637,1.0749965906143188,-0.8451532125473022
1790030770138859000,13.97485888671875,-1.0079588890075684,-1.036689281463623,0.4141969084739685
1790030770158878500,13.99487841796875,-1.1468225717544556,0.7948749661445618,-1.6424223184585571
1790030770168918800,14.004918701171874,-1.1516109704971313,0.49799394607543945,-2.3535003662109375
1790030770188969000,14.024968994140625,-2.9544448852539062,-0.6919242739677429,-0.07422025501728058
1790030770198978600,14.034978515625,-2.9257144927978516,-1.3527239561080933,-0.6727706789970398
1790030770218998000,14.054998046875,-1.1683704853057861,-2.2577321529388428,-2.1763293743133545
1790030770229008000,14.0650078125,-0.871489405632019,-0.304063618183136,-1.0797849893569946
1790030770239048200,14.075048095703124,-1.460463047027588,2.63362193107605,1.0031704902648926
1790030770249088500,14.085088623046875,-2.008735179901123,3.5721490383148193,2.561795711517334
1790030770259128800,14.09512890625,-2.1739351749420166,1.3503297567367554,0.10055647045373917
1790030770279178800,14.1151787109375,-2.2409727573394775,-1.9488801956176758,-1.1468225717544556
1790030770329319200,14.165319091796874,-0.9888052940368652,1.968033790588379,1.3455413579940796
1790030770369419300,14.205419189453124,-2.676717519760132,-1.4077905416488647,-0.6775590777397156
1790030770389500000,14.2255,-2.9879636764526367,1.2521674633026123,0.6631938815116882
1790030770439548700,14.275548583984374,-2.806004285812378,-1.9249382019042969,-0.9959878921508789
1790030770449558500,14.28555859375,-2.322375535964966,-0.26815059781074524,-1.5298948287963867
1790030770459598800,14.295598876953125,-1.7046716213226318,0.768538773059845,-1.0271124839782715
1790030770469608400,14.3056083984375,-0.7086837291717529,0.38067805767059326,-0.5195417404174805
1790030770479618300,14.315618408203125,-0.26336219906806946,-1.039083480834961,-0.8978256583213806
1790030770489658600,14.32565869140625,-0.5578489899635315,-1.4867992401123047,-0.33039984107017517
1790030770529728000,14.36572802734375,-0.8044517636299133,1.2713210582733154,-0.33039984107017517
1790030770539737900,14.37573779296875,-0.6512228846549988,1.4508862495422363,0.6751648783683777
1790030770569797600,14.405797607421874,-1.800439715385437,-0.9792284965515137,-0.31603461503982544
1790030770589817300,14.4258173828125,-1.2210428714752197,-0.5889736413955688,-0.1364694982767105
1790030770599827000,14.435826904296874,-1.1300631761550903,-1.8818424940109253,-0.9097966551780701
1790030770649906400,14.485906494140625,-0.6248866319656372,-0.5554547905921936,-1.036689281463623
1790030770659916000,14.495916015625,-1.1994950771331787,-1.1899182796478271,-2.183511972427368
1790030770699985700,14.535985595703124,-1.015141487121582,0.24660277366638184,-0.2585737705230713
1790030770709995500,14.54599560546875,-0.6200982332229614,0.9983820915222168,-0.18914192914962769
1790030770720005000,14.556005126953124,-0.49320554733276367,0.950498104095459,0.33997663855552673
1790030770730045400,14.56604541015625,-0.12210428714752197,0.22026655077934265,-0.272938996553421
1790030770740024800,14.57602490234375,-0.2968810200691223,-0.2322375625371933,-0.5937620401382446
1790030770750065200,14.586065185546875,-0.3280056416988373,-0.4572925269603729,-0.36152446269989014
1790030770760074800,14.59607470703125,-0.6488286852836609,0.05027823522686958,0.10534487664699554
1790030770770084600,14.606084716796875,-1.0414776802062988,-0.38546648621559143,-0.569819986820221
1790030770780094200,14.61609423828125,-0.8068459630012512,-0.47884035110473633,-0.667982280254364
1790030770790104000,14.62610400390625,-0.8212111592292786,0.1628057211637497,0.22026655077934265
1790030770800144400,14.636144287109374,-0.7876923680305481,0.38067805767059326,0.12210428714752197
1790030770810184700,14.646184814453125,-1.01753568649292,0.3687070608139038,-0.4644751250743866
1790030770830204200,14.6662041015625,-0.6799532771110535,-0.2106897532939911,-0.4189853072166443
1790030770840244500,14.676244384765624,-0.4381389021873474,0.395043283700943,0.07900865375995636
1790030770850254300,14.68625439453125,-0.40701428055763245,0.5817909836769104,0.3208230137825012
1790030770860264000,14.696263916015624,-0.47644615173339844,0.33518823981285095,0.4668693244457245
1790030770870304300,14.70630419921875,-0.7134721279144287,0.5578489899635315,0.31842881441116333
1790030770880314000,14.716314208984375,-1.2186486721038818,0.10295066982507706,-0.22744916379451752
1790030770890323700,14.72632373046875,-1.2976573705673218,-0.6272808313369751,-0.5195417404174805
1790030770900364000,14.736364013671874,-0.9840168952941895,-0.47405192255973816,0.05746084079146385
1790030770910374000,14.746373779296874,-0.7757213711738586,0.15801730751991272,0.5985504388809204
1790030770920414200,14.756414306640625,-0.5410895943641663,0.6703764796257019,0.1628057211637497
1790030770930423800,14.766423828125,-0.828393816947937,0.8954314589500427,0.09816227108240128
1790030770950443500,14.786443603515625,-0.811634361743927,0.5147533416748047,-0.2059013396501541
1790030770970493400,14.806493408203124,-0.8331822156906128,0.6847416758537292,-0.3758896589279175
1790030770990574000,14.826573974609374,-0.49320554733276367,0.5410895943641663,0
1790030771000614400,14.836614501953125,-0.5171475410461426,0.44771572947502136,0.5123591423034668
1790030771010624000,14.8466240234375,-0.7852981686592102,0.38546648621559143,0.7565677165985107
1790030771020633900,14.8566337890625,-0.7469909191131592,0.4812345504760742,1.0845733880996704
1790030771030674200,14.866674072265624,-0.5003881454467773,-0.2777273952960968,1.091755986213684
1790030771050693600,14.886693603515624,-0.7565677165985107,-0.6871358752250671,0.22266076505184174
1790030771080784100,14.9167841796875,-0.5123591423034668,-0.0454898327589035,-0.9744400978088379
1790030771090855000,14.92685498046875,-0.4812345504760742,-0.5099649429321289,-1.139639973640442
1790030771130924300,14.96692431640625,-0.181959331035614,-1.381454348564148,-2.3319525718688965
1790030771211155200,15.0471552734375,-0.22266076505184174,-3.1507694721221924,-3.8738183975219727
1790030771231235600,15.067235595703124,0.5841852426528931,-4.2760443687438965,-5.760449409484863
1790030771241245400,15.077245361328124,0.1149216815829277,-3.7445313930511475,-4.616020679473877
1790030771251255300,15.08725537109375,-0.5770025849342346,-3.045424461364746,-3.971980571746826
1790030771261265000,15.097264892578124,-0.8068459630012512,-2.734178304672241,-3.8283286094665527
1790030771271274800,15.107274658203124,-0.6129156351089478,-2.0470423698425293,-3.339911460876465
1790030771281254000,15.11725390625,-0.07661445438861847,-1.7166426181793213,-2.1499931812286377
1790030771291294200,15.127294189453124,-0.7086837291717529,-2.3367409706115723,-1.525106430053711
1790030771301334500,15.13733447265625,-2.183511972427368,-1.7525556087493896,-2.013523578643799
1790030771311344400,15.147344482421875,-2.8203697204589844,-2.492363929748535,-3.0382418632507324
1790030771321354000,15.15735400390625,-2.188300371170044,-1.3766659498214722,-2.382230758666992
1790030771331425000,15.167425048828125,-2.5234885215759277,-0.2992752194404602,-1.6400281190872192
1790030771341434600,15.1774345703125,-2.4588451385498047,-0.5554547905921936,-2.5450363159179688
1790030771361423600,15.197423583984374,-1.6759412288665771,-1.7908629179000854,-0.569819986820221
1790030771371494400,15.207494384765624,-1.9273324012756348,-0.8140285611152649,-0.2777273952960968
1790030771381534700,15.21753466796875,-2.0590133666992188,-1.292868971824646,-1.7501614093780518
1790030771391575000,15.227574951171874,-2.3774423599243164,0.8164227604866028,-0.07422025501728058
1790030771401585000,15.2375849609375,-1.5275006294250488,1.623268723487854,1.9321208000183105
1790030771411625200,15.247625244140625,-1.335964560508728,0.9600749015808105,1.8387469053268433
1790030771421634800,15.257634765625,-1.7956513166427612,-0.1173158809542656,-0.6919242739677429
1790030771431675100,15.267675048828124,-2.343923568725586,-0.2801215946674347,-1.8171991109848022
1790030771441715500,15.277715576171875,-2.1308395862579346,-0.24181437492370605,-1.3934253454208374
1790030771451755800,15.287755859375,-1.601720929145813,-0.4429273009300232,-1.1683704853057861
1790030771471805700,15.3078056640625,-0.9672574996948242,0.26336219906806946,-0.49559974670410156
1790030771481785000,15.31778515625,-1.1899182796478271,-0.0933738648891449,-0.706289529800415
1790030771581882600,15.417882568359374,-3.136404275894165,0.2944868206977844,-1.0965443849563599
1790030771672153600,15.508153564453124,-3.732560396194458,1.920149803161621,2.03507137298584
1790030771712192800,15.54819287109375,-3.885789394378662,2.3319525718688965,2.808398485183716
1790030771722233000,15.558233154296875,-4.477157115936279,2.695871114730835,2.8419175148010254
1790030771762302500,15.598302490234374,-2.9257144927978516,0.7781155705451965,0.19153612852096558
1790030771772342800,15.6083427734375,-3.5960910320281982,1.1492167711257935,1.7549498081207275
1790030771782352600,15.6183525390625,-3.804386615753174,1.625662922859192,2.557007312774658
1790030771792362500,15.628362548828125,-3.627215623855591,1.699883222579956,1.5610195398330688
1790030771802372000,15.6383720703125,-2.0590133666992188,2.0183119773864746,1.601720929145813
1790030771852512500,15.688512451171874,-1.6735470294952393,3.646369218826294,7.740454196929932
1790030771932712700,15.768712646484374,-1.8962076902389526,1.7381904125213623,1.45806884765625
1790030771942722600,15.77872265625,-2.0398597717285156,1.4532804489135742,0.8906430602073669
1790030771952732200,15.788732177734374,-1.7525556087493896,0.9792284965515137,0.2992752194404602
1790030771962772500,15.7987724609375,-1.525106430053711,0.09816227108240128,-0.14365209639072418
1790030771972782300,15.8087822265625,-1.1444283723831177,-0.19393034279346466,-0.07900865375995636
1790030771982761500,15.818761474609374,-0.7350199222564697,-0.028730420395731926,0.7086837291717529
1790030771992832300,15.828832275390624,-0.7110779285430908,-0.20350714027881622,1.460463047027588
1790030772002842000,15.838842041015624,-0.6560112833976746,-0.6129156351089478,1.036689281463623
1790030772012882400,15.84888232421875,-1.1516109704971313,0.8547300100326538,0.8092401623725891
1790030772032932400,15.868932373046874,-1.0295066833496094,1.7956513166427612,0.31842881441116333
1790030772042942200,15.878942138671874,-0.3711012601852417,-0.033518824726343155,0.40940847992897034
1790030772052952000,15.8889521484375,-0.05027823522686958,-2.540247917175293,0.19632454216480255
1790030772072971500,15.908971435546874,-1.9704279899597168,-0.667982280254364,-0.016759412363171577
1790030772083011800,15.91901171875,-1.7286136150360107,-0.26815059781074524,-0.3926490843296051
1790030772093021700,15.929021728515625,-1.745373010635376,2.0829553604125977,0.7230489253997803
1790030772103031300,15.93903125,-2.1739351749420166,2.8993782997131348,1.3407529592514038
1790030772113102000,15.94910205078125,-2.1164743900299072,1.2330138683319092,0.33758243918418884
1790030772123112000,15.95911181640625,-1.8483237028121948,-1.843535304069519,-0.7086837291717529
1790030772133121800,15.969121826171875,-1.98958158493042,-2.557007312774658,-0.3663128614425659
1790030772143161900,15.979161865234374,-3.4596214294433594,-0.6943184733390808,0.9433154463768005
1790030772153171700,15.989171630859374,-3.9911341667175293,0.45250412821769714,1.1803414821624756
1790030772163212000,15.9992119140625,-3.6846764087677,2.33913516998291,0.6631938815116882
1790030772173222000,16.009221923828125,-2.497152328491211,2.123656988143921,-1.0989385843276978
1790030772183201000,16.019200927734374,-1.0295066833496094,1.6543933153152466,-1.8962076902389526
1790030772193241300,16.029241455078125,-0.8834604024887085,0.8044517636299133,-0.545877993106842
1790030772213291300,16.049291259765624,-2.7246015071868896,-1.403002142906189,-0.7350199222564697
1790030772223301000,16.059301025390624,-3.866635799407959,0.45250412821769714,1.723825216293335
1790030772253452500,16.08945263671875,-1.036689281463623,-0.0933738648891449,-1.7070658206939697
1790030772313602600,16.1496025390625,-0.569819986820221,0.6943184733390808,1.3431471586227417
1790030772333683200,16.16968310546875,-0.47644615173339844,-0.5315127968788147,-0.1604115068912506
1790030772353733000,16.189733154296874,-1.4915876388549805,-0.14844051003456116,-1.745373010635376
1790030772423923700,16.259923828125,-1.1300631761550903,-1.4221558570861816,-0.21308395266532898
1790030772474125000,16.310125,-0.3663128614425659,-0.23942017555236816,0.35913026332855225
1790030772494236200,16.330236083984374,-1.9129672050476074,-1.742978811264038,-0.9361328482627869
1790030772554355700,16.390355712890624,-0.12689268589019775,-0.3471592366695404,-0.08619125932455063
1790030772594517000,16.43051708984375,-1.2330138683319092,0.4405331015586853,0.009576806798577309
1790030772654606000,16.490606201171875,-1.1563993692398071,-1.625662922859192,-2.346317768096924
1790030772714695200,16.550695068359374,0.06464344263076782,-1.314416766166687,-1.6927006244659424
1790030772754764800,16.590764892578125,-0.3878606855869293,-0.07422025501728058,-1.292868971824646
1790030772764774400,16.6007744140625,-0.40462008118629456,0.21787235140800476,-0.08140286058187485
1790030772774784300,16.6107841796875,0.047884032130241394,0.40462008118629456,0.2561795711517334
1790030772794803700,16.6308037109375,-0.2322375625371933,-0.06224924325942993,-0.12210428714752197
1790030772814854000,16.65085400390625,-0.181959331035614,-0.10055647045373917,-0.5913678407669067
1790030772834903800,16.67090380859375,0.19393034279346466,0.2801215946674347,-0.5027823448181152
1790030772844913700,16.68091357421875,0.24660277366638184,0.22505496442317963,-0.090979665517807
1790030772854923500,16.690923583984375,-0.14604631066322327,0.31842881441116333,1.0414776802062988
1790030772884983300,16.7209833984375,-0.038307227194309235,-0.4620809257030487,-0.5626373887062073
1790030772905002800,16.741002685546874,0.19632454216480255,-0.35434186458587646,-0.7805097699165344
1790030772915012600,16.7510126953125,0.30885201692581177,-0.2537853717803955,-0.933738648891449
1790030772955082200,16.791082275390625,0.019153613597154617,0.24181437492370605,0.5434837937355042
1790030772965091800,16.801091796875,-0.272938996553421,0.31124621629714966,0.2777273952960968
1790030773015171300,16.85117138671875,-0.4189853072166443,0.2346317619085312,0.17477671802043915
1790030773085270000,16.92127001953125,-0.35673606395721436,-3.6343982219696045,-3.023876667022705
1790030773095279900,16.93127978515625,0.4381389021873474,-3.93367338180542,-4.333505153656006
1790030773105289700,16.941289794921875,-0.031124621629714966,-3.004723072052002,-4.486733913421631
1790030773115268900,16.951268798828124,0.181959331035614,-2.6599581241607666,-5.60722017288208
1790030773125309200,16.96130908203125,1.1180921792984009,-4.307168960571289,-6.617573261260986
1790030773135349500,16.971349609375,1.4628572463989258,-5.114014625549316,-5.705382823944092
1790030773145328600,16.98132861328125,0.8738836050033569,-4.55616569519043,-4.402936935424805
1790030773165378800,17.00137890625,0.3734954595565796,-4.003105163574219,-4.991910457611084
1790030773195408100,17.031408203125,-0.090979665517807,-1.5203180313110352,-3.706224203109741
1790030773205417700,17.041417724609374,-0.2944868206977844,-1.558625340461731,-2.8347349166870117
1790030773215488500,17.051488525390624,-0.44771572947502136,-0.6775590777397156,-1.9369091987609863
1790030773225498400,17.061498291015624,-0.9074024558067322,-0.7876923680305481,-1.2976573705673218
1790030773245517800,17.081517822265624,-2.9951462745666504,-1.1492167711257935,-2.43011474609375
1790030773255558100,17.09155810546875,-1.721431016921997,-0.9959878921508789,-2.669534921646118
1790030773265568000,17.101568115234375,-1.7262194156646729,-1.601720929145813,-1.3670891523361206
1790030773275577900,17.111577880859375,-2.607285737991333,-1.3694833517074585,-2.8107926845550537
1790030773285618000,17.121617919921874,-3.8379054069519043,0.545877993106842,-1.1085153818130493
1790030773335727900,17.171727783203124,-2.188300371170044,-1.0749965906143188,-1.6184803247451782
1790030773355747300,17.191747314453124,-0.7158663272857666,-2.3535003662109375,-1.7142484188079834
1790030773375828000,17.211827880859374,-0.021547814831137657,-0.2968810200691223,-1.070208191871643
1790030773415897600,17.251897705078125,-1.400607943534851,-0.768538773059845,-1.7932571172714233
1790030773425907200,17.2619072265625,-1.9393033981323242,-0.43335050344467163,-2.164358377456665
1790030773435917000,17.2719169921875,-1.5107412338256836,-1.9033904075622559,-2.408566951751709
1790030773445927000,17.281927001953125,-1.659181833267212,0.8020575642585754,-0.790086567401886
1790030773455997700,17.291997802734375,-2.051830768585205,1.4867992401123047,1.7190368175506592
1790030773466007300,17.30200732421875,-1.3335703611373901,0.08619125932455063,0.19153612852096558
1790030773476017200,17.31201708984375,-1.7932571172714233,0.5913678407669067,0.8738836050033569
1790030773536198000,17.372197998046875,-2.6671407222747803,1.400607943534851,1.3479355573654175
1790030773606418700,17.442418701171874,-3.1699230670928955,0.6105214357376099,0.8092401623725891
1790030773616428500,17.452428466796874,-2.22660756111145,1.0414776802062988,0.40222588181495667
1790030773626468900,17.46246875,-1.091755986213684,0.7374141216278076,0.31364041566848755
1790030773636509200,17.47250927734375,-1.3718775510787964,1.5729905366897583,2.2026655673980713
1790030773646549500,17.482549560546875,-2.3535003662109375,1.6543933153152466,3.098097085952759
1790030773656559000,17.49255908203125,-3.3518824577331543,1.2521674633026123,2.920926094055176
1790030773666569000,17.50256884765625,-2.6192567348480225,0.28730419278144836,2.205059766769409
1790030773676578800,17.512578857421875,-2.118868589401245,0.790086567401886,2.7006595134735107
1790030773686619000,17.522618896484374,-2.2816741466522217,1.6855180263519287,4.034229755401611
1790030773716679000,17.552678955078125,-1.8363527059555054,2.518700122833252,4.982333660125732
1790030773726688500,17.5626884765625,-1.702277421951294,1.8770540952682495,2.695871114730835
1790030773736698400,17.572698486328125,-0.8882488012313843,2.454056739807129,0.751779317855835
1790030773746677500,17.582677490234374,-0.28730419278144836,1.6974890232086182,1.7501614093780518
1790030773756717800,17.5927177734375,-0.6392518281936646,1.9393033981323242,3.1459810733795166
1790030773766727700,17.602727783203125,-0.9217676520347595,1.9393033981323242,3.8498764038085938
1790030773776737300,17.6127373046875,-1.1635819673538208,2.1954829692840576,3.821146011352539
1790030773816807000,17.652806884765624,-0.4668693244457245,2.5737667083740234,3.155557870864868
1790030773836826600,17.67282666015625,-1.479616641998291,1.3694833517074585,2.434903144836426
1790030773856876500,17.69287646484375,-2.3918075561523438,0.993593692779541,0.524330198764801
1790030773866886400,17.702886474609375,-2.2194249629974365,1.0342950820922852,0.9840168952941895
1790030773876896000,17.71289599609375,-1.259350061416626,-0.2298433631658554,0.8044517636299133
1790030773886936300,17.722936279296874,-0.6943184733390808,-0.8738836050033569,0.35913026332855225
1790030773896946200,17.7329462890625,-0.3471592366695404,-0.07661445438861847,0.7805097699165344
1790030773916996000,17.75299609375,-1.3024457693099976,2.2146365642547607,2.4875755310058594
1790030773977085200,17.813085205078124,-2.0446481704711914,1.9632453918457031,1.580173134803772
1790030774037174500,17.873174560546875,-2.293645143508911,-1.256955862045288,0.6177040338516235
1790030774097324500,17.933324462890624,-2.738966703414917,-1.2042834758758545,-0.6057330369949341
1790030774107364900,17.94336474609375,-3.6798880100250244,-0.9648633003234863,-0.20111294090747833
1790030774137394200,17.973394287109375,-1.6280571222305298,-2.0207061767578125,-1.8124107122421265
1790030774187473400,18.023473388671874,-2.276885747909546,0.17717093229293823,-0.4620809257030487
1790030774277744400,18.113744384765624,-0.5099649429321289,-1.2258312702178955,-1.6496049165725708
1790030774347935000,18.18393505859375,0.23942017555236816,0.06224924325942993,0.8236053586006165
1790030774357975300,18.193975341796875,-0.3519476354122162,-0.4692635238170624,0.6416460275650024
1790030774368015400,18.204015380859374,-1.1300631761550903,-0.8619126081466675,-1.434126853942871
1790030774378055700,18.2140556640625,-1.656787633895874,0.3519476354122162,-1.0893617868423462
1790030774388096000,18.224095947265624,-0.9888052940368652,-0.2825157940387726,-0.09576806426048279
1790030774398075400,18.234075439453125,-0.38546648621559143,-0.3208230137825012,0.2968810200691223
1790030774408085000,18.2440849609375,-0.3208230137825012,-0.1628057211637497,0.5578489899635315
1790030774418094800,18.2540947265625,-0.4141969084739685,0.21308395266532898,0.3734954595565796
1790030774448124200,18.284124267578125,-0.5530605912208557,0.21308395266532898,0.0071826050989329815
1790030774458133800,18.2941337890625,-1.316810965538025,0.4836287498474121,0.7254431247711182
1790030774468113200,18.304113037109374,-1.8794482946395874,-0.4812345504760742,-0.6607996821403503
1790030774478153500,18.314153564453125,-1.9081788063049316,-0.849941611289978,-1.7573440074920654
1790030774488163000,18.3241630859375,-1.4221558570861816,-0.30885201692581177,-0.5051765441894531
1790030774498173000,18.3341728515625,-0.7206547260284424,-0.09576806426048279,-0.21308395266532898
1790030774508182800,18.344182861328125,-0.6129156351089478,0.2537853717803955,-0.7829039692878723
1790030774518223000,18.35422314453125,-0.5961562395095825,-0.3423708379268646,-1.0630255937576294
1790030774528232700,18.364232666015624,-0.6727706789970398,-0.790086567401886,-1.434126853942871
1790030774578342700,18.4143427734375,-0.6440402865409851,-0.33758243918418884,-0.5003881454467773
1790030774588352500,18.4243525390625,-0.8188169598579407,-0.10295066982507706,-0.6392518281936646
1790030774598362000,18.434362060546874,-0.35673606395721436,-0.6871358752250671,-0.9481038451194763
1790030774608372000,18.4443720703125,-0.033518824726343155,-0.47644615173339844,-0.8930372595787048
1790030774618412300,18.454412353515625,0.2992752194404602,0.181959331035614,-0.6847416758537292
1790030774668461000,18.5044609375,-0.1604115068912506,-1.1851298809051514,-0.8379706144332886
1790030774678471000,18.514470947265625,-0.23702596127986908,-1.0342950820922852,-0.24420857429504395
1790030774688480500,18.52448046875,-0.21787235140800476,-0.5147533416748047,-0.047884032130241394
1790030774698490400,18.534490478515625,-0.1149216815829277,0.07422025501728058,-0.22505496442317963
1790030774718571000,18.554571044921875,-0.0071826050989329815,-0.2346317619085312,-0.28730419278144836
1790030774728580600,18.56458056640625,-0.22266076505184174,-0.4381389021873474,-0.48602294921875
1790030774758640400,18.594640380859374,-0.44771572947502136,0.2849099934101105,-0.47884035110473633
1790030774768650200,18.604650146484374,-0.5578489899635315,0.6440402865409851,0.1628057211637497
1790030774778660000,18.61466015625,-0.5219359993934631,0.9074024558067322,0.4812345504760742
1790030774788669700,18.624669677734374,-0.6033388376235962,0.9576807022094727,0.7781155705451965
1790030774828708900,18.664708984375,-0.6871358752250671,0.038307227194309235,0.6991068720817566
1790030774838688000,18.67468798828125,-0.49559974670410156,-0.43335050344467163,0.15083470940589905
1790030774848758800,18.6847587890625,-0.6129156351089478,-0.22505496442317963,-0.031124621629714966
1790030774858768600,18.6947685546875,-0.42856210470199585,0.11971008777618408,-0.14844051003456116
1790030774868778500,18.704778564453125,-0.2849099934101105,0.1604115068912506,-0.4141969084739685
1790030774878788000,18.7147880859375,-0.10534487664699554,0.2777273952960968,-0.3878606855869293
1790030774888828400,18.724828369140624,-0.19393034279346466,0.33039984107017517,-0.33758243918418884
1790030774908847900,18.744847900390624,-0.1173158809542656,0.2298433631658554,-0.19153612852096558
1790030774918888200,18.75488818359375,-0.17956513166427612,0.11252748221158981,0.016759412363171577
1790030774928928500,18.764928466796874,0.011971008032560349,0.035913024097681046,-0.016759412363171577
1790030774938938400,18.7749384765625,-0.023942016065120697,0.18914192914962769,0.002394201699644327
1790030774978977300,18.814977294921874,-0.2944868206977844,0.5770025849342346,0.19393034279346466
1790030774989017600,18.825017578125,-0.38546648621559143,0.4405331015586853,0.4213795065879822
1790030774999027500,18.83502734375,-0.6607996821403503,0.6512228846549988,0.38307225704193115
1790030775049106700,18.885106689453124,-0.36152446269989014,-0.6440402865409851,0.033518824726343155
1790030775059116500,18.895116455078124,-0.569819986820221,-0.7134721279144287,-0.12449848651885986
1790030775069126400,18.90512646484375,-0.7230489253997803,-0.3974374830722809,-0.646434485912323
1790030775079136000,18.915135986328124,-0.730231523513794,-0.0933738648891449,-1.2497732639312744
1790030775099186200,18.935186279296875,-0.4644751250743866,-1.6136919260025024,-2.183511972427368
1790030775139286300,18.975286376953125,-0.021547814831137657,-2.205059766769409,-3.0885202884674072
1790030775149295900,18.9852958984375,0.3471592366695404,-2.557007312774658,-4.745307922363281
1790030775159336200,18.995336181640624,0.17477671802043915,-3.40216064453125,-6.038176536560059
1790030775169346000,19.005345947265624,-0.026336219161748886,-4.134786128997803,-5.43723201751709
1790030775179356000,19.01535595703125,-0.08858546614646912,-4.273650169372559,-5.408501625061035
1790030775199375400,19.035375244140624,0.47405192255973816,-4.345476150512695,-5.9735331535339355
1790030775209415700,19.045415771484375,0.1604115068912506,-3.5697548389434814,-4.6471452713012695
1790030775279545000,19.115545166015625,-2.5689783096313477,-1.6615760326385498,-1.3862427473068237
1790030775289616000,19.125615966796875,-3.1100680828094482,-0.9217676520347595,-1.0079588890075684
1790030775299686700,19.135686767578125,-2.5929205417633057,-0.507570743560791,-1.5131354331970215
1790030775309696300,19.1456962890625,-2.1308395862579346,-1.3670891523361206,-1.2952631711959839
1790030775319736600,19.155736572265624,-2.9448680877685547,-0.23702596127986908,-0.21547815203666687
1790030775329746400,19.165746337890624,-3.0406360626220703,-0.7733271718025208,-1.9847931861877441
1790030775349827000,19.1858271484375,-1.8291701078414917,-1.1109095811843872,-0.849941611289978
1790030775359867400,19.195867431640625,-1.292868971824646,-1.9057846069335938,0.17717093229293823
1790030775369877000,19.205876953125,-1.9081788063049316,-0.05985504388809204,-0.9313444495201111
1790030775379886800,19.215886962890625,-2.0039467811584473,0.19632454216480255,-2.027888774871826
1790030775389927200,19.22592724609375,-1.2641384601593018,-0.2992752194404602,-1.3623007535934448
1790030775399936800,19.235936767578124,-1.5203180313110352,0.933738648891449,-0.7422025203704834
1790030775409946600,19.245946533203124,-2.0614075660705566,0.9888052940368652,-0.8595184087753296
1790030775419956500,19.25595654296875,-2.0901381969451904,0.38307225704193115,-1.577778935432434
1790030775429966000,19.265966064453124,-2.3726539611816406,-0.12928688526153564,-1.3407529592514038
1790030775469974800,19.305974853515625,-1.7501614093780518,0.43095630407333374,-0.5291185975074768
1790030775480015000,19.31601513671875,-2.5953147411346436,1.7597382068634033,1.2306196689605713
1790030775490024700,19.326024658203124,-1.7405846118927002,2.5115175247192383,1.1348515748977661
1790030775520054000,19.356053955078124,-2.8610711097717285,-0.8523358106613159,-1.4221558570861816
1790030775530064000,19.36606396484375,-3.332728862762451,0.4572925269603729,0.8571242094039917
1790030775540073500,19.376073486328124,-3.2417490482330322,-0.2585737705230713,0.5291185975074768
1790030775550052900,19.386052978515625,-3.687070608139038,0.8978256583213806,0.9576807022094727
1790030775610172400,19.44617236328125,-2.123656988143921,1.3551181554794312,0.8044517636299133
1790030775630191900,19.46619189453125,-1.98958158493042,-0.3878606855869293,0.2346317619085312
1790030775650272500,19.4862724609375,-1.2617442607879639,-1.3407529592514038,0.1173158809542656
1790030775670292000,19.5062919921875,-3.028665065765381,2.3750481605529785,2.8371291160583496
1790030775680332300,19.516332275390624,-3.24414324760437,2.2601263523101807,1.7046716213226318
1790030775690342100,19.526342041015624,-2.9305028915405273,3.1316158771514893,0.9481038451194763
1790030775700382500,19.536382568359375,-2.82515811920166,2.7317841053009033,0.9888052940368652
1790030775710361600,19.546361572265624,-2.626439332962036,1.8794482946395874,0.3974374830722809
1790030775720402000,19.55640185546875,-3.2130186557769775,0.6440402865409851,2.0661959648132324
1790030775730411800,19.566411865234375,-3.464409828186035,0.4812345504760742,2.169146776199341
1790030775740421400,19.57642138671875,-4.381389141082764,1.9560627937316895,2.3726539611816406
1790030775750431200,19.58643115234375,-3.620033025741577,2.315192937850952,2.3080103397369385
1790030775770512000,19.606511962890625,-2.5737667083740234,2.604891538619995,4.496310710906982
1790030775790531300,19.62653125,-1.558625340461731,1.601720929145813,4.829104900360107
1790030775800571600,19.636571533203124,-0.9265560507774353,2.0638017654418945,5.216965675354004
1790030775810581500,19.64658154296875,-1.2641384601593018,2.6575639247894287,5.370194435119629
1790030775820591000,19.656591064453124,-1.1635819673538208,2.425326347351074,4.879383087158203
1790030775830601000,19.66660107421875,-0.5961562395095825,2.5067291259765625,4.855441093444824
1790030775850712000,19.686712158203125,0.524330198764801,1.1276689767837524,3.294421434402466
1790030775880802300,19.71680224609375,-0.2106897532939911,0.37828385829925537,2.2409727573394775
1790030775890812200,19.726812255859375,-0.524330198764801,0.23702596127986908,0.8331822156906128
1790030775930851000,19.76685107421875,-0.28969839215278625,0.8523358106613159,0.4118026793003082
1790030775950870800,19.786870849609375,-1.9776105880737305,1.3934253454208374,1.659181833267212
1790030776010960000,19.8469599609375,-2.169146776199341,2.3535003662109375,1.623268723487854
1790030776020969500,19.856969482421874,-2.434903144836426,2.4899697303771973,0.8619126081466675
1790030776031009800,19.867009765625,-2.300827741622925,0.21308395266532898,-1.015141487121582
1790030776041050000,19.877050048828124,-2.2026655673980713,-1.2282254695892334,-1.7884687185287476
1790030776051060000,19.88706005859375,-2.4444799423217773,-0.5913678407669067,-0.7781155705451965
1790030776061130800,19.897130859375,-2.2673089504241943,-1.2114660739898682,-0.4405331015586853
1790030776071140400,19.907140380859374,-2.070984363555908,-0.33518823981285095,-0.6129156351089478
1790030776081180700,19.9171806640625,-2.212242364883423,1.3694833517074585,0.043095629662275314
1790030776111240400,19.947240478515624,-2.564189910888672,-1.3024457693099976,-3.24414324760437
1790030776121280800,19.95728076171875,-2.983175277709961,-2.8658595085144043,-2.9017724990844727
1790030776131321000,19.967321044921874,-2.6671407222747803,-2.6455929279327393,-1.0295066833496094
1790030776171360300,20.0073603515625,-2.2433669567108154,1.4676456451416016,-1.6184803247451782
1790030776181369900,20.017369873046874,-1.501164436340332,1.01753568649292,-1.623268723487854
1790030776201420000,20.037419921875,-1.7549498081207275,-0.3687070608139038,-0.13407529890537262
1790030776291538400,20.127538330078124,-2.5091233253479004,0,0.05267243832349777
1790030776321567700,20.157567626953124,-1.900996208190918,-0.9433154463768005,-2.8227639198303223
1790030776351658000,20.187657958984374,-1.4437036514282227,-1.6089035272598267,-1.7956513166427612
1790030776361667800,20.197667724609374,-0.7206547260284424,-1.7764976024627686,-2.190694570541382
1790030776371677700,20.207677734375,-0.12689268589019775,-2.142810583114624,-2.161964178085327
1790030776391727600,20.2277275390625,0.36152446269989014,-0.9097966551780701,-0.8212111592292786
1790030776411777800,20.24777783203125,0.15562310814857483,1.3120225667953491,0.5363011956214905
1790030776421787400,20.257787353515624,-0.3016694188117981,0.6153098344802856,0.3208230137825012
1790030776431858200,20.267858154296874,-0.608127236366272,0.5363011956214905,-0.3495534360408783
1790030776441898500,20.2778984375,-1.1444283723831177,0.15083470940589905,0.08379705995321274
1790030776451908400,20.287908447265625,-1.1563993692398071,-0.3926490843296051,0.10534487664699554
1790030776481937700,20.317937744140625,-1.0869675874710083,-0.4572925269603729,-0.6943184733390808
1790030776522068200,20.358068115234374,-0.7230489253997803,-1.173158884048462,0.12210428714752197
1790030776532078000,20.368078125,-1.0965443849563599,-0.9696516990661621,0.5889736413955688
1790030776542087700,20.378087646484374,-1.192312479019165,0.31364041566848755,0.304063618183136
1790030776592197600,20.42819775390625,-1.6855180263519287,-0.6560112833976746,-1.2090718746185303
1790030776662327000,20.4983271484375,-0.2849099934101105,-0.35673606395721436,-1.113303780555725
1790030776682407700,20.51840771484375,0.5985504388809204,-1.1755530834197998,-1.3096283674240112
1790030776692417300,20.528417236328124,0.15562310814857483,-1.158793568611145,-1.3455413579940796
1790030776702457600,20.53845751953125,0.019153613597154617,-1.3838485479354858,-1.7908629179000854
1790030776712467500,20.548467529296875,-0.10534487664699554,-1.139639973640442,-1.2832920551300049
1790030776722477000,20.55847705078125,-0.3974374830722809,-0.6272808313369751,-0.5889736413955688
1790030776732517400,20.568517333984374,-0.629675030708313,-0.3280056416988373,-0.7158663272857666
1790030776742557700,20.5785576171875,-0.48602294921875,-0.2801215946674347,-0.8619126081466675
1790030776812656600,20.64865673828125,-0.2753331959247589,0.21787235140800476,-0.08619125932455063
1790030776822666200,20.658666259765624,-0.1604115068912506,0.31124621629714966,0.27054479718208313
1790030776832706600,20.66870654296875,-0.2513911724090576,0.6967126727104187,0.7038952708244324
1790030776842716400,20.67871630859375,-0.38067805767059326,1.213860273361206,0.9050082564353943
1790030776852756700,20.6887568359375,-0.5889736413955688,0.8930372595787048,0.4908113479614258
1790030776862766300,20.698766357421874,-0.4836287498474121,0.3016694188117981,-0.10534487664699554
1790030776872776200,20.708776123046874,-0.33997663855552673,0.19632454216480255,-0.11252748221158981
1790030776882786000,20.7187861328125,-0.5578489899635315,0.8212111592292786,0.08858546614646912
1790030776972995800,20.808995849609374,-0.6991068720817566,0.2346317619085312,-0.33997663855552673
1790030777043156000,20.879156005859375,-0.6703764796257019,0.33997663855552673,0.3471592366695404
1790030777063175400,20.899175537109375,-0.7206547260284424,0.05506663769483566,0.21308395266532898
1790030777073185000,20.90918505859375,-0.6823474764823914,0.22026655077934265,-0.20111294090747833
1790030777083195000,20.91919482421875,-0.3519476354122162,-0.10295066982507706,-0.3495534360408783
1790030777093235200,20.929235107421874,-0.11971008777618408,-0.12449848651885986,0.009576806798577309
1790030777103245000,20.9392451171875,-0.24420857429504395,-0.0454898327589035,-0.040701430290937424
1790030777133396200,20.969396240234374,-0.1843535304069519,-0.42616790533065796,-0.33039984107017517
1790030777143406000,20.979406005859374,-0.33279404044151306,-0.6344634294509888,-0.9911994934082031
1790030777163425500,20.999425537109374,-0.395043283700943,-0.7781155705451965,-1.3718775510787964
1790030777173405000,21.009405029296875,-0.15562310814857483,-1.1013327836990356,-1.9991583824157715
1790030777183445200,21.0194453125,-0.06224924325942993,-1.9153614044189453,-2.1787235736846924
1790030777193485600,21.029485595703125,-0.14604631066322327,-1.9297266006469727,-2.6862943172454834
1790030777203495200,21.0394951171875,0.17956513166427612,-2.006340980529785,-2.715024709701538
1790030777213505000,21.049505126953125,0.363918662071228,-2.5953147411346436,-3.272873640060425
1790030777233585700,21.069585693359375,0.3734954595565796,-2.964021682739258,-3.598485231399536
1790030777243595300,21.07959521484375,0.33279404044151306,-2.5905263423919678,-4.716577529907227
1790030777273685800,21.109685791015625,-0.272938996553421,-3.1268274784088135,-3.8953661918640137
1790030777293735700,21.129735595703124,-0.6153098344802856,-3.201047658920288,-3.909731388092041
1790030777303776000,21.13977587890625,-0.49559974670410156,-3.3446998596191406,-3.885789394378662
1790030777313785900,21.149785888671875,-0.3447650372982025,-2.784456491470337,-3.914519786834717
1790030777373875000,21.209875,-2.1140801906585693,-1.7549498081207275,-3.5697548389434814
1790030777383884500,21.219884521484374,-2.4684219360351562,-1.9321208000183105,-3.0382418632507324
1790030777403934700,21.239934814453125,-2.3582887649536133,0.47165772318840027,-0.5482721924781799
1790030777413944300,21.2499443359375,-1.7717092037200928,-0.8810662031173706,-1.3048399686813354
1790030777423954200,21.2599541015625,-1.886630892753601,-0.2753331959247589,-1.7405846118927002
1790030777444004400,21.28000439453125,-2.1380221843719482,-0.828393816947937,-0.5506663918495178
1790030777454014000,21.290013916015624,-2.449268341064453,-1.0845733880996704,-1.4508862495422363
1790030777464023800,21.30002392578125,-2.3271639347076416,-0.1364694982767105,-1.3072341680526733
1790030777474064100,21.310064208984375,-2.5306711196899414,-0.40222588181495667,-1.0749965906143188
1790030777484104400,21.3201044921875,-3.28963303565979,-0.11971008777618408,-0.5363011956214905
1790030777494083600,21.33008349609375,-3.155557870864868,-0.1173158809542656,-1.0462661981582642
1790030777504154400,21.340154296875,-2.7054479122161865,-0.3878606855869293,-0.090979665517807
1790030777514194700,21.350194580078124,-1.7357962131500244,-0.7015010714530945,-0.8355764150619507
1790030777584354600,21.4203544921875,-2.2697031497955322,0.272938996553421,0.5003881454467773
1790030777594395000,21.430394775390624,-2.3918075561523438,-1.5610195398330688,-0.10773907601833344
1790030777604404700,21.44040478515625,-2.75812029838562,1.5322890281677246,0.7086837291717529
1790030777614444800,21.45044482421875,-2.9520506858825684,1.9728221893310547,2.013523578643799
1790030777624454700,21.46045458984375,-2.7557260990142822,2.940079689025879,2.2649147510528564
1790030777634464500,21.470464599609375,-2.8658595085144043,1.4460978507995605,2.1978771686553955
1790030777654514400,21.490514404296874,-3.6822822093963623,-0.7565677165985107,-0.035913024097681046
1790030777674564600,21.510564697265625,-3.184288263320923,1.01753568649292,-0.9768342971801758
1790030777684574200,21.52057421875,-3.1962592601776123,0.395043283700943,-0.6488286852836609
1790030777714695200,21.550695068359374,-1.4221558570861816,-1.9249382019042969,-0.6943184733390808
1790030777734775800,21.57077587890625,-1.6352397203445435,-1.4748282432556152,-1.0438719987869263
1790030777744785400,21.580785400390624,-1.9321208000183105,-0.7613561153411865,-1.7046716213226318
1790030777754825700,21.59082568359375,-3.162740468978882,1.3479355573654175,-0.4812345504760742
1790030777764835600,21.600835693359375,-3.603273630142212,2.3080103397369385,-1.3215993642807007
1790030777845005300,21.68100537109375,-1.5298948287963867,2.164358377456665,5.791574001312256
1790030777855015000,21.691014892578124,-0.5961562395095825,3.0382418632507324,8.40843677520752
1790030777865024800,21.701024658203124,-0.9672574996948242,4.400542736053467,10.156203269958496
1790030777875034600,21.71103466796875,-1.2880805730819702,4.817133903503418,9.658209800720215
1790030777905124900,21.741124755859374,-1.6424223184585571,1.3910311460494995,6.988674640655518
1790030777915134700,21.751134765625,-1.9800047874450684,0.2825157940387726,5.614402770996094
1790030777945194500,21.781194580078125,-3.2082302570343018,0.45250412821769714,1.8962076902389526
1790030777965275000,21.80127490234375,-2.4157495498657227,0.5793967843055725,-1.115697979927063
1790030777985294600,21.821294677734375,-1.4532804489135742,-0.5434837937355042,-0.7852981686592102
1790030778005344500,21.841344482421874,-0.8188169598579407,-0.7086837291717529,-0.9169792532920837
1790030778075474000,21.911473876953124,0,-0.3519476354122162,0.7781155705451965
1790030778085483800,21.92148388671875,-0.5339069962501526,0.26096799969673157,0.4429273009300232
1790030778095524000,21.931524169921875,-0.8307880163192749,-0.26815059781074524,-0.06464344263076782
1790030778105533700,21.94153369140625,-1.161187767982483,0.3423708379268646,-0.6057330369949341
1790030778175663000,22.0116630859375,-1.723825216293335,0.021547814831137657,-0.507570743560791
1790030778185673000,22.0216728515625,-2.3295583724975586,0.5195417404174805,-0.4189853072166443
1790030778195682800,22.031682861328125,-2.5546131134033203,0.15801730751991272,-0.3519476354122162
1790030778205692400,22.0416923828125,-2.786850690841675,0.7637503147125244,-0.16998831927776337
1790030778215702300,22.051702392578125,-2.9281086921691895,0.8762778043746948,1.1348515748977661
1790030778225681400,22.061681396484374,-2.937685489654541,0.47884035110473633,0.828393816947937
1790030778235721700,22.0717216796875,-2.7676970958709717,-0.811634361743927,-0.4572925269603729
1790030778245731600,22.081731689453125,-2.6024973392486572,-2.5522189140319824,-0.8762778043746948
1790030778255741200,22.0917412109375,-3.3949780464172363,-1.845929503440857,-0.8188169598579407
1790030778265720600,22.101720458984374,-3.3470940589904785,-1.158793568611145,-1.4676456451416016
1790030778315799800,22.1517998046875,-1.3120225667953491,-1.7357962131500244,-1.534683346748352
1790030778325870600,22.16187060546875,-2.300827741622925,-0.6703764796257019,-1.4508862495422363
1790030778335880400,22.17188037109375,-3.2776620388031006,-1.6663644313812256,-0.27054479718208313
1790030778345920800,22.181920654296874,-3.6320040225982666,-0.36152446269989014,-1.1204863786697388
1790030778365940200,22.201940185546874,-2.7988216876983643,1.9129672050476074,-0.9313444495201111
1790030778375950000,22.2119501953125,-1.9273324012756348,2.2170307636260986,-0.42616790533065796
1790030778396030700,22.23203076171875,-1.742978811264038,-2.7700912952423096,-1.0414776802062988
1790030778446079500,22.28207958984375,-1.1683704853057861,-0.6847416758537292,-2.008735179901123
1790030778456089000,22.292089111328124,-0.6943184733390808,1.338358759880066,-0.5674257874488831
1790030778466068500,22.302068359375,-0.26815059781074524,0.038307227194309235,0.727837324142456
1790030778476108800,22.31210888671875,-0.47165772318840027,-1.094150185585022,0.6584054827690125
1790030778486118400,22.322118408203124,-1.8387469053268433,-0.2777273952960968,0.5626373887062073
1790030778496128300,22.332128173828124,-2.6455929279327393,-1.482010841369629,-1.5131354331970215
1790030778506138000,22.34213818359375,-3.0382418632507324,-0.031124621629714966,-1.946485996246338
1790030778516178400,22.352178466796875,-2.38462495803833,0.26815059781074524,-0.5650315880775452
1790030778526188000,22.36218798828125,-0.9145850539207458,0.7230489253997803,-0.06224924325942993
1790030778536198000,22.372197998046875,-0.33518823981285095,0.6560112833976746,0.6368576288223267
1790030778546238200,22.38223828125,0.07422025501728058,-0.9481038451194763,0.5099649429321289
1790030778556247800,22.392247802734374,-0.9097966551780701,-0.811634361743927,-0.363918662071228
1790030778566257700,22.402257568359374,-2.0685901641845703,-0.7182605266571045,-1.0965443849563599
1790030778576267500,22.412267578125,-2.3798365592956543,0.5051765441894531,-0.40222588181495667
1790030778586307600,22.4223076171875,-1.556231141090393,0.31842881441116333,0.2825157940387726
1790030778596378600,22.432378662109375,-0.9672574996948242,-0.26815059781074524,-0.4644751250743866
1790030778606388200,22.44238818359375,-1.170764684677124,-0.849941611289978,-0.8403648138046265
1790030778616398000,22.452398193359375,-1.2425906658172607,-1.6041151285171509,-1.4987702369689941
1790030778626377200,22.462377197265624,-1.2737152576446533,-0.7445967197418213,-1.5394717454910278
1790030778636417500,22.47241748046875,-1.01753568649292,0.18914192914962769,-1.2066776752471924
1790030778646427400,22.482427490234375,-0.7733271718025208,0.4908113479614258,-1.0271124839782715
1790030778656467700,22.4924677734375,-0.8738836050033569,0.06464344263076782,-1.1061211824417114
1790030778666446800,22.50244677734375,-0.9097966551780701,-0.19871874153614044,-0.933738648891449
1790030778676456700,22.512456787109375,-0.871489405632019,-0.7565677165985107,-0.9145850539207458
1790030778686497000,22.5224970703125,-0.5147533416748047,-0.2298433631658554,-0.4884171485900879
1790030778696506600,22.532506591796874,-0.6368576288223267,-0.2944868206977844,-0.14844051003456116
1790030778706577400,22.542577392578124,-0.5147533416748047,-0.6775590777397156,-0.8355764150619507
1790030778716617700,22.55261767578125,-0.7422025203704834,0.040701430290937424,-0.5554547905921936
1790030778726627600,22.562627685546875,-0.7661445140838623,0.2777273952960968,-0.09816227108240128
1790030778736668000,22.57266796875,-0.7757213711738586,0.4884171485900879,0.11252748221158981
1790030778746677500,22.582677490234374,-0.9433154463768005,0.019153613597154617,-0.40462008118629456
1790030778776768000,22.61276806640625,-1.0319008827209473,0.15322890877723694,0.37828385829925537
1790030778826877700,22.662877685546874,-1.192312479019165,-0.05746084079146385,-0.6153098344802856
1790030778886966800,22.722966796875,-0.38546648621559143,-0.7972691655158997,-1.3862427473068237
1790030778897007000,22.733007080078124,-0.12689268589019775,-0.3974374830722809,-1.37906014919281
1790030778907017000,22.743016845703124,-0.363918662071228,-0.18914192914962769,-1.599326729774475
1790030778917026800,22.75302685546875,-0.20111294090747833,-0.304063618183136,-1.659181833267212
1790030778927067000,22.76306689453125,0.031124621629714966,-0.3711012601852417,-1.4748282432556152
1790030778967136500,22.803136474609374,-0.090979665517807,-0.4213795065879822,-0.6655880808830261
1790030778997165800,22.833165771484374,-0.07661445438861847,-0.3734954595565796,0.035913024097681046
1790030779007206100,22.8432060546875,-0.11971008777618408,-0.2944868206977844,0.5434837937355042
1790030779017185300,22.853185302734374,-0.16998831927776337,-0.20350714027881622,0.6919242739677429
1790030779027225600,22.8632255859375,-0.07900865375995636,-0.15801730751991272,0.5554547905921936
1790030779037266000,22.873265869140624,-0.181959331035614,-0.035913024097681046,0.4381389021873474
1790030779097385500,22.933385498046874,-0.26575639843940735,0.3687070608139038,0.7661445140838623
1790030779137424600,22.973424560546874,-0.08140286058187485,0.35434186458587646,-0.33518823981285095
1790030779147434500,22.9834345703125,-0.11013327538967133,0.090979665517807,-0.5315127968788147
1790030779157444000,22.993444091796874,-0.05027823522686958,-0.0071826050989329815,-0.5554547905921936
1790030779167484400,23.003484375,0.011971008032560349,0.028730420395731926,-0.4596867263317108
1790030779177524700,23.013524658203124,0.033518824726343155,0.0454898327589035,-0.24181437492370605
1790030779187534600,23.02353466796875,-0.05746084079146385,0.24899697303771973,0.011971008032560349
1790030779197544200,23.033544189453124,-0.17956513166427612,0.07900865375995636,0.10295066982507706
1790030779207554000,23.043553955078124,-0.21787235140800476,-0.033518824726343155,-0.2585737705230713
1790030779247593200,23.08359326171875,-0.12689268589019775,0.2944868206977844,-0.19871874153614044
1790030779257633300,23.09363330078125,-0.13407529890537262,0.2585737705230713,-0.10055647045373917
1790030779267643100,23.10364306640625,-0.2561795711517334,0.23942017555236816,0.10295066982507706
1790030779277622500,23.11362255859375,-0.31842881441116333,0.27054479718208313,0.33039984107017517
1790030779287693300,23.123693359375,-0.18914192914962769,-0.011971008032560349,0.19632454216480255
1790030779297672400,23.13367236328125,-0.19153612852096558,0.18914192914962769,-0.002394201699644327
1790030779307712800,23.143712646484374,-0.2585737705230713,0.07661445438861847,-0.2537853717803955
1790030779317722600,23.15372265625,-0.07900865375995636,-0.035913024097681046,-0.3878606855869293
1790030779327762700,23.1637626953125,-0.009576806798577309,0.040701430290937424,-0.3663128614425659
1790030779337772500,23.1737724609375,-0.11252748221158981,0.05267243832349777,-0.2801215946674347
1790030779347812900,23.183812744140624,-0.14844051003456116,0.05746084079146385,-0.10295066982507706
1790030779357822700,23.19382275390625,-0.10773907601833344,0.08619125932455063,-0.2298433631658554
1790030779367832300,23.203832275390624,-0.026336219161748886,0.15083470940589905,-0.1173158809542656
1790030779377842200,23.21384228515625,-0.043095629662275314,-0.002394201699644327,-0.014365210197865963
1790030779387882500,23.223882568359375,-0.05506663769483566,0.10055647045373917,0.009576806798577309
1790030779397892000,23.23389208984375,0.021547814831137657,-0.07661445438861847,-0.2801215946674347
1790030779407902000,23.24390185546875,-0.1149216815829277,-0.11971008777618408,-0.2944868206977844
1790030779417911800,23.253911865234375,-0.13407529890537262,-0.31124621629714966,-0.29209262132644653
1790030779427891000,23.263890869140624,-0.07661445438861847,-0.06224924325942993,-0.2777273952960968
1790030779437931300,23.27393115234375,-0.035913024097681046,-0.10534487664699554,-0.24660277366638184
1790030779447971600,23.2839716796875,-0.08858546614646912,-0.05506663769483566,0
1790030779457981200,23.293981201171874,-0.05027823522686958,0.16759411990642548,0.2537853717803955
1790030779467991000,23.303990966796874,-0.12928688526153564,0.16998831927776337,0.37828385829925537
1790030779488041200,23.324041259765625,-0.10773907601833344,0.05267243832349777,0.09576806426048279
1790030779498050800,23.33405078125,-0.05746084079146385,0.07182604819536209,-0.06224924325942993
1790030779548252400,23.38425244140625,0,0.14365209639072418,0.21787235140800476
1790030779658542800,23.49454296875,0,-0.06464344263076782,-0.019153613597154617
1790030779698581800,23.534581787109374,-0.08379705995321274,0.181959331035614,0.011971008032560349
1790030779738621000,23.574620849609374,-0.0071826050989329815,0.2059013396501541,0.14365209639072418
1790030779748630800,23.584630859375,-0.016759412363171577,-0.19393034279346466,0.0454898327589035
1790030779758640400,23.594640380859374,-0.05027823522686958,-0.10773907601833344,-0.06703764945268631
1790030779788700200,23.6247001953125,0.07182604819536209,-0.17477671802043915,-0.016759412363171577
1790030779798710000,23.6347099609375,0.0454898327589035,-0.1364694982767105,-0.18914192914962769
1790030779808750300,23.644750244140624,0.14365209639072418,-0.10534487664699554,-0.23942017555236816
1790030779818760200,23.65476025390625,0.16759411990642548,-0.27054479718208313,0.09576806426048279
1790030779828861400,23.664861328125,0.05267243832349777,-0.0694318488240242,0.15801730751991272
1790030779838871300,23.674871337890625,0.033518824726343155,-0.038307227194309235,-0.019153613597154617
1790030779848881000,23.684880859375,0.004788403399288654,-0.011971008032560349,-0.2513911724090576
1790030779858921200,23.694921142578124,0.043095629662275314,-0.004788403399288654,-0.05985504388809204
1790030779868931000,23.70493115234375,0.08619125932455063,-0.10295066982507706,-0.11971008777618408
1790030779878940700,23.714940673828124,0.026336219161748886,-0.08858546614646912,-0.0454898327589035
1790030779898990800,23.734990966796875,0.08379705995321274,-0.26096799969673157,0.11971008777618408
1790030779919040800,23.755040771484374,-0.002394201699644327,0.11971008777618408,0.10773907601833344
1790030779989231400,23.8252314453125,0.0933738648891449,-0.20111294090747833,0.08858546614646912
1790030780039371800,23.875371826171875,0.10295066982507706,0.31842881441116333,0.021547814831137657
1790030780109531600,23.94553173828125,-0.021547814831137657,0.07900865375995636,-0.043095629662275314
1790030780119541200,23.955541259765624,0.06224924325942993,0.043095629662275314,0.08858546614646912
1790030780129551000,23.965551025390624,-0.014365210197865963,-0.1388636976480484,0.0454898327589035
1790030780139561000,23.97556103515625,0.05506663769483566,-0.047884032130241394,-0.15083470940589905
1790030780149570600,23.985570556640624,0.002394201699644327,-0.0454898327589035,-0.0454898327589035
1790030780159611000,23.99561083984375,0.035913024097681046,-0.2059013396501541,-0.2322375625371933
1790030780189640200,24.02564013671875,-0.0071826050989329815,-0.08858546614646912,0.08140286058187485
1790030780199680500,24.035680419921874,-0.08140286058187485,-0.15083470940589905,0.2346317619085312
1790030780209720800,24.045720947265625,-0.14365209639072418,-0.1388636976480484,0.2968810200691223
1790030780219761200,24.05576123046875,-0.08858546614646912,-0.011971008032560349,-0.014365210197865963
1790030780229770800,24.065770751953124,0.0071826050989329815,0.17717093229293823,-0.08379705995321274
1790030780239780600,24.075780517578124,-0.038307227194309235,0.31124621629714966,0.17477671802043915
1790030780249790500,24.08579052734375,-0.07900865375995636,0.2992752194404602,0.5219359993934631
1790030780259800000,24.095800048828124,-0.047884032130241394,-0.0694318488240242,0.20111294090747833
1790030780279850200,24.115850341796875,0.07422025501728058,0.19153612852096558,0.0071826050989329815
1790030780340000300,24.176000244140624,0.08140286058187485,-0.26336219906806946,-0.15083470940589905
1790030780430179800,24.266179931640625,0.090979665517807,0.043095629662275314,-0.13168109953403473
1790030780440220200,24.27622021484375,0.0454898327589035,0.2106897532939911,0.028730420395731926
1790030780450229800,24.286229736328124,-0.014365210197865963,0.0933738648891449,0.0694318488240242
1790030780460239600,24.296239501953124,0.13168109953403473,0.004788403399288654,0.014365210197865963
1790030780470280000,24.306280029296875,0.08379705995321274,0,0.1867477297782898
1790030780480289500,24.31628955078125,0,-0.15083470940589905,0.06224924325942993
1790030780490299400,24.32629931640625,0.009576806798577309,-0.07422025501728058,0.019153613597154617
1790030780500278800,24.33627880859375,0.002394201699644327,-0.15083470940589905,0.05985504388809204
1790030780520359200,24.356359130859374,-0.033518824726343155,-0.06464344263076782,-0.002394201699644327
1790030780550419000,24.3864189453125,-0.035913024097681046,-0.004788403399288654,-0.08379705995321274
1790030780590488600,24.426488525390624,0,0.14365209639072418,-0.15322890877723694
1790030780600498400,24.43649853515625,0.043095629662275314,-0.0694318488240242,-0.06703764945268631
1790030780610569200,24.4465693359375,0.07900865375995636,0.10534487664699554,0.090979665517807
1790030780620609500,24.456609619140625,0.016759412363171577,0.019153613597154617,0.10773907601833344
1790030780640659500,24.476659423828124,0.004788403399288654,-0.12689268589019775,-0.05985504388809204
1790030780650669300,24.48666943359375,-0.038307227194309235,-0.11971008777618408,0.06703764945268631
1790030780700840200,24.536840087890624,-0.038307227194309235,-0.05267243832349777,0.06464344263076782
1790030780710880500,24.546880615234375,0.021547814831137657,-0.090979665517807,-0.07422025501728058
1790030780720890000,24.55689013671875,0.040701430290937424,-0.014365210197865963,-0.004788403399288654
1790030780740940300,24.576940185546874,-0.026336219161748886,0.019153613597154617,-0.05506663769483566
1790030780750950100,24.5869501953125,-0.07422025501728058,0.06464344263076782,0.040701430290937424
1790030780760990200,24.596990234375,0.08619125932455063,0.21787235140800476,0.047884032130241394
1790030780771000000,24.607,-0.08858546614646912,0.035913024097681046,-0.019153613597154617
1790030780781070800,24.61707080078125,-0.0454898327589035,-0.05027823522686958,0.002394201699644327
1790030780791111200,24.627111083984374,-0.028730420395731926,0.047884032130241394,0.08379705995321274
1790030780801121000,24.63712109375,0,-0.028730420395731926,-0.009576806798577309
1790030780811130600,24.647130615234374,0.06464344263076782,0.1388636976480484,0.06224924325942993
1790030780821171000,24.6571708984375,0.040701430290937424,-0.019153613597154617,-0.033518824726343155
1790030780851230700,24.687230712890624,-0.023942016065120697,-0.08619125932455063,-0.031124621629714966
1790030780861271000,24.69727099609375,-0.002394201699644327,-0.08379705995321274,-0.19393034279346466
1790030780871311400,24.707311279296874,0.026336219161748886,-0.090979665517807,-0.021547814831137657
