time,seconds_elapsed,x,z,y
1790030047176498400,0.11149853515625,-0.07422025501728058,0.05985504388809204,0.09816227108240128
1790030047186477600,0.1214775390625,-0.45489832758903503,0.6727706789970398,0.2298433631658554
1790030047196487400,0.1314873046875,-0.08140286058187485,-0.014365210197865963,0.05267243832349777
1790030047236296000,0.1712958984375,-0.14844051003456116,-0.10055647045373917,0.20350714027881622
1790030047246066700,0.181066650390625,-0.1867477297782898,-0.2082955539226532,0.11971008777618408
1790030047255776500,0.190776611328125,-0.12449848651885986,-0.17238251864910126,-0.19632454216480255
1790030047305425200,0.240425048828125,0.028730420395731926,0.028730420395731926,-0.22026655077934265
1790030047315465500,0.250465576171875,-0.10773907601833344,0.14844051003456116,-0.047884032130241394
1790030047325475300,0.260475341796875,-0.0933738648891449,0.19153612852096558,0.29209262132644653
1790030047335515600,0.270515625,-0.22505496442317963,0.2082955539226532,0.4213795065879822
1790030047345494800,0.280494873046875,-0.1173158809542656,0.08858546614646912,0.26096799969673157
1790030047355535000,0.29053515625,0.028730420395731926,0.08619125932455063,0.11971008777618408
1790030047375554600,0.310554443359375,-0.10773907601833344,0.1843535304069519,0.17238251864910126
1790030047385564400,0.320564453125,-0.05267243832349777,0.24181437492370605,0.23942017555236816
1790030047405584000,0.340583984375,0.17717093229293823,-0.021547814831137657,-0.1628057211637497
1790030047415593700,0.35059375,0.014365210197865963,-0.05027823522686958,-0.07182604819536209
1790030047425572900,0.36057275390625,0.009576806798577309,-0.08858546614646912,0.14365209639072418
1790030047435613200,0.37061328125,0,0.08379705995321274,0.1628057211637497
1790030047445653500,0.380653564453125,0.09816227108240128,0.040701430290937424,0.043095629662275314
1790030047455663400,0.390663330078125,0.07661445438861847,-0.07900865375995636,0.07422025501728058
1790030047465673000,0.4006728515625,0.016759412363171577,-0.181959331035614,-0.014365210197865963
1790030047475713300,0.41071337890625,-0.021547814831137657,-0.21787235140800476,-0.1412578970193863
1790030047485723100,0.42072314453125,-0.011971008032560349,-0.1843535304069519,-0.23942017555236816
1790030047515752400,0.45075244140625,0,-0.09576806426048279,-0.09576806426048279
1790030047525762300,0.46076220703125,0.10773907601833344,0.07182604819536209,0
1790030047535772000,0.47077197265625,-0.009576806798577309,-0.002394201699644327,0.05985504388809204
1790030047545781800,0.48078173828125,-0.0454898327589035,-0.11971008777618408,-0.021547814831137657
1790030047555791400,0.490791259765625,0.07422025501728058,-0.2298433631658554,-0.07661445438861847
1790030047565801200,0.50080126953125,-0.06224924325942993,-0.07422025501728058,-0.021547814831137657
1790030047575811000,0.51081103515625,-0.05985504388809204,0.014365210197865963,-0.0694318488240242
1790030047585820700,0.520820556640625,0.026336219161748886,0.05027823522686958,-0.07900865375995636
1790030047595861000,0.530861083984375,0.021547814831137657,0.20350714027881622,0.19153612852096558
1790030047625890300,0.560890380859375,0.004788403399288654,0.26336219906806946,0.06703764945268631
1790030047635900200,0.570900146484375,-0.11252748221158981,0.2801215946674347,0.1843535304069519
1790030047645909800,0.58090966796875,-0.09816227108240128,0.14365209639072418,0.26815059781074524
1790030047655919600,0.590919677734375,-0.023942016065120697,0,-0.016759412363171577
1790030047665929500,0.600929443359375,0.009576806798577309,0.043095629662275314,-0.09816227108240128
1790030047675908600,0.61090869140625,0.043095629662275314,0.014365210197865963,0.05985504388809204
1790030047685918500,0.62091845703125,0.035913024097681046,0.272938996553421,0.05027823522686958
1790030047695958800,0.630958740234375,0.1412578970193863,0.16998831927776337,0.031124621629714966
1790030047705968400,0.640968505859375,0.06224924325942993,0.1173158809542656,-0.0454898327589035
1790030047736028400,0.6710283203125,0.016759412363171577,-0.12449848651885986,-0.12689268589019775
1790030047746038000,0.6810380859375,0.11013327538967133,-0.13168109953403473,-0.14844051003456116
1790030047756017400,0.691017333984375,-0.011971008032560349,0.11971008777618408,0.09816227108240128
1790030047766057500,0.701057373046875,0.023942016065120697,0.05267243832349777,-0.06703764945268631
1790030047776036900,0.711036865234375,0.047884032130241394,-0.1173158809542656,-0.1149216815829277
1790030047786077200,0.7210771484375,0.07661445438861847,-0.031124621629714966,-0.17717093229293823
1790030047796086800,0.731086669921875,-0.021547814831137657,-0.2298433631658554,-0.19153612852096558
1790030047826116000,0.7611162109375,0.0071826050989329815,-0.2944868206977844,-0.24181437492370605
1790030047836126000,0.7711259765625,0.002394201699644327,-0.19393034279346466,-0.23702596127986908
1790030047846135800,0.7811357421875,-0.06464344263076782,-0.021547814831137657,-0.09816227108240128
1790030047856145400,0.7911455078125,0.011971008032560349,-0.09816227108240128,-0.1173158809542656
1790030047866155300,0.8011552734375,0.1364694982767105,-0.10534487664699554,-0.28969839215278625
1790030047876165000,0.8111650390625,0.13407529890537262,0.043095629662275314,-0.14604631066322327
1790030047886174700,0.8211748046875,0.05267243832349777,-0.035913024097681046,0.028730420395731926
1790030047896184600,0.8311845703125,-0.0071826050989329815,0.08619125932455063,0.08140286058187485
1790030047906163700,0.841163818359375,-0.0454898327589035,0.12210428714752197,0.06224924325942993
1790030047916173600,0.851173583984375,-0.13407529890537262,0.10295066982507706,0.035913024097681046
1790030047926183400,0.861183349609375,0.019153613597154617,0.0454898327589035,0.08140286058187485
1790030047936193000,0.871193115234375,-0.031124621629714966,0.18914192914962769,-0.004788403399288654
1790030047946172400,0.88117236328125,-0.06464344263076782,0.22266076505184174,0.16998831927776337
1790030047966191900,0.90119189453125,-0.0694318488240242,0.016759412363171577,0.0454898327589035
1790030047976232200,0.911232177734375,-0.014365210197865963,0,0
1790030047986241800,0.92124169921875,0.16759411990642548,0.0933738648891449,-0.2082955539226532
1790030047996251600,0.931251708984375,0.15562310814857483,0.12210428714752197,0.023942016065120697
1790030048006261500,0.941261474609375,0.07900865375995636,0.038307227194309235,0.1604115068912506
1790030048036290800,0.971290771484375,-0.040701430290937424,-0.026336219161748886,-0.08379705995321274
1790030048046300400,0.981300537109375,-0.002394201699644327,0.14604631066322327,-0.05506663769483566
1790030048056310300,0.991310302734375,-0.023942016065120697,0.06224924325942993,-0.12928688526153564
1790030048066320100,1.001320068359375,-0.05027823522686958,-0.07900865375995636,-0.031124621629714966
1790030048076329700,1.011329833984375,0.028730420395731926,0.011971008032560349,-0.0454898327589035
1790030048086309000,1.02130908203125,-0.05746084079146385,0.1173158809542656,0.13168109953403473
1790030048096349400,1.031349365234375,-0.08379705995321274,0.06464344263076782,0.08619125932455063
1790030048106359000,1.041359130859375,0.014365210197865963,-0.08858546614646912,-0.016759412363171577
1790030048116338400,1.05133837890625,-0.026336219161748886,0.08379705995321274,0.035913024097681046
1790030048126378800,1.061378662109375,0.026336219161748886,0.11971008777618408,-0.19393034279346466
1790030048136388400,1.071388427734375,0.05267243832349777,0.014365210197865963,-0.035913024097681046
1790030048146398200,1.081398193359375,0.07661445438861847,0.07422025501728058,-0.06703764945268631
1790030048156377300,1.09137744140625,0.035913024097681046,-0.002394201699644327,-0.033518824726343155
1790030048166387200,1.10138720703125,0.033518824726343155,-0.1149216815829277,-0.090979665517807
1790030048176427500,1.111427490234375,0.0071826050989329815,-0.0071826050989329815,0.035913024097681046
1790030048186437000,1.12143701171875,0,0.0454898327589035,0.15322890877723694
1790030048196447000,1.131447021484375,-0.07182604819536209,0.038307227194309235,0.2968810200691223
1790030048206456800,1.141456787109375,-0.07422025501728058,-0.06464344263076782,0.0071826050989329815
1790030048216436000,1.15143603515625,-0.08619125932455063,-0.10534487664699554,0.031124621629714966
1790030048236486100,1.171486083984375,-0.08140286058187485,-0.05746084079146385,-0.12449848651885986
1790030048246495700,1.181495849609375,-0.0694318488240242,0.021547814831137657,0.016759412363171577
1790030048256505600,1.191505615234375,-0.08858546614646912,0.11971008777618408,0.08140286058187485
1790030048266515500,1.201515380859375,-0.0071826050989329815,0.07182604819536209,0.06703764945268631
1790030048276494600,1.21149462890625,0.05746084079146385,-0.023942016065120697,-0.10534487664699554
1790030048286535000,1.221534912109375,0.06464344263076782,-0.035913024097681046,-0.043095629662275314
1790030048296544800,1.231544677734375,-0.011971008032560349,0.0071826050989329815,0.11013327538967133
1790030048306554400,1.241554443359375,0.1173158809542656,0.028730420395731926,0.16998831927776337
1790030048316533800,1.25153369140625,0.004788403399288654,0.16519992053508759,0
1790030048336583700,1.271583740234375,0.07422025501728058,0.06224924325942993,-0.15801730751991272
1790030048356603100,1.29160302734375,-0.05746084079146385,-0.002394201699644327,-0.011971008032560349
1790030048366643500,1.3016435546875,-0.016759412363171577,0.15083470940589905,0.07422025501728058
1790030048376653300,1.3116533203125,-0.026336219161748886,0.11252748221158981,-0.023942016065120697
1790030048386663200,1.3216630859375,0.009576806798577309,0.08379705995321274,-0.0071826050989329815
1790030048406682600,1.3416826171875,-0.035913024097681046,0.06464344263076782,0.10534487664699554
1790030048416692500,1.3516923828125,-0.004788403399288654,0.10534487664699554,-0.035913024097681046
1790030048436742400,1.371742431640625,0.026336219161748886,-0.026336219161748886,0.0071826050989329815
1790030048446721500,1.381721435546875,0.0933738648891449,-0.06703764945268631,-0.1628057211637497
1790030048466741200,1.4017412109375,0.05506663769483566,-0.08858546614646912,0.0071826050989329815
1790030048476781600,1.411781494140625,-0.004788403399288654,-0.10534487664699554,0.08140286058187485
1790030048486821600,1.421821533203125,0.07422025501728058,-0.06464344263076782,0.026336219161748886
1790030048496831500,1.43183154296875,0.09576806426048279,-0.12210428714752197,-0.12689268589019775
1790030048506841300,1.44184130859375,0.009576806798577309,-0.1604115068912506,-0.0694318488240242
1790030048516820500,1.451820556640625,-0.026336219161748886,-0.07182604819536209,0.17717093229293823
1790030048526860800,1.46186083984375,-0.12210428714752197,-0.09576806426048279,0.026336219161748886
1790030048546911000,1.481910888671875,0.031124621629714966,-0.0071826050989329815,0
1790030048556890000,1.49189013671875,-0.043095629662275314,-0.014365210197865963,-0.12210428714752197
1790030048566930400,1.501930419921875,-0.07661445438861847,-0.1867477297782898,-0.08619125932455063
1790030048576940000,1.51193994140625,-0.12689268589019775,-0.14844051003456116,-0.17238251864910126
1790030048586950000,1.521949951171875,0.043095629662275314,-0.08858546614646912,-0.2753331959247589
1790030048596929300,1.53192919921875,0.014365210197865963,-0.08858546614646912,-0.2082955539226532
1790030048606969300,1.54196923828125,-0.028730420395731926,-0.1149216815829277,-0.1173158809542656
1790030048616979200,1.551979248046875,-0.06703764945268631,-0.05985504388809204,-0.038307227194309235
1790030048626989000,1.561989013671875,0.13168109953403473,-0.11013327538967133,-0.004788403399288654
1790030048636998700,1.57199853515625,0.13168109953403473,0.047884032130241394,-0.06703764945268631
1790030048647008500,1.582008544921875,-0.07422025501728058,-0.004788403399288654,0.009576806798577309
1790030048657018400,1.592018310546875,0.0071826050989329815,-0.11971008777618408,0.06224924325942993
1790030048677037800,1.612037841796875,0.014365210197865963,0.08379705995321274,0.18914192914962769
1790030048687078100,1.622078125,0.10055647045373917,0.05746084079146385,0.047884032130241394
1790030048707097600,1.64209765625,0.08140286058187485,0.016759412363171577,0.14604631066322327
1790030048727147800,1.662147705078125,-0.023942016065120697,0.10055647045373917,0.1364694982767105
1790030048737157400,1.672157470703125,0.06464344263076782,0.07661445438861847,0.009576806798577309
1790030048747167200,1.682167236328125,-0.021547814831137657,0.19393034279346466,-0.019153613597154617
1790030048767156200,1.70215625,-0.05746084079146385,0.11013327538967133,0.08858546614646912
1790030048787206100,1.7222060546875,-0.009576806798577309,0.13407529890537262,-0.11252748221158981
1790030048797246500,1.73224658203125,-0.004788403399288654,0.035913024097681046,0.016759412363171577
1790030048807256300,1.74225634765625,-0.07182604819536209,-0.047884032130241394,0.0933738648891449
1790030048817266200,1.75226611328125,-0.0071826050989329815,-0.014365210197865963,0.019153613597154617
1790030048827337000,1.7623369140625,-0.0694318488240242,0.047884032130241394,-0.09816227108240128
1790030048837346600,1.7723466796875,-0.023942016065120697,0,0.026336219161748886
1790030048847356400,1.7823564453125,-0.090979665517807,0.06224924325942993,0.040701430290937424
1790030048877385700,1.8123857421875,-0.09816227108240128,-0.14604631066322327,-0.026336219161748886
1790030048887395600,1.8223955078125,-0.06464344263076782,-0.043095629662275314,0.09576806426048279
1790030048917455400,1.852455322265625,0.1173158809542656,-0.10055647045373917,-0.021547814831137657
1790030048927465000,1.86246484375,0.11252748221158981,-0.21308395266532898,0.08140286058187485
1790030048937474800,1.872474853515625,0.16998831927776337,-0.15322890877723694,-0.12210428714752197
1790030048947484700,1.882484619140625,0.11013327538967133,-0.26096799969673157,-0.2082955539226532
1790030048957494300,1.892494384765625,0.15801730751991272,-0.06464344263076782,-0.17956513166427612
1790030049007543300,1.942543212890625,0,0.16519992053508759,0.13407529890537262
1790030049027623700,1.962623779296875,-0.023942016065120697,-0.1843535304069519,-0.002394201699644327
1790030049037633500,1.972633544921875,0.05267243832349777,-0.0071826050989329815,-0.11013327538967133
1790030049047643400,1.982643310546875,-0.033518824726343155,0.06224924325942993,-0.011971008032560349
1790030049057653000,1.992653076171875,-0.09576806426048279,0.009576806798577309,0.0694318488240242
1790030049067662800,2.002662841796875,-0.07182604819536209,-0.033518824726343155,0.021547814831137657
1790030049087682300,2.022682373046875,-0.05985504388809204,0.10295066982507706,0.28730419278144836
1790030049097692200,2.032692138671875,0.05027823522686958,-0.047884032130241394,-0.05027823522686958
1790030049107701800,2.04270166015625,0.08619125932455063,-0.021547814831137657,-0.33518823981285095
1790030049117711600,2.052711669921875,0.0071826050989329815,-0.10773907601833344,-0.14604631066322327
1790030049127752000,2.062751953125,0.019153613597154617,-0.035913024097681046,-0.023942016065120697
1790030049147771400,2.082771484375,-0.033518824726343155,-0.09816227108240128,-0.1173158809542656
1790030049157811700,2.092811767578125,-0.014365210197865963,0.16519992053508759,-0.08619125932455063
1790030049167821600,2.102821533203125,0.07422025501728058,0.09576806426048279,-0.12210428714752197
1790030049227880200,2.162880126953125,0.038307227194309235,-0.023942016065120697,-0.08379705995321274
1790030049237889800,2.172889892578125,-0.028730420395731926,0.028730420395731926,-0.026336219161748886
1790030049247899600,2.182899658203125,-0.1388636976480484,-0.031124621629714966,-0.05027823522686958
1790030049257909500,2.192909423828125,-0.004788403399288654,0.019153613597154617,-0.023942016065120697
1790030049297948400,2.232948486328125,-0.026336219161748886,0.031124621629714966,0
1790030049307988700,2.24298876953125,0.07422025501728058,0.12928688526153564,0.035913024097681046
1790030049317998600,2.25299853515625,0.0071826050989329815,0.08619125932455063,0.0694318488240242
1790030049348088800,2.2830888671875,-0.035913024097681046,-0.014365210197865963,0.1867477297782898
1790030049358098700,2.2930986328125,-0.019153613597154617,0.1628057211637497,0.12689268589019775
1790030049368108300,2.3031083984375,0.011971008032560349,0.0454898327589035,0.16759411990642548
1790030049378118100,2.3131181640625,0.12689268589019775,-0.07422025501728058,-0.028730420395731926
1790030049388128000,2.3231279296875,-0.028730420395731926,-0.043095629662275314,-0.08858546614646912
1790030049398168000,2.33316796875,0.05267243832349777,0.009576806798577309,-0.004788403399288654
1790030049468328200,2.403328125,0.038307227194309235,-0.035913024097681046,-0.2298433631658554
1790030049478337800,2.413337890625,0.009576806798577309,-0.0694318488240242,-0.10534487664699554
1790030049488378000,2.423378173828125,-0.05985504388809204,-0.08858546614646912,-0.1843535304069519
1790030049518438000,2.45343798828125,0.047884032130241394,-0.33039984107017517,-0.2346317619085312
1790030049548467200,2.48346728515625,-0.1173158809542656,-0.993593692779541,-0.629675030708313
1790030049558507500,2.493507568359375,0.040701430290937424,-1.1540051698684692,-0.5554547905921936
1790030049568517400,2.503517333984375,-0.0933738648891449,-1.434126853942871,-0.7852981686592102
1790030049578557700,2.5135576171875,-0.021547814831137657,-1.5418659448623657,-0.7350199222564697
1790030049648717600,2.583717529296875,-0.4429273009300232,-1.86508309841156,-1.9105730056762695
1790030049658696700,2.59369677734375,-0.5099649429321289,-1.5921441316604614,-1.414973258972168
1790030049668737000,2.603737060546875,-0.6536170840263367,-1.2066776752471924,-0.7948749661445618
1790030049678747000,2.613746826171875,-0.6943184733390808,-0.8595184087753296,-0.7350199222564697
1790030049688756500,2.623756591796875,-0.7015010714530945,-0.9481038451194763,-0.629675030708313
1790030049728826000,2.663826171875,-0.8475474119186401,-0.3256114423274994,-0.9576807022094727
1790030049768895700,2.703895751953125,-1.4221558570861816,-0.5267243981361389,-0.5889736413955688
1790030049778905600,2.713905517578125,-1.192312479019165,-1.0582371950149536,-1.0127472877502441
1790030049788915200,2.723915283203125,-1.1420341730117798,-1.2306196689605713,-1.3766659498214722
1790030049798955500,2.73395556640625,-0.9361328482627869,-1.0869675874710083,-1.9919757843017578
1790030049808935000,2.743934814453125,-1.1492167711257935,-0.9888052940368652,-1.8387469053268433
1790030049818975000,2.75397509765625,-1.3407529592514038,-1.5945383310317993,-1.7070658206939697
1790030049859014100,2.79401416015625,-0.9289502501487732,-1.6950948238372803,-2.607285737991333
1790030049879003100,2.814003173828125,-0.6871358752250671,-1.9369091987609863,-2.011129379272461
1790030049889013000,2.824012939453125,-0.9481038451194763,-0.7182605266571045,-1.9033904075622559
1790030049899022600,2.834022705078125,-1.278503656387329,-0.6344634294509888,-1.0271124839782715
1790030049909032400,2.844032470703125,-1.6424223184585571,-1.7884687185287476,-1.843535304069519
1790030049919072800,2.85407275390625,-1.9369091987609863,-1.1228805780410767,-2.229001760482788
1790030049929082400,2.864082275390625,-1.5921441316604614,-1.0462661981582642,-1.7405846118927002
1790030049979131400,2.91413134765625,-1.9033904075622559,-0.0454898327589035,-0.3423708379268646
1790030049989110500,2.924110595703125,-2.6216509342193604,1.8100165128707886,1.015141487121582
1790030049999120400,2.934120361328125,-2.7006595134735107,0.9792284965515137,0.5147533416748047
1790030050009160700,2.94416064453125,-2.341529369354248,-0.37828385829925537,-0.6153098344802856
1790030050019139800,2.954139892578125,-2.0159177780151367,-0.08858546614646912,-0.646434485912323
1790030050029180200,2.96418017578125,-1.9129672050476074,-0.49799394607543945,-0.8092401623725891
1790030050059179000,2.994178955078125,-1.5873557329177856,-1.259350061416626,-0.12689268589019775
1790030050119268000,3.05426806640625,-1.1324573755264282,-0.3519476354122162,-0.26575639843940735
1790030050169347300,3.104347412109375,-3.445256233215332,1.941697597503662,0.6655880808830261
1790030050179357200,3.114357177734375,-2.8131868839263916,2.2194249629974365,-1.1755530834197998
1790030050189367000,3.124366943359375,-2.4875755310058594,0.8475474119186401,-0.29209262132644653
1790030050199376600,3.134376708984375,-2.5977089405059814,0.5386953949928284,0.7254431247711182
1790030050209386500,3.144386474609375,-2.626439332962036,-0.5578489899635315,0.395043283700943
1790030050219396000,3.15439599609375,-2.7772738933563232,1.2114660739898682,0.6631938815116882
1790030050229406000,3.164406005859375,-3.222595453262329,2.1787235736846924,1.843535304069519
1790030050239385300,3.17438525390625,-3.3901896476745605,0.5770025849342346,1.1540051698684692
1790030050249425400,3.18442529296875,-2.7916390895843506,1.5418659448623657,0.7757213711738586
1790030050259435300,3.194435302734375,-2.6862943172454834,1.0055646896362305,1.2976573705673218
1790030050279454700,3.214454833984375,-3.2369606494903564,0.14844051003456116,0.24420857429504395
1790030050359563500,3.2945634765625,-1.534683346748352,0.3280056416988373,-2.231395959854126
1790030050419652600,3.354652587890625,-0.6871358752250671,3.667917013168335,4.5825018882751465
1790030050429631700,3.3646318359375,-0.9576807022094727,2.765302896499634,4.850652694702148
1790030050439702500,3.37470263671875,-1.3527239561080933,2.3918075561523438,5.767632007598877
1790030050499791600,3.43479150390625,-1.8842366933822632,1.4700398445129395,2.82515811920166
1790030050509801500,3.444801513671875,-2.006340980529785,1.280897855758667,2.5689783096313477
1790030050519811300,3.454811279296875,-2.3582887649536133,0.8451532125473022,1.5418659448623657
1790030050529821000,3.464821044921875,-2.3056161403656006,0.646434485912323,1.2210428714752197
1790030050539830800,3.474830810546875,-2.382230758666992,0.8259995579719543,0.181959331035614
1790030050549840600,3.484840576171875,-2.0374655723571777,0.9217676520347595,-0.4620809257030487
1790030050609899300,3.544899169921875,-1.173158884048462,-0.09576806426048279,-0.5315127968788147
1790030050639928300,3.57492822265625,0.06464344263076782,-0.5602431893348694,-0.8068459630012512
1790030050659948000,3.594947998046875,0.48602294921875,-0.545877993106842,-0.1867477297782898
1790030050669988400,3.60498828125,-0.16998831927776337,0.3256114423274994,-0.3687070608139038
1790030050730108000,3.66510791015625,-0.16519992053508759,-0.12449848651885986,-1.6711528301239014
1790030050750157800,3.68515771484375,0.13168109953403473,0.4836287498474121,-0.950498104095459
1790030050760167700,3.695167724609375,-1.2210428714752197,0.44771572947502136,-0.5027823448181152
1790030050770177500,3.705177490234375,-1.7621324062347412,-0.15801730751991272,-1.5394717454910278
1790030050780156700,3.71515673828125,-1.4867992401123047,-1.0438719987869263,-1.1563993692398071
1790030050790166500,3.72516650390625,-1.0271124839782715,-1.2737152576446533,-0.35913026332855225
1790030050800145700,3.735145751953125,-1.2689268589019775,-0.6967126727104187,0.8738836050033569
1790030050810186000,3.74518603515625,-2.0638017654418945,-1.2210428714752197,0.33518823981285095
1790030050830175000,3.765175048828125,-2.341529369354248,0.31364041566848755,1.0223240852355957
1790030050870214100,3.805214111328125,-1.7046716213226318,0.22266076505184174,0.8882488012313843
1790030050880285000,3.815284912109375,-1.580173134803772,0.16519992053508759,0.8020575642585754
1790030050890294500,3.82529443359375,-1.4987702369689941,0.4572925269603729,0.26096799969673157
1790030050900334800,3.8353349609375,-1.2330138683319092,-0.16519992053508759,0.5315127968788147
1790030050910344700,3.8453447265625,-1.5682021379470825,0.5195417404174805,0.2968810200691223
1790030050920354600,3.8553544921875,-1.7573440074920654,-0.016759412363171577,-0.5817909836769104
1790030050930364200,3.8653642578125,-1.3742717504501343,-0.4668693244457245,-1.1635819673538208
1790030050960454700,3.89545458984375,-1.1348515748977661,-0.08140286058187485,0.7469909191131592
1790030050980474000,3.91547412109375,-1.0965443849563599,-0.1149216815829277,-0.011971008032560349
1790030051010534000,3.945533935546875,-1.6615760326385498,-1.0007762908935547,-0.7015010714530945
1790030051020543700,3.955543701171875,-1.9943699836730957,-1.0103530883789062,-0.06224924325942993
1790030051050573000,3.985572998046875,-1.0438719987869263,-0.035913024097681046,0.09816227108240128
1790030051060582700,3.995582763671875,-0.7445967197418213,-0.4405331015586853,-0.7996633648872375
1790030051070592500,4.005592529296875,-1.0295066833496094,0.05746084079146385,-1.0965443849563599
1790030051090642400,4.025642333984375,-0.9720458984375,-1.3048399686813354,-1.048660397529602
1790030051110692600,4.045692626953125,-0.569819986820221,-0.8475474119186401,0.6823474764823914
1790030051130742500,4.065742431640625,-0.5506663918495178,0.2992752194404602,-0.047884032130241394
1790030051150762200,4.08576220703125,-1.0342950820922852,-0.06224924325942993,0.08140286058187485
1790030051160741400,4.095741455078125,-1.8291701078414917,0.17238251864910126,-0.2777273952960968
1790030051170751200,4.105751220703125,-1.6663644313812256,-0.11971008777618408,0.16519992053508759
1790030051190801200,4.12580126953125,-1.5083470344543457,-0.2968810200691223,0.07422025501728058
1790030051200811000,4.13581103515625,-1.625662922859192,-1.0558429956436157,-0.9648633003234863
1790030051210851300,4.145851318359375,-1.721431016921997,-0.5506663918495178,-0.4572925269603729
1790030051260961300,4.195961181640625,-1.316810965538025,0.1412578970193863,-0.002394201699644327
1790030051301030700,4.23603076171875,-1.1779472827911377,-0.8140285611152649,-0.2585737705230713
1790030051321050400,4.25605029296875,-0.7829039692878723,0.9481038451194763,-0.10055647045373917
1790030051331060000,4.26606005859375,-0.7637503147125244,0.16998831927776337,-0.22744916379451752
1790030051361089300,4.29608935546875,-0.9193734526634216,-0.24181437492370605,-0.6727706789970398
1790030051371068700,4.306068603515625,-0.5674257874488831,0.19632454216480255,-0.14365209639072418
1790030051401159000,4.336158935546875,-0.4596867263317108,0.3998316824436188,0.24660277366638184
1790030051411168800,4.346168701171875,-0.5841852426528931,0.12689268589019775,0.011971008032560349
1790030051421178400,4.356178466796875,-0.7398083209991455,-0.6703764796257019,-1.113303780555725
1790030051431188200,4.366188232421875,-0.9169792532920837,-0.7134721279144287,-0.9289502501487732
1790030051441228500,4.376228515625,-0.8834604024887085,-0.49799394607543945,0.06464344263076782
1790030051451238100,4.386238037109375,-0.6272808313369751,0.2106897532939911,0.44771572947502136
1790030051471257900,4.4062578125,-1.5107412338256836,-0.2298433631658554,-0.20111294090747833
1790030051481298200,4.416298095703125,-1.4700398445129395,-0.21787235140800476,-0.08619125932455063
1790030051491307800,4.426307861328125,-0.8882488012313843,-0.33997663855552673,-0.08619125932455063
1790030051511327500,4.446327392578125,-0.47405192255973816,-0.5889736413955688,-0.31364041566848755
1790030051521337000,4.456337158203125,-0.6584054827690125,-0.5171475410461426,-0.21308395266532898
1790030051531347000,4.466346923828125,-1.2425906658172607,0.026336219161748886,-0.5985504388809204
1790030051541356500,4.4763564453125,-1.2617442607879639,0.5626373887062073,-0.33997663855552673
1790030051551366400,4.486366455078125,-0.8259995579719543,0.6512228846549988,-0.4381389021873474
1790030051581395700,4.516395751953125,-0.4357447028160095,0.26096799969673157,-0.4692635238170624
1790030051591405600,4.526405517578125,-0.7613561153411865,-0.6607996821403503,-0.6751648783683777
1790030051601415200,4.536415283203125,-0.9983820915222168,-0.6919242739677429,-1.1085153818130493
1790030051611425000,4.546425048828125,-1.0582371950149536,-0.5291185975074768,-0.9672574996948242
1790030051621435000,4.556434814453125,-0.507570743560791,-0.26815059781074524,-0.8523358106613159
1790030051631444500,4.566444580078125,-0.3926490843296051,-0.47165772318840027,-1.0606313943862915
1790030051651464200,4.586464111328125,-1.216254472732544,-1.5490485429763794,-1.0319008827209473
1790030051711614200,4.6466142578125,-1.213860273361206,-0.47644615173339844,-1.9369091987609863
1790030051741643500,4.6766435546875,0.6440402865409851,-2.9281086921691895,-3.378218650817871
1790030051761663000,4.6966630859375,0.5363011956214905,-3.069366693496704,-2.4803929328918457
1790030051771672800,4.7066728515625,0.9289502501487732,-3.5865142345428467,-2.612074136734009
1790030051811712000,4.7467119140625,0.16998831927776337,-1.9632453918457031,-1.9823989868164062
1790030051821782800,4.75678271484375,-0.1843535304069519,-1.9321208000183105,-2.0398597717285156
1790030051831792400,4.76679248046875,-0.35913026332855225,-1.9728221893310547,-2.0661959648132324
1790030051851812000,4.78681201171875,-1.4987702369689941,-0.35673606395721436,-1.0031704902648926
1790030051861852200,4.79685205078125,-1.4891934394836426,-0.11971008777618408,-0.9864110946655273
1790030051911992600,4.84699267578125,-1.9105730056762695,-0.993593692779541,-0.7709329724311829
1790030051932012300,4.86701220703125,-1.0199298858642578,0.17956513166427612,0.5722141861915588
1790030051942022000,4.87702197265625,-1.0893617868423462,-1.039083480834961,-0.5554547905921936
1790030051962041600,4.89704150390625,-0.5626373887062073,0.023942016065120697,0.13168109953403473
1790030051982091500,4.917091552734375,-0.8188169598579407,0.5195417404174805,0.9600749015808105
1790030052022222000,4.95722216796875,-1.2617442607879639,0.7996633648872375,0.7829039692878723
1790030052032262400,4.967262451171875,-0.6775590777397156,-0.5482721924781799,-0.2968810200691223
1790030052042272300,4.977272216796875,-0.9744400978088379,0.47165772318840027,0.14844051003456116
1790030052052251400,4.98725146484375,-0.6943184733390808,-0.031124621629714966,-0.038307227194309235
1790030052062291700,4.997291748046875,-0.17717093229293823,-0.10534487664699554,-0.2082955539226532
1790030052072362500,5.007362548828125,-0.2537853717803955,-0.15801730751991272,0.43095630407333374
1790030052082372400,5.017372314453125,0.028730420395731926,-0.3423708379268646,0.12689268589019775
1790030052162511400,5.097511474609375,0.11013327538967133,-0.4118026793003082,-0.181959331035614
1790030052172521200,5.107521240234375,0.48602294921875,-0.20111294090747833,-0.05027823522686958
1790030052202581000,5.1375810546875,-0.7541735172271729,0.6105214357376099,-0.026336219161748886
1790030052252691000,5.18769091796875,0.05267243832349777,2.0374655723571777,-0.26815059781074524
1790030052342839800,5.27783984375,-0.20111294090747833,0.9433154463768005,1.4772224426269531
1790030052412908300,5.347908203125,0.0933738648891449,-1.0869675874710083,-0.3519476354122162
1790030052432927700,5.367927734375,-1.845929503440857,-1.800439715385437,0.3974374830722809
1790030052452977700,5.387977783203125,-2.0901381969451904,1.3239935636520386,0.4165911078453064
1790030052462987500,5.397987548828125,-1.2521674633026123,0.3519476354122162,-0.3734954595565796
1790030052472997400,5.407997314453125,0.31842881441116333,-0.2849099934101105,-1.3551181554794312
1790030052482976500,5.4179765625,0.6967126727104187,0.667982280254364,-0.17717093229293823
1790030052493016800,5.428016845703125,0.0454898327589035,1.522712230682373,1.6831238269805908
1790030052503057200,5.43805712890625,-0.9600749015808105,0.40462008118629456,2.0901381969451904
1790030052513066800,5.448066650390625,-1.0773907899856567,0.21787235140800476,0.7876923680305481
1790030052523076600,5.45807666015625,-0.5003881454467773,0.45010992884635925,0.5674257874488831
1790030052533117000,5.468116943359375,-0.49320554733276367,1.2401964664459229,1.0797849893569946
1790030052543157200,5.4781572265625,-1.0007762908935547,2.360682964324951,0.8786720037460327
1790030052563207200,5.498207275390625,-0.9959878921508789,2.056619167327881,1.2689268589019775
1790030052573217000,5.508217041015625,-0.38546648621559143,2.03507137298584,2.676717519760132
1790030052613317000,5.548317138671875,-1.0319008827209473,1.8483237028121948,2.52109432220459
1790030052653356300,5.588356201171875,-1.015141487121582,3.603273630142212,3.339911460876465
1790030052673406200,5.60840625,-0.8355764150619507,2.0374655723571777,3.7014358043670654
1790030052703435500,5.638435546875,-0.9050082564353943,1.5298948287963867,2.8826189041137695
1790030052713475800,5.648475830078125,-0.15801730751991272,1.9800047874450684,2.9065608978271484
1790030052723455000,5.658455078125,-0.31364041566848755,1.9153614044189453,2.832340717315674
1790030052733495300,5.668495361328125,-0.2968810200691223,1.1420341730117798,1.8770540952682495
1790030052743505200,5.678505126953125,-0.33039984107017517,1.4197616577148438,1.5466543436050415
1790030052753514800,5.6885146484375,-0.6105214357376099,1.2425906658172607,1.2713210582733154
1790030052763555000,5.69855517578125,-0.5410895943641663,0.8164227604866028,0.7326257228851318
1790030052783544000,5.7185439453125,-0.6799532771110535,1.4484920501708984,1.1683704853057861
1790030052803563800,5.738563720703125,-0.7206547260284424,0.9911994934082031,1.5275006294250488
1790030052843633200,5.778633056640625,-0.5291185975074768,-0.3064578175544739,0.49559974670410156
1790030052853673500,5.788673583984375,-0.8068459630012512,0.8188169598579407,0.05746084079146385
1790030052863683300,5.798683349609375,-0.9457096457481384,1.434126853942871,-0.4884171485900879
1790030052873693200,5.808693115234375,-0.9720458984375,1.1971008777618408,0.002394201699644327
1790030052943791900,5.8787919921875,-1.601720929145813,1.8076223134994507,-0.768538773059845
1790030052973852000,5.908851806640625,-0.38067805767059326,-0.5003881454467773,1.7142484188079834
1790030052983861500,5.918861572265625,-0.8571242094039917,-1.094150185585022,0.7972691655158997
1790030052993901800,5.92890185546875,-1.3192051649093628,-0.2537853717803955,-0.44532153010368347
1790030053003911700,5.93891162109375,-1.4891934394836426,-0.5817909836769104,-1.280897855758667
1790030053013921300,5.94892138671875,-1.4053963422775269,0.3208230137825012,-0.6751648783683777
1790030053023931100,5.95893115234375,-1.2090718746185303,0.5363011956214905,0.016759412363171577
1790030053033941000,5.96894091796875,-0.33758243918418884,0.5889736413955688,1.1779472827911377
1790030053043950600,5.97895068359375,0.033518824726343155,1.1492167711257935,1.7118542194366455
1790030053053960400,5.98896044921875,0.363918662071228,-1.0558429956436157,0.7996633648872375
1790030053063939600,5.998939697265625,-0.08379705995321274,-1.8387469053268433,-0.629675030708313
1790030053074010400,6.00901025390625,-1.048660397529602,-1.4317326545715332,-1.2401964664459229
1790030053104009200,6.03900927734375,-0.4596867263317108,1.5634137392044067,-0.035913024097681046
1790030053134069000,6.069069091796875,0.5985504388809204,0.586579442024231,1.216254472732544
1790030053204198400,6.139198486328125,0.5123591423034668,-0.8044517636299133,0.21308395266532898
1790030053224218000,6.159218017578125,-0.5219359993934631,-0.35913026332855225,-0.5147533416748047
1790030053244298500,6.179298583984375,-0.8403648138046265,-0.363918662071228,-0.49320554733276367
1790030053264287500,6.19928759765625,-0.363918662071228,-1.1994950771331787,-1.5275006294250488
1790030053274327800,6.209327880859375,-0.05267243832349777,-0.9840168952941895,-0.4908113479614258
1790030053284337700,6.219337646484375,-0.1173158809542656,-0.011971008032560349,0.3495534360408783
1790030053294347300,6.22934716796875,-0.19153612852096558,0.629675030708313,0.1149216815829277
1790030053304326700,6.23932666015625,0.07900865375995636,0.8619126081466675,0.5003881454467773
1790030053334386400,6.269386474609375,-0.5817909836769104,-1.3239935636520386,-1.5203180313110352
1790030053384466000,6.3194658203125,0.14604631066322327,0.13407529890537262,0.16998831927776337
1790030053414525700,6.349525634765625,0.06703764945268631,-0.8427590131759644,-0.17717093229293823
1790030053434636800,6.36963671875,-0.07661445438861847,0.12689268589019775,0.26575639843940735
1790030053444646400,6.379646484375,-0.11971008777618408,0.22744916379451752,-0.22266076505184174
1790030053454656300,6.38965625,-0.14844051003456116,0.3878606855869293,-0.26336219906806946
1790030053464666000,6.399666015625,-0.35673606395721436,0.38546648621559143,-0.2753331959247589
1790030053474675700,6.40967578125,-0.4836287498474121,0.19871874153614044,-0.28969839215278625
1790030053504735500,6.439735595703125,-0.5770025849342346,0.14604631066322327,0.5003881454467773
1790030053514775800,6.44977587890625,-0.8786720037460327,0.07661445438861847,-0.16759411990642548
1790030053524816100,6.459816162109375,-0.8236053586006165,-0.12449848651885986,-0.7924807667732239
1790030053534826000,6.469825927734375,-0.3926490843296051,-0.35434186458587646,-0.5434837937355042
1790030053544896800,6.479896728515625,-0.10773907601833344,0.11013327538967133,0.2106897532939911
1790030053554906400,6.48990625,-0.5722141861915588,0.3208230137825012,0.06464344263076782
1790030053564916200,6.499916259765625,-1.0295066833496094,-0.26336219906806946,-0.9744400978088379
1790030053574926000,6.509926025390625,-0.9217676520347595,-1.036689281463623,-1.3455413579940796
1790030053584935700,6.519935791015625,-0.5626373887062073,-0.8092401623725891,-0.7110779285430908
1790030053594945500,6.529945556640625,-0.17717093229293823,-0.4644751250743866,0.6655880808830261
1790030053604985900,6.53998583984375,-0.24181437492370605,-0.3471592366695404,0.8188169598579407
1790030053685064000,6.62006396484375,-0.6536170840263367,0.2849099934101105,0.3734954595565796
1790030053715123700,6.650123779296875,-0.6823474764823914,0.5793967843055725,0.11252748221158981
1790030053745153000,6.680153076171875,-0.8834604024887085,0.019153613597154617,-0.19393034279346466
1790030053755163000,6.690162841796875,-1.0319008827209473,0.023942016065120697,-0.14365209639072418
1790030053765172500,6.70017236328125,-0.9528923034667969,-0.05985504388809204,-0.33997663855552673
1790030053775182300,6.710182373046875,-0.5937620401382446,0.29209262132644653,-0.3423708379268646
1790030053785222700,6.72022265625,-0.7829039692878723,0.4189853072166443,-0.5722141861915588
1790030053795232500,6.730232421875,-0.933738648891449,-0.3280056416988373,-0.8571242094039917
1790030053805242000,6.7402421875,-0.933738648891449,-0.3974374830722809,-0.8667010068893433
1790030053815252000,6.750251953125,-0.727837324142456,0.10295066982507706,-0.45250412821769714
1790030053825292300,6.760292236328125,-0.6847416758537292,0.038307227194309235,-0.9265560507774353
1790030053835302000,6.770302001953125,-0.8212111592292786,-0.10534487664699554,-1.3455413579940796
1790030053845311700,6.780311767578125,-1.259350061416626,-0.6607996821403503,-1.824381709098816
1790030053865331200,6.800331298828125,-0.5051765441894531,-0.9409212470054626,-2.209848165512085
1790030053885351000,6.820350830078125,-0.5147533416748047,-1.2665326595306396,1.237802267074585
1790030053895360500,6.830360595703125,-0.9888052940368652,-1.7166426181793213,-2.1140801906585693
1790030053905370400,6.840370361328125,-0.9433154463768005,-2.3918075561523438,-2.9305028915405273
1790030053955419100,6.890419189453125,0.9481038451194763,-2.6599581241607666,-2.674323320388794
1790030053965429000,6.900428955078125,0.2777273952960968,-2.8778305053710938,-3.1866824626922607
1790030053975438600,6.9104384765625,0.4812345504760742,-3.0550012588500977,-2.7724854946136475
1790030053985479000,6.92047900390625,0.5123591423034668,-2.497152328491211,-2.542642116546631
1790030053995488800,6.93048876953125,-0.028730420395731926,-1.98958158493042,-2.1164743900299072
1790030054025579000,6.9605791015625,0.021547814831137657,-1.7070658206939697,-2.3798365592956543
1790030054035588900,6.9705888671875,0.023942016065120697,-2.3558945655822754,-2.7700912952423096
1790030054055638800,6.990638671875,-2.43011474609375,-2.1715409755706787,-3.3016040325164795
1790030054125707300,7.060707275390625,-0.6440402865409851,-2.8874073028564453,-1.3000515699386597
1790030054185826800,7.120826904296875,-2.1356279850006104,0.569819986820221,0.26815059781074524
1790030054195836700,7.130836669921875,-2.1739351749420166,-0.37828385829925537,-0.7493851184844971
1790030054205846500,7.140846435546875,-1.7262194156646729,-0.023942016065120697,-0.5674257874488831
1790030054215856000,7.150856201171875,-1.6136919260025024,0.15322890877723694,0.15562310814857483
1790030054225866000,7.160865966796875,-1.5873557329177856,0.4692635238170624,0.33279404044151306
1790030054235845000,7.17084521484375,-1.7573440074920654,0.0071826050989329815,-0.17956513166427612
1790030054245885400,7.180885498046875,-1.4269442558288574,-0.40222588181495667,-0.28730419278144836
1790030054255895300,7.190895263671875,-1.4748282432556152,-0.42377370595932007,-0.3687070608139038
1790030054265874400,7.20087451171875,-0.9265560507774353,-0.751779317855835,-0.5506663918495178
1790030054275914800,7.210914794921875,-0.9648633003234863,-0.22744916379451752,-0.7015010714530945
1790030054305974500,7.240974609375,-1.1252747774124146,0.2537853717803955,-0.3902548849582672
1790030054316014800,7.251014892578125,-1.235408067703247,1.070208191871643,0.8020575642585754
1790030054326024700,7.261024658203125,-1.479616641998291,2.207453966140747,1.867477297782898
1790030054336034300,7.271034423828125,-2.276885747909546,1.5203180313110352,2.0590133666992188
1790030054346074600,7.28107470703125,-1.6759412288665771,-0.15562310814857483,0.5147533416748047
1790030054356084500,7.29108447265625,-1.1779472827911377,-1.0223240852355957,-1.2737152576446533
1790030054366124800,7.301124755859375,-0.7637503147125244,-0.43095630407333374,-1.3623007535934448
1790030054376134400,7.311134521484375,-1.280897855758667,0.2753331959247589,0.7637503147125244
1790030054386174700,7.3211748046875,-2.078166961669922,1.8842366933822632,1.644816517829895
1790030054396215000,7.331215087890625,-2.6815059185028076,2.319981336593628,1.8076223134994507
1790030054476323600,7.411323486328125,-0.8523358106613159,0.20111294090747833,0.26815059781074524
1790030054496343300,7.43134326171875,-1.278503656387329,0.1412578970193863,0.18914192914962769
1790030054536443400,7.471443359375,-1.9752163887023926,-0.15083470940589905,0.1604115068912506
1790030054546453000,7.481452880859375,-1.0749965906143188,-0.3471592366695404,-1.0342950820922852
1790030054556462800,7.491462890625,-0.5339069962501526,-0.4189853072166443,-0.8068459630012512
1790030054566472700,7.50147265625,-0.2322375625371933,-0.9576807022094727,-0.42377370595932007
1790030054586522600,7.521522705078125,-1.45806884765625,0.667982280254364,2.5977089405059814
1790030054596563000,7.53156298828125,-1.802833914756775,0.7541735172271729,1.4772224426269531
1790030054606572800,7.54157275390625,-1.1971008777618408,-0.42856210470199585,-0.7541735172271729
1790030054616582400,7.55158251953125,-0.8954314589500427,0.08379705995321274,-0.33279404044151306
1790030054626592300,7.56159228515625,-1.6280571222305298,0.9289502501487732,1.0773907899856567
1790030054636602000,7.57160205078125,-2.0470423698425293,1.2521674633026123,1.5131354331970215
1790030054666662000,7.601661865234375,-1.6376339197158813,1.9991583824157715,1.414973258972168
1790030054676541200,7.611541259765625,-1.280897855758667,2.3056161403656006,0.7948749661445618
1790030054716641300,7.651641357421875,-1.048660397529602,1.9800047874450684,2.2170307636260986
1790030054776821800,7.71182177734375,-0.5770025849342346,0.8427590131759644,1.5059528350830078
1790030054806881500,7.741881591796875,-0.6368576288223267,0.8738836050033569,1.3886369466781616
1790030054816891400,7.751891357421875,-0.9816226959228516,1.2282254695892334,1.4700398445129395
1790030054826931700,7.761931640625,-1.460463047027588,1.5155296325683594,1.3862427473068237
1790030054836941600,7.771941650390625,-1.7142484188079834,1.41257905960083,1.2234370708465576
1790030054846951200,7.781951171875,-1.900996208190918,0.9959878921508789,1.3694833517074585
1790030054856961000,7.7919609375,-1.86508309841156,-0.7733271718025208,1.900996208190918
1790030054866971000,7.801970947265625,-2.0254945755004883,-1.9273324012756348,1.4772224426269531
1790030054876980500,7.81198046875,-2.252943754196167,-1.6927006244659424,0.5817909836769104
1790030054886990300,7.821990234375,-2.3511061668395996,-0.06703764945268631,0.06464344263076782
1790030054897061000,7.83206103515625,-2.4229321479797363,1.778891921043396,-0.047884032130241394
1790030054907040300,7.842040283203125,-1.8962076902389526,1.867477297782898,-0.9002198576927185
1790030054917080600,7.85208056640625,-0.7876923680305481,0.8595184087753296,-0.9840168952941895
1790030054927090400,7.86209033203125,-0.19871874153614044,0.09816227108240128,0.29209262132644653
1790030054937100300,7.872100341796875,-0.33039984107017517,-0.3232172429561615,1.2521674633026123
1790030054947110000,7.88210986328125,-0.9241618514060974,-1.824381709098816,-0.23942017555236816
1790030054957119700,7.89211962890625,-1.5418659448623657,-1.0821791887283325,-1.2330138683319092
1790030054987118600,7.92211865234375,-1.2114660739898682,0.6105214357376099,-1.0271124839782715
1790030055007199000,7.942198974609375,-0.28969839215278625,-0.49559974670410156,-0.727837324142456
1790030055037350400,7.972350341796875,-1.8818424940109253,-1.802833914756775,-1.1420341730117798
1790030055057369900,7.992369873046875,-1.7741034030914307,1.2545616626739502,-0.181959331035614
1790030055077389600,8.0123896484375,-2.011129379272461,0.8834604024887085,0.6368576288223267
1790030055177700900,8.112700927734375,-1.1324573755264282,-1.8076223134994507,-1.9488801956176758
1790030055247891200,8.18289111328125,0.023942016065120697,1.292868971824646,-0.5027823448181152
1790030055287960800,8.2229609375,-2.7102363109588623,-1.2282254695892334,0.2849099934101105
1790030055297940000,8.23293994140625,-3.7852327823638916,-0.6153098344802856,0.05027823522686958
1790030055307980300,8.242980224609376,-3.064578056335449,-0.36152446269989014,-1.9800047874450684
1790030055318020600,8.2530205078125,-1.4293384552001953,0.19871874153614044,-2.0159177780151367
1790030055328030500,8.263030517578125,-0.7206547260284424,0.011971008032560349,-0.30885201692581177
1790030055338040000,8.2730400390625,-1.0582371950149536,-0.49320554733276367,0.933738648891449
1790030055348050000,8.2830498046875,-1.8195933103561401,0.7374141216278076,1.702277421951294
1790030055398190300,8.3331904296875,-2.276885747909546,-0.3495534360408783,-0.06224924325942993
1790030055408200000,8.343199951171876,-1.766920804977417,0.22266076505184174,0.20111294090747833
1790030055448330800,8.383330810546875,-0.689530074596405,-0.3208230137825012,0.7350199222564697
1790030055458310000,8.393309814453126,-1.0103530883789062,-0.4429273009300232,-0.16759411990642548
1790030055468350200,8.40335009765625,-1.2880805730819702,0.33997663855552673,-0.7230489253997803
1790030055478390500,8.413390625,-1.278503656387329,0.6655880808830261,-0.4620809257030487
1790030055488400100,8.423400146484376,-1.2952631711959839,0.5722141861915588,0.002394201699644327
1790030055498379500,8.433379638671875,-1.5849615335464478,0.23702596127986908,0.090979665517807
1790030055518460000,8.4534599609375,-2.1571757793426514,-0.19153612852096558,-0.8595184087753296
1790030055528469800,8.4634697265625,-2.190694570541382,-0.3902548849582672,-1.3120225667953491
1790030055588589300,8.52358935546875,-1.0558429956436157,-0.9002198576927185,-0.33997663855552673
1790030055598629600,8.533629638671876,-0.7086837291717529,-0.6009446382522583,-0.45010992884635925
1790030055638729700,8.573729736328126,-1.1468225717544556,0.08619125932455063,-0.40222588181495667
1790030055658749400,8.59374951171875,-0.507570743560791,0.16519992053508759,0.6272808313369751
1790030055668759000,8.603759033203126,-0.6967126727104187,-0.035913024097681046,0.29209262132644653
1790030055678769000,8.613768798828126,-1.525106430053711,-0.395043283700943,-0.3902548849582672
1790030055688778800,8.62377880859375,-1.3096283674240112,-0.38067805767059326,-0.5482721924781799
1790030055698849500,8.633849609375,-0.7829039692878723,-0.004788403399288654,-0.06464344263076782
1790030055708859100,8.643859130859376,-0.5674257874488831,0.1412578970193863,0.07422025501728058
1790030055718869000,8.653868896484376,-0.7326257228851318,0.35913026332855225,-0.033518824726343155
1790030055728878800,8.66387890625,-1.2521674633026123,0.05027823522686958,-0.29209262132644653
1790030055758938600,8.693938720703125,-0.8595184087753296,0.24660277366638184,-0.2298433631658554
1790030055768979000,8.70397900390625,-0.849941611289978,0.45250412821769714,-0.08619125932455063
1790030055779049700,8.7140498046875,-0.9552865028381348,0.40940847992897034,-0.19871874153614044
1790030055789059300,8.724059326171876,-1.115697979927063,0.36152446269989014,-0.2849099934101105
1790030055799099600,8.734099609375,-1.3623007535934448,0.13407529890537262,-0.849941611289978
1790030055809140000,8.744139892578126,-1.1348515748977661,-0.09816227108240128,-1.1013327836990356
1790030055819149800,8.75414990234375,-0.6871358752250671,-0.06464344263076782,-0.4692635238170624
1790030055879299800,8.8142998046875,-0.38307225704193115,-0.8020575642585754,-1.0869675874710083
1790030055899319300,8.8343193359375,-0.8451532125473022,-1.2186486721038818,-0.5003881454467773
1790030055909329200,8.8443291015625,-0.8092401623725891,-1.359906554222107,-1.091755986213684
1790030055919339000,8.854339111328125,-0.646434485912323,-1.0031704902648926,-1.4963760375976562
1790030055989499000,8.924498779296876,-0.004788403399288654,-1.7118542194366455,-1.5610195398330688
1790030055999508700,8.9345087890625,0.011971008032560349,-2.0805611610412598,-1.8626888990402222
1790030056009518300,8.944518310546876,0.021547814831137657,-2.1811177730560303,-2.2194249629974365
1790030056019528200,8.954528076171876,-0.047884032130241394,-1.8387469053268433,-1.8555063009262085
1790030056029568500,8.964568603515625,0.2082955539226532,-2.056619167327881,-1.7310078144073486
1790030056039578000,8.974578125,0.1843535304069519,-2.451662540435791,-2.011129379272461
1790030056049557500,8.9845576171875,0.17477671802043915,-2.5665841102600098,-2.03507137298584
1790030056069607400,9.004607421875,-1.256955862045288,-3.203441858291626,-1.764526605606079
1790030056079617300,9.0146171875,-1.0007762908935547,-2.5306711196899414,-1.8555063009262085
1790030056089657600,9.02465771484375,-0.16759411990642548,-2.1332337856292725,-2.583343744277954
1790030056099667200,9.034667236328126,0.17956513166427612,-1.5897499322891235,-2.300827741622925
1790030056109677000,9.044677001953126,0.19632454216480255,-0.4596867263317108,-1.9081788063049316
1790030056119717400,9.05471728515625,-0.3232172429561615,-1.403002142906189,-2.1787235736846924
1790030056129727200,9.064727294921875,-1.0654197931289673,-2.341529369354248,-2.22660756111145
1790030056139736800,9.07473681640625,-1.8531121015548706,-2.0374655723571777,-2.8179752826690674
1790030056149746700,9.08474658203125,-2.5713725090026855,-0.646434485912323,-2.0614075660705566
1790030056169827300,9.104827392578125,-2.250549554824829,-0.28730419278144836,-0.2944868206977844
1790030056179837000,9.1148369140625,-1.2713210582733154,0.5027823448181152,0.9169792532920837
1790030056189846800,9.1248466796875,-0.8954314589500427,-0.21547815203666687,-0.033518824726343155
1790030056199856600,9.134856689453125,-0.9576807022094727,-0.9457096457481384,-1.7166426181793213
1790030056209896700,9.144896728515626,-0.8068459630012512,-0.5913678407669067,-1.1803414821624756
1790030056219906600,9.154906494140626,-1.2186486721038818,0.038307227194309235,-0.2346317619085312
1790030056269955300,9.204955322265626,-1.3982137441635132,-0.18914192914962769,-0.667982280254364
1790030056289975000,9.22497509765625,-1.8291701078414917,1.1683704853057861,0.31124621629714966
1790030056300015000,9.23501513671875,-1.7070658206939697,0.5123591423034668,0.667982280254364
1790030056320065300,9.255065185546876,-2.535459518432617,-0.2322375625371933,-0.4189853072166443
1790030056340115200,9.275115234375,-1.5418659448623657,-0.47405192255973816,-1.0678139925003052
1790030056350155500,9.285155517578126,-0.5003881454467773,0.3495534360408783,0.5578489899635315
1790030056370144500,9.30514453125,0.028730420395731926,-0.7015010714530945,-0.3519476354122162
1790030056380184800,9.315184814453126,0.6129156351089478,-2.4372973442077637,-1.6136919260025024
1790030056390194700,9.325194580078126,0.09816227108240128,-1.3886369466781616,-1.3766659498214722
1790030056400204300,9.335204345703126,-0.5003881454467773,-0.24181437492370605,0.9074024558067322
1790030056410214100,9.345214111328126,-1.2713210582733154,-0.5674257874488831,1.1444283723831177
1790030056420224000,9.35522412109375,-1.216254472732544,0.06464344263076782,0.21547815203666687
1790030056430233600,9.365233642578126,-0.7086837291717529,-1.0127472877502441,-0.608127236366272
1790030056440243500,9.375243408203126,-0.6967126727104187,-0.05746084079146385,-0.2968810200691223
1790030056450283800,9.38528369140625,-1.5083470344543457,1.158793568611145,1.400607943534851
1790030056460293600,9.395293701171875,-2.4444799423217773,1.2713210582733154,1.1228805780410767
1790030056470303200,9.40530322265625,-2.7988216876983643,-0.08858546614646912,0.31842881441116333
1790030056520382700,9.4553828125,-2.494758129119873,0.45489832758903503,0.7254431247711182
1790030056540463000,9.475463134765626,-1.048660397529602,-0.6248866319656372,-0.18914192914962769
1790030056550473000,9.485472900390626,-1.2186486721038818,0.035913024097681046,0.828393816947937
1790030056570492400,9.505492431640626,-2.011129379272461,-0.9481038451194763,-1.4101848602294922
1790030056580532700,9.51553271484375,-1.7381904125213623,1.1755530834197998,-0.507570743560791
1790030056610592500,9.545592529296876,-1.2617442607879639,0.4884171485900879,0.29209262132644653
1790030056670742800,9.60574267578125,-3.60566782951355,2.999934673309326,0.9528923034667969
1790030056720791600,9.65579150390625,-1.4460978507995605,0.811634361743927,1.5083470344543457
1790030056750851300,9.685851318359376,-0.586579442024231,2.360682964324951,2.252943754196167
1790030056780941800,9.71594189453125,-1.4293384552001953,3.3494882583618164,1.7046716213226318
1790030056820980700,9.755980712890626,-1.4844050407409668,1.2617442607879639,2.868253707885742
1790030056830990600,9.765990478515626,-1.7836803197860718,1.2306196689605713,2.913743495941162
1790030056841000200,9.776000244140626,-1.7956513166427612,0.7541735172271729,2.806004285812378
1790030056851010000,9.786010009765626,-1.5203180313110352,1.0342950820922852,2.9017724990844727
1790030056861050400,9.79605029296875,-1.5873557329177856,1.0007762908935547,2.315192937850952
1790030056871090700,9.806090576171876,-1.501164436340332,0.42377370595932007,1.1228805780410767
1790030056881100300,9.816100341796876,-1.0295066833496094,0.38546648621559143,0.8930372595787048
1790030056891110100,9.826110107421876,-1.2186486721038818,0.038307227194309235,1.3646949529647827
1790030056901120000,9.8361201171875,-1.659181833267212,-0.019153613597154617,0.9169792532920837
1790030056921170000,9.856169921875,-1.0558429956436157,0.05027823522686958,0.26096799969673157
1790030056931210200,9.866210205078126,-0.9457096457481384,0.28969839215278625,0.5961562395095825
1790030056941189600,9.876189697265625,-1.0606313943862915,0.7422025203704834,0.4596867263317108
1790030056951229700,9.886229736328126,-0.8403648138046265,-0.026336219161748886,-0.2537853717803955
1790030056961239600,9.896239501953126,-0.5626373887062073,0.009576806798577309,-0.4213795065879822
1790030056971219000,9.906218994140625,-0.5171475410461426,0.19632454216480255,0.26815059781074524
1790030056981259000,9.916259033203126,-0.7398083209991455,0.16998831927776337,0.667982280254364
1790030057001278700,9.93627880859375,-0.44771572947502136,0.2849099934101105,0.3758896589279175
1790030057011288300,9.946288330078126,-0.09816227108240128,-0.181959331035614,0.5410895943641663
1790030057041378800,9.97637890625,-0.912190854549408,0.5027823448181152,0.42616790533065796
1790030057071469000,10.006468994140626,-1.0821791887283325,-0.667982280254364,-0.9289502501487732
1790030057141598500,10.076598388671876,-0.7972691655158997,-0.05267243832349777,-0.4405331015586853
1790030057151638800,10.086638671875,-1.5442601442337036,0.45250412821769714,-0.35913026332855225
1790030057161648400,10.0966484375,-2.4612393379211426,0.10055647045373917,-0.19871874153614044
1790030057171688700,10.106688720703126,-2.7054479122161865,-0.9720458984375,-0.3878606855869293
1790030057181698600,10.116698486328126,-1.889025092124939,-2.0877439975738525,-1.1324573755264282
1790030057191739000,10.12673876953125,-1.0582371950149536,-1.4484920501708984,-1.381454348564148
1790030057201748500,10.13674853515625,-1.50355863571167,-0.9552865028381348,-0.6943184733390808
1790030057211758300,10.14675830078125,-2.1787235736846924,0.3232172429561615,-0.2777273952960968
1790030057241848600,10.1768486328125,-1.9823989868164062,-0.2561795711517334,0.26096799969673157
1790030057261898800,10.196898681640626,-1.5873557329177856,-1.7070658206939697,-0.9457096457481384
1790030057311978000,10.24697802734375,-1.2713210582733154,0.19871874153614044,-0.22266076505184174
1790030057321987800,10.25698779296875,-0.42616790533065796,-1.1324573755264282,-0.9840168952941895
1790030057331997700,10.266997802734375,-0.304063618183136,-0.6751648783683777,0.05027823522686958
1790030057342038000,10.2770380859375,-0.7469909191131592,-0.8140285611152649,0.3878606855869293
1790030057352078000,10.287078125,-1.0199298858642578,-0.7134721279144287,-0.33518823981285095
1790030057372067300,10.3070673828125,-0.8379706144332886,0.09816227108240128,0.13168109953403473
1790030057382138000,10.31713818359375,-0.8307880163192749,-0.42377370595932007,-0.3232172429561615
1790030057392147700,10.327147705078126,-0.5650315880775452,-0.5937620401382446,-0.9145850539207458
1790030057412167400,10.34716748046875,-1.460463047027588,0.019153613597154617,0.33997663855552673
1790030057422207500,10.35720751953125,-1.0630255937576294,-0.5817909836769104,-1.1851298809051514
1790030057432247800,10.367247802734376,-0.5339069962501526,-0.3926490843296051,-1.1444283723831177
1790030057452298000,10.387298095703125,-1.139639973640442,-0.8547300100326538,-0.7757213711738586
1790030057462307600,10.3973076171875,-1.1851298809051514,-0.26575639843940735,-0.5147533416748047
1790030057472348000,10.407347900390626,-1.0055646896362305,-0.6823474764823914,-0.5099649429321289
1790030057482418700,10.417418701171876,-1.115697979927063,-0.011971008032560349,0.3232172429561615
1790030057492428500,10.427428466796876,-0.8667010068893433,-0.31603461503982544,-0.0933738648891449
1790030057502499300,10.437499267578126,-0.5171475410461426,-0.3519476354122162,-0.3016694188117981
1790030057512509200,10.44750927734375,-0.6655880808830261,-0.07182604819536209,-0.004788403399288654
1790030057522549500,10.457549560546875,-1.0558429956436157,-0.07661445438861847,-0.011971008032560349
1790030057532589600,10.467589599609376,-1.1109095811843872,-0.22505496442317963,-0.28969839215278625
1790030057552670200,10.487670166015626,-0.9385270476341248,-0.4620809257030487,0.24660277366638184
1790030057562680000,10.49768017578125,-1.259350061416626,0.5267243981361389,0.49559974670410156
1790030057572689700,10.507689697265626,-1.5322890281677246,0.790086567401886,0.038307227194309235
1790030057582760400,10.517760498046876,-1.5705963373184204,0.009576806798577309,-0.26096799969673157
1790030057592770300,10.527770263671876,-1.745373010635376,-0.5674257874488831,-0.6584054827690125
1790030057602780200,10.5377802734375,-1.678335428237915,-0.9768342971801758,-1.113303780555725
1790030057612789800,10.547789794921876,-1.4389152526855469,-1.137245774269104,-1.1204863786697388
1790030057622830000,10.557830078125,-1.139639973640442,-1.0055646896362305,-0.40940847992897034
1790030057632840000,10.56783984375,-1.0462661981582642,-0.524330198764801,0.06464344263076782
1790030057693020700,10.628020751953125,-1.3742717504501343,0,0.31842881441116333
1790030057743191600,10.678191650390625,-0.8092401623725891,0.21787235140800476,0.10773907601833344
1790030057773251300,10.708251220703126,-0.9002198576927185,-0.19632454216480255,-0.07182604819536209
1790030057783291600,10.718291748046875,-0.524330198764801,-0.7852981686592102,0.043095629662275314
1790030057793301200,10.72830126953125,-0.9792284965515137,-0.28730419278144836,-0.0933738648891449
1790030057803311000,10.73831103515625,-1.2090718746185303,0.05027823522686958,0.0071826050989329815
1790030057813321000,10.748321044921875,-0.6488286852836609,0.2513911724090576,-0.0454898327589035
1790030057823361300,10.758361328125,-0.4357447028160095,0.6224924325942993,0.4357447028160095
1790030057833401300,10.7684013671875,-0.6368576288223267,0.3208230137825012,0.24660277366638184
1790030057843411200,10.7784111328125,-1.2832920551300049,0.0694318488240242,-0.3758896589279175
1790030057873440500,10.8084404296875,-0.29209262132644653,0.16519992053508759,0.1388636976480484
1790030057883450400,10.818450439453125,-0.6153098344802856,0.17238251864910126,0.17477671802043915
1790030057893521200,10.828521240234375,-1.0414776802062988,0.21787235140800476,-0.35673606395721436
1790030057913571000,10.848571044921876,-0.730231523513794,-0.38546648621559143,-0.3471592366695404
1790030057923641900,10.858641845703126,-0.7972691655158997,-0.1388636976480484,-0.45489832758903503
1790030057933682200,10.86868212890625,-0.7829039692878723,0.10534487664699554,-0.5554547905921936
1790030057943692000,10.878692138671875,-0.751779317855835,-0.21547815203666687,-0.363918662071228
1790030057973782300,10.9087822265625,-1.1037269830703735,-0.5339069962501526,-0.18914192914962769
1790030057983792000,10.918792236328125,-0.9528923034667969,-0.5386953949928284,-0.3016694188117981
1790030057993801700,10.9288017578125,-0.9576807022094727,-0.5410895943641663,-0.7422025203704834
1790030058003781000,10.938781005859376,-0.47165772318840027,-1.1755530834197998,-0.849941611289978
1790030058013852000,10.948851806640626,-0.1412578970193863,-1.1109095811843872,-1.256955862045288
1790030058023861800,10.95886181640625,-0.6105214357376099,-1.625662922859192,-1.8938134908676147
1790030058043881200,10.978881103515626,-1.0534487962722778,-1.5155296325683594,-1.4772224426269531
1790030058083981300,11.018981201171876,0.31603461503982544,-2.343923568725586,-2.456450939178467
1790030058094021600,11.029021728515625,0.3758896589279175,-1.9369091987609863,-2.676717519760132
1790030058104092400,11.039092529296875,0.45489832758903503,-2.1571757793426514,-3.043030261993408
1790030058114102000,11.04910205078125,0.48602294921875,-1.53707754611969,-2.832340717315674
1790030058124112000,11.05911181640625,0.49559974670410156,-1.8770540952682495,-2.2385785579681396
1790030058134121700,11.069121826171875,0.06464344263076782,-2.31758713722229,-2.5761611461639404
1790030058144162000,11.079162109375,-0.363918662071228,-2.190694570541382,-1.900996208190918
1790030058154202000,11.0892021484375,-0.5746083855628967,-2.054224967956543,-1.8602946996688843
1790030058234402300,11.16940234375,-2.1499931812286377,-1.5394717454910278,-1.237802267074585
1790030058244412200,11.179412109375,-1.9057846069335938,-0.7757213711738586,-1.5179238319396973
1790030058284481800,11.219481689453126,-1.1468225717544556,-0.5626373887062073,-1.0031704902648926
1790030058294491600,11.22949169921875,-0.9576807022094727,-0.009576806798577309,-0.09576806426048279
1790030058304501200,11.239501220703126,-1.1875240802764893,0.8044517636299133,0.17238251864910126
1790030058314511000,11.249510986328126,-0.9648633003234863,0.8427590131759644,0.11013327538967133
1790030058324520700,11.259520751953126,-0.6033388376235962,-0.15322890877723694,-0.37828385829925537
1790030058334530600,11.269530517578126,-0.44771572947502136,0.4357447028160095,-0.023942016065120697
1790030058344510000,11.279510009765625,-0.8475474119186401,0.47405192255973816,0.2561795711517334
1790030058354550000,11.289550048828126,-0.790086567401886,0.1412578970193863,-0.8092401623725891
1790030058364560000,11.299559814453126,-0.828393816947937,0.38307225704193115,-0.2585737705230713
1790030058374569700,11.30956982421875,-0.8738836050033569,0.5003881454467773,0.19632454216480255
1790030058384579300,11.319579345703126,-1.0247182846069336,0.2585737705230713,-0.15083470940589905
1790030058394619600,11.32961962890625,-1.2713210582733154,-0.6440402865409851,-0.9840168952941895
1790030058414669800,11.349669921875,-1.314416766166687,0.019153613597154617,0.0694318488240242
1790030058424710100,11.359710205078125,-1.1635819673538208,-0.8355764150619507,-0.40701428055763245
1790030058434719700,11.3697197265625,-1.3718775510787964,-1.2952631711959839,-0.8379706144332886
1790030058444729600,11.3797294921875,-1.1061211824417114,-1.3718775510787964,-1.5298948287963867
1790030058454739500,11.389739501953125,-0.7541735172271729,-1.3263877630233765,-0.9672574996948242
1790030058464779500,11.399779541015626,-0.12449848651885986,-2.849100112915039,-1.9057846069335938
1790030058484860200,11.419860107421876,0.11013327538967133,-1.2832920551300049,-0.35913026332855225
1790030058494870000,11.4298701171875,0.26096799969673157,-0.9624691009521484,-0.5793967843055725
1790030058504910300,11.439910400390625,-0.2537853717803955,-0.40462008118629456,0.7541735172271729
1790030058514920000,11.449919921875,-0.7015010714530945,-1.4844050407409668,-0.3423708379268646
1790030058524929800,11.4599296875,-0.5339069962501526,-0.9816226959228516,-1.3551181554794312
1790030058534939600,11.469939697265625,-0.9648633003234863,-1.9105730056762695,-1.7956513166427612
1790030058554959000,11.489958984375,-2.188300371170044,0,1.3862427473068237
1790030058564968700,11.49996875,-1.8076223134994507,0.07182604819536209,1.216254472732544
1790030058574978600,11.509978515625,-1.6041151285171509,-0.33758243918418884,0.7709329724311829
1790030058585019000,11.520018798828126,-1.359906554222107,-0.8427590131759644,0.24181437492370605
1790030058595028700,11.53002880859375,-1.3215993642807007,-1.601720929145813,0.10295066982507706
1790030058605038300,11.540038330078126,-1.800439715385437,-0.09576806426048279,0.304063618183136
1790030058615078700,11.55007861328125,-1.7932571172714233,0.17956513166427612,0.2801215946674347
1790030058665188600,11.600188720703125,-1.5610195398330688,-0.3663128614425659,-1.3551181554794312
1790030058735287300,11.670287353515626,-0.8954314589500427,-0.6512228846549988,-0.12210428714752197
1790030058795437600,11.7304375,-1.7693150043487549,1.9584569931030273,2.671929121017456
1790030058855526700,11.790526611328126,-3.2824504375457764,3.4811692237854004,4.098873138427734
1790030058925595100,11.86059521484375,-1.5490485429763794,1.2689268589019775,1.3694833517074585
1790030058975735300,11.9107353515625,-0.8355764150619507,0.2825157940387726,0.42616790533065796
1790030059025845200,11.96084521484375,-0.13168109953403473,-0.1628057211637497,0.31364041566848755
1790030059055905000,11.990905029296876,-0.45489832758903503,-0.12449848651885986,0.09816227108240128
1790030059065945300,12.0009453125,-0.6799532771110535,-0.5315127968788147,-0.26336219906806946
1790030059075955200,12.010955078125,-0.7996633648872375,-0.0933738648891449,-0.14365209639072418
1790030059085995500,12.02099560546875,-0.8451532125473022,0.16519992053508759,0.28969839215278625
1790030059096005000,12.031005126953126,-0.5219359993934631,0.10534487664699554,0.12210428714752197
1790030059106015000,12.041014892578126,-0.22744916379451752,-0.2537853717803955,-0.15322890877723694
1790030059116024800,12.05102490234375,-0.30885201692581177,0.2346317619085312,-0.05746084079146385
1790030059126034400,12.061034423828126,-0.7972691655158997,0.002394201699644327,0.44532153010368347
1790030059136044300,12.071044189453126,-1.3048399686813354,0.24420857429504395,0.7613561153411865
1790030059156094200,12.09109423828125,-1.9704279899597168,-1.482010841369629,-0.2059013396501541
1790030059166104000,12.10110400390625,-1.2497732639312744,-1.7549498081207275,-1.0271124839782715
1790030059176114000,12.111114013671875,-0.9672574996948242,-1.0797849893569946,-0.7134721279144287
1790030059186123500,12.12112353515625,-0.912190854549408,-0.0454898327589035,-0.3902548849582672
1790030059196133400,12.13113330078125,-1.4748282432556152,1.8555063009262085,0.5506663918495178
1790030059206143200,12.141143310546875,-2.051830768585205,1.7381904125213623,0.9911994934082031
1790030059216183300,12.151183349609376,-1.6280571222305298,0.26096799969673157,-0.019153613597154617
1790030059226223600,12.1612236328125,-1.1563993692398071,-0.751779317855835,-0.7230489253997803
1790030059236233500,12.1712333984375,-1.7310078144073486,-0.8020575642585754,0.5195417404174805
1790030059246243300,12.181243408203125,-2.896984100341797,0.05267243832349777,0.8954314589500427
1790030059256283400,12.191283447265626,-3.021482467651367,0.10773907601833344,-0.12928688526153564
1790030059296353000,12.23135302734375,-0.706289529800415,-0.5602431893348694,-0.2753331959247589
1790030059306393300,12.241393310546876,-1.170764684677124,0.8044517636299133,0.6344634294509888
1790030059316403200,12.2514033203125,-1.5705963373184204,0.7996633648872375,0.4836287498474121
1790030059326412800,12.261412841796876,-1.381454348564148,0.6009446382522583,-0.0933738648891449
1790030059346432500,12.2814326171875,-0.8834604024887085,-0.019153613597154617,0.4118026793003082
1790030059406521600,12.341521484375,-2.145204782485962,-1.5705963373184204,-1.944091796875
1790030059486844000,12.421843994140625,-0.7972691655158997,0.15801730751991272,-0.45489832758903503
1790030059496853500,12.431853515625,-1.45806884765625,0.24660277366638184,0.33758243918418884
1790030059516903700,12.451903564453126,-1.094150185585022,-1.4939818382263184,-2.1763293743133545
1790030059526913300,12.461913330078126,-1.4676456451416016,-1.4508862495422363,-1.9321208000183105
1790030059576992800,12.51199267578125,-2.1308395862579346,-0.5937620401382446,-1.2042834758758545
1790030059627133200,12.56213330078125,-1.1228805780410767,0.12928688526153564,0.5195417404174805
1790030059637142800,12.572142822265626,-0.7015010714530945,-0.2801215946674347,-0.033518824726343155
1790030059647122200,12.5821220703125,-1.170764684677124,0.9481038451194763,0.9768342971801758
1790030059657162500,12.59216259765625,-1.4844050407409668,0.507570743560791,0.9720458984375
1790030059667202800,12.602202880859375,-1.3431471586227417,0.8547300100326538,0.7972691655158997
1790030059677212400,12.61221240234375,-1.7597382068634033,1.1109095811843872,0.507570743560791
1790030059707241700,12.64224169921875,-1.3048399686813354,-1.721431016921997,-1.5107412338256836
1790030059717251600,12.65225146484375,-1.2018892765045166,-1.9704279899597168,-2.1045033931732178
1790030059727261200,12.66226123046875,-1.6639702320098877,-1.2282254695892334,-0.706289529800415
1790030059737301500,12.672301513671876,-0.9911994934082031,-0.5195417404174805,0.1149216815829277
1790030059747341800,12.682341796875,-0.3471592366695404,-0.019153613597154617,0.08858546614646912
1790030059817501700,12.752501708984376,-0.7852981686592102,-0.17238251864910126,-0.828393816947937
1790030059827511600,12.762511474609376,-0.4692635238170624,0.2992752194404602,-0.2968810200691223
1790030059837521400,12.772521484375,-0.3902548849582672,0.17717093229293823,-0.22744916379451752
1790030059847531000,12.782531005859376,-1.0223240852355957,-0.3902548849582672,-0.6631938815116882
1790030059857540900,12.792540771484376,-1.015141487121582,-0.6488286852836609,-0.19871874153614044
1790030059867550700,12.80255078125,-0.7613561153411865,-0.3423708379268646,1.479616641998291
1790030059877560300,12.812560302734376,-0.9672574996948242,0.8475474119186401,0.5722141861915588
1790030059887600600,12.8226005859375,-0.689530074596405,1.2449848651885986,0.727837324142456
1790030059897610500,12.832610595703125,-0.6703764796257019,0.6224924325942993,0.6224924325942993
1790030059907620000,12.8426201171875,-0.790086567401886,0.17956513166427612,0.21308395266532898
1790030059917630000,12.8526298828125,-0.8379706144332886,-0.07182604819536209,0.2825157940387726
1790030059927639800,12.862639892578125,-0.586579442024231,-0.2298433631658554,0.17956513166427612
1790030059997830100,12.932830078125,-0.9050082564353943,0.15083470940589905,0.15083470940589905
1790030060067990000,13.002989990234376,0.07900865375995636,-0.7805097699165344,-2.1356279850006104
1790030060077999900,13.012999755859376,0.033518824726343155,-0.44771572947502136,-2.006340980529785
1790030060088009500,13.023009521484376,-0.33279404044151306,-1.072602391242981,-2.9759926795959473
1790030060098019300,13.033019287109376,-0.09576806426048279,-1.9728221893310547,-3.0621838569641113
1790030060118038800,13.053038818359376,-0.07900865375995636,-2.3942017555236816,-3.3279404640197754
1790030060128079000,13.0630791015625,-0.38067805767059326,-1.7334020137786865,-1.9560627937316895
1790030060148129300,13.08312939453125,0.3016694188117981,-1.4413094520568848,-2.0685901641845703
1790030060158139000,13.093138916015626,1.0342950820922852,-2.207453966140747,-1.8148049116134644
1790030060168148700,13.103148681640626,0.9289502501487732,-3.095702886581421,-2.801215887069702
1790030060178158600,13.11315869140625,0.7757213711738586,-2.5450363159179688,-2.209848165512085
1790030060188168200,13.123168212890626,0.5315127968788147,-2.9041666984558105,-1.5514427423477173
1790030060198178000,13.133177978515626,0.26815059781074524,-2.6240451335906982,-1.0438719987869263
1790030060208188000,13.14318798828125,0.016759412363171577,-1.7525556087493896,-0.15083470940589905
1790030060238217200,13.17321728515625,-0.6943184733390808,-0.3495534360408783,-0.40701428055763245
1790030060248257300,13.18325732421875,-1.1252747774124146,-0.9600749015808105,-0.9600749015808105
1790030060258267100,13.19326708984375,-0.7350199222564697,-1.170764684677124,-1.1635819673538208
1790030060268277000,13.203277099609375,-1.1635819673538208,-0.7757213711738586,-0.7350199222564697
1790030060298336800,13.233336669921876,-1.170764684677124,-0.9385270476341248,-0.7733271718025208
1790030060328396500,13.263396484375,-0.42856210470199585,-0.2298433631658554,-1.237802267074585
1790030060338436900,13.273436767578126,-0.8140285611152649,-1.0438719987869263,-1.5083470344543457
1790030060348446700,13.28344677734375,-0.6919242739677429,-0.7445967197418213,-1.987187385559082
1790030060358486800,13.29348681640625,-0.3758896589279175,-0.22505496442317963,-0.5554547905921936
1790030060368527000,13.303527099609376,-0.727837324142456,-0.8667010068893433,-1.0319008827209473
1790030060378506500,13.313506591796875,-1.2832920551300049,-1.1061211824417114,-1.9033904075622559
1790030060428616200,13.3636162109375,-0.10295066982507706,-1.5203180313110352,-1.5969325304031372
1790030060438626000,13.3736259765625,0.08140286058187485,0.019153613597154617,-1.1300631761550903
1790030060448605200,13.383605224609376,0.181959331035614,0.033518824726343155,-0.9720458984375
1790030060458615000,13.393614990234376,0.36152446269989014,0.36152446269989014,-1.2545616626739502
1790030060468655400,13.4036552734375,0.011971008032560349,0.3447650372982025,0.17956513166427612
1790030060478665200,13.413665283203125,-0.17477671802043915,0.05027823522686958,0.5722141861915588
1790030060488644400,13.423644287109376,-0.5746083855628967,1.1468225717544556,0.43095630407333374
1790030060498684700,13.4336845703125,-0.9241618514060974,0.5147533416748047,-0.6919242739677429
1790030060508725000,13.44372509765625,-0.9959878921508789,0.9361328482627869,-0.17956513166427612
1790030060518734600,13.453734619140626,-1.6903064250946045,-0.3663128614425659,0.6775590777397156
1790030060548764000,13.483763916015626,-1.5322890281677246,-0.47165772318840027,0.5674257874488831
1790030060558804200,13.49380419921875,-1.4413094520568848,0.3711012601852417,0.6392518281936646
1790030060568844500,13.503844482421876,-0.933738648891449,-0.3232172429561615,0.22744916379451752
1790030060578854400,13.5138544921875,-0.12689268589019775,-0.30885201692581177,-0.038307227194309235
1790030060588864000,13.523864013671876,-0.7565677165985107,0.0933738648891449,0.6200982332229614
1790030060598873900,13.533873779296876,-1.3000515699386597,-1.7094600200653076,0.23702596127986908
1790030060608914200,13.5439140625,-1.5921441316604614,-2.097320795059204,-0.6416460275650024
1790030060618923800,13.553923828125,-2.7269957065582275,-1.623268723487854,-2.3918075561523438
1790030060628933600,13.56393359375,-2.03507137298584,-1.3670891523361206,-4.790797710418701
1790030060638974000,13.573973876953126,-0.849941611289978,-1.0582371950149536,-3.07415509223938
1790030060648983800,13.58398388671875,-0.5386953949928284,-1.6041151285171509,-0.7445967197418213
1790030060658993400,13.593993408203126,-1.05105459690094,-0.3280056416988373,0.3519476354122162
1790030060669033700,13.60403369140625,-0.3663128614425659,-1.2856862545013428,-0.586579442024231
1790030060679043600,13.614043701171875,0.7613561153411865,-1.3623007535934448,-1.4317326545715332
1790030060689053200,13.62405322265625,0.5147533416748047,-1.6136919260025024,-0.7709329724311829
1790030060699063000,13.63406298828125,0.16519992053508759,-1.5610195398330688,-1.115697979927063
1790030060709073000,13.644072998046875,-1.1492167711257935,-0.2106897532939911,0.2585737705230713
1790030060719082500,13.65408251953125,-1.7741034030914307,-0.016759412363171577,-0.07422025501728058
1790030060779293700,13.714293701171876,-0.6440402865409851,0.5985504388809204,0.8236053586006165
1790030060809353500,13.744353515625,-2.499546527862549,2.1308395862579346,1.0965443849563599
1790030060829403600,13.764403564453126,-1.5514427423477173,1.0773907899856567,0.9361328482627869
1790030060849453600,13.78445361328125,-2.5929205417633057,2.561795711517334,2.762908697128296
1790030060859494000,13.794493896484376,-3.112462282180786,1.194706678390503,2.205059766769409
1790030060869503700,13.804503662109376,-3.0382418632507324,1.9129672050476074,2.2385785579681396
1790030060879513600,13.814513671875,-2.4827871322631836,1.3120225667953491,2.647987127304077
1790030060889553700,13.8245537109375,-2.389413356781006,1.889025092124939,3.4093432426452637
1790030060899594000,13.834593994140626,-2.8155810832977295,1.9345149993896484,3.2585084438323975
1790030060909634300,13.84463427734375,-2.9688100814819336,2.875436305999756,3.1004912853240967
1790030060959713800,13.8947138671875,-1.9321208000183105,1.292868971824646,3.584120035171509
1790030060969723400,13.904723388671876,-2.499546527862549,2.1068975925445557,3.7469255924224854
1790030060979763700,13.914763671875,-2.8203697204589844,2.300827741622925,3.1531636714935303
1790030061029843200,13.96484326171875,0.09816227108240128,2.094926595687866,1.9273324012756348
1790030061059964000,13.9949638671875,-0.040701430290937424,1.5897499322891235,0.3519476354122162
1790030061069973800,14.004973876953125,-0.17477671802043915,1.2617442607879639,0.6153098344802856
1790030061079983400,14.0149833984375,-0.07182604819536209,0.7757213711738586,0.9457096457481384
1790030061100033500,14.035033447265626,-0.23942017555236816,-0.2968810200691223,1.1683704853057861
1790030061110043400,14.04504345703125,-0.17238251864910126,-0.33039984107017517,0.8475474119186401
1790030061120083500,14.05508349609375,-0.1149216815829277,0.019153613597154617,0.8355764150619507
1790030061130123800,14.065123779296876,-0.24420857429504395,0.9002198576927185,0.6488286852836609
1790030061190304500,14.125304443359376,-1.6831238269805908,-0.5650315880775452,-0.19632454216480255
1790030061210354700,14.145354736328125,-1.742978811264038,-0.37828385829925537,0.3471592366695404
1790030061220364300,14.1553642578125,-1.7070658206939697,1.115697979927063,-0.12210428714752197
1790030061230374100,14.1653740234375,-1.4413094520568848,0.7469909191131592,0.08858546614646912
1790030061240414500,14.17541455078125,-0.31603461503982544,-0.09576806426048279,-0.24420857429504395
1790030061250424000,14.185424072265626,-0.10055647045373917,-0.1388636976480484,0.5937620401382446
1790030061320584000,14.255583984375,-2.494758129119873,2.2816741466522217,-0.2537853717803955
1790030061330655000,14.265655029296875,-2.6791117191314697,2.0925323963165283,-0.07900865375995636
1790030061340664600,14.27566455078125,-2.03507137298584,1.0989385843276978,-0.3064578175544739
1790030061350674400,14.28567431640625,-1.335964560508728,0.0071826050989329815,-0.4165911078453064
1790030061360684000,14.29568408203125,-1.173158884048462,-1.7573440074920654,-0.4668693244457245
1790030061440884200,14.37588427734375,-0.6392518281936646,-0.7398083209991455,-0.9289502501487732
1790030061510983200,14.445983154296876,-1.1348515748977661,-1.6974890232086182,-2.0661959648132324
1790030061520993000,14.455992919921876,-1.3120225667953491,-1.1420341730117798,-3.136404275894165
1790030061541073700,14.47607373046875,-0.21308395266532898,0.2825157940387726,-0.8978256583213806
1790030061561093000,14.496093017578126,-0.6703764796257019,1.3263877630233765,5.7772088050842285
1790030061571103000,14.50610302734375,-1.9776105880737305,1.1444283723831177,1.314416766166687
1790030061581112600,14.516112548828126,-2.2361843585968018,0.6248866319656372,-0.3423708379268646
1790030061591092000,14.526092041015625,-1.4197616577148438,-0.6584054827690125,-0.3495534360408783
1790030061601162800,14.536162841796875,-1.070208191871643,-0.05746084079146385,0.38546648621559143
1790030061611203000,14.546203125,-1.0079588890075684,-0.4357447028160095,-0.2082955539226532
1790030061621182200,14.55618212890625,-0.9169792532920837,-0.023942016065120697,-0.7326257228851318
1790030061631222500,14.566222412109376,-0.6057330369949341,0.40222588181495667,-0.6416460275650024
1790030061641262800,14.576262939453125,-0.3280056416988373,0.4884171485900879,-0.08858546614646912
1790030061651303200,14.58630322265625,-0.5219359993934631,1.2449848651885986,0.5051765441894531
1790030061711422700,14.646422607421876,-1.3838485479354858,-0.009576806798577309,-0.06224924325942993
1790030061721432300,14.656432373046876,-1.4389152526855469,0.6057330369949341,-0.3926490843296051
1790030061731442200,14.666442138671876,-0.6416460275650024,0.10295066982507706,-0.304063618183136
1790030061741482500,14.676482421875,-0.5267243981361389,0.1867477297782898,-0.09816227108240128
1790030061751522800,14.686522705078126,-1.1683704853057861,-0.5339069962501526,-0.9385270476341248
1790030061761532400,14.696532470703126,-0.5913678407669067,-1.7166426181793213,-1.821987509727478
1790030061781521700,14.716521728515625,-1.2713210582733154,-1.50355863571167,-0.8475474119186401
1790030061801602000,14.73660205078125,0.2561795711517334,-1.0223240852355957,-0.1173158809542656
1790030061841702100,14.7767021484375,0.849941611289978,-1.4652514457702637,-1.0558429956436157
1790030061851712000,14.7867119140625,0.6631938815116882,-1.158793568611145,-0.5147533416748047
1790030061871731500,14.8067314453125,-0.7110779285430908,-0.5841852426528931,-0.2801215946674347
1790030061881741300,14.8167412109375,-1.0103530883789062,-0.7254431247711182,-0.4165911078453064
1790030061901791200,14.836791259765626,-0.08858546614646912,0.49799394607543945,-0.49320554733276367
1790030061911801000,14.846801025390626,0.014365210197865963,0.5386953949928284,-0.5937620401382446
1790030061921841400,14.85684130859375,-0.3878606855869293,-0.038307227194309235,-0.8786720037460327
1790030061931851300,14.866851318359375,-0.4812345504760742,-0.33997663855552673,-0.933738648891449
1790030061941891300,14.876891357421876,-0.031124621629714966,-0.2298433631658554,-1.0103530883789062
1790030061951901200,14.886901123046876,0.16998831927776337,-0.3208230137825012,-0.569819986820221
1790030061971951400,14.906951416015625,-0.3256114423274994,-0.23942017555236816,-0.7158663272857666
1790030061981991400,14.916991455078126,-0.18914192914962769,-0.28730419278144836,-0.4836287498474121
1790030061992001300,14.927001220703126,-0.5554547905921936,-0.8355764150619507,-0.9361328482627869
1790030062002011100,14.93701123046875,-0.6105214357376099,-1.072602391242981,-1.0845733880996704
1790030062012082000,14.94708203125,-0.31124621629714966,-1.3287819623947144,-1.1899182796478271
1790030062022091500,14.957091552734376,-0.2537853717803955,-1.778891921043396,-1.4508862495422363
1790030062032101400,14.967101318359376,-0.4141969084739685,-1.8794482946395874,-1.1683704853057861
1790030062072201500,15.007201416015626,0.5291185975074768,-2.5450363159179688,-3.3710360527038574
1790030062092251600,15.027251708984375,0.950498104095459,-4.218583583831787,-3.442862033843994
1790030062102261200,15.03726123046875,0.9959878921508789,-4.345476150512695,-3.4141316413879395
1790030062112301600,15.047301513671876,1.3192051649093628,-3.3470940589904785,-3.7397429943084717
1790030062142361300,15.077361328125,1.4317326545715332,-3.603273630142212,-3.7660791873931885
1790030062152401700,15.087401611328126,0.7805097699165344,-3.8139634132385254,-3.6391866207122803
1790030062162411500,15.09741162109375,0.42856210470199585,-3.507505416870117,-3.047818660736084
1790030062172421000,15.107421142578126,-0.3256114423274994,-2.4468741416931152,-2.8155810832977295
1790030062182431000,15.117430908203126,-0.6033388376235962,-2.248155355453491,-2.8227639198303223
1790030062262692000,15.197692138671876,-1.0031704902648926,-0.4692635238170624,-0.5219359993934631
1790030062322842400,15.25784228515625,-0.31364041566848755,-0.3423708379268646,-0.014365210197865963
1790030062352963300,15.28796337890625,0.7422025203704834,0.828393816947937,-0.14604631066322327
1790030062373043700,15.308043701171876,-0.028730420395731926,-0.47165772318840027,-0.6009446382522583
1790030062383053600,15.318053466796876,-0.6392518281936646,0.5746083855628967,-0.4836287498474121
1790030062443234300,15.378234375,0.730231523513794,-1.2042834758758545,-0.17477671802043915
1790030062453244000,15.388243896484376,0.3902548849582672,-1.1013327836990356,-0.47405192255973816
1790030062533413600,15.46841357421875,0.7805097699165344,-1.192312479019165,-0.17477671802043915
1790030062543423500,15.478423583984375,-0.011971008032560349,-0.002394201699644327,0.7805097699165344
1790030062603604000,15.53860400390625,-1.98958158493042,1.070208191871643,1.357512354850769
1790030062613644300,15.548644287109376,-2.607285737991333,1.41257905960083,2.2673089504241943
1790030062623654100,15.558654052734376,-2.2457611560821533,0.043095629662275314,1.6376339197158813
1790030062633725000,15.568724853515626,-1.6519991159439087,-1.9584569931030273,-0.8762778043746948
1790030062653774800,15.58877490234375,-1.6424223184585571,-2.6384103298187256,-3.8379054069519043
1790030062663784700,15.59878466796875,-0.9050082564353943,-0.3758896589279175,-0.8092401623725891
1790030062673825000,15.608824951171876,0.31842881441116333,0.993593692779541,1.525106430053711
1790030062683835000,15.6188349609375,2.1811177730560303,0.5195417404174805,1.86508309841156
1790030062723935000,15.65893505859375,0.6224924325942993,1.1563993692398071,1.0079588890075684
1790030062733944600,15.668944580078126,-0.11971008777618408,1.7190368175506592,1.9776105880737305
1790030062743924000,15.678924072265625,-0.1843535304069519,1.659181833267212,1.414973258972168
1790030062753964300,15.68896435546875,-0.5889736413955688,1.8148049116134644,1.1420341730117798
1790030062764004400,15.69900439453125,-0.9600749015808105,2.7485435009002686,1.460463047027588
1790030062774044700,15.709044677734376,-1.5658079385757446,2.8395233154296875,2.0590133666992188
1790030062794064400,15.729064453125,-0.4165911078453064,1.50355863571167,1.4844050407409668
1790030062804104400,15.7391044921875,-1.3623007535934448,0.706289529800415,2.2409727573394775
1790030062814114300,15.7491142578125,-2.0829553604125977,0.047884032130241394,1.7405846118927002
1790030062834225400,15.769225341796876,-3.0813376903533936,0.6200982332229614,1.6089035272598267
1790030062844235300,15.7792353515625,-2.322375535964966,1.601720929145813,1.091755986213684
1790030062874295000,15.809294921875,-1.3407529592514038,-0.10773907601833344,0.871489405632019
1790030062884335400,15.81933544921875,-1.0654197931289673,-0.2968810200691223,1.9321208000183105
1790030062894375700,15.829375732421875,-1.237802267074585,0.047884032130241394,2.5450363159179688
1790030062904385300,15.83938525390625,-1.4987702369689941,1.6184803247451782,2.341529369354248
1790030062914395100,15.84939501953125,-1.5059528350830078,2.561795711517334,2.5450363159179688
1790030062944485400,15.8794853515625,1.1875240802764893,1.3239935636520386,1.5131354331970215
1790030062954495200,15.8894951171875,1.357512354850769,1.1061211824417114,1.9800047874450684
1790030062964504800,15.8995048828125,0.9002198576927185,2.628833532333374,2.1811177730560303
1790030062974514700,15.9095146484375,0.5171475410461426,2.1739351749420166,4.2329487800598145
1790030062984524500,15.919524658203125,0.5339069962501526,2.8874073028564453,3.6727054119110107
1790030062994564900,15.92956494140625,0.16759411990642548,3.220201253890991,3.4189200401306152
1790030063004574500,15.939574462890626,0.2513911724090576,2.4660277366638184,4.685452938079834
1790030063014584300,15.949584228515626,-0.3016694188117981,2.8658595085144043,4.8937482833862305
1790030063034634200,15.96963427734375,-1.1540051698684692,3.1244332790374756,2.250549554824829
1790030063044705000,15.979705078125,-1.161187767982483,2.82515811920166,2.049436569213867
1790030063074734300,16.009734375,-1.9967641830444336,1.1994950771331787,1.9033904075622559
1790030063084774700,16.019774658203126,-2.31758713722229,1.1468225717544556,1.400607943534851
1790030063094784500,16.029784423828126,-2.1978771686553955,1.259350061416626,1.1013327836990356
1790030063104794400,16.03979443359375,-1.7980455160140991,1.3000515699386597,1.599326729774475
1790030063114865200,16.049865234375,-1.400607943534851,0.9265560507774353,1.8579005002975464
1790030063124874800,16.059874755859376,-0.9385270476341248,0.6631938815116882,1.86508309841156
1790030063134915000,16.0699150390625,-0.7757213711738586,1.170764684677124,1.7405846118927002
1790030063154934500,16.0899345703125,-0.24420857429504395,1.702277421951294,1.235408067703247
1790030063184963800,16.1199638671875,-0.9169792532920837,1.556231141090393,2.4468741416931152
1790030063204983600,16.139983642578127,-0.4596867263317108,-0.6871358752250671,0.8140285611152649
1790030063214993200,16.1499931640625,-0.3280056416988373,-0.6751648783683777,0.08619125932455063
1790030063225003000,16.1600029296875,-0.14365209639072418,-0.1364694982767105,0.1412578970193863
1790030063235012900,16.170012939453127,0.1173158809542656,1.946485996246338,0.9624691009521484
1790030063285183700,16.220183837890627,-0.7374141216278076,-1.0031704902648926,-0.5027823448181152
1790030063305233700,16.240233642578126,-1.7334020137786865,-0.14844051003456116,-0.6536170840263367
1790030063315243500,16.250243408203126,-1.0773907899856567,1.2976573705673218,-0.9648633003234863
1790030063325253000,16.260253173828126,-0.5482721924781799,2.6431987285614014,0.9768342971801758
1790030063335293400,16.27029345703125,-0.2513911724090576,0.3687070608139038,1.5658079385757446
1790030063345333800,16.280333740234376,-0.1604115068912506,-2.2194249629974365,-0.26575639843940735
1790030063365414400,16.300414306640626,-1.5825673341751099,-0.9720458984375,-1.1971008777618408
1790030063375454700,16.310454833984377,-1.8483237028121948,0.4596867263317108,-0.5554547905921936
1790030063385495000,16.3204951171875,-1.8722656965255737,1.7501614093780518,0.8140285611152649
1790030063395474200,16.33047412109375,-1.3838485479354858,1.3503297567367554,1.9345149993896484
1790030063405514500,16.340514404296876,-0.5123591423034668,0.21308395266532898,1.316810965538025
1790030063415524400,16.3505244140625,0.5099649429321289,0.4644751250743866,0.4812345504760742
1790030063425564400,16.360564453125,0.6153098344802856,-0.035913024097681046,0.2322375625371933
1790030063435543800,16.370543701171876,-0.4213795065879822,0.009576806798577309,-0.0933738648891449
1790030063455624400,16.39062451171875,-2.0422539710998535,0.5171475410461426,1.414973258972168
1790030063465695200,16.4006953125,-1.4173674583435059,1.1540051698684692,0.4644751250743866
1790030063475704800,16.410704833984376,-0.8834604024887085,1.278503656387329,0.14604631066322327
1790030063485745200,16.4207451171875,-0.45250412821769714,-0.5291185975074768,0.06464344263076782
1790030063495755000,16.430755126953127,-0.3423708379268646,-0.040701430290937424,0.16998831927776337
1790030063505795300,16.44079541015625,-0.6416460275650024,-0.6200982332229614,-0.2777273952960968
1790030063515835400,16.45083544921875,-0.24899697303771973,-1.1444283723831177,-0.849941611289978
1790030063525875700,16.460875732421876,-0.3256114423274994,-0.16998831927776337,-0.4213795065879822
1790030063535885600,16.470885498046876,-0.363918662071228,-0.4572925269603729,0.05506663769483566
1790030063545926000,16.48092578125,-1.1348515748977661,1.335964560508728,1.4101848602294922
1790030063616116200,16.5511162109375,0.44532153010368347,0.023942016065120697,-0.5171475410461426
1790030063626126000,16.5611259765625,0.8355764150619507,-0.9840168952941895,0.20111294090747833
1790030063636105200,16.571105224609376,0.3998316824436188,-0.2082955539226532,0.21787235140800476
1790030063666226200,16.60122607421875,-1.2713210582733154,-1.048660397529602,-1.41257905960083
1790030063676236000,16.611236083984377,-1.1563993692398071,-0.6105214357376099,-1.460463047027588
1790030063706295800,16.6412958984375,0.4405331015586853,-0.6536170840263367,1.802833914756775
1790030063726345700,16.661345703125,-0.5626373887062073,-2.2625205516815186,-1.4077905416488647
1790030063736355600,16.67135546875,-1.2641384601593018,-2.322375535964966,-1.7621324062347412
1790030063746365200,16.681365234375,-1.742978811264038,-1.7717092037200928,-1.7142484188079834
1790030063756405500,16.691405517578126,-1.6950948238372803,-0.8212111592292786,-1.9823989868164062
1790030063806485000,16.741485107421877,0.9696516990661621,-2.3487119674682617,-0.7589619159698486
1790030063816494600,16.75149462890625,1.0342950820922852,-1.556231141090393,-0.7876923680305481
1790030063826535000,16.761534912109376,0.8643068075180054,-0.8451532125473022,-1.3024457693099976
1790030063836575200,16.7715751953125,0.9217676520347595,-0.7230489253997803,-1.4101848602294922
1790030063856594700,16.7915947265625,0.9648633003234863,0.6129156351089478,-0.3519476354122162
1790030063866604500,16.8016044921875,0.7134721279144287,-0.08619125932455063,-0.9457096457481384
1790030063886654700,16.82165478515625,0.26575639843940735,-0.2968810200691223,-0.5434837937355042
1790030063896664300,16.831664306640626,-0.181959331035614,-0.5626373887062073,-0.5027823448181152
1790030063906674200,16.841674072265626,-0.10773907601833344,-0.6416460275650024,-0.3447650372982025
1790030063916684000,16.85168408203125,-0.5339069962501526,-0.6655880808830261,-0.6440402865409851
1790030063926724000,16.86172412109375,-0.33518823981285095,-0.7086837291717529,-0.6727706789970398
1790030063936734000,16.87173388671875,-0.23942017555236816,-0.11013327538967133,-0.10773907601833344
1790030063956784000,16.8917841796875,-0.4165911078453064,-0.6153098344802856,-0.4668693244457245
1790030063966793700,16.901793701171876,-0.811634361743927,-0.9840168952941895,-1.1228805780410767
1790030064006863400,16.94186328125,-0.004788403399288654,-1.5634137392044067,-2.322375535964966
1790030064016873200,16.951873291015627,0.3663128614425659,-1.2234370708465576,-2.1523873805999756
1790030064026882800,16.9618828125,0.38307225704193115,-0.950498104095459,-1.4317326545715332
1790030064036923100,16.971923095703126,0.26575639843940735,-0.6033388376235962,-1.0534487962722778
1790030064046933000,16.98193310546875,0.42616790533065796,-1.113303780555725,-0.21547815203666687
1790030064056942600,16.991942626953126,0.1843535304069519,-2.27209734916687,-1.2306196689605713
1790030064066983000,17.00198291015625,0.5913678407669067,-2.3989901542663574,-2.3056161403656006
1790030064097012200,17.03201220703125,1.6136919260025024,-2.188300371170044,-3.2968156337738037
1790030064147091700,17.082091796875,1.1899182796478271,-2.9879636764526367,-3.5051112174987793
1790030064157101300,17.092101318359376,1.0247182846069336,-2.762908697128296,-3.4739866256713867
1790030064167141600,17.1021416015625,1.6376339197158813,-2.6431987285614014,-3.711012601852417
1790030064177151500,17.1121513671875,1.3910311460494995,-2.760514497756958,-3.797203779220581
1790030064187161000,17.1221611328125,1.0989385843276978,-2.513911724090576,-2.9305028915405273
1790030064197171000,17.1321708984375,0.8379706144332886,-3.2082302570343018,-3.3063924312591553
1790030064207180800,17.142180908203127,0.2513911724090576,-2.3942017555236816,-2.87064790725708
1790030064217221000,17.15222119140625,-0.2346317619085312,-1.460463047027588,-1.944091796875
1790030064267300400,17.20230029296875,0.15083470940589905,-3.44765043258667,-3.359065055847168
1790030064357479700,17.292479736328126,-0.5817909836769104,-1.7501614093780518,-1.9057846069335938
1790030064417569000,17.352569091796877,1.2306196689605713,-0.2106897532939911,-1.5083470344543457
1790030064437588500,17.37258837890625,0.9481038451194763,0.12449848651885986,0.33518823981285095
1790030064457669000,17.392669189453127,-0.40940847992897034,-0.23942017555236816,0.3256114423274994
1790030064467709200,17.402709228515626,-0.7972691655158997,-0.040701430290937424,0.3471592366695404
1790030064477749500,17.41274951171875,-0.6344634294509888,0.05746084079146385,0.9576807022094727
1790030064487789800,17.422789794921876,-0.40701428055763245,-0.2777273952960968,0.5722141861915588
1790030064497799700,17.432799560546876,-0.13168109953403473,-0.4165911078453064,0.47405192255973816
1790030064507840000,17.442840087890627,-0.07661445438861847,-1.2258312702178955,-0.2059013396501541
1790030064537869300,17.472869384765627,0.07661445438861847,-0.7374141216278076,0.08140286058187485
1790030064547909400,17.482909423828126,-0.07422025501728058,-1.5298948287963867,-0.5482721924781799
1790030064557949700,17.49294970703125,-0.10055647045373917,-0.9792284965515137,-1.4532804489135742
1790030064567990000,17.502989990234376,-0.15562310814857483,-1.5610195398330688,-2.2888567447662354
1790030064578030300,17.5130302734375,-0.27054479718208313,0.35913026332855225,0.22026655077934265
1790030064588040200,17.523040283203127,-0.3016694188117981,0.4908113479614258,0.9768342971801758
1790030064598049800,17.5330498046875,0.3519476354122162,-0.8259995579719543,-0.3734954595565796
1790030064608059600,17.5430595703125,0.7733271718025208,0.44532153010368347,-1.9129672050476074
1790030064618130400,17.55313037109375,-0.07422025501728058,0.4572925269603729,-0.21308395266532898
1790030064628140300,17.563140380859377,-0.6224924325942993,1.699883222579956,1.158793568611145
1790030064648220700,17.583220703125,-1.0630255937576294,1.4221558570861816,1.6974890232086182
1790030064658261000,17.593260986328126,-0.13168109953403473,0.09576806426048279,1.4101848602294922
1790030064678311200,17.613311279296877,-1.2186486721038818,1.0749965906143188,1.137245774269104
1790030064688351500,17.6233515625,-1.7884687185287476,1.8148049116134644,1.1803414821624756
1790030064718411300,17.653411376953127,-1.5394717454910278,0.33039984107017517,2.006340980529785
1790030064728451600,17.66345166015625,-0.5003881454467773,0.31124621629714966,0.37828385829925537
1790030064758572300,17.693572265625,-1.1563993692398071,1.723825216293335,1.4077905416488647
1790030064768582100,17.70358203125,-1.9847931861877441,2.3511061668395996,3.045424461364746
1790030064788601600,17.7236015625,-0.37828385829925537,1.4389152526855469,0.4908113479614258
1790030064798611500,17.733611572265627,0.9864110946655273,0.44532153010368347,0.5841852426528931
1790030064818600400,17.753600341796876,-2.0207061767578125,2.7676970958709717,3.339911460876465
1790030064838711600,17.773711669921877,-1.8722656965255737,2.363077163696289,0.9816226959228516
1790030064858731000,17.79373095703125,0.1628057211637497,0.9193734526634216,1.2737152576446533
1790030064878750500,17.81375048828125,-0.2777273952960968,1.4221558570861816,3.0382418632507324
1790030064888790800,17.823790771484376,0.033518824726343155,2.3367409706115723,2.853888511657715
1790030064908841000,17.843841064453127,0.1604115068912506,2.207453966140747,1.436521053314209
1790030064918850600,17.8538505859375,-0.023942016065120697,1.7477672100067139,2.1547815799713135
1790030064928891000,17.863890869140626,-0.4357447028160095,2.032677173614502,2.513911724090576
1790030064938900700,17.873900634765626,-0.5171475410461426,1.659181833267212,2.293645143508911
1790030064958950700,17.89395068359375,-0.4429273009300232,3.8594532012939453,3.5027170181274414
1790030064979061800,17.914061767578126,-0.6536170840263367,3.8091750144958496,3.7038300037384033
1790030065049221600,17.9842216796875,-0.6703764796257019,1.5275006294250488,3.2537200450897217
1790030065079281700,18.01428173828125,-0.7206547260284424,1.7741034030914307,1.6065093278884888
1790030065139462100,18.074462158203126,0.12928688526153564,0.9481038451194763,1.3263877630233765
1790030065149472000,18.084471923828126,-0.2777273952960968,1.158793568611145,0.8858546018600464
1790030065159481900,18.09448193359375,-0.6488286852836609,1.161187767982483,0.8188169598579407
1790030065169491500,18.104491455078126,-0.05506663769483566,0.05506663769483566,0.9145850539207458
1790030065179501300,18.114501220703126,0.3687070608139038,1.7334020137786865,1.9512743949890137
1790030065189511200,18.12451123046875,-0.014365210197865963,2.5306711196899414,2.5091233253479004
1790030065199520800,18.134520751953126,-0.49320554733276367,2.365471363067627,1.7142484188079834
1790030065229611300,18.164611328125,-1.170764684677124,-1.7812861204147339,0.629675030708313
1790030065239620900,18.174620849609376,-1.0797849893569946,-0.6631938815116882,0.17238251864910126
1790030065259732000,18.19473193359375,-1.1228805780410767,0.7661445140838623,0.7996633648872375
1790030065269772300,18.204772216796876,-1.1420341730117798,1.8148049116134644,0.4668693244457245
1790030065279782100,18.2147822265625,-1.1037269830703735,1.7884687185287476,1.048660397529602
1790030065289791700,18.224791748046876,-0.2346317619085312,-0.033518824726343155,0.6248866319656372
1790030065299801600,18.234801513671876,0.035913024097681046,-1.7621324062347412,0.0694318488240242
1790030065309872400,18.244872314453126,-0.8738836050033569,-1.98958158493042,-0.08858546614646912
1790030065319882200,18.25488232421875,-1.965639591217041,0.05027823522686958,-0.12449848651885986
1790030065349972500,18.284972412109376,-0.3495534360408783,2.5019407272338867,1.3000515699386597
1790030065360012800,18.2950126953125,0.7230489253997803,1.381454348564148,1.6927006244659424
1790030065370022700,18.305022705078127,0.6368576288223267,1.4245500564575195,1.800439715385437
1790030065420193500,18.355193603515627,-3.3423056602478027,-0.22026655077934265,-1.5849615335464478
1790030065430172700,18.365172607421876,-2.142810583114624,-0.3998316824436188,-0.4884171485900879
1790030065440213000,18.375212890625,-1.070208191871643,-0.7541735172271729,-0.5267243981361389
1790030065450222800,18.385222900390627,-0.5889736413955688,-0.36152446269989014,-1.2210428714752197
1790030065460232400,18.395232421875,-0.026336219161748886,0.9864110946655273,-0.7015010714530945
1790030065470211800,18.4052119140625,0.6536170840263367,-0.2322375625371933,-0.8930372595787048
1790030065480252000,18.415251953125,1.1971008777618408,-0.6655880808830261,-1.194706678390503
1790030065490292200,18.425292236328126,0.3687070608139038,-1.3311761617660522,-0.6200982332229614
1790030065500302000,18.435302001953126,-0.31124621629714966,-1.1851298809051514,-1.2114660739898682
1790030065520382700,18.4553828125,-1.290474772453308,0.22744916379451752,0.790086567401886
1790030065540463000,18.475463134765626,-0.751779317855835,0.9648633003234863,1.6136919260025024
1790030065550503400,18.48550341796875,-0.5770025849342346,0.9361328482627869,-0.24420857429504395
1790030065560543700,18.495543701171876,0.10055647045373917,-1.4652514457702637,-1.702277421951294
1790030065580624400,18.515624267578126,0.12449848651885986,-1.2210428714752197,0.08379705995321274
1790030065590634000,18.525634033203126,0.29209262132644653,-0.9959878921508789,0.7398083209991455
1790030065600674300,18.53567431640625,0.7924807667732239,-1.2449848651885986,-0.4118026793003082
1790030065630703600,18.56570361328125,-0.05027823522686958,-0.811634361743927,-0.004788403399288654
1790030065650753800,18.58575390625,0.36152446269989014,-2.233790159225464,-1.8555063009262085
1790030065670742800,18.60574267578125,1.048660397529602,0.608127236366272,0.8164227604866028
1790030065690823400,18.625823486328127,0.18914192914962769,-0.24899697303771973,-1.0749965906143188
1790030065700833000,18.6358330078125,-0.24660277366638184,-0.9983820915222168,-1.1061211824417114
1790030065710873300,18.645873291015626,-0.8068459630012512,-1.7573440074920654,-1.070208191871643
1790030065720883200,18.65588330078125,-0.49559974670410156,-1.845929503440857,-1.8124107122421265
1790030065750912500,18.68591259765625,0.2801215946674347,-0.5171475410461426,-1.161187767982483
1790030065760952800,18.695952880859377,0.6200982332229614,-0.3711012601852417,-1.482010841369629
1790030065770962400,18.70596240234375,1.048660397529602,-0.5315127968788147,-1.53707754611969
1790030065780972300,18.71597216796875,0.9983820915222168,-1.845929503440857,-1.5897499322891235
1790030065801022200,18.736022216796876,0.5722141861915588,-1.4963760375976562,-1.6831238269805908
1790030065811032000,18.746031982421876,0.8595184087753296,-1.216254472732544,-1.5538369417190552
1790030065821042000,18.7560419921875,1.0630255937576294,-0.7134721279144287,-1.3982137441635132
1790030065831082000,18.76608203125,0.5770025849342346,-0.5099649429321289,-1.137245774269104
1790030065861172500,18.79617236328125,0.524330198764801,-1.3335703611373901,-0.49799394607543945
1790030065881192000,18.81619189453125,0.3447650372982025,-0.9265560507774353,-0.7876923680305481
1790030065891232300,18.826232177734376,0.48602294921875,-1.3335703611373901,-0.9983820915222168
1790030065901303000,18.836302978515626,0.6871358752250671,-1.2258312702178955,-0.8882488012313843
1790030065911313000,18.84631298828125,0.8164227604866028,-1.1779472827911377,-0.5171475410461426
1790030065931332400,18.866332275390626,0.7445967197418213,-1.381454348564148,-0.47405192255973816
1790030065941372700,18.87637255859375,0.395043283700943,-0.912190854549408,-0.9457096457481384
1790030065971463000,18.906462890625,0.37828385829925537,-1.0965443849563599,-1.0630255937576294
1790030066001553400,18.936553466796877,0.706289529800415,-0.8571242094039917,-0.4668693244457245
1790030066031643600,18.9666435546875,0.47884035110473633,-1.3958195447921753,-0.811634361743927
1790030066061734000,18.99673388671875,0.15801730751991272,-0.8164227604866028,-1.647210717201233
1790030066071743700,19.00674365234375,0.4189853072166443,-1.0103530883789062,-1.8363527059555054
1790030066101803500,19.036803466796876,0.9241618514060974,-1.946485996246338,-2.425326347351074
1790030066111813400,19.0468134765625,0.9576807022094727,-2.7222073078155518,-2.8179752826690674
1790030066121823000,19.056822998046876,0.35434186458587646,-2.255337953567505,-2.4612393379211426
1790030066151883000,19.086883056640627,1.314416766166687,-2.5306711196899414,-2.513911724090576
1790030066182003700,19.117003662109376,0.5386953949928284,-2.499546527862549,-3.7612907886505127
1790030066192044000,19.1270439453125,0.9241618514060974,-2.873042106628418,-3.9240965843200684
1790030066262143000,19.19714306640625,0.2777273952960968,-2.9544448852539062,-2.1930887699127197
1790030066352383500,19.287383544921877,-0.5530605912208557,-1.968033790588379,-0.6488286852836609
1790030066422573800,19.35757373046875,0.2082955539226532,0.304063618183136,0.47644615173339844
1790030066442623700,19.377623779296876,0.181959331035614,-0.8738836050033569,0.19871874153614044
1790030066452633600,19.387633544921876,-0.9648633003234863,-0.23702596127986908,-0.10773907601833344
1790030066462674000,19.397673828125,-1.0893617868423462,-0.5770025849342346,-0.8331822156906128
1790030066472714200,19.40771435546875,-0.5171475410461426,-0.45010992884635925,-1.0055646896362305
1790030066492733700,19.427733642578126,-0.038307227194309235,0.031124621629714966,0.7948749661445618
1790030066522824000,19.457823974609376,-0.4572925269603729,-0.11971008777618408,1.1540051698684692
1790030066532833800,19.467833740234376,-1.8483237028121948,-0.7445967197418213,0.1628057211637497
1790030066542843600,19.47784375,-1.2473790645599365,-0.3519476354122162,-0.545877993106842
1790030066552853200,19.487853271484376,-0.49320554733276367,0.5722141861915588,-0.6536170840263367
1790030066562893600,19.4978935546875,0.035913024097681046,1.357512354850769,0.6751648783683777
1790030066572903400,19.5079033203125,-0.6009446382522583,1.4508862495422363,1.7118542194366455
1790030066582974200,19.51797412109375,-1.5059528350830078,1.194706678390503,2.2601263523101807
1790030066593014500,19.5280146484375,-1.6950948238372803,-1.1276689767837524,1.414973258972168
1790030066603024100,19.538024169921876,-1.3886369466781616,-0.16998831927776337,-0.26096799969673157
1790030066613064400,19.548064453125,-1.5729905366897583,0.3902548849582672,1.4891934394836426
1790030066623074300,19.55807421875,-1.8339585065841675,0.3495534360408783,0.9528923034667969
1790030066643124200,19.578124267578126,-0.6488286852836609,0.6751648783683777,-0.19153612852096558
1790030066653134000,19.588134033203126,-0.05027823522686958,0.3902548849582672,0.6607996821403503
1790030066663144000,19.59814404296875,-0.507570743560791,-1.2521674633026123,1.2449848651885986
1790030066673214700,19.608214599609376,-0.811634361743927,0.7374141216278076,0.24181437492370605
1790030066693295400,19.62829541015625,-0.3016694188117981,0.8092401623725891,1.357512354850769
1790030066713345300,19.64834521484375,-1.3048399686813354,1.6879122257232666,1.479616641998291
1790030066723355100,19.658355224609377,-1.4700398445129395,3.095702886581421,1.0845733880996704
1790030066733364700,19.66836474609375,-0.1173158809542656,2.229001760482788,-0.05027823522686958
1790030066743405000,19.678405029296876,0.7541735172271729,3.0813376903533936,1.3694833517074585
1790030066753384400,19.688384521484377,-0.06703764945268631,2.779668092727661,3.2632968425750732
1790030066763424500,19.698424560546876,-0.9911994934082031,3.2824504375457764,3.5960910320281982
1790030066783444200,19.7184443359375,-1.4077905416488647,-0.950498104095459,1.1420341730117798
1790030066793515000,19.728514892578126,-1.1779472827911377,0.6871358752250671,1.534683346748352
1790030066803555300,19.738555419921877,-1.5921441316604614,1.216254472732544,2.628833532333374
1790030066833645600,19.7686455078125,-2.0015525817871094,2.7269957065582275,3.162740468978882
1790030066843655400,19.778655517578127,-1.9752163887023926,3.1004912853240967,3.4332852363586426
1790030066863735800,19.79873583984375,-1.1109095811843872,2.2649147510528564,2.82515811920166
1790030066883816400,19.81881640625,-1.4413094520568848,1.5658079385757446,3.8067808151245117
1790030066893856800,19.828856689453126,-1.5179238319396973,1.3431471586227417,3.847482204437256
1790030066913937400,19.8489375,-1.335964560508728,1.4460978507995605,2.87064790725708
1790030066984066800,19.91906689453125,0.6368576288223267,1.3670891523361206,1.7142484188079834
1790030067034146000,19.96914599609375,-0.3256114423274994,0.8954314589500427,1.4460978507995605
1790030067044216800,19.979216796875,-0.24899697303771973,0.9289502501487732,1.280897855758667
1790030067054226700,19.989226806640627,-0.35913026332855225,1.2282254695892334,1.5322890281677246
1790030067094296300,20.02929638671875,-0.6344634294509888,0.8475474119186401,0.7493851184844971
1790030067104306000,20.039305908203126,-1.1348515748977661,1.460463047027588,0.6943184733390808
1790030067154354700,20.089354736328126,-0.768538773059845,0.8858546018600464,1.7693150043487549
1790030067234616000,20.169615966796876,-2.0805611610412598,-1.5610195398330688,-0.4429273009300232
1790030067244626000,20.1796259765625,-0.7996633648872375,-0.45010992884635925,-0.6631938815116882
1790030067254635500,20.189635498046876,0.0071826050989329815,1.0893617868423462,0.507570743560791
1790030067264615000,20.199614990234377,0.22026655077934265,3.227383852005005,1.5658079385757446
1790030067274655000,20.209655029296876,-0.4118026793003082,3.2632968425750732,2.0685901641845703
1790030067284664800,20.219664794921876,-0.912190854549408,0.7326257228851318,0.1173158809542656
1790030067314755000,20.249755126953126,-1.8124107122421265,-2.10210919380188,-0.6440402865409851
1790030067324765000,20.259764892578126,-1.338358759880066,-0.5817909836769104,-0.8020575642585754
1790030067334774800,20.26977490234375,-0.9265560507774353,0.12210428714752197,-1.048660397529602
1790030067394924800,20.3299248046875,-0.6727706789970398,-2.054224967956543,-1.5131354331970215
1790030067424984600,20.359984619140626,-0.7110779285430908,2.300827741622925,0.7996633648872375
1790030067455105500,20.39010546875,-1.501164436340332,-2.7246015071868896,-1.2521674633026123
1790030067465084700,20.400084716796876,-1.2258312702178955,-2.346317768096924,-2.516305923461914
1790030067475125000,20.410125,-1.2761094570159912,-1.3072341680526733,-0.8858546018600464
1790030067485195800,20.42019580078125,-0.4884171485900879,-1.3311761617660522,-1.1755530834197998
1790030067505215500,20.440215576171877,-0.11013327538967133,-0.4405331015586853,-0.13407529890537262
1790030067515225000,20.45022509765625,0.22744916379451752,0.3998316824436188,0.023942016065120697
1790030067525235000,20.46023486328125,0.395043283700943,-0.17956513166427612,0.12928688526153564
1790030067535275300,20.470275146484376,0.38067805767059326,-1.3479355573654175,-0.7805097699165344
1790030067545284900,20.480284912109376,0.3878606855869293,-0.9313444495201111,-0.5937620401382446
1790030067555294700,20.490294677734376,0.8810662031173706,-2.3774423599243164,-0.4644751250743866
1790030067575375400,20.510375244140626,0.49799394607543945,0.22266076505184174,0.6057330369949341
1790030067585415700,20.520415771484377,0.16519992053508759,1.678335428237915,0.6703764796257019
1790030067595425300,20.53042529296875,-0.009576806798577309,2.099714994430542,0.35673606395721436
1790030067655575600,20.590575439453126,-1.3287819623947144,-1.0773907899856567,-1.522712230682373
1790030067675595000,20.610594970703126,-0.05506663769483566,-0.8020575642585754,-0.7948749661445618
1790030067685604900,20.62060498046875,-0.33997663855552673,0.05267243832349777,-0.3687070608139038
1790030067725705000,20.660705078125,-0.1388636976480484,-1.400607943534851,-1.1228805780410767
1790030067735745300,20.670745361328127,-0.13407529890537262,-1.0438719987869263,-1.1300631761550903
1790030067755795200,20.690795166015626,0,0.15562310814857483,-0.6488286852836609
1790030067785855000,20.72085498046875,-0.9097966551780701,-1.2186486721038818,-1.601720929145813
1790030067795864800,20.73086474609375,-0.8236053586006165,-1.2617442607879639,-0.9816226959228516
1790030067805874700,20.740874755859377,-0.5147533416748047,-0.35673606395721436,-0.6775590777397156
1790030067815914800,20.750914794921876,-0.5147533416748047,0.06224924325942993,-0.5315127968788147
1790030067825924600,20.760924560546876,-0.8164227604866028,0.3998316824436188,-0.5578489899635315
1790030067835965000,20.77096484375,-1.400607943534851,0.2513911724090576,-0.9385270476341248
1790030067845974800,20.780974853515627,-1.2401964664459229,0.26336219906806946,-1.1635819673538208
1790030067855984400,20.790984375,-0.5195417404174805,0.363918662071228,-0.7038952708244324
1790030067876065000,20.81106494140625,-0.2944868206977844,-0.4836287498474121,-0.05746084079146385
1790030067886105300,20.821105224609376,-0.7972691655158997,-1.2042834758758545,-0.828393816947937
1790030067916165000,20.8511650390625,-0.17956513166427612,-0.7709329724311829,-0.6153098344802856
1790030067956234800,20.89123486328125,0.31842881441116333,-2.5019407272338867,-1.525106430053711
1790030067966275000,20.901275146484377,0.0071826050989329815,-2.1954829692840576,-1.7764976024627686
1790030067976315100,20.911315185546876,-0.011971008032560349,-2.2385785579681396,-1.702277421951294
1790030067986355500,20.92135546875,0.2777273952960968,-2.5474305152893066,-1.9536685943603516
1790030068006405600,20.941405517578126,0.7254431247711182,-2.164358377456665,-2.47560453414917
1790030068026425000,20.961425048828126,0.44532153010368347,-2.497152328491211,-3.141192674636841
1790030068036435000,20.97143505859375,0.5434837937355042,-3.021482467651367,-3.1531636714935303
1790030068046475300,20.981475341796877,0.2513911724090576,-2.849100112915039,-2.473210334777832
1790030068066525200,21.001525146484376,0.7876923680305481,-2.008735179901123,-2.6886885166168213
1790030068086575400,21.021575439453127,0.768538773059845,-2.5761611461639404,-3.026270866394043
1790030068126675500,21.061675537109377,0.272938996553421,-1.6496049165725708,-2.3080103397369385
1790030068136685000,21.07168505859375,0.42377370595932007,-2.5330653190612793,-2.5929205417633057
1790030068146695000,21.08169482421875,-0.26336219906806946,-2.094926595687866,-2.2146365642547607
1790030068156704800,21.091704833984377,-0.11252748221158981,-2.205059766769409,-2.1284453868865967
1790030068166714400,21.10171435546875,0.35434186458587646,-2.099714994430542,-1.800439715385437
1790030068176724200,21.11172412109375,0.24660277366638184,-1.7477672100067139,-2.0446481704711914
1790030068186734000,21.121734130859377,0.2801215946674347,-1.6328455209732056,-2.1164743900299072
1790030068206784000,21.141783935546876,-0.33279404044151306,-1.5658079385757446,-1.7094600200653076
1790030068216793900,21.1517939453125,-0.9672574996948242,-1.2282254695892334,-1.558625340461731
1790030068256924400,21.19192431640625,-0.7805097699165344,-1.5945383310317993,-2.319981336593628
1790030068266934300,21.201934326171877,-0.33518823981285095,-1.7334020137786865,-2.7222073078155518
1790030068296963300,21.23196337890625,0.49320554733276367,-1.1468225717544556,-1.1875240802764893
1790030068337063400,21.2720634765625,-0.3734954595565796,-1.1204863786697388,-1.436521053314209
1790030068357083100,21.292083251953127,-0.10534487664699554,0.751779317855835,1.1420341730117798
1790030068387143000,21.322142822265626,-1.1444283723831177,-0.4836287498474121,-0.7948749661445618
1790030068407162400,21.342162353515626,-1.3551181554794312,0.5051765441894531,0.8379706144332886
1790030068427212500,21.362212646484377,-0.19153612852096558,1.0438719987869263,0.2322375625371933
1790030068437222100,21.37222216796875,0.11252748221158981,0.4692635238170624,0.9840168952941895
1790030068447232000,21.38223193359375,1.01753568649292,-0.5027823448181152,-0.05027823522686958
1790030068477353000,21.41235302734375,-1.4676456451416016,-1.7118542194366455,-1.1061211824417114
1790030068497433300,21.432433349609376,-0.5099649429321289,0.08858546614646912,-1.0534487962722778
1790030068507443200,21.442443115234376,-0.7541735172271729,1.50355863571167,1.2761094570159912
1790030068527462700,21.462462646484376,-0.42616790533065796,-0.019153613597154617,-0.3663128614425659
1790030068537472500,21.472472412109376,-0.4644751250743866,-0.3064578175544739,-1.4844050407409668
1790030068547482400,21.482482421875,-0.24420857429504395,-0.689530074596405,-1.556231141090393
1790030068557522400,21.4925224609375,-1.525106430053711,0.19393034279346466,-0.689530074596405
1790030068567562800,21.502562744140626,-2.7485435009002686,1.0199298858642578,1.4269442558288574
1790030068577572600,21.512572509765626,-2.892195701599121,0,1.0845733880996704
1790030068597592000,21.532592041015626,-2.2697031497955322,-0.10534487664699554,-1.5275006294250488
1790030068617611500,21.552611572265626,-1.2737152576446533,-0.1412578970193863,0.3016694188117981
1790030068647671600,21.582671630859377,0.47884035110473633,0.019153613597154617,0.07182604819536209
1790030068667721500,21.602721435546876,0.29209262132644653,0.21308395266532898,0.47644615173339844
1790030068677731300,21.6127314453125,0.0454898327589035,0.26336219906806946,1.05105459690094
1790030068707791000,21.642791015625,-2.408566951751709,2.2912509441375732,1.3120225667953491
1790030068737851000,21.672850830078126,-0.5626373887062073,1.414973258972168,2.363077163696289
1790030068747860700,21.68286083984375,-2.0398597717285156,1.6950948238372803,2.3247697353363037
1790030068777981400,21.7129814453125,-1.0965443849563599,0.9744400978088379,1.821987509727478
1790030068818112300,21.7531123046875,-2.5713725090026855,1.900996208190918,2.8826189041137695
1790030068828121900,21.763121826171876,-2.1284453868865967,1.1013327836990356,2.5929205417633057
1790030068848172000,21.783172119140627,-1.314416766166687,1.8339585065841675,2.9448680877685547
1790030068858181600,21.793181640625,-1.5873557329177856,1.7980455160140991,3.4165258407592773
1790030068868222000,21.803221923828126,-1.86508309841156,2.6168625354766846,4.223371982574463
1790030068878231800,21.813231689453126,-1.8124107122421265,3.002328872680664,3.928884983062744
1790030068888241400,21.823241455078126,-1.5705963373184204,3.07415509223938,3.0765492916107178
1790030068898251300,21.833251220703126,-1.05105459690094,2.38462495803833,2.3511061668395996
1790030068908291600,21.84329150390625,-0.8475474119186401,1.9847931861877441,2.956839084625244
1790030068958401500,21.893401611328127,-0.10773907601833344,1.2018892765045166,1.889025092124939
1790030069028561400,21.9635615234375,-0.009576806798577309,0.9217676520347595,1.0558429956436157
1790030069058651600,21.993651611328126,-0.10773907601833344,1.4724340438842773,1.6280571222305298
1790030069098782200,22.0337822265625,-0.9648633003234863,0.3663128614425659,0.6344634294509888
1790030069148861700,22.08386181640625,-0.689530074596405,0.05267243832349777,0.30885201692581177
1790030069218991000,22.1539912109375,-1.4987702369689941,-0.26815059781074524,1.647210717201233
1790030069289181400,22.224181396484376,-2.169146776199341,-2.008735179901123,-0.5650315880775452
1790030069369412000,22.304412109375,-0.4596867263317108,0.26096799969673157,0.6536170840263367
1790030069399502600,22.334502685546877,0.08379705995321274,-1.4963760375976562,-2.169146776199341
1790030069409512200,22.34451220703125,0.43095630407333374,-1.338358759880066,-2.3702597618103027
1790030069419522000,22.35452197265625,0.40701428055763245,-2.03507137298584,-1.7980455160140991
1790030069429562400,22.364562255859376,0.1149216815829277,-0.5482721924781799,0.3663128614425659
1790030069439602700,22.374602783203127,-0.11971008777618408,0.31364041566848755,1.3287819623947144
1790030069449643000,22.38464306640625,-0.35673606395721436,1.1228805780410767,0.6153098344802856
1790030069459683000,22.39468310546875,-1.1276689767837524,0.14844051003456116,-0.2561795711517334
1790030069469693000,22.40469287109375,-1.403002142906189,-2.0422539710998535,-1.7741034030914307
1790030069489712400,22.42471240234375,-0.768538773059845,-1.192312479019165,-1.4676456451416016
1790030069509732000,22.444732177734377,0.6943184733390808,-0.21308395266532898,-0.3232172429561615
1790030069519772200,22.454772216796876,0.8523358106613159,0.4908113479614258,1.8195933103561401
1790030069529782000,22.464781982421876,0.05267243832349777,0.849941611289978,2.715024709701538
1790030069539792000,22.4747919921875,-1.0534487962722778,-0.4405331015586853,0.2753331959247589
1790030069549832200,22.484832275390627,-1.6184803247451782,-1.0247182846069336,-1.4700398445129395
1790030069589901600,22.524901611328126,0.1173158809542656,-0.5817909836769104,-0.002394201699644327
1790030069599942000,22.53494189453125,0.4141969084739685,-0.5626373887062073,1.1635819673538208
1790030069609951700,22.54495166015625,0.395043283700943,-0.9385270476341248,1.3024457693099976
1790030069619961600,22.554961669921877,0.10055647045373917,-0.608127236366272,0.524330198764801
1790030069630001700,22.565001708984376,-0.21547815203666687,0.15083470940589905,0.22744916379451752
1790030069640042000,22.5750419921875,-0.4141969084739685,0.8738836050033569,1.2282254695892334
1790030069650051800,22.5850517578125,-0.5410895943641663,1.9105730056762695,1.723825216293335
1790030069670071300,22.6050712890625,-1.3000515699386597,0.7182605266571045,-0.1604115068912506
1790030069680081200,22.6150810546875,-1.4676456451416016,-0.07422025501728058,-0.9074024558067322
1790030069690121500,22.62512158203125,-1.036689281463623,0.10055647045373917,-0.12928688526153564
1790030069700161800,22.635161865234377,-0.5291185975074768,0.304063618183136,0.7876923680305481
1790030069740262000,22.675261962890627,-1.316810965538025,-0.6440402865409851,-0.9959878921508789
1790030069800412000,22.735411865234376,0.07900865375995636,0.090979665517807,-0.7134721279144287
1790030069810421800,22.745421875,0.19871874153614044,0.33997663855552673,-1.072602391242981
1790030069830441200,22.765441162109376,-0.6344634294509888,-0.9217676520347595,-1.4197616577148438
1790030069850491400,22.785491455078127,-0.6655880808830261,-0.2968810200691223,-0.47884035110473633
1790030069860562200,22.795562255859377,-0.8236053586006165,-0.8571242094039917,-0.9600749015808105
1790030069870571800,22.80557177734375,-0.7781155705451965,-1.094150185585022,-1.4963760375976562
1790030069880581600,22.81558154296875,-0.7972691655158997,-0.6655880808830261,-1.115697979927063
1790030069910611000,22.84561083984375,-0.31842881441116333,-0.9744400978088379,-0.7757213711738586
1790030069930691600,22.865691650390627,-0.3974374830722809,-1.048660397529602,-1.048660397529602
1790030069940731600,22.875731689453126,0.05985504388809204,-1.4652514457702637,-0.7110779285430908
1790030069950772000,22.88577197265625,0.047884032130241394,-1.5921441316604614,-1.1228805780410767
1790030069960781800,22.89578173828125,-0.031124621629714966,-1.3431471586227417,-1.173158884048462
1790030069970822100,22.905822265625,0.1867477297782898,-1.2473790645599365,-1.1755530834197998
1790030069980831700,22.915831787109376,0.4141969084739685,-1.235408067703247,-1.3311761617660522
1790030070010952700,22.94595263671875,0.33997663855552673,-1.0534487962722778,-1.0007762908935547
1790030070020993000,22.955992919921876,0.2106897532939911,-0.7326257228851318,-0.8547300100326538
1790030070031003000,22.9660029296875,0.1843535304069519,-0.5602431893348694,-0.8810662031173706
1790030070041012500,22.976012451171876,0.09816227108240128,-0.23942017555236816,-0.569819986820221
1790030070051022300,22.986022216796876,0.08619125932455063,0.07422025501728058,-0.5195417404174805
1790030070061032000,22.996031982421876,0.19153612852096558,0.12210428714752197,-0.6200982332229614
1790030070071072300,23.006072265625,0.20350714027881622,-0.1149216815829277,-0.5985504388809204
1790030070081112600,23.016112548828126,0.14365209639072418,-0.28969839215278625,-0.1149216815829277
1790030070091153000,23.02615283203125,-0.23702596127986908,0.023942016065120697,0.2322375625371933
1790030070121212700,23.056212646484376,-0.4141969084739685,0.4429273009300232,0.33518823981285095
1790030070141232000,23.076232177734376,-0.20350714027881622,0.3519476354122162,-0.1604115068912506
1790030070151242000,23.086241943359376,-0.2346317619085312,0.009576806798577309,-0.1843535304069519
1790030070181271300,23.116271240234376,0.009576806798577309,-0.4118026793003082,-0.47165772318840027
1790030070201352000,23.13635205078125,0.033518824726343155,-0.5650315880775452,-0.38307225704193115
1790030070231411700,23.16641162109375,-0.3998316824436188,-0.07182604819536209,-1.2713210582733154
1790030070261441000,23.19644091796875,0.031124621629714966,-0.8954314589500427,-0.6224924325942993
1790030070271451000,23.206450927734377,-0.021547814831137657,-0.5817909836769104,-0.33279404044151306
1790030070281430000,23.216429931640626,0.016759412363171577,-0.49799394607543945,-0.47884035110473633
1790030070291470300,23.22647021484375,0.05027823522686958,-0.45010992884635925,-0.569819986820221
1790030070311520300,23.246520263671876,-0.016759412363171577,-0.3687070608139038,-0.3878606855869293
1790030070321530000,23.256530029296876,-0.22266076505184174,-0.4141969084739685,-0.23942017555236816
1790030070331570400,23.2665703125,-0.05746084079146385,-0.4357447028160095,-0.5506663918495178
1790030070341610800,23.27661083984375,0.0071826050989329815,-0.43335050344467163,-0.7805097699165344
1790030070351651000,23.286651123046877,-0.12689268589019775,-0.37828385829925537,-0.5985504388809204
1790030070381741300,23.3167412109375,0.009576806798577309,0.10773907601833344,-0.1388636976480484
1790030070391781600,23.32678173828125,-0.06464344263076782,0.19153612852096558,0.11013327538967133
1790030070401822000,23.336822021484377,-0.1173158809542656,-0.038307227194309235,0.1867477297782898
1790030070411831600,23.34683154296875,-0.06464344263076782,0.05267243832349777,0.040701430290937424
1790030070431881700,23.3668818359375,-0.040701430290937424,0.1412578970193863,0.1388636976480484
1790030070441891300,23.376891357421876,-0.0694318488240242,0.28730419278144836,0.0071826050989329815
1790030070451901200,23.386901123046876,-0.06703764945268631,0.2059013396501541,-0.1173158809542656
1790030070471951400,23.406951416015627,-0.08379705995321274,0.21787235140800476,0.13407529890537262
1790030070542111200,23.477111328125,-0.08858546614646912,0.1149216815829277,-0.0071826050989329815
1790030070552120800,23.487120849609376,-0.11971008777618408,-0.019153613597154617,-0.10295066982507706
1790030070562130700,23.497130615234376,-0.1364694982767105,-0.0071826050989329815,-0.07182604819536209
1790030070592190500,23.5271904296875,-0.15562310814857483,-0.17956513166427612,0.15083470940589905
1790030070612210000,23.5472099609375,-0.05027823522686958,0.10773907601833344,-0.026336219161748886
1790030070622250200,23.557250244140626,-0.1388636976480484,0.08379705995321274,0.18914192914962769
1790030070642300400,23.577300537109377,-0.1173158809542656,-0.0694318488240242,-0.047884032130241394
1790030070652310000,23.58731005859375,-0.021547814831137657,0.0454898327589035,-0.20350714027881622
1790030070662319900,23.59731982421875,-0.12449848651885986,0.033518824726343155,-0.20350714027881622
1790030070682339300,23.61733935546875,0.014365210197865963,0.14844051003456116,0.19871874153614044
1790030070692349200,23.62734912109375,-0.07182604819536209,0.2585737705230713,0.3423708379268646
1790030070752468700,23.68746875,-0.0694318488240242,0.2944868206977844,-0.2106897532939911
1790030070792568800,23.72756884765625,-0.07900865375995636,0.08140286058187485,0.2968810200691223
1790030070802578700,23.73757861328125,-0.07661445438861847,-0.1388636976480484,0.12689268589019775
1790030070812588500,23.747588623046877,-0.040701430290937424,-0.20111294090747833,-0.10773907601833344
1790030070822628600,23.757628662109376,0.033518824726343155,0.043095629662275314,-0.15322890877723694
1790030070832638500,23.767638427734376,-0.011971008032560349,0.21308395266532898,0.004788403399288654
1790030070842678800,23.7776787109375,-0.05746084079146385,0.0694318488240242,-0.043095629662275314
1790030070852688600,23.787688720703127,-0.10534487664699554,-0.07900865375995636,0.021547814831137657
1790030070862698200,23.7976982421875,-0.08858546614646912,-0.1388636976480484,-0.07182604819536209
1790030070872738600,23.807738525390626,-0.038307227194309235,0.05985504388809204,-0.08858546614646912
1790030070882748400,23.81774853515625,-0.05267243832349777,0.12449848651885986,-0.035913024097681046
1790030070892788700,23.827788818359377,-0.0694318488240242,-0.038307227194309235,-0.021547814831137657
1790030070902829000,23.8378291015625,-0.004788403399288654,-0.1388636976480484,-0.19153612852096558
1790030070912838700,23.847838623046876,-0.13168109953403473,-0.035913024097681046,-0.07422025501728058
1790030070922848500,23.8578486328125,0.004788403399288654,-0.11971008777618408,-0.08140286058187485
1790030070932888800,23.867888916015627,-0.06224924325942993,-0.038307227194309235,-0.17717093229293823
1790030070942898400,23.8778984375,-0.08379705995321274,-0.031124621629714966,-0.06224924325942993
1790030070962948600,23.897948486328126,0.004788403399288654,-0.035913024097681046,-0.07182604819536209
1790030070972958200,23.907958251953126,0.047884032130241394,0.05506663769483566,-0.009576806798577309
1790030070982968000,23.917968017578126,0.11013327538967133,0.047884032130241394,0.026336219161748886
1790030070993008400,23.92800830078125,0.07900865375995636,0.07422025501728058,0.06703764945268631
1790030071003048700,23.938048583984376,-0.021547814831137657,0.05027823522686958,0.08858546614646912
1790030071023068200,23.958068115234376,-0.0454898327589035,-0.13168109953403473,0.033518824726343155
1790030071033078000,23.968078125,-0.05267243832349777,-0.038307227194309235,0.07661445438861847
1790030071043087600,23.978087646484376,-0.035913024097681046,0.021547814831137657,-0.17477671802043915
1790030071053097500,23.988097412109376,-0.05985504388809204,0.033518824726343155,-0.07900865375995636
1790030071063137800,23.9981376953125,-0.07182604819536209,-0.06224924325942993,0.22505496442317963
1790030071073147600,24.008147705078127,0.019153613597154617,-0.12449848651885986,0.08379705995321274
1790030071093167000,24.0281669921875,0.014365210197865963,-0.12449848651885986,-0.0071826050989329815
1790030071103176700,24.0381767578125,0.002394201699644327,0.019153613597154617,0.05985504388809204
1790030071113186600,24.0481865234375,-0.05027823522686958,0.08379705995321274,-0.043095629662275314
1790030071143215900,24.0782158203125,0.08379705995321274,0.14365209639072418,-0.06224924325942993
1790030071163235300,24.0982353515625,-0.019153613597154617,-0.11252748221158981,-0.002394201699644327
1790030071173245200,24.1082451171875,0.090979665517807,-0.15562310814857483,0.17238251864910126
1790030071193264600,24.1282646484375,-0.016759412363171577,-0.043095629662275314,-0.13168109953403473
1790030071203274500,24.1382744140625,-0.002394201699644327,0.05985504388809204,-0.10773907601833344
1790030071213284400,24.148284423828127,0.023942016065120697,0.11013327538967133,-0.021547814831137657
1790030071223324400,24.158324462890626,0.019153613597154617,-0.12928688526153564,0.1604115068912506
1790030071233334300,24.168334228515626,-0.004788403399288654,-0.10534487664699554,-0.10534487664699554
1790030071313504000,24.24850390625,-0.06703764945268631,-0.090979665517807,0.06703764945268631
1790030071363552800,24.298552734375,-0.038307227194309235,-0.07182604819536209,0.033518824726343155
1790030071383572200,24.318572265625,-0.13407529890537262,-0.07900865375995636,0.06703764945268631
1790030071443692000,24.378692138671877,-0.040701430290937424,0.021547814831137657,-0.05506663769483566
1790030071523922700,24.458922607421876,-0.021547814831137657,-0.07182604819536209,0.06464344263076782
1790030071553952000,24.488951904296876,0.0454898327589035,-0.1149216815829277,-0.014365210197865963
1790030071634182700,24.5691826171875,-0.031124621629714966,-0.1364694982767105,0
1790030071714352400,24.649352294921876,0.1149216815829277,-0.16519992053508759,-0.10773907601833344
1790030071784481800,24.719481689453126,-0.0071826050989329815,0.009576806798577309,-0.05506663769483566
1790030071824551400,24.759551513671877,0.011971008032560349,-0.038307227194309235,-0.17238251864910126
1790030071834561000,24.76956103515625,0.021547814831137657,0.11252748221158981,-0.07182604819536209
1790030071844571000,24.77957080078125,0.011971008032560349,-0.1149216815829277,-0.026336219161748886
1790030071854580700,24.789580810546877,0.08858546614646912,-0.13168109953403473,0.10773907601833344
1790030071864651500,24.799651611328127,0.002394201699644327,0.0454898327589035,-0.14365209639072418
1790030071874661000,24.8096611328125,-0.011971008032560349,0.08619125932455063,-0.08140286058187485
1790030071884640500,24.819640625,0.1388636976480484,-0.023942016065120697,-0.05027823522686958
1790030071894711300,24.829711181640626,-0.033518824726343155,-0.0933738648891449,-0.10295066982507706
1790030071904751600,24.839751708984377,0.031124621629714966,-0.14365209639072418,-0.1604115068912506
1790030071914761200,24.84976123046875,0.12689268589019775,-0.05267243832349777,-0.1173158809542656
1790030071924801500,24.859801513671876,0.1173158809542656,-0.14604631066322327,-0.004788403399288654
1790030071934872300,24.869872314453126,-0.090979665517807,-0.0694318488240242,0.05506663769483566
1790030071994931000,24.929930908203126,-0.040701430290937424,-0.07422025501728058,-0.038307227194309235
1790030072055050500,24.990050537109376,-0.07661445438861847,-0.023942016065120697,0.011971008032560349
1790030072085079800,25.020079833984376,-0.08858546614646912,-0.1628057211637497,0.031124621629714966
1790030072095120100,25.0301201171875,-0.011971008032560349,-0.15083470940589905,-0.002394201699644327
1790030072105160400,25.040160400390626,0.035913024097681046,0.009576806798577309,-0.05027823522686958
1790030072115170300,25.05017041015625,-0.028730420395731926,0.038307227194309235,-0.1604115068912506
1790030072175381500,25.110381591796877,0.06703764945268631,-0.002394201699644327,-0.1364694982767105
1790030072215512000,25.150511962890626,-0.035913024097681046,-0.08858546614646912,0.0454898327589035
1790030072225522000,25.16052197265625,-0.06224924325942993,0.06464344263076782,-0.002394201699644327
1790030072245571800,25.18057177734375,0.12449848651885986,-0.031124621629714966,-0.06224924325942993
