time,seconds_elapsed,x,z,y
1790030681993592800,-0.0584072265625,-0.031124621629714966,0.3663128614425659,0.2992752194404602
1790030682072762400,0.020762451171875,-0.19153612852096558,-0.07661445438861847,-0.1412578970193863
1790030682122902800,0.07090283203125,0.1149216815829277,0.016759412363171577,-0.2082955539226532
1790030682173012700,0.1210126953125,0.002394201699644327,-0.05267243832349777,-0.021547814831137657
1790030682183053000,0.131052978515625,-0.13168109953403473,-0.047884032130241394,0.16759411990642548
1790030682193062700,0.141062744140625,-0.047884032130241394,0.07900865375995636,0.09816227108240128
1790030682258126000,0.2061259765625,0.12210428714752197,-0.031124621629714966,-0.1364694982767105
1790030682288186000,0.23618603515625,0.10534487664699554,0.1173158809542656,-0.08858546614646912
1790030682338235000,0.28623486328125,0.0694318488240242,0.016759412363171577,-0.17477671802043915
1790030682348244500,0.296244384765625,0.09576806426048279,0.12928688526153564,0.040701430290937424
1790030682358315300,0.306315185546875,0.026336219161748886,0.016759412363171577,0.13407529890537262
1790030682368325000,0.3163251953125,-0.038307227194309235,-0.22266076505184174,-0.2753331959247589
1790030682378396000,0.32639599609375,-0.043095629662275314,-0.12210428714752197,-0.0694318488240242
1790030682388405800,0.33640576171875,0.05746084079146385,0.16759411990642548,0.10055647045373917
1790030682398415400,0.346415283203125,0.12928688526153564,-0.0694318488240242,0.12928688526153564
1790030682408486400,0.356486328125,0.05267243832349777,-0.038307227194309235,0.15322890877723694
1790030682418496000,0.36649609375,-0.16998831927776337,-0.15322890877723694,0.12928688526153564
1790030682428566800,0.37656689453125,-0.26336219906806946,-0.07900865375995636,0.009576806798577309
1790030682438576600,0.38657666015625,-0.023942016065120697,-0.14604631066322327,-0.24181437492370605
1790030682458626600,0.40662646484375,0.031124621629714966,0.002394201699644327,-0.11252748221158981
1790030682478737700,0.426737548828125,0.13407529890537262,0.09816227108240128,0.17956513166427612
1790030682488778000,0.436778076171875,-0.1364694982767105,-0.019153613597154617,0.05985504388809204
1790030682498787800,0.446787841796875,-0.11013327538967133,0.15801730751991272,0.10055647045373917
1790030682508797400,0.45679736328125,-0.019153613597154617,-0.0933738648891449,-0.05985504388809204
1790030682518807300,0.466807373046875,0.0071826050989329815,0.033518824726343155,-0.12449848651885986
1790030682528847600,0.47684765625,-0.090979665517807,0.026336219161748886,-0.031124621629714966
1790030682558877000,0.506876953125,0.09576806426048279,0.12928688526153564,0.004788403399288654
1790030682568886800,0.51688671875,0.1149216815829277,0.014365210197865963,-0.05027823522686958
1790030682578896400,0.526896484375,0.08140286058187485,-0.0454898327589035,0
1790030682588906200,0.53690625,0.043095629662275314,-0.11013327538967133,0.07900865375995636
1790030682598946600,0.546946533203125,-0.1149216815829277,-0.20350714027881622,-0.05506663769483566
1790030682638985500,0.5869853515625,-0.06224924325942993,0.0694318488240242,-0.0071826050989329815
1790030682649025800,0.59702587890625,-0.05027823522686958,0.026336219161748886,0.11013327538967133
1790030682659035600,0.60703564453125,0.08619125932455063,-0.17238251864910126,-0.011971008032560349
1790030682669045200,0.617045166015625,0.047884032130241394,-0.10295066982507706,-0.15083470940589905
1790030682689065000,0.63706494140625,0.13407529890537262,-0.038307227194309235,-0.21787235140800476
1790030682699074600,0.647074462890625,-0.035913024097681046,0.021547814831137657,-0.07900865375995636
1790030682709084400,0.65708447265625,0.06703764945268631,0.0694318488240242,0.11971008777618408
1790030682719063600,0.6670634765625,0.031124621629714966,0.05746084079146385,0.0454898327589035
1790030682729104000,0.677103759765625,-0.047884032130241394,-0.06464344263076782,-0.05746084079146385
1790030682739113700,0.68711376953125,-0.10773907601833344,0.002394201699644327,0.1604115068912506
1790030682749123600,0.69712353515625,0.028730420395731926,0.08140286058187485,0.023942016065120697
1790030682759133200,0.70713330078125,0.12928688526153564,-0.06464344263076782,-0.043095629662275314
1790030682769143000,0.71714306640625,-0.021547814831137657,-0.031124621629714966,-0.10534487664699554
1790030682779153000,0.72715283203125,-0.009576806798577309,-0.15083470940589905,-0.040701430290937424
1790030682799172400,0.74717236328125,0.11013327538967133,0.13168109953403473,-0.13168109953403473
1790030682809182200,0.75718212890625,0.06224924325942993,0.016759412363171577,-0.10773907601833344
1790030682819191800,0.76719189453125,0.002394201699644327,-0.026336219161748886,-0.002394201699644327
1790030682829201700,0.77720166015625,-0.08379705995321274,-0.05985504388809204,0.014365210197865963
1790030682839211300,0.787211181640625,-0.047884032130241394,-0.20111294090747833,-0.043095629662275314
1790030682849251600,0.79725146484375,-0.090979665517807,-0.0454898327589035,-0.014365210197865963
1790030682859322400,0.807322265625,0.1149216815829277,-0.023942016065120697,-0.026336219161748886
1790030682869332200,0.817332275390625,0.023942016065120697,-0.016759412363171577,-0.023942016065120697
1790030682879342000,0.827342041015625,-0.08140286058187485,0.043095629662275314,0.16759411990642548
1790030682909432300,0.857432373046875,0.014365210197865963,-0.10534487664699554,-0.10055647045373917
1790030682929451800,0.87745166015625,-0.06224924325942993,0.23942017555236816,0.22744916379451752
1790030682939461600,0.887461669921875,0.06224924325942993,0.021547814831137657,0.16759411990642548
1790030682949471500,0.897471435546875,0.035913024097681046,-0.031124621629714966,-0.09576806426048279
1790030682959481000,0.907481201171875,0.0933738648891449,-0.05267243832349777,-0.090979665517807
1790030682969491000,0.917490966796875,-0.07900865375995636,-0.07900865375995636,0.004788403399288654
1790030682979561700,0.927561767578125,0.033518824726343155,-0.11971008777618408,-0.05746084079146385
1790030683009621500,0.95762158203125,0.0933738648891449,-0.028730420395731926,0.07422025501728058
1790030683029671700,0.977671630859375,-0.05027823522686958,-0.038307227194309235,0.0454898327589035
1790030683039742500,0.987742431640625,0.08619125932455063,-0.17956513166427612,-0.009576806798577309
1790030683049782800,0.99778271484375,0.05027823522686958,-0.14604631066322327,-0.08379705995321274
1790030683059792400,1.00779248046875,0.033518824726343155,-0.004788403399288654,-0.06224924325942993
1790030683079842600,1.027842529296875,0.05267243832349777,-0.033518824726343155,0.08379705995321274
1790030683119912000,1.067911865234375,0.043095629662275314,-0.021547814831137657,-0.019153613597154617
1790030683129921800,1.077921875,0.05746084079146385,0.043095629662275314,-0.07900865375995636
1790030683139931600,1.087931640625,0.07422025501728058,0.028730420395731926,-0.035913024097681046
1790030683149972000,1.097971923828125,-0.023942016065120697,0.06224924325942993,0.1388636976480484
1790030683159981600,1.107981689453125,0.038307227194309235,0.047884032130241394,0.08858546614646912
1790030683170022000,1.11802197265625,0.0933738648891449,0.05746084079146385,0.0694318488240242
1790030683180031700,1.12803173828125,0.009576806798577309,-0.06703764945268631,0.009576806798577309
1790030683190041300,1.138041259765625,0.035913024097681046,-0.023942016065120697,0.047884032130241394
1790030683220040200,1.168040283203125,0.033518824726343155,-0.19871874153614044,-0.11971008777618408
1790030683230111000,1.178111083984375,0.043095629662275314,-0.043095629662275314,0.028730420395731926
1790030683240120800,1.188120849609375,-0.05746084079146385,-0.1364694982767105,-0.0933738648891449
1790030683250130700,1.198130615234375,0.05027823522686958,-0.07422025501728058,-0.016759412363171577
1790030683260140300,1.208140380859375,0.021547814831137657,0.06703764945268631,-0.033518824726343155
1790030683270119700,1.21811962890625,0.07661445438861847,-0.011971008032560349,-0.16519992053508759
1790030683280159700,1.22815966796875,0.047884032130241394,0.0454898327589035,-0.05506663769483566
1790030683290169600,1.238169677734375,0.043095629662275314,0.019153613597154617,0.05027823522686958
1790030683320229400,1.2682294921875,-0.035913024097681046,0.0071826050989329815,0.011971008032560349
1790030683340249000,1.2882490234375,0.0694318488240242,0.002394201699644327,-0.1149216815829277
1790030683350289200,1.2982890625,0.026336219161748886,-0.040701430290937424,0.035913024097681046
1790030683360299000,1.308299072265625,0.07661445438861847,-0.08858546614646912,0.09816227108240128
1790030683370308900,1.318308837890625,0.13168109953403473,-0.09576806426048279,-0.0071826050989329815
1790030683380318500,1.328318359375,0.028730420395731926,-0.0694318488240242,0.009576806798577309
1790030683390358800,1.33835888671875,0.0071826050989329815,0.002394201699644327,0.021547814831137657
1790030683400368600,1.34836865234375,0.06464344263076782,0.043095629662275314,0.028730420395731926
1790030683420388000,1.36838818359375,-0.023942016065120697,-0.09576806426048279,-0.07422025501728058
1790030683430398000,1.37839794921875,0.031124621629714966,-0.033518824726343155,-0.0694318488240242
1790030683440407600,1.388407470703125,-0.014365210197865963,0.12210428714752197,0.07182604819536209
1790030683450448000,1.39844775390625,0.011971008032560349,-0.1388636976480484,0.12449848651885986
1790030683460457700,1.408457763671875,-0.033518824726343155,-0.13407529890537262,0.014365210197865963
1790030683470498000,1.418498046875,-0.016759412363171577,-0.2322375625371933,-0.08619125932455063
1790030683480538400,1.428538330078125,0.07900865375995636,-0.181959331035614,-0.15801730751991272
1790030683490548000,1.4385478515625,0.05985504388809204,-0.15562310814857483,-0.20111294090747833
1790030683500557800,1.448557861328125,0.07182604819536209,-0.11252748221158981,-0.14604631066322327
1790030683510567700,1.458567626953125,-0.05746084079146385,0.0694318488240242,0.009576806798577309
1790030683540597000,1.488596923828125,-0.0071826050989329815,-0.026336219161748886,0.040701430290937424
1790030683550606600,1.498606689453125,0.031124621629714966,0.08140286058187485,0.014365210197865963
1790030683560616400,1.508616455078125,0,0.035913024097681046,-0.014365210197865963
1790030683570595600,1.518595703125,0.10295066982507706,-0.035913024097681046,-0.026336219161748886
1790030683580666400,1.528666259765625,-0.004788403399288654,-0.10295066982507706,0.019153613597154617
1790030683590706700,1.538706787109375,0.09576806426048279,-0.12928688526153564,-0.026336219161748886
1790030683600716500,1.548716552734375,0.06224924325942993,-0.11013327538967133,0
1790030683610726400,1.558726318359375,0.043095629662275314,-0.07900865375995636,0.002394201699644327
1790030683640755500,1.58875537109375,0.026336219161748886,-0.019153613597154617,-0.08140286058187485
1790030683670846000,1.618845947265625,-0.05027823522686958,-0.08619125932455063,-0.0694318488240242
1790030683680855600,1.62885546875,-0.0454898327589035,0.040701430290937424,-0.023942016065120697
1790030683690865400,1.638865478515625,0.038307227194309235,0.047884032130241394,-0.043095629662275314
1790030683700875300,1.648875244140625,0.0071826050989329815,0.06224924325942993,0.023942016065120697
1790030683710884900,1.658884765625,0.040701430290937424,-0.004788403399288654,-0.14604631066322327
1790030683740945000,1.68894482421875,0.0071826050989329815,-0.11971008777618408,0.10295066982507706
1790030683750954500,1.69895458984375,-0.07422025501728058,-0.016759412363171577,-0.043095629662275314
1790030683760964400,1.70896435546875,-0.06703764945268631,0.06464344263076782,0.031124621629714966
1790030683770974000,1.718973876953125,0.009576806798577309,-0.07661445438861847,0.06464344263076782
1790030683780983800,1.72898388671875,0.016759412363171577,-0.05267243832349777,0.08858546614646912
1790030683790993700,1.73899365234375,-0.004788403399288654,-0.10055647045373917,-0.011971008032560349
1790030683801003300,1.749003173828125,0.07182604819536209,-0.031124621629714966,0.0694318488240242
1790030683811013000,1.75901318359375,0.028730420395731926,-0.13168109953403473,0.1173158809542656
1790030683821023000,1.76902294921875,0.07182604819536209,-0.06224924325942993,-0.08379705995321274
1790030683831032600,1.779032470703125,0.033518824726343155,-0.14365209639072418,-0.17717093229293823
1790030683841103400,1.789103271484375,0.11252748221158981,-0.12928688526153564,-0.040701430290937424
1790030683851143700,1.799143798828125,0.06464344263076782,-0.09816227108240128,-0.05506663769483566
1790030683871163400,1.819163330078125,0.05985504388809204,0.05746084079146385,0
1790030683881173000,1.829173095703125,0.026336219161748886,0.14365209639072418,0.040701430290937424
1790030683891182800,1.839182861328125,-0.023942016065120697,0.26575639843940735,0.2992752194404602
1790030683901192700,1.849192626953125,-0.10534487664699554,0.12689268589019775,0.15322890877723694
1790030683911232800,1.859232666015625,-0.07900865375995636,0.009576806798577309,0.10534487664699554
1790030683921242600,1.86924267578125,-0.07900865375995636,-0.17477671802043915,0.009576806798577309
1790030683961281800,1.90928173828125,0.181959331035614,-0.09576806426048279,0.0454898327589035
1790030683971352600,1.9193525390625,0.2753331959247589,0,0.11013327538967133
1790030683981362200,1.929362060546875,0.19153612852096558,-0.2059013396501541,-0.07661445438861847
1790030683991402500,1.939402587890625,0.13168109953403473,-0.004788403399288654,-0.05746084079146385
1790030684011391500,1.9593916015625,-0.06464344263076782,-0.11013327538967133,-0.1173158809542656
1790030684021431800,1.969431884765625,0.047884032130241394,-0.014365210197865963,-0.29209262132644653
1790030684031441700,1.979441650390625,0.009576806798577309,0.05027823522686958,-0.16998831927776337
1790030684051461000,1.999461181640625,-0.023942016065120697,-0.021547814831137657,-0.0694318488240242
1790030684061501400,2.00950146484375,-0.07182604819536209,0.040701430290937424,-0.1364694982767105
1790030684071541800,2.019541748046875,-0.031124621629714966,-0.19632454216480255,-0.21308395266532898
1790030684081551400,2.02955126953125,-0.10773907601833344,-0.002394201699644327,0.06224924325942993
1790030684091530800,2.03953076171875,-0.10295066982507706,-0.002394201699644327,-0.090979665517807
1790030684101540600,2.04954052734375,0.07661445438861847,0.05985504388809204,-0.07422025501728058
1790030684111580700,2.05958056640625,0.021547814831137657,0.10534487664699554,0.1173158809542656
1790030684121590500,2.069590576171875,0.1364694982767105,0.043095629662275314,-0.12449848651885986
1790030684131630800,2.079630859375,0,0.031124621629714966,0.0071826050989329815
1790030684151650300,2.099650390625,0.0454898327589035,0.08619125932455063,0.05985504388809204
1790030684161660200,2.10966015625,-0.026336219161748886,-0.07900865375995636,-0.12449848651885986
1790030684171669800,2.119669677734375,-0.07661445438861847,0.035913024097681046,-0.033518824726343155
1790030684201699000,2.149698974609375,-0.08619125932455063,-0.14844051003456116,-0.08858546614646912
1790030684221688000,2.16968798828125,0.06224924325942993,-0.05985504388809204,-0.002394201699644327
1790030684251778600,2.199778564453125,0.019153613597154617,-0.1173158809542656,0.009576806798577309
1790030684261819000,2.20981884765625,0.033518824726343155,-0.1173158809542656,-0.047884032130241394
1790030684271828500,2.219828369140625,0,-0.17717093229293823,-0.08858546614646912
1790030684281838300,2.22983837890625,0.10773907601833344,-0.05746084079146385,-0.06464344263076782
1790030684291878700,2.239878662109375,0.026336219161748886,-0.014365210197865963,-0.028730420395731926
1790030684301857800,2.24985791015625,0.08619125932455063,-0.0071826050989329815,-0.023942016065120697
1790030684311898000,2.259898193359375,-0.0071826050989329815,-0.12928688526153564,0.026336219161748886
1790030684321938400,2.2699384765625,-0.047884032130241394,-0.004788403399288654,0
1790030684341958000,2.2899580078125,0.047884032130241394,-0.13407529890537262,-0.1149216815829277
1790030684352028700,2.300028564453125,-0.040701430290937424,-0.038307227194309235,0.05267243832349777
1790030684362038500,2.31003857421875,-0.009576806798577309,-0.07900865375995636,-0.08379705995321274
1790030684372078800,2.320078857421875,0.002394201699644327,0.028730420395731926,-0.043095629662275314
1790030684382088700,2.330088623046875,-0.009576806798577309,-0.05985504388809204,0.14365209639072418
1790030684392098300,2.340098388671875,0.05746084079146385,0.090979665517807,0.0933738648891449
1790030684402077700,2.35007763671875,0.06464344263076782,-0.009576806798577309,0.05027823522686958
1790030684412117800,2.36011767578125,0.0454898327589035,-0.090979665517807,0.009576806798577309
1790030684422127600,2.370127685546875,0.09576806426048279,-0.0694318488240242,0.014365210197865963
1790030684432168000,2.38016796875,0.031124621629714966,-0.10534487664699554,-0.05746084079146385
1790030684452217900,2.4002177734375,0.08140286058187485,-0.1843535304069519,-0.0694318488240242
1790030684472237600,2.420237548828125,0.15801730751991272,-0.07422025501728058,-0.1364694982767105
1790030684482308400,2.430308349609375,0.090979665517807,-0.090979665517807,-0.014365210197865963
1790030684522378000,2.4703779296875,0.10534487664699554,-0.05027823522686958,0.004788403399288654
1790030684532387600,2.4803876953125,-0.05027823522686958,-0.06464344263076782,-0.08379705995321274
1790030684582467000,2.530467041015625,0,-0.1843535304069519,-0.004788403399288654
1790030684632576800,2.58057666015625,-0.11013327538967133,0.043095629662275314,0.014365210197865963
1790030684672707600,2.62070751953125,0.13407529890537262,-0.7852981686592102,-0.8236053586006165
1790030684682686700,2.630686767578125,-0.004788403399288654,-0.6392518281936646,-0.6751648783683777
1790030684692727000,2.64072705078125,-0.002394201699644327,-0.849941611289978,-0.6488286852836609
1790030684702737000,2.65073681640625,-0.10773907601833344,-1.1516109704971313,-1.0630255937576294
1790030684732796700,2.680796630859375,-0.19632454216480255,-2.4229321479797363,-2.8850131034851074
1790030684762826000,2.710825927734375,-0.5770025849342346,-1.656787633895874,-2.2170307636260986
1790030684792916200,2.740916259765625,-0.49320554733276367,-1.6543933153152466,-2.557007312774658
1790030684802987000,2.750987060546875,-0.2968810200691223,-1.6615760326385498,-2.410961151123047
1790030684863106600,2.8111064453125,-0.181959331035614,-0.7038952708244324,-1.403002142906189
1790030684883126300,2.831126220703125,-1.0606313943862915,-1.6065093278884888,-2.164358377456665
1790030684893136000,2.841135986328125,-0.8259995579719543,-1.1300631761550903,-1.7621324062347412
1790030684903176200,2.85117626953125,-0.8978256583213806,-0.4644751250743866,0.05985504388809204
1790030684913186000,2.86118603515625,-1.987187385559082,-1.235408067703247,-1.0893617868423462
1790030684923226400,2.871226318359375,-1.8579005002975464,-0.9648633003234863,-2.252943754196167
1790030684933236000,2.881236083984375,-1.314416766166687,-0.3519476354122162,-0.8547300100326538
1790030684943245800,2.891245849609375,-1.0031704902648926,-0.7948749661445618,-0.9840168952941895
1790030684953255700,2.901255615234375,-0.9241618514060974,-0.3256114423274994,-0.5530605912208557
1790030684973305600,2.9213056640625,-1.05105459690094,-0.9026140570640564,-1.1851298809051514
1790030684993325000,2.941324951171875,-0.6153098344802856,-0.30885201692581177,-0.828393816947937
1790030685003335000,2.9513349609375,-0.7972691655158997,0.38067805767059326,0.871489405632019
1790030685013344800,2.9613447265625,-0.9361328482627869,-0.23702596127986908,-0.5434837937355042
1790030685023354400,2.971354248046875,-1.3048399686813354,0.42856210470199585,-0.26096799969673157
1790030685033394700,2.981394775390625,-0.5386953949928284,-0.6967126727104187,-0.35913026332855225
1790030685043404500,2.991404541015625,-0.45010992884635925,0.047884032130241394,0.10773907601833344
1790030685053414100,3.0014140625,-0.6655880808830261,0.28730419278144836,0.3902548849582672
1790030685073464300,3.02146435546875,-0.9624691009521484,-0.5961562395095825,-0.12689268589019775
1790030685083474200,3.03147412109375,-1.158793568611145,0.3758896589279175,0.6248866319656372
1790030685093453300,3.041453369140625,-0.7637503147125244,0.13168109953403473,-0.3208230137825012
1790030685103524000,3.051524169921875,-0.7326257228851318,0.8259995579719543,0.42616790533065796
1790030685133553400,3.081553466796875,-1.2761094570159912,0.9696516990661621,1.2737152576446533
1790030685143563300,3.091563232421875,-1.3072341680526733,0.5386953949928284,0.1412578970193863
1790030685163643600,3.1116435546875,-1.436521053314209,-0.4429273009300232,-0.26575639843940735
1790030685243752400,3.19175244140625,-1.764526605606079,0.7613561153411865,0.9217676520347595
1790030685253762000,3.201761962890625,-0.8355764150619507,0.06464344263076782,-0.2825157940387726
1790030685263772000,3.21177197265625,-0.6368576288223267,-0.37828385829925537,-1.1971008777618408
1790030685273781800,3.22178173828125,-1.3287819623947144,0.8810662031173706,0.8667010068893433
1790030685283791400,3.231791259765625,-1.2976573705673218,0.6584054827690125,1.4844050407409668
1790030685293801200,3.24180126953125,-1.7166426181793213,0.569819986820221,1.7286136150360107
1790030685313851400,3.261851318359375,-0.3064578175544739,0.05267243832349777,-1.6065093278884888
1790030685323830500,3.27183056640625,0.42856210470199585,-0.05985504388809204,-0.2849099934101105
1790030685333840400,3.28184033203125,0.15322890877723694,0.5195417404174805,0.8355764150619507
1790030685353890300,3.301890380859375,-0.06224924325942993,1.2713210582733154,1.1300631761550903
1790030685383950000,3.3319501953125,-0.768538773059845,1.3479355573654175,1.8291701078414917
1790030685393960000,3.3419599609375,-0.6009446382522583,1.460463047027588,1.5729905366897583
1790030685474129700,3.422129638671875,-1.6950948238372803,3.2130186557769775,2.473210334777832
1790030685484139300,3.43213916015625,-1.9967641830444336,1.6831238269805908,2.7317841053009033
1790030685494149000,3.442149169921875,-1.6089035272598267,1.2330138683319092,2.126051187515259
1790030685504189400,3.452189453125,-1.5442601442337036,1.6927006244659424,2.918531894683838
1790030685524209000,3.472208984375,-1.742978811264038,2.123656988143921,2.4803929328918457
1790030685534249200,3.482249267578125,-1.7693150043487549,1.37906014919281,2.542642116546631
1790030685544289500,3.49228955078125,-1.601720929145813,1.2186486721038818,2.140416383743286
1790030685554360300,3.5023603515625,-1.764526605606079,1.3287819623947144,1.0558429956436157
1790030685564370200,3.5123701171875,-1.4460978507995605,0.646434485912323,-0.08140286058187485
1790030685574349300,3.522349365234375,-1.1420341730117798,0.6607996821403503,0.24420857429504395
1790030685584389600,3.5323896484375,-0.8188169598579407,0.9600749015808105,0.7422025203704834
1790030685594430000,3.542429931640625,-0.4213795065879822,1.5873557329177856,1.625662922859192
1790030685604439600,3.552439453125,-0.13168109953403473,1.1635819673538208,2.456450939178467
1790030685614419000,3.5624189453125,0.15801730751991272,0.14365209639072418,2.0159177780151367
1790030685674569000,3.62256884765625,-0.1843535304069519,0.6105214357376099,1.3024457693099976
1790030685724709400,3.67270947265625,-1.3311761617660522,1.8602946996688843,0.05027823522686958
1790030685784798500,3.732798583984375,-1.534683346748352,-0.4165911078453064,-0.35673606395721436
1790030685794777900,3.74277783203125,-1.0534487962722778,0.2777273952960968,0.6847416758537292
1790030685804818200,3.752818115234375,-0.8954314589500427,1.6927006244659424,1.137245774269104
1790030685814797300,3.76279736328125,-0.9624691009521484,1.2521674633026123,0.7996633648872375
1790030685824837600,3.772837646484375,-0.21547815203666687,-0.05267243832349777,-0.2106897532939911
1790030685834847500,3.782847412109375,-0.43335050344467163,-2.10210919380188,-0.5961562395095825
1790030685844826600,3.79282666015625,-1.6041151285171509,-1.2090718746185303,-0.3663128614425659
1790030685854867000,3.802866943359375,-2.631227731704712,-0.09816227108240128,0.22026655077934265
1790030685904946200,3.8529462890625,-0.5171475410461426,-0.6991068720817566,-0.7469909191131592
1790030685914956000,3.8629560546875,-1.192312479019165,-1.0127472877502441,0.5578489899635315
1790030685924966000,3.8729658203125,-1.9393033981323242,-1.173158884048462,0.2082955539226532
1790030685934975500,3.8829755859375,-2.056619167327881,-0.6344634294509888,-0.9696516990661621
1790030685944985300,3.8929853515625,-0.6200982332229614,-2.849100112915039,-2.0877439975738525
1790030685955025700,3.903025634765625,-0.395043283700943,-0.2537853717803955,-1.7932571172714233
1790030685975045000,3.923045166015625,-0.3064578175544739,0.8427590131759644,1.8483237028121948
1790030685985055000,3.933054931640625,-0.7254431247711182,1.7094600200653076,2.4636335372924805
1790030685995064600,3.943064697265625,-0.6991068720817566,-0.17238251864910126,0.8667010068893433
1790030686005044000,3.9530439453125,-0.49559974670410156,-0.4908113479614258,-1.137245774269104
1790030686015084300,3.963084228515625,0.0933738648891449,-0.9648633003234863,-1.9800047874450684
1790030686025094000,3.973093994140625,-0.36152446269989014,-0.5602431893348694,-0.9002198576927185
1790030686075173400,4.02317333984375,-0.6344634294509888,-0.33758243918418884,-0.608127236366272
1790030686115242800,4.06324267578125,0.3711012601852417,-0.9193734526634216,-0.2753331959247589
1790030686125252600,4.073252685546875,0.09576806426048279,-1.158793568611145,-1.1755530834197998
1790030686135262500,4.083262451171875,0.1173158809542656,-0.42616790533065796,-1.577778935432434
1790030686145272000,4.09327197265625,-0.1604115068912506,0.6177040338516235,-0.20111294090747833
1790030686155282000,4.103281982421875,-0.5363011956214905,0.9074024558067322,0.4357447028160095
1790030686165291800,4.113291748046875,-0.6320692300796509,-0.1388636976480484,0.20111294090747833
1790030686205330700,4.15333056640625,-0.35913026332855225,-0.09816227108240128,-0.8020575642585754
1790030686215371000,4.16337109375,-0.7493851184844971,0.5722141861915588,0.023942016065120697
1790030686225411300,4.173411376953125,-0.9433154463768005,1.3862427473068237,0.9983820915222168
1790030686235421200,4.183421142578125,-1.3455413579940796,1.5873557329177856,1.9249382019042969
1790030686245430800,4.1934306640625,-1.5490485429763794,0.004788403399288654,0.9433154463768005
1790030686255471000,4.20347119140625,-1.6711528301239014,-1.1013327836990356,-1.3263877630233765
1790030686265481000,4.21348095703125,-1.3623007535934448,-1.8986018896102905,-1.6615760326385498
1790030686275521300,4.223521240234375,-0.6512228846549988,-1.3958195447921753,-0.05027823522686958
1790030686285500400,4.23350048828125,-0.31842881441116333,-0.090979665517807,0.6991068720817566
1790030686295510300,4.24351025390625,-0.31603461503982544,0.27054479718208313,0.35434186458587646
1790030686355599400,4.303599365234375,-0.5578489899635315,-1.1420341730117798,-1.4867992401123047
1790030686365639700,4.3136396484375,-0.5913678407669067,-0.9648633003234863,-1.5825673341751099
1790030686385689600,4.333689697265625,0.14365209639072418,-0.35673606395721436,-0.6009446382522583
1790030686425789700,4.373789794921875,0.9313444495201111,-0.28969839215278625,-0.5770025849342346
1790030686475930000,4.42393017578125,-1.53707754611969,-1.5753847360610962,-1.534683346748352
1790030686485970400,4.433970458984375,-1.0295066833496094,-1.2449848651885986,-1.194706678390503
1790030686495949600,4.443949462890625,-0.35434186458587646,-0.7493851184844971,-0.5195417404174805
1790030686505990000,4.453989990234375,0.15083470940589905,0.021547814831137657,-0.11971008777618408
1790030686515999700,4.463999755859375,0.2106897532939911,0.5889736413955688,0.3256114423274994
1790030686526009600,4.474009521484375,0.12449848651885986,1.381454348564148,1.2018892765045166
1790030686536019200,4.484019287109375,-0.1364694982767105,1.3910311460494995,1.5107412338256836
1790030686586098700,4.5340986328125,-0.8403648138046265,0.42377370595932007,0.7350199222564697
1790030686596108300,4.5441083984375,-0.9816226959228516,-0.014365210197865963,0.3878606855869293
1790030686666299000,4.614298828125,-0.2537853717803955,-0.021547814831137657,-0.2801215946674347
1790030686696297500,4.64429736328125,-0.38307225704193115,-0.14604631066322327,0.3256114423274994
1790030686716347600,4.66434765625,-0.9002198576927185,-0.05506663769483566,-0.6560112833976746
1790030686726326800,4.674326904296875,-0.28730419278144836,0.1843535304069519,-0.0933738648891449
1790030686736336600,4.684336669921875,0.1364694982767105,0.08140286058187485,0.07182604819536209
1790030686746377000,4.694376953125,-0.42616790533065796,0.026336219161748886,-0.363918662071228
1790030686756417300,4.704417236328125,-0.768538773059845,-0.6943184733390808,-0.0694318488240242
1790030686766427000,4.714427001953125,-1.280897855758667,-0.2992752194404602,-0.3687070608139038
1790030686776436700,4.724436767578125,-1.173158884048462,0,0.1604115068912506
1790030686796456200,4.744456298828125,-0.44532153010368347,0.040701430290937424,0.15562310814857483
1790030686806466000,4.754466064453125,-0.33039984107017517,-0.0933738648891449,0.09576806426048279
1790030686816476000,4.764475830078125,-0.08858546614646912,0.0694318488240242,-0.43335050344467163
1790030686836525800,4.78452587890625,0.3495534360408783,0.08379705995321274,-0.17477671802043915
1790030686846535700,4.79453564453125,0.2082955539226532,-0.27054479718208313,-0.395043283700943
1790030686856545300,4.804545166015625,-0.4165911078453064,-0.608127236366272,-0.849941611289978
1790030686876565000,4.82456494140625,-0.4213795065879822,-0.24181437492370605,-0.5434837937355042
1790030686886605000,4.83460498046875,-0.3471592366695404,-1.3263877630233765,-1.4389152526855469
1790030686896645400,4.844645263671875,-0.3711012601852417,-1.7764976024627686,-2.0829553604125977
1790030686916695600,4.864695556640625,0.3471592366695404,-2.5091233253479004,-2.9520506858825684
1790030686926705200,4.874705078125,0.47165772318840027,-2.1787235736846924,-2.9712042808532715
1790030686936715000,4.884715087890625,0.7326257228851318,-2.1930887699127197,-2.875436305999756
1790030686966774800,4.91477490234375,0.2968810200691223,-2.7222073078155518,-3.270479440689087
1790030687006844400,4.954844482421875,0.10534487664699554,-1.889025092124939,-2.9017724990844727
1790030687016854300,4.964854248046875,-0.24181437492370605,-1.5107412338256836,-2.3247697353363037
1790030687026863900,4.97486376953125,-0.6775590777397156,-1.6927006244659424,-2.8131868839263916
1790030687036904200,4.984904296875,-0.8044517636299133,-2.9735984802246094,-3.488351821899414
1790030687056924000,5.004923828125,-0.7445967197418213,-1.3263877630233765,-1.1228805780410767
1790030687066933500,5.01493359375,-1.5083470344543457,-1.9752163887023926,-1.965639591217041
1790030687076943400,5.024943359375,-1.6831238269805908,-1.3718775510787964,-2.535459518432617
1790030687096962800,5.044962890625,-1.2114660739898682,-0.6320692300796509,-0.7637503147125244
1790030687117013000,5.065012939453125,-1.1683704853057861,-0.2992752194404602,-0.49559974670410156
1790030687127022600,5.075022705078125,-1.8962076902389526,-0.7829039692878723,-0.35673606395721436
1790030687137063000,5.08506298828125,-1.8339585065841675,-0.24660277366638184,-0.8451532125473022
1790030687147072800,5.09507275390625,-1.7836803197860718,-0.7182605266571045,-0.7445967197418213
1790030687157082400,5.105082275390625,-0.8164227604866028,-0.8690952062606812,0.004788403399288654
1790030687167092200,5.11509228515625,-1.3934253454208374,0.6943184733390808,0.6703764796257019
1790030687177132500,5.125132568359375,-0.8738836050033569,-1.039083480834961,-0.2753331959247589
1790030687187172900,5.1351728515625,-1.0797849893569946,-1.0319008827209473,-1.2713210582733154
1790030687197182500,5.145182373046875,-1.091755986213684,-0.689530074596405,-1.173158884048462
1790030687247262000,5.195261962890625,0.21308395266532898,-1.0295066833496094,-1.5873557329177856
1790030687257302300,5.20530224609375,0.5602431893348694,-0.4357447028160095,-1.01753568649292
1790030687277321700,5.22532177734375,0.038307227194309235,1.5610195398330688,0.6967126727104187
1790030687327462100,5.275462158203125,-3.40216064453125,-0.6177040338516235,0.06464344263076782
1790030687367501000,5.3155009765625,-2.456450939178467,-0.20350714027881622,0.9481038451194763
1790030687417580500,5.36558056640625,-3.4811692237854004,-0.545877993106842,-0.6607996821403503
1790030687457650200,5.405650146484375,0.002394201699644327,-0.10055647045373917,0.002394201699644327
1790030687467659800,5.41565966796875,-0.2944868206977844,0.14844051003456116,1.161187767982483
1790030687477669600,5.425669677734375,-0.9792284965515137,0.3423708379268646,0.40940847992897034
1790030687487710000,5.4357099609375,-0.43095630407333374,0.038307227194309235,0.17477671802043915
1790030687517800200,5.46580029296875,-0.6607996821403503,1.9967641830444336,0.9624691009521484
1790030687527810000,5.47581005859375,-1.45806884765625,1.6280571222305298,3.3423056602478027
1790030687537820000,5.48581982421875,-2.2601263523101807,2.889801502227783,3.778050184249878
1790030687547829500,5.49582958984375,-2.6599581241607666,2.9089550971984863,3.5721490383148193
1790030687577950500,5.525950439453125,-3.177105665206909,3.976768970489502,3.708618402481079
1790030687597970000,5.545969970703125,-3.9264907836914062,2.942473888397217,2.8874073028564453
1790030687607979800,5.555979736328125,-3.734954595565796,2.3535003662109375,3.114856481552124
1790030687618020000,5.56602001953125,-3.818751811981201,1.460463047027588,3.598485231399536
1790030687658089500,5.60608935546875,-2.4851813316345215,1.3024457693099976,1.9800047874450684
1790030687688149200,5.636149169921875,-0.9576807022094727,0.40701428055763245,1.8579005002975464
1790030687698189600,5.646189453125,-0.7948749661445618,0.272938996553421,1.5322890281677246
1790030687758309400,5.706309326171875,0.35673606395721436,0.7134721279144287,0.28969839215278625
1790030687798409500,5.746409423828125,-1.036689281463623,-0.20111294090747833,-0.11013327538967133
1790030687808419000,5.756419189453125,-1.5705963373184204,-0.1867477297782898,0.19871874153614044
1790030687818429000,5.766428955078125,-1.460463047027588,-0.38067805767059326,-0.304063618183136
1790030687828438800,5.776438720703125,-0.950498104095459,1.1899182796478271,-0.19632454216480255
1790030687878579000,5.826578857421875,-3.2800562381744385,-2.4803929328918457,-2.959233283996582
1790030687948678000,5.896677978515625,-1.3215993642807007,-1.0271124839782715,0.1843535304069519
1790030687968728000,5.91672802734375,-2.4875755310058594,-0.026336219161748886,-0.586579442024231
1790030687978737700,5.926737548828125,-1.5538369417190552,0.8236053586006165,-0.1149216815829277
1790030687998757400,5.94675732421875,-0.7350199222564697,2.497152328491211,0.7876923680305481
1790030688008767000,5.95676708984375,-0.9911994934082031,0.9313444495201111,0.5099649429321289
1790030688018776800,5.96677685546875,-2.1739351749420166,0.9911994934082031,0.5051765441894531
1790030688028786700,5.97678662109375,-2.7437551021575928,-0.31124621629714966,-0.5578489899635315
1790030688058877000,6.006876953125,-0.9457096457481384,-3.205836057662964,-2.674323320388794
1790030688068886800,6.01688671875,-1.6950948238372803,-0.933738648891449,-1.6041151285171509
1790030688078896400,6.026896484375,-2.9520506858825684,1.8507179021835327,0.09816227108240128
1790030688088906200,6.03690625,-2.049436569213867,1.5897499322891235,-0.5363011956214905
1790030688098977000,6.04697705078125,-0.7086837291717529,0.9385270476341248,0.06464344263076782
1790030688108987000,6.05698681640625,-0.06464344263076782,-0.8858546018600464,-0.10773907601833344
1790030688118966000,6.066966064453125,-0.5674257874488831,-1.2880805730819702,-1.235408067703247
1790030688128976000,6.076975830078125,-1.403002142906189,-2.126051187515259,-1.9584569931030273
1790030688169076000,6.117075927734375,-1.0079588890075684,0.8307880163192749,1.6041151285171509
1790030688179116300,6.1271162109375,-0.7254431247711182,0.727837324142456,1.2186486721038818
1790030688189156400,6.13715625,0.08858546614646912,-1.2066776752471924,-0.8044517636299133
1790030688199166200,6.147166259765625,0.17956513166427612,-1.3982137441635132,-0.9983820915222168
1790030688209176000,6.157176025390625,-0.304063618183136,-2.6575639247894287,-1.0342950820922852
1790030688219216400,6.16721630859375,-1.316810965538025,-0.9600749015808105,-1.0654197931289673
1790030688229226000,6.17722607421875,-1.4077905416488647,-0.4118026793003082,-0.3471592366695404
1790030688279336000,6.2273359375,-0.040701430290937424,-0.4165911078453064,-0.38307225704193115
1790030688289345500,6.237345458984375,-0.17956513166427612,-1.2856862545013428,-1.3215993642807007
1790030688299355400,6.24735546875,-0.6775590777397156,-1.9728221893310547,-1.8722656965255737
1790030688309365200,6.257365234375,-1.235408067703247,-1.4532804489135742,-0.9217676520347595
1790030688319405600,6.267405517578125,-1.6950948238372803,0.9672574996948242,0.569819986820221
1790030688329415200,6.277415283203125,-1.2689268589019775,1.3886369466781616,0.6655880808830261
1790030688339425000,6.287425048828125,-1.0295066833496094,1.721431016921997,0.7733271718025208
1790030688349435000,6.297434814453125,-0.8044517636299133,1.7286136150360107,0.33758243918418884
1790030688389535000,6.337534912109375,-1.5753847360610962,-1.3910311460494995,-1.644816517829895
1790030688399544600,6.347544677734375,-1.1516109704971313,-0.33758243918418884,-0.689530074596405
1790030688429604400,6.377604248046875,-0.181959331035614,-0.9840168952941895,-0.15801730751991272
1790030688439644700,6.387644775390625,-0.19393034279346466,-1.3072341680526733,-0.3687070608139038
1790030688449654500,6.397654541015625,-0.42377370595932007,-0.2082955539226532,-0.1604115068912506
1790030688459694800,6.40769482421875,-0.9050082564353943,0.6512228846549988,0.5195417404174805
1790030688509835300,6.457835205078125,-0.6655880808830261,-1.7142484188079834,-1.3934253454208374
1790030688519814400,6.467814453125,-0.7781155705451965,-0.7876923680305481,-0.8020575642585754
1790030688569893600,6.5178935546875,0.37828385829925537,-0.3711012601852417,-0.0933738648891449
1790030688650002400,6.59800244140625,-0.7733271718025208,-0.22026655077934265,0.35673606395721436
1790030688660073200,6.6080732421875,-1.1683704853057861,-0.7326257228851318,0.2298433631658554
1790030688680092700,6.6280927734375,-1.5203180313110352,0.43095630407333374,0.363918662071228
1790030688690072000,6.638072021484375,-1.237802267074585,1.2737152576446533,1.2018892765045166
1790030688710122000,6.6581220703125,-0.4165911078453064,1.292868971824646,1.6089035272598267
1790030688720131800,6.6681318359375,-0.6129156351089478,1.5753847360610962,1.8387469053268433
1790030688730141400,6.678141357421875,-0.9361328482627869,1.0103530883789062,1.4628572463989258
1790030688740181800,6.688181640625,-1.3431471586227417,0.24899697303771973,0.5817909836769104
1790030688750161200,6.6981611328125,-1.6950948238372803,0.2944868206977844,0.37828385829925537
1790030688760201500,6.708201416015625,-1.4173674583435059,0.05506663769483566,-0.6344634294509888
1790030688770180600,6.7181806640625,-1.0007762908935547,-0.21547815203666687,-1.3024457693099976
1790030688780221000,6.728220947265625,-0.5889736413955688,0.17238251864910126,-1.0606313943862915
1790030688790230800,6.738230712890625,-0.4213795065879822,-0.10295066982507706,-1.290474772453308
1790030688800240400,6.748240478515625,-0.2825157940387726,-0.37828385829925537,-1.3335703611373901
1790030688810219800,6.7582197265625,-0.395043283700943,-0.5961562395095825,-1.2497732639312744
1790030688830269700,6.778269775390625,-0.028730420395731926,-2.2601263523101807,-2.9759926795959473
1790030688840279600,6.788279541015625,0.011971008032560349,-3.1435868740081787,-3.8810009956359863
1790030688850289200,6.7982890625,-0.12449848651885986,-4.01268196105957,-4.2975921630859375
1790030688860329500,6.80832958984375,0.2992752194404602,-4.955997467041016,-4.738125324249268
1790030688870339300,6.81833935546875,0.6224924325942993,-4.876988887786865,-4.599261283874512
1790030688880379600,6.828379638671875,0.3471592366695404,-3.7445313930511475,-5.2696380615234375
1790030688890389200,6.83838916015625,0.43335050344467163,-3.6990416049957275,-5.214571475982666
1790030688900429600,6.8484296875,0.6991068720817566,-4.242525577545166,-5.456385612487793
1790030688980507600,6.928507568359375,-0.19153612852096558,-0.8475474119186401,-1.2234370708465576
1790030689050667800,6.998667724609375,-2.559401512145996,-1.2018892765045166,-0.5650315880775452
1790030689060677400,7.008677490234375,-2.738966703414917,-0.11971008777618408,-0.14365209639072418
1790030689070687200,7.018687255859375,-2.2433669567108154,0.37828385829925537,0.4405331015586853
1790030689080697000,7.028697021484375,-1.8100165128707886,0.09576806426048279,0.33039984107017517
1790030689090737200,7.038737060546875,-1.5203180313110352,-0.4118026793003082,-0.13407529890537262
1790030689100747000,7.0487470703125,-1.3886369466781616,-0.9696516990661621,-1.0582371950149536
1790030689110756900,7.0587568359375,-1.137245774269104,0.5051765441894531,-0.3926490843296051
1790030689120766500,7.068766357421875,-0.7924807667732239,-0.181959331035614,-0.49799394607543945
1790030689140816600,7.088816650390625,-0.811634361743927,-1.4867992401123047,-0.05506663769483566
1790030689150826500,7.098826416015625,-1.2761094570159912,-0.7972691655158997,0.45250412821769714
1790030689160866600,7.108866455078125,-1.644816517829895,1.7597382068634033,0.6871358752250671
1790030689211007000,7.159007080078125,-0.12928688526153564,-0.1843535304069519,-1.601720929145813
1790030689221047300,7.16904736328125,0.026336219161748886,-0.5099649429321289,-0.13168109953403473
1790030689271157200,7.2191572265625,-0.9241618514060974,-0.6272808313369751,-0.6655880808830261
1790030689281228000,7.22922802734375,-0.993593692779541,1.0558429956436157,0.569819986820221
1790030689311257300,7.25925732421875,-1.6424223184585571,0.05027823522686958,-1.0414776802062988
1790030689321267000,7.269266845703125,-0.6823474764823914,-0.646434485912323,-1.0462661981582642
1790030689331276800,7.27927685546875,-1.1755530834197998,0.9720458984375,0.9888052940368652
1790030689351327000,7.299326904296875,-1.577778935432434,1.213860273361206,0.9816226959228516
1790030689361336600,7.309336669921875,-1.0223240852355957,0.7422025203704834,0.8020575642585754
1790030689371316000,7.31931591796875,-0.395043283700943,-0.07661445438861847,-0.5315127968788147
1790030689381325600,7.32932568359375,-0.5961562395095825,0.6919242739677429,0.19871874153614044
1790030689391366000,7.339365966796875,-1.534683346748352,0.47405192255973816,1.558625340461731
1790030689401375700,7.349375732421875,-1.5298948287963867,1.5634137392044067,0.8164227604866028
1790030689411416000,7.359416015625,-1.2425906658172607,1.9608511924743652,1.436521053314209
1790030689421456100,7.3694560546875,-1.3862427473068237,1.1540051698684692,1.479616641998291
1790030689451485400,7.3994853515625,-2.322375535964966,-0.7469909191131592,-0.6655880808830261
1790030689471505200,7.419505126953125,-2.4827871322631836,1.5705963373184204,-0.395043283700943
1790030689481545500,7.42954541015625,-1.5538369417190552,1.656787633895874,0.6224924325942993
1790030689491585500,7.43958544921875,-0.629675030708313,1.6400281190872192,1.0773907899856567
1790030689501565000,7.44956494140625,0.11971008777618408,0.5554547905921936,0.6823474764823914
1790030689511605200,7.459605224609375,0.15083470940589905,-0.4213795065879822,0.3256114423274994
1790030689521614800,7.46961474609375,-0.4381389021873474,1.8986018896102905,1.41257905960083
1790030689591713800,7.5397138671875,-1.400607943534851,3.251325845718384,3.1244332790374756
1790030689601723600,7.5497236328125,-1.644816517829895,3.205836057662964,3.354276657104492
1790030689611733200,7.559733154296875,-1.4748282432556152,3.60566782951355,3.711012601852417
1790030689631753000,7.5797529296875,-1.6065093278884888,2.1332337856292725,3.9217023849487305
1790030689641762600,7.589762451171875,-1.8914192914962769,2.123656988143921,3.5458126068115234
1790030689661812700,7.609812744140625,-2.5665841102600098,2.676717519760132,3.627215623855591
1790030689691842000,7.639842041015625,-1.680729627609253,1.941697597503662,2.7485435009002686
1790030689711861500,7.659861572265625,-1.3886369466781616,1.53707754611969,2.188300371170044
1790030689721871400,7.669871337890625,-1.314416766166687,1.5394717454910278,2.188300371170044
1790030689731942100,7.679942138671875,-1.6687586307525635,1.9560627937316895,1.3527239561080933
1790030689741951700,7.68995166015625,-1.599326729774475,1.7405846118927002,0.4620809257030487
1790030689762002000,7.710001953125,-1.173158884048462,-0.2585737705230713,0.5602431893348694
1790030689771981000,7.71998095703125,-1.113303780555725,0.07422025501728058,0.5003881454467773
1790030689782021400,7.730021484375,-0.9600749015808105,-0.43095630407333374,0.12449848651885986
1790030689792031200,7.74003125,-0.14365209639072418,-0.8092401623725891,0.023942016065120697
1790030689802041000,7.750041015625,-0.06224924325942993,1.259350061416626,0.6919242739677429
1790030689812050700,7.76005078125,-0.27054479718208313,1.7932571172714233,1.4724340438842773
1790030689822030000,7.770030029296875,-0.48602294921875,1.3192051649093628,1.2114660739898682
1790030689832070100,7.780070068359375,-0.8762778043746948,0.15801730751991272,-0.31842881441116333
1790030689842080000,7.790080078125,-0.933738648891449,-0.828393816947937,-2.0159177780151367
1790030689852089900,7.80008984375,-0.9864110946655273,-1.5131354331970215,-1.9823989868164062
1790030689862130200,7.810130126953125,-1.2210428714752197,-1.7190368175506592,-0.8068459630012512
1790030689872201000,7.820200927734375,-1.7190368175506592,-0.7757213711738586,-0.16519992053508759
1790030689882210600,7.83021044921875,-1.4413094520568848,-1.1779472827911377,-0.48602294921875
1790030689892251000,7.8402509765625,-0.9959878921508789,0.5937620401382446,-0.871489405632019
1790030689902291200,7.850291259765625,-1.0534487962722778,1.5825673341751099,-0.016759412363171577
1790030689912301000,7.860301025390625,-0.8762778043746948,0.42377370595932007,-0.44532153010368347
1790030689922310700,7.870310546875,-0.8164227604866028,-1.2066776752471924,-1.3192051649093628
1790030689932320500,7.880320556640625,-0.9050082564353943,-0.8092401623725891,-0.9050082564353943
1790030689942330400,7.890330322265625,-1.4317326545715332,-0.304063618183136,0.6009446382522583
1790030689952370400,7.900370361328125,-1.9608511924743652,0.7876923680305481,0.9169792532920837
1790030689992470800,7.940470703125,-0.4596867263317108,-0.43335050344467163,0.8140285611152649
1790030690022561000,7.97056103515625,-1.4389152526855469,-1.3455413579940796,-0.019153613597154617
1790030690042580500,7.99058056640625,0.7805097699165344,-2.190694570541382,-3.0837318897247314
1790030690092721000,8.040720947265624,-3.8786067962646484,0.9528923034667969,-0.40462008118629456
1790030690102730800,8.050730712890624,-4.1611223220825195,-0.2825157940387726,-0.14844051003456116
1790030690152932000,8.10093212890625,-0.4572925269603729,-0.47884035110473633,-0.9840168952941895
1790030690162942000,8.11094189453125,-1.1540051698684692,0.6727706789970398,0.33279404044151306
1790030690172951600,8.12095166015625,-0.9696516990661621,0.5985504388809204,1.0869675874710083
1790030690203011300,8.15101123046875,-0.7972691655158997,-0.15083470940589905,-0.9600749015808105
1790030690213051600,8.1610517578125,-0.5530605912208557,-1.6735470294952393,-1.0031704902648926
1790030690223061500,8.1710615234375,-0.6033388376235962,-2.4133553504943848,-0.8092401623725891
1790030690233132300,8.18113232421875,-0.9648633003234863,-1.048660397529602,-0.8307880163192749
1790030690243172600,8.191172607421874,-0.6799532771110535,-0.44771572947502136,-1.0965443849563599
1790030690253182200,8.20118212890625,-0.009576806798577309,0.8906430602073669,0.21308395266532898
1790030690263222500,8.211222412109375,-0.004788403399288654,1.7501614093780518,1.139639973640442
1790030690273232400,8.221232421875,0.17717093229293823,0.3902548849582672,-0.09576806426048279
1790030690283242200,8.2312421875,0.11252748221158981,0.4884171485900879,0.05506663769483566
1790030690303261700,8.25126171875,-0.8882488012313843,-1.3766659498214722,-1.192312479019165
1790030690313271600,8.261271484375,-0.8379706144332886,-1.7884687185287476,-1.5155296325683594
1790030690323311600,8.2713115234375,-0.6153098344802856,-1.5203180313110352,-1.3934253454208374
1790030690333291000,8.281291015625,-0.35673606395721436,-1.5945383310317993,-2.2840683460235596
1790030690343331300,8.291331298828124,0.4644751250743866,-0.7829039692878723,-2.255337953567505
1790030690353310500,8.301310546875,0.8475474119186401,1.4245500564575195,1.0103530883789062
1790030690363381200,8.31138134765625,0.7469909191131592,1.8626888990402222,2.4803929328918457
1790030690393441000,8.34144091796875,-0.8762778043746948,-1.479616641998291,-1.7980455160140991
1790030690443551000,8.391551025390624,-0.3902548849582672,0.2801215946674347,0.1867477297782898
1790030690503701200,8.451701171875,-0.019153613597154617,-0.6248866319656372,-0.45250412821769714
1790030690513710800,8.4617109375,-0.0071826050989329815,-0.3232172429561615,-0.5171475410461426
1790030690523690200,8.471690185546874,0.23942017555236816,-0.933738648891449,-0.13168109953403473
1790030690533730300,8.481730224609375,0.31124621629714966,-0.4165911078453064,-0.35434186458587646
1790030690543740200,8.491740234375,0.5482721924781799,-0.011971008032560349,-0.6440402865409851
1790030690553750000,8.50175,0.49320554733276367,-0.5482721924781799,-1.237802267074585
1790030690563759600,8.511759521484375,-0.090979665517807,-0.2561795711517334,-1.0127472877502441
1790030690573769500,8.52176953125,-0.304063618183136,0.11252748221158981,-0.8044517636299133
1790030690593789000,8.541788818359375,0.09816227108240128,-0.7829039692878723,-0.7493851184844971
1790030690603798800,8.551798828125,0.16519992053508759,-0.6919242739677429,-0.40222588181495667
1790030690613808600,8.56180859375,0.24420857429504395,-0.3902548849582672,-0.31603461503982544
1790030690623818200,8.571818359375,0.1173158809542656,0.19871874153614044,-0.3471592366695404
1790030690643868400,8.591868408203124,-0.768538773059845,0.016759412363171577,-0.6751648783683777
1790030690663948800,8.61194873046875,0.07900865375995636,-0.47884035110473633,-0.5386953949928284
1790030690734078200,8.682078125,-0.4381389021873474,-0.15083470940589905,0.42856210470199585
1790030690774147800,8.72214794921875,-0.004788403399288654,0.3878606855869293,0.3734954595565796
1790030690784157700,8.73215771484375,0.040701430290937424,0.035913024097681046,0.2322375625371933
1790030690794198000,8.742197998046874,-0.031124621629714966,-0.10295066982507706,0.0694318488240242
1790030690804177200,8.75217724609375,-0.4692635238170624,0.31124621629714966,-0.11971008777618408
1790030690814248000,8.762248046875,-0.5267243981361389,0.07900865375995636,0.002394201699644327
1790030690824257800,8.7722578125,-0.5291185975074768,0.06224924325942993,0.06464344263076782
1790030690834267600,8.782267578125,-0.47165772318840027,0.3687070608139038,0.26096799969673157
1790030690854317600,8.802317626953124,-0.17956513166427612,-0.3878606855869293,-0.2106897532939911
1790030690864358000,8.81235791015625,-0.5841852426528931,-0.16519992053508759,-0.08379705995321274
1790030690894387200,8.84238720703125,-0.6153098344802856,-0.05027823522686958,-0.9959878921508789
1790030690934456800,8.882456787109374,-0.4836287498474121,-1.5298948287963867,-1.8076223134994507
1790030690944466400,8.892466552734374,-0.12449848651885986,-2.1571757793426514,-2.717418909072876
1790030690954445800,8.90244580078125,0.05985504388809204,-2.2888567447662354,-2.7222073078155518
1790030691034676500,8.982676513671874,-0.30885201692581177,-2.0207061767578125,-2.3367409706115723
1790030691054696000,9.002696044921874,-0.7445967197418213,-1.9536685943603516,-2.652775526046753
1790030691064705800,9.012705810546874,-0.5123591423034668,-1.45806884765625,-1.8914192914962769
1790030691074715600,9.022715576171874,-0.42856210470199585,-1.455674648284912,-1.7166426181793213
1790030691084725200,9.032725341796874,-0.5793967843055725,-1.314416766166687,-1.8579005002975464
1790030691094735000,9.042735107421874,-0.9528923034667969,-1.8602946996688843,-1.5610195398330688
1790030691104744700,9.05274462890625,-1.479616641998291,-2.676717519760132,-1.5658079385757446
1790030691114754600,9.062754638671874,-1.9608511924743652,-3.184288263320923,-1.213860273361206
1790030691164834000,9.112833984375,-0.9840168952941895,0.2992752194404602,-2.0422539710998535
1790030691184884000,9.132884033203124,-0.33997663855552673,0.10534487664699554,-1.7142484188079834
1790030691194893800,9.142893798828124,0.10773907601833344,-0.42856210470199585,-0.9409212470054626
1790030691204934100,9.15293408203125,0.1412578970193863,-0.08140286058187485,-0.9696516990661621
1790030691214974200,9.16297412109375,-0.17477671802043915,-0.8930372595787048,-1.1420341730117798
1790030691224984000,9.172984130859374,-0.07900865375995636,-1.0007762908935547,-1.7142484188079834
1790030691234994000,9.182993896484374,0.4836287498474121,-0.5482721924781799,-1.0821791887283325
1790030691245003500,9.19300341796875,0.8667010068893433,-0.2801215946674347,-0.07182604819536209
1790030691275063600,9.2230634765625,-1.525106430053711,-1.7070658206939697,-2.145204782485962
1790030691345192700,9.293192626953125,-0.21308395266532898,0.1388636976480484,0.8643068075180054
1790030691425362400,9.373362548828124,-1.3431471586227417,-0.11971008777618408,-0.3711012601852417
1790030691435372300,9.383372314453124,-1.2330138683319092,-0.26815059781074524,-0.21547815203666687
1790030691455391700,9.403391845703124,-2.121262788772583,0.363918662071228,-0.016759412363171577
1790030691465401600,9.413401611328124,-2.142810583114624,0.10773907601833344,0.07182604819536209
1790030691475411500,9.423411376953124,-1.6089035272598267,-0.646434485912323,-1.0271124839782715
1790030691485482200,9.433482177734374,-1.9919757843017578,-1.414973258972168,-1.2449848651885986
1790030691495522300,9.443522216796875,-2.365471363067627,-0.608127236366272,-1.3934253454208374
1790030691505532200,9.4535322265625,-2.255337953567505,-1.8387469053268433,-1.8698714971542358
1790030691515603000,9.46360302734375,-2.717418909072876,-3.112462282180786,-2.8395233154296875
1790030691555764200,9.50376416015625,-2.6647465229034424,0.5147533416748047,1.0031704902648926
1790030691565773800,9.51377392578125,-1.9273324012756348,0.2585737705230713,1.1204863786697388
1790030691575783700,9.52378369140625,-1.3215993642807007,0.6560112833976746,1.778891921043396
1790030691615944700,9.56394482421875,-3.6990416049957275,6.143521785736084,4.876988887786865
1790030691676064500,9.624064453125,-2.626439332962036,2.6862943172454834,4.273650169372559
1790030691686104600,9.6341044921875,-2.9712042808532715,3.8570590019226074,4.422090530395508
1790030691696114400,9.644114501953124,-3.0526070594787598,3.0358476638793945,2.4612393379211426
1790030691706124300,9.654124267578124,-2.1739351749420166,1.721431016921997,2.1284453868865967
1790030691716195000,9.664195068359374,-1.3527239561080933,0.8307880163192749,2.652775526046753
1790030691726204700,9.67420458984375,-1.1803414821624756,0.44532153010368347,2.3774423599243164
1790030691736245000,9.684244873046875,-1.5155296325683594,0.4908113479614258,2.231395959854126
1790030691746254800,9.6942548828125,-1.721431016921997,0.6991068720817566,1.5682021379470825
1790030691766274300,9.7142744140625,-1.2737152576446533,0.7565677165985107,0.524330198764801
1790030691776284200,9.7242841796875,-0.7110779285430908,0.8259995579719543,0.2322375625371933
1790030691836373200,9.784373291015624,-0.4572925269603729,-0.023942016065120697,0.44771572947502136
1790030691866433000,9.81443310546875,-0.5099649429321289,-1.4413094520568848,-0.4596867263317108
1790030691876443000,9.82444287109375,-1.4484920501708984,0.6392518281936646,-0.08858546614646912
1790030691886452500,9.834452392578125,-2.2888567447662354,1.4915876388549805,-0.4884171485900879
1790030691946572300,9.894572265625,-1.2042834758758545,-0.24181437492370605,-0.2968810200691223
1790030691966591700,9.914591796875,0.3711012601852417,0.9672574996948242,-0.6177040338516235
1790030691976571000,9.92457080078125,0.0454898327589035,1.5825673341751099,0.8858546018600464
1790030691986580700,9.934580810546874,-1.3120225667953491,1.5442601442337036,0.5841852426528931
1790030691996590600,9.944590576171874,-2.2577321529388428,0.507570743560791,-1.113303780555725
1790030692006600200,9.95460009765625,-2.516305923461914,-0.08858546614646912,-1.5059528350830078
1790030692016610000,9.964610107421874,-1.623268723487854,-1.2473790645599365,-0.727837324142456
1790030692026620000,9.974619873046874,-0.4884171485900879,-2.8826189041137695,-0.7206547260284424
1790030692036629500,9.98462939453125,-0.40222588181495667,-2.070984363555908,-1.2521674633026123
1790030692046669800,9.994669921875,-0.4141969084739685,-0.790086567401886,-1.623268723487854
1790030692056679700,10.0046796875,-0.6823474764823914,1.137245774269104,-0.3902548849582672
1790030692086770000,10.03477001953125,-0.6607996821403503,-1.2761094570159912,0.43095630407333374
1790030692096779800,10.04477978515625,-0.7781155705451965,-1.8914192914962769,0.09576806426048279
1790030692106789400,10.054789306640625,-1.8962076902389526,-1.9584569931030273,-1.1085153818130493
1790030692116799200,10.06479931640625,-1.5610195398330688,-2.82515811920166,-2.8778305053710938
1790030692126809000,10.07480908203125,-2.1547815799713135,-0.8331822156906128,-1.778891921043396
1790030692136818700,10.084818603515625,-2.47560453414917,1.623268723487854,0.5410895943641663
1790030692146828500,10.09482861328125,-1.8602946996688843,2.070984363555908,1.3934253454208374
1790030692156838400,10.10483837890625,-0.6536170840263367,-0.6033388376235962,-0.36152446269989014
1790030692166848000,10.114847900390625,-0.2849099934101105,-2.454056739807129,-1.7477672100067139
1790030692257088500,10.205088623046874,-1.4101848602294922,-3.265691041946411,-1.192312479019165
1790030692277138700,10.225138671875,-1.6304513216018677,-2.540247917175293,-2.248155355453491
1790030692307229000,10.25522900390625,-0.05506663769483566,3.7924153804779053,2.985569477081299
1790030692317238800,10.26523876953125,0.24899697303771973,3.179499864578247,2.918531894683838
1790030692327248400,10.275248291015625,0.17717093229293823,0.3878606855869293,0.05506663769483566
1790030692337319200,10.285319091796875,-0.3926490843296051,-1.3048399686813354,-1.7142484188079834
1790030692347329000,10.2953291015625,-0.8020575642585754,-2.4444799423217773,-2.4636335372924805
1790030692357339000,10.3053388671875,-0.49799394607543945,-2.360682964324951,-2.3127987384796143
1790030692367348500,10.315348388671875,0.21787235140800476,-1.434126853942871,-1.525106430053711
1790030692377358300,10.3253583984375,0.6871358752250671,-0.3064578175544739,-0.2106897532939911
1790030692387398700,10.335398681640624,0.33039984107017517,1.8195933103561401,1.1755530834197998
1790030692397408500,10.345408447265624,0.031124621629714966,2.9448680877685547,1.6759412288665771
1790030692437478000,10.385477783203125,-2.070984363555908,-1.5753847360610962,-1.6304513216018677
1790030692447487700,10.39548779296875,-2.52109432220459,-0.9648633003234863,-1.0821791887283325
1790030692457497600,10.40549755859375,-2.0925323963165283,0.0071826050989329815,0.6320692300796509
1790030692467538000,10.415537841796874,-0.993593692779541,0.6631938815116882,1.479616641998291
1790030692477608700,10.425608642578124,-0.10055647045373917,0.8834604024887085,0.4165911078453064
1790030692487648800,10.435648681640625,0.586579442024231,0.933738648891449,-0.2753331959247589
1790030692497689000,10.445689208984374,0.8954314589500427,0.8547300100326538,0.5027823448181152
1790030692507699000,10.455698974609374,0.19153612852096558,0.6775590777397156,0.6057330369949341
1790030692517708800,10.465708740234374,-1.2832920551300049,-0.4381389021873474,-0.2298433631658554
1790030692527718400,10.475718505859374,-2.5953147411346436,-0.9576807022094727,-0.7661445140838623
1790030692547738000,10.495738037109374,-3.069366693496704,0.828393816947937,2.518700122833252
1790030692567727000,10.51572705078125,-1.4484920501708984,-0.2968810200691223,-0.7374141216278076
1790030692577767200,10.52576708984375,-0.8619126081466675,-0.6919242739677429,-0.8331822156906128
1790030692597817300,10.5458173828125,-0.5099649429321289,-0.6536170840263367,-0.4644751250743866
1790030692607827200,10.5558271484375,-1.091755986213684,0.11013327538967133,-0.19632454216480255
1790030692617836800,10.5658369140625,-1.4652514457702637,0.023942016065120697,0.05746084079146385
1790030692697976000,10.64597607421875,-0.727837324142456,-0.8738836050033569,-0.7829039692878723
1790030692728005400,10.67600537109375,-0.5363011956214905,-0.8044517636299133,-0.3280056416988373
1790030692738015000,10.686014892578125,-0.5793967843055725,0.181959331035614,0.3902548849582672
1790030692748024800,10.69602490234375,-0.5722141861915588,0.33758243918418884,0.14844051003456116
1790030692758034700,10.70603466796875,-0.5386953949928284,-0.05027823522686958,-0.6248866319656372
1790030692768075000,10.716074951171874,-0.3280056416988373,-0.40222588181495667,-0.9911994934082031
1790030692778084600,10.726084716796874,-0.2849099934101105,-0.1388636976480484,-0.3064578175544739
1790030692788094500,10.736094482421874,-0.5147533416748047,0.4908113479614258,0.1412578970193863
1790030692798104300,10.746104248046874,-0.790086567401886,0.42616790533065796,-0.3926490843296051
1790030692808114000,10.756114013671874,-1.2856862545013428,0.7757213711738586,-0.5027823448181152
1790030692878212900,10.826212890625,-1.580173134803772,-0.11252748221158981,-0.2513911724090576
1790030692888222700,10.83622265625,-1.6831238269805908,-1.161187767982483,-1.3838485479354858
1790030692898232300,10.846232421875,-1.3958195447921753,-0.5817909836769104,-0.8092401623725891
1790030692908272600,10.856272705078124,-0.9433154463768005,0.33518823981285095,0.021547814831137657
1790030692978341000,10.926341064453124,-0.4572925269603729,-0.2753331959247589,0.2322375625371933
1790030692998421500,10.94642138671875,-1.0247182846069336,0.5985504388809204,0.17238251864910126
1790030693008461800,10.9564619140625,-1.1061211824417114,1.2761094570159912,0.002394201699644327
1790030693018471700,10.9664716796875,-1.1755530834197998,1.965639591217041,0.17717093229293823
1790030693028481300,10.976481201171875,-1.048660397529602,1.9273324012756348,-0.07422025501728058
1790030693038491100,10.9864912109375,-0.9624691009521484,1.821987509727478,-1.0989385843276978
1790030693048562000,10.99656201171875,-0.47884035110473633,0.6224924325942993,-1.482010841369629
1790030693058571800,11.00657177734375,-0.4189853072166443,-0.9744400978088379,-1.6759412288665771
1790030693068642600,11.016642578125,-0.6488286852836609,-2.051830768585205,-0.8762778043746948
1790030693078621700,11.02662158203125,-1.292868971824646,-1.8100165128707886,0.4884171485900879
1790030693088662000,11.036662109375,-1.86508309841156,-1.4101848602294922,0.1388636976480484
1790030693098671900,11.046671875,-1.764526605606079,-1.2234370708465576,-1.7357962131500244
1790030693108681500,11.056681396484375,-1.2952631711959839,-1.4221558570861816,-2.4372973442077637
1790030693118721800,11.0667216796875,-0.8523358106613159,-1.4915876388549805,-2.6024973392486572
1790030693148781600,11.096781494140625,-0.019153613597154617,-1.9967641830444336,-2.1499931812286377
1790030693158822000,11.10682177734375,0.1867477297782898,-2.209848165512085,-1.5298948287963867
1790030693168831700,11.116831787109374,0.38067805767059326,-2.652775526046753,-2.097320795059204
1790030693178841600,11.126841552734374,0.3447650372982025,-2.537853717803955,-1.6831238269805908
1790030693188851200,11.136851318359374,0.5386953949928284,-2.806004285812378,-1.9632453918457031
1790030693259072300,11.207072265625,-0.7158663272857666,-2.298433542251587,-2.0685901641845703
1790030693269082000,11.21708203125,-0.5746083855628967,-3.002328872680664,-2.585737943649292
1790030693279091700,11.227091796875,-1.0223240852355957,-3.136404275894165,-2.808398485183716
1790030693289132000,11.237132080078124,-1.8387469053268433,-2.126051187515259,-2.248155355453491
1790030693299142000,11.247141845703124,-2.3247697353363037,-1.0893617868423462,-2.432508945465088
1790030693309151500,11.2571513671875,-1.9177556037902832,-0.7613561153411865,-2.7293899059295654
1790030693319161300,11.267161376953124,-1.6687586307525635,-0.3256114423274994,-2.6240451335906982
1790030693329171200,11.277171142578124,-1.6208745241165161,0.26575639843940735,-2.4827871322631836
1790030693339242000,11.287241943359374,-1.2689268589019775,0.2298433631658554,-2.2840683460235596
1790030693359292000,11.3072919921875,-0.6512228846549988,-0.9528923034667969,-1.436521053314209
1790030693369332200,11.317332275390624,-1.0749965906143188,0.1604115068912506,-0.6631938815116882
1790030693379342000,11.327342041015624,-0.11971008777618408,0.19632454216480255,-0.24181437492370605
1790030693389321200,11.3373212890625,-0.22505496442317963,0.05027823522686958,0.1388636976480484
1790030693399361500,11.347361572265624,-0.7948749661445618,0.10773907601833344,0.07661445438861847
1790030693409371400,11.357371337890624,-0.9217676520347595,0.019153613597154617,-0.24899697303771973
1790030693429390800,11.377390869140624,-1.158793568611145,0.22026655077934265,0.43095630407333374
1790030693439400700,11.387400634765624,-1.436521053314209,-0.646434485912323,-0.40462008118629456
1790030693449410300,11.397410400390624,-2.123656988143921,-0.1604115068912506,0.009576806798577309
1790030693459420200,11.407420166015624,-2.205059766769409,0.2585737705230713,-0.07900865375995636
1790030693469429800,11.4174296875,-0.8355764150619507,0.4165911078453064,0.7541735172271729
1790030693479439600,11.427439697265624,-0.7733271718025208,0.40222588181495667,1.278503656387329
1790030693489449500,11.437449462890624,-1.5969325304031372,-0.0454898327589035,0.1843535304069519
1790030693499459000,11.447458984375,-1.5442601442337036,-1.680729627609253,-1.0893617868423462
1790030693509469000,11.457468994140624,-1.4628572463989258,0.29209262132644653,-0.6703764796257019
1790030693539559200,11.48755908203125,-0.8547300100326538,-0.13168109953403473,0.19153612852096558
1790030693559579000,11.507578857421874,-0.3471592366695404,-2.0015525817871094,-1.8171991109848022
1790030693569588500,11.51758837890625,-0.507570743560791,-0.17956513166427612,-0.8690952062606812
1790030693579598300,11.527598388671874,-1.0438719987869263,0.3232172429561615,-1.0438719987869263
1790030693589608200,11.537608154296874,-0.43095630407333374,0.8427590131759644,-1.2641384601593018
1790030693599617800,11.54761767578125,-0.304063618183136,0.28969839215278625,0.49799394607543945
1790030693619637500,11.567637451171874,-1.0893617868423462,-0.3447650372982025,-0.19871874153614044
1790030693629677600,11.577677490234375,-1.0079588890075684,0.44532153010368347,-0.14604631066322327
1790030693639687400,11.5876875,-1.4197616577148438,1.7070658206939697,1.4772224426269531
1790030693649697300,11.597697265625,-1.6687586307525635,1.0247182846069336,0.12210428714752197
1790030693659768000,11.60776806640625,-1.4724340438842773,-0.047884032130241394,-1.0438719987869263
1790030693669808400,11.617808349609374,-1.1635819673538208,-0.828393816947937,-1.3215993642807007
1790030693679818000,11.62781787109375,-0.7948749661445618,-1.2545616626739502,-1.0079588890075684
1790030693689827800,11.637827880859374,-1.5825673341751099,-0.8738836050033569,-1.2952631711959839
1790030693699837700,11.647837646484374,-1.3862427473068237,-0.33997663855552673,-1.6304513216018677
1790030693759926800,11.7079267578125,-0.9481038451194763,1.3838485479354858,1.2665326595306396
1790030693850075600,11.79807568359375,-1.0821791887283325,-0.05027823522686958,1.5083470344543457
1790030693910164700,11.858164794921874,-1.0319008827209473,1.7693150043487549,2.346317768096924
1790030693970253800,11.91825390625,-0.8810662031173706,4.338293552398682,4.240131378173828
1790030693980263700,11.928263671875,-1.9153614044189453,4.405331134796143,4.158728122711182
1790030693990273300,11.938273193359375,-2.0207061767578125,1.2114660739898682,2.6024973392486572
1790030694000283100,11.948283203125,-1.4676456451416016,0.8930372595787048,2.631227731704712
1790030694010293000,11.95829296875,-1.580173134803772,0.38546648621559143,3.6367924213409424
1790030694020302600,11.968302490234375,-1.7262194156646729,0.42377370595932007,2.9448680877685547
1790030694030343000,11.978343017578124,-1.778891921043396,0.8690952062606812,2.027888774871826
1790030694040252700,11.988252685546875,-2.123656988143921,1.7573440074920654,1.7764976024627686
1790030694050262500,11.998262451171875,-1.8411411046981812,1.0271124839782715,1.1061211824417114
1790030694070282000,12.018281982421875,-1.6496049165725708,0.6392518281936646,1.9776105880737305
1790030694080352800,12.028352783203125,-1.7932571172714233,1.0271124839782715,1.5921441316604614
1790030694090362600,12.038362548828125,-1.7190368175506592,0.7350199222564697,0.9217676520347595
1790030694100372500,12.04837255859375,-1.7094600200653076,0.5003881454467773,1.1492167711257935
1790030694110382000,12.058382080078125,-1.558625340461731,1.0654197931289673,1.290474772453308
1790030694120422400,12.06842236328125,-1.623268723487854,1.0462661981582642,1.7070658206939697
1790030694130432300,12.078432373046875,-1.2856862545013428,1.0869675874710083,1.1635819673538208
1790030694140441900,12.08844189453125,-1.0223240852355957,0.4692635238170624,0.7613561153411865
1790030694150451700,12.09845166015625,-1.0654197931289673,0.993593692779541,0.7541735172271729
1790030694160461600,12.108461669921875,-1.4077905416488647,0.849941611289978,0.5363011956214905
1790030694170440700,12.118440673828125,-1.3623007535934448,1.036689281463623,0.5770025849342346
1790030694180450600,12.128450439453125,-1.4460978507995605,0.2992752194404602,0.7015010714530945
1790030694190491000,12.138490966796875,-1.0414776802062988,-0.8475474119186401,0.10295066982507706
1790030694200500500,12.14850048828125,-0.9481038451194763,-1.3982137441635132,0
1790030694210510300,12.15851025390625,-1.158793568611145,-1.1037269830703735,0.40701428055763245
1790030694220520200,12.168520263671875,-1.6496049165725708,0.47405192255973816,0.8236053586006165
1790030694230529800,12.17852978515625,-2.4013843536376953,2.0231003761291504,0.667982280254364
1790030694240570000,12.188570068359375,-2.054224967956543,1.170764684677124,-0.8547300100326538
1790030694250580000,12.198580078125,-1.0007762908935547,-0.12689268589019775,-1.9800047874450684
1790030694260589600,12.208589599609375,-0.17238251864910126,-0.9600749015808105,-0.7757213711738586
1790030694270660400,12.218660400390625,-0.3280056416988373,-1.3120225667953491,0.7805097699165344
1790030694290710500,12.23871044921875,-1.98958158493042,0.7876923680305481,0.0071826050989329815
1790030694310730000,12.25872998046875,-1.7501614093780518,-0.9552865028381348,-1.4317326545715332
1790030694320739800,12.26873974609375,-1.1252747774124146,-1.9608511924743652,-2.1978771686553955
1790030694390930200,12.33893017578125,0.3064578175544739,-1.0821791887283325,-0.8044517636299133
1790030694421020700,12.369020751953125,0.5027823448181152,-0.10295066982507706,0.2106897532939911
1790030694501220900,12.449220947265625,-1.3527239561080933,-1.1683704853057861,-1.0342950820922852
1790030694561279200,12.509279296875,-0.9816226959228516,0.45250412821769714,0.49799394607543945
1790030694631408600,12.57940869140625,-0.38307225704193115,-2.3127987384796143,-1.9847931861877441
1790030694641449000,12.589448974609375,0.9744400978088379,-1.9847931861877441,-1.1899182796478271
1790030694651458800,12.599458740234375,1.5107412338256836,-0.1843535304069519,-0.06464344263076782
1790030694661468700,12.60946875,1.414973258972168,0.043095629662275314,0.3974374830722809
1790030694671508700,12.6195087890625,0.8475474119186401,0.49799394607543945,0.26815059781074524
1790030694711548000,12.6595478515625,-1.8291701078414917,0.8068459630012512,0.22026655077934265
1790030694721557800,12.669557861328125,-2.2385785579681396,0.9145850539207458,0.9265560507774353
1790030694731567400,12.6795673828125,-1.7956513166427612,0.43335050344467163,0.7206547260284424
1790030694741577200,12.6895771484375,-1.4508862495422363,-0.4118026793003082,0.9888052940368652
1790030694751587000,12.699587158203125,-1.070208191871643,-1.2210428714752197,-0.19632454216480255
1790030694761596700,12.7095966796875,-1.2713210582733154,-0.35913026332855225,-0.9983820915222168
1790030694771637000,12.719636962890625,-1.3670891523361206,0.35913026332855225,-0.6991068720817566
1790030694781646800,12.729646728515625,-1.1109095811843872,0.3447650372982025,0.06464344263076782
1790030694791656400,12.739656494140625,-1.1061211824417114,-0.11971008777618408,0.6607996821403503
1790030694811676200,12.75967626953125,-1.3838485479354858,-0.8140285611152649,-0.7182605266571045
1790030694821716500,12.769716552734375,-0.9217676520347595,-0.9768342971801758,-0.1173158809542656
1790030694871795700,12.819795654296875,0.9983820915222168,0.2753331959247589,-0.47405192255973816
1790030694881805600,12.8298056640625,1.0797849893569946,0.10534487664699554,0.16998831927776337
1790030694891845600,12.839845703125,0.5937620401382446,-0.304063618183136,-0.08619125932455063
1790030694931884800,12.879884765625,-0.4141969084739685,1.5466543436050415,1.5921441316604614
1790030694971954400,12.919954345703125,-1.9057846069335938,-1.0295066833496094,-0.8307880163192749
1790030694981964300,12.92996435546875,-1.6663644313812256,-0.11252748221158981,-0.6536170840263367
1790030695011993300,12.959993408203125,-0.8451532125473022,0.2082955539226532,0.3663128614425659
1790030695022003200,12.970003173828125,-0.6200982332229614,-0.16998831927776337,-0.05027823522686958
1790030695031982600,12.979982666015625,-0.16759411990642548,-1.292868971824646,-1.1228805780410767
1790030695042022700,12.990022705078125,-0.040701430290937424,-1.5203180313110352,-0.9313444495201111
1790030695052032500,13.000032470703125,0.2561795711517334,-0.8858546018600464,-0.35434186458587646
1790030695062072800,13.01007275390625,0.6584054827690125,-0.4118026793003082,0.2513911724090576
1790030695072082700,13.020082763671875,0.7757213711738586,-0.2561795711517334,0.4141969084739685
1790030695082092300,13.03009228515625,0.3495534360408783,-0.40462008118629456,-0.09576806426048279
1790030695092102100,13.04010205078125,-0.06703764945268631,-0.727837324142456,-0.9792284965515137
1790030695112121600,13.06012158203125,0.05985504388809204,-1.2689268589019775,-0.9169792532920837
1790030695132141000,13.08014111328125,-0.3423708379268646,0.7805097699165344,0.6057330369949341
1790030695142181400,13.090181396484375,-0.3687070608139038,1.161187767982483,0.6799532771110535
1790030695152191200,13.100191162109375,-0.21787235140800476,0.993593692779541,0.689530074596405
1790030695162201000,13.110201171875,-0.42856210470199585,0.6919242739677429,0.6320692300796509
1790030695172210700,13.120210693359375,-0.4189853072166443,0.05027823522686958,0.22266076505184174
1790030695182220500,13.130220458984375,-0.5051765441894531,-0.8667010068893433,-0.16998831927776337
1790030695192230400,13.14023046875,-0.9097966551780701,-0.7326257228851318,-0.009576806798577309
1790030695202240000,13.150239990234375,-1.170764684677124,0.09816227108240128,-0.047884032130241394
1790030695212249900,13.160249755859375,-0.9983820915222168,0.6057330369949341,-0.23942017555236816
1790030695232269300,13.180269287109375,-0.8236053586006165,0.011971008032560349,0.4836287498474121
1790030695242309600,13.1903095703125,-0.7493851184844971,-0.3902548849582672,-0.38546648621559143
1790030695262359600,13.210359619140625,-0.4213795065879822,-1.1635819673538208,-1.237802267074585
1790030695272369400,13.220369384765625,-0.5793967843055725,-1.0654197931289673,-1.2042834758758545
1790030695362579500,13.310579345703125,-0.12928688526153564,-1.7621324062347412,-3.1076738834381104
1790030695382599000,13.330598876953125,-0.10055647045373917,-2.9233202934265137,-4.182670593261719
1790030695412597800,13.36059765625,1.1468225717544556,-2.6671407222747803,-3.5721490383148193
1790030695422668500,13.37066845703125,1.1109095811843872,-2.3032219409942627,-2.5713725090026855
1790030695432678400,13.380678466796875,1.039083480834961,-2.5306711196899414,-2.8179752826690674
1790030695452697900,13.40069775390625,-0.3280056416988373,-2.8347349166870117,-3.8570590019226074
1790030695482727200,13.43072705078125,-1.0103530883789062,-1.7573440074920654,-2.2697031497955322
1790030695572906500,13.520906494140625,-1.8195933103561401,-0.002394201699644327,-0.45250412821769714
1790030695582916400,13.530916259765625,-1.4413094520568848,-0.5961562395095825,-0.5171475410461426
1790030695643066400,13.59106640625,-0.8140285611152649,-0.6009446382522583,-1.556231141090393
1790030695653076200,13.601076171875,0.12689268589019775,-0.9217676520347595,-1.2425906658172607
1790030695663086000,13.611086181640625,0.8690952062606812,-2.030282974243164,-1.601720929145813
1790030695673126400,13.62112646484375,0.8259995579719543,-0.6560112833976746,-1.1276689767837524
1790030695683136000,13.631135986328125,-0.028730420395731926,-0.19632454216480255,0.10055647045373917
1790030695763244800,13.711244873046875,-1.9105730056762695,0.5578489899635315,0.871489405632019
1790030695773315600,13.721315673828125,-1.3311761617660522,1.501164436340332,1.2186486721038818
1790030695803405800,13.75140576171875,-3.28963303565979,0.5554547905921936,-0.3878606855869293
1790030695823394800,13.771394775390625,-2.7892448902130127,0.5434837937355042,-0.6751648783683777
1790030695853454600,13.80145458984375,-1.7094600200653076,-0.026336219161748886,-0.10295066982507706
1790030695883575600,13.831575439453125,-1.6687586307525635,0.2585737705230713,1.4844050407409668
1790030695893585200,13.841585205078125,-2.540247917175293,1.2042834758758545,1.8411411046981812
1790030695903625500,13.85162548828125,-2.518700122833252,-0.2585737705230713,1.3072341680526733
1790030695913635300,13.86163525390625,-2.2577321529388428,0.7781155705451965,0.3064578175544739
1790030695923645200,13.871645263671875,-1.742978811264038,2.2433669567108154,0.6153098344802856
1790030695933654800,13.88165478515625,-2.470816135406494,2.5977089405059814,2.80361008644104
1790030695943664600,13.89166455078125,-3.1507694721221924,2.738966703414917,3.2848446369171143
1790030695953674200,13.90167431640625,-3.1268274784088135,2.38462495803833,2.806004285812378
1790030695963653600,13.911653564453125,-2.557007312774658,1.4891934394836426,3.818751811981201
1790030695973694000,13.92169384765625,-3.002328872680664,1.680729627609253,5.04218864440918
1790030695983703600,13.93170361328125,-3.845088005065918,0.8092401623725891,4.048594951629639
1790030695993713400,13.94171337890625,-4.1180267333984375,2.2457611560821533,3.0334534645080566
1790030696003723300,13.95172314453125,-4.091690540313721,3.251325845718384,3.5386300086975098
1790030696023773200,13.971773193359375,-3.287238836288452,4.345476150512695,4.685452938079834
1790030696043823400,13.9918232421875,-1.8579005002975464,1.1420341730117798,4.2975921630859375
1790030696053833000,14.0018330078125,-0.9457096457481384,0.6703764796257019,4.537012100219727
1790030696093902600,14.041902587890625,-0.4189853072166443,2.647987127304077,2.896984100341797
1790030696184021000,14.13202099609375,-1.1563993692398071,-0.6248866319656372,0.17956513166427612
1790030696234131000,14.182130859375,-2.3965959548950195,-1.414973258972168,0.004788403399288654
1790030696244140800,14.192140869140625,-2.279279947280884,-1.7166426181793213,-1.5682021379470825
1790030696254180900,14.202180908203125,-1.8794482946395874,-1.8315643072128296,-1.6160861253738403
1790030696334381000,14.282381103515625,-1.1468225717544556,-1.235408067703247,-0.4381389021873474
1790030696344391000,14.292390869140625,-1.8148049116134644,-0.9241618514060974,-0.9097966551780701
1790030696384460500,14.33246044921875,-0.42616790533065796,-0.7110779285430908,0.7805097699165344
1790030696394500900,14.3425009765625,0.05746084079146385,-1.5179238319396973,-1.0247182846069336
1790030696414550800,14.36255078125,-0.33518823981285095,-1.158793568611145,-0.8259995579719543
1790030696434570200,14.3825703125,-1.8794482946395874,2.5785553455352783,1.2186486721038818
1790030696444580000,14.392580078125,-2.0183119773864746,1.7860745191574097,1.1755530834197998
1790030696454590000,14.40258984375,-1.3479355573654175,-0.5602431893348694,-1.9752163887023926
1790030696464599600,14.412599609375,-1.1228805780410767,-2.6168625354766846,-3.4165258407592773
1790030696474640000,14.422639892578125,-1.9033904075622559,-2.365471363067627,-1.8148049116134644
1790030696484649700,14.432649658203125,-2.1739351749420166,-2.7126305103302,-0.7350199222564697
1790030696504699600,14.45269970703125,-1.7621324062347412,0.811634361743927,0.3711012601852417
1790030696524749800,14.472749755859375,-0.19632454216480255,-0.3974374830722809,-1.8363527059555054
1790030696534790100,14.4827900390625,-0.24181437492370605,-1.6831238269805908,-2.343923568725586
1790030696544799700,14.4927998046875,-0.9816226959228516,-0.7996633648872375,-0.6871358752250671
1790030696554809600,14.5028095703125,-1.1516109704971313,-0.36152446269989014,0.22026655077934265
1790030696574829000,14.5228291015625,-0.47405192255973816,0.1843535304069519,-1.1109095811843872
1790030696594879200,14.542879150390625,-0.6847416758537292,-0.14365209639072418,-0.811634361743927
1790030696604889000,14.55288916015625,-0.6727706789970398,-0.028730420395731926,-0.5554547905921936
1790030696614898700,14.562898681640625,-0.4668693244457245,-0.45010992884635925,-0.07182604819536209
1790030696624908500,14.572908447265625,-0.4405331015586853,-1.139639973640442,-0.36152446269989014
1790030696634948900,14.582948974609375,-0.8188169598579407,-1.5538369417190552,-1.2066776752471924
1790030696644958500,14.59295849609375,-0.9457096457481384,-0.36152446269989014,-1.3886369466781616
1790030696654968300,14.60296826171875,-0.8595184087753296,0.5817909836769104,-0.8930372595787048
1790030696664978200,14.612978271484375,-0.8379706144332886,1.0630255937576294,-0.14604631066322327
1790030696675018200,14.623018310546875,-0.2944868206977844,0.21308395266532898,-0.033518824726343155
1790030696715057400,14.663057373046875,-1.53707754611969,-2.126051187515259,0
1790030696765137000,14.713136962890625,-0.5482721924781799,-0.7613561153411865,-1.3192051649093628
1790030696775146500,14.723146484375,-0.6033388376235962,-1.278503656387329,-2.1571757793426514
1790030696785217300,14.73321728515625,-0.4884171485900879,-0.8068459630012512,-0.6560112833976746
1790030696805298000,14.7532978515625,-0.42616790533065796,-0.10055647045373917,-0.4644751250743866
1790030696815307800,14.763307861328125,-0.48602294921875,-0.26096799969673157,-0.3519476354122162
1790030696825317400,14.7733173828125,-0.07422025501728058,-0.2849099934101105,-0.5171475410461426
1790030696835357700,14.783357666015625,0.16998831927776337,-0.1604115068912506,-0.026336219161748886
1790030696855407900,14.803407958984375,0.6200982332229614,-0.07182604819536209,-0.028730420395731926
1790030696865448000,14.813447998046875,-0.047884032130241394,0.3016694188117981,-0.6248866319656372
1790030696875457800,14.823457763671875,-0.47644615173339844,0.8403648138046265,-0.23942017555236816
1790030696885467600,14.833467529296875,-0.4572925269603729,0.11252748221158981,-0.002394201699644327
1790030696895477200,14.843477294921875,-0.6823474764823914,-0.6512228846549988,-0.9888052940368652
1790030696905456600,14.85345654296875,-1.036689281463623,0.3064578175544739,-0.6943184733390808
1790030696935516400,14.883516357421875,-0.2585737705230713,-0.09816227108240128,-0.4118026793003082
1790030696965606700,14.913606689453125,0.07900865375995636,0.4572925269603729,0.933738648891449
1790030696975616500,14.923616455078125,-0.6272808313369751,-0.3734954595565796,0.5650315880775452
1790030696985626400,14.93362646484375,-1.3048399686813354,-0.8451532125473022,-0.7254431247711182
1790030696995666400,14.94366650390625,-1.5275006294250488,-0.4118026793003082,-0.363918662071228
1790030697015686100,14.96368603515625,-0.5123591423034668,0.4381389021873474,0.6153098344802856
1790030697045715500,14.993715576171875,-0.033518824726343155,-0.13168109953403473,-0.019153613597154617
1790030697055725000,15.00372509765625,-0.2298433631658554,-0.14365209639072418,0.002394201699644327
1790030697085785000,15.03378515625,-0.9050082564353943,0.11252748221158981,0.2753331959247589
1790030697105804500,15.053804443359375,-0.8212111592292786,0.38067805767059326,-0.2322375625371933
1790030697115814100,15.063814208984375,-0.706289529800415,0.31124621629714966,-0.07422025501728058
1790030697125824000,15.073823974609375,-0.5770025849342346,0.8619126081466675,-0.2513911724090576
1790030697145843500,15.093843505859375,-0.2298433631658554,0.9840168952941895,-0.10295066982507706
1790030697155853300,15.103853271484375,-0.22026655077934265,1.070208191871643,0.31124621629714966
1790030697165863200,15.11386328125,-0.2585737705230713,0.586579442024231,0.05746084079146385
1790030697215942400,15.1639423828125,-0.6177040338516235,-0.47644615173339844,-0.5027823448181152
1790030697225952300,15.1739521484375,-0.21308395266532898,-0.6631938815116882,-0.7422025203704834
1790030697306122000,15.2541220703125,-0.14365209639072418,-1.4676456451416016,-1.8339585065841675
1790030697386291500,15.33429150390625,-0.3902548849582672,-4.1874589920043945,-3.177105665206909
1790030697416382000,15.3643818359375,0.2298433631658554,-2.2912509441375732,-3.332728862762451
1790030697426452700,15.37445263671875,0.12449848651885986,-1.9728221893310547,-2.5043349266052246
1790030697436462300,15.38446240234375,-0.2346317619085312,-1.6639702320098877,-1.4532804489135742
1790030697486572300,15.434572265625,-0.2777273952960968,-0.17717093229293823,-1.1779472827911377
1790030697496582100,15.44458203125,-0.3423708379268646,-0.12689268589019775,-0.811634361743927
1790030697536712700,15.484712646484375,-0.8882488012313843,0.2825157940387726,1.3646949529647827
1790030697546691800,15.49469189453125,-1.580173134803772,-0.5626373887062073,0.5506663918495178
1790030697556762600,15.5047626953125,-2.0829553604125977,-1.922544002532959,-1.2210428714752197
1790030697566772500,15.5147724609375,-2.782062292098999,-0.8930372595787048,-1.2258312702178955
1790030697576782300,15.5247822265625,-1.8602946996688843,-0.5985504388809204,-0.2585737705230713
1790030697586761500,15.534761474609375,-1.1228805780410767,-0.8690952062606812,-1.1516109704971313
1790030697596801800,15.5448017578125,-0.8858546018600464,-1.4628572463989258,-2.0829553604125977
1790030697606811600,15.554811767578125,-1.0534487962722778,-1.6711528301239014,-2.5665841102600098
1790030697616852000,15.56485205078125,-1.2210428714752197,-0.7254431247711182,-2.387019157409668
1790030697636871400,15.584871337890625,-0.5291185975074768,0.5315127968788147,-0.5171475410461426
1790030697707031300,15.65503125,-0.5889736413955688,-1.0342950820922852,-0.8164227604866028
1790030697737121500,15.68512158203125,-1.7477672100067139,1.0773907899856567,2.6671407222747803
1790030697827392500,15.775392578125,-1.8339585065841675,-1.1300631761550903,1.4101848602294922
1790030697897613600,15.845613525390625,-3.3039982318878174,-0.871489405632019,0.9864110946655273
1790030697927703800,15.875703857421875,-3.687070608139038,0.5267243981361389,3.40216064453125
1790030697937713700,15.885713623046875,-4.07014274597168,1.9536685943603516,3.8163576126098633
1790030697947723500,15.8957236328125,-3.8570590019226074,2.2146365642547607,2.013523578643799
1790030697957763800,15.905763916015625,-3.07415509223938,2.9017724990844727,2.1332337856292725
1790030697967773400,15.9157734375,-2.367865562438965,1.9560627937316895,3.1914708614349365
1790030697997833200,15.945833251953125,-1.644816517829895,1.5203180313110352,3.28963303565979
1790030698007843000,15.955843017578125,-1.4724340438842773,2.669534921646118,3.5625722408294678
1790030698017853000,15.96585302734375,-0.9696516990661621,3.1052796840667725,3.49314022064209
1790030698027862500,15.975862548828125,-0.40462008118629456,3.0334534645080566,3.1459810733795166
1790030698037902800,15.98590283203125,0.05746084079146385,3.97916316986084,3.6391866207122803
1790030698047912700,15.99591259765625,0.19153612852096558,4.714183330535889,3.8379054069519043
1790030698057922300,16.00592236328125,0.8331822156906128,4.2329487800598145,2.760514497756958
1790030698067932200,16.01593212890625,0.7924807667732239,3.383007049560547,2.2457611560821533
1790030698077972500,16.025972412109375,0.14844051003456116,2.765302896499634,2.7533318996429443
1790030698087982300,16.035982421875,-0.35434186458587646,2.10210919380188,2.4660277366638184
1790030698097992000,16.045991943359375,-0.37828385829925537,1.1875240802764893,2.1547815799713135
1790030698108032300,16.0560322265625,-0.8068459630012512,1.2689268589019775,1.9488801956176758
1790030698178161700,16.12616162109375,-1.37906014919281,-2.008735179901123,-0.5913678407669067
1790030698238250800,16.186250732421875,-0.22744916379451752,1.05105459690094,0.3926490843296051
1790030698248260600,16.196260498046875,-1.1037269830703735,1.4652514457702637,1.1324573755264282
1790030698258270200,16.206270263671875,-2.032677173614502,0.014365210197865963,0.47884035110473633
1790030698268280000,16.216280029296875,-2.4181437492370605,-0.3902548849582672,-0.11252748221158981
1790030698278320400,16.2263203125,-1.723825216293335,-2.343923568725586,0.10773907601833344
1790030698288330200,16.236330322265626,-1.6352397203445435,-2.4013843536376953,0.10055647045373917
1790030698298339800,16.24633984375,-1.5466543436050415,-2.540247917175293,-0.5171475410461426
1790030698308349700,16.256349609375,-0.9457096457481384,0.42856210470199585,-0.6631938815116882
1790030698328399600,16.276399658203125,-1.702277421951294,4.194641590118408,3.5649664402008057
1790030698348419300,16.29641943359375,-0.6033388376235962,-2.875436305999756,-2.032677173614502
1790030698358429000,16.306428955078125,-0.5171475410461426,-2.0805611610412598,-0.2825157940387726
1790030698368438800,16.316438720703125,-0.790086567401886,-0.3519476354122162,0.3878606855869293
1790030698378448600,16.32644873046875,-1.0749965906143188,0.5051765441894531,-0.524330198764801
1790030698388458200,16.336458251953125,-1.7381904125213623,1.0055646896362305,-0.9888052940368652
1790030698398498600,16.34649853515625,-0.6512228846549988,1.745373010635376,-0.45489832758903503
1790030698408508400,16.35650830078125,0.11013327538967133,2.7988216876983643,2.0925323963165283
1790030698418518000,16.36651806640625,-0.5626373887062073,1.2665326595306396,2.097320795059204
1790030698438537700,16.386537841796876,-1.5275006294250488,-4.153939723968506,-4.110844135284424
1790030698448516900,16.396516845703125,-3.136404275894165,-1.2832920551300049,-2.2026655673980713
1790030698458557200,16.40655712890625,-3.3925838470458984,1.139639973640442,-0.6033388376235962
1790030698468567000,16.416567138671876,-2.0470423698425293,2.2194249629974365,-0.05746084079146385
1790030698478576600,16.42657666015625,-0.1843535304069519,0.31842881441116333,1.8291701078414917
1790030698498596400,16.446596435546876,-1.4173674583435059,-6.004657745361328,-4.757278919219971
1790030698518676700,16.4666767578125,-3.0861260890960693,-5.604825973510742,-4.8602294921875
1790030698578674400,16.52667431640625,0.26815059781074524,2.432508945465088,1.6112977266311646
1790030698598694000,16.54669384765625,-2.410961151123047,1.9249382019042969,2.9089550971984863
1790030698608703700,16.556703857421876,-1.4939818382263184,-0.043095629662275314,0.5195417404174805
1790030698618683000,16.566682861328125,-0.47165772318840027,-0.6631938815116882,-0.6200982332229614
1790030698638763500,16.586763427734375,-0.5147533416748047,-0.7469909191131592,-1.4628572463989258
1790030698648773000,16.596773193359375,-0.6991068720817566,0.6368576288223267,0.2082955539226532
1790030698658783000,16.606782958984375,0.047884032130241394,1.216254472732544,1.1420341730117798
1790030698668823300,16.6168232421875,0.011971008032560349,0.3208230137825012,0.3758896589279175
1790030698678863600,16.626863525390625,-0.1149216815829277,-0.035913024097681046,-0.035913024097681046
1790030698688873200,16.636873291015625,-0.1867477297782898,-0.9097966551780701,0
1790030698698852600,16.6468525390625,-1.0630255937576294,-0.768538773059845,-0.33997663855552673
1790030698708862500,16.656862548828126,-1.501164436340332,-0.9864110946655273,-1.0773907899856567
1790030698718933200,16.666933349609376,-1.1540051698684692,-1.0295066833496094,-1.1204863786697388
1790030698748962600,16.696962646484376,-0.18914192914962769,-0.7206547260284424,-1.1827356815338135
1790030698779022300,16.727022216796875,-0.629675030708313,0.21308395266532898,-0.05985504388809204
1790030698789093000,16.737093017578125,-0.8020575642585754,-0.0694318488240242,-0.33518823981285095
1790030698799102700,16.747102783203125,-0.8762778043746948,-0.16519992053508759,-0.8523358106613159
1790030698809112600,16.757112548828125,-0.4596867263317108,-0.35434186458587646,-0.8523358106613159
1790030698819153000,16.76715283203125,-0.2298433631658554,-0.5626373887062073,-0.5147533416748047
1790030698829162800,16.777162841796876,-0.33518823981285095,-0.26096799969673157,-0.05267243832349777
1790030698839202800,16.787202880859375,-0.06224924325942993,-0.6224924325942993,-0.40701428055763245
1790030698869262800,16.817262939453126,0.40222588181495667,-0.47405192255973816,-0.3711012601852417
1790030698879303000,16.827302978515625,0.12928688526153564,-0.2537853717803955,-0.45250412821769714
1790030698889312800,16.837312744140625,-0.2298433631658554,-0.19393034279346466,-0.5171475410461426
1790030698899292200,16.847292236328126,-0.6512228846549988,-0.49559974670410156,-0.8164227604866028
1790030698909332200,16.857332275390625,-0.933738648891449,-0.5003881454467773,-0.5147533416748047
1790030698919372500,16.86737255859375,-0.8140285611152649,-0.1412578970193863,-0.2082955539226532
1790030698929382400,16.87738232421875,-0.7829039692878723,0.42377370595932007,-0.26096799969673157
1790030698949432300,16.897432373046875,-0.1604115068912506,0.9624691009521484,-0.5554547905921936
1790030698959472600,16.90747265625,-0.15562310814857483,0.11252748221158981,-0.20111294090747833
1790030698969482500,16.917482421875,-0.38546648621559143,-0.3232172429561615,0.44532153010368347
1790030698979522800,16.927522705078125,-0.6823474764823914,-0.5793967843055725,0.2825157940387726
1790030698989502000,16.937501953125,-0.8427590131759644,-0.5267243981361389,0.07422025501728058
1790030698999572700,16.94757275390625,-0.8954314589500427,-0.4118026793003082,0.10055647045373917
1790030699009582600,16.95758251953125,-0.6560112833976746,-0.4668693244457245,0.33279404044151306
1790030699019561700,16.967561767578125,-0.608127236366272,0.1867477297782898,0.7565677165985107
1790030699029571600,16.977571533203125,-0.14365209639072418,0.5841852426528931,0.790086567401886
1790030699049621800,16.997621826171876,-0.3878606855869293,0.4620809257030487,0.6655880808830261
1790030699069641200,17.01764111328125,-0.6871358752250671,0.10773907601833344,0.38067805767059326
1790030699079650800,17.02765087890625,-0.8619126081466675,0.2801215946674347,0.3016694188117981
1790030699089660700,17.03766064453125,-1.0055646896362305,0.5650315880775452,0.48602294921875
1790030699099640000,17.04764013671875,-1.0462661981582642,0.9816226959228516,0.9409212470054626
1790030699109710800,17.0577109375,-0.751779317855835,0.5889736413955688,0.7613561153411865
1790030699119720400,17.067720458984375,-0.6631938815116882,0.6392518281936646,0.30885201692581177
1790030699129699800,17.077699951171876,-0.646434485912323,0.9720458984375,0.3926490843296051
1790030699139740200,17.087740234375,-0.2849099934101105,1.1228805780410767,0.47165772318840027
1790030699209869300,17.157869384765625,-1.048660397529602,-0.8307880163192749,-0.05506663769483566
1790030699219879200,17.167879150390625,-0.7110779285430908,-0.5315127968788147,-1.9369091987609863
1790030699229889000,17.177888916015625,-0.7038952708244324,-0.9720458984375,-2.63362193107605
1790030699239929300,17.187929443359376,-0.3758896589279175,-1.2473790645599365,-2.6647465229034424
1790030699280060000,17.228059814453125,0.19153612852096558,-2.5498247146606445,-3.687070608139038
1790030699330139100,17.27813916015625,1.5945383310317993,-4.67827033996582,-4.707000732421875
1790030699410308900,17.358308837890625,-1.6927006244659424,-2.1045033931732178,-2.3582887649536133
1790030699490417400,17.43841748046875,-1.7142484188079834,0.2082955539226532,0.5602431893348694
1790030699500427300,17.44842724609375,-1.886630892753601,0.13407529890537262,0.20111294090747833
1790030699510437000,17.45843701171875,-2.190694570541382,-0.524330198764801,-0.6967126727104187
1790030699520477400,17.4684775390625,-1.7046716213226318,-0.12449848651885986,-0.9145850539207458
1790030699530456600,17.47845654296875,-0.9097966551780701,-0.27054479718208313,-0.49320554733276367
1790030699540497000,17.488496826171875,-0.5961562395095825,0.3878606855869293,0.10055647045373917
1790030699550506800,17.4985068359375,-1.1109095811843872,0.2106897532939911,-0.6200982332229614
1790030699560516400,17.508516357421875,-1.2066776752471924,-0.1843535304069519,-1.4891934394836426
1790030699570526200,17.518526123046875,-0.8475474119186401,-0.8475474119186401,-1.2880805730819702
1790030699580536000,17.5285361328125,-0.047884032130241394,-0.31842881441116333,-0.15801730751991272
1790030699590545700,17.538545654296875,-0.4381389021873474,0.5027823448181152,0.28730419278144836
1790030699600555500,17.548555419921875,-0.15322890877723694,-0.9433154463768005,-0.8667010068893433
1790030699620636200,17.56863623046875,0.5913678407669067,-1.2090718746185303,-0.5817909836769104
1790030699630645800,17.578645751953125,0.7829039692878723,-0.7805097699165344,-0.43095630407333374
1790030699640655600,17.588655517578125,0.1173158809542656,0.2801215946674347,0.12689268589019775
1790030699650665200,17.598665283203125,-0.14365209639072418,0.3064578175544739,-0.3758896589279175
1790030699660675000,17.608675048828125,-0.569819986820221,-0.5817909836769104,-0.790086567401886
1790030699670715400,17.61871533203125,-1.4484920501708984,-0.2561795711517334,-0.6607996821403503
1790030699680725200,17.628725341796876,-2.516305923461914,0.5913678407669067,1.1779472827911377
1790030699690734800,17.63873486328125,-2.231395959854126,0.07422025501728058,-0.8595184087753296
1790030699700714200,17.64871435546875,-1.3048399686813354,0.40701428055763245,-0.49559974670410156
1790030699730774000,17.67877392578125,-0.7661445140838623,0.12449848651885986,0.5937620401382446
1790030699750824000,17.698823974609375,-2.0015525817871094,0.33039984107017517,2.473210334777832
1790030699760833800,17.708833740234375,-2.427720546722412,0.10534487664699554,0.5410895943641663
1790030699770843600,17.71884375,-2.6216509342193604,0.1149216815829277,-0.18914192914962769
1790030699790863000,17.738863037109375,-1.5179238319396973,1.338358759880066,0.9864110946655273
1790030699800873000,17.748873046875,-1.4844050407409668,-0.9433154463768005,2.1954829692840576
1790030699830902300,17.77890234375,0.20111294090747833,-0.7781155705451965,-0.1412578970193863
1790030699860900900,17.80890087890625,-1.889025092124939,1.8746598958969116,-0.608127236366272
1790030699870941200,17.818941162109375,-1.1755530834197998,-0.22505496442317963,-1.0127472877502441
1790030699900940000,17.84893994140625,-1.5298948287963867,0.028730420395731926,-0.9600749015808105
1790030699931030300,17.8790302734375,-0.19153612852096558,1.8531121015548706,1.7118542194366455
1790030699961059600,17.9090595703125,-0.9361328482627869,1.4939818382263184,1.0223240852355957
1790030700001098800,17.9490986328125,-1.7405846118927002,1.2018892765045166,2.183511972427368
1790030700011078000,17.959077880859375,-2.1930887699127197,2.1475989818573,3.7014358043670654
1790030700021087700,17.969087646484375,-2.516305923461914,3.6104562282562256,4.199429988861084
1790030700031097300,17.979097412109375,-2.6168625354766846,4.606443881988525,4.7620673179626465
1790030700051117000,17.999116943359375,-1.8148049116134644,2.477998733520508,4.513070106506348
1790030700151275800,18.09927587890625,-0.7445967197418213,2.250549554824829,2.868253707885742
1790030700161285400,18.109285400390625,-0.993593692779541,2.5330653190612793,3.0095114707946777
1790030700171295200,18.119295166015625,-0.5195417404174805,2.0231003761291504,1.9369091987609863
1790030700201294000,18.149294189453126,-1.2761094570159912,0.667982280254364,1.1061211824417114
1790030700221344000,18.169343994140625,-1.3718775510787964,-0.011971008032560349,0.5195417404174805
1790030700261413600,18.20941357421875,-2.343923568725586,1.3527239561080933,0.8020575642585754
1790030700301483300,18.249483154296875,-1.742978811264038,-2.762908697128296,-1.0031704902648926
1790030700331512600,18.2795126953125,-2.52109432220459,-1.4173674583435059,-1.5059528350830078
1790030700341553000,18.289552978515626,-2.2361843585968018,2.980781078338623,-0.17956513166427612
1790030700351562500,18.2995625,-1.867477297782898,5.070919036865234,2.892195701599121
1790030700361572400,18.309572265625,-1.403002142906189,2.169146776199341,3.3063924312591553
1790030700371551500,18.319551513671875,-1.2665326595306396,-1.8052281141281128,-0.5027823448181152
1790030700381622300,18.329622314453125,-2.4229321479797363,-3.117250680923462,-3.090914487838745
1790030700391632100,18.339632080078125,-2.6575639247894287,-3.4811692237854004,-3.5194764137268066
1790030700401611300,18.349611328125,-1.7836803197860718,-3.6727054119110107,-2.846705913543701
1790030700411651600,18.359651611328125,-1.900996208190918,-1.3551181554794312,-1.091755986213684
1790030700421661400,18.369661376953125,-1.5179238319396973,0.2944868206977844,-0.8595184087753296
1790030700431640600,18.379640625,-0.9768342971801758,1.0031704902648926,0.7924807667732239
1790030700441650400,18.389650390625,-0.9265560507774353,0.5626373887062073,2.2816741466522217
1790030700451690800,18.399690673828125,-0.7637503147125244,-0.8236053586006165,0.3998316824436188
1790030700461700600,18.40970068359375,-1.4748282432556152,-3.134010076522827,-2.121262788772583
1790030700471679700,18.4196796875,-2.7437551021575928,-2.8131868839263916,-3.466804027557373
1790030700481689600,18.429689697265626,-3.4165258407592773,-1.7310078144073486,-1.9823989868164062
1790030700491668700,18.439668701171875,-2.7246015071868896,-0.8810662031173706,-1.8794482946395874
1790030700501709000,18.449708984375,-1.2856862545013428,0.21308395266532898,-1.8722656965255737
1790030700511719000,18.459718994140626,-0.21787235140800476,0.6200982332229614,-0.0694318488240242
1790030700521759000,18.469759033203125,-0.586579442024231,0.6344634294509888,0.4165911078453064
1790030700541778700,18.48977880859375,-1.7908629179000854,-2.6431987285614014,-1.8555063009262085
1790030700551788300,18.499788330078125,-2.231395959854126,-2.873042106628418,-2.9759926795959473
1790030700561798100,18.509798095703125,-1.53707754611969,-2.425326347351074,-3.7253777980804443
1790030700591827500,18.539827392578125,2.365471363067627,0.10773907601833344,-1.3694833517074585
1790030700601837300,18.54983740234375,3.5170822143554688,0.5410895943641663,0.3519476354122162
1790030700611847000,18.559846923828125,3.507505416870117,0.2082955539226532,3.9432501792907715
1790030700621856800,18.569856689453125,1.3096283674240112,-0.05506663769483566,3.421314239501953
1790030700631866600,18.57986669921875,-1.0199298858642578,0.790086567401886,1.41257905960083
1790030700651886000,18.599885986328125,-2.978386878967285,0.21308395266532898,0.15322890877723694
1790030700691925000,18.639925048828125,-1.0055646896362305,0.569819986820221,-0.35913026332855225
1790030700701934800,18.649934814453125,-0.4165911078453064,0.7015010714530945,0.7709329724311829
1790030700711944700,18.65994482421875,-0.15562310814857483,-0.181959331035614,0.5554547905921936
1790030700721954300,18.669954345703125,-0.8307880163192749,-1.6519991159439087,-0.6033388376235962
1790030700731964200,18.679964111328125,-1.7884687185287476,-0.8068459630012512,-0.40940847992897034
1790030700742004500,18.69000439453125,-2.0446481704711914,-0.31124621629714966,0.05985504388809204
1790030700762024000,18.71002392578125,-1.0773907899856567,0.9241618514060974,-0.7565677165985107
1790030700822143500,18.7701435546875,-0.993593692779541,-0.028730420395731926,-0.42377370595932007
1790030700872253400,18.82025341796875,-0.304063618183136,-1.278503656387329,-0.8020575642585754
1790030700882293800,18.830293701171875,-0.4644751250743866,-1.0127472877502441,-0.9720458984375
1790030700892273000,18.84027294921875,-0.9648633003234863,-0.38067805767059326,-0.849941611289978
1790030700912323000,18.860322998046875,-0.31124621629714966,-0.7852981686592102,-0.38307225704193115
1790030700932342500,18.880342529296875,-0.35434186458587646,-0.019153613597154617,0.033518824726343155
1790030700942382800,18.8903828125,-0.6631938815116882,-0.5051765441894531,-0.15562310814857483
1790030700952362000,18.900362060546875,-0.9217676520347595,-0.09576806426048279,0.11013327538967133
1790030700992431600,18.940431640625,-0.07182604819536209,-0.6105214357376099,-0.16759411990642548
1790030701072601300,19.020601318359375,-0.7637503147125244,-0.27054479718208313,0.2585737705230713
1790030701142700300,19.0907001953125,0.16519992053508759,0.9840168952941895,-0.21547815203666687
1790030701192810000,19.14081005859375,-0.9911994934082031,-0.5291185975074768,-0.16519992053508759
1790030701262848000,19.210847900390625,-0.44771572947502136,-1.3239935636520386,-1.3000515699386597
1790030701302978600,19.250978515625,-0.26815059781074524,-2.382230758666992,-2.473210334777832
1790030701353057800,19.301057861328125,0.6536170840263367,-3.550601005554199,-3.361459255218506
1790030701393158000,19.341157958984375,-0.17477671802043915,-2.559401512145996,-3.471592426300049
1790030701413177600,19.361177490234375,-0.7086837291717529,-1.6615760326385498,-2.427720546722412
1790030701443176400,19.391176513671876,-0.5482721924781799,-2.1140801906585693,-2.0374655723571777
1790030701473297200,19.421297119140625,-1.3263877630233765,-0.9672574996948242,-1.3431471586227417
1790030701533416700,19.481416748046875,-2.978386878967285,-1.7046716213226318,-0.6368576288223267
1790030701563507200,19.511507080078125,-1.460463047027588,2.3726539611816406,1.216254472732544
1790030701573516800,19.521516845703125,-1.1899182796478271,1.1875240802764893,0.2298433631658554
1790030701583526700,19.531526611328125,-1.5442601442337036,1.479616641998291,-0.47165772318840027
1790030701613525500,19.561525390625,-0.727837324142456,2.1140801906585693,1.048660397529602
1790030701673645000,19.62164501953125,-2.140416383743286,-1.0582371950149536,-1.6711528301239014
1790030701693695200,19.6416953125,-1.742978811264038,0.20111294090747833,-0.272938996553421
1790030701713714700,19.661714599609375,-1.2401964664459229,0.7996633648872375,-0.828393816947937
1790030701733734100,19.681734130859375,-2.0446481704711914,0.21787235140800476,-2.049436569213867
1790030701803863600,19.751863525390625,-2.008735179901123,0.5626373887062073,0.22026655077934265
1790030701813873400,19.761873291015625,-1.3862427473068237,-0.8068459630012512,0.3519476354122162
1790030701833862400,19.7818623046875,-1.161187767982483,1.0558429956436157,1.5897499322891235
1790030701843933200,19.79193310546875,-1.4772224426269531,0.3256114423274994,1.3024457693099976
1790030701853943000,19.801943115234376,-1.9393033981323242,1.158793568611145,0.6991068720817566
1790030701863952600,19.81195263671875,-1.6065093278884888,-0.12449848651885986,0.8307880163192749
1790030701884033300,19.832033203125,-1.2282254695892334,-0.22266076505184174,-0.43095630407333374
1790030701924072200,19.872072265625,-1.01753568649292,-1.1635819673538208,-0.5027823448181152
1790030701964111400,19.912111328125,-3.00711727142334,1.8507179021835327,2.2170307636260986
1790030701974121200,19.922121337890626,-1.8602946996688843,0.6153098344802856,2.051830768585205
1790030701984161500,19.93216162109375,-1.0462661981582642,0.5363011956214905,3.8355112075805664
1790030701994171100,19.942171142578125,-1.53707754611969,0.689530074596405,4.699818134307861
1790030702034240800,19.98224072265625,-2.736572504043579,4.158728122711182,2.956839084625244
1790030702044250600,19.992250732421876,-2.4851813316345215,2.9281086921691895,3.7421371936798096
1790030702054260200,20.00226025390625,-2.564189910888672,2.9257144927978516,4.189853191375732
1790030702114410500,20.062410400390625,-1.4173674583435059,2.492363929748535,1.9943699836730957
1790030702124420000,20.072420166015625,-1.2665326595306396,1.9105730056762695,2.853888511657715
1790030702144439800,20.092439697265625,-0.9026140570640564,0.8164227604866028,2.75812029838562
1790030702154449400,20.102449462890625,-0.933738648891449,0.4836287498474121,2.3702597618103027
1790030702164459300,20.112459228515625,-0.7541735172271729,0.7924807667732239,1.2952631711959839
1790030702174499600,20.12249951171875,-0.5506663918495178,1.0845733880996704,0.8523358106613159
1790030702184509400,20.132509521484376,-0.3232172429561615,1.3192051649093628,0.8451532125473022
1790030702194519000,20.14251904296875,-0.27054479718208313,0.950498104095459,1.1851298809051514
1790030702214508000,20.162508056640625,-1.1109095811843872,0.12928688526153564,1.2880805730819702
1790030702234558200,20.18255810546875,-1.4101848602294922,-0.6177040338516235,0.23702596127986908
1790030702244567800,20.19256787109375,-1.173158884048462,-0.33518823981285095,-0.18914192914962769
1790030702254577700,20.20257763671875,-1.2090718746185303,0.7948749661445618,0.3423708379268646
1790030702274627800,20.2226279296875,-2.3798365592956543,2.0901381969451904,1.5107412338256836
1790030702284637400,20.232637451171875,-1.824381709098816,-0.090979665517807,-0.5602431893348694
1790030702304718000,20.252718017578125,-1.625662922859192,-1.5969325304031372,-0.9720458984375
1790030702374908400,20.322908447265625,-1.3455413579940796,-3.8522706031799316,-3.026270866394043
1790030702394958600,20.34295849609375,-0.5530605912208557,-2.252943754196167,-0.07422025501728058
1790030702404968200,20.35296826171875,-0.7733271718025208,-0.19871874153614044,0.5123591423034668
1790030702414947600,20.362947509765625,-0.395043283700943,-0.2298433631658554,-0.6057330369949341
1790030702424957400,20.37295751953125,-0.33039984107017517,0.33518823981285095,-0.8475474119186401
1790030702435028200,20.3830283203125,-0.6655880808830261,1.4700398445129395,0.2801215946674347
1790030702455047700,20.403047607421875,-2.298433542251587,0.9361328482627869,0.33279404044151306
1790030702465088000,20.413087890625,-2.7246015071868896,-1.0821791887283325,-0.8690952062606812
1790030702475097600,20.42309765625,-1.702277421951294,-2.382230758666992,-2.5761611461639404
1790030702485107500,20.433107421875,-1.1851298809051514,-0.828393816947937,-1.4317326545715332
1790030702495208700,20.443208740234375,-0.9169792532920837,-0.7350199222564697,-1.5729905366897583
1790030702505218600,20.453218505859375,-0.4357447028160095,-0.6368576288223267,-2.470816135406494
1790030702515228400,20.463228515625,-0.3256114423274994,-0.26815059781074524,-0.5770025849342346
1790030702525268500,20.4732685546875,-0.3519476354122162,-0.304063618183136,0.9624691009521484
1790030702535278300,20.4832783203125,-0.9888052940368652,0.42856210470199585,0.0694318488240242
1790030702545288200,20.4932880859375,-1.9608511924743652,0.727837324142456,-0.0694318488240242
1790030702575317500,20.5233173828125,-1.4915876388549805,-1.8339585065841675,0.2825157940387726
1790030702585327000,20.5333271484375,-1.7717092037200928,-1.8387469053268433,0.08619125932455063
1790030702595337000,20.5433369140625,-2.1787235736846924,-1.039083480834961,0.08140286058187485
1790030702605346800,20.553346923828126,-1.8818424940109253,-0.811634361743927,0.28730419278144836
1790030702695556600,20.643556640625,-0.090979665517807,1.9321208000183105,0.8212111592292786
1790030702705566500,20.65356640625,-0.8547300100326538,2.1954829692840576,1.0678139925003052
1790030702715545600,20.663545654296875,-1.3479355573654175,1.0295066833496094,0.33518823981285095
1790030702725586000,20.6735859375,-1.723825216293335,-0.2561795711517334,-0.5291185975074768
1790030702735595800,20.683595703125,-1.8746598958969116,-0.6847416758537292,-0.629675030708313
1790030702745605600,20.693605712890626,-1.6950948238372803,0.5889736413955688,0.4165911078453064
1790030702755615200,20.703615234375,-1.7334020137786865,1.1061211824417114,0.8762778043746948
1790030702765625000,20.713625,-1.113303780555725,0.7589619159698486,0.23942017555236816
1790030702785644500,20.73364453125,-1.2880805730819702,1.403002142906189,0.9696516990661621
1790030702795684900,20.743684814453125,-0.8475474119186401,0.2801215946674347,0.40701428055763245
1790030702815735000,20.763735107421876,-1.7573440074920654,-1.968033790588379,-1.6424223184585571
1790030702825744600,20.77374462890625,-1.766920804977417,-2.2457611560821533,-1.41257905960083
1790030702835754500,20.78375439453125,-1.091755986213684,-1.946485996246338,-0.42377370595932007
1790030702845794800,20.793794921875,-0.24899697303771973,-1.338358759880066,-0.6799532771110535
1790030702855804400,20.803804443359375,0.304063618183136,-1.3742717504501343,-1.05105459690094
1790030702875854600,20.8238544921875,0.9959878921508789,-0.586579442024231,-1.094150185585022
1790030702895904500,20.843904541015625,0.42377370595932007,-0.9816226959228516,-1.1635819673538208
1790030702905914400,20.853914306640625,-0.44771572947502136,-1.0582371950149536,-1.8148049116134644
1790030702915893500,20.8638935546875,-1.381454348564148,-0.7350199222564697,-2.123656988143921
1790030702935943700,20.883943603515625,-0.3423708379268646,0.3926490843296051,-1.3215993642807007
1790030702955993600,20.90399365234375,0.33758243918418884,1.1444283723831177,0.14844051003456116
1790030702966003500,20.91400341796875,0.6057330369949341,0.9864110946655273,0.689530074596405
1790030702976043800,20.924043701171875,0.8259995579719543,-0.19153612852096558,2.1356279850006104
1790030703016113400,20.964113525390626,-1.7836803197860718,0.304063618183136,0.42377370595932007
1790030703046142700,20.994142822265626,-0.8954314589500427,0.33997663855552673,-0.3687070608139038
1790030703056152300,21.00415234375,-0.24420857429504395,-0.5099649429321289,-0.4812345504760742
1790030703066162200,21.014162109375,-0.3902548849582672,-0.14844051003456116,-0.07900865375995636
1790030703086212000,21.034212158203125,-0.6440402865409851,0.06703764945268631,-0.05267243832349777
1790030703096222000,21.044221923828125,-0.9864110946655273,0.2968810200691223,0.1173158809542656
1790030703106231800,21.054231689453125,-1.3551181554794312,0.5099649429321289,0.15083470940589905
1790030703116302600,21.064302490234375,-1.036689281463623,0.6727706789970398,-0.21547815203666687
1790030703126312200,21.074312255859375,-0.49799394607543945,1.0007762908935547,-0.5889736413955688
1790030703136322000,21.084322021484375,-0.1867477297782898,1.1755530834197998,-0.33279404044151306
1790030703146332000,21.094331787109375,-0.08379705995321274,1.2234370708465576,-0.08140286058187485
1790030703156341500,21.104341552734375,-0.0071826050989329815,0.7230489253997803,0.13407529890537262
1790030703166351400,21.114351318359375,0.08140286058187485,-0.31124621629714966,0.28969839215278625
1790030703176361200,21.124361328125,-0.5746083855628967,-0.10773907601833344,0.7781155705451965
1790030703186401500,21.134401611328126,-1.37906014919281,0.6248866319656372,0.14844051003456116
1790030703206390500,21.154390625,-1.7549498081207275,0.7038952708244324,-0.05985504388809204
1790030703236419800,21.184419921875,-1.173158884048462,-0.6177040338516235,-0.9002198576927185
1790030703246429400,21.194429443359375,-0.7326257228851318,-0.7829039692878723,-1.4867992401123047
1790030703256469800,21.2044697265625,-0.33997663855552673,-1.139639973640442,-1.9393033981323242
1790030703266479600,21.214479736328126,-0.29209262132644653,-1.4437036514282227,-1.721431016921997
1790030703276489200,21.2244892578125,-0.3232172429561615,-1.4628572463989258,-1.9991583824157715
1790030703286529500,21.234529541015625,-0.15322890877723694,-1.4748282432556152,-2.008735179901123
1790030703306549200,21.25454931640625,-0.035913024097681046,-1.7884687185287476,-1.7836803197860718
1790030703316558800,21.264558837890625,0.18914192914962769,-1.6711528301239014,-1.8986018896102905
1790030703326599200,21.27459912109375,0.28969839215278625,-1.9249382019042969,-2.583343744277954
1790030703336609000,21.284609130859376,0.272938996553421,-2.0805611610412598,-2.846705913543701
1790030703396698000,21.344697998046875,-0.05985504388809204,-2.252943754196167,-1.941697597503662
1790030703406707700,21.354707763671875,-0.4213795065879822,-2.051830768585205,-1.9919757843017578
1790030703436798200,21.384798095703125,-0.05746084079146385,-2.032677173614502,-2.7724854946136475
1790030703446777300,21.39477734375,-0.3208230137825012,-2.736572504043579,-3.1914708614349365
1790030703456848100,21.40484814453125,-0.6488286852836609,-3.045424461364746,-4.094084739685059
1790030703466858000,21.41485791015625,-1.4245500564575195,-2.434903144836426,-3.2393548488616943
1790030703476867800,21.424867919921876,-1.656787633895874,-1.8195933103561401,-2.341529369354248
1790030703526977500,21.4749775390625,-1.3335703611373901,-1.8914192914962769,-2.300827741622925
1790030703536987400,21.4849873046875,-0.9217676520347595,-1.9776105880737305,-2.3343467712402344
1790030703567047200,21.515047119140625,-2.3942017555236816,0.014365210197865963,-0.828393816947937
1790030703577057000,21.52505712890625,-2.2601263523101807,0.6607996821403503,0.5506663918495178
1790030703597137400,21.545137451171875,-0.9864110946655273,0.2992752194404602,-0.29209262132644653
1790030703627197400,21.575197509765626,-1.3024457693099976,0.17956513166427612,-0.2513911724090576
1790030703647217000,21.595216796875,-2.1356279850006104,1.0079588890075684,0.9289502501487732
1790030703657226500,21.6052265625,-2.432508945465088,1.2952631711959839,0.6248866319656372
1790030703667266800,21.615266845703125,-2.1547815799713135,0.993593692779541,0.828393816947937
1790030703677276700,21.625276611328125,-1.403002142906189,-0.8882488012313843,-0.5267243981361389
1790030703687317000,21.63531689453125,-1.2521674633026123,0.5003881454467773,0.2777273952960968
1790030703697326600,21.64532666015625,-1.0079588890075684,-0.1604115068912506,0.24420857429504395
1790030703707336400,21.65533642578125,-0.7158663272857666,-1.723825216293335,-0.7469909191131592
1790030703717376800,21.665376708984375,-1.7597382068634033,-0.8930372595787048,-1.1971008777618408
1790030703727386600,21.67538671875,-2.073378562927246,-0.16998831927776337,-0.3663128614425659
1790030703737457400,21.68545751953125,-1.357512354850769,-2.166752576828003,-0.849941611289978
1790030703757507300,21.70550732421875,-0.7110779285430908,-1.522712230682373,-1.9704279899597168
1790030703767517200,21.71551708984375,-0.5410895943641663,-1.3551181554794312,-2.056619167327881
1790030703777557500,21.7255576171875,-0.40940847992897034,-1.0127472877502441,-1.4245500564575195
1790030703787567000,21.735567138671875,-0.6320692300796509,-0.6033388376235962,-1.192312479019165
1790030703807586800,21.7555869140625,-1.3335703611373901,0.5793967843055725,1.0271124839782715
1790030703817627000,21.765626953125,-2.1045033931732178,1.1875240802764893,1.4317326545715332
1790030703827667200,21.775667236328125,-1.9776105880737305,0,-0.40222588181495667
1790030703877746700,21.82574658203125,-1.4963760375976562,2.2242133617401123,1.8339585065841675
1790030703947937000,21.89593701171875,-2.0039467811584473,1.290474772453308,0.5674257874488831
1790030703957947000,21.90594677734375,-2.516305923461914,0.8259995579719543,1.0582371950149536
1790030703988006700,21.936006591796875,-1.9249382019042969,-1.2114660739898682,-1.7286136150360107
1790030703998016500,21.9460166015625,-1.53707754611969,0.20350714027881622,-0.790086567401886
1790030704028045800,21.9760458984375,-1.3000515699386597,-1.7525556087493896,-1.1085153818130493
1790030704038055400,21.986055419921875,-0.8690952062606812,-0.8236053586006165,-0.7781155705451965
1790030704048065300,21.996065185546875,-0.8762778043746948,1.2737152576446533,0.7469909191131592
1790030704058075000,22.006074951171875,-0.768538773059845,1.1228805780410767,2.0374655723571777
1790030704068084700,22.016084716796875,-1.0462661981582642,1.8411411046981812,2.212242364883423
1790030704078125000,22.026125,-2.032677173614502,1.5179238319396973,2.4684219360351562
1790030704098175000,22.046175048828125,-1.8387469053268433,0.15322890877723694,0.181959331035614
1790030704108184800,22.056184814453125,-1.036689281463623,-0.3711012601852417,-0.12689268589019775
1790030704138244600,22.08624462890625,-2.5498247146606445,2.31758713722229,2.360682964324951
1790030704148285000,22.096284912109375,-2.142810583114624,2.365471363067627,2.190694570541382
1790030704158294800,22.106294677734375,-1.3982137441635132,2.3367409706115723,1.944091796875
1790030704168304400,22.116304443359375,-1.1899182796478271,1.659181833267212,2.2026655673980713
1790030704178314200,22.126314208984375,-1.41257905960083,1.3742717504501343,2.4229321479797363
1790030704188324000,22.136323974609375,-1.647210717201233,0.47884035110473633,3.471592426300049
1790030704198364400,22.146364501953126,-2.2840683460235596,1.2473790645599365,4.529829502105713
1790030704208343600,22.156343505859375,-2.7509377002716064,0.8092401623725891,4.194641590118408
1790030704218384000,22.1663837890625,-1.7717092037200928,0.9097966551780701,4.786009311676025
1790030704228393700,22.176393798828126,-1.5634137392044067,1.6639702320098877,5.5114521980285645
1790030704238403300,22.1864033203125,-1.6376339197158813,2.229001760482788,4.793191909790039
1790030704318542600,22.26654248046875,-1.482010841369629,1.3718775510787964,0.6224924325942993
1790030704378692600,22.326692626953125,-1.115697979927063,1.2761094570159912,1.3192051649093628
1790030704388702500,22.336702392578125,-0.6512228846549988,-0.07900865375995636,0.3495534360408783
1790030704418731800,22.366731689453125,-1.4676456451416016,1.1228805780410767,1.9105730056762695
1790030704428741600,22.37674169921875,-1.8698714971542358,0.29209262132644653,1.3287819623947144
1790030704458801400,22.406801513671876,-1.0319008827209473,-0.6488286852836609,-0.8762778043746948
1790030704468811000,22.41681103515625,-1.4891934394836426,-0.3423708379268646,-0.3734954595565796
1790030704478820900,22.42682080078125,-1.9632453918457031,0.2513911724090576,-0.6320692300796509
1790030704488830700,22.436830810546876,-1.9177556037902832,-0.7182605266571045,-1.5969325304031372
1790030704498870800,22.446870849609375,-1.2521674633026123,-1.113303780555725,-1.5394717454910278
1790030704508880600,22.456880615234375,-1.3431471586227417,-0.790086567401886,-0.6584054827690125
1790030704569061400,22.517061279296875,-1.764526605606079,0.4908113479614258,0.7493851184844971
1790030704619140600,22.567140625,-1.8100165128707886,-1.1563993692398071,-0.2322375625371933
1790030704669189600,22.617189697265626,-0.8164227604866028,0.8690952062606812,1.625662922859192
1790030704679168800,22.627168701171875,-1.482010841369629,-0.9888052940368652,1.4053963422775269
1790030704689209000,22.637208984375,-3.028665065765381,-2.9065608978271484,0.19393034279346466
1790030704699280000,22.64727978515625,-4.908113479614258,-1.0869675874710083,-2.0590133666992188
1790030704709289700,22.657289794921876,-4.78122091293335,-0.7757213711738586,-2.1715409755706787
1790030704719360500,22.667360595703126,-3.021482467651367,-1.2880805730819702,-1.1324573755264282
1790030704729400600,22.677400634765625,-1.7334020137786865,-0.7924807667732239,-0.689530074596405
1790030704759430000,22.707429931640625,-0.8212111592292786,0.17956513166427612,-2.3774423599243164
1790030704779419000,22.7274189453125,-1.5322890281677246,1.1971008777618408,0.21547815203666687
1790030704789490000,22.737489990234376,-1.941697597503662,0.7972691655158997,0.6703764796257019
1790030704809539800,22.757539794921875,-0.5578489899635315,-3.047818660736084,-1.7190368175506592
1790030704859680300,22.80768017578125,0.47644615173339844,2.7293899059295654,1.3096283674240112
1790030704919799800,22.8677998046875,-1.941697597503662,0.6727706789970398,0.31364041566848755
1790030704929809700,22.8778095703125,-1.1013327836990356,-0.05267243832349777,-0.22266076505184174
1790030704939819300,22.8878193359375,-0.9792284965515137,-0.22505496442317963,-0.8379706144332886
1790030704949859600,22.897859619140625,-0.7254431247711182,-0.9983820915222168,-0.31603461503982544
1790030704959839000,22.9078388671875,-1.213860273361206,-0.7613561153411865,-0.090979665517807
1790030704969879300,22.91787939453125,-2.3104045391082764,0.6919242739677429,0.033518824726343155
1790030704979889000,22.927888916015625,-1.9991583824157715,1.0773907899856567,-0.23942017555236816
1790030704989929200,22.93792919921875,-1.5490485429763794,0.6919242739677429,-0.047884032130241394
1790030704999908600,22.94790869140625,-1.316810965538025,-0.43095630407333374,-0.22026655077934265
1790030705009948700,22.95794873046875,-0.7493851184844971,-1.6065093278884888,-1.2545616626739502
1790030705019958500,22.96795849609375,-0.17956513166427612,-2.209848165512085,-1.941697597503662
1790030705029968400,22.977968505859376,0.21547815203666687,-1.2282254695892334,-1.3862427473068237
1790030705050018300,22.998018310546875,0.586579442024231,0.3902548849582672,-1.1683704853057861
1790030705060058600,23.00805859375,0.4668693244457245,0.5195417404174805,-1.173158884048462
1790030705070068500,23.018068359375,0.22026655077934265,0.3232172429561615,-0.9552865028381348
1790030705080078000,23.028078125,-0.10295066982507706,0.1149216815829277,-0.6248866319656372
1790030705120117200,23.0681171875,-0.9792284965515137,-0.8044517636299133,-0.608127236366272
1790030705130127000,23.078127197265626,-1.414973258972168,0.21787235140800476,-0.22266076505184174
1790030705140136700,23.08813671875,-1.5873557329177856,0.6320692300796509,0.07182604819536209
1790030705230346800,23.1783466796875,0,-0.5626373887062073,-1.357512354850769
1790030705240356600,23.188356689453126,-0.40701428055763245,-0.37828385829925537,-1.3431471586227417
1790030705250396700,23.198396728515625,-0.42856210470199585,-1.0606313943862915,-1.659181833267212
1790030705260406500,23.208406494140625,-0.19153612852096558,-1.259350061416626,-1.922544002532959
1790030705270446800,23.21844677734375,0.10055647045373917,-1.2713210582733154,-1.7597382068634033
1790030705280456700,23.228456787109376,0.33039984107017517,-1.1444283723831177,-1.6041151285171509
1790030705290527500,23.238527587890626,0.4836287498474121,-0.5578489899635315,-1.1492167711257935
1790030705300567600,23.248567626953125,0.45010992884635925,0.031124621629714966,-0.6703764796257019
1790030705330596900,23.278596923828125,-0.026336219161748886,0.7374141216278076,0.6248866319656372
1790030705340606700,23.288606689453125,-0.22026655077934265,0.1364694982767105,0.9289502501487732
1790030705350616600,23.298616455078125,-0.4213795065879822,0.17477671802043915,0.6943184733390808
1790030705360626200,23.308626220703125,-0.4596867263317108,0.3902548849582672,0.5578489899635315
1790030705370666500,23.31866650390625,-0.6584054827690125,0.6272808313369751,0.2298433631658554
1790030705380676400,23.32867626953125,-0.811634361743927,1.0534487962722778,0.3280056416988373
1790030705420807000,23.368806884765625,-0.6584054827690125,-0.363918662071228,0.6368576288223267
1790030705480957200,23.428957275390626,0.15562310814857483,-1.2066776752471924,-1.8698714971542358
1790030705490997200,23.438997314453125,0.15322890877723694,-1.237802267074585,-1.482010841369629
1790030705501068300,23.449068359375,0.3256114423274994,-0.9624691009521484,-1.316810965538025
1790030705511078000,23.459077880859375,0.38546648621559143,-0.8164227604866028,-1.4484920501708984
1790030705541198800,23.48919873046875,0.21308395266532898,-0.19393034279346466,-0.790086567401886
1790030705611389200,23.55938916015625,-0.3280056416988373,0.45489832758903503,0.5961562395095825
1790030705641449000,23.589448974609375,-0.21547815203666687,0.3998316824436188,0.6224924325942993
1790030705651489300,23.5994892578125,-0.14844051003456116,0.3016694188117981,0.6129156351089478
1790030705661529600,23.609529541015625,-0.12210428714752197,0.2944868206977844,0.49559974670410156
1790030705721679600,23.6696796875,0.19632454216480255,-0.21308395266532898,-0.5386953949928284
1790030705751770000,23.69977001953125,0.07900865375995636,-0.3064578175544739,-0.40701428055763245
1790030705761810400,23.709810546875,0.040701430290937424,-0.42616790533065796,-0.4668693244457245
1790030705771850800,23.719850830078126,0.2825157940387726,-0.43335050344467163,-0.5434837937355042
1790030705781860400,23.7298603515625,0.19871874153614044,-0.22505496442317963,-0.3711012601852417
1790030705791870200,23.7398701171875,0.047884032130241394,-0.22744916379451752,-0.3064578175544739
1790030705801879800,23.7498798828125,-0.023942016065120697,-0.1604115068912506,0.026336219161748886
1790030705811950800,23.759950927734376,-0.12928688526153564,0.05027823522686958,-0.1173158809542656
1790030705892120300,23.840120361328125,0.05506663769483566,-0.040701430290937424,-0.06703764945268631
1790030705922241300,23.8702412109375,0.021547814831137657,-0.22026655077934265,-0.0454898327589035
1790030705992370700,23.94037060546875,-0.033518824726343155,0.2059013396501541,0.1173158809542656
1790030706002380500,23.950380615234376,-0.047884032130241394,0.10295066982507706,0.08379705995321274
1790030706012390100,23.96039013671875,-0.07900865375995636,0.20111294090747833,0.13168109953403473
1790030706032440300,23.9804404296875,-0.1604115068912506,-0.019153613597154617,-0.16519992053508759
1790030706062469600,24.0104697265625,-0.07422025501728058,-0.08858546614646912,0.05985504388809204
1790030706072479200,24.020479248046875,0.05267243832349777,-0.15083470940589905,-0.22505496442317963
1790030706082489000,24.030489013671875,-0.05267243832349777,-0.028730420395731926,0.10534487664699554
1790030706092499000,24.0404990234375,0.1604115068912506,-0.30885201692581177,0.26336219906806946
1790030706102508500,24.050508544921875,-0.035913024097681046,-0.12928688526153564,0.181959331035614
1790030706112518400,24.060518310546875,-0.08858546614646912,0.002394201699644327,-0.13168109953403473
1790030706122589200,24.070589111328125,0.08140286058187485,-0.07900865375995636,-0.21547815203666687
1790030706132629500,24.08062939453125,-0.026336219161748886,-0.33758243918418884,-0.05027823522686958
1790030706172729600,24.1207294921875,0.07422025501728058,0.10295066982507706,0.002394201699644327
1790030706182770000,24.13077001953125,-0.05027823522686958,0.031124621629714966,-0.033518824726343155
1790030706232818700,24.180818603515625,-0.021547814831137657,0.0071826050989329815,-0.10534487664699554
1790030706242889500,24.190889404296875,0.10295066982507706,0.090979665517807,-0.19393034279346466
1790030706262909000,24.210908935546875,0.16519992053508759,-0.12689268589019775,0.13407529890537262
1790030706292968700,24.24096875,0.0694318488240242,0.026336219161748886,-0.2537853717803955
1790030706393188600,24.341188720703126,0,0.31603461503982544,0.2513911724090576
1790030706403229000,24.35122900390625,0.22505496442317963,0.06224924325942993,-0.016759412363171577
1790030706413299700,24.3612998046875,0.2059013396501541,0.019153613597154617,-0.304063618183136
1790030706423309300,24.371309326171875,0.038307227194309235,-0.014365210197865963,0.019153613597154617
1790030706433349600,24.381349609375,-0.08858546614646912,-0.16998831927776337,-0.10055647045373917
1790030706463440000,24.41143994140625,0.06703764945268631,-0.22505496442317963,-0.19632454216480255
1790030706473449700,24.42144970703125,0.0694318488240242,-0.05506663769483566,-0.27054479718208313
1790030706483490000,24.431489990234375,-0.002394201699644327,-0.08379705995321274,-0.17956513166427612
1790030706493560800,24.441560791015625,-0.0454898327589035,-0.05506663769483566,0.023942016065120697
1790030706503570700,24.45157080078125,-0.0933738648891449,0.023942016065120697,-0.009576806798577309
1790030706513580300,24.461580322265625,0.004788403399288654,-0.1604115068912506,-0.2059013396501541
1790030706523590100,24.471590087890625,-0.028730420395731926,0,-0.17477671802043915
1790030706533630500,24.48163037109375,-0.12210428714752197,0.07900865375995636,0.22505496442317963
1790030706553680400,24.501680419921875,-0.0454898327589035,-0.040701430290937424,0.07661445438861847
1790030706563690200,24.511690185546875,-0.05746084079146385,-0.031124621629714966,-0.002394201699644327
1790030706573730600,24.52173046875,-0.009576806798577309,0.040701430290937424,0.12210428714752197
1790030706583740200,24.531740234375,-0.06224924325942993,0.09576806426048279,0.23702596127986908
1790030706593750000,24.54175,-0.05027823522686958,0.07661445438861847,0.021547814831137657
1790030706603759900,24.551759765625,0.07900865375995636,0.08140286058187485,0.009576806798577309
1790030706613800200,24.56180029296875,-0.026336219161748886,0.181959331035614,0.18914192914962769
1790030706633819600,24.581819580078125,0.031124621629714966,0.002394201699644327,0.15562310814857483
1790030706643921000,24.5919208984375,-0.043095629662275314,0.009576806798577309,0.06464344263076782
