time,seconds_elapsed,x,z,y
1790030008168154400,0.129154296875,-0.014365210197865963,0.11013327538967133,0.07422025501728058
1790030008178133800,0.1391337890625,-0.10534487664699554,0.545877993106842,0
1790030008188143400,0.149143310546875,-0.10295066982507706,0.011971008032560349,-0.13168109953403473
1790030008197953300,0.158953369140625,-0.07661445438861847,-0.05027823522686958,-0.002394201699644327
1790030008207662800,0.168662841796875,-0.08379705995321274,-0.0454898327589035,0.22744916379451752
1790030008217472800,0.17847265625,-0.22026655077934265,-0.035913024097681046,0
1790030008237392100,0.19839208984375,0.05506663769483566,-0.033518824726343155,-0.2322375625371933
1790030008247402000,0.208402099609375,0.05985504388809204,-0.011971008032560349,-0.047884032130241394
1790030008317501000,0.2785009765625,-0.11013327538967133,-0.043095629662275314,0.24181437492370605
1790030008357539800,0.318539794921875,-0.090979665517807,0.004788403399288654,0
1790030008367549700,0.3285498046875,0.047884032130241394,0.011971008032560349,-0.05267243832349777
1790030008377559600,0.3385595703125,0.08619125932455063,-0.07182604819536209,-0.07900865375995636
1790030008417629200,0.378629150390625,-0.026336219161748886,-0.07182604819536209,0.028730420395731926
1790030008457668000,0.418668212890625,-0.15801730751991272,0.181959331035614,0.19871874153614044
1790030008467678000,0.428677978515625,-0.10295066982507706,0.26096799969673157,0.1604115068912506
1790030008477718300,0.43871826171875,-0.08858546614646912,0.20350714027881622,-0.08619125932455063
1790030008487727900,0.448727783203125,0.026336219161748886,0.17717093229293823,-0.12689268589019775
1790030008507716900,0.468716796875,-0.0933738648891449,0.15801730751991272,-0.016759412363171577
1790030008517757200,0.478757080078125,-0.0454898327589035,0.05027823522686958,0.16759411990642548
1790030008527767000,0.48876708984375,-0.0071826050989329815,0.016759412363171577,0.3471592366695404
1790030008537776600,0.498776611328125,0.08140286058187485,-0.026336219161748886,-0.002394201699644327
1790030008547756000,0.508756103515625,0.19393034279346466,-0.06703764945268631,-0.3447650372982025
1790030008557796400,0.51879638671875,0.14844051003456116,0.014365210197865963,-0.3256114423274994
1790030008567806000,0.528805908203125,0.047884032130241394,0,-0.18914192914962769
1790030008577815800,0.53881591796875,-0.028730420395731926,0.019153613597154617,-0.1412578970193863
1790030008587825700,0.54882568359375,0.023942016065120697,-0.11252748221158981,0.002394201699644327
1790030008597835300,0.558835205078125,0.040701430290937424,-0.0933738648891449,-0.13168109953403473
1790030008627864600,0.588864501953125,-0.1412578970193863,-0.028730420395731926,0.10534487664699554
1790030008647914800,0.608914794921875,0.0071826050989329815,-0.14844051003456116,-0.035913024097681046
1790030008657894000,0.618893798828125,0.05985504388809204,0.12449848651885986,0.181959331035614
1790030008667903700,0.62890380859375,-0.043095629662275314,-0.07422025501728058,0.090979665517807
1790030008677944000,0.638944091796875,-0.014365210197865963,-0.2106897532939911,-0.07900865375995636
1790030008687953700,0.64895361328125,0.0454898327589035,-0.06703764945268631,0.033518824726343155
1790030008697963500,0.658963623046875,-0.043095629662275314,-0.11013327538967133,-0.040701430290937424
1790030008718013700,0.679013671875,-0.031124621629714966,0,-0.0454898327589035
1790030008728023300,0.689023193359375,0.07900865375995636,0.17717093229293823,0
1790030008738033200,0.699033203125,-0.038307227194309235,0.12689268589019775,0.21547815203666687
1790030008748042800,0.709042724609375,-0.040701430290937424,-0.09576806426048279,0.011971008032560349
1790030008768093000,0.729093017578125,0.033518824726343155,0.24660277366638184,-0.009576806798577309
1790030008778102800,0.739102783203125,0.05746084079146385,0.16519992053508759,0.05267243832349777
1790030008788112400,0.7491123046875,-0.019153613597154617,0.13407529890537262,0.08379705995321274
1790030008798122200,0.759122314453125,-0.06224924325942993,0.1604115068912506,0.19871874153614044
1790030008808101400,0.769101318359375,-0.038307227194309235,-0.043095629662275314,0.0694318488240242
1790030008818141700,0.7791416015625,0.05027823522686958,0.019153613597154617,0.023942016065120697
1790030008858211300,0.81921142578125,0.08858546614646912,-0.0694318488240242,0.023942016065120697
1790030008868221200,0.82922119140625,0.035913024097681046,-0.14844051003456116,-0.16998831927776337
1790030008878230800,0.839230712890625,0.08619125932455063,-0.05506663769483566,-0.10295066982507706
1790030008888240600,0.84924072265625,0.040701430290937424,-0.1149216815829277,-0.021547814831137657
1790030008898250500,0.85925048828125,-0.13168109953403473,-0.181959331035614,-0.016759412363171577
1790030008908260000,0.869260009765625,0,-0.1149216815829277,-0.19632454216480255
1790030008918270000,0.87927001953125,0.0454898327589035,-0.06703764945268631,0.028730420395731926
1790030008948299300,0.90929931640625,0.023942016065120697,-0.21308395266532898,-0.20111294090747833
1790030008958308900,0.919308837890625,0.10534487664699554,0.07900865375995636,0.004788403399288654
1790030008968318700,0.929318603515625,-0.031124621629714966,-0.031124621629714966,0.05506663769483566
1790030008978328600,0.93932861328125,0.07182604819536209,-0.2082955539226532,-0.10055647045373917
1790030008988369000,0.949368896484375,0.10295066982507706,-0.19393034279346466,-0.1364694982767105
1790030008998378500,0.95937841796875,-0.038307227194309235,-0.035913024097681046,-0.12210428714752197
1790030009008358000,0.96935791015625,-0.09576806426048279,0.19632454216480255,0.0933738648891449
1790030009038417700,0.999417724609375,0.06464344263076782,-0.06224924325942993,-0.0694318488240242
1790030009048427500,1.009427490234375,-0.023942016065120697,-0.009576806798577309,-0.20111294090747833
1790030009068508000,1.0295078125,0,0.2753331959247589,0.11252748221158981
1790030009078487300,1.0394873046875,-0.12210428714752197,-0.043095629662275314,0.2322375625371933
1790030009088527600,1.049527587890625,-0.0071826050989329815,-0.16519992053508759,-0.07422025501728058
1790030009098537200,1.059537109375,0.043095629662275314,-0.0071826050989329815,-0.09816227108240128
1790030009108547000,1.069547119140625,-0.043095629662275314,-0.13168109953403473,-0.12928688526153564
1790030009118587400,1.07958740234375,0.05506663769483566,-0.047884032130241394,-0.11013327538967133
1790030009128597000,1.089596923828125,0.08858546614646912,0.24420857429504395,0.10534487664699554
1790030009138606800,1.09960693359375,-0.10055647045373917,0.31603461503982544,0.4884171485900879
1790030009168636200,1.12963623046875,-0.08619125932455063,-0.07661445438861847,0.014365210197865963
1790030009178646000,1.13964599609375,-0.10055647045373917,-0.21308395266532898,-0.07661445438861847
1790030009188655600,1.149655517578125,-0.028730420395731926,0.17717093229293823,-0.07900865375995636
1790030009198696000,1.159696044921875,-0.035913024097681046,-0.021547814831137657,-0.016759412363171577
1790030009208705800,1.169705810546875,0.011971008032560349,-0.038307227194309235,-0.014365210197865963
1790030009218715400,1.17971533203125,-0.033518824726343155,0.019153613597154617,-0.1364694982767105
1790030009248744700,1.20974462890625,-0.011971008032560349,-0.090979665517807,-0.05506663769483566
1790030009268764400,1.229764404296875,0.016759412363171577,-0.06703764945268631,-0.07422025501728058
1790030009288814300,1.249814453125,-0.004788403399288654,-0.019153613597154617,-0.09576806426048279
1790030009298824200,1.25982421875,0.10055647045373917,-0.004788403399288654,0.014365210197865963
1790030009308833800,1.269833740234375,0.031124621629714966,0.17956513166427612,-0.07422025501728058
1790030009318874000,1.2798740234375,0.009576806798577309,0.043095629662275314,0.043095629662275314
1790030009328884000,1.289884033203125,-0.10295066982507706,0.031124621629714966,0.021547814831137657
1790030009338893800,1.299893798828125,-0.10055647045373917,0.07182604819536209,0.0933738648891449
1790030009368892400,1.329892333984375,0.011971008032560349,-0.05506663769483566,-0.07182604819536209
1790030009378902300,1.33990234375,-0.009576806798577309,-0.08379705995321274,-0.10773907601833344
1790030009388942600,1.349942626953125,-0.06464344263076782,0.009576806798577309,-0.05506663769483566
1790030009398952200,1.3599521484375,0.016759412363171577,0.21547815203666687,0.09576806426048279
1790030009408962000,1.369962158203125,0.08619125932455063,0.10055647045373917,0.1364694982767105
1790030009418972000,1.379971923828125,0.181959331035614,-0.035913024097681046,0
1790030009428981500,1.3899814453125,0,0.021547814831137657,0.011971008032560349
1790030009438991400,1.399991455078125,-0.09576806426048279,-0.08140286058187485,0.038307227194309235
1790030009458980400,1.41998046875,0.0071826050989329815,0.014365210197865963,-0.021547814831137657
1790030009469020700,1.430020751953125,0.026336219161748886,-0.023942016065120697,-0.040701430290937424
1790030009479030500,1.440030517578125,0.028730420395731926,-0.06464344263076782,-0.13168109953403473
1790030009489040100,1.4500400390625,-0.026336219161748886,-0.10055647045373917,-0.16519992053508759
1790030009509090300,1.47009033203125,0.002394201699644327,0.05267243832349777,0.11013327538967133
1790030009529109800,1.49010986328125,-0.13407529890537262,0.0071826050989329815,0.15801730751991272
1790030009539119600,1.50011962890625,-0.09576806426048279,0.016759412363171577,-0.1149216815829277
1790030009549129200,1.510129150390625,-0.004788403399288654,0.06703764945268631,-0.15322890877723694
1790030009559139000,1.52013916015625,-0.035913024097681046,0.22266076505184174,0.023942016065120697
1790030009589168400,1.55016845703125,-0.043095629662275314,0.11013327538967133,0.035913024097681046
1790030009599178200,1.56017822265625,-0.07422025501728058,0.07900865375995636,0.17238251864910126
1790030009629207600,1.59020751953125,0.035913024097681046,0.047884032130241394,0.011971008032560349
1790030009639247600,1.60024755859375,-0.12449848651885986,-0.033518824726343155,0.19871874153614044
1790030009649257500,1.610257568359375,0.047884032130241394,-0.2059013396501541,-0.09576806426048279
1790030009659267300,1.620267333984375,0.09576806426048279,-0.11013327538967133,-0.1604115068912506
1790030009669307600,1.6303076171875,-0.0454898327589035,-0.002394201699644327,-0.15322890877723694
1790030009709346600,1.6703466796875,-0.05746084079146385,-0.06464344263076782,-0.090979665517807
1790030009749477000,1.71047705078125,0.05506663769483566,-0.06703764945268631,-0.05027823522686958
1790030009769496800,1.730496826171875,-0.031124621629714966,-0.021547814831137657,-0.08858546614646912
1790030009809597000,1.770596923828125,-0.011971008032560349,-0.0071826050989329815,0.043095629662275314
1790030009899745800,1.860745849609375,0,-0.026336219161748886,0.05985504388809204
1790030009909786000,1.8707861328125,0.07661445438861847,-0.011971008032560349,-0.038307227194309235
1790030009929836000,1.8908359375,-0.05746084079146385,0.07661445438861847,0.05267243832349777
1790030009939876400,1.90087646484375,-0.023942016065120697,-0.016759412363171577,0.05027823522686958
1790030009949916700,1.910916748046875,0.05027823522686958,0.0071826050989329815,-0.009576806798577309
1790030009959957000,1.92095703125,-0.021547814831137657,-0.08619125932455063,-0.07900865375995636
1790030009969997300,1.930997314453125,0,0.07661445438861847,-0.1364694982767105
1790030009990047200,1.951047119140625,-0.004788403399288654,0.06464344263076782,0.06464344263076782
1790030010000057000,1.96105712890625,-0.011971008032560349,0.10055647045373917,0.304063618183136
1790030010010066700,1.971066650390625,-0.016759412363171577,-0.09576806426048279,0.15322890877723694
1790030010020107000,1.98110693359375,0.023942016065120697,-0.08379705995321274,-0.1388636976480484
1790030010030086400,1.99108642578125,-0.014365210197865963,-0.040701430290937424,-0.033518824726343155
1790030010040096000,2.001095947265625,-0.10055647045373917,0.06703764945268631,-0.06703764945268631
1790030010050136300,2.01113623046875,-0.0071826050989329815,-0.035913024097681046,-0.11252748221158981
1790030010060146200,2.021146240234375,-0.019153613597154617,-0.06464344263076782,-0.033518824726343155
1790030010070186500,2.0311865234375,0.021547814831137657,-0.06464344263076782,0.033518824726343155
1790030010080196000,2.041196044921875,0.11971008777618408,-0.06224924325942993,-0.0071826050989329815
1790030010090206000,2.0512060546875,0.023942016065120697,-0.026336219161748886,-0.1149216815829277
1790030010100215800,2.0612158203125,0.002394201699644327,0.13407529890537262,-0.035913024097681046
1790030010110225400,2.071225341796875,-0.13168109953403473,0.0071826050989329815,0.09576806426048279
1790030010120265700,2.081265625,0.004788403399288654,0.06224924325942993,0.035913024097681046
1790030010130275600,2.091275634765625,0.05746084079146385,-0.0071826050989329815,-0.05267243832349777
1790030010150295000,2.111294921875,0.1412578970193863,-0.016759412363171577,-0.1388636976480484
1790030010170345200,2.13134521484375,-0.002394201699644327,-0.20350714027881622,0.12449848651885986
1790030010180354800,2.141354736328125,-0.033518824726343155,-0.13407529890537262,0.05027823522686958
1790030010200374500,2.16137451171875,0.07900865375995636,-0.009576806798577309,0.011971008032560349
1790030010210384100,2.171384033203125,-0.026336219161748886,-0.06464344263076782,0.019153613597154617
1790030010240444000,2.20144384765625,0.002394201699644327,-0.0454898327589035,-0.22266076505184174
1790030010250423300,2.21142333984375,0,-0.040701430290937424,0
1790030010320552700,2.281552734375,0.09576806426048279,0.016759412363171577,-0.17717093229293823
1790030010340572200,2.301572265625,0.08140286058187485,-0.09816227108240128,-0.08619125932455063
1790030010390621000,2.351620849609375,0.031124621629714966,-0.15322890877723694,-0.06464344263076782
1790030010470699000,2.431698974609375,0.043095629662275314,-0.6033388376235962,-0.2753331959247589
1790030010530849300,2.491849365234375,-0.009576806798577309,-2.382230758666992,-0.4381389021873474
1790030010600856600,2.561856689453125,-0.08858546614646912,-1.7190368175506592,-2.561795711517334
1790030010610897000,2.57189697265625,-0.1173158809542656,-1.3335703611373901,-2.736572504043579
1790030010620906800,2.58190673828125,-0.3280056416988373,-1.0199298858642578,-1.5466543436050415
1790030010630916400,2.591916259765625,-0.5099649429321289,-0.9600749015808105,-0.8667010068893433
1790030010640956700,2.601956787109375,-0.4189853072166443,-0.5147533416748047,-0.7469909191131592
1790030010650966500,2.611966552734375,-0.5674257874488831,-0.6177040338516235,-0.5123591423034668
1790030010660945700,2.621945556640625,-0.7230489253997803,-0.11013327538967133,-0.8212111592292786
1790030010691005400,2.65200537109375,-1.0965443849563599,-0.24181437492370605,-0.8834604024887085
1790030010700984800,2.66198486328125,-1.2210428714752197,-0.21547815203666687,-0.4189853072166443
1790030010711025200,2.672025146484375,-1.335964560508728,-0.7469909191131592,-0.33039984107017517
1790030010721065200,2.682065185546875,-1.5394717454910278,-0.8762778043746948,-0.7326257228851318
1790030010731075000,2.692074951171875,-1.414973258972168,-0.7110779285430908,-1.414973258972168
1790030010741085000,2.7020849609375,-1.1013327836990356,-0.7350199222564697,-1.6903064250946045
1790030010751094500,2.712094482421875,-0.9097966551780701,0.0071826050989329815,-0.15801730751991272
1790030010801143600,2.7621435546875,-1.3287819623947144,-1.98958158493042,-2.6671407222747803
1790030010881282600,2.842282470703125,-0.689530074596405,-2.1092917919158936,-1.357512354850769
1790030010911312000,2.872311767578125,-1.6424223184585571,0.1867477297782898,-0.8571242094039917
1790030010921382700,2.882382568359375,-2.3942017555236816,0.3758896589279175,-0.21547815203666687
1790030010931392500,2.892392578125,-2.8993782997131348,0.5051765441894531,0.026336219161748886
1790030010941371600,2.90237158203125,-2.959233283996582,0.6320692300796509,0.586579442024231
1790030010951412000,2.912411865234375,-2.5450363159179688,0.586579442024231,0.5913678407669067
1790030010961421800,2.922421875,-2.3271639347076416,-0.6105214357376099,-0.12928688526153564
1790030010971431400,2.932431396484375,-2.0901381969451904,-0.5985504388809204,-1.0965443849563599
1790030010981441300,2.942441162109375,-2.049436569213867,0.20111294090747833,-1.1228805780410767
1790030011001460700,2.962460693359375,-1.4987702369689941,0.8571242094039917,1.2665326595306396
1790030011011470600,2.972470703125,-1.0319008827209473,-0.9313444495201111,0.19871874153614044
1790030011031520800,2.992520751953125,-1.3982137441635132,-1.048660397529602,-1.403002142906189
1790030011041500000,3.0025,-2.142810583114624,0.4189853072166443,-0.1843535304069519
1790030011051540200,3.012540283203125,-1.1899182796478271,-0.6368576288223267,-0.10773907601833344
1790030011071529200,3.032529296875,0.05985504388809204,0.5841852426528931,-0.08140286058187485
1790030011081508400,3.04250830078125,-0.37828385829925537,1.2952631711959839,0.2513911724090576
1790030011091548700,3.052548583984375,-1.5083470344543457,1.680729627609253,0.9792284965515137
1790030011101558500,3.06255859375,-2.140416383743286,0.24899697303771973,0.6105214357376099
1790030011111568400,3.072568359375,-2.1715409755706787,0.38307225704193115,-0.6847416758537292
1790030011121578000,3.082577880859375,-2.0638017654418945,0.871489405632019,-0.35434186458587646
1790030011131557400,3.092557373046875,-2.2864625453948975,1.113303780555725,-0.0933738648891449
1790030011201625600,3.16262548828125,-2.5905263423919678,0.6847416758537292,0.5386953949928284
1790030011211605000,3.17260498046875,-2.63362193107605,1.113303780555725,0.5147533416748047
1790030011221645000,3.18264501953125,-2.8443117141723633,-0.2777273952960968,0.5578489899635315
1790030011231685400,3.192685302734375,-2.518700122833252,-0.2537853717803955,-0.2825157940387726
1790030011241695200,3.2026953125,-1.158793568611145,-0.9074024558067322,-0.9672574996948242
1790030011251705000,3.212705078125,-0.7134721279144287,0.5219359993934631,-0.002394201699644327
1790030011261714700,3.222714599609375,-1.4676456451416016,0.3280056416988373,1.4772224426269531
1790030011271724500,3.232724609375,-2.2146365642547607,1.7046716213226318,1.580173134803772
1790030011281734400,3.242734375,-2.1547815799713135,0.8595184087753296,1.4700398445129395
1790030011291744000,3.252743896484375,-1.5275006294250488,1.41257905960083,1.5825673341751099
1790030011301784300,3.262784423828125,-0.8978256583213806,1.359906554222107,1.0342950820922852
1790030011311794200,3.272794189453125,-0.4572925269603729,1.6663644313812256,1.072602391242981
1790030011321834500,3.28283447265625,-1.01753568649292,2.233790159225464,2.2361843585968018
1790030011381892900,3.342892822265625,-1.7956513166427612,1.137245774269104,2.3343467712402344
1790030011422023700,3.383023681640625,-1.1348515748977661,2.0207061767578125,2.736572504043579
1790030011452083500,3.41308349609375,-0.9385270476341248,1.1540051698684692,1.98958158493042
1790030011462093000,3.423093017578125,-1.0127472877502441,1.1204863786697388,1.821987509727478
1790030011472103000,3.43310302734375,-1.0271124839782715,1.4317326545715332,1.2114660739898682
1790030011482143200,3.443143310546875,-0.8834604024887085,1.213860273361206,1.2306196689605713
1790030011492153000,3.453153076171875,-0.8475474119186401,1.036689281463623,1.1444283723831177
1790030011502162700,3.46316259765625,-0.8523358106613159,0.5985504388809204,0.730231523513794
1790030011532192000,3.49319189453125,-0.8068459630012512,0.43335050344467163,0.023942016065120697
1790030011542171400,3.50317138671875,-0.6488286852836609,0.3016694188117981,0.13168109953403473
1790030011552211500,3.51321142578125,-0.6775590777397156,1.0342950820922852,0.8858546018600464
1790030011562221300,3.52322119140625,-0.8595184087753296,0.33039984107017517,1.2234370708465576
1790030011572231200,3.533231201171875,-0.7709329724311829,-0.2082955539226532,0.14365209639072418
1790030011582240800,3.54324072265625,-0.7996633648872375,1.2545616626739502,0.06224924325942993
1790030011592250600,3.553250732421875,-0.7709329724311829,1.2761094570159912,0.47165772318840027
1790030011602229800,3.563229736328125,-0.7996633648872375,1.7621324062347412,0.1604115068912506
1790030011612239600,3.573239501953125,-0.5746083855628967,1.98958158493042,-0.22744916379451752
1790030011622280000,3.583280029296875,-0.3232172429561615,1.403002142906189,0.24181437492370605
1790030011632289800,3.593289794921875,-0.35434186458587646,-0.2585737705230713,0.33997663855552673
1790030011642330000,3.603330078125,-0.7182605266571045,-1.139639973640442,0.5506663918495178
1790030011652339700,3.613339599609375,-1.7693150043487549,-0.9600749015808105,0.9552865028381348
1790030011672359200,3.633359130859375,-2.1332337856292725,-0.22026655077934265,0.14604631066322327
1790030011682369000,3.643369140625,-1.3120225667953491,0.30885201692581177,-0.5147533416748047
1790030011692379000,3.65337890625,-0.8020575642585754,1.5490485429763794,-0.1412578970193863
1790030011712367900,3.673367919921875,-1.039083480834961,0.646434485912323,0.23942017555236816
1790030011732448500,3.693448486328125,-2.6192567348480225,-1.6974890232086182,-0.2801215946674347
1790030011742458000,3.7034580078125,-3.4093432426452637,-1.3646949529647827,-0.7589619159698486
1790030011762477600,3.7234775390625,-1.522712230682373,-0.7924807667732239,-2.2002713680267334
1790030011782497300,3.743497314453125,-1.1683704853057861,2.3032219409942627,1.3431471586227417
1790030011812526600,3.773526611328125,-2.6144683361053467,-2.873042106628418,-0.5530605912208557
1790030011832546000,3.793546142578125,-2.5689783096313477,-0.9600749015808105,-1.886630892753601
1790030011862605800,3.823605712890625,-1.5466543436050415,2.851494312286377,1.3096283674240112
1790030011872615700,3.83361572265625,-1.2832920551300049,1.3838485479354858,0.9217676520347595
1790030011882625300,3.843625244140625,-1.3670891523361206,-1.137245774269104,-0.5746083855628967
1790030011892635100,3.85363525390625,-2.030282974243164,-3.117250680923462,-1.1827356815338135
1790030011902645000,3.86364501953125,-2.3104045391082764,-2.3558945655822754,-2.1284453868865967
1790030011912654600,3.873654541015625,-2.0039467811584473,-0.6967126727104187,-2.3343467712402344
1790030011922664400,3.88366455078125,-1.721431016921997,1.0319008827209473,-1.6759412288665771
1790030011932704800,3.893704833984375,-1.259350061416626,2.3558945655822754,-0.15322890877723694
1790030011942714600,3.903714599609375,-0.7829039692878723,3.112462282180786,0.6967126727104187
1790030011952724200,3.91372412109375,-0.2585737705230713,1.1851298809051514,0.1173158809542656
1790030011962734000,3.923734130859375,0.10055647045373917,-1.070208191871643,-0.1604115068912506
1790030011972743700,3.93374365234375,-0.5817909836769104,-3.1962592601776123,0.05985504388809204
1790030011982784000,3.943783935546875,-2.1380221843719482,-2.607285737991333,-1.4724340438842773
1790030011992793900,3.9537939453125,-3.270479440689087,-1.965639591217041,-2.4013843536376953
1790030012002803700,3.9638037109375,-2.738966703414917,-0.12210428714752197,-1.0462661981582642
1790030012012813300,3.973813232421875,-1.6855180263519287,1.41257905960083,1.2761094570159912
1790030012022823200,3.9838232421875,-0.8020575642585754,0.828393816947937,1.9153614044189453
1790030012032833000,3.9938330078125,-0.5961562395095825,-0.38546648621559143,1.1420341730117798
1790030012052852500,4.0138525390625,-1.072602391242981,-2.9041666984558105,-2.252943754196167
1790030012062892800,4.023892822265625,-1.2521674633026123,-1.9704279899597168,-1.702277421951294
1790030012082942700,4.043942626953125,-0.5363011956214905,0.14844051003456116,0.2346317619085312
1790030012092952600,4.05395263671875,-0.5482721924781799,-0.05746084079146385,0.2849099934101105
1790030012102962400,4.06396240234375,-0.586579442024231,-0.2082955539226532,-0.1843535304069519
1790030012112972000,4.073971923828125,-0.8595184087753296,-0.3471592366695404,-0.47405192255973816
1790030012122951400,4.083951416015625,-1.0821791887283325,-1.2856862545013428,-1.1899182796478271
1790030012143001300,4.10400146484375,-1.3096283674240112,0.038307227194309235,-1.0055646896362305
1790030012213069800,4.17406982421875,-0.8690952062606812,-0.5051765441894531,-1.5418659448623657
1790030012273189400,4.234189453125,0.2346317619085312,0.011971008032560349,-0.7326257228851318
1790030012293178400,4.254178466796875,-0.38546648621559143,-0.20111294090747833,-0.1604115068912506
1790030012303188200,4.264188232421875,-0.9265560507774353,0.21308395266532898,0.06703764945268631
1790030012313197800,4.27419775390625,-0.7326257228851318,0.7038952708244324,0.19393034279346466
1790030012323177200,4.28417724609375,-0.24420857429504395,0.9193734526634216,0.5339069962501526
1790030012333217500,4.294217529296875,-0.2777273952960968,1.1683704853057861,0.7733271718025208
1790030012343227100,4.30422705078125,-0.9361328482627869,0.5147533416748047,0.3687070608139038
1790030012373256400,4.33425634765625,-1.0869675874710083,0.2561795711517334,0.009576806798577309
1790030012393337000,4.354337158203125,-0.6153098344802856,0.5003881454467773,0.6967126727104187
1790030012403347000,4.364346923828125,-0.7733271718025208,0.17477671802043915,0.07900865375995636
1790030012413356500,4.3743564453125,-1.015141487121582,-0.4118026793003082,-0.09816227108240128
1790030012423366400,4.384366455078125,-1.5969325304031372,-0.8427590131759644,-0.4884171485900879
1790030012433376000,4.3943759765625,-1.2090718746185303,-0.6775590777397156,-1.161187767982483
1790030012443355400,4.40435546875,-0.23702596127986908,-0.7254431247711182,-1.0821791887283325
1790030012453365200,4.414365234375,0.014365210197865963,-0.12210428714752197,-0.6392518281936646
1790030012493434600,4.4544345703125,-0.040701430290937424,0.667982280254364,0.0071826050989329815
1790030012533473800,4.494473876953125,-0.22026655077934265,0.07900865375995636,-0.7709329724311829
1790030012543483600,4.504483642578125,-0.0933738648891449,0.38067805767059326,-0.8690952062606812
1790030012553523700,4.514523681640625,-0.23702596127986908,0.26815059781074524,-1.039083480834961
1790030012563503000,4.524503173828125,-0.11971008777618408,-0.10295066982507706,-0.9481038451194763
1790030012573574000,4.534573974609375,-0.3208230137825012,-0.19871874153614044,-0.6200982332229614
1790030012603603200,4.564603271484375,-0.9145850539207458,-1.7094600200653076,-1.4269442558288574
1790030012613643500,4.5746435546875,-0.7015010714530945,-1.721431016921997,-1.3000515699386597
1790030012623683800,4.584683837890625,-0.44771572947502136,-1.37906014919281,-1.01753568649292
1790030012633693400,4.594693359375,-0.2537853717803955,-1.0079588890075684,-1.5155296325683594
1790030012643733800,4.604733642578125,-0.047884032130241394,-1.3766659498214722,-1.5275006294250488
1790030012653743600,4.61474365234375,-0.31842881441116333,-3.201047658920288,-2.451662540435791
1790030012673763000,4.63476318359375,-0.6991068720817566,-4.1611223220825195,-3.1962592601776123
1790030012693782500,4.654782470703125,0.38307225704193115,-3.004723072052002,-5.188235282897949
1790030012703792400,4.66479248046875,1.2665326595306396,-3.885789394378662,-4.422090530395508
1790030012713771500,4.674771484375,0.8954314589500427,-3.507505416870117,-3.114856481552124
1790030012723811800,4.684811767578125,0.5770025849342346,-3.421314239501953,-2.940079689025879
1790030012743831600,4.70483154296875,1.3192051649093628,-2.363077163696289,-2.691082715988159
1790030012763851000,4.72485107421875,-0.06464344263076782,-1.1300631761550903,-1.7693150043487549
1790030012783901000,4.74490087890625,-0.35673606395721436,0.12689268589019775,0.2561795711517334
1790030012803920600,4.764920654296875,-1.3718775510787964,0.10055647045373917,-0.5291185975074768
1790030012813899800,4.774899658203125,-1.766920804977417,0.9552865028381348,-0.33518823981285095
1790030012823909600,4.78490966796875,-2.2649147510528564,0.26575639843940735,0.3495534360408783
1790030012833950000,4.794949951171875,-2.6862943172454834,-0.871489405632019,-0.17238251864910126
1790030012843959600,4.80495947265625,-2.540247917175293,-0.4165911078453064,-0.6320692300796509
1790030012853999900,4.814999755859375,-1.9847931861877441,0.7781155705451965,0.040701430290937424
1790030012864009700,4.825009765625,-1.867477297782898,-0.9528923034667969,-1.213860273361206
1790030012874019300,4.835019287109375,-2.7676970958709717,-3.138798475265503,-3.2106244564056396
1790030012894008600,4.855008544921875,-2.937685489654541,0.004788403399288654,-1.6065093278884888
1790030012914058500,4.87505859375,0.06464344263076782,0.2585737705230713,0.31842881441116333
1790030012924068400,4.885068359375,0.05985504388809204,-0.7469909191131592,-0.7541735172271729
1790030012984096300,4.94509619140625,1.2210428714752197,0.6967126727104187,1.2713210582733154
1790030013004146400,4.965146484375,0.4189853072166443,0.2537853717803955,0.40701428055763245
1790030013054103600,5.015103515625,-1.7142484188079834,-0.30885201692581177,-0.4668693244457245
1790030013084194000,5.045194091796875,-1.2282254695892334,0.4165911078453064,-0.4357447028160095
1790030013134273300,5.095273193359375,-0.7398083209991455,-0.49320554733276367,-1.0606313943862915
1790030013154293000,5.11529296875,-0.8188169598579407,1.0534487962722778,1.2186486721038818
1790030013174282000,5.135281982421875,0.8451532125473022,-0.7206547260284424,-0.6512228846549988
1790030013204341800,5.165341796875,-0.5267243981361389,0.7158663272857666,0.7206547260284424
1790030013214321000,5.17532080078125,-0.545877993106842,0.730231523513794,0.7996633648872375
1790030013224361200,5.185361328125,-1.1444283723831177,0.26096799969673157,0.5363011956214905
1790030013234371000,5.19537109375,-1.1348515748977661,-1.3742717504501343,-0.8403648138046265
1790030013284419800,5.245419921875,-2.0015525817871094,-0.6919242739677429,-1.50355863571167
1790030013304469800,5.2654697265625,-0.9193734526634216,0.6607996821403503,-0.181959331035614
1790030013314479600,5.275479736328125,-2.1356279850006104,1.1420341730117798,0.849941611289978
1790030013334499000,5.2954990234375,-3.2632968425750732,1.3407529592514038,-0.19632454216480255
1790030013354549200,5.31554931640625,-1.3718775510787964,1.9033904075622559,1.4987702369689941
1790030013364559000,5.32555908203125,-1.1540051698684692,1.3670891523361206,1.4437036514282227
1790030013374538200,5.335538330078125,-1.5490485429763794,1.8195933103561401,2.3127987384796143
1790030013384578600,5.34557861328125,-1.9249382019042969,2.27209734916687,3.028665065765381
1790030013394588200,5.355588134765625,-2.2242133617401123,3.5386300086975098,3.6990416049957275
1790030013404567600,5.365567626953125,-2.7509377002716064,4.651933670043945,5.6191911697387695
1790030013414638300,5.375638427734375,-3.4165258407592773,4.240131378173828,6.311115741729736
1790030013424648200,5.385648193359375,-3.3901896476745605,4.146757125854492,6.301538944244385
1790030013484737300,5.4457373046875,-1.9632453918457031,1.9129672050476074,2.8874073028564453
1790030013494747000,5.455746826171875,-2.03507137298584,1.3335703611373901,1.745373010635376
1790030013504787200,5.465787109375,-2.145204782485962,1.139639973640442,1.292868971824646
1790030013574886100,5.53588623046875,-0.11013327538967133,-1.2856862545013428,-0.8786720037460327
1790030013584926500,5.545926513671875,-0.1388636976480484,-0.47644615173339844,-0.6033388376235962
1790030013594936000,5.55593603515625,-0.3064578175544739,0.7398083209991455,-0.004788403399288654
1790030013604946000,5.56594580078125,-0.569819986820221,1.4915876388549805,0.13407529890537262
1790030013614955800,5.575955810546875,-0.15083470940589905,1.3048399686813354,-0.028730420395731926
1790030013635005700,5.596005615234375,0.912190854549408,-1.1540051698684692,-0.6129156351089478
1790030013645076500,5.606076416015625,0.14365209639072418,0.9720458984375,0.23702596127986908
1790030013655086300,5.61608642578125,-0.8403648138046265,0.7661445140838623,0.5985504388809204
1790030013665096200,5.62609619140625,-0.9169792532920837,0.993593692779541,-0.004788403399288654
1790030013675105800,5.636105712890625,-0.8690952062606812,1.5825673341751099,0.23942017555236816
1790030013685115600,5.64611572265625,-0.1628057211637497,0.9265560507774353,0.8236053586006165
1790030013695156000,5.656156005859375,0.08140286058187485,1.4437036514282227,1.4748282432556152
1790030013705165600,5.66616552734375,-0.363918662071228,0.811634361743927,1.4317326545715332
1790030013725215700,5.6862158203125,-1.7741034030914307,-0.28730419278144836,-0.7757213711738586
1790030013735225600,5.6962255859375,-2.935291290283203,0.40462008118629456,-0.14604631066322327
1790030013755306000,5.716305908203125,-2.279279947280884,1.1348515748977661,-0.06464344263076782
1790030013775325700,5.73632568359375,-0.7709329724311829,-0.4596867263317108,0.2561795711517334
1790030013795345200,5.75634521484375,-2.2840683460235596,-0.16519992053508759,0.45010992884635925
1790030013825374500,5.78637451171875,-1.625662922859192,-0.5339069962501526,-1.3215993642807007
1790030013835384000,5.796384033203125,-0.7781155705451965,-0.9002198576927185,0.019153613597154617
1790030013845394000,5.806393798828125,-0.6799532771110535,-1.4652514457702637,-0.2992752194404602
1790030013855403800,5.81640380859375,-0.706289529800415,0.08140286058187485,-0.363918662071228
1790030013865413400,5.826413330078125,-0.9002198576927185,0.9576807022094727,0.31842881441116333
1790030013875484200,5.836484130859375,-0.49799394607543945,0.19632454216480255,-0.20111294090747833
1790030013885494000,5.846493896484375,-0.47884035110473633,0.035913024097681046,-1.3431471586227417
1790030013895534300,5.856534423828125,-0.6320692300796509,0.8164227604866028,-1.6112977266311646
1790030013905544200,5.866544189453125,-0.38067805767059326,-0.24899697303771973,-1.3048399686813354
1790030013915523300,5.8765234375,-0.4405331015586853,-1.7357962131500244,-0.4165911078453064
1790030013945613600,5.906613525390625,-0.6584054827690125,0.15322890877723694,0.15083470940589905
1790030013965663700,5.926663818359375,-0.10055647045373917,0.6799532771110535,0.667982280254364
1790030013975704000,5.9367041015625,-0.3208230137825012,-1.9033904075622559,-1.3239935636520386
1790030013995754000,5.95675390625,-1.558625340461731,-1.0007762908935547,-1.50355863571167
1790030014005763800,5.966763916015625,-0.6967126727104187,0.05027823522686958,-0.40940847992897034
1790030014015773700,5.976773681640625,0.21547815203666687,1.4844050407409668,1.1803414821624756
1790030014035793200,5.996793212890625,0.6009446382522583,-0.4572925269603729,0.5770025849342346
1790030014045833500,6.00683349609375,-0.05267243832349777,-1.6304513216018677,-1.436521053314209
1790030014055843000,6.016843017578125,-0.5770025849342346,-1.8555063009262085,-1.8483237028121948
1790030014075893200,6.036893310546875,-0.6607996821403503,0.043095629662275314,0.5770025849342346
1790030014085903000,6.046903076171875,-0.24899697303771973,-0.15083470940589905,0.6224924325942993
1790030014095943200,6.056943115234375,-0.20350714027881622,0.8738836050033569,0.2346317619085312
1790030014115963000,6.076962890625,-0.12449848651885986,-0.05267243832349777,0.8882488012313843
1790030014126003200,6.087003173828125,-1.01753568649292,-0.8595184087753296,-0.9361328482627869
1790030014166042000,6.1270419921875,-0.10055647045373917,-0.8930372595787048,-0.5099649429321289
1790030014226131200,6.187131103515625,-0.586579442024231,-0.6440402865409851,-0.7805097699165344
1790030014236141000,6.19714111328125,-0.6607996821403503,-1.314416766166687,-1.0797849893569946
1790030014246181400,6.207181396484375,0.20111294090747833,-1.460463047027588,-0.912190854549408
1790030014256191000,6.21719091796875,0.8571242094039917,-0.06464344263076782,-0.07422025501728058
1790030014266200800,6.227200927734375,0.768538773059845,0.629675030708313,0.6703764796257019
1790030014336330200,6.297330322265625,-0.7038952708244324,0.47405192255973816,-0.7876923680305481
1790030014346340000,6.307340087890625,-0.3256114423274994,0.8619126081466675,0.05746084079146385
1790030014356319200,6.3173193359375,-0.45010992884635925,0.29209262132644653,-0.05985504388809204
1790030014366359600,6.327359619140625,-0.9720458984375,-0.3064578175544739,-1.0462661981582642
1790030014376369400,6.337369384765625,-0.4644751250743866,-0.3471592366695404,-1.213860273361206
1790030014386379000,6.34737890625,0.0071826050989329815,-0.45489832758903503,-0.7469909191131592
1790030014406459600,6.367459716796875,-0.35913026332855225,-0.8690952062606812,-0.40222588181495667
1790030014416469500,6.377469482421875,-0.33039984107017517,-0.181959331035614,-0.4620809257030487
1790030014426509600,6.387509521484375,-0.1604115068912506,0.6440402865409851,-0.49559974670410156
1790030014506648800,6.46764892578125,-0.6512228846549988,-0.6177040338516235,-0.6631938815116882
1790030014546657300,6.5076572265625,-0.629675030708313,-1.8483237028121948,-2.470816135406494
1790030014626827000,6.587826904296875,1.436521053314209,-4.314351558685303,-4.0078935623168945
1790030014636836900,6.5978369140625,0.9888052940368652,-4.132391929626465,-4.484339714050293
1790030014646846500,6.607846435546875,0.912190854549408,-4.017470359802246,-3.4380736351013184
1790030014676875800,6.637875732421875,0.22505496442317963,-3.399766445159912,-4.807557106018066
1790030014706935800,6.667935791015625,-0.40462008118629456,-0.9672574996948242,-2.940079689025879
1790030014747036000,6.708035888671875,-0.6751648783683777,-2.1164743900299072,-0.8403648138046265
1790030014757076000,6.718075927734375,-1.455674648284912,-1.1659762859344482,-0.6584054827690125
1790030014767055400,6.728055419921875,-1.3455413579940796,-1.599326729774475,-1.5945383310317993
1790030014777065200,6.738065185546875,-1.0845733880996704,-0.3687070608139038,-0.38307225704193115
1790030014787105300,6.748105224609375,-0.5817909836769104,-0.8379706144332886,-0.6655880808830261
1790030014797115100,6.758115234375,-1.1563993692398071,-0.3256114423274994,-1.2066776752471924
1790030014807125000,6.768125,-1.3766659498214722,-0.12928688526153564,-1.644816517829895
1790030014827175000,6.7881748046875,-1.5490485429763794,-0.6943184733390808,-0.5195417404174805
1790030014847225000,6.80822509765625,-0.7254431247711182,0.2322375625371933,0.4836287498474121
1790030014857234700,6.818234619140625,-0.6655880808830261,0.3878606855869293,0.12210428714752197
1790030014867244500,6.82824462890625,-0.9241618514060974,-0.5315127968788147,-1.1516109704971313
1790030014877254400,6.83825439453125,-0.5099649429321289,-0.10534487664699554,-0.5219359993934631
1790030014887264000,6.848263916015625,-0.08858546614646912,-0.1628057211637497,-0.586579442024231
1790030014897304300,6.85830419921875,0.26096799969673157,0.49320554733276367,-0.043095629662275314
1790030014907314200,6.868314208984375,-0.3016694188117981,-0.3711012601852417,-0.07661445438861847
1790030014917354500,6.8783544921875,-0.8547300100326538,-0.507570743560791,-0.9864110946655273
1790030014947383800,6.9083837890625,-0.7733271718025208,0.10055647045373917,0.3711012601852417
1790030014957393400,6.918393310546875,-0.5913678407669067,-0.49320554733276367,-0.6392518281936646
1790030014987392300,6.948392333984375,-0.8643068075180054,0.5410895943641663,-0.1843535304069519
1790030014997402000,6.958402099609375,-0.19871874153614044,0.1628057211637497,-0.22744916379451752
1790030015007442200,6.968442138671875,-0.20111294090747833,0.40701428055763245,0.4189853072166443
1790030015077571600,7.038571533203125,-1.070208191871643,-0.3016694188117981,-1.314416766166687
1790030015097652200,7.05865234375,1.2018892765045166,0.33279404044151306,1.381454348564148
1790030015107662000,7.068662109375,1.3024457693099976,-0.011971008032560349,0.8164227604866028
1790030015117702400,7.078702392578125,1.764526605606079,-0.9074024558067322,-0.8259995579719543
1790030015127742500,7.088742431640625,1.50355863571167,-1.1324573755264282,-1.2497732639312744
1790030015137752300,7.09875244140625,0.2537853717803955,0.08619125932455063,-0.2059013396501541
1790030015147762200,7.10876220703125,-1.036689281463623,0.5889736413955688,0.5913678407669067
1790030015167812000,7.12881201171875,-0.29209262132644653,0.9433154463768005,0.3519476354122162
1790030015187831800,7.148831787109375,-0.40222588181495667,0.933738648891449,0.6991068720817566
1790030015197871900,7.158871826171875,-0.9911994934082031,0.6631938815116882,1.0821791887283325
1790030015207881700,7.1688818359375,-1.5969325304031372,1.5729905366897583,0.8858546018600464
1790030015267940400,7.2289404296875,-0.1364694982767105,0.43095630407333374,1.0630255937576294
1790030015287959800,7.248959716796875,-1.0223240852355957,1.2689268589019775,0.14604631066322327
1790030015297969700,7.2589697265625,-1.314416766166687,0.31124621629714966,-0.811634361743927
1790030015307979500,7.2689794921875,-1.2473790645599365,-0.6631938815116882,-1.0031704902648926
1790030015398036700,7.35903662109375,-1.3479355573654175,2.1140801906585693,1.7501614093780518
1790030015418117400,7.379117431640625,-1.501164436340332,2.185906171798706,3.576937437057495
1790030015428096500,7.389096435546875,-1.6280571222305298,2.674323320388794,3.359065055847168
1790030015498134500,7.459134521484375,-1.7525556087493896,1.9608511924743652,3.9025487899780273
1790030015528194300,7.4891943359375,-0.6967126727104187,2.3965959548950195,2.3798365592956543
1790030015538234600,7.499234619140625,0.22505496442317963,2.557007312774658,3.294421434402466
1790030015558254000,7.519254150390625,-0.7158663272857666,2.190694570541382,2.4372973442077637
1790030015568264000,7.529263916015625,-0.8906430602073669,2.698265314102173,1.6352397203445435
1790030015598323700,7.55932373046875,-0.8355764150619507,1.2210428714752197,-0.8810662031173706
1790030015648433400,7.609433349609375,-0.5985504388809204,0.7972691655158997,1.094150185585022
1790030015658473700,7.6194736328125,-0.2346317619085312,0.5913678407669067,0.40222588181495667
1790030015668453000,7.629453125,-0.14604631066322327,0.8068459630012512,0.3016694188117981
1790030015678493400,7.639493408203125,-0.06224924325942993,-0.7206547260284424,-0.16759411990642548
1790030015688503000,7.6495029296875,-0.1604115068912506,-0.13407529890537262,-0.44532153010368347
1790030015698513000,7.659512939453125,-0.33279404044151306,0.31364041566848755,-0.08858546614646912
1790030015728511700,7.68951171875,-0.3280056416988373,-1.4101848602294922,1.259350061416626
1790030015738551800,7.6995517578125,0.07661445438861847,-0.4189853072166443,0.090979665517807
1790030015748561700,7.709561767578125,-0.33997663855552673,0.5650315880775452,-0.1149216815829277
1790030015758571500,7.719571533203125,-0.1388636976480484,0.08858546614646912,-0.8954314589500427
1790030015768550700,7.729550537109375,-0.7445967197418213,1.3335703611373901,-0.31603461503982544
1790030015778591000,7.739591064453125,-0.8858546018600464,0.6272808313369751,0.2849099934101105
1790030015788600800,7.749600830078125,-0.9648633003234863,0.45250412821769714,0.6607996821403503
1790030015818660600,7.77966064453125,-0.4908113479614258,-0.3663128614425659,1.048660397529602
1790030015828670200,7.789670166015625,-0.7254431247711182,0.5315127968788147,0.8954314589500427
1790030015868739800,7.82973974609375,-1.41257905960083,0.8259995579719543,0
1790030015878749700,7.839749755859375,-1.9273324012756348,-0.8930372595787048,0.24899697303771973
1790030015888728800,7.849728759765625,-1.987187385559082,-1.3886369466781616,0.009576806798577309
1790030015898708200,7.859708251953125,-1.5466543436050415,-0.5841852426528931,0.06703764945268631
1790030015908748500,7.86974853515625,-1.4173674583435059,-0.05027823522686958,0.4141969084739685
1790030015918758100,7.879758056640625,-0.7948749661445618,0.3256114423274994,-0.2513911724090576
1790030015928768000,7.88976806640625,0.3064578175544739,1.577778935432434,0.11252748221158981
1790030015938777900,7.89977783203125,0.6631938815116882,1.8052281141281128,1.9632453918457031
1790030015948787500,7.909787353515625,-0.2968810200691223,2.188300371170044,2.427720546722412
1790030016008876500,7.96987646484375,-0.8954314589500427,0.608127236366272,-0.751779317855835
1790030016018886400,7.979886474609375,-0.2585737705230713,2.0422539710998535,0.8547300100326538
1790030016028896300,7.989896240234375,-0.40222588181495667,1.625662922859192,2.319981336593628
1790030016038905900,7.99990576171875,-0.6033388376235962,-1.280897855758667,1.0965443849563599
1790030016048915700,8.009915771484375,-1.4891934394836426,-1.7932571172714233,-0.5267243981361389
1790030016058925600,8.019925537109375,-2.0183119773864746,-2.4396915435791016,-2.1499931812286377
1790030016068935200,8.02993505859375,-1.7956513166427612,-1.3766659498214722,-2.0614075660705566
1790030016078945000,8.039945068359375,-1.1803414821624756,-0.043095629662275314,-0.7781155705451965
1790030016088954600,8.04995458984375,-0.7589619159698486,1.0223240852355957,0.4141969084739685
1790030016128993800,8.089993896484375,-0.45489832758903503,-2.0685901641845703,-1.036689281463623
1790030016149044000,8.1100439453125,-2.118868589401245,-0.7996633648872375,-1.3910311460494995
1790030016179103700,8.140103759765625,0.5817909836769104,0.3519476354122162,0.9720458984375
1790030016189113300,8.15011328125,0.5626373887062073,0.28730419278144836,2.1284453868865967
1790030016199123200,8.160123291015625,0.5051765441894531,-1.479616641998291,-0.2082955539226532
1790030016239162400,8.200162353515625,-0.05746084079146385,0.7493851184844971,-0.8379706144332886
1790030016249141500,8.2101416015625,0.15083470940589905,0.3447650372982025,-0.2849099934101105
1790030016259181800,8.220181884765625,-0.15562310814857483,0.12689268589019775,-0.8379706144332886
1790030016299220700,8.260220703125,-1.2186486721038818,-0.6943184733390808,-0.16519992053508759
1790030016309200100,8.2702001953125,-0.912190854549408,-0.3064578175544739,-1.0965443849563599
1790030016319240400,8.280240478515625,-0.3974374830722809,0.033518824726343155,-0.2561795711517334
1790030016339290400,8.300290283203125,-0.15322890877723694,-0.2059013396501541,-1.4053963422775269
1790030016349300200,8.31030029296875,0.21547815203666687,-1.0414776802062988,-1.7980455160140991
1790030016359310000,8.32031005859375,0.42616790533065796,-0.5578489899635315,-0.4908113479614258
1790030016369319700,8.330319580078125,0.2777273952960968,-0.49559974670410156,0.1412578970193863
1790030016379329500,8.34032958984375,-0.002394201699644327,-0.2801215946674347,-0.36152446269989014
1790030016389339100,8.350339111328125,-0.09576806426048279,-0.7374141216278076,-0.7924807667732239
1790030016399349000,8.360348876953125,-0.706289529800415,-0.2801215946674347,-0.7445967197418213
1790030016409358800,8.37035888671875,-0.7206547260284424,-1.0079588890075684,-1.5083470344543457
1790030016419368400,8.380368408203125,-0.1388636976480484,-0.6991068720817566,-1.0654197931289673
1790030016449428500,8.410428466796875,0.2777273952960968,0.08858546614646912,-1.5945383310317993
1790030016459468500,8.420468505859375,0.5770025849342346,0.44532153010368347,-0.9169792532920837
1790030016469478400,8.430478515625,0.2537853717803955,0.6847416758537292,-0.019153613597154617
1790030016479488300,8.44048828125,-0.2968810200691223,1.1803414821624756,0.6224924325942993
1790030016519496700,8.48049658203125,-1.1563993692398071,-0.33518823981285095,0.15322890877723694
1790030016529537000,8.490537109375,-0.9576807022094727,0.7158663272857666,0.24899697303771973
1790030016539577300,8.500577392578125,-0.5147533416748047,1.2114660739898682,0.3926490843296051
1790030016549587000,8.5105869140625,-0.5434837937355042,0.849941611289978,0.2537853717803955
1790030016579616300,8.5406162109375,-0.6991068720817566,0.2753331959247589,0.028730420395731926
1790030016619655400,8.580655517578125,-0.5482721924781799,-0.395043283700943,-0.06464344263076782
1790030016629695700,8.59069580078125,-0.5817909836769104,-0.07900865375995636,-0.1364694982767105
1790030016639705600,8.60070556640625,-0.9265560507774353,-0.4141969084739685,-1.194706678390503
1790030016659725000,8.62072509765625,-0.5506663918495178,-0.9097966551780701,-0.7206547260284424
1790030016669704200,8.6307041015625,-0.15083470940589905,-1.1563993692398071,-0.5291185975074768
1790030016679744500,8.64074462890625,-0.2106897532939911,-1.2186486721038818,-0.9864110946655273
1790030016689784800,8.650784912109375,-0.011971008032560349,-1.3287819623947144,-1.4413094520568848
1790030016699794700,8.660794677734375,0,-1.1324573755264282,-1.5825673341751099
1790030016709804300,8.67080419921875,-0.31124621629714966,-1.05105459690094,-1.9584569931030273
1790030016719814100,8.680814208984375,-0.2322375625371933,-1.4915876388549805,-1.6424223184585571
1790030016729824000,8.690823974609375,-0.023942016065120697,-1.9704279899597168,-1.7549498081207275
1790030016739833600,8.70083349609375,-0.08858546614646912,-2.540247917175293,-3.0382418632507324
1790030016749843500,8.710843505859375,0.28969839215278625,-2.7126305103302,-3.8307228088378906
1790030016759883800,8.7208837890625,0.4644751250743866,-2.5474305152893066,-3.0526070594787598
1790030016769893400,8.730893310546875,0.5506663918495178,-2.9496564865112305,-3.2130186557769775
1790030016779903200,8.7409033203125,0.7613561153411865,-3.047818660736084,-3.2561142444610596
1790030016789913000,8.7509130859375,0.6584054827690125,-3.464409828186035,-2.7700912952423096
1790030016799922700,8.760922607421875,0.6033388376235962,-3.3710360527038574,-3.318363666534424
1790030016809963000,8.770962890625,0.6655880808830261,-3.780444383621216,-3.1675288677215576
1790030016820003300,8.78100341796875,0.5434837937355042,-4.2544965744018555,-3.861847400665283
1790030016860073000,8.821072998046875,-0.2801215946674347,-1.3623007535934448,-2.7676970958709717
1790030016890071800,8.85107177734375,-0.26815059781074524,-4.81473970413208,-3.2537200450897217
1790030016900112000,8.86111181640625,-1.5897499322891235,-2.956839084625244,-1.9153614044189453
1790030016930141200,8.89114111328125,-2.10210919380188,-0.507570743560791,-1.8291701078414917
1790030016950161000,8.911160888671875,-0.7757213711738586,-0.7637503147125244,-2.5330653190612793
1790030016970150000,8.93114990234375,-0.9624691009521484,-1.4676456451416016,-1.8794482946395874
1790030016980190200,8.941190185546875,-1.2330138683319092,0.8762778043746948,-1.556231141090393
1790030016990199800,8.95119970703125,-0.6823474764823914,0.35673606395721436,-0.17956513166427612
1790030017000240000,8.961240234375,-0.8164227604866028,-0.9313444495201111,-0.6655880808830261
1790030017010250000,8.97125,-1.5203180313110352,0.10773907601833344,-1.0079588890075684
1790030017020290300,8.981290283203125,-0.7038952708244324,-0.023942016065120697,-0.4644751250743866
1790030017030300000,8.9912998046875,-0.002394201699644327,0.6631938815116882,1.3527239561080933
1790030017060329200,9.0213291015625,-1.039083480834961,-0.5554547905921936,-0.7086837291717529
1790030017120448800,9.08144873046875,-1.7741034030914307,0.8762778043746948,0.9193734526634216
1790030017130458600,9.091458740234375,-1.678335428237915,-0.19153612852096558,0.12210428714752197
1790030017160518400,9.121518310546875,-0.9816226959228516,1.824381709098816,0.0071826050989329815
1790030017180538000,9.1415380859375,-0.9720458984375,-0.730231523513794,-1.1875240802764893
1790030017220577000,9.181576904296875,-0.10055647045373917,-3.138798475265503,-4.393360137939453
1790030017230587000,9.1915869140625,0.2992752194404602,-2.7269957065582275,-3.023876667022705
1790030017240627200,9.201627197265625,1.173158884048462,-0.1173158809542656,-0.4836287498474121
1790030017250667300,9.211667236328125,1.2761094570159912,0.2059013396501541,1.5179238319396973
1790030017270687000,9.23168701171875,1.2641384601593018,-0.2082955539226532,-1.0462661981582642
1790030017280696600,9.241696533203125,1.0055646896362305,0.5530605912208557,-0.12689268589019775
1790030017290706400,9.25170654296875,-0.6703764796257019,1.742978811264038,1.4437036514282227
1790030017310726000,9.271725830078125,-1.9847931861877441,1.4413094520568848,0.7972691655158997
1790030017320735700,9.28173583984375,-0.5315127968788147,0.6153098344802856,0.05027823522686958
1790030017330745600,9.29174560546875,-0.08858546614646912,0.8092401623725891,0.9481038451194763
1790030017340755200,9.301755126953125,-1.2210428714752197,2.2385785579681396,1.6089035272598267
1790030017350795500,9.31179541015625,-1.8579005002975464,1.41257905960083,2.118868589401245
1790030017360835800,9.3218359375,-1.50355863571167,1.3958195447921753,1.8962076902389526
1790030017370845700,9.331845703125,-1.5418659448623657,1.357512354850769,1.7262194156646729
1790030017380855300,9.341855224609375,-1.625662922859192,0.019153613597154617,0.9409212470054626
1790030017390865200,9.351865234375,-1.173158884048462,0.7158663272857666,0.7924807667732239
1790030017430934800,9.391934814453125,-2.1164743900299072,1.7812861204147339,2.786850690841675
1790030017460994600,9.42199462890625,-0.4429273009300232,-0.17238251864910126,0.8906430602073669
1790030017471004400,9.43200439453125,-1.6280571222305298,-0.15562310814857483,1.0773907899856567
1790030017481044500,9.44204443359375,-2.6647465229034424,0.2322375625371933,1.0749965906143188
1790030017491054300,9.452054443359375,-2.695871114730835,0.8978256583213806,0.6105214357376099
1790030017561183700,9.522183837890625,0.14844051003456116,3.5218706130981445,3.028665065765381
1790030017631252200,9.592252197265625,-0.8858546018600464,3.4524388313293457,5.523423194885254
1790030017641292300,9.602292236328125,-0.8786720037460327,2.695871114730835,4.6471452713012695
1790030017661312000,9.62231201171875,-1.115697979927063,1.1875240802764893,2.126051187515259
1790030017671291100,9.632291015625,-1.644816517829895,1.2761094570159912,2.0254945755004883
1790030017681331500,9.64233154296875,-2.126051187515259,2.123656988143921,1.9752163887023926
1790030017691341300,9.65234130859375,-2.027888774871826,2.518700122833252,1.7573440074920654
1790030017701381400,9.66238134765625,-2.097320795059204,2.0231003761291504,1.2234370708465576
1790030017711391200,9.67239111328125,-1.3527239561080933,0.6033388376235962,0.8619126081466675
1790030017721431600,9.682431640625,-0.6967126727104187,-0.4644751250743866,1.0965443849563599
1790030017741481500,9.7024814453125,-0.8978256583213806,-0.8355764150619507,0.24660277366638184
1790030017751460900,9.7124609375,-1.4532804489135742,0.7350199222564697,-0.15322890877723694
1790030017761501200,9.722501220703125,-1.525106430053711,1.5705963373184204,-0.3280056416988373
1790030017771510800,9.7325107421875,-1.4724340438842773,2.604891538619995,-0.2537853717803955
1790030017781520600,9.742520751953125,-0.7086837291717529,1.9249382019042969,0.05985504388809204
1790030017791530500,9.752530517578125,0.3974374830722809,-0.3232172429561615,0.08379705995321274
1790030017801570800,9.76257080078125,0.790086567401886,-0.272938996553421,0.4836287498474121
1790030017831661000,9.7926611328125,-0.7254431247711182,-0.7613561153411865,0.3256114423274994
1790030017861690400,9.8226904296875,-0.8571242094039917,2.276885747909546,0.8595184087753296
1790030017891719700,9.8527197265625,-1.0319008827209473,-0.4668693244457245,2.9041666984558105
1790030017901760000,9.862760009765625,-1.5394717454910278,0.4429273009300232,1.6615760326385498
1790030017911769600,9.87276953125,-2.094926595687866,0.6512228846549988,-0.23942017555236816
1790030017921749000,9.8827490234375,-2.5522189140319824,2.4851813316345215,-0.9193734526634216
1790030017931819800,9.89281982421875,-2.779668092727661,3.3016040325164795,-0.49799394607543945
1790030017941829400,9.902829345703125,-2.1763293743133545,2.717418909072876,1.4317326545715332
1790030017951839200,9.912839111328125,-1.6543933153152466,0.2944868206977844,2.3127987384796143
1790030018011897900,9.97289794921875,-1.7286136150360107,-0.19393034279346466,-1.3120225667953491
1790030018081996800,10.042996826171875,0.5195417404174805,0.4812345504760742,-0.3878606855869293
1790030018122097000,10.083096923828125,-0.6033388376235962,-2.537853717803955,-2.0374655723571777
1790030018132106500,10.0931064453125,-0.45250412821769714,-1.6041151285171509,-1.580173134803772
1790030018142146800,10.103146728515625,-0.6320692300796509,0.667982280254364,-0.7852981686592102
1790030018152156700,10.11315673828125,-0.5913678407669067,2.0470423698425293,0.4572925269603729
1790030018172206600,10.13320654296875,-0.28730419278144836,-0.4141969084739685,0.1604115068912506
1790030018182216400,10.143216552734375,-0.2059013396501541,-0.8403648138046265,-0.16998831927776337
1790030018192226300,10.153226318359375,-0.5051765441894531,-0.6607996821403503,0.5985504388809204
1790030018202205400,10.163205322265625,-0.38067805767059326,-0.7948749661445618,0.6009446382522583
1790030018222286000,10.1832861328125,-0.8595184087753296,-0.090979665517807,0.6368576288223267
1790030018232295700,10.193295654296875,-0.6416460275650024,-0.29209262132644653,-0.9145850539207458
1790030018242336000,10.2033359375,-0.5841852426528931,-0.15322890877723694,-0.49559974670410156
1790030018262355700,10.223355712890625,0.19393034279346466,-0.7469909191131592,0.06464344263076782
1790030018282375200,10.243375244140625,-0.15562310814857483,-1.5514427423477173,-1.1803414821624756
1790030018292385000,10.253385009765625,-0.6871358752250671,-0.28969839215278625,-0.5051765441894531
1790030018312404500,10.273404541015625,-0.13407529890537262,-0.272938996553421,0.31124621629714966
1790030018322414300,10.283414306640625,-0.08140286058187485,-1.6208745241165161,-0.6440402865409851
1790030018362514400,10.323514404296875,1.070208191871643,-0.15083470940589905,-0.545877993106842
1790030018382594800,10.3435947265625,0.4165911078453064,0.7086837291717529,-0.3256114423274994
1790030018392604700,10.353604736328125,0.4405331015586853,1.0295066833496094,-0.090979665517807
1790030018402614500,10.363614501953125,0.49320554733276367,1.0869675874710083,0.16759411990642548
1790030018422664400,10.38366455078125,-0.8427590131759644,-1.721431016921997,-1.7525556087493896
1790030018442714600,10.403714599609375,-0.8403648138046265,0.07900865375995636,-0.3758896589279175
1790030018452724200,10.41372412109375,-0.2992752194404602,-0.47165772318840027,-0.12449848651885986
1790030018482753500,10.44375341796875,-0.1173158809542656,-0.17956513166427612,0.06464344263076782
1790030018512782800,10.473782958984375,-0.22744916379451752,-0.7637503147125244,-0.950498104095459
1790030018522792700,10.483792724609375,-0.22505496442317963,-0.7469909191131592,-0.5602431893348694
1790030018602870800,10.563870849609375,0.26575639843940735,-0.5003881454467773,0.5841852426528931
1790030018612911000,10.5739111328125,0.031124621629714966,0.07661445438861847,0.524330198764801
1790030018622920700,10.583920654296875,-0.3280056416988373,0.17717093229293823,0.6344634294509888
1790030018632930600,10.5939306640625,-0.5027823448181152,0.2106897532939911,1.0893617868423462
1790030018642971000,10.603970947265625,-0.6224924325942993,0.19871874153614044,1.867477297782898
1790030018662990300,10.623990234375,-1.400607943534851,0.3064578175544739,0.7038952708244324
1790030018683009800,10.644009765625,-0.6033388376235962,0.36152446269989014,-0.1867477297782898
1790030018692989200,10.6539892578125,-0.608127236366272,0.6991068720817566,-0.49320554733276367
1790030018703029500,10.664029541015625,-0.7613561153411865,0.6607996821403503,-0.8906430602073669
1790030018713039000,10.6740390625,-1.2042834758758545,0.5674257874488831,-1.1109095811843872
1790030018723049000,10.684049072265625,-0.8619126081466675,0.08858546614646912,-1.1851298809051514
1790030018733058800,10.694058837890625,-0.5554547905921936,-0.19393034279346466,-0.9792284965515137
1790030018743068400,10.704068359375,-0.6392518281936646,-0.14365209639072418,-0.7158663272857666
1790030018753078300,10.714078369140625,-0.8762778043746948,-0.24660277366638184,-1.1252747774124146
1790030018763088100,10.724088134765625,-0.569819986820221,-0.6248866319656372,-1.2832920551300049
1790030018803218700,10.76421875,0.49799394607543945,-2.5665841102600098,-3.5410242080688477
1790030018813228500,10.774228515625,0.4189853072166443,-2.408566951751709,-3.557783842086792
1790030018823238100,10.784238037109375,0.5506663918495178,-2.920926094055176,-3.689464807510376
1790030018833278500,10.794278564453125,0.8523358106613159,-3.002328872680664,-3.49314022064209
1790030018843257600,10.804257568359375,0.790086567401886,-3.160346269607544,-3.1747114658355713
1790030018853267500,10.814267333984375,0.8068459630012512,-3.3470940589904785,-3.177105665206909
1790030018863277300,10.82427734375,0.45250412821769714,-3.066972494125366,-2.7748796939849854
1790030018873287000,10.834286865234375,0.5961562395095825,-3.2800562381744385,-3.1890766620635986
1790030018913417700,10.874417724609375,0.44532153010368347,-2.2697031497955322,-1.8387469053268433
1790030018923427300,10.88442724609375,0.10773907601833344,-2.073378562927246,-1.4748282432556152
1790030018933437200,10.894437255859375,-0.16759411990642548,-2.0015525817871094,-1.0223240852355957
1790030018943447000,10.904447021484375,-0.5363011956214905,-1.4676456451416016,-0.11971008777618408
1790030018963466500,10.924466552734375,-0.3064578175544739,-1.6543933153152466,-1.6328455209732056
1790030019033534700,10.99453466796875,-0.21787235140800476,-0.9792284965515137,-1.036689281463623
1790030019123744800,11.084744873046875,-0.727837324142456,-0.7134721279144287,-1.2066776752471924
1790030019184017000,11.145016845703125,0.09816227108240128,-0.5530605912208557,-1.1109095811843872
1790030019194026800,11.15502685546875,0.40701428055763245,-0.5291185975074768,-1.9177556037902832
1790030019204036600,11.16503662109375,0.5003881454467773,-0.45489832758903503,-1.699883222579956
1790030019234126800,11.195126953125,-0.23702596127986908,0.5746083855628967,-0.7086837291717529
1790030019254146300,11.215146240234375,-0.2944868206977844,0.33997663855552673,-1.0247182846069336
1790030019264156200,11.22515625,-0.5722141861915588,0.06464344263076782,-1.0295066833496094
1790030019274196500,11.235196533203125,-0.47644615173339844,0.38546648621559143,-0.07422025501728058
1790030019284236800,11.24523681640625,-0.35434186458587646,0.3280056416988373,0.9576807022094727
1790030019294246400,11.255246337890625,-0.35673606395721436,0.16759411990642548,0.6560112833976746
1790030019304256300,11.26525634765625,-0.5339069962501526,-0.1388636976480484,0.7972691655158997
1790030019314266000,11.27526611328125,-1.1492167711257935,-0.26336219906806946,0.05267243832349777
1790030019334346500,11.295346435546875,-0.35673606395721436,-0.49799394607543945,-0.021547814831137657
1790030019354366200,11.3153662109375,-0.10534487664699554,-1.8363527059555054,-0.06464344263076782
1790030019364375800,11.325375732421875,0.014365210197865963,-1.460463047027588,-2.0015525817871094
1790030019384395500,11.3453955078125,0.026336219161748886,-0.09576806426048279,-1.3670891523361206
1790030019394435600,11.355435546875,-0.3878606855869293,-0.4381389021873474,0.6440402865409851
1790030019404445400,11.365445556640625,-1.0103530883789062,-0.5530605912208557,-0.3734954595565796
1790030019434474800,11.395474853515625,-0.2059013396501541,-0.5746083855628967,-0.5722141861915588
1790030019444515000,11.40551513671875,-0.9169792532920837,-2.1954829692840576,-0.2753331959247589
1790030019454525000,11.41552490234375,-1.7908629179000854,-0.9145850539207458,-0.768538773059845
1790030019464534500,11.425534423828125,-2.341529369354248,-1.8267759084701538,-1.6927006244659424
1790030019474574800,11.435574951171875,-2.169146776199341,0.05746084079146385,-2.7078421115875244
1790030019484615200,11.445615234375,-0.8307880163192749,1.1300631761550903,-1.501164436340332
1790030019494625000,11.455625,-0.014365210197865963,1.7597382068634033,0.730231523513794
1790030019514644500,11.47564453125,0.5171475410461426,1.6519991159439087,1.414973258972168
1790030019534633500,11.495633544921875,-0.8906430602073669,1.7381904125213623,2.274491548538208
1790030019604915500,11.56591552734375,-0.7326257228851318,1.1037269830703735,1.1803414821624756
1790030019695064300,11.656064208984375,-1.7070658206939697,1.4437036514282227,2.583343744277954
1790030019725124000,11.6861240234375,-0.9983820915222168,3.047818660736084,3.098097085952759
1790030019735164400,11.696164306640625,-0.6033388376235962,2.5689783096313477,2.6647465229034424
1790030019745143800,11.706143798828125,-0.33758243918418884,2.425326347351074,2.2146365642547607
1790030019755183900,11.716183837890625,-0.7038952708244324,2.343923568725586,2.8778305053710938
1790030019765193700,11.72619384765625,-1.115697979927063,1.4963760375976562,2.9041666984558105
1790030019775234000,11.736234130859375,-1.2114660739898682,1.778891921043396,2.760514497756958
1790030019785244000,11.746243896484375,-0.9959878921508789,2.169146776199341,2.9879636764526367
1790030019815303700,11.7763037109375,0.40462008118629456,2.652775526046753,2.7102363109588623
1790030019835323100,11.7963232421875,0.24899697303771973,1.192312479019165,1.3072341680526733
1790030019845363500,11.806363525390625,-0.1364694982767105,1.4532804489135742,1.2545616626739502
1790030019855373300,11.816373291015625,-0.6009446382522583,1.9033904075622559,1.460463047027588
1790030019865383000,11.8263828125,-0.9864110946655273,1.2617442607879639,1.6711528301239014
1790030019875423200,11.83642333984375,-1.158793568611145,0.9169792532920837,1.802833914756775
1790030019885463600,11.846463623046875,-1.1180921792984009,1.0965443849563599,1.9823989868164062
1790030019895473400,11.856473388671875,-1.039083480834961,1.0103530883789062,2.140416383743286
1790030019925533200,11.886533203125,-0.7110779285430908,1.9153614044189453,0.9959878921508789
1790030019955593000,11.916593017578125,-0.40940847992897034,1.2641384601593018,0.6967126727104187
1790030019975612400,11.9366123046875,-0.9816226959228516,-1.1420341730117798,1.6519991159439087
1790030019985622300,11.946622314453125,-1.8291701078414917,-0.8547300100326538,0.8595184087753296
1790030020035701500,11.996701416015625,0.33758243918418884,1.2425906658172607,0.181959331035614
1790030020045711400,12.00671142578125,0.47165772318840027,-0.18914192914962769,1.0845733880996704
1790030020065761300,12.02676123046875,-1.3694833517074585,-1.400607943534851,1.8483237028121948
1790030020075771100,12.036771240234375,-2.4899697303771973,-1.7764976024627686,0.05027823522686958
1790030020085781000,12.046781005859375,-2.3535003662109375,-1.9081788063049316,-1.9153614044189453
1790030020095790600,12.05679052734375,-1.4628572463989258,0.5003881454467773,-2.7533318996429443
1790030020105800400,12.066800537109375,-0.30885201692581177,3.1292216777801514,-1.4245500564575195
1790030020115840800,12.0768408203125,0.6248866319656372,3.557783842086792,1.05105459690094
1790030020125850400,12.086850341796875,1.2210428714752197,2.497152328491211,2.8778305053710938
1790030020135860200,12.096860107421875,0.33279404044151306,-0.2849099934101105,3.2369606494903564
1790030020165920000,12.126919921875,-2.8826189041137695,-0.7398083209991455,-1.6184803247451782
1790030020185970200,12.14697021484375,-0.7613561153411865,0.9576807022094727,-1.0271124839782715
1790030020195949300,12.15694921875,-0.6272808313369751,2.6862943172454834,0.8164227604866028
1790030020206020000,12.16702001953125,-0.7661445140838623,2.030282974243164,2.296039342880249
1790030020236079900,12.197079833984375,-2.0661959648132324,-1.4077905416488647,-1.8626888990402222
1790030020246089700,12.20708984375,-1.558625340461731,-0.8667010068893433,-1.6950948238372803
1790030020256099600,12.217099609375,-0.5650315880775452,-2.626439332962036,-2.5522189140319824
1790030020316127500,12.27712744140625,-0.31603461503982544,-1.601720929145813,-0.5578489899635315
1790030020376247300,12.337247314453125,1.0869675874710083,-0.23942017555236816,-0.08619125932455063
1790030020426387700,12.3873876953125,0.019153613597154617,0.13168109953403473,0.44532153010368347
1790030020436366800,12.397366943359375,-0.10295066982507706,0.17717093229293823,-0.22744916379451752
1790030020486507300,12.44750732421875,0.524330198764801,-1.5514427423477173,-0.8786720037460327
1790030020496517000,12.45751708984375,-0.0694318488240242,-0.9241618514060974,-0.4644751250743866
1790030020516567000,12.477567138671875,-0.3495534360408783,-0.3256114423274994,-0.35913026332855225
1790030020526577000,12.487576904296875,-0.8619126081466675,0.8595184087753296,0.6775590777397156
1790030020536647700,12.497647705078125,-0.4572925269603729,0.2561795711517334,0.849941611289978
1790030020546657300,12.5076572265625,-0.038307227194309235,0.31842881441116333,1.0247182846069336
1790030020556667100,12.517667236328125,-0.6320692300796509,-0.07182604819536209,0.363918662071228
1790030020566707500,12.52770751953125,-0.3998316824436188,-1.2114660739898682,-1.4844050407409668
1790030020576717300,12.53771728515625,-0.047884032130241394,-0.19871874153614044,-1.094150185585022
1790030020586727000,12.547726806640625,-0.038307227194309235,0.43095630407333374,0.009576806798577309
1790030020606746400,12.567746337890625,0.17956513166427612,0.629675030708313,0.4812345504760742
1790030020626796500,12.587796630859375,-0.16998831927776337,-0.22505496442317963,0.17238251864910126
1790030020636806400,12.597806396484375,-0.47405192255973816,-0.7757213711738586,-0.9361328482627869
1790030020646785500,12.60778564453125,-0.07900865375995636,-1.2306196689605713,-1.0845733880996704
1790030020656856300,12.617856201171875,0.19393034279346466,-0.993593692779541,-0.8475474119186401
1790030020666866200,12.6278662109375,0.08140286058187485,-0.31842881441116333,-0.9241618514060974
1790030020676875800,12.637875732421875,-0.08858546614646912,-0.17956513166427612,-1.0821791887283325
1790030020686916000,12.647916015625,-0.6560112833976746,-0.40462008118629456,-0.8307880163192749
1790030020696926000,12.657926025390625,-0.6607996821403503,0.05506663769483566,-0.023942016065120697
1790030020716975900,12.677975830078125,-0.14604631066322327,-0.2825157940387726,0.17238251864910126
1790030020747036000,12.708035888671875,-2.190694570541382,-0.5363011956214905,-0.7206547260284424
1790030020787105300,12.748105224609375,-1.580173134803772,1.0630255937576294,0.3758896589279175
1790030020797145600,12.7581455078125,-1.8076223134994507,0.5841852426528931,-0.1173158809542656
1790030020807155500,12.768155517578125,-1.41257905960083,0.4213795065879822,-0.20350714027881622
1790030020847316500,12.80831640625,-1.3024457693099976,0.5267243981361389,-0.3902548849582672
1790030020857326300,12.818326416015625,-1.2114660739898682,0.5602431893348694,-0.5099649429321289
1790030020867305500,12.828305419921875,-1.1540051698684692,0.1604115068912506,-0.27054479718208313
1790030020877315300,12.8383154296875,-1.0773907899856567,0.1843535304069519,-0.05506663769483566
1790030020887355600,12.848355712890625,-0.8595184087753296,0.1388636976480484,0.21787235140800476
1790030020897365500,12.858365478515625,-0.8475474119186401,0.3280056416988373,0.10295066982507706
1790030020907405600,12.868405517578125,-0.6105214357376099,-0.05985504388809204,-0.42856210470199585
1790030020917415400,12.87841552734375,-0.4620809257030487,-0.1412578970193863,-0.7015010714530945
1790030020927425300,12.88842529296875,-0.6799532771110535,0.002394201699644327,-0.7781155705451965
1790030020947444700,12.90844482421875,-0.3256114423274994,0.009576806798577309,-0.5554547905921936
1790030020957485000,12.918485107421875,-0.10295066982507706,0.3902548849582672,-0.38067805767059326
1790030020967494700,12.92849462890625,-0.28730419278144836,0.2322375625371933,-0.27054479718208313
1790030020977504500,12.93850439453125,-0.6512228846549988,-0.7948749661445618,-0.1628057211637497
1790030020987514400,12.948514404296875,-0.8834604024887085,-0.9481038451194763,-0.4141969084739685
1790030020997554700,12.9585546875,-1.3024457693099976,-0.6248866319656372,-0.7996633648872375
1790030021007564300,12.968564208984375,-0.9959878921508789,-0.6847416758537292,-0.8643068075180054
1790030021017574100,12.97857421875,-0.5123591423034668,-0.6919242739677429,-0.9193734526634216
1790030021077693700,13.038693603515625,-0.11013327538967133,-3.993528366088867,-2.121262788772583
1790030021087703600,13.04870361328125,-0.5123591423034668,-3.2776620388031006,-1.6831238269805908
1790030021107753500,13.06875341796875,0.24660277366638184,-2.470816135406494,-4.355052947998047
1790030021117763300,13.078763427734375,-0.1604115068912506,-2.6168625354766846,-3.488351821899414
1790030021127773200,13.088773193359375,-0.27054479718208313,-2.341529369354248,-2.736572504043579
1790030021147792600,13.108792724609375,-0.8403648138046265,-2.7102363109588623,-2.233790159225464
1790030021157833000,13.1188330078125,-1.3048399686813354,-2.561795711517334,-2.4157495498657227
1790030021177822000,13.138822021484375,-1.0797849893569946,-0.9696516990661621,-1.8914192914962769
1790030021187862300,13.1488623046875,-1.3407529592514038,-0.42377370595932007,-1.436521053314209
1790030021227932000,13.188931884765625,-1.6280571222305298,-0.40940847992897034,-0.13407529890537262
1790030021288082000,13.24908203125,-1.479616641998291,0.20350714027881622,0.8259995579719543
1790030021298122200,13.259122314453125,-1.9800047874450684,-0.42616790533065796,-1.9057846069335938
1790030021308132000,13.269132080078125,-1.968033790588379,-0.7972691655158997,-1.479616641998291
1790030021318141700,13.2791416015625,-1.2425906658172607,-0.33758243918418884,-1.0438719987869263
1790030021328151600,13.289151611328125,-0.9313444495201111,0.2585737705230713,0.2992752194404602
1790030021338161400,13.299161376953125,-0.7158663272857666,-0.2753331959247589,-0.47884035110473633
1790030021368221200,13.32922119140625,-2.231395959854126,0.33997663855552673,-0.6799532771110535
1790030021378230800,13.339230712890625,-2.7102363109588623,-0.1867477297782898,-0.395043283700943
1790030021388240600,13.34924072265625,-2.513911724090576,-0.6272808313369751,-0.8259995579719543
1790030021398250500,13.35925048828125,-2.5713725090026855,-1.6136919260025024,-1.601720929145813
1790030021408260000,13.369260009765625,-2.7006595134735107,-0.35434186458587646,-1.1635819673538208
1790030021418270000,13.37927001953125,-2.367865562438965,-0.8810662031173706,-1.0223240852355957
1790030021428310300,13.389310302734375,-0.6368576288223267,-0.3256114423274994,-1.0965443849563599
1790030021438350600,13.3993505859375,0.3232172429561615,0.7110779285430908,0.14365209639072418
1790030021488399400,13.4493994140625,-0.6440402865409851,0.9576807022094727,0.3758896589279175
1790030021508418800,13.469418701171875,-2.126051187515259,1.479616641998291,1.4844050407409668
1790030021578548200,13.53954833984375,-2.0805611610412598,0.181959331035614,-0.7948749661445618
1790030021598598400,13.559598388671875,-2.9041666984558105,-0.33279404044151306,-0.3471592366695404
1790030021608608000,13.56960791015625,-3.220201253890991,0.23702596127986908,0.3758896589279175
1790030021618617900,13.579617919921875,-2.499546527862549,0.3687070608139038,-0.20350714027881622
1790030021628658200,13.589658203125,-1.8363527059555054,0.5171475410461426,-0.026336219161748886
1790030021638698500,13.599698486328125,-1.6735470294952393,-1.4748282432556152,0.24420857429504395
1790030021648708000,13.6097080078125,-1.6639702320098877,0.09816227108240128,-0.7637503147125244
1790030021668697000,13.629697021484375,-1.094150185585022,-0.10055647045373917,-0.9983820915222168
1790030021678737400,13.6397373046875,-1.381454348564148,-0.19632454216480255,0.07422025501728058
1790030021688747300,13.649747314453125,-1.2976573705673218,-0.2585737705230713,0.47884035110473633
1790030021698756900,13.6597568359375,-1.6400281190872192,0.5051765441894531,0.33039984107017517
1790030021708766700,13.6697666015625,-0.6775590777397156,-0.38067805767059326,-0.5363011956214905
1790030021718776600,13.679776611328125,-0.06464344263076782,1.0247182846069336,0.2082955539226532
1790030021728786200,13.6897861328125,-0.608127236366272,0.09576806426048279,0.9888052940368652
1790030021748836400,13.70983642578125,-3.0358476638793945,1.7597382068634033,1.5107412338256836
1790030021788906000,13.749906005859375,-1.8531121015548706,1.5298948287963867,2.0398597717285156
1790030021838954800,13.799954833984375,-0.8667010068893433,1.3479355573654175,2.964021682739258
1790030021889034000,13.850033935546875,-1.0295066833496094,2.5737667083740234,2.4684219360351562
1790030021899043800,13.8600439453125,-0.950498104095459,2.4420857429504395,2.6647465229034424
1790030021909053700,13.8700537109375,-0.44771572947502136,2.559401512145996,2.1739351749420166
1790030021919094000,13.880093994140625,0.0454898327589035,2.3989901542663574,1.3287819623947144
1790030021929103600,13.890103515625,-0.12449848651885986,1.6974890232086182,1.158793568611145
1790030021939144000,13.90014404296875,-0.7398083209991455,0.4836287498474121,0.8571242094039917
1790030021949153800,13.91015380859375,-1.216254472732544,0.17956513166427612,0.7661445140838623
1790030021959194000,13.920194091796875,-1.680729627609253,0.2298433631658554,0.7996633648872375
1790030021969203700,13.93020361328125,-1.86508309841156,-0.12928688526153564,-0.47405192255973816
1790030021979244000,13.940244140625,-1.3862427473068237,0.08858546614646912,-1.1468225717544556
1790030022039333000,14.0003330078125,-0.6847416758537292,0.1604115068912506,0.689530074596405
1790030022059383300,14.02038330078125,-0.9457096457481384,-0.06464344263076782,0.3064578175544739
1790030022069393000,14.030392822265625,-1.1276689767837524,0.7781155705451965,0.12928688526153564
1790030022089443000,14.050443115234375,-0.6033388376235962,1.601720929145813,1.501164436340332
1790030022119502800,14.0805029296875,-1.3694833517074585,-1.0462661981582642,0.09816227108240128
1790030022129543200,14.090543212890625,-2.1284453868865967,-0.9241618514060974,-0.8451532125473022
1790030022139583500,14.10058349609375,-2.360682964324951,0.33279404044151306,-0.8834604024887085
1790030022149623800,14.110623779296875,-1.9369091987609863,0.9648633003234863,-0.9002198576927185
1790030022159663900,14.120663818359375,-1.1683704853057861,0.8140285611152649,-0.9864110946655273
1790030022199764000,14.160763916015625,-1.4652514457702637,-2.3080103397369385,0.090979665517807
1790030022209804300,14.17080419921875,-2.38462495803833,-2.6671407222747803,-2.9017724990844727
1790030022219814100,14.180814208984375,-2.408566951751709,-1.7381904125213623,-2.985569477081299
1790030022229824000,14.190823974609375,-1.7525556087493896,-0.37828385829925537,-1.3479355573654175
1790030022239894800,14.200894775390625,-1.216254472732544,0.8092401623725891,0.15801730751991272
1790030022249904400,14.210904296875,-0.7038952708244324,1.721431016921997,1.6065093278884888
1790030022259914200,14.220914306640625,-0.8259995579719543,2.1308395862579346,2.765302896499634
1790030022269924000,14.230924072265625,-1.5083470344543457,0.23942017555236816,1.6950948238372803
1790030022279933700,14.24093359375,-2.3247697353363037,-2.169146776199341,-1.4484920501708984
1790030022309993500,14.270993408203125,-2.9161376953125,-0.028730420395731926,-1.5442601442337036
1790030022320003300,14.28100341796875,-1.5442601442337036,1.5275006294250488,0.3687070608139038
1790030022330013200,14.29101318359375,-1.1324573755264282,1.8507179021835327,1.41257905960083
1790030022340053200,14.30105322265625,-1.0079588890075684,-0.2992752194404602,0.06464344263076782
1790030022350063000,14.31106298828125,-1.2737152576446533,-1.4245500564575195,-1.2856862545013428
1790030022360073000,14.321072998046875,-2.0159177780151367,-1.6615760326385498,-2.403778553009033
1790030022410152200,14.371152099609375,0.5027823448181152,-0.8906430602073669,0.15322890877723694
1790030022430141200,14.39114111328125,0.4118026793003082,-1.278503656387329,-0.24420857429504395
1790030022440212000,14.4012119140625,-0.7757213711738586,0.7350199222564697,0.13407529890537262
1790030022450252300,14.411252197265625,-1.7166426181793213,1.2234370708465576,1.0223240852355957
1790030022460262100,14.42126220703125,-1.702277421951294,1.1444283723831177,0.37828385829925537
1790030022480312000,14.44131201171875,-1.3527239561080933,-0.07422025501728058,-0.9145850539207458
1790030022490352400,14.451352294921875,-1.2665326595306396,-0.4644751250743866,-0.5099649429321289
1790030022510402600,14.471402587890625,-1.920149803161621,1.0031704902648926,1.7980455160140991
1790030022530422000,14.491422119140625,-1.3120225667953491,-1.5466543436050415,-0.689530074596405
1790030022540432000,14.501431884765625,-1.359906554222107,-0.8595184087753296,-0.5674257874488831
1790030022590480600,14.551480712890625,-1.4269442558288574,-1.1659762859344482,-1.2210428714752197
1790030022600521000,14.56152099609375,-0.8738836050033569,-0.09576806426048279,-0.3519476354122162
1790030022610530600,14.571530517578125,-0.6751648783683777,1.216254472732544,0.7086837291717529
1790030022620540400,14.58154052734375,-0.7613561153411865,0.9241618514060974,0.18914192914962769
1790030022640590600,14.601590576171875,-1.625662922859192,-0.19632454216480255,-0.3711012601852417
1790030022650630700,14.611630615234375,-1.070208191871643,-1.644816517829895,-0.8954314589500427
1790030022660640500,14.621640625,-0.7422025203704834,-0.4357447028160095,-0.22505496442317963
1790030022700710100,14.661710205078125,-0.7158663272857666,-0.043095629662275314,-0.395043283700943
1790030022710720000,14.671719970703125,-1.4700398445129395,-0.28969839215278625,-1.3527239561080933
1790030022720790800,14.681790771484375,-1.4053963422775269,-1.7094600200653076,-2.2457611560821533
1790030022730830800,14.691830810546875,-0.9409212470054626,-1.1899182796478271,-0.9217676520347595
1790030022740840700,14.7018408203125,-0.7398083209991455,-0.9911994934082031,-0.7230489253997803
1790030022790981000,14.751981201171875,-0.3280056416988373,-0.6727706789970398,-0.6799532771110535
1790030022801021400,14.762021484375,-0.8140285611152649,-0.7158663272857666,-0.6799532771110535
1790030022811031000,14.772031005859375,-0.9050082564353943,-0.3471592366695404,-1.1324573755264282
1790030022881252000,14.842252197265625,-0.9193734526634216,0.31124621629714966,-0.17238251864910126
1790030022891262000,14.852261962890625,-0.9888052940368652,0.6488286852836609,-0.1604115068912506
1790030022901302300,14.86230224609375,-0.6631938815116882,0.36152446269989014,-0.090979665517807
1790030022941341200,14.902341064453125,-0.35913026332855225,0.8259995579719543,0.507570743560791
1790030022971431400,14.932431396484375,-0.6727706789970398,-0.05506663769483566,0.016759412363171577
1790030022981410800,14.942410888671875,-1.0055646896362305,-1.0007762908935547,-0.6177040338516235
1790030022991451100,14.952451171875,-1.5729905366897583,-0.5482721924781799,-0.37828385829925537
1790030023001491500,14.962491455078125,-1.4987702369689941,-0.1867477297782898,0.15083470940589905
1790030023011501000,14.9725009765625,-0.8355764150619507,0.3902548849582672,-0.6272808313369751
1790030023021511000,14.982510986328125,-0.7829039692878723,0.6847416758537292,-0.33997663855552673
1790030023041560800,15.002560791015625,-0.8379706144332886,-0.17477671802043915,-1.625662922859192
1790030023051570700,15.01257080078125,-0.3232172429561615,-1.0103530883789062,-2.3965959548950195
1790030023061611000,15.022611083984375,0.3998316824436188,-1.8531121015548706,-2.454056739807129
1790030023071620900,15.032620849609375,-0.2513911724090576,-1.2066776752471924,-1.9967641830444336
1790030023081661000,15.042660888671875,-0.6823474764823914,-2.0374655723571777,-1.7741034030914307
1790030023091701200,15.052701171875,-0.5506663918495178,-2.612074136734009,-2.183511972427368
1790030023101711000,15.062711181640625,-0.05027823522686958,-2.832340717315674,-2.9735984802246094
1790030023121761000,15.082760986328125,0.9265560507774353,-3.2776620388031006,-3.4093432426452637
1790030023161861000,15.122861083984375,0.33997663855552673,-3.4404678344726562,-4.333505153656006
1790030023181911300,15.142911376953125,0.016759412363171577,-2.6431987285614014,-3.2585084438323975
1790030023191921200,15.152921142578125,-0.5123591423034668,-2.382230758666992,-3.4308910369873047
1790030023201961200,15.162961181640625,-0.35673606395721436,-2.8443117141723633,-3.4763808250427246
1790030023212001500,15.17300146484375,-0.5602431893348694,-2.8634653091430664,-2.6144683361053467
1790030023222041900,15.183041748046875,-0.9600749015808105,-2.669534921646118,-1.900996208190918
1790030023232051700,15.1930517578125,-1.3934253454208374,-2.542642116546631,-0.9026140570640564
1790030023242092000,15.203092041015625,-1.5514427423477173,-3.507505416870117,-1.1779472827911377
1790030023252132400,15.21313232421875,-2.612074136734009,-3.0789434909820557,-1.4437036514282227
1790030023262172400,15.22317236328125,-3.2345664501190186,-0.5674257874488831,-0.7230489253997803
1790030023292201700,15.25320166015625,-1.4053963422775269,-0.5674257874488831,-1.7046716213226318
1790030023302242000,15.263241943359375,-0.7829039692878723,-0.2322375625371933,-2.2912509441375732
1790030023312252000,15.273251953125,-0.1843535304069519,0.7110779285430908,-1.161187767982483
1790030023322292200,15.283292236328125,-0.3998316824436188,1.3215993642807007,0.7398083209991455
1790030023332301800,15.2933017578125,-1.3096283674240112,0.47644615173339844,-0.1867477297782898
1790030023342342100,15.303342041015625,-1.036689281463623,0.3974374830722809,-0.7709329724311829
1790030023362392300,15.323392333984375,0.05027823522686958,1.0055646896362305,0.3232172429561615
1790030023402461700,15.363461669921875,-1.3742717504501343,0.8164227604866028,0.2561795711517334
1790030023412471600,15.373471435546875,-1.4269442558288574,1.139639973640442,1.0199298858642578
1790030023422511900,15.383511962890625,-1.6400281190872192,1.2042834758758545,1.2330138683319092
1790030023432552200,15.39355224609375,-1.6304513216018677,0.4836287498474121,0.3447650372982025
1790030023442592500,15.403592529296875,-1.3646949529647827,-0.16998831927776337,0.090979665517807
1790030023452632800,15.4136328125,-1.1252747774124146,-0.07661445438861847,-0.26575639843940735
1790030023462642400,15.423642333984375,-1.0630255937576294,-0.2346317619085312,0.19632454216480255
1790030023472652300,15.43365234375,-1.0438719987869263,-0.42616790533065796,-0.4357447028160095
1790030023482662000,15.443661865234375,-0.7565677165985107,-1.0989385843276978,-0.9265560507774353
1790030023502712000,15.463712158203125,-0.3423708379268646,-0.11971008777618408,0.5315127968788147
1790030023512691200,15.473691162109375,0.27054479718208313,-1.7310078144073486,-0.4620809257030487
1790030023522731500,15.4837314453125,0.6320692300796509,-0.9720458984375,-1.278503656387329
1790030023532771800,15.493771728515625,0.15801730751991272,-0.7924807667732239,-0.43095630407333374
1790030023542812200,15.503812255859375,0.05027823522686958,-0.4405331015586853,-0.7613561153411865
1790030023552822000,15.513822021484375,-0.4908113479614258,0.17956513166427612,0.5937620401382446
1790030023572841500,15.533841552734375,0.5386953949928284,-1.1492167711257935,-1.9560627937316895
1790030023622951400,15.583951416015625,-0.021547814831137657,-0.3280056416988373,-0.181959331035614
1790030023663020800,15.624020751953125,-2.846705913543701,-0.033518824726343155,0.33758243918418884
1790030023723201500,15.684201416015625,-1.7621324062347412,0.3423708379268646,0.4812345504760742
1790030023733241900,15.694241943359375,-1.3886369466781616,0.26815059781074524,0.4429273009300232
1790030023743312600,15.704312744140625,-1.4245500564575195,1.0247182846069336,0.5746083855628967
1790030023753322500,15.714322509765625,-2.2002713680267334,0.524330198764801,1.1755530834197998
1790030023763301600,15.724301513671875,-2.0039467811584473,0.849941611289978,0.26336219906806946
1790030023773311500,15.7343115234375,-1.3263877630233765,0.5913678407669067,-0.6584054827690125
1790030023783351800,15.744351806640625,-0.3519476354122162,-0.5770025849342346,-0.31124621629714966
1790030023803371300,15.764371337890625,-1.7717092037200928,-0.12928688526153564,0.9026140570640564
1790030023823421200,15.784421142578125,-2.0829553604125977,0.6823474764823914,0.3926490843296051
1790030023833431000,15.79443115234375,-1.194706678390503,1.3551181554794312,0.8068459630012512
1790030023843441000,15.80444091796875,-1.1516109704971313,0.9959878921508789,1.7046716213226318
1790030023853450500,15.814450439453125,-1.5275006294250488,1.6184803247451782,2.1739351749420166
1790030023863460400,15.82446044921875,-2.121262788772583,1.7693150043487549,2.099714994430542
1790030023873470200,15.83447021484375,-2.3487119674682617,1.434126853942871,1.2114660739898682
1790030023883479800,15.844479736328125,-2.1140801906585693,1.525106430053711,1.1085153818130493
1790030023903499500,15.86449951171875,-1.314416766166687,1.194706678390503,1.2306196689605713
1790030023913478700,15.874478759765625,-0.9552865028381348,2.3511061668395996,1.824381709098816
1790030023923488500,15.884488525390625,-0.7565677165985107,2.4612393379211426,2.2816741466522217
1790030023933498000,15.894498046875,-0.6488286852836609,2.9017724990844727,2.535459518432617
1790030023943508000,15.904508056640625,-1.0582371950149536,2.734178304672241,2.846705913543701
1790030023973537300,15.934537353515625,-0.751779317855835,2.5785553455352783,3.2992098331451416
1790030024023586000,15.9845859375,-1.5945383310317993,1.7549498081207275,2.0661959648132324
1790030024033565400,15.9945654296875,-2.0159177780151367,0.912190854549408,1.5610195398330688
1790030024043605500,16.00460546875,-1.8818424940109253,0.6943184733390808,0.6919242739677429
1790030024063625200,16.024625244140626,-1.6328455209732056,1.4245500564575195,0.38546648621559143
1790030024073634800,16.034634765625,-1.4484920501708984,0.8619126081466675,0.2082955539226532
1790030024083644700,16.044644775390626,-0.9792284965515137,-0.040701430290937424,0.5410895943641663
1790030024093654500,16.054654541015626,-0.7709329724311829,0.016759412363171577,0.9313444495201111
1790030024133785000,16.09478515625,-1.3431471586227417,0.7829039692878723,0.31603461503982544
1790030024143825400,16.104825439453126,-0.9959878921508789,0.4668693244457245,0.11013327538967133
1790030024153835000,16.1148349609375,-0.4165911078453064,0.7565677165985107,0.3256114423274994
1790030024173824000,16.134823974609375,-0.07661445438861847,-0.3711012601852417,0.8954314589500427
1790030024183864300,16.1448642578125,-1.0103530883789062,0.12210428714752197,1.1013327836990356
1790030024193874200,16.154874267578126,-1.702277421951294,0.05506663769483566,0.3734954595565796
1790030024203884000,16.164884033203126,-1.6112977266311646,1.5610195398330688,-0.507570743560791
1790030024213924000,16.174924072265625,-1.3838485479354858,1.139639973640442,-0.4620809257030487
1790030024233974300,16.194974365234376,-0.7757213711738586,-0.9696516990661621,-0.31603461503982544
1790030024244014600,16.2050146484375,-1.0893617868423462,-0.7589619159698486,0.28969839215278625
1790030024304134100,16.265134033203125,-0.3902548849582672,-0.9983820915222168,-0.13168109953403473
1790030024384243000,16.345242919921876,-1.2737152576446533,0.4620809257030487,0.1364694982767105
1790030024394252500,16.35525244140625,-1.0271124839782715,-0.993593692779541,-0.28730419278144836
1790030024404262400,16.365262451171876,-1.5131354331970215,-0.2777273952960968,0.26096799969673157
1790030024414302700,16.375302734375,-1.8411411046981812,-1.0845733880996704,0.1149216815829277
1790030024444362500,16.405362548828126,-0.9313444495201111,0.9864110946655273,-0.17717093229293823
1790030024454372000,16.4153720703125,-0.8236053586006165,2.207453966140747,1.216254472732544
1790030024464412400,16.425412353515625,-0.9624691009521484,0.9696516990661621,1.6519991159439087
1790030024514522400,16.4755224609375,-1.4844050407409668,-1.580173134803772,-3.071760892868042
1790030024574611500,16.535611572265626,-1.5083470344543457,-1.3527239561080933,-1.1109095811843872
1790030024594661600,16.55566162109375,-2.0661959648132324,-1.2210428714752197,-0.730231523513794
1790030024604671200,16.565671142578125,-1.6519991159439087,-0.950498104095459,-1.3455413579940796
1790030024614711600,16.575711669921876,-0.7948749661445618,-0.12449848651885986,-0.730231523513794
1790030024624721400,16.585721435546876,-0.10055647045373917,0.6224924325942993,0.5171475410461426
1790030024634731000,16.59573095703125,0.05267243832349777,0.6727706789970398,0.7326257228851318
1790030024664821500,16.625821533203126,-1.1228805780410767,-0.8475474119186401,-1.5059528350830078
1790030024674861800,16.63586181640625,-1.678335428237915,-0.15322890877723694,-0.9074024558067322
1790030024684902000,16.64590185546875,-1.4269442558288574,0.40462008118629456,-0.3734954595565796
1790030024694911700,16.655911865234376,-0.9528923034667969,0.7637503147125244,0.6991068720817566
1790030024704921600,16.665921630859376,-1.192312479019165,0.004788403399288654,0.8020575642585754
1790030024714962000,16.6759619140625,-1.7166426181793213,-0.5937620401382446,-0.4692635238170624
1790030024724971500,16.685971435546875,-1.944091796875,-0.7613561153411865,-1.094150185585022
1790030024735011800,16.69601171875,-1.1420341730117798,-0.6991068720817566,-0.706289529800415
1790030024755062000,16.71606201171875,-0.5027823448181152,-0.17717093229293823,-0.28969839215278625
1790030024765102000,16.72610205078125,-0.5051765441894531,0.35673606395721436,-0.009576806798577309
1790030024775112000,16.73611181640625,-0.4429273009300232,0.4692635238170624,0.44771572947502136
1790030024785121800,16.746121826171876,-0.9816226959228516,0.4596867263317108,-0.12210428714752197
1790030024795131400,16.75613134765625,-1.5203180313110352,-0.5746083855628967,-1.3120225667953491
1790030024805141200,16.766141357421876,-1.0582371950149536,-0.9768342971801758,-0.9457096457481384
1790030024815151000,16.776151123046876,-0.6727706789970398,0.9959878921508789,0.5051765441894531
1790030024825191400,16.78619140625,-0.6584054827690125,0.7326257228851318,0.7445967197418213
1790030024835231500,16.7962314453125,-0.7350199222564697,-0.23702596127986908,-0.5841852426528931
1790030024845271800,16.806271728515625,-0.9816226959228516,-0.4118026793003082,-0.8834604024887085
1790030024855281700,16.81628173828125,-1.237802267074585,-0.7086837291717529,-0.7374141216278076
1790030024865322000,16.826322021484376,-1.259350061416626,-0.3208230137825012,-1.3311761617660522
1790030024895351300,16.856351318359376,0.011971008032560349,-0.6823474764823914,-0.38067805767059326
1790030024905391600,16.8663916015625,0.0933738648891449,-0.1388636976480484,-0.5793967843055725
1790030024915401200,16.876401123046875,0.019153613597154617,0.06703764945268631,-0.44771572947502136
1790030024925441500,16.886441650390626,-0.4381389021873474,-0.6943184733390808,-0.5386953949928284
1790030024935481900,16.89648193359375,-0.6631938815116882,-1.3239935636520386,-0.24420857429504395
1790030024945522200,16.906522216796876,-0.7350199222564697,-0.8475474119186401,0.09816227108240128
1790030024965572000,16.926572021484375,-0.7757213711738586,0.272938996553421,-0.2513911724090576
1790030024985683200,16.94668310546875,-0.7924807667732239,0.7541735172271729,-0.5147533416748047
1790030024995693000,16.956693115234376,-0.7374141216278076,0.9026140570640564,-0.38067805767059326
1790030025005733400,16.9667333984375,-0.5410895943641663,1.070208191871643,0.14604631066322327
1790030025035823600,16.99682373046875,-1.2473790645599365,-0.181959331035614,0.507570743560791
1790030025075893200,17.036893310546876,-0.6248866319656372,0.16519992053508759,-1.094150185585022
1790030025146022700,17.107022705078126,0.31603461503982544,-2.1954829692840576,-2.7964274883270264
1790030025226222800,17.187222900390626,0.4213795065879822,-3.318363666534424,-3.246537446975708
1790030025256282600,17.21728271484375,-0.5530605912208557,-2.2361843585968018,-1.9823989868164062
1790030025266323000,17.227322998046876,-0.7613561153411865,-3.7876269817352295,-2.851494312286377
1790030025276332500,17.23733251953125,-1.1540051698684692,-3.971980571746826,-3.641580820083618
1790030025286372900,17.247372802734375,-0.933738648891449,-3.0190882682800293,-2.920926094055176
1790030025306423000,17.267423095703126,-0.035913024097681046,-3.0597896575927734,-3.3423056602478027
1790030025316432600,17.2774326171875,-0.35434186458587646,-2.585737943649292,-2.6024973392486572
1790030025326442500,17.2874423828125,-0.8786720037460327,-1.3455413579940796,-1.115697979927063
1790030025336452400,17.297452392578126,-0.8044517636299133,-0.4884171485900879,-0.667982280254364
1790030025346462000,17.3074619140625,-0.9864110946655273,-0.8140285611152649,-0.6847416758537292
1790030025356502300,17.317502197265625,-1.6208745241165161,0.3926490843296051,-1.0845733880996704
1790030025366542600,17.32754248046875,-1.434126853942871,0.07422025501728058,-0.7637503147125244
1790030025376552400,17.337552490234376,-1.3048399686813354,-0.545877993106842,-0.6823474764823914
1790030025386562000,17.34756201171875,-1.2617442607879639,-0.5099649429321289,-1.9752163887023926
1790030025396602400,17.357602294921875,-0.6799532771110535,1.1659762859344482,-1.256955862045288
1790030025436672000,17.397672119140626,-1.2425906658172607,1.072602391242981,0.751779317855835
1790030025506832000,17.467831787109375,-1.1971008777618408,0.17477671802043915,0.6248866319656372
1790030025526882000,17.487882080078126,-1.0965443849563599,-0.7972691655158997,-0.3878606855869293
1790030025607143200,17.56814306640625,-0.4620809257030487,-1.048660397529602,-1.213860273361206
1790030025687343400,17.64834326171875,-1.6974890232086182,-0.5147533416748047,-0.08858546614646912
1790030025747524000,17.708524169921876,-1.4628572463989258,0.6440402865409851,0.2346317619085312
1790030025777644800,17.738644775390625,-1.3623007535934448,0.586579442024231,1.0127472877502441
1790030025787685000,17.74868505859375,-1.5873557329177856,0.5267243981361389,0.7589619159698486
1790030025797695000,17.758695068359376,-2.3726539611816406,0.38067805767059326,0.9289502501487732
1790030025807765800,17.768765869140626,-2.7102363109588623,-0.7398083209991455,-0.4381389021873474
1790030025847926800,17.8089267578125,-2.4827871322631836,1.920149803161621,1.525106430053711
1790030025898036700,17.85903662109375,-1.7262194156646729,2.205059766769409,2.449268341064453
1790030025908077000,17.8690771484375,-2.367865562438965,1.647210717201233,3.00711727142334
1790030025918087000,17.8790869140625,-2.365471363067627,1.5873557329177856,2.3056161403656006
1790030025928127000,17.889126953125,-2.1380221843719482,1.9488801956176758,2.1595699787139893
1790030025948207600,17.90920751953125,-3.0334534645080566,2.9735984802246094,3.9264907836914062
1790030025968257800,17.9292578125,-2.3750481605529785,2.851494312286377,2.248155355453491
1790030026008327400,17.969327392578126,-1.3982137441635132,2.274491548538208,4.446032524108887
1790030026018337000,17.9793369140625,-1.525106430053711,2.43011474609375,3.4572272300720215
1790030026028347000,17.989346923828126,-0.7445967197418213,2.5737667083740234,2.535459518432617
1790030026038356500,17.9993564453125,-0.11971008777618408,2.9496564865112305,2.7772738933563232
1790030026068416500,18.02941650390625,-0.2106897532939911,0.6392518281936646,1.2186486721038818
1790030026108516600,18.0695166015625,-1.0414776802062988,-0.14604631066322327,0.3423708379268646
1790030026118495700,18.079495849609376,-0.7948749661445618,-0.1867477297782898,0.33039984107017517
1790030026128505600,18.089505615234376,-0.7805097699165344,-0.17956513166427612,0.21308395266532898
1790030026148586000,18.1095859375,-0.7445967197418213,0.12449848651885986,0.40940847992897034
1790030026158595800,18.119595947265626,-0.6368576288223267,-0.23942017555236816,0.2585737705230713
1790030026168605700,18.129605712890626,-0.7158663272857666,0.37828385829925537,0.5434837937355042
1790030026178615300,18.139615234375,-1.1300631761550903,0.11013327538967133,0.2777273952960968
1790030026188625200,18.149625244140626,-1.3239935636520386,0.0071826050989329815,-0.031124621629714966
1790030026198635000,18.159635009765626,-1.6855180263519287,-0.6129156351089478,-0.3687070608139038
1790030026208675000,18.169675048828125,-1.6304513216018677,-0.9050082564353943,-1.0103530883789062
1790030026218685000,18.179684814453125,-1.1875240802764893,-0.05985504388809204,-0.9074024558067322
1790030026228694800,18.18969482421875,-0.7733271718025208,0.31364041566848755,-0.10055647045373917
1790030026238735000,18.199735107421876,-0.4908113479614258,-0.021547814831137657,0.31603461503982544
1790030026248644900,18.209644775390625,-0.5027823448181152,0.933738648891449,1.2617442607879639
1790030026258685200,18.219685302734376,-1.1994950771331787,1.7405846118927002,1.9584569931030273
1790030026268694800,18.22969482421875,-1.778891921043396,2.049436569213867,0.8595184087753296
1790030026278704600,18.23970458984375,-2.0805611610412598,-0.33279404044151306,-0.6392518281936646
1790030026308795000,18.269794921875,-2.1715409755706787,-0.016759412363171577,-0.090979665517807
1790030026318804700,18.2798046875,-2.3726539611816406,1.3958195447921753,0.8140285611152649
1790030026328845000,18.289844970703125,-2.2601263523101807,1.9345149993896484,1.6328455209732056
1790030026348925400,18.309925537109375,-1.3958195447921753,-0.8092401623725891,-0.33518823981285095
1790030026368945200,18.329945068359375,-2.10210919380188,-2.207453966140747,-3.138798475265503
1790030026388995000,18.3499951171875,-2.3989901542663574,-0.3663128614425659,-0.06464344263076782
1790030026399005000,18.3600048828125,-1.4532804489135742,0.7445967197418213,0.7948749661445618
1790030026419024400,18.3800244140625,0.7110779285430908,1.7142484188079834,0.33279404044151306
1790030026449145300,18.410145263671875,-2.7700912952423096,0.45250412821769714,-0.1364694982767105
1790030026459124500,18.42012451171875,-3.3470940589904785,-0.6919242739677429,0.0933738648891449
1790030026469164800,18.430164794921875,-2.580949544906616,-1.0438719987869263,-1.173158884048462
1790030026479205000,18.440205078125,-2.121262788772583,-1.4867992401123047,-1.5658079385757446
1790030026489215000,18.450215087890626,-1.2521674633026123,-1.86508309841156,-1.4460978507995605
1790030026509234400,18.470234375,-1.8100165128707886,1.6687586307525635,1.7884687185287476
1790030026519274800,18.480274658203125,-2.346317768096924,1.723825216293335,1.161187767982483
1790030026529284400,18.490284423828125,-2.2840683460235596,0.35434186458587646,-0.08140286058187485
1790030026539294200,18.500294189453125,-2.1045033931732178,-1.7908629179000854,-1.0845733880996704
1790030026549334500,18.51033447265625,-2.2649147510528564,-1.5394717454910278,-1.0678139925003052
1790030026559344000,18.52034423828125,-2.63362193107605,-1.3431471586227417,-0.6751648783683777
1790030026579394300,18.540394287109375,-1.525106430053711,-0.5889736413955688,-0.689530074596405
1790030026589404200,18.550404052734375,-1.036689281463623,0.24420857429504395,-0.016759412363171577
1790030026599444200,18.5604443359375,-1.015141487121582,0.608127236366272,0.3758896589279175
1790030026619464000,18.5804638671875,-1.7980455160140991,0.9385270476341248,0.5506663918495178
1790030026629504300,18.590504150390625,-1.2425906658172607,-0.4620809257030487,-0.3687070608139038
1790030026639513900,18.600513916015625,-0.811634361743927,-1.1109095811843872,-1.2210428714752197
1790030026669604400,18.630604248046875,-1.50355863571167,-1.3742717504501343,-1.7070658206939697
1790030026679614000,18.640614013671875,-1.7884687185287476,-0.7398083209991455,-1.8770540952682495
1790030026689623800,18.650623779296875,-1.2952631711959839,0.6416460275650024,-0.5267243981361389
1790030026709673700,18.670673828125,-0.6200982332229614,0.545877993106842,0.3256114423274994
1790030026739733800,18.700733642578125,-1.1994950771331787,-1.3862427473068237,-1.821987509727478
1790030026749773800,18.71077392578125,-1.039083480834961,-1.0438719987869263,-1.0055646896362305
1790030026759814100,18.720814208984375,-0.8595184087753296,-0.2298433631658554,0.2944868206977844
1790030026769824000,18.730823974609375,-0.9744400978088379,-0.24181437492370605,-0.47405192255973816
1790030026830065700,18.791065673828125,-1.1468225717544556,-1.137245774269104,-1.7286136150360107
1790030026880236500,18.841236572265625,-0.6057330369949341,-0.1173158809542656,0.3208230137825012
1790030026890246400,18.851246337890625,-0.6057330369949341,-0.10773907601833344,-0.3447650372982025
1790030026950396400,18.911396484375,-1.3192051649093628,0.667982280254364,-0.5123591423034668
1790030026970446600,18.931446533203125,-0.849941611289978,0.7637503147125244,0.1628057211637497
1790030027030596600,18.9915966796875,-0.9409212470054626,-0.1412578970193863,-0.12210428714752197
1790030027040637000,19.001636962890625,-0.6224924325942993,0.17477671802043915,-0.26096799969673157
1790030027050707700,19.011707763671875,-0.5434837937355042,-0.028730420395731926,-1.0606313943862915
1790030027060717600,19.021717529296875,-0.5027823448181152,-0.10055647045373917,-1.2665326595306396
1790030027090869000,19.051868896484375,-0.7661445140838623,-0.8020575642585754,-0.7158663272857666
1790030027100909000,19.061908935546874,-0.4692635238170624,-0.5722141861915588,-0.09816227108240128
1790030027110919000,19.0719189453125,-0.4165911078453064,-0.05746084079146385,-0.2322375625371933
1790030027120959200,19.081959228515625,-0.4189853072166443,0.15801730751991272,-0.5291185975074768
1790030027130999600,19.09199951171875,-0.4165911078453064,-0.1604115068912506,-0.8667010068893433
1790030027141009400,19.102009521484376,-0.507570743560791,-0.3280056416988373,-0.8954314589500427
1790030027151080200,19.112080078125,-0.47165772318840027,-0.38067805767059326,-0.8475474119186401
1790030027161089800,19.12208984375,-0.2753331959247589,-0.7852981686592102,-0.9696516990661621
1790030027231280400,19.1922802734375,0.38546648621559143,-3.0190882682800293,-2.8395233154296875
1790030027241290000,19.2022900390625,0.8092401623725891,-4.6255974769592285,-4.022258758544922
1790030027251330300,19.212330322265625,1.1037269830703735,-5.360617637634277,-4.752490520477295
1790030027261370600,19.22237060546875,0.26575639843940735,-4.381389141082764,-4.857835292816162
1790030027271411000,19.232410888671875,-0.5985504388809204,-3.2824504375457764,-4.072536945343018
1790030027281451300,19.242451171875,-0.5889736413955688,-3.0550012588500977,-3.737348794937134
1790030027301470700,19.262470703125,-0.40222588181495667,-3.9264907836914062,-3.485957622528076
1790030027311480600,19.27248046875,-0.2801215946674347,-2.87064790725708,-3.2561142444610596
1790030027341601300,19.302601318359375,-0.5554547905921936,-1.6519991159439087,-2.1595699787139893
1790030027351641600,19.3126416015625,-0.4620809257030487,-1.5849615335464478,-1.5897499322891235
1790030027361682000,19.322681884765625,-0.6967126727104187,-0.9528923034667969,-0.9169792532920837
1790030027371691800,19.33269189453125,-1.0462661981582642,-0.07900865375995636,-0.2801215946674347
1790030027381701400,19.342701416015625,-1.3551181554794312,-0.3423708379268646,-0.5410895943641663
1790030027391741700,19.35274169921875,-1.9991583824157715,0.12928688526153564,-1.0462661981582642
1790030027401782000,19.362781982421875,-2.3726539611816406,1.1228805780410767,-0.5195417404174805
1790030027441851600,19.4028515625,-2.3367409706115723,-1.6208745241165161,-0.8188169598579407
1790030027451861200,19.412861328125,-2.736572504043579,-1.1204863786697388,-2.8802247047424316
1790030027461871000,19.42287109375,-2.1811177730560303,0.5770025849342346,-1.7860745191574097
1790030027471911400,19.432911376953125,-0.28969839215278625,-1.070208191871643,-0.8738836050033569
1790030027491931000,19.452930908203125,-1.3455413579940796,-1.2880805730819702,-2.8874073028564453
1790030027501971200,19.46297119140625,-0.0071826050989329815,-1.0223240852355957,-1.1180921792984009
1790030027522021000,19.483021240234375,0.33758243918418884,0.363918662071228,-0.730231523513794
1790030027532031000,19.493031005859375,-0.4381389021873474,-1.0678139925003052,-0.5530605912208557
1790030027542101800,19.503101806640625,-0.5746083855628967,-1.702277421951294,-1.7070658206939697
1790030027552111600,19.513111572265625,-1.0247182846069336,-0.22026655077934265,-0.1364694982767105
1790030027562152000,19.52315185546875,-1.1875240802764893,-0.7493851184844971,0.06464344263076782
1790030027572161500,19.53316162109375,-1.8052281141281128,0.2968810200691223,-0.5817909836769104
1790030027582171400,19.54317138671875,-2.3247697353363037,1.3096283674240112,0.1843535304069519
1790030027592181200,19.55318115234375,-1.9584569931030273,0.8044517636299133,0.9433154463768005
1790030027602221300,19.56322119140625,-1.8555063009262085,-0.2753331959247589,-0.12928688526153564
1790030027612231200,19.573231201171875,-1.4532804489135742,-1.0989385843276978,-1.2521674633026123
1790030027622241000,19.583240966796875,-1.800439715385437,-0.9097966551780701,-0.6440402865409851
1790030027632250600,19.593250732421875,-1.7357962131500244,-1.8315643072128296,-1.094150185585022
1790030027642260500,19.603260498046875,-1.37906014919281,-1.8363527059555054,-1.5921441316604614
1790030027652300800,19.61330078125,-1.5179238319396973,-0.6272808313369751,-1.1276689767837524
1790030027662310700,19.623310546875,-1.8842366933822632,-0.5650315880775452,1.4987702369689941
1790030027682360600,19.643360595703125,-2.650381326675415,0.20111294090747833,0.2992752194404602
1790030027692370400,19.653370361328125,-1.8052281141281128,-0.4189853072166443,-0.9145850539207458
1790030027702410800,19.66341064453125,-2.054224967956543,-0.2825157940387726,-0.7422025203704834
1790030027712450800,19.673450927734375,-2.142810583114624,0.2322375625371933,-0.5793967843055725
1790030027722460700,19.683460693359375,-2.408566951751709,1.015141487121582,-0.07661445438861847
1790030027732501000,19.6935009765625,-1.5538369417190552,0.43095630407333374,-0.6033388376235962
1790030027742510800,19.7035107421875,-0.7445967197418213,1.7884687185287476,0.11252748221158981
1790030027762591200,19.72359130859375,-1.8602946996688843,0.09816227108240128,1.403002142906189
1790030027782611000,19.74361083984375,-2.3080103397369385,1.6328455209732056,-0.24181437492370605
1790030027792620500,19.75362060546875,-2.5953147411346436,-0.0454898327589035,-0.06703764945268631
1790030027802630400,19.76363037109375,-1.9369091987609863,0.1604115068912506,-1.170764684677124
1790030027812670700,19.773670654296875,-1.6735470294952393,0.304063618183136,-0.5267243981361389
1790030027822680300,19.783680419921875,-1.5945383310317993,-0.6200982332229614,0.5339069962501526
1790030027832690200,19.793690185546875,-2.1068975925445557,1.2401964664459229,1.6615760326385498
1790030027862780400,19.823780517578125,-1.5418659448623657,-1.2521674633026123,-1.7046716213226318
1790030027882830600,19.84383056640625,-2.164358377456665,-0.545877993106842,-0.9552865028381348
1790030027892840400,19.85384033203125,-3.0119056701660156,-0.17477671802043915,-0.6560112833976746
1790030027902880500,19.863880615234375,-1.9943699836730957,-0.5315127968788147,-0.5961562395095825
1790030027912890400,19.873890380859375,-0.9720458984375,0.090979665517807,0.2992752194404602
1790030027932909800,19.893909912109375,-0.304063618183136,1.3311761617660522,2.0231003761291504
1790030027942950100,19.9039501953125,-1.1324573755264282,3.464409828186035,3.0621838569641113
1790030027952990500,19.913990478515625,-1.9345149993896484,3.5913026332855225,3.31118106842041
1790030027963030800,19.92403076171875,-1.922544002532959,4.359841346740723,3.095702886581421
1790030028043170000,20.004170166015626,-3.2537200450897217,3.2824504375457764,3.555389642715454
1790030028103320000,20.064320068359375,-1.534683346748352,0.08140286058187485,-0.6560112833976746
1790030028183428600,20.1444287109375,-0.6943184733390808,0.6823474764823914,0.011971008032560349
1790030028263628800,20.22462890625,-1.292868971824646,-0.6871358752250671,-0.9576807022094727
1790030028283648500,20.2446484375,-1.843535304069519,0.6057330369949341,0.7398083209991455
1790030028293719300,20.25471923828125,-2.0638017654418945,-0.2753331959247589,0.8164227604866028
1790030028303729000,20.26472900390625,-1.6711528301239014,0.2298433631658554,-0.05746084079146385
1790030028313769200,20.274769287109375,-1.5514427423477173,0.9313444495201111,-0.15562310814857483
1790030028323809500,20.2848095703125,-1.5634137392044067,0.6272808313369751,-0.7589619159698486
1790030028333789000,20.294788818359375,-1.6974890232086182,0.038307227194309235,-0.9624691009521484
1790030028343859700,20.304859619140625,-1.7046716213226318,-1.1324573755264282,-0.5123591423034668
1790030028353869300,20.314869384765625,-2.434903144836426,-0.10295066982507706,0.5530605912208557
1790030028363879200,20.324879150390625,-3.4117374420166016,-0.31603461503982544,1.766920804977417
1790030028373889000,20.334888916015625,-3.5936968326568604,-0.3495534360408783,0.7015010714530945
1790030028394000100,20.355000244140626,-1.2689268589019775,-0.12928688526153564,-2.0159177780151367
1790030028454150100,20.415150146484375,-2.229001760482788,-2.5689783096313477,-1.5897499322891235
1790030028474230800,20.435230712890625,-2.1308395862579346,-1.5059528350830078,-1.6831238269805908
1790030028504351500,20.4653515625,-2.846705913543701,1.0127472877502441,0.17238251864910126
1790030028514361300,20.475361328125,-2.3798365592956543,-0.5602431893348694,-0.6320692300796509
1790030028524371200,20.48537109375,-2.231395959854126,-3.335123062133789,-2.032677173614502
1790030028534411300,20.495411376953125,-2.1332337856292725,-2.9520506858825684,-2.784456491470337
1790030028544421000,20.505421142578125,-2.1523873805999756,-2.58813214302063,-2.094926595687866
1790030028554461400,20.51546142578125,-1.6711528301239014,-0.5051765441894531,-1.7334020137786865
1790030028564471300,20.52547119140625,-1.6855180263519287,1.9177556037902832,0.5267243981361389
1790030028574511400,20.535511474609375,-1.0271124839782715,0.8619126081466675,0.6943184733390808
1790030028584521200,20.545521240234375,-0.12689268589019775,0.06464344263076782,-0.019153613597154617
1790030028604601900,20.565601806640625,-0.7996633648872375,-2.0015525817871094,-1.8076223134994507
1790030028624651800,20.58565185546875,-1.7549498081207275,-1.9153614044189453,0.17717093229293823
1790030028634661600,20.59566162109375,-1.4245500564575195,-1.4652514457702637,-1.0295066833496094
1790030028644702000,20.605701904296875,-1.3958195447921753,-0.48602294921875,-1.5897499322891235
1790030028654742300,20.6157421875,-0.5099649429321289,-0.1604115068912506,-0.7924807667732239
1790030028664782600,20.625782470703125,0.15801730751991272,-0.43335050344467163,-0.11252748221158981
1790030028674792200,20.635792236328125,-0.26336219906806946,-0.5793967843055725,0.07900865375995636
1790030028704821500,20.665821533203125,-2.075772762298584,-1.4101848602294922,-1.843535304069519
1790030028714831400,20.675831298828125,-1.7693150043487549,-1.314416766166687,-1.8770540952682495
1790030028724841000,20.685841064453125,-0.9361328482627869,-1.7262194156646729,-1.9800047874450684
1790030028734850800,20.695850830078125,-0.3447650372982025,-2.0685901641845703,-1.5155296325683594
1790030028775011800,20.73601171875,-1.2210428714752197,1.4173674583435059,0.44771572947502136
1790030028785021700,20.746021728515625,-1.5682021379470825,1.4676456451416016,0.2944868206977844
1790030028805102300,20.766102294921875,-1.4484920501708984,0.06703764945268631,-0.9720458984375
1790030028825152300,20.78615234375,-2.0159177780151367,0.035913024097681046,-1.1468225717544556
1790030028835162000,20.796162109375,-2.0877439975738525,1.766920804977417,-0.6631938815116882
1790030028845202400,20.806202392578125,-1.1085153818130493,2.0183119773864746,1.1540051698684692
1790030028875262200,20.83626220703125,-2.1164743900299072,-0.9528923034667969,-1.278503656387329
1790030028885302500,20.846302490234375,-1.4269442558288574,-1.7621324062347412,-1.8794482946395874
1790030028905352400,20.8663525390625,0.13407529890537262,-0.8882488012313843,-0.8140285611152649
1790030028915392800,20.876392822265625,0.11971008777618408,-0.22266076505184174,-0.7326257228851318
1790030028925402600,20.886402587890625,-0.21308395266532898,0.3256114423274994,-0.6368576288223267
1790030028935412500,20.89641259765625,-0.5793967843055725,0.7852981686592102,-0.3495534360408783
1790030028945452500,20.90645263671875,-0.849941611289978,0.8379706144332886,0.07182604819536209
1790030028955492900,20.916492919921875,-0.6200982332229614,-0.07422025501728058,-0.05267243832349777
1790030028965533200,20.926533203125,-0.569819986820221,-0.6943184733390808,-0.9097966551780701
1790030028975573500,20.936573486328125,-0.8906430602073669,-0.730231523513794,-1.0295066833496094
1790030028985613800,20.94661376953125,-0.8810662031173706,-0.4692635238170624,-1.0271124839782715
1790030028995623400,20.95662353515625,-0.608127236366272,-0.19153612852096558,-1.3120225667953491
1790030029035784700,20.99678466796875,-0.9169792532920837,0.790086567401886,-0.5219359993934631
1790030029045825000,21.006824951171875,-1.1994950771331787,0.43095630407333374,-0.363918662071228
1790030029055834600,21.016834716796875,-1.036689281463623,0.15801730751991272,-0.3902548849582672
1790030029065875000,21.026875,-0.828393816947937,0.3256114423274994,-0.14844051003456116
1790030029085925000,21.046925048828125,-0.6655880808830261,0.9361328482627869,0.3711012601852417
1790030029095934700,21.056934814453125,-0.6440402865409851,1.0797849893569946,0.7541735172271729
1790030029105944600,21.066944580078125,-0.6416460275650024,1.280897855758667,0.667982280254364
1790030029125994800,21.086994873046876,-0.6272808313369751,-0.8619126081466675,0.7422025203704834
1790030029176104400,21.1371044921875,-0.35434186458587646,-1.0821791887283325,0.090979665517807
1790030029186114300,21.1471142578125,0.13407529890537262,-1.213860273361206,-1.656787633895874
1790030029196124000,21.1571240234375,0.608127236366272,-1.6950948238372803,-2.631227731704712
1790030029236254700,21.197254638671875,0.42856210470199585,-2.4181437492370605,-3.3470940589904785
1790030029276354800,21.237354736328125,0.22744916379451752,-4.302380561828613,-3.047818660736084
1790030029286364400,21.247364501953125,-0.07661445438861847,-4.436455726623535,-4.20421838760376
1790030029296435200,21.257435302734375,0.05027823522686958,-3.5865142345428467,-4.489128112792969
1790030029306445000,21.267445068359375,-0.40462008118629456,-3.1004912853240967,-4.503493309020996
1790030029316485400,21.2774853515625,-0.3902548849582672,-2.6024973392486572,-3.9671921730041504
1790030029326525700,21.287525634765625,-0.8690952062606812,-1.8722656965255737,-3.3686418533325195
1790030029336535300,21.297535400390625,-0.2968810200691223,-1.941697597503662,-3.734954595565796
1790030029346575600,21.30757568359375,-0.16759411990642548,-2.0207061767578125,-3.8570590019226074
1790030029356616000,21.317615966796875,-0.5626373887062073,-1.920149803161621,-2.559401512145996
1790030029366625800,21.327625732421875,-1.3646949529647827,-1.7046716213226318,-1.5658079385757446
1790030029376635400,21.337635498046875,-1.7956513166427612,-1.1875240802764893,-1.2976573705673218
1790030029386645200,21.347645263671875,-2.2361843585968018,-0.45250412821769714,-1.1468225717544556
1790030029396655000,21.357655029296875,-1.9105730056762695,-0.08140286058187485,-0.9289502501487732
1790030029406664700,21.367664794921875,-1.9991583824157715,-0.272938996553421,-1.0989385843276978
1790030029416674600,21.377674560546875,-2.4444799423217773,0.24420857429504395,-1.0606313943862915
1790030029446734300,21.407734375,-2.3702597618103027,0.1843535304069519,-1.256955862045288
1790030029456774700,21.417774658203125,-2.853888511657715,0.5434837937355042,-0.38067805767059326
1790030029466815000,21.42781494140625,-1.8602946996688843,-1.4197616577148438,-0.7733271718025208
1790030029476824800,21.437824951171876,-1.8315643072128296,0.5291185975074768,0.047884032130241394
1790030029486834400,21.44783447265625,-0.6057330369949341,1.4844050407409668,0.7015010714530945
1790030029496874800,21.457874755859375,-0.9888052940368652,-0.9193734526634216,0.49320554733276367
1790030029506884600,21.467884521484375,-2.3798365592956543,-0.6536170840263367,-1.1563993692398071
1790030029516863700,21.47786376953125,-2.561795711517334,0.8643068075180054,-1.359906554222107
1790030029526904000,21.487904052734375,-1.3431471586227417,0.9002198576927185,-0.40222588181495667
1790030029536944400,21.4979443359375,-0.4118026793003082,1.8602946996688843,1.3982137441635132
1790030029546954000,21.5079541015625,-0.47405192255973816,0.4596867263317108,0.9792284965515137
1790030029556963800,21.5179638671875,-0.4908113479614258,-0.33279404044151306,0.08379705995321274
1790030029567004200,21.528004150390625,-1.0869675874710083,-0.3280056416988373,-1.213860273361206
1790030029577014000,21.538013916015625,-1.4963760375976562,0.4429273009300232,-0.5147533416748047
1790030029587054000,21.54805419921875,-1.5107412338256836,-0.19153612852096558,-0.1388636976480484
1790030029617114000,21.578114013671875,-1.1779472827911377,0.33997663855552673,-0.4812345504760742
1790030029697192200,21.658192138671875,-0.8403648138046265,0.24660277366638184,-0.9816226959228516
1790030029717242000,21.6782421875,-1.3718775510787964,0.751779317855835,0.8140285611152649
1790030029727252000,21.688251953125,-1.3718775510787964,-0.1364694982767105,0.4668693244457245
1790030029747271400,21.708271484375,-1.1899182796478271,-0.09816227108240128,-1.1779472827911377
1790030029757342200,21.71834228515625,-1.742978811264038,-0.11013327538967133,0.009576806798577309
1790030029767352000,21.72835205078125,-1.9752163887023926,0.9145850539207458,-0.14365209639072418
1790030029777362000,21.73836181640625,-1.7621324062347412,0.37828385829925537,0.181959331035614
1790030029787371500,21.74837158203125,-1.2617442607879639,-0.7445967197418213,-0.5315127968788147
1790030029797411800,21.758411865234375,-1.2210428714752197,0.2513911724090576,-0.031124621629714966
1790030029807452200,21.7684521484375,-1.7741034030914307,0.2968810200691223,0.8020575642585754
1790030029817462000,21.7784619140625,-2.0685901641845703,1.0654197931289673,0.4836287498474121
1790030029827471600,21.7884716796875,-2.3104045391082764,-1.1492167711257935,-0.6991068720817566
1790030029877551000,21.838551025390625,-0.5051765441894531,0.05746084079146385,-0.2585737705230713
1790030029967761000,21.928760986328125,-2.1140801906585693,0.023942016065120697,-0.33518823981285095
1790030029997790200,21.958790283203125,-0.6009446382522583,0.9361328482627869,0.8738836050033569
1790030030007830500,21.96883056640625,-1.6663644313812256,0.8619126081466675,0.42856210470199585
1790030030017840400,21.97884033203125,-1.8195933103561401,0.7445967197418213,0.26815059781074524
1790030030067980800,22.028980712890625,-3.272873640060425,0.2082955539226532,1.9991583824157715
1790030030088000300,22.049000244140625,-1.699883222579956,1.6855180263519287,1.8914192914962769
1790030030098040600,22.05904052734375,-2.1092917919158936,2.985569477081299,1.8579005002975464
1790030030108050200,22.06905029296875,-2.367865562438965,3.5434184074401855,2.27209734916687
1790030030118060000,22.07906005859375,-2.075772762298584,3.778050184249878,2.9903578758239746
1790030030128070000,22.08906982421875,-1.7310078144073486,3.7924153804779053,4.2544965744018555
1790030030138079500,22.09907958984375,-1.6184803247451782,3.4308910369873047,4.7189717292785645
1790030030148089300,22.10908935546875,-1.867477297782898,2.3989901542663574,5.049371242523193
1790030030168139500,22.129139404296875,-1.9752163887023926,2.212242364883423,3.847482204437256
1790030030208239600,22.169239501953125,-1.158793568611145,0.47884035110473633,-0.3064578175544739
1790030030248248000,22.209248046875,0.17956513166427612,-0.7637503147125244,0.15083470940589905
1790030030258288400,22.219288330078125,0.586579442024231,-0.3232172429561615,1.2018892765045166
1790030030278307800,22.239307861328125,0.6631938815116882,0.6392518281936646,0.586579442024231
1790030030288317700,22.249317626953125,0.8331822156906128,0.849941611289978,0.4357447028160095
1790030030308337200,22.269337158203125,0.21787235140800476,1.0582371950149536,0.8954314589500427
1790030030318347000,22.279346923828125,-0.6057330369949341,-0.035913024097681046,0.569819986820221
1790030030328356600,22.289356689453125,-1.2234370708465576,-0.5386953949928284,0.14604631066322327
1790030030338427400,22.299427490234375,-1.335964560508728,-0.6512228846549988,-0.13407529890537262
1790030030348437200,22.309437255859375,-1.1228805780410767,0.6033388376235962,-0.033518824726343155
1790030030358447000,22.319447021484375,-1.2689268589019775,1.0869675874710083,0.023942016065120697
1790030030368456700,22.329456787109375,-1.0869675874710083,0.727837324142456,-0.2082955539226532
1790030030378497000,22.3394970703125,-1.0893617868423462,0.8140285611152649,-0.1364694982767105
1790030030448626400,22.40962646484375,-2.0374655723571777,1.3646949529647827,-1.3551181554794312
1790030030478686200,22.439686279296875,-1.6663644313812256,-0.6751648783683777,-0.1364694982767105
1790030030488696000,22.449696044921875,-0.9002198576927185,-2.3798365592956543,-0.3519476354122162
1790030030508715500,22.469715576171875,-1.9297266006469727,-0.8834604024887085,0.3974374830722809
1790030030528704500,22.48970458984375,-2.1332337856292725,0.706289529800415,0.090979665517807
1790030030538744800,22.499744873046875,-2.3367409706115723,0.9888052940368652,0.4141969084739685
1790030030548754700,22.509754638671875,-2.1140801906585693,1.1348515748977661,-0.3902548849582672
1790030030558795000,22.519794921875,-1.7357962131500244,0.49799394607543945,-1.2952631711959839
1790030030568804600,22.5298046875,-1.4939818382263184,-0.8834604024887085,-1.6400281190872192
1790030030578875400,22.53987548828125,-1.7884687185287476,-1.8483237028121948,-1.1276689767837524
1790030030588915700,22.549915771484375,-2.5115175247192383,-0.0933738648891449,0.18914192914962769
1790030030598986500,22.559986572265625,-3.6343982219696045,0.7613561153411865,1.3503297567367554
1790030030609026800,22.57002685546875,-2.9664158821105957,-0.3711012601852417,-0.1843535304069519
1790030030619036700,22.58003662109375,-1.7764976024627686,-0.033518824726343155,-1.4532804489135742
1790030030639086600,22.600086669921875,-1.479616641998291,0.8595184087753296,-0.29209262132644653
1790030030709216000,22.670216064453125,-2.229001760482788,0.9744400978088379,-0.6392518281936646
1790030030789477400,22.750477294921875,-0.9768342971801758,1.5131354331970215,0.7565677165985107
1790030030799487000,22.760487060546875,-1.01753568649292,1.1994950771331787,2.1356279850006104
1790030030809527300,22.77052734375,-1.6519991159439087,0.023942016065120697,1.1827356815338135
1790030030819567600,22.780567626953125,-2.580949544906616,-0.6607996821403503,-0.9050082564353943
1790030030829608000,22.79060791015625,-2.7772738933563232,-1.8794482946395874,-2.075772762298584
1790030030839617800,22.80061767578125,-2.2577321529388428,-1.0055646896362305,-2.051830768585205
1790030030919848400,22.880848388671875,-1.7046716213226318,-0.16759411990642548,-1.0845733880996704
1790030030929858000,22.890858154296875,-1.8794482946395874,-0.6177040338516235,-1.3096283674240112
1790030030989977900,22.950977783203125,-1.1875240802764893,-0.08619125932455063,-0.23942017555236816
1790030031040057000,23.00105712890625,-1.3742717504501343,-0.7206547260284424,-0.6416460275650024
1790030031050067000,23.01106689453125,-1.1803414821624756,-0.6703764796257019,-0.3423708379268646
1790030031060076500,23.02107666015625,-1.161187767982483,-0.9145850539207458,-0.5722141861915588
1790030031080126700,23.041126708984375,-0.8834604024887085,-0.7709329724311829,-1.7118542194366455
1790030031090136600,23.051136474609375,-0.49799394607543945,-0.13168109953403473,-0.9576807022094727
1790030031100146200,23.061146240234375,-0.3926490843296051,0.2537853717803955,-0.6727706789970398
1790030031160266000,23.121265869140625,-0.6727706789970398,0.3519476354122162,-0.5530605912208557
1790030031170275600,23.131275634765625,-1.0462661981582642,0.7469909191131592,-0.31603461503982544
1790030031200366000,23.161365966796875,-0.9241618514060974,0.646434485912323,0.1843535304069519
1790030031220385500,23.181385498046875,-1.0534487962722778,-0.05985504388809204,-0.3495534360408783
1790030031230395400,23.1913955078125,-0.7876923680305481,-0.07422025501728058,-0.6009446382522583
1790030031240405000,23.201405029296875,-0.8690952062606812,-0.23702596127986908,-0.3758896589279175
1790030031270464800,23.23146484375,-0.2753331959247589,-0.35913026332855225,-0.8307880163192749
1790030031320605200,23.281605224609375,-0.21308395266532898,-0.9792284965515137,-0.9744400978088379
1790030031330615000,23.291614990234375,-0.15801730751991272,-0.8786720037460327,-1.6208745241165161
1790030031340624600,23.301624755859375,-0.14844051003456116,-0.2849099934101105,-1.7764976024627686
1790030031350634500,23.311634521484375,0.028730420395731926,-0.2585737705230713,-1.479616641998291
1790030031360674800,23.3216748046875,-0.05027823522686958,-0.4165911078453064,-1.2617442607879639
1790030031370654000,23.331654052734375,-0.05267243832349777,-0.31124621629714966,-0.828393816947937
1790030031380694300,23.3416943359375,-0.07182604819536209,-0.0933738648891449,-0.42377370595932007
1790030031390673700,23.351673583984375,-0.272938996553421,0.06224924325942993,-0.35434186458587646
1790030031400714000,23.3617138671875,-0.272938996553421,0.22505496442317963,-0.33279404044151306
1790030031410723600,23.3717236328125,-0.3064578175544739,0.06224924325942993,-0.507570743560791
1790030031420733400,23.3817333984375,-0.19153612852096558,0.09576806426048279,-0.629675030708313
1790030031430743000,23.391742919921874,-0.5051765441894531,0.05027823522686958,-0.5434837937355042
1790030031440753000,23.4017529296875,-0.5961562395095825,-0.2944868206977844,-0.7445967197418213
1790030031450793200,23.411793212890625,-0.2753331959247589,-0.2513911724090576,-0.26336219906806946
1790030031460803000,23.421802978515625,-0.22026655077934265,-0.3208230137825012,0.20111294090747833
1790030031480822500,23.441822509765625,-0.14844051003456116,-0.11013327538967133,0.019153613597154617
1790030031490862800,23.45186279296875,-0.1412578970193863,0.05027823522686958,0.10773907601833344
1790030031500903200,23.461903076171875,-0.19632454216480255,0.16519992053508759,0.15562310814857483
1790030031510912800,23.471912841796875,-0.19632454216480255,0.1364694982767105,0.08140286058187485
1790030031520922600,23.481922607421875,-0.12210428714752197,0.26575639843940735,-0.011971008032560349
1790030031530932500,23.491932373046875,-0.15083470940589905,0.4141969084739685,0.05746084079146385
1790030031550952000,23.511951904296875,-0.3878606855869293,0.35673606395721436,0.48602294921875
1790030031590960400,23.55196044921875,-0.2801215946674347,0.768538773059845,0.44532153010368347
1790030031620989700,23.58198974609375,-0.24420857429504395,0.38546648621559143,0.14844051003456116
1790030031630999600,23.59199951171875,-0.2992752194404602,0.33279404044151306,0.2298433631658554
1790030031651049500,23.612049560546875,-0.10055647045373917,0.17956513166427612,0.2801215946674347
1790030031671069200,23.632069091796875,-0.033518824726343155,0.24420857429504395,0.15562310814857483
1790030031721148400,23.6821484375,-0.10773907601833344,-0.17477671802043915,-0.026336219161748886
1790030031741198600,23.702198486328125,0.0071826050989329815,-0.0933738648891449,-0.3471592366695404
1790030031781298700,23.742298583984375,0.0071826050989329815,-0.14604631066322327,-0.2849099934101105
1790030031811358500,23.7723583984375,-0.047884032130241394,-0.13168109953403473,-0.2537853717803955
1790030031821368000,23.7823681640625,-0.10773907601833344,-0.2059013396501541,-0.24899697303771973
1790030031831347500,23.792347412109375,-0.09576806426048279,-0.22266076505184174,-0.17717093229293823
1790030031841418200,23.802418212890625,-0.05746084079146385,-0.12928688526153564,-0.08379705995321274
1790030031861468200,23.82246826171875,-0.16759411990642548,-0.2106897532939911,-0.028730420395731926
1790030031881488000,23.84248779296875,0.019153613597154617,-0.0933738648891449,0.1173158809542656
1790030031891528200,23.852528076171875,-0.05985504388809204,-0.11252748221158981,0.33279404044151306
1790030031921557500,23.8825576171875,-0.023942016065120697,-0.05985504388809204,0.1843535304069519
1790030031951556000,23.91255615234375,0.011971008032560349,0.3447650372982025,-0.038307227194309235
1790030031961596400,23.922596435546875,-0.016759412363171577,0.36152446269989014,0.10055647045373917
1790030031971606300,23.932606201171875,-0.1173158809542656,0.24420857429504395,0.1628057211637497
1790030031991625700,23.952625732421875,0.08379705995321274,-0.0071826050989329815,-0.06703764945268631
1790030032011645200,23.972645263671875,0.047884032130241394,0.0071826050989329815,0.021547814831137657
1790030032021685500,23.982685546875,0.15083470940589905,0.031124621629714966,-0.021547814831137657
1790030032031665000,23.992664794921875,0.11013327538967133,-0.05985504388809204,-0.22266076505184174
1790030032041705000,24.002705078125,-0.0071826050989329815,0.08379705995321274,-0.1843535304069519
1790030032071826000,24.032825927734375,-0.1364694982767105,-0.20111294090747833,-0.047884032130241394
1790030032081835800,24.042835693359375,-0.06703764945268631,-0.10295066982507706,-0.15322890877723694
1790030032181994500,24.142994384765625,-0.038307227194309235,0.10055647045373917,0.1867477297782898
1790030032202014000,24.163013916015625,0.047884032130241394,0.11252748221158981,-0.05506663769483566
1790030032222063900,24.18306396484375,-0.014365210197865963,0.11252748221158981,0.13168109953403473
1790030032232073700,24.19307373046875,-0.0071826050989329815,-0.09816227108240128,-0.090979665517807
1790030032242083600,24.20308349609375,0.019153613597154617,-0.08858546614646912,0.004788403399288654
1790030032252093200,24.21309326171875,-0.028730420395731926,-0.1412578970193863,0.08858546614646912
1790030032262103000,24.22310302734375,0.05027823522686958,-0.0933738648891449,0.026336219161748886
1790030032272113000,24.23311279296875,0.05027823522686958,-0.043095629662275314,-0.12449848651885986
1790030032282122500,24.24312255859375,-0.035913024097681046,0.0694318488240242,-0.10295066982507706
1790030032292132400,24.25313232421875,-0.10055647045373917,0.021547814831137657,-0.12928688526153564
1790030032312121300,24.273121337890625,-0.016759412363171577,-0.1388636976480484,-0.08619125932455063
1790030032342211600,24.303211669921875,-0.07661445438861847,-0.028730420395731926,-0.043095629662275314
1790030032372241000,24.333240966796875,0.031124621629714966,-0.15562310814857483,0.023942016065120697
1790030032382250800,24.343250732421875,-0.09576806426048279,0.272938996553421,0.014365210197865963
1790030032412280000,24.373280029296875,-0.023942016065120697,0.15801730751991272,-0.06464344263076782
1790030032422290000,24.3832900390625,-0.08140286058187485,0.15562310814857483,0.035913024097681046
1790030032462328800,24.423328857421875,-0.09576806426048279,0.14604631066322327,0.09816227108240128
1790030032472338700,24.433338623046875,-0.19153612852096558,0.1388636976480484,0.06224924325942993
1790030032522387500,24.483387451171875,0.10534487664699554,0.0071826050989329815,-0.08379705995321274
1790030032532427800,24.493427734375,0.2106897532939911,0.043095629662275314,-0.3256114423274994
1790030032542437400,24.503437255859374,0.06464344263076782,0.15562310814857483,-0.021547814831137657
1790030032552477700,24.513477783203125,-0.05985504388809204,-0.038307227194309235,0.17238251864910126
1790030032562518000,24.52351806640625,0.07182604819536209,-0.23702596127986908,0.038307227194309235
1790030032572558300,24.533558349609375,0.0694318488240242,-0.17238251864910126,-0.14844051003456116
1790030032582568200,24.543568115234375,0.023942016065120697,-0.11013327538967133,-0.31603461503982544
1790030032622637800,24.583637939453126,0.14604631066322327,-0.05267243832349777,-0.43335050344467163
1790030032632647400,24.5936474609375,0,0.0694318488240242,-0.28969839215278625
1790030032642657300,24.6036572265625,0.047884032130241394,-0.14365209639072418,-0.026336219161748886
1790030032662768400,24.623768310546875,0.035913024097681046,-0.07661445438861847,-0.20350714027881622
1790030032672808700,24.63380859375,0.035913024097681046,0.014365210197865963,-0.24899697303771973
1790030032722918400,24.68391845703125,-0.040701430290937424,-0.07182604819536209,-0.043095629662275314
1790030032732958700,24.693958740234375,0.0454898327589035,0.06464344263076782,-0.090979665517807
1790030032742968600,24.703968505859375,-0.031124621629714966,-0.028730420395731926,-0.07422025501728058
1790030032752978200,24.713978271484375,-0.009576806798577309,-0.0454898327589035,-0.2513911724090576
1790030032763018500,24.7240185546875,0.014365210197865963,0.090979665517807,-0.12928688526153564
1790030032783099100,24.74409912109375,0,0.2059013396501541,0.2992752194404602
1790030032793109000,24.75410888671875,0.07182604819536209,-0.15322890877723694,-0.026336219161748886
1790030032813128400,24.77412841796875,-0.10055647045373917,-0.043095629662275314,0.2753331959247589
1790030032823168800,24.784168701171875,-0.1149216815829277,0.07661445438861847,0.181959331035614
1790030032833178400,24.794178466796875,0.08140286058187485,0.028730420395731926,-0.0694318488240242
1790030032843188200,24.804188232421875,0.26815059781074524,-0.07661445438861847,-0.17956513166427612
1790030032853167400,24.81416748046875,0.011971008032560349,-0.043095629662275314,-0.17717093229293823
1790030032863238400,24.82423828125,-0.17956513166427612,-0.1412578970193863,0.07422025501728058
1790030032873248000,24.834248046875,-0.07661445438861847,-0.08379705995321274,0.33039984107017517
1790030032883257900,24.8442578125,-0.05985504388809204,-0.1173158809542656,0.1412578970193863
1790030032903277300,24.86427734375,-0.038307227194309235,0.12928688526153564,-0.181959331035614
1790030032993457000,24.954456787109375,0.002394201699644327,-0.016759412363171577,-0.13168109953403473
1790030033013476400,24.974476318359375,-0.031124621629714966,-0.016759412363171577,0.08140286058187485
1790030033023486200,24.984486328125,0.019153613597154617,-0.10295066982507706,0.033518824726343155
1790030033033495800,24.994495849609375,-0.09816227108240128,0.10295066982507706,-0.014365210197865963
1790030033043505700,25.004505615234375,-0.0071826050989329815,0.11013327538967133,0.035913024097681046
1790030033053515300,25.014515380859375,0.05746084079146385,0.08140286058187485,0
1790030033063494700,25.02449462890625,0.023942016065120697,-0.026336219161748886,-0.1604115068912506
1790030033073535000,25.034534912109375,-0.05985504388809204,0.07182604819536209,-0.10295066982507706
1790030033093585000,25.0545849609375,-0.023942016065120697,-0.011971008032560349,0.10295066982507706
1790030033103594800,25.0645947265625,-0.08379705995321274,-0.181959331035614,0.07182604819536209
1790030033113604600,25.0746044921875,0.05506663769483566,-0.08140286058187485,0.11252748221158981
1790030033123644700,25.084644775390625,-0.002394201699644327,-0.009576806798577309,-0.028730420395731926
1790030033133654500,25.094654541015625,0.031124621629714966,0.019153613597154617,0.1843535304069519
1790030033143694800,25.10469482421875,0,-0.24899697303771973,0.17477671802043915
1790030033153704700,25.11470458984375,0.011971008032560349,-0.2825157940387726,0.026336219161748886
1790030033163744800,25.124744873046875,0,-0.040701430290937424,-0.07661445438861847
1790030033173754600,25.134754638671875,0.08140286058187485,-0.05746084079146385,-0.22026655077934265
1790030033193804800,25.1548046875,0.014365210197865963,0.16998831927776337,0.1628057211637497
1790030033203814400,25.164814453125,-0.17477671802043915,-0.26096799969673157,0.0694318488240242
1790030033243914500,25.20491455078125,-0.06464344263076782,0.16759411990642548,0.021547814831137657
1790030033253924400,25.21492431640625,-0.004788403399288654,-0.1388636976480484,-0.009576806798577309
1790030033263934200,25.224934326171876,0.11013327538967133,-0.009576806798577309,-0.14604631066322327
1790030033283984100,25.244984130859375,-0.05027823522686958,0.035913024097681046,0.09816227108240128
1790030033293994000,25.254993896484375,0.026336219161748886,-0.033518824726343155,-0.14604631066322327
1790030033334033000,25.295032958984375,0,0.07900865375995636,0.0933738648891449
1790030033414202600,25.37520263671875,0.15562310814857483,-0.0454898327589035,-0.090979665517807
1790030033454272300,25.415272216796875,-0.043095629662275314,-0.004788403399288654,-0.17956513166427612
1790030033524401700,25.485401611328125,-0.1388636976480484,0.16759411990642548,0.43095630407333374
1790030033534411300,25.495411376953125,-0.14365209639072418,-0.1149216815829277,0.3208230137825012
1790030033544421000,25.505421142578125,0.05027823522686958,-0.2059013396501541,-0.1867477297782898
1790030033554400500,25.515400390625,-0.016759412363171577,-0.031124621629714966,-0.22026655077934265
1790030033564440600,25.525440673828125,-0.004788403399288654,-0.05267243832349777,-0.10773907601833344
1790030033574450400,25.535450439453125,0.011971008032560349,0.15801730751991272,-0.004788403399288654
1790030033584490800,25.54549072265625,-0.038307227194309235,0.08858546614646912,0.2537853717803955
1790030033594500600,25.55550048828125,-0.026336219161748886,-0.08140286058187485,-0.16998831927776337
1790030033604510200,25.56551025390625,0.035913024097681046,-0.043095629662275314,-0.19153612852096558
1790030033664599300,25.625599365234375,-0.043095629662275314,-0.05267243832349777,-0.033518824726343155
1790030033674609200,25.635609130859375,0.038307227194309235,-0.002394201699644327,-0.0694318488240242
1790030033694659000,25.6556591796875,0,0,0.026336219161748886
1790030033704699400,25.665699462890625,-0.0454898327589035,-0.0933738648891449,-0.21547815203666687
1790030033714709200,25.675709228515625,0.0454898327589035,-0.1867477297782898,-0.17477671802043915
1790030033724719000,25.685718994140625,-0.0454898327589035,-0.05506663769483566,-0.05985504388809204
1790030033734759200,25.69575927734375,-0.0933738648891449,-0.06224924325942993,-0.016759412363171577
1790030033744769000,25.70576904296875,-0.19393034279346466,0.05506663769483566,-0.090979665517807
1790030033764849700,25.725849609375,0.023942016065120697,-0.033518824726343155,0.06224924325942993
1790030033774828800,25.735828857421875,0.07182604819536209,-0.0454898327589035,0.07661445438861847
1790030033794879000,25.75587890625,0.05027823522686958,-0.035913024097681046,0.14604631066322327
1790030033814959400,25.77595947265625,0.05027823522686958,0.038307227194309235,-0.07900865375995636
1790030033824969200,25.78596923828125,-0.028730420395731926,0.11013327538967133,0.06224924325942993
1790030033835009500,25.796009521484375,-0.047884032130241394,0.07900865375995636,0.24899697303771973
1790030033845049900,25.8060498046875,-0.12928688526153564,-0.019153613597154617,0.1604115068912506
1790030033855059500,25.8160595703125,-0.004788403399288654,-0.0071826050989329815,-0.10534487664699554
1790030033865099800,25.826099853515625,0.08140286058187485,0.05267243832349777,-0.22505496442317963
1790030033885150000,25.84614990234375,-0.0933738648891449,-0.14604631066322327,0.2825157940387726
1790030033945239000,25.906239013671875,-0.043095629662275314,-0.17477671802043915,-0.07182604819536209
1790030033975298800,25.936298828125,0.05746084079146385,-0.023942016065120697,0.2513911724090576
1790030034015368400,25.976368408203125,0.07661445438861847,0.17238251864910126,-0.05746084079146385
1790030034045428200,26.00642822265625,-0.040701430290937424,-0.090979665517807,0.031124621629714966
1790030034055438000,26.01643798828125,-0.011971008032560349,-0.090979665517807,0.10534487664699554
1790030034075457500,26.03645751953125,0.0071826050989329815,0.047884032130241394,0.0071826050989329815
1790030034115557600,26.0765576171875,0.08140286058187485,-0.15801730751991272,-0.22026655077934265
1790030034125567500,26.0865673828125,-0.031124621629714966,-0.047884032130241394,-0.181959331035614
1790030034185687000,26.14668701171875,-0.07900865375995636,-0.15322890877723694,-0.038307227194309235
1790030034195727400,26.156727294921875,0.0694318488240242,-0.08379705995321274,-0.043095629662275314
1790030034205767700,26.166767578125,0.035913024097681046,-0.15562310814857483,-0.09816227108240128
1790030034245776100,26.206776123046875,-0.033518824726343155,0.026336219161748886,0.14844051003456116
1790030034285876200,26.246876220703125,-0.002394201699644327,0.090979665517807,0.14604631066322327
1790030034295886000,26.256885986328125,-0.07900865375995636,0.05746084079146385,0
1790030034305895700,26.266895751953125,0.047884032130241394,-0.004788403399288654,-0.009576806798577309
1790030034315875000,26.276875,-0.011971008032560349,0.17238251864910126,-0.05746084079146385
1790030034325915400,26.286915283203125,0.0454898327589035,0.08619125932455063,0.05267243832349777
1790030034335925000,26.296925048828125,0,0.043095629662275314,0.13168109953403473
