time,seconds_elapsed,x,z,y
1790030895400208600,0.257208740234375,0.011971008032560349,-0.08379705995321274,-0.24181437492370605
1790030895410187800,0.267187744140625,0.1388636976480484,0.021547814831137657,-0.38307225704193115
1790030895420167000,0.2771669921875,-0.08619125932455063,-0.026336219161748886,0.21547815203666687
1790030895440186600,0.2971865234375,-0.21787235140800476,-0.026336219161748886,0.33758243918418884
1790030895450096400,0.307096435546875,-0.1604115068912506,0.05267243832349777,0.2322375625371933
1790030895459936500,0.3169365234375,-0.07661445438861847,0.15562310814857483,0.23942017555236816
1790030895469916000,0.326916015625,-0.05985504388809204,-0.040701430290937424,0.14365209639072418
1790030895499975700,0.3569755859375,0.009576806798577309,0.13168109953403473,0.2777273952960968
1790030895509985500,0.366985595703125,0.09576806426048279,-0.10534487664699554,0.043095629662275314
1790030895540014800,0.397014892578125,0.05027823522686958,-0.10534487664699554,-0.17477671802043915
1790030895550055000,0.407054931640625,0.11252748221158981,0.035913024097681046,-0.08619125932455063
1790030895560034300,0.417034423828125,0.08858546614646912,0.09816227108240128,0.07182604819536209
1790030895579954000,0.436953857421875,0.028730420395731926,-0.20350714027881622,-0.19632454216480255
1790030895620054000,0.477053955078125,-0.05506663769483566,0.019153613597154617,0.0933738648891449
1790030895670163700,0.527163818359375,-0.0454898327589035,-0.10295066982507706,-0.08619125932455063
1790030895710263800,0.567263916015625,0.07182604819536209,-0.15562310814857483,0.23702596127986908
1790030895720273700,0.577273681640625,-0.0071826050989329815,-0.07422025501728058,-0.0071826050989329815
1790030895740293000,0.597293212890625,0,-0.11252748221158981,-0.3016694188117981
1790030895750303000,0.607302978515625,0.016759412363171577,0.028730420395731926,-0.26815059781074524
1790030895760312600,0.6173125,0.038307227194309235,0.17717093229293823,-0.004788403399288654
1790030895770322400,0.627322509765625,-0.031124621629714966,0.1364694982767105,0.3280056416988373
1790030895780332300,0.637332275390625,0.06224924325942993,-0.304063618183136,-0.17956513166427612
1790030895790372600,0.64737255859375,0.08858546614646912,-0.1173158809542656,-0.21787235140800476
1790030895830411500,0.68741162109375,0.014365210197865963,0.3663128614425659,0.16519992053508759
1790030895840391000,0.697390869140625,-0.002394201699644327,0.004788403399288654,0.08858546614646912
1790030895860471300,0.71747119140625,0.014365210197865963,0.035913024097681046,0.11252748221158981
1790030895880491000,0.737490966796875,-0.040701430290937424,-0.05746084079146385,-0.13168109953403473
1790030895890500600,0.74750048828125,-0.016759412363171577,-0.05746084079146385,-0.05506663769483566
1790030895900510500,0.757510498046875,-0.047884032130241394,0.0454898327589035,0.10534487664699554
1790030895910520300,0.767520263671875,0.004788403399288654,0.040701430290937424,0
1790030895920530000,0.777530029296875,0.033518824726343155,0.09816227108240128,-0.023942016065120697
1790030895930539800,0.787539794921875,0.002394201699644327,0.05985504388809204,0.10055647045373917
1790030895940580000,0.797580078125,-0.035913024097681046,-0.05985504388809204,0.016759412363171577
1790030895950651000,0.80765087890625,0.15322890877723694,0.011971008032560349,-0.05267243832349777
1790030895980649700,0.837649658203125,-0.08858546614646912,0.10295066982507706,0.06464344263076782
1790030895990720500,0.847720458984375,-0.033518824726343155,0.20111294090747833,-0.011971008032560349
1790030896000730000,0.857730224609375,-0.038307227194309235,-0.043095629662275314,0.14604631066322327
1790030896010740000,0.867739990234375,0.019153613597154617,0.009576806798577309,0.011971008032560349
1790030896020749800,0.877749755859375,0.07182604819536209,-0.0454898327589035,-0.15083470940589905
1790030896030759400,0.887759521484375,0.021547814831137657,0.07422025501728058,-0.15562310814857483
1790030896040738800,0.89773876953125,-0.021547814831137657,-0.047884032130241394,-0.0454898327589035
1790030896050809600,0.9078095703125,0.038307227194309235,-0.1604115068912506,-0.07182604819536209
1790030896080869400,0.937869384765625,0.031124621629714966,0.07661445438861847,-0.15083470940589905
1790030896090879000,0.94787890625,-0.05985504388809204,0.28730419278144836,0.24660277366638184
1790030896100888800,0.957888916015625,-0.0454898327589035,-0.31364041566848755,0
1790030896110868200,0.9678681640625,0.0454898327589035,-0.1149216815829277,-0.11013327538967133
1790030896120908300,0.977908203125,-0.047884032130241394,0.06464344263076782,-0.009576806798577309
1790030896130918100,0.987918212890625,0.08379705995321274,0.004788403399288654,-0.272938996553421
1790030896150937600,1.0079375,-0.009576806798577309,0.18914192914962769,0.20111294090747833
1790030896180936400,1.0379365234375,-0.043095629662275314,0.07422025501728058,-0.06703764945268631
1790030896211026700,1.068026611328125,0.009576806798577309,0.2106897532939911,0.26336219906806946
1790030896221067000,1.07806689453125,-0.004788403399288654,-0.019153613597154617,0.0933738648891449
1790030896241086700,1.098086669921875,0.009576806798577309,-0.0694318488240242,-0.19153612852096558
1790030896251126800,1.108126708984375,-0.002394201699644327,-0.16519992053508759,-0.181959331035614
1790030896261136600,1.11813671875,0.06464344263076782,-0.1364694982767105,-0.22266076505184174
1790030896281156000,1.138156005859375,-0.0454898327589035,-0.090979665517807,-0.06224924325942993
1790030896301175800,1.15817578125,0.028730420395731926,-0.19632454216480255,-0.07182604819536209
1790030896321256200,1.178256103515625,-0.0071826050989329815,0.05267243832349777,-0.033518824726343155
1790030896331296500,1.188296630859375,0.0454898327589035,-0.15322890877723694,-0.22026655077934265
1790030896351377200,1.208377197265625,-0.038307227194309235,0.016759412363171577,0.004788403399288654
1790030896361387000,1.218386962890625,0.06224924325942993,-0.038307227194309235,0.08140286058187485
1790030896381406500,1.238406494140625,0.014365210197865963,0.023942016065120697,-0.05985504388809204
1790030896391446800,1.24844677734375,0.026336219161748886,-0.011971008032560349,-0.17238251864910126
1790030896401426000,1.258426025390625,0.004788403399288654,0.181959331035614,0.038307227194309235
1790030896411496700,1.26849658203125,0.07422025501728058,-0.004788403399288654,-0.05027823522686958
1790030896421506600,1.278506591796875,0,-0.009576806798577309,-0.028730420395731926
1790030896431547000,1.288546875,0.033518824726343155,0.06703764945268631,0.08619125932455063
1790030896441587200,1.298587158203125,-0.12449848651885986,-0.21547815203666687,-0.031124621629714966
1790030896451596800,1.3085966796875,0.07900865375995636,-0.11252748221158981,-0.002394201699644327
1790030896461667600,1.31866748046875,-0.011971008032560349,0.40940847992897034,0.2537853717803955
1790030896471677400,1.328677490234375,0.05506663769483566,-0.12449848651885986,-0.031124621629714966
1790030896501737200,1.3587373046875,0.016759412363171577,-0.1388636976480484,0.0933738648891449
1790030896511747000,1.3687470703125,0.031124621629714966,-0.10055647045373917,-0.181959331035614
1790030896521756700,1.378756591796875,0.035913024097681046,-0.031124621629714966,-0.08619125932455063
1790030896531766500,1.3887666015625,-0.035913024097681046,-0.05985504388809204,-0.026336219161748886
1790030896541776400,1.3987763671875,0.031124621629714966,0.06224924325942993,-0.12689268589019775
1790030896551786000,1.408785888671875,0,0.16998831927776337,0.11252748221158981
1790030896561795800,1.4187958984375,-0.016759412363171577,0.1149216815829277,0.3687070608139038
1790030896571836200,1.428836181640625,0.040701430290937424,-0.21787235140800476,-0.11252748221158981
1790030896591916800,1.448916748046875,0.047884032130241394,-0.016759412363171577,-0.023942016065120697
1790030896611966700,1.468966796875,-0.031124621629714966,-0.1604115068912506,-0.1867477297782898
1790030896621976600,1.4789765625,-0.08619125932455063,0.06224924325942993,0.1628057211637497
1790030896631986200,1.488986083984375,-0.031124621629714966,-0.021547814831137657,-0.031124621629714966
1790030896642026500,1.499026611328125,-0.08619125932455063,-0.016759412363171577,-0.13168109953403473
1790030896662076700,1.51907666015625,0.06464344263076782,-0.08619125932455063,0.11252748221158981
1790030896672086300,1.529086181640625,0.1867477297782898,0.0454898327589035,-0.21308395266532898
1790030896682157000,1.539156982421875,0.033518824726343155,-0.040701430290937424,-0.21787235140800476
1790030896712186400,1.569186279296875,0.035913024097681046,-0.19393034279346466,0.08858546614646912
1790030896722226700,1.579226806640625,-0.014365210197865963,-0.2106897532939911,-0.0933738648891449
1790030896732267000,1.58926708984375,0.004788403399288654,-0.05027823522686958,0.12689268589019775
1790030896742276900,1.59927685546875,0.08858546614646912,-0.07900865375995636,0.06224924325942993
1790030896762296300,1.61929638671875,-0.05506663769483566,0.023942016065120697,0.06464344263076782
1790030896772306200,1.62930615234375,-0.05267243832349777,-0.08858546614646912,-0.1173158809542656
1790030896782315800,1.639315673828125,0.021547814831137657,-0.08619125932455063,-0.11013327538967133
1790030896802366000,1.659365966796875,0.009576806798577309,-0.023942016065120697,-0.15322890877723694
1790030896812406300,1.66940625,0.043095629662275314,-0.09816227108240128,-0.06464344263076782
1790030896822416000,1.679415771484375,0.014365210197865963,-0.06703764945268631,0.031124621629714966
1790030896862485500,1.719485595703125,0.05746084079146385,-0.1149216815829277,-0.23702596127986908
1790030896872495400,1.729495361328125,-0.07182604819536209,-0.10295066982507706,0
1790030896892637000,1.749636962890625,0.040701430290937424,0.026336219161748886,-0.0933738648891449
1790030896902646800,1.759646728515625,0.004788403399288654,-0.004788403399288654,-0.009576806798577309
1790030896932676000,1.789676025390625,0.040701430290937424,-0.06703764945268631,-0.009576806798577309
1790030896942685700,1.799685791015625,-0.016759412363171577,-0.1173158809542656,0.06703764945268631
1790030896952695600,1.809695556640625,0.05506663769483566,-0.009576806798577309,-0.24181437492370605
1790030896962705200,1.819705078125,-0.014365210197865963,0.12928688526153564,0.06224924325942993
1790030896972715000,1.829715087890625,-0.08858546614646912,0.08140286058187485,0.24181437492370605
1790030896992795600,1.849795654296875,0.040701430290937424,-0.10534487664699554,0
1790030897012815000,1.869815185546875,0.011971008032560349,0.11971008777618408,0.040701430290937424
1790030897022825000,1.879824951171875,0.014365210197865963,0.043095629662275314,-0.07182604819536209
1790030897032834600,1.88983447265625,0.009576806798577309,0,-0.06224924325942993
1790030897042844400,1.899844482421875,-0.002394201699644327,-0.016759412363171577,-0.0454898327589035
1790030897052854300,1.909854248046875,-0.011971008032560349,0.033518824726343155,0.10773907601833344
1790030897062864000,1.91986376953125,0.014365210197865963,0.031124621629714966,0.11971008777618408
1790030897072843300,1.92984326171875,0.07182604819536209,-0.1628057211637497,-0.05506663769483566
1790030897082883600,1.939883544921875,0.023942016065120697,-0.09576806426048279,0.10055647045373917
1790030897132932400,1.989932373046875,0.035913024097681046,0.10534487664699554,0
1790030897142942200,1.999942138671875,0.021547814831137657,-0.09816227108240128,-0.1149216815829277
1790030897152951800,2.009951904296875,-0.038307227194309235,-0.07661445438861847,-0.047884032130241394
1790030897162992000,2.0199921875,0.05027823522686958,0.009576806798577309,-0.07182604819536209
1790030897173032400,2.030032470703125,-0.014365210197865963,-0.10055647045373917,-0.043095629662275314
1790030897183042300,2.040042236328125,-0.05985504388809204,0.06224924325942993,-0.1388636976480484
1790030897213102000,2.07010205078125,0.043095629662275314,0.08619125932455063,0.004788403399288654
1790030897233152000,2.090152099609375,0.15801730751991272,-0.06224924325942993,0.040701430290937424
1790030897243161900,2.100161865234375,-0.05985504388809204,-0.038307227194309235,-0.026336219161748886
1790030897253171500,2.11017138671875,0.0694318488240242,-0.035913024097681046,-0.035913024097681046
1790030897283262000,2.140261962890625,0.038307227194309235,-0.0694318488240242,0.09816227108240128
1790030897323331600,2.18033154296875,0.023942016065120697,0.002394201699644327,0.10773907601833344
1790030897373380400,2.23038037109375,0.1173158809542656,0.090979665517807,0.07182604819536209
1790030897433530400,2.2905302734375,-0.026336219161748886,-0.009576806798577309,-0.1149216815829277
1790030897443540200,2.300540283203125,0,-0.026336219161748886,-0.1867477297782898
1790030897453550000,2.310550048828125,0.07422025501728058,0.033518824726343155,-0.09576806426048279
1790030897493680600,2.3506806640625,-0.004788403399288654,-0.10534487664699554,-0.047884032130241394
1790030897513700000,2.3707001953125,-0.009576806798577309,-0.10773907601833344,-0.028730420395731926
1790030897543729400,2.4007294921875,0.05746084079146385,0.08379705995321274,-0.06464344263076782
1790030897633939500,2.490939453125,-0.0071826050989329815,-0.0454898327589035,0.08619125932455063
1790030897663968800,2.52096875,0.06464344263076782,-0.15562310814857483,-0.13168109953403473
1790030897674009000,2.531009033203125,-0.002394201699644327,-0.009576806798577309,-0.05027823522686958
1790030897684049200,2.541049072265625,-0.019153613597154617,0.002394201699644327,0.0071826050989329815
1790030897704068900,2.56106884765625,0.07182604819536209,-0.047884032130241394,-0.09816227108240128
1790030897714078500,2.571078369140625,0.06703764945268631,-0.009576806798577309,-0.12689268589019775
1790030897724088300,2.58108837890625,0.0454898327589035,0.021547814831137657,-0.002394201699644327
1790030897734098200,2.59109814453125,0.011971008032560349,-0.043095629662275314,0.016759412363171577
1790030897744107800,2.601107666015625,0.1173158809542656,-0.047884032130241394,-0.1628057211637497
1790030897754117600,2.61111767578125,-0.028730420395731926,0.10295066982507706,0.05985504388809204
1790030897764127500,2.62112744140625,-0.08140286058187485,-0.021547814831137657,0.10773907601833344
1790030897774137000,2.63113720703125,-0.019153613597154617,-0.021547814831137657,0.08619125932455063
1790030897784177400,2.641177490234375,-0.002394201699644327,-0.16759411990642548,-0.004788403399288654
1790030897794187300,2.651187255859375,-0.0071826050989329815,-0.12210428714752197,0.0071826050989329815
1790030897814206700,2.671206787109375,0.019153613597154617,0.12210428714752197,0.0454898327589035
1790030897824216600,2.681216552734375,0.07182604819536209,0.033518824726343155,-0.016759412363171577
1790030897834257000,2.6912568359375,0.05267243832349777,0.1388636976480484,0.06464344263076782
1790030897844297000,2.701296875,0.043095629662275314,-0.033518824726343155,-0.10295066982507706
1790030897854306800,2.711306884765625,0.07182604819536209,-0.07900865375995636,0
1790030897864316700,2.721316650390625,-0.014365210197865963,-0.2082955539226532,0.011971008032560349
1790030897874295800,2.7312958984375,-0.040701430290937424,-0.07182604819536209,-0.2777273952960968
1790030897954435000,2.81143505859375,-0.05506663769483566,0.0071826050989329815,0.07900865375995636
1790030897964444700,2.821444580078125,-0.05027823522686958,0.09576806426048279,0.14604631066322327
1790030897984494800,2.841494873046875,-0.028730420395731926,0.06224924325942993,0.14844051003456116
1790030897994504700,2.851504638671875,0.08619125932455063,0.10295066982507706,0.1628057211637497
1790030898054654700,2.91165478515625,0.004788403399288654,0.011971008032560349,0.09576806426048279
1790030898064695000,2.921695068359375,-0.07182604819536209,0.05027823522686958,-0.05027823522686958
1790030898074735400,2.9317353515625,-0.08379705995321274,-0.19153612852096558,-0.090979665517807
1790030898084745000,2.941744873046875,0.021547814831137657,-0.12928688526153564,-0.08619125932455063
1790030898104764700,2.9617646484375,0.12689268589019775,-0.15083470940589905,-0.1173158809542656
1790030898114774300,2.971774169921875,-0.021547814831137657,-0.1149216815829277,-0.07182604819536209
1790030898124784000,2.9817841796875,0.002394201699644327,-0.090979665517807,-0.2346317619085312
1790030898134794000,2.9917939453125,0.05267243832349777,-0.09576806426048279,-0.14604631066322327
1790030898144803600,3.001803466796875,0.028730420395731926,-0.1364694982767105,-0.08858546614646912
1790030898154813400,3.0118134765625,0.031124621629714966,-0.08379705995321274,-0.009576806798577309
1790030898164823300,3.0218232421875,-0.011971008032560349,-0.12449848651885986,-0.05267243832349777
1790030898204862200,3.0618623046875,0.026336219161748886,-0.6416460275650024,-0.27054479718208313
1790030898254941700,3.111941650390625,0.05985504388809204,-2.341529369354248,-0.5506663918495178
1790030898295011000,3.152010986328125,-0.47884035110473633,-1.6615760326385498,-2.9712042808532715
1790030898345029400,3.202029296875,-0.7422025203704834,-2.782062292098999,-2.8395233154296875
1790030898365110000,3.222110107421875,-0.6919242739677429,-1.3000515699386597,-2.0422539710998535
1790030898435239400,3.292239501953125,-2.4205379486083984,-2.1164743900299072,-2.5977089405059814
1790030898535398100,3.392398193359375,-1.8722656965255737,0.28969839215278625,-0.05027823522686958
1790030898545438500,3.4024384765625,-1.886630892753601,-0.2753331959247589,-1.278503656387329
1790030898555448000,3.412447998046875,-1.7477672100067139,-0.37828385829925537,-1.9584569931030273
1790030898565458000,3.4224580078125,-1.4173674583435059,-0.23702596127986908,-0.45489832758903503
1790030898625547000,3.482547119140625,-2.5498247146606445,-1.6735470294952393,-2.300827741622925
1790030898635587300,3.49258740234375,-1.702277421951294,-0.8188169598579407,-1.7860745191574097
1790030898645597200,3.50259716796875,-0.8044517636299133,0.3711012601852417,-0.272938996553421
1790030898655606800,3.512606689453125,-0.7757213711738586,0.6560112833976746,1.577778935432434
1790030898675657000,3.532656982421875,-1.0845733880996704,1.015141487121582,0.49320554733276367
1790030898685666800,3.542666748046875,-1.5610195398330688,-0.19632454216480255,-0.45250412821769714
1790030898695676400,3.552676513671875,-2.0231003761291504,0.6368576288223267,-0.07661445438861847
1790030898705716700,3.562716796875,-2.9041666984558105,2.319981336593628,1.5059528350830078
1790030898715726600,3.5727265625,-3.2178070545196533,2.518700122833252,3.6822822093963623
1790030898725736200,3.582736083984375,-3.265691041946411,1.9369091987609863,2.7054479122161865
1790030898735715600,3.592715576171875,-2.827552318572998,0.5602431893348694,2.1763293743133545
1790030898745756000,3.602755859375,-2.33913516998291,0.950498104095459,-0.08858546614646912
1790030898755765500,3.612765625,-2.1308395862579346,1.1683704853057861,0.09816227108240128
1790030898765805800,3.622805908203125,-2.9328970909118652,0.7086837291717529,0.768538773059845
1790030898845945000,3.702945068359375,-0.9888052940368652,-0.19153612852096558,0.06464344263076782
1790030898855985400,3.7129853515625,-1.4317326545715332,0.9433154463768005,0.38546648621559143
1790030898865995000,3.7229951171875,-2.2840683460235596,1.7166426181793213,1.216254472732544
1790030898896054800,3.7530546875,-1.9393033981323242,0.10295066982507706,-0.2992752194404602
1790030898916074500,3.773074462890625,-0.7733271718025208,2.0159177780151367,1.8818424940109253
1790030898936094000,3.793093994140625,-0.5291185975074768,2.1811177730560303,2.734178304672241
1790030898986204000,3.843203857421875,-0.9457096457481384,2.7269957065582275,4.4723687171936035
1790030899006253800,3.86325390625,-1.8914192914962769,3.227383852005005,3.8546648025512695
1790030899016263700,3.873263671875,-1.946485996246338,2.9544448852539062,3.3518824577331543
1790030899026304000,3.883303955078125,-1.6424223184585571,1.843535304069519,2.6455929279327393
1790030899036313600,3.893313720703125,-1.316810965538025,0.8762778043746948,2.628833532333374
1790030899046323500,3.903323486328125,-1.400607943534851,-0.090979665517807,3.1459810733795166
1790030899056333300,3.913333251953125,-1.9345149993896484,0.6320692300796509,3.1866824626922607
1790030899076383200,3.93338330078125,-0.9959878921508789,0.7326257228851318,1.6735470294952393
1790030899096433400,3.953433349609375,-0.8212111592292786,1.1085153818130493,0.9911994934082031
1790030899106443000,3.963443115234375,-0.8044517636299133,1.1492167711257935,1.1085153818130493
1790030899116422400,3.97342236328125,-0.8834604024887085,0.36152446269989014,1.3910311460494995
1790030899126462700,3.983462646484375,-0.993593692779541,0.3663128614425659,0.751779317855835
1790030899136472300,3.993472412109375,-0.7948749661445618,0.07900865375995636,0.4189853072166443
1790030899146482200,4.003482177734375,-0.8547300100326538,-0.16998831927776337,0.19632454216480255
1790030899156491800,4.01349169921875,-0.5506663918495178,0.17717093229293823,0.43095630407333374
1790030899166501600,4.023501708984375,-0.4357447028160095,0.9409212470054626,2.142810583114624
1790030899176511500,4.033511474609375,-0.33758243918418884,1.7549498081207275,1.9297266006469727
1790030899186521000,4.04352099609375,-0.090979665517807,0.44532153010368347,0.9050082564353943
1790030899196531000,4.053531005859375,0.043095629662275314,-0.3711012601852417,0.38067805767059326
1790030899206540800,4.063540771484375,-0.26336219906806946,0.5171475410461426,0.7350199222564697
1790030899266630000,4.1236298828125,-0.8523358106613159,0.09576806426048279,-0.7805097699165344
1790030899346830000,4.203830078125,-1.1204863786697388,-1.1228805780410767,-1.5418659448623657
1790030899406949600,4.26394970703125,-1.455674648284912,-1.3096283674240112,-0.26575639843940735
1790030899426999800,4.283999755859375,-1.4891934394836426,-0.38307225704193115,-1.623268723487854
1790030899437009400,4.294009521484375,-0.7565677165985107,0.31842881441116333,-1.659181833267212
1790030899447049700,4.3040498046875,-0.8523358106613159,1.800439715385437,0.45250412821769714
1790030899467069200,4.324069091796875,-1.1827356815338135,0.5985504388809204,1.5394717454910278
1790030899487089000,4.3440888671875,-2.4851813316345215,-0.0933738648891449,0.8140285611152649
1790030899497098500,4.354098388671875,-2.4205379486083984,1.3527239561080933,-0.9145850539207458
1790030899527189000,4.38418896484375,-1.7717092037200928,-0.181959331035614,0.304063618183136
1790030899537198600,4.394198486328125,-2.367865562438965,-0.6607996821403503,1.381454348564148
1790030899547208400,4.40420849609375,-2.738966703414917,-1.5442601442337036,0.7206547260284424
1790030899557187600,4.4141875,-2.1763293743133545,-1.6328455209732056,-1.3623007535934448
1790030899577237800,4.43423779296875,-2.03507137298584,-0.09576806426048279,-1.3407529592514038
1790030899587247600,4.44424755859375,-1.900996208190918,0.5434837937355042,-1.3934253454208374
1790030899597257200,4.45425732421875,-1.6136919260025024,-0.6919242739677429,-0.49799394607543945
1790030899607297500,4.464297607421875,-1.0773907899856567,-1.7549498081207275,-0.3423708379268646
1790030899617337900,4.474337890625,-0.6057330369949341,-2.3295583724975586,-1.6328455209732056
1790030899627347700,4.48434765625,-0.31364041566848755,-3.1052796840667725,-3.270479440689087
1790030899637357300,4.494357421875,-1.1228805780410767,-1.2761094570159912,-3.1076738834381104
1790030899657468400,4.514468505859375,-0.05746084079146385,0.24420857429504395,-0.4836287498474121
1790030899667478300,4.524478271484375,0.5123591423034668,0.3926490843296051,0.11013327538967133
1790030899677487900,4.53448779296875,0.7038952708244324,-0.45010992884635925,-0.031124621629714966
1790030899687528200,4.544528076171875,0.304063618183136,-0.993593692779541,-0.9576807022094727
1790030899697538000,4.5545380859375,-0.8427590131759644,-0.043095629662275314,-0.7254431247711182
1790030899707548000,4.5645478515625,-1.3646949529647827,0.3926490843296051,-0.2801215946674347
1790030899717588000,4.574587890625,-1.764526605606079,-0.09576806426048279,0.28730419278144836
1790030899727597800,4.584597900390625,-1.9800047874450684,-1.3718775510787964,-1.359906554222107
1790030899737607700,4.594607666015625,-1.987187385559082,-0.35673606395721436,-1.7597382068634033
1790030899747648000,4.60464794921875,-1.0438719987869263,0.2298433631658554,0.26336219906806946
1790030899767698000,4.624697998046875,-0.1843535304069519,-1.3527239561080933,0.33039984107017517
1790030899777707800,4.634707763671875,-0.8331822156906128,-0.019153613597154617,0.5817909836769104
1790030899787687000,4.64468701171875,-1.1348515748977661,0.2322375625371933,0.5051765441894531
1790030899797727200,4.654727294921875,-1.3694833517074585,-0.026336219161748886,-0.5482721924781799
1790030899807737000,4.664737060546875,-1.7070658206939697,0.4572925269603729,-0.17956513166427612
1790030899817777400,4.67477734375,-1.3766659498214722,0.2825157940387726,0.6392518281936646
1790030899827787000,4.684787109375,-1.1779472827911377,0.6248866319656372,0.4620809257030487
1790030899877866500,4.734866455078125,-0.7326257228851318,-0.8667010068893433,-1.414973258972168
1790030899907926300,4.76492626953125,-0.7422025203704834,0.7637503147125244,-0.22505496442317963
1790030899927945700,4.78494580078125,-1.0965443849563599,-0.9864110946655273,-1.0079588890075684
1790030899937955600,4.79495556640625,-1.0127472877502441,-1.2761094570159912,-0.6967126727104187
1790030899977994500,4.834994384765625,-0.2992752194404602,0.1867477297782898,0.29209262132644653
1790030899998014200,4.85501416015625,-0.6631938815116882,0.9576807022094727,0.9864110946655273
1790030900028104400,4.8851044921875,-1.1037269830703735,0.3423708379268646,0.4644751250743866
1790030900058164200,4.915164306640625,-0.8619126081466675,-0.6416460275650024,-0.9576807022094727
1790030900088224000,4.94522412109375,-0.6248866319656372,-0.629675030708313,-0.4644751250743866
1790030900098203400,4.955203369140625,-0.5482721924781799,-0.38067805767059326,-0.5961562395095825
1790030900108243700,4.96524365234375,-0.4668693244457245,-0.38546648621559143,-0.30885201692581177
1790030900118253300,4.97525341796875,-0.33758243918418884,-0.3687070608139038,-0.38546648621559143
1790030900128263200,4.98526318359375,-0.2801215946674347,-0.49320554733276367,-0.8092401623725891
1790030900178312000,5.03531201171875,-0.26815059781074524,0.06224924325942993,-1.05105459690094
1790030900188321800,5.04532177734375,-0.5674257874488831,0.19871874153614044,-0.7757213711738586
1790030900198331400,5.055331298828125,-0.608127236366272,-0.31603461503982544,-0.10773907601833344
1790030900218351000,5.07535107421875,-0.2992752194404602,0.45250412821769714,1.0079588890075684
1790030900228360700,5.085360595703125,-0.363918662071228,0.44771572947502136,0.8475474119186401
1790030900238401000,5.095401123046875,-0.3711012601852417,0.07661445438861847,0.6129156351089478
1790030900248411000,5.105410888671875,-0.42616790533065796,0.24899697303771973,0.5051765441894531
1790030900258420500,5.11542041015625,-0.5434837937355042,0.5602431893348694,0.6224924325942993
1790030900308530400,5.165530517578125,-0.8619126081466675,0.2585737705230713,0.7493851184844971
1790030900328580600,5.18558056640625,-0.7733271718025208,0.0454898327589035,0.2777273952960968
1790030900338590200,5.195590087890625,-0.5291185975074768,-0.40222588181495667,0.15801730751991272
1790030900348600000,5.20560009765625,-0.40701428055763245,-0.667982280254364,-0.33039984107017517
1790030900358610000,5.21560986328125,-0.1628057211637497,-0.507570743560791,-0.3878606855869293
1790030900368619500,5.22561962890625,-0.181959331035614,-0.7493851184844971,-0.49559974670410156
1790030900378629400,5.23562939453125,0.12928688526153564,-1.0582371950149536,-1.4867992401123047
1790030900398679300,5.25567919921875,-0.35913026332855225,-1.1180921792984009,-1.6974890232086182
1790030900408719600,5.2657197265625,-0.22266076505184174,-2.0925323963165283,-2.7269957065582275
1790030900418729500,5.2757294921875,-0.21308395266532898,-2.2649147510528564,-2.2146365642547607
1790030900428769800,5.285769775390625,-0.23702596127986908,-2.4396915435791016,-2.5953147411346436
1790030900438779400,5.295779296875,-0.10534487664699554,-1.9632453918457031,-3.421314239501953
1790030900448789200,5.305789306640625,0.08858546614646912,-1.6496049165725708,-3.8786067962646484
1790030900458799000,5.315799072265625,0.4189853072166443,-1.8267759084701538,-3.667917013168335
1790030900478849000,5.33584912109375,0.031124621629714966,-2.298433542251587,-3.579331636428833
1790030900488889300,5.345889404296875,-0.023942016065120697,-3.0119056701660156,-3.804386615753174
1790030900498899200,5.355899169921875,-0.5602431893348694,-2.7748796939849854,-3.5865142345428467
1790030900508908800,5.36590869140625,-0.6727706789970398,-2.5522189140319824,-3.184288263320923
1790030900518918700,5.375918701171875,-0.17956513166427612,-2.760514497756958,-3.4404678344726562
1790030900528928500,5.385928466796875,-0.524330198764801,-2.6839001178741455,-2.9664158821105957
1790030900538938000,5.395938232421875,-0.6488286852836609,-2.3726539611816406,-2.8107926845550537
1790030900548948000,5.405947998046875,-0.950498104095459,-2.054224967956543,-2.4205379486083984
1790030900568967400,5.425967529296875,-1.400607943534851,-2.4684219360351562,-1.7597382068634033
1790030900589048000,5.446048095703125,-3.864241600036621,-3.4955344200134277,-4.326322555541992
1790030900609037000,5.466037109375,-3.665522813796997,-1.4269442558288574,-3.7445313930511475
1790030900619047000,5.476046875,-3.6727054119110107,-0.7445967197418213,-3.141192674636841
1790030900639096800,5.496096923828125,-1.6112977266311646,-1.9776105880737305,-1.0247182846069336
1790030900649106700,5.506106689453125,-1.8746598958969116,-1.479616641998291,-1.0893617868423462
1790030900659147000,5.51614697265625,-2.31758713722229,-0.24420857429504395,-1.280897855758667
1790030900679197000,5.536197021484375,0.21547815203666687,2.1763293743133545,1.9177556037902832
1790030900689206800,5.546206787109375,0.7565677165985107,2.343923568725586,2.315192937850952
1790030900699247000,5.5562470703125,0.4884171485900879,1.2617442607879639,0.49320554733276367
1790030900709287400,5.566287353515625,-0.040701430290937424,0.5195417404174805,-0.9624691009521484
1790030900719297000,5.576297119140625,-0.7996633648872375,0.20111294090747833,-0.23702596127986908
1790030900739316500,5.59631640625,-1.7501614093780518,-1.0654197931289673,-0.9720458984375
1790030900749326300,5.606326416015625,-2.3127987384796143,-1.237802267074585,-1.6136919260025024
1790030900759366700,5.61636669921875,-2.7557260990142822,0.7661445140838623,-0.6057330369949341
1790030900769376500,5.62637646484375,-2.0925323963165283,0.7637503147125244,0.2346317619085312
1790030900809446000,5.66644580078125,-3.40216064453125,-1.2234370708465576,-1.2042834758758545
1790030900869565700,5.726565673828125,-2.4205379486083984,0.7493851184844971,2.628833532333374
1790030900879575300,5.7365751953125,-2.5929205417633057,0.009576806798577309,0.8331822156906128
1790030900889554700,5.7465546875,-2.6671407222747803,0.28730419278144836,0.3423708379268646
1790030900899595000,5.756594970703125,-2.0183119773864746,-0.06224924325942993,0.2298433631658554
1790030900909604600,5.7666044921875,-2.3558945655822754,1.558625340461731,0.9983820915222168
1790030900999753700,5.856753662109375,-2.6839001178741455,0.2585737705230713,-1.2545616626739502
1790030901019803600,5.8768037109375,-1.2306196689605713,1.0654197931289673,-0.5913678407669067
1790030901039823000,5.896822998046875,-1.2425906658172607,1.3670891523361206,0.6416460275650024
1790030901049833000,5.9068330078125,-0.7015010714530945,-0.751779317855835,-0.706289529800415
1790030901059842800,5.9168427734375,-0.06464344263076782,-1.745373010635376,-0.9433154463768005
1790030901069852400,5.926852294921875,-0.3423708379268646,-0.4141969084739685,0.31603461503982544
1790030901079892700,5.936892822265625,-0.9600749015808105,0.4118026793003082,1.5490485429763794
1790030901089902600,5.946902587890625,-1.702277421951294,0.6919242739677429,2.3774423599243164
1790030901109922000,5.966922119140625,-1.8579005002975464,1.6759412288665771,2.011129379272461
1790030901149991700,6.00699169921875,-1.158793568611145,1.6112977266311646,3.1962592601776123
1790030901160001500,6.01700146484375,-1.1420341730117798,2.1356279850006104,3.751713991165161
1790030901200101600,6.0571015625,-1.3910311460494995,4.146757125854492,3.5745432376861572
1790030901270322400,6.127322509765625,-1.7501614093780518,1.522712230682373,0.5650315880775452
1790030901330472700,6.18747265625,-1.2330138683319092,0.40222588181495667,-0.5147533416748047
1790030901410703400,6.267703369140625,-1.5466543436050415,-0.3734954595565796,0.35673606395721436
1790030901420713000,6.277712890625,-1.434126853942871,-0.31364041566848755,-0.6368576288223267
1790030901460782600,6.317782470703125,-2.3295583724975586,0.4381389021873474,0.7134721279144287
1790030901520963300,6.37796337890625,-0.8451532125473022,2.3965959548950195,3.028665065765381
1790030901541074400,6.398074462890625,-3.2393548488616943,-1.965639591217041,1.01753568649292
1790030901551084300,6.408084228515625,-4.390965938568115,-1.821987509727478,-1.5394717454910278
1790030901581174500,6.438174560546875,-2.96162748336792,0.6153098344802856,0.031124621629714966
1790030901591184400,6.448184326171875,-1.9943699836730957,1.1683704853057861,0.6320692300796509
1790030901631253800,6.488253662109375,-3.8379054069519043,-2.099714994430542,-2.8802247047424316
1790030901641294000,6.498294189453125,-3.7493197917938232,-0.667982280254364,-2.7892448902130127
1790030901671415000,6.5284150390625,0.19153612852096558,-0.19393034279346466,0.45489832758903503
1790030901751645700,6.608645751953125,-0.9481038451194763,-0.3926490843296051,-0.49320554733276367
1790030901791684900,6.648684814453125,-1.6328455209732056,0.26575639843940735,-0.23942017555236816
1790030901801725000,6.658724853515625,-2.0207061767578125,-1.0678139925003052,-0.1843535304069519
1790030901811734800,6.66873486328125,-2.760514497756958,-1.7573440074920654,-0.019153613597154617
1790030901841825000,6.698824951171875,-0.4118026793003082,-0.181959331035614,-0.33997663855552673
1790030901861875200,6.718875244140625,-1.2473790645599365,-0.09816227108240128,-0.20350714027881622
1790030901871885000,6.728885009765625,-1.0007762908935547,-0.7110779285430908,-0.6105214357376099
1790030901912076500,6.76907666015625,-0.689530074596405,-0.47405192255973816,-1.192312479019165
1790030901922086400,6.77908642578125,-0.5937620401382446,-0.6536170840263367,-0.8858546018600464
1790030901992246300,6.849246337890625,-0.7661445140838623,-0.3280056416988373,-0.7254431247711182
1790030902022306000,6.87930615234375,-0.7110779285430908,-0.7110779285430908,-1.213860273361206
1790030902032316000,6.88931591796875,-0.047884032130241394,-0.5147533416748047,-1.1420341730117798
1790030902042325500,6.899325439453125,0.3232172429561615,0.13407529890537262,-0.5339069962501526
1790030902052365800,6.90936572265625,0.3280056416988373,0.047884032130241394,-0.4213795065879822
1790030902062406100,6.91940625,0.24181437492370605,-0.08379705995321274,-0.5099649429321289
1790030902112577000,6.969576904296875,-0.524330198764801,0.5291185975074768,0.12210428714752197
1790030902132627200,6.989627197265625,-0.8403648138046265,-0.12449848651885986,-0.30885201692581177
1790030902142698000,6.999697998046875,-0.7733271718025208,0.181959331035614,-0.0071826050989329815
1790030902152707600,7.00970751953125,-0.6991068720817566,0.47405192255973816,0.3256114423274994
1790030902162717400,7.019717529296875,-0.49320554733276367,-0.019153613597154617,-0.19871874153614044
1790030902172757800,7.0297578125,-0.6392518281936646,-0.17238251864910126,-0.6129156351089478
1790030902182798000,7.039798095703125,-0.8930372595787048,-0.5123591423034668,-0.6200982332229614
1790030902192808000,7.049807861328125,-0.5051765441894531,-0.871489405632019,-0.586579442024231
1790030902202848000,7.059847900390625,-0.1604115068912506,-0.5291185975074768,-0.5051765441894531
1790030902212857900,7.06985791015625,-0.11252748221158981,-0.3471592366695404,-0.6703764796257019
1790030902222867700,7.07986767578125,0.038307227194309235,-0.2585737705230713,-0.6655880808830261
1790030902232877300,7.089877197265625,-0.15801730751991272,-0.1843535304069519,-0.49799394607543945
1790030902242887200,7.09988720703125,-0.22505496442317963,-0.038307227194309235,-0.5003881454467773
1790030902262937000,7.11993701171875,-0.05746084079146385,-0.0933738648891449,-0.4118026793003082
1790030902272947000,7.129947021484375,0.07182604819536209,0.0933738648891449,-0.19153612852096558
1790030902292997000,7.1499970703125,-0.08379705995321274,0.028730420395731926,-0.002394201699644327
1790030902343106800,7.20010693359375,-0.3663128614425659,0,0.6751648783683777
1790030902403257000,7.260257080078125,-0.9840168952941895,0.47405192255973816,0.43335050344467163
1790030902483518200,7.340518310546875,0.0454898327589035,-0.2992752194404602,-0.5482721924781799
1790030902493558500,7.35055859375,0.23942017555236816,-0.5099649429321289,-0.6009446382522583
1790030902503568400,7.360568359375,0.33997663855552673,-0.4836287498474121,-0.42856210470199585
1790030902513578000,7.370577880859375,0.17956513166427612,-0.44771572947502136,0.06703764945268631
1790030902523587800,7.380587890625,-0.004788403399288654,-0.45010992884635925,-0.0694318488240242
1790030902533658600,7.39065869140625,-0.2298433631658554,-0.6248866319656372,-0.038307227194309235
1790030902543668500,7.40066845703125,-0.11252748221158981,-1.5658079385757446,0.16519992053508759
1790030902603757600,7.460757568359375,-0.47165772318840027,-2.3295583724975586,-4.441244125366211
1790030902623838200,7.480838134765625,0.1867477297782898,-2.4229321479797363,-2.942473888397217
1790030902633847800,7.490847900390625,0.19153612852096558,-3.3231520652770996,-3.4404678344726562
1790030902643857700,7.500857666015625,0.12449848651885986,-3.711012601852417,-3.004723072052002
1790030902703946800,7.56094677734375,-0.5841852426528931,-1.922544002532959,-2.2433669567108154
1790030902713956600,7.57095654296875,-0.7445967197418213,-1.1085153818130493,-1.2617442607879639
1790030902723966200,7.58096630859375,-1.9991583824157715,-1.3503297567367554,-1.414973258972168
1790030902734006500,7.591006591796875,-2.6839001178741455,-2.252943754196167,-2.8371291160583496
1790030902744016400,7.601016357421875,-2.5929205417633057,-2.5713725090026855,-3.2537200450897217
1790030902754026000,7.61102587890625,-2.0901381969451904,-1.6663644313812256,-0.9433154463768005
1790030902764005400,7.62100537109375,-2.0638017654418945,-1.8315643072128296,-0.9624691009521484
1790030902774045700,7.631045654296875,-1.8842366933822632,-0.9888052940368652,-2.1595699787139893
1790030902784055300,7.64105517578125,-0.8523358106613159,0.11252748221158981,-1.5155296325683594
1790030902804044300,7.661044189453125,-0.5482721924781799,0.1388636976480484,-0.7924807667732239
1790030902814115000,7.671114990234375,-1.4891934394836426,-0.45250412821769714,-1.7549498081207275
1790030902824125000,7.681125,-2.1332337856292725,-0.42616790533065796,-1.2737152576446533
1790030902864194600,7.721194580078125,-2.2697031497955322,0.272938996553421,-0.7469909191131592
1790030902874204400,7.731204345703125,-2.255337953567505,-0.2777273952960968,-0.8188169598579407
1790030902904264200,7.76126416015625,-1.965639591217041,-0.49799394607543945,-1.3455413579940796
1790030902914304500,7.771304443359375,-1.5155296325683594,0.15322890877723694,-0.689530074596405
1790030902924314000,7.781314208984375,-1.5825673341751099,1.070208191871643,0.3758896589279175
1790030902934324000,7.791323974609375,-0.8954314589500427,-0.3447650372982025,-1.0630255937576294
1790030902944333600,7.80133349609375,-0.5339069962501526,-2.183511972427368,-2.7676970958709717
1790030902954343400,7.811343505859375,-0.3734954595565796,-2.343923568725586,-2.827552318572998
1790030903024533800,7.88153369140625,-2.6791117191314697,2.7054479122161865,1.5466543436050415
1790030903034574000,7.891573974609375,-2.1308395862579346,1.4963760375976562,1.8411411046981812
1790030903044584000,7.901583984375,-2.9544448852539062,-0.06464344263076782,0.9792284965515137
1790030903064603400,7.921603271484375,-3.399766445159912,0.15322890877723694,-2.1045033931732178
1790030903084653600,7.941653564453125,-3.1268274784088135,0.1364694982767105,-0.07422025501728058
1790030903094663200,7.9516630859375,-3.5960910320281982,0.6440402865409851,-1.1516109704971313
1790030903104673000,7.961673095703125,-2.434903144836426,-0.4644751250743866,-1.2689268589019775
1790030903134855000,7.99185498046875,-3.222595453262329,0.6009446382522583,-0.3519476354122162
1790030903144864800,8.00186474609375,-2.8395233154296875,0.06703764945268631,-1.7262194156646729
1790030903154874400,8.011874267578126,-1.0031704902648926,-1.161187767982483,-1.8052281141281128
1790030903164945200,8.021945068359376,-0.7422025203704834,-1.036689281463623,0.40701428055763245
1790030903174955000,8.031955078125,-1.5514427423477173,-1.1324573755264282,1.4460978507995605
1790030903184964900,8.04196484375,-2.6192567348480225,0.3974374830722809,1.4748282432556152
1790030903195005200,8.052005126953125,-3.1675288677215576,0.7230489253997803,1.436521053314209
1790030903205014800,8.062014892578125,-2.212242364883423,1.0319008827209473,0.9672574996948242
1790030903225034500,8.082034423828125,-0.8930372595787048,2.918531894683838,3.0095114707946777
1790030903235044000,8.092044189453125,-1.6184803247451782,3.1747114658355713,4.728548526763916
1790030903245054000,8.102053955078125,-2.2888567447662354,2.6408045291900635,4.422090530395508
1790030903265104000,8.122103759765626,-3.337517261505127,3.1459810733795166,5.377377033233643
1790030903275144200,8.132144287109375,-3.1747114658355713,2.935291290283203,3.8714241981506348
1790030903365384700,8.222384765625,-1.4963760375976562,0.9864110946655273,2.054224967956543
1790030903395444500,8.252444580078125,-1.0893617868423462,0.8978256583213806,0.3902548849582672
1790030903415494700,8.27249462890625,-1.1061211824417114,0.2513911724090576,-0.28969839215278625
1790030903425504300,8.282504150390626,-0.9097966551780701,0.8044517636299133,0.6320692300796509
1790030903435544600,8.292544677734375,-0.7134721279144287,0.5195417404174805,0.45250412821769714
1790030903445554400,8.302554443359375,-0.6991068720817566,0.002394201699644327,-0.08619125932455063
1790030903455594800,8.3125947265625,-0.35434186458587646,-0.1843535304069519,-0.49799394607543945
1790030903475614200,8.3326142578125,-0.5291185975074768,0.2322375625371933,-0.38067805767059326
1790030903515744800,8.372744873046875,-1.072602391242981,-1.1635819673538208,-0.3519476354122162
1790030903535764500,8.392764404296875,-2.1045033931732178,-1.0654197931289673,-1.5705963373184204
1790030903545835300,8.402835205078125,-2.47560453414917,-0.019153613597154617,-1.4939818382263184
1790030903575956000,8.4329560546875,-0.569819986820221,-0.43095630407333374,-0.6536170840263367
1790030903616086500,8.47308642578125,-2.5115175247192383,-0.19153612852096558,-0.16519992053508759
1790030903626096400,8.483096435546875,-2.2002713680267334,-0.23942017555236816,-0.9816226959228516
1790030903656217300,8.51321728515625,-2.6431987285614014,1.1061211824417114,2.233790159225464
1790030903666227000,8.52322705078125,-2.5713725090026855,1.8722656965255737,1.4987702369689941
1790030903676236800,8.53323681640625,-2.736572504043579,1.2473790645599365,1.2497732639312744
1790030903686246700,8.54324658203125,-3.043030261993408,-0.629675030708313,-0.8379706144332886
1790030903696317400,8.5533173828125,-2.8586769104003906,-2.0614075660705566,-3.201047658920288
1790030903736386800,8.59338671875,-2.1164743900299072,0.3447650372982025,-0.5937620401382446
1790030903756437000,8.61343701171875,-0.38307225704193115,-1.4508862495422363,-1.3263877630233765
1790030903766446800,8.62344677734375,-0.24899697303771973,-2.3247697353363037,-2.5019407272338867
1790030903776456400,8.63345654296875,-0.5410895943641663,-2.719813108444214,-3.0597896575927734
1790030903786466300,8.64346630859375,-0.9050082564353943,-1.7310078144073486,-1.5682021379470825
1790030903796476000,8.653475830078126,-0.8882488012313843,-0.48602294921875,-0.33039984107017517
1790030903806516200,8.66351611328125,-0.45010992884635925,-0.2825157940387726,-0.9313444495201111
1790030903816526000,8.673526123046875,-0.38307225704193115,-0.033518824726343155,-1.1540051698684692
1790030903856656600,8.71365673828125,-1.0582371950149536,-0.4405331015586853,-0.5722141861915588
1790030903866697000,8.723697021484375,-0.7134721279144287,-0.6943184733390808,-2.212242364883423
1790030903876706800,8.733706787109375,-0.7374141216278076,-0.6751648783683777,-1.647210717201233
1790030903886716400,8.74371630859375,-1.0342950820922852,-0.05746084079146385,-0.06224924325942993
1790030903936856800,8.79385693359375,-0.8044517636299133,0.1843535304069519,1.0271124839782715
1790030904016996000,8.87399609375,-1.192312479019165,0.2585737705230713,-0.21547815203666687
1790030904027036400,8.884036376953125,-0.7733271718025208,-0.36152446269989014,-0.7110779285430908
1790030904097104600,8.954104736328125,-0.8451532125473022,-0.6871358752250671,-1.599326729774475
1790030904127134000,8.984134033203125,-0.1388636976480484,0.29209262132644653,-1.2425906658172607
1790030904147153400,9.0041533203125,-0.038307227194309235,0.993593692779541,0.5793967843055725
1790030904167203600,9.02420361328125,-1.2856862545013428,-0.569819986820221,-0.44532153010368347
1790030904177213400,9.03421337890625,-1.434126853942871,-1.1875240802764893,-0.828393816947937
1790030904187253500,9.04425341796875,-0.9385270476341248,-1.2330138683319092,-0.2968810200691223
1790030904197263400,9.054263427734375,-0.2777273952960968,-0.4118026793003082,0.43335050344467163
1790030904207334100,9.064334228515625,-0.2801215946674347,-0.08858546614646912,0.19871874153614044
1790030904217344000,9.074343994140625,-0.524330198764801,0.5650315880775452,0.07422025501728058
1790030904227353600,9.084353515625,-0.4381389021873474,0.8930372595787048,0.5267243981361389
1790030904237363500,9.094363525390625,-0.17238251864910126,0.14365209639072418,0.6584054827690125
1790030904247373300,9.104373291015625,-0.4644751250743866,-0.13407529890537262,0.0071826050989329815
1790030904267453700,9.12445361328125,-0.7805097699165344,-0.11252748221158981,-0.8427590131759644
1790030904277494000,9.134493896484376,-0.6033388376235962,0.3902548849582672,-0.05506663769483566
1790030904297544200,9.154544189453125,-0.2346317619085312,0.38307225704193115,0.16759411990642548
1790030904317594000,9.174593994140626,-0.44532153010368347,-0.1867477297782898,-0.45489832758903503
1790030904327604000,9.18460400390625,-0.5051765441894531,-0.27054479718208313,-0.3447650372982025
1790030904337613800,9.19461376953125,-0.43095630407333374,-0.31124621629714966,-0.545877993106842
1790030904347623400,9.20462353515625,-0.2825157940387726,0.4213795065879822,-0.6655880808830261
1790030904357633300,9.21463330078125,-0.24660277366638184,0.12449848651885986,-0.6631938815116882
1790030904367643100,9.22464306640625,-0.5841852426528931,-0.13168109953403473,-1.3215993642807007
1790030904377652700,9.23465283203125,-0.6847416758537292,0.10773907601833344,-0.9552865028381348
1790030904387693000,9.244693115234375,-0.45010992884635925,0.019153613597154617,-0.608127236366272
1790030904397703000,9.254702880859375,-0.08858546614646912,0.17238251864910126,-0.5530605912208557
1790030904407682000,9.26468212890625,-0.21308395266532898,0.05506663769483566,-0.19393034279346466
1790030904477842000,9.334842041015625,-0.05506663769483566,0.23702596127986908,0.0454898327589035
1790030904487851800,9.344851806640625,-0.17238251864910126,0.10773907601833344,0.10295066982507706
1790030904497861600,9.354861572265625,-0.14844051003456116,0.28730419278144836,0.5985504388809204
1790030904507871200,9.364871337890625,-0.18914192914962769,0.15562310814857483,0.6847416758537292
1790030904517881000,9.374881103515625,-0.24181437492370605,0.35434186458587646,0.31603461503982544
1790030904527891000,9.384890869140625,-0.4620809257030487,0.43095630407333374,0.42856210470199585
1790030904547910400,9.404910400390625,-0.4884171485900879,0.17238251864910126,0.06224924325942993
1790030904557920000,9.414919921875,-0.3758896589279175,0.2849099934101105,0.10055647045373917
1790030904567960300,9.424960205078126,-0.2585737705230713,0.2777273952960968,0.3663128614425659
1790030904577970200,9.43497021484375,-0.06464344263076782,0.727837324142456,0.751779317855835
1790030904588010500,9.445010498046875,-0.24181437492370605,1.1348515748977661,0.8355764150619507
1790030904598020000,9.45502001953125,-0.40462008118629456,0.9792284965515137,0.31603461503982544
1790030904608060400,9.465060302734376,-0.5626373887062073,0.9217676520347595,0.30885201692581177
1790030904618070300,9.4750703125,-0.5913678407669067,0.6727706789970398,0.5530605912208557
1790030904628080000,9.485080078125,-0.5746083855628967,0.7206547260284424,0.5386953949928284
1790030904658109400,9.515109375,-0.35913026332855225,-0.06703764945268631,1.3239935636520386
1790030904678129000,9.53512890625,-0.4668693244457245,0.22744916379451752,0.45250412821769714
1790030904708219100,9.56521923828125,-0.6727706789970398,0.2801215946674347,-0.31364041566848755
1790030904718229000,9.57522900390625,-0.6536170840263367,-0.15801730751991272,-1.2114660739898682
1790030904728269300,9.585269287109375,-0.6057330369949341,-0.40462008118629456,-1.4508862495422363
1790030904748288800,9.605288818359375,-0.24181437492370605,-0.8331822156906128,-1.764526605606079
1790030904778348500,9.6353486328125,0.2059013396501541,-2.0805611610412598,-2.7940332889556885
1790030904808408300,9.665408203125,0.7661445140838623,-2.1715409755706787,-3.488351821899414
1790030904818418200,9.675418212890625,0.3687070608139038,-2.346317768096924,-4.084507942199707
1790030904828428000,9.685427978515625,0.2801215946674347,-2.875436305999756,-4.216189384460449
1790030904838437600,9.695437744140625,0.2059013396501541,-2.87064790725708,-3.756502389907837
1790030904878507300,9.73550732421875,-0.6655880808830261,-2.161964178085327,-3.7181951999664307
1790030904908567000,9.765567138671875,-0.1412578970193863,-1.1061211824417114,-1.968033790588379
1790030904948606200,9.805606201171875,-1.0773907899856567,0.06464344263076782,-1.0749965906143188
1790030904958585300,9.81558544921875,-1.5514427423477173,-1.357512354850769,-2.7126305103302
1790030904968625700,9.825625732421875,-1.8938134908676147,-1.5538369417190552,-3.531447410583496
1790030904978635500,9.835635498046875,-1.7549498081207275,0.2106897532939911,-2.097320795059204
1790030904988645000,9.84564501953125,-1.8602946996688843,-0.05746084079146385,-1.2665326595306396
1790030904998655000,9.855655029296875,-1.8842366933822632,-0.395043283700943,-1.9967641830444336
1790030905008695300,9.8656953125,-1.599326729774475,-0.9050082564353943,-1.3694833517074585
1790030905028714800,9.88571484375,-1.4867992401123047,-3.268085241317749,-1.0989385843276978
1790030905038755000,9.895755126953125,-2.454056739807129,-0.6368576288223267,-1.2832920551300049
1790030905048765000,9.905764892578125,-1.6711528301239014,-0.912190854549408,-1.723825216293335
1790030905058774500,9.9157744140625,-0.18914192914962769,-0.9265560507774353,-0.6177040338516235
1790030905068784400,9.925784423828125,-0.49559974670410156,-0.8523358106613159,0.5171475410461426
1790030905078794200,9.935794189453125,-0.42856210470199585,-0.8906430602073669,-1.3766659498214722
1790030905128843000,9.985843017578125,-0.5147533416748047,-4.182670593261719,-1.8602946996688843
1790030905168943000,10.025943115234375,-1.9105730056762695,-1.2306196689605713,-3.531447410583496
1790030905178983400,10.0359833984375,-2.5474305152893066,-0.06224924325942993,-2.5450363159179688
1790030905189023700,10.046023681640625,-2.655169725418091,0.38307225704193115,-1.5466543436050415
1790030905199063800,10.056063720703126,-2.2577321529388428,0.6536170840263367,-1.7693150043487549
1790030905219083500,10.07608349609375,-1.8962076902389526,1.0438719987869263,-0.545877993106842
1790030905229093000,10.086093017578126,-2.6886885166168213,0.42616790533065796,0.629675030708313
1790030905239103000,10.09610302734375,-3.2321722507476807,0.4381389021873474,1.0438719987869263
1790030905249143300,10.106143310546875,-3.912125587463379,0.6751648783683777,0.8403648138046265
1790030905259153000,10.11615283203125,-3.6535518169403076,1.6759412288665771,0.9720458984375
1790030905269162800,10.126162841796875,-2.691082715988159,1.0989385843276978,0.38307225704193115
1790030905279233500,10.136233642578125,-3.265691041946411,3.090914487838745,1.5610195398330688
1790030905289243400,10.146243408203125,-3.1316158771514893,1.987187385559082,2.5330653190612793
1790030905319333600,10.176333740234375,-1.522712230682373,0.9169792532920837,0.5889736413955688
1790030905329343500,10.186343505859375,-2.1284453868865967,0.023942016065120697,1.3766659498214722
1790030905339353300,10.196353271484375,-2.0446481704711914,0.6392518281936646,0.4644751250743866
1790030905389432600,10.2464326171875,-2.0015525817871094,1.414973258972168,2.2242133617401123
1790030905489530000,10.346530029296876,-1.1755530834197998,2.3511061668395996,3.2178070545196533
1790030905499540000,10.3565400390625,-1.5179238319396973,1.8938134908676147,3.045424461364746
1790030905509549800,10.3665498046875,-1.6519991159439087,1.2066776752471924,3.1890766620635986
1790030905519559400,10.376559326171876,-1.920149803161621,2.011129379272461,3.450044631958008
1790030905529630200,10.386630126953126,-1.6519991159439087,2.0470423698425293,3.3854012489318848
1790030905539640000,10.39664013671875,-0.8259995579719543,1.944091796875,3.1220390796661377
1790030905549650000,10.40664990234375,-0.7206547260284424,2.3056161403656006,3.023876667022705
1790030905559659500,10.416659423828126,-0.5961562395095825,1.8124107122421265,2.7700912952423096
1790030905569639000,10.426638916015625,-0.19393034279346466,1.522712230682373,2.5498247146606445
1790030905579709700,10.436709716796875,-0.38307225704193115,1.6831238269805908,2.049436569213867
1790030905589719600,10.446719482421875,-1.0869675874710083,1.6280571222305298,1.6687586307525635
1790030905599729200,10.456729248046875,-1.479616641998291,1.1276689767837524,1.8818424940109253
1790030905609739000,10.466739013671875,-1.1683704853057861,0.9720458984375,1.1635819673538208
1790030905619748600,10.47674853515625,-1.1659762859344482,0.6177040338516235,1.0606313943862915
1790030905639798800,10.496798828125,-1.2521674633026123,0.8619126081466675,1.5873557329177856
1790030905649808600,10.50680859375,-1.2258312702178955,0.8810662031173706,1.2042834758758545
1790030905669858600,10.526858642578125,-0.7613561153411865,0.8738836050033569,-0.47405192255973816
1790030905679899000,10.53689892578125,-0.28730419278144836,0.8020575642585754,-0.33279404044151306
1790030905780088000,10.637088134765625,-1.6855180263519287,-1.1013327836990356,-0.6129156351089478
1790030905860257800,10.7172578125,-1.1180921792984009,-0.9744400978088379,1.2234370708465576
1790030905930356700,10.787356689453125,-1.5059528350830078,-0.7110779285430908,-0.36152446269989014
1790030906000547000,10.857547119140625,-0.6631938815116882,1.644816517829895,-0.16759411990642548
1790030906080747300,10.937747314453125,0.7757213711738586,0.4572925269603729,0.15562310814857483
1790030906120847400,10.977847412109375,-1.3503297567367554,-1.5921441316604614,-2.4851813316345215
1790030906150907100,11.0079072265625,0.181959331035614,-0.07182604819536209,-0.22266076505184174
1790030906180967000,11.037966796875,-0.2561795711517334,-0.9911994934082031,-0.040701430290937424
1790030906190976800,11.047976806640625,-1.2473790645599365,-1.644816517829895,-0.24420857429504395
1790030906200986600,11.057986572265625,-2.0207061767578125,-0.14365209639072418,-0.5363011956214905
1790030906211026700,11.068026611328126,-1.3958195447921753,0.5650315880775452,-0.7110779285430908
1790030906231076900,11.088076904296875,-0.15562310814857483,-0.13168109953403473,0.033518824726343155
1790030906241117200,11.0981171875,0.08140286058187485,-1.4437036514282227,-0.8619126081466675
1790030906261197800,11.11819775390625,-0.14365209639072418,-0.2346317619085312,-0.7924807667732239
1790030906291257600,11.148257568359375,0.08379705995321274,0.21787235140800476,0.4381389021873474
1790030906301298000,11.1582978515625,-0.768538773059845,-0.5650315880775452,0.13168109953403473
1790030906331357700,11.188357666015625,0,0.5650315880775452,0.23702596127986908
1790030906351377200,11.208377197265625,0.19632454216480255,0.06224924325942993,-0.5530605912208557
1790030906371396600,11.228396728515625,-0.26336219906806946,-0.31603461503982544,-0.4812345504760742
1790030906391446800,11.24844677734375,-0.7445967197418213,-0.8379706144332886,-0.7445967197418213
1790030906411496700,11.26849658203125,-0.7038952708244324,0.18914192914962769,-0.5530605912208557
1790030906421506600,11.278506591796875,-0.5386953949928284,0.33279404044151306,-0.18914192914962769
1790030906441556500,11.298556396484376,-0.20111294090747833,-0.13168109953403473,-1.0342950820922852
1790030906461606700,11.318606689453125,0.33279404044151306,-0.8619126081466675,-0.8188169598579407
1790030906481626000,11.338626220703125,0.021547814831137657,-0.06703764945268631,-0.5937620401382446
1790030906501615000,11.358614990234376,-0.05267243832349777,0.272938996553421,0.6392518281936646
1790030906521665300,11.378665283203125,-0.4836287498474121,0.5051765441894531,0.2059013396501541
1790030906561765400,11.418765380859375,-0.6129156351089478,-0.090979665517807,-0.6272808313369751
1790030906641935000,11.49893505859375,-0.2849099934101105,-0.009576806798577309,-0.6991068720817566
1790030906691984000,11.54898388671875,-0.3280056416988373,0.12928688526153564,-0.363918662071228
1790030906722043600,11.579043701171875,-0.40462008118629456,-0.11971008777618408,-0.0694318488240242
1790030906732084000,11.589083984375,-0.6057330369949341,0.19871874153614044,-0.05506663769483566
1790030906782194000,11.63919384765625,-0.3998316824436188,0.043095629662275314,0.26815059781074524
1790030906802213400,11.65921337890625,-0.395043283700943,-0.12210428714752197,-0.33518823981285095
1790030906852292600,11.709292724609375,-0.3208230137825012,0.3447650372982025,1.0845733880996704
1790030906892331800,11.749331787109375,-0.8164227604866028,0.08140286058187485,0.5985504388809204
1790030906902341400,11.75934130859375,-0.38307225704193115,0.17477671802043915,0.29209262132644653
1790030906952420900,11.8094208984375,-0.3208230137825012,-0.5937620401382446,0.181959331035614
1790030907002530800,11.85953076171875,0.1173158809542656,-0.6057330369949341,-1.0223240852355957
1790030907072660200,11.92966015625,-0.26575639843940735,-1.2617442607879639,-2.1787235736846924
1790030907092740600,11.94974072265625,-0.1867477297782898,-1.7070658206939697,-3.648763418197632
1790030907102750500,11.95975048828125,-0.5913678407669067,-2.626439332962036,-3.157952070236206
1790030907142789400,11.999789306640626,-0.49799394607543945,-1.802833914756775,-2.5977089405059814
1790030907152768800,12.009768798828125,-0.7565677165985107,-2.9903578758239746,-3.5170822143554688
1790030907162809000,12.01980908203125,-1.314416766166687,-2.698265314102173,-3.1076738834381104
1790030907172818700,12.029818603515626,-1.3215993642807007,-2.3295583724975586,-2.8778305053710938
1790030907182828500,12.03982861328125,-2.3511061668395996,-0.9528923034667969,-2.296039342880249
1790030907192899300,12.0498994140625,-3.308786630630493,-0.3878606855869293,-2.784456491470337
1790030907202909200,12.0599091796875,-2.851494312286377,-0.6512228846549988,-3.646369218826294
1790030907212918800,12.069918701171876,-2.049436569213867,-0.5315127968788147,-2.7006595134735107
1790030907222959000,12.079958984375,-1.8387469053268433,-1.7932571172714233,-2.6599581241607666
1790030907232999400,12.08999951171875,-1.625662922859192,-3.2752678394317627,-3.0597896575927734
1790030907243009300,12.10000927734375,-1.4413094520568848,-2.75812029838562,-2.8179752826690674
1790030907253019000,12.110018798828126,-1.3718775510787964,-0.790086567401886,-1.479616641998291
1790030907273038600,12.13003857421875,-1.1803414821624756,-0.09576806426048279,-0.6344634294509888
1790030907283048200,12.140048095703126,-1.6424223184585571,-0.768538773059845,-0.15562310814857483
1790030907293088500,12.150088623046875,-2.1930887699127197,-1.2306196689605713,-0.2777273952960968
1790030907303098400,12.160098388671875,-2.6791117191314697,-1.5083470344543457,-1.721431016921997
1790030907333127700,12.190127685546875,-1.45806884765625,-0.011971008032560349,0.44771572947502136
1790030907373197300,12.230197265625,-2.140416383743286,-0.08858546614646912,-1.8698714971542358
1790030907383237400,12.2402373046875,-1.3910311460494995,-2.097320795059204,-3.3494882583618164
1790030907393277700,12.250277587890626,-1.4867992401123047,-0.19871874153614044,-3.00711727142334
1790030907403287600,12.26028759765625,-1.525106430053711,1.4963760375976562,0.2944868206977844
1790030907423307000,12.28030712890625,-2.0015525817871094,2.7916390895843506,3.026270866394043
1790030907443357200,12.300357177734375,-2.4181437492370605,0.08379705995321274,-0.49559974670410156
1790030907453366800,12.31036669921875,-2.583343744277954,0.35434186458587646,-1.5466543436050415
1790030907463407000,12.320406982421876,-2.849100112915039,-0.7948749661445618,-0.9983820915222168
1790030907493497600,12.35049755859375,-2.5713725090026855,0.7709329724311829,1.2641384601593018
1790030907503507200,12.360507080078126,-2.8850131034851074,1.7812861204147339,1.9776105880737305
1790030907513517000,12.37051708984375,-2.2601263523101807,2.27209734916687,2.0685901641845703
1790030907543546400,12.40054638671875,-3.821146011352539,-1.015141487121582,-1.0965443849563599
1790030907553556200,12.41055615234375,-3.864241600036621,-1.0103530883789062,-1.5873557329177856
1790030907583616000,12.440615966796875,-1.8291701078414917,1.778891921043396,1.6424223184585571
1790030907593625600,12.45062548828125,-2.6384103298187256,1.9129672050476074,2.896984100341797
1790030907613675800,12.47067578125,-3.3039982318878174,1.723825216293335,1.403002142906189
1790030907623685400,12.480685302734376,-2.3965959548950195,0.15801730751991272,1.0079588890075684
1790030907633695200,12.4906953125,-2.6001031398773193,0.6607996821403503,1.2258312702178955
1790030907653714700,12.510714599609376,-2.8634653091430664,2.1978771686553955,2.75812029838562
1790030907673795300,12.53079541015625,-2.1978771686553955,2.806004285812378,2.5713725090026855
1790030907693784300,12.550784423828125,-1.5083470344543457,1.7717092037200928,2.0877439975738525
1790030907703824600,12.56082470703125,-1.5658079385757446,1.4101848602294922,3.313575267791748
1790030907713834500,12.57083447265625,-1.9321208000183105,0.6847416758537292,3.265691041946411
1790030907723844000,12.580843994140626,-1.6735470294952393,1.1492167711257935,3.1914708614349365
1790030907824094500,12.681094482421875,-1.1971008777618408,1.0342950820922852,0.4141969084739685
1790030907904264200,12.76126416015625,-1.1061211824417114,-1.0845733880996704,-0.272938996553421
1790030907994351900,12.851351806640626,-2.0638017654418945,1.094150185585022,0.7254431247711182
1790030908044461800,12.9014619140625,-1.8363527059555054,-0.7589619159698486,-0.9169792532920837
1790030908054502100,12.911502197265625,-2.497152328491211,-0.1412578970193863,-0.4620809257030487
1790030908124723200,12.98172314453125,-2.6599581241607666,-1.8076223134994507,1.0678139925003052
1790030908144773000,13.001773193359375,-2.0661959648132324,-0.5722141861915588,-0.22026655077934265
1790030908184842800,13.0418427734375,-1.8411411046981812,0.9074024558067322,-0.1604115068912506
1790030908234952700,13.09195263671875,-0.21787235140800476,-0.05746084079146385,0.3016694188117981
1790030908264981800,13.121981689453126,-0.5889736413955688,-1.1516109704971313,-0.629675030708313
1790030908295011000,13.152010986328126,-2.3319525718688965,-0.45250412821769714,-1.2880805730819702
1790030908305021000,13.16202099609375,-1.7621324062347412,-0.16998831927776337,-1.0893617868423462
1790030908315030800,13.17203076171875,-1.115697979927063,-0.4213795065879822,0.028730420395731926
1790030908325071000,13.182071044921875,-0.3256114423274994,-0.3902548849582672,0.05027823522686958
1790030908335080700,13.192080810546875,-0.5123591423034668,-0.22026655077934265,-0.6512228846549988
1790030908365140500,13.222140380859376,-1.8770540952682495,-0.028730420395731926,-1.7262194156646729
1790030908375150300,13.232150390625,-1.6759412288665771,-0.002394201699644327,-1.161187767982483
1790030908435209000,13.292208984375,-1.381454348564148,-1.139639973640442,-0.5889736413955688
1790030908475278600,13.332278564453125,-1.3287819623947144,-0.24899697303771973,-0.49799394607543945
1790030908485319000,13.34231884765625,-1.414973258972168,-0.5363011956214905,-0.49799394607543945
1790030908495328500,13.35232861328125,-0.7158663272857666,-0.8092401623725891,-0.3519476354122162
1790030908595456800,13.452456787109375,0.1388636976480484,-0.22026655077934265,-0.9097966551780701
1790030908615506700,13.472506591796876,-0.37828385829925537,-0.22026655077934265,-1.2689268589019775
1790030908625516500,13.4825166015625,-0.35913026332855225,0.021547814831137657,-0.8379706144332886
1790030908635526400,13.4925263671875,-0.24181437492370605,-0.090979665517807,-0.5961562395095825
1790030908645536000,13.502535888671876,-0.38307225704193115,-0.06464344263076782,-0.7254431247711182
1790030908655545900,13.5125458984375,-0.3998316824436188,-0.4405331015586853,-0.9959878921508789
1790030908675565300,13.5325654296875,-0.35913026332855225,0.08858546614646912,-1.0678139925003052
1790030908685605600,13.542605712890625,-0.19153612852096558,-0.023942016065120697,-0.993593692779541
1790030908695615500,13.552615478515625,-0.019153613597154617,-0.047884032130241394,-0.6727706789970398
1790030908715665400,13.57266552734375,-0.16759411990642548,-0.3734954595565796,-0.27054479718208313
1790030908725675300,13.58267529296875,-0.7158663272857666,-0.49320554733276367,-0.4884171485900879
1790030908735685000,13.59268505859375,-1.0630255937576294,-0.11013327538967133,-0.4596867263317108
1790030908755704600,13.61270458984375,-0.47405192255973816,0.35673606395721436,0.7613561153411865
1790030908795804700,13.6528046875,-0.09816227108240128,0.17477671802043915,0.016759412363171577
1790030908815824100,13.67282421875,-0.040701430290937424,0.023942016065120697,0.8954314589500427
1790030908835843600,13.692843505859376,-0.629675030708313,-0.1412578970193863,0.3208230137825012
1790030908865903600,13.722903564453125,-0.40701428055763245,-0.07182604819536209,0.11971008777618408
1790030908895963400,13.75296337890625,-0.27054479718208313,0.16759411990642548,-0.7805097699165344
1790030908905973000,13.762972900390626,-0.09576806426048279,0.19393034279346466,-0.8140285611152649
1790030908925992700,13.78299267578125,-0.12689268589019775,0.5746083855628967,-0.524330198764801
1790030908936002300,13.793002197265626,-0.24181437492370605,0.43335050344467163,-0.24181437492370605
1790030908946012200,13.80301220703125,-0.28969839215278625,0.47884035110473633,0.004788403399288654
1790030908966031600,13.823031494140626,-0.545877993106842,0.19153612852096558,-0.07182604819536209
1790030908986112300,13.8431123046875,-0.31364041566848755,0.4118026793003082,-0.44532153010368347
1790030909046201300,13.903201416015625,-0.45489832758903503,0.35913026332855225,0.545877993106842
1790030909096250000,13.95325,-0.2082955539226532,0.07182604819536209,0.5913678407669067
1790030909106260000,13.963260009765625,-0.11252748221158981,0.08140286058187485,0.9241618514060974
1790030909116300300,13.97330029296875,-0.14844051003456116,-0.023942016065120697,0.7589619159698486
1790030909126310000,13.983309814453126,-0.21787235140800476,-0.871489405632019,0.21787235140800476
1790030909136350200,13.99335009765625,-0.2513911724090576,-0.5291185975074768,-0.0933738648891449
1790030909146360000,14.003360107421875,-0.45489832758903503,-0.304063618183136,-0.2346317619085312
1790030909156430800,14.013430908203125,-0.6703764796257019,-0.5051765441894531,-0.6200982332229614
1790030909166440700,14.023440673828125,-0.33279404044151306,-0.9888052940368652,-1.161187767982483
1790030909176450300,14.0334501953125,-0.05746084079146385,-1.3120225667953491,-1.3862427473068237
1790030909186460200,14.043460205078125,0.06464344263076782,-1.522712230682373,-1.766920804977417
1790030909206510000,14.063510009765626,0.21308395266532898,-3.6798880100250244,-2.8131868839263916
1790030909226560300,14.083560302734375,-0.15083470940589905,-6.3302693367004395,-3.9456443786621094
1790030909236600600,14.0936005859375,-0.07900865375995636,-7.910442352294922,-4.19224739074707
1790030909256650500,14.113650390625,-0.6847416758537292,-2.782062292098999,-4.819528102874756
1790030909266660400,14.123660400390625,0.2585737705230713,-1.8602946996688843,-5.57370138168335
1790030909276700700,14.13370068359375,0.3495534360408783,-1.1875240802764893,-5.080495834350586
1790030909286710300,14.143710205078126,0.040701430290937424,-2.3343467712402344,-4.795586109161377
1790030909296750600,14.15375048828125,-0.7565677165985107,-2.3942017555236816,-4.4939165115356445
1790030909306730000,14.16372998046875,-1.2689268589019775,-1.5729905366897583,-3.9839515686035156
1790030909316770300,14.173770263671875,-0.38546648621559143,-0.8667010068893433,-2.8107926845550537
1790030909366880000,14.2238798828125,-1.8579005002975464,-0.5841852426528931,-0.4429273009300232
1790030909406980000,14.26397998046875,-2.0805611610412598,-0.06703764945268631,-1.039083480834961
1790030909457120500,14.31412060546875,-1.886630892753601,0.12449848651885986,-0.9696516990661621
1790030909467130400,14.32413037109375,-1.6711528301239014,0.17238251864910126,0.21787235140800476
1790030909477140000,14.334139892578126,-2.121262788772583,-1.0031704902648926,-1.4389152526855469
1790030909487180300,14.34418017578125,-2.5067291259765625,-0.43095630407333374,-2.051830768585205
1790030909537290200,14.394290283203125,-0.31842881441116333,0.545877993106842,-1.7980455160140991
1790030909547330600,14.40433056640625,-0.05985504388809204,-0.047884032130241394,-0.646434485912323
1790030909557309700,14.414309814453125,0.019153613597154617,-1.5275006294250488,-1.460463047027588
1790030909567380500,14.42438037109375,0.004788403399288654,-2.5450363159179688,-2.8778305053710938
1790030909577420800,14.4344208984375,-0.5267243981361389,-0.3208230137825012,-2.1595699787139893
1790030909587461000,14.444461181640625,-1.1563993692398071,0.7350199222564697,-0.7158663272857666
1790030909597501400,14.45450146484375,-1.556231141090393,0.7661445140838623,0.2753331959247589
1790030909607541800,14.464541748046875,-1.3000515699386597,0.4357447028160095,0.2968810200691223
1790030909617551400,14.47455126953125,-2.1475989818573,-1.278503656387329,-0.9576807022094727
1790030909627561200,14.484561279296875,-2.205059766769409,-0.6967126727104187,-1.6136919260025024
1790030909637571000,14.494571044921875,-2.9664158821105957,-0.4357447028160095,-0.42377370595932007
1790030909647580700,14.50458056640625,-3.3039982318878174,0.689530074596405,1.2976573705673218
1790030909677610000,14.53460986328125,-2.1930887699127197,0.21787235140800476,-0.9624691009521484
1790030909697629700,14.554629638671875,-2.3247697353363037,-1.4748282432556152,0.9409212470054626
1790030909717710000,14.5747099609375,-2.853888511657715,0.3711012601852417,-0.35673606395721436
1790030909727750400,14.58475048828125,-2.4612393379211426,-0.6799532771110535,-0.47165772318840027
1790030909747800600,14.604800537109375,-2.1045033931732178,0.10534487664699554,-0.07422025501728058
1790030909767820000,14.624820068359375,-1.6615760326385498,0.8403648138046265,1.8291701078414917
1790030909777830000,14.634829833984375,-2.846705913543701,1.9369091987609863,3.2345664501190186
1790030909797879800,14.6548798828125,-3.6846764087677,2.365471363067627,2.403778553009033
1790030909807950600,14.66495068359375,-3.093308687210083,1.6711528301239014,1.920149803161621
1790030909888273000,14.74527294921875,-2.5761611461639404,4.367023944854736,3.7181951999664307
1790030909908323000,14.765322998046875,-1.5945383310317993,3.1435868740081787,5.2672438621521
1790030909968442600,14.825442626953125,-1.3335703611373901,1.802833914756775,0.9385270476341248
1790030910038572000,14.895572021484375,-0.7733271718025208,0.3519476354122162,0.3687070608139038
1790030910078611000,14.93561083984375,-2.1380221843719482,-0.31364041566848755,-0.9433154463768005
1790030910138761200,14.99576123046875,-0.9361328482627869,-3.1938650608062744,-1.4844050407409668
1790030910168821000,15.025821044921875,-2.5115175247192383,2.9927520751953125,-0.272938996553421
1790030910208890600,15.065890625,-2.516305923461914,-1.558625340461731,-0.6129156351089478
1790030910218900200,15.075900146484376,-4.441244125366211,-0.49799394607543945,-1.53707754611969
1790030910228910000,15.08591015625,-4.67827033996582,0.8643068075180054,-1.4891934394836426
1790030910238950400,15.095950439453125,-3.6128504276275635,1.2545616626739502,-0.790086567401886
1790030910258969900,15.115969970703125,-1.0103530883789062,0.17477671802043915,1.3311761617660522
1790030910279020000,15.13602001953125,-1.5179238319396973,-2.741360902786255,-1.235408067703247
1790030910289029600,15.146029541015626,-2.0829553604125977,-2.205059766769409,-2.3271639347076416
1790030910299070000,15.156070068359375,-2.367865562438965,0.05267243832349777,-0.9840168952941895
1790030910309079800,15.166079833984375,-1.4867992401123047,0.9097966551780701,-0.09816227108240128
1790030910329160400,15.186160400390625,-0.6823474764823914,-0.4213795065879822,1.5275006294250488
1790030910349240800,15.20624072265625,-1.946485996246338,-1.192312479019165,-0.5506663918495178
1790030910359250700,15.216250732421875,-2.96162748336792,-0.933738648891449,-2.0470423698425293
1790030910389310500,15.246310546875,-1.6400281190872192,-0.7924807667732239,-2.006340980529785
1790030910409360600,15.266360595703125,-0.15083470940589905,-0.023942016065120697,-0.021547814831137657
1790030910439481300,15.2964814453125,-0.7326257228851318,0.5626373887062073,0.45250412821769714
1790030910459500800,15.316500732421876,-2.561795711517334,-0.3208230137825012,-0.5722141861915588
1790030910469510700,15.3265107421875,-2.760514497756958,0.5003881454467773,0.1628057211637497
1790030910479551000,15.336551025390625,-2.693476915359497,1.0797849893569946,0.7972691655158997
1790030910499570400,15.3565703125,-2.190694570541382,1.0103530883789062,1.036689281463623
1790030910509610800,15.36661083984375,-2.315192937850952,0.181959331035614,1.5107412338256836
1790030910569730300,15.426730224609376,-1.5729905366897583,-0.9217676520347595,-1.158793568611145
1790030910589750000,15.44675,0.026336219161748886,-1.2832920551300049,-2.1332337856292725
1790030910599729200,15.456729248046875,0.3998316824436188,-1.4652514457702637,-1.8986018896102905
1790030910609769500,15.46676953125,0.26575639843940735,-0.9744400978088379,-1.6687586307525635
1790030910619809800,15.476809814453125,0.1364694982767105,-1.2449848651885986,-1.6089035272598267
1790030910629819600,15.486819580078125,0.028730420395731926,-0.8068459630012512,-1.0893617868423462
1790030910639829200,15.496829345703125,-0.44532153010368347,-0.37828385829925537,-1.0319008827209473
1790030910649839000,15.506839111328125,-0.35913026332855225,-0.751779317855835,-1.41257905960083
1790030910659848700,15.5168486328125,-0.15801730751991272,-0.9481038451194763,-1.7812861204147339
1790030910710019800,15.567019775390625,-0.16519992053508759,0.2082955539226532,0.6871358752250671
1790030910720029400,15.577029541015625,-0.33518823981285095,-0.06703764945268631,1.216254472732544
1790030910730100200,15.587100341796875,-0.7158663272857666,-0.28730419278144836,0.35913026332855225
1790030910780149000,15.63714892578125,-0.5434837937355042,-0.12449848651885986,-0.7086837291717529
1790030910830228500,15.687228515625,-0.11971008777618408,-0.1604115068912506,-0.48602294921875
1790030910840268800,15.697268798828125,-0.040701430290937424,-0.43335050344467163,-0.26575639843940735
1790030910850339600,15.707339599609375,-0.3471592366695404,-0.3232172429561615,0.10295066982507706
1790030910860349400,15.717349365234375,-0.17717093229293823,0.07422025501728058,0.15322890877723694
1790030910870389500,15.727389404296876,-0.23702596127986908,-0.0694318488240242,0.014365210197865963
1790030910890409200,15.7474091796875,-0.24660277366638184,0.33279404044151306,0.37828385829925537
1790030910910428700,15.7674287109375,-0.36152446269989014,0.26815059781074524,0.5219359993934631
1790030910930539800,15.787539794921875,-0.5554547905921936,0.4668693244457245,0.7326257228851318
1790030910940580000,15.797580078125,-0.35673606395721436,0.4620809257030487,0.9888052940368652
1790030910950620400,15.807620361328125,-0.5889736413955688,0.6919242739677429,0.8475474119186401
1790030910960630000,15.817630126953125,-0.6871358752250671,0.6392518281936646,0.8044517636299133
1790030910970640000,15.827639892578125,-0.7972691655158997,0.689530074596405,0.7230489253997803
1790030910980649700,15.837649658203125,-0.9026140570640564,0.6248866319656372,0.646434485912323
1790030911050840000,15.907840087890625,-0.5674257874488831,1.4413094520568848,0.33279404044151306
1790030911060850000,15.917849853515625,-0.2513911724090576,1.501164436340332,0.4429273009300232
1790030911070890000,15.927889892578126,-0.07182604819536209,1.2282254695892334,0.4908113479614258
1790030911080899800,15.93789990234375,-0.24181437492370605,1.2832920551300049,0.24899697303771973
1790030911090909700,15.94790966796875,-0.29209262132644653,0.8475474119186401,0.035913024097681046
1790030911110929200,15.96792919921875,-0.181959331035614,-0.2777273952960968,-0.646434485912323
1790030911120939000,15.97793896484375,-0.06703764945268631,-0.011971008032560349,-0.014365210197865963
1790030911130948600,15.987948486328126,-0.047884032130241394,0.2825157940387726,0.033518824726343155
1790030911140928000,15.997927978515625,-0.20350714027881622,0.21787235140800476,-0.19153612852096558
1790030911150968300,16.00796826171875,-0.24899697303771973,-0.16998831927776337,-0.4429273009300232
1790030911160978000,16.01797802734375,-0.09816227108240128,-0.33518823981285095,-0.47405192255973816
1790030911170987800,16.02798779296875,-0.09576806426048279,-0.8068459630012512,-0.30885201692581177
1790030911180967000,16.037966796875,-0.09816227108240128,-0.9481038451194763,-0.3447650372982025
1790030911191007200,16.04800732421875,-0.11971008777618408,-1.0462661981582642,-0.586579442024231
1790030911201047600,16.058047607421877,-0.08858546614646912,-1.2258312702178955,-0.4118026793003082
1790030911261167000,16.1181669921875,0.3256114423274994,-1.501164436340332,-0.8643068075180054
1790030911321317400,16.1783173828125,0.09576806426048279,-0.524330198764801,-1.316810965538025
1790030911371457800,16.228457763671877,0.07661445438861847,-0.12210428714752197,-1.0869675874710083
1790030911381467400,16.23846728515625,0.2561795711517334,0.12449848651885986,-0.5147533416748047
1790030911391477200,16.248477294921877,-0.15322890877723694,-0.6871358752250671,-0.9911994934082031
1790030911401487000,16.258487060546877,0.14365209639072418,-1.6136919260025024,-1.7980455160140991
1790030911411527200,16.268527099609376,0.09816227108240128,-0.6751648783683777,-1.9919757843017578
1790030911421537000,16.278537109375,-0.12689268589019775,-1.115697979927063,-2.6599581241607666
1790030911431547000,16.288546875,-0.002394201699644327,-0.8667010068893433,-2.2361843585968018
1790030911441587200,16.298587158203127,-0.21547815203666687,-0.1412578970193863,-1.5155296325683594
1790030911551908000,16.408908203125,-1.8626888990402222,-1.941697597503662,-3.2585084438323975
1790030911601987600,16.458987548828127,-2.691082715988159,-2.585737943649292,-3.6750996112823486
1790030911611997200,16.4689970703125,-3.754108190536499,-1.316810965538025,-3.8139634132385254
1790030911622037500,16.47903759765625,-4.343081951141357,-0.31842881441116333,-3.737348794937134
1790030911632108300,16.4891083984375,-3.7684733867645264,-0.8595184087753296,-2.2649147510528564
1790030911642118100,16.4991181640625,-3.1052796840667725,-0.2825157940387726,-1.656787633895874
1790030911652158500,16.509158447265627,-2.7964274883270264,0.023942016065120697,0.49559974670410156
1790030911662198800,16.51919873046875,-2.4396915435791016,0.13168109953403473,-0.4429273009300232
1790030911672238800,16.52923876953125,-1.7190368175506592,0.9002198576927185,-0.10534487664699554
1790030911682248700,16.539248779296877,-0.021547814831137657,1.7477672100067139,1.3096283674240112
1790030911692258600,16.549258544921877,0.24660277366638184,0.7805097699165344,2.4372973442077637
1790030911702268200,16.55926806640625,-0.44771572947502136,-1.015141487121582,-0.3663128614425659
1790030911712339000,16.5693388671875,-2.049436569213867,-0.3758896589279175,-1.4197616577148438
1790030911752439000,16.60943896484375,-0.9145850539207458,-0.1867477297782898,0.24899697303771973
1790030911762479400,16.619479248046876,-1.192312479019165,0.689530074596405,0.43335050344467163
1790030911772489200,16.6294892578125,-2.0231003761291504,-0.4357447028160095,-0.8858546018600464
1790030911782499000,16.6394990234375,-2.3750481605529785,-1.501164436340332,-2.276885747909546
1790030911792508700,16.6495087890625,-2.365471363067627,0.730231523513794,-1.1635819673538208
1790030911802549000,16.659549072265627,-1.7046716213226318,0.9241618514060974,0.47884035110473633
1790030911812528400,16.6695283203125,-1.4915876388549805,0.9074024558067322,0.22266076505184174
1790030911832578300,16.689578369140627,-1.5705963373184204,0.7924807667732239,-0.05267243832349777
1790030911842588200,16.699588134765627,-1.3527239561080933,-0.4165911078453064,0.44532153010368347
1790030911852628500,16.70962841796875,-1.4245500564575195,0.2849099934101105,1.5490485429763794
1790030911862638000,16.71963818359375,-2.049436569213867,0.933738648891449,2.164358377456665
1790030911872648000,16.72964794921875,-2.628833532333374,1.3024457693099976,1.213860273361206
1790030911882688300,16.739688232421877,-2.693476915359497,-0.7996633648872375,-1.6974890232086182
1790030911892697900,16.74969775390625,-2.8131868839263916,-0.7445967197418213,-2.3295583724975586
1790030911902707700,16.759707763671877,-2.4684219360351562,0.31842881441116333,-1.1683704853057861
1790030911912717600,16.769717529296877,-2.233790159225464,0.4644751250743866,1.1803414821624756
1790030911922727200,16.77972705078125,-3.0142998695373535,1.0989385843276978,1.0223240852355957
1790030911962766300,16.819766357421877,-3.1435868740081787,-1.7334020137786865,-0.5315127968788147
1790030911972806700,16.829806640625,-2.9879636764526367,-0.4165911078453064,-0.011971008032560349
1790030911982816300,16.839816162109376,-1.53707754611969,0.586579442024231,0.5315127968788147
1790030911992856600,16.849856689453127,-0.42377370595932007,0.8140285611152649,0.9528923034667969
1790030912002866400,16.859866455078127,-1.0654197931289673,2.2625205516815186,2.715024709701538
1790030912052945700,16.909945556640626,-1.4245500564575195,0.45250412821769714,3.098097085952759
1790030912062955500,16.91995556640625,-1.8770540952682495,0.4572925269603729,3.181894063949585
1790030912103025200,16.960025146484377,-1.766920804977417,1.3503297567367554,2.1571757793426514
1790030912123075000,16.980074951171876,-1.53707754611969,0.23942017555236816,3.0166940689086914
1790030912133085000,16.9900849609375,-1.7956513166427612,0.07900865375995636,4.1156325340271
1790030912143155700,17.00015576171875,-2.1715409755706787,1.534683346748352,4.288015365600586
1790030912153165600,17.01016552734375,-1.8507179021835327,2.647987127304077,3.732560396194458
1790030912163205600,17.02020556640625,-1.723825216293335,3.4787750244140625,4.173093795776367
1790030912173215500,17.030215576171877,-1.644816517829895,3.1220390796661377,3.8331170082092285
1790030912183225300,17.040225341796877,-1.0031704902648926,2.078166961669922,3.6152446269989014
1790030912193265700,17.050265625,-0.7230489253997803,1.2737152576446533,4.082113742828369
1790030912203306000,17.060305908203127,-0.8954314589500427,0.05746084079146385,4.036623954772949
1790030912213346000,17.070345947265626,-1.455674648284912,0.05746084079146385,3.5410242080688477
1790030912223386400,17.080386474609377,-1.9919757843017578,0.47884035110473633,2.1978771686553955
1790030912253415700,17.110415771484377,-1.4221558570861816,2.1045033931732178,0.3663128614425659
1790030912263425500,17.120425537109377,-0.9433154463768005,3.8163576126098633,0.40701428055763245
1790030912273435100,17.13043505859375,-0.9720458984375,3.3854012489318848,1.5658079385757446
1790030912283445000,17.140445068359377,-1.3215993642807007,2.252943754196167,1.5442601442337036
1790030912293454800,17.150454833984377,-1.8339585065841675,0.4884171485900879,0.44771572947502136
1790030912303464400,17.16046435546875,-2.0039467811584473,-0.5554547905921936,-0.5267243981361389
1790030912313474300,17.170474365234377,-2.1811177730560303,-0.33758243918418884,-0.272938996553421
1790030912323514600,17.1805146484375,-1.8315643072128296,-0.5506663918495178,-0.2298433631658554
1790030912343564500,17.200564453125,-1.778891921043396,1.3862427473068237,0.21308395266532898
1790030912353604900,17.21060498046875,-1.9632453918457031,0.8619126081466675,0.4429273009300232
1790030912363614700,17.22061474609375,-2.4468741416931152,0.5554547905921936,0.14844051003456116
1790030912373655000,17.230655029296877,-3.1675288677215576,-0.47884035110473633,-0.9074024558067322
1790030912383725800,17.240725830078127,-2.9951462745666504,-2.470816135406494,-2.3702597618103027
1790030912403745300,17.260745361328127,-2.937685489654541,-1.50355863571167,-1.6184803247451782
1790030912413755100,17.270755126953127,-2.892195701599121,-0.40222588181495667,-0.8547300100326538
1790030912433835500,17.29083544921875,-2.5905263423919678,-0.768538773059845,-1.678335428237915
1790030912453885700,17.3108857421875,-1.9728221893310547,1.9608511924743652,0.3447650372982025
1790030912513944300,17.3709443359375,-0.4836287498474121,-1.0630255937576294,0.20350714027881622
1790030912523954200,17.3809541015625,-0.727837324142456,0.8786720037460327,1.0414776802062988
1790030912533963800,17.3909638671875,-0.8762778043746948,2.3056161403656006,1.7286136150360107
1790030912543973600,17.4009736328125,-0.7326257228851318,1.2856862545013428,1.2856862545013428
1790030912564023600,17.4210234375,-1.8195933103561401,-0.5602431893348694,-1.4652514457702637
1790030912574033400,17.431033447265627,-2.557007312774658,-1.2258312702178955,-1.556231141090393
1790030912584043300,17.441043212890627,-3.801992416381836,0.3758896589279175,0.10055647045373917
1790030912594052900,17.451052978515627,-3.600879430770874,-0.9289502501487732,-0.14365209639072418
1790030912604093200,17.46109326171875,-2.9664158821105957,0.4405331015586853,-0.08140286058187485
1790030912614133500,17.471133544921877,-2.7461493015289307,2.0207061767578125,0.5913678407669067
1790030912624143400,17.481143310546877,-1.778891921043396,0.4572925269603729,0.2537853717803955
1790030912634183400,17.491183349609376,-1.9129672050476074,-0.4141969084739685,-1.6519991159439087
1790030912644193300,17.501193359375,-1.9776105880737305,-2.363077163696289,-2.190694570541382
1790030912654203100,17.511203125,-1.8555063009262085,-2.7724854946136475,-1.821987509727478
1790030912664243500,17.521243408203127,-1.5897499322891235,-1.9273324012756348,-1.3742717504501343
1790030912674253000,17.531253173828127,-1.2856862545013428,-0.6703764796257019,-0.2106897532939911
1790030912684293400,17.54129345703125,-0.7709329724311829,-0.9385270476341248,-0.5482721924781799
1790030912694303200,17.55130322265625,-0.45010992884635925,-1.0247182846069336,-1.4508862495422363
1790030912714383600,17.571383544921876,-0.5554547905921936,-0.7158663272857666,-1.4221558570861816
1790030912734403300,17.5914033203125,-0.9409212470054626,-0.0694318488240242,0.6033388376235962
1790030912744413000,17.601412841796876,-1.5131354331970215,-0.30885201692581177,-0.36152446269989014
1790030912754422800,17.6114228515625,-1.745373010635376,0.10295066982507706,-1.4867992401123047
1790030912764463000,17.621463134765627,-1.5705963373184204,0.16998831927776337,0.040701430290937424
1790030912774473000,17.631472900390627,-1.2330138683319092,0.5434837937355042,-0.0071826050989329815
1790030912784482600,17.641482666015627,-1.2042834758758545,0.8212111592292786,-0.586579442024231
1790030912794492400,17.651492431640627,-1.314416766166687,-0.17477671802043915,-0.3423708379268646
1790030912804502300,17.661502197265627,-1.577778935432434,-0.47884035110473633,-1.5849615335464478
1790030912814511900,17.671511962890627,-1.7262194156646729,-0.44771572947502136,-0.38067805767059326
1790030912834562000,17.69156201171875,-0.8068459630012512,-0.9888052940368652,-0.3471592366695404
1790030912844541200,17.701541259765627,-0.7254431247711182,-0.47644615173339844,0.42856210470199585
1790030912864591400,17.72159130859375,-1.4867992401123047,0.5363011956214905,-0.524330198764801
1790030912874601000,17.73160107421875,-0.8978256583213806,0.17477671802043915,0.1149216815829277
1790030912884610800,17.74161083984375,-0.8403648138046265,-0.24420857429504395,0.30885201692581177
1790030912894620700,17.75162060546875,-1.1228805780410767,-0.6177040338516235,-1.039083480834961
1790030912904630300,17.76163037109375,-1.3072341680526733,-1.1468225717544556,-2.389413356781006
1790030912914640100,17.77164013671875,-0.9744400978088379,-0.5889736413955688,-2.250549554824829
1790030912944730400,17.80173046875,-0.6057330369949341,0.1149216815829277,0.12928688526153564
1790030912954770700,17.811770751953127,-0.9265560507774353,-0.004788403399288654,-0.7398083209991455
1790030912964780500,17.821780517578127,-0.49799394607543945,-0.10295066982507706,-0.4908113479614258
1790030912974790100,17.8317900390625,-0.11971008777618408,-0.24660277366638184,-0.6344634294509888
1790030913004819500,17.8618193359375,-0.871489405632019,0.15322890877723694,-0.689530074596405
1790030913014829300,17.871829345703127,-0.22026655077934265,-0.15562310814857483,0.05506663769483566
1790030913034879200,17.891879150390626,-0.9864110946655273,-0.7110779285430908,-0.8690952062606812
1790030913044889000,17.90188916015625,-0.8044517636299133,-1.036689281463623,-0.5099649429321289
1790030913054899000,17.91189892578125,-0.6823474764823914,-0.2298433631658554,-0.4381389021873474
1790030913064908500,17.921908447265626,-0.5746083855628967,0.10534487664699554,-0.5099649429321289
1790030913084928300,17.94192822265625,-0.44771572947502136,-0.15801730751991272,-0.6847416758537292
1790030913114988000,17.971988037109377,-0.24181437492370605,-0.2537853717803955,0.16759411990642548
1790030913135038000,17.992037841796876,-0.5291185975074768,0.15562310814857483,0.2298433631658554
1790030913215238100,18.072238037109376,-0.4429273009300232,-1.2258312702178955,0.2585737705230713
1790030913285428700,18.1424287109375,0.0694318488240242,0.7996633648872375,0.9576807022094727
1790030913315458000,18.1724580078125,-0.6057330369949341,0.6153098344802856,0.4189853072166443
1790030913325498000,18.182498046875,-0.5937620401382446,0.3758896589279175,0.14365209639072418
1790030913335508000,18.192508056640627,-0.6392518281936646,0.5434837937355042,-0.0454898327589035
1790030913345517800,18.202517822265627,-0.4908113479614258,0.4836287498474121,-0.13407529890537262
1790030913355527400,18.21252734375,-0.26815059781074524,0.5889736413955688,0.011971008032560349
1790030913365537300,18.222537353515627,-0.13407529890537262,0.6536170840263367,0.49799394607543945
1790030913375577600,18.23257763671875,-0.24420857429504395,0.5602431893348694,0.8140285611152649
1790030913385648400,18.2426484375,-0.3734954595565796,0.395043283700943,0.5985504388809204
1790030913395658200,18.252658203125,-0.2322375625371933,0.15322890877723694,0.5051765441894531
1790030913405667800,18.262667724609376,-0.30885201692581177,0.24181437492370605,0.6919242739677429
1790030913415708200,18.272708251953127,-0.43335050344467163,0.40940847992897034,0.8092401623725891
1790030913425748500,18.28274853515625,-0.35434186458587646,0.4165911078453064,0.871489405632019
1790030913435788800,18.292788818359377,-0.19632454216480255,0.5147533416748047,0.5961562395095825
1790030913445829000,18.3028291015625,-0.1843535304069519,0.47405192255973816,0.44771572947502136
1790030913455869400,18.312869384765627,-0.2513911724090576,0.6991068720817566,0.5147533416748047
1790030913465879000,18.322879150390627,-0.3926490843296051,0.7709329724311829,0.828393816947937
1790030913475919400,18.33291943359375,-0.20350714027881622,0.5650315880775452,0.768538773059845
1790030913485929200,18.34292919921875,-0.22505496442317963,0.38067805767059326,0.7015010714530945
1790030913505979100,18.362979248046877,-0.3926490843296051,-0.14365209639072418,0.6584054827690125
1790030913516019500,18.37301953125,-0.6105214357376099,-0.038307227194309235,0.016759412363171577
1790030913536039000,18.393038818359376,-0.47165772318840027,-0.15083470940589905,-0.26575639843940735
1790030913546048800,18.403048828125,-0.31364041566848755,-0.6224924325942993,-0.8810662031173706
1790030913556058600,18.41305859375,-0.2777273952960968,-0.9361328482627869,-1.6041151285171509
1790030913566068200,18.423068115234376,-0.3687070608139038,-2.2457611560821533,-1.98958158493042
1790030913576078000,18.433078125,0.031124621629714966,-3.1316158771514893,-3.2130186557769775
1790030913586118400,18.443118408203127,0.2059013396501541,-4.122815132141113,-3.4189200401306152
1790030913596097500,18.45309765625,-0.0454898327589035,-3.7852327823638916,-3.840299606323242
1790030913606137900,18.463137939453127,-0.3471592366695404,-2.2433669567108154,-4.922478675842285
1790030913616147700,18.473147705078127,-0.16519992053508759,-2.274491548538208,-6.528987884521484
1790030913626188000,18.48318798828125,0.4381389021873474,-3.4308910369873047,-5.56173038482666
1790030913646268400,18.503268310546876,0.2513911724090576,-3.3662476539611816,-4.144362926483154
1790030913686429700,18.5434296875,-0.09816227108240128,-2.4205379486083984,-2.8634653091430664
1790030913766538200,18.623538330078127,-2.27209734916687,-1.2761094570159912,-0.9911994934082031
1790030913846830000,18.703830078125,-0.6248866319656372,-0.5650315880775452,-2.0661959648132324
1790030913906919200,18.763919189453127,-0.5841852426528931,-0.912190854549408,-0.7613561153411865
1790030913916929000,18.773928955078127,-0.6799532771110535,-0.4596867263317108,-0.689530074596405
1790030913926969000,18.783968994140626,-0.524330198764801,-0.9648633003234863,-0.811634361743927
1790030913956998400,18.813998291015626,-0.040701430290937424,-1.1563993692398071,-1.8626888990402222
1790030913967008300,18.82400830078125,-0.6440402865409851,-1.6831238269805908,-1.7501614093780518
1790030913977048600,18.834048583984377,-1.6376339197158813,-0.33279404044151306,0.4812345504760742
1790030913997129200,18.854129150390627,-2.164358377456665,-1.4245500564575195,-0.5027823448181152
1790030914007169300,18.864169189453126,-2.942473888397217,-1.4413094520568848,-2.3726539611816406
1790030914017179100,18.87417919921875,-3.1052796840667725,1.1779472827911377,-0.9720458984375
1790030914037198600,18.894198486328126,-3.028665065765381,-0.9624691009521484,0.27054479718208313
1790030914047239000,18.904239013671877,-3.529053211212158,0.5770025849342346,0.4908113479614258
1790030914067289000,18.9242890625,-2.585737943649292,0.8212111592292786,1.0055646896362305
1790030914087308500,18.94430859375,-2.5498247146606445,-1.8315643072128296,-0.28730419278144836
1790030914137449000,18.994448974609377,-1.8171991109848022,-1.2234370708465576,-0.4908113479614258
1790030914177518600,19.0345185546875,0.304063618183136,1.01753568649292,-0.4692635238170624
1790030914197538000,19.0545380859375,-0.9385270476341248,3.2752678394317627,4.082113742828369
1790030914227567400,19.0845673828125,-1.7310078144073486,3.0334534645080566,3.6367924213409424
1790030914257566200,19.114566162109377,-2.410961151123047,3.3063924312591553,4.182670593261719
1790030914287656400,19.144656494140627,-3.5936968326568604,3.5218706130981445,4.446032524108887
1790030914337857800,19.19485791015625,-2.7676970958709717,1.5729905366897583,3.7900211811065674
1790030914398008000,19.255008056640627,-1.1180921792984009,0.4836287498474121,0.790086567401886
1790030914458127600,19.315127685546877,0.7781155705451965,-0.33518823981285095,0.7852981686592102
1790030914478177800,19.335177734375,-0.09576806426048279,0.23942017555236816,0.7541735172271729
1790030914518216700,19.375216796875,-1.45806884765625,0.9552865028381348,2.166752576828003
1790030914528226600,19.3852265625,-2.078166961669922,-0.3758896589279175,1.522712230682373
1790030914538267000,19.395266845703127,-2.7078421115875244,-0.14604631066322327,0.6703764796257019
1790030914548307200,19.40530712890625,-2.4420857429504395,-1.2330138683319092,-0.6248866319656372
1790030914558316800,19.41531689453125,-2.669534921646118,-0.49559974670410156,-0.6823474764823914
1790030914578367000,19.435366943359377,-3.512293815612793,3.2393548488616943,0.9457096457481384
1790030914588376600,19.44537646484375,-3.3231520652770996,2.896984100341797,1.8052281141281128
1790030914598447400,19.455447265625,-2.5713725090026855,0.6584054827690125,-0.07422025501728058
1790030914628476700,19.4854765625,-3.315969467163086,-1.0079588890075684,-1.5059528350830078
1790030914658536400,19.515536376953126,-2.516305923461914,0.08140286058187485,-0.8595184087753296
1790030914668515800,19.525515869140627,-2.4468741416931152,0.08858546614646912,-1.843535304069519
1790030914688596500,19.545596435546877,-2.4013843536376953,-0.40940847992897034,-0.016759412363171577
1790030914698636500,19.555636474609376,-2.5689783096313477,-0.950498104095459,-0.363918662071228
1790030914708616000,19.565615966796877,-1.8914192914962769,-2.4899697303771973,-2.717418909072876
1790030914718656300,19.57565625,-1.9081788063049316,-2.6192567348480225,-3.1651346683502197
1790030914728635400,19.585635498046877,-1.4915876388549805,-3.2609026432037354,-3.471592426300049
1790030914738675700,19.59567578125,-1.8315643072128296,-2.3487119674682617,-2.408566951751709
1790030914748685600,19.605685546875,-2.389413356781006,0.16519992053508759,-0.6009446382522583
1790030914758695200,19.615695068359376,-1.015141487121582,1.3982137441635132,1.1061211824417114
1790030914808774700,19.665774658203127,-0.6368576288223267,-3.2106244564056396,-2.4133553504943848
1790030914828824600,19.685824462890626,-0.8667010068893433,-0.7781155705451965,-0.33758243918418884
1790030914838895400,19.695895263671876,-0.1843535304069519,0.751779317855835,1.7142484188079834
1790030914848905200,19.7059052734375,0.5961562395095825,0.9433154463768005,2.322375535964966
1790030914858915000,19.7159150390625,0.6991068720817566,0.14604631066322327,0.8834604024887085
1790030914868924700,19.725924560546876,-0.011971008032560349,-1.0342950820922852,-0.24899697303771973
1790030914878965000,19.735965087890627,-0.9648633003234863,-2.6575639247894287,-1.3862427473068237
1790030914888974800,19.745974853515627,-2.056619167327881,-1.4437036514282227,-1.5705963373184204
1790030914898984400,19.755984375,-2.4420857429504395,-1.2761094570159912,-1.2449848651885986
1790030914908994300,19.765994384765627,-1.6903064250946045,-0.5722141861915588,-1.5945383310317993
1790030914939054000,19.79605419921875,-0.667982280254364,0.6943184733390808,1.113303780555725
1790030914949064000,19.80606396484375,-1.3766659498214722,-0.6919242739677429,-0.6727706789970398
1790030914959073800,19.81607373046875,-1.9393033981323242,-1.6543933153152466,-1.6160861253738403
1790030914979123700,19.836123779296877,-1.556231141090393,-0.35434186458587646,-1.3766659498214722
1790030914989133600,19.846133544921877,-0.9744400978088379,0.24420857429504395,-1.1803414821624756
1790030914999143200,19.85614306640625,-0.7996633648872375,0.35434186458587646,-0.8786720037460327
1790030915009153000,19.866153076171877,-1.0007762908935547,0.17238251864910126,-0.2992752194404602
1790030915019163000,19.876162841796877,-1.2449848651885986,0.31603461503982544,-0.5841852426528931
1790030915029172500,19.88617236328125,-0.7948749661445618,-0.608127236366272,-1.656787633895874
1790030915039243300,19.8962431640625,-0.22266076505184174,-0.6320692300796509,-1.5155296325683594
1790030915049222700,19.90622265625,-0.09816227108240128,-0.4213795065879822,-0.7661445140838623
1790030915059263000,19.916262939453127,0.002394201699644327,-0.35673606395721436,-0.9433154463768005
1790030915099302000,19.956302001953127,-0.1604115068912506,-1.0893617868423462,-1.2665326595306396
1790030915189481500,20.0464814453125,0.3998316824436188,0.44771572947502136,2.6815059185028076
1790030915199521800,20.056521728515627,-0.002394201699644327,0.5027823448181152,1.0821791887283325
1790030915209501000,20.0665009765625,-0.42616790533065796,0.47165772318840027,-0.4596867263317108
1790030915219541200,20.076541259765627,-0.3519476354122162,-0.06464344263076782,0.26575639843940735
1790030915229550800,20.08655078125,-0.43095630407333374,-0.3926490843296051,0.18914192914962769
1790030915239560700,20.096560791015627,-0.4908113479614258,-0.272938996553421,0.2801215946674347
1790030915249601000,20.10660107421875,-0.2825157940387726,0.08619125932455063,-0.13407529890537262
1790030915259641300,20.116641357421877,-0.15322890877723694,0.3734954595565796,-0.19632454216480255
1790030915289670700,20.146670654296877,-0.31842881441116333,0.5530605912208557,0.47644615173339844
1790030915299680300,20.15668017578125,-0.363918662071228,0.6033388376235962,0.828393816947937
1790030915309751300,20.166751220703127,-0.5171475410461426,0.6105214357376099,0.933738648891449
1790030915319761000,20.176760986328127,-0.6751648783683777,0.14844051003456116,-0.05746084079146385
1790030915329770800,20.186770751953127,-0.26575639843940735,-0.37828385829925537,0.1628057211637497
1790030915339780400,20.1967802734375,-0.24181437492370605,-0.11971008777618408,0.15801730751991272
1790030915349790200,20.206790283203127,-0.42856210470199585,-0.13168109953403473,-0.24899697303771973
1790030915379850000,20.23685009765625,0.12210428714752197,0.608127236366272,0.35913026332855225
1790030915399900200,20.256900146484377,-0.06464344263076782,0.5722141861915588,0.31842881441116333
1790030915409909800,20.26690966796875,-0.17477671802043915,0.2777273952960968,0.2106897532939911
1790030915419950000,20.2769501953125,-0.5554547905921936,0.4118026793003082,0.014365210197865963
1790030915429960000,20.2869599609375,-0.768538773059845,0.33997663855552673,0.3471592366695404
1790030915490018600,20.3470185546875,-0.33279404044151306,-0.033518824726343155,0.2537853717803955
1790030915500089300,20.35708935546875,-0.19153612852096558,-0.06224924325942993,0.6584054827690125
1790030915510129700,20.367129638671877,-0.038307227194309235,0.2082955539226532,0.5722141861915588
1790030915550260200,20.40726025390625,-0.2849099934101105,0.17238251864910126,-0.05267243832349777
1790030915560270000,20.41727001953125,-0.3878606855869293,0,-0.2059013396501541
1790030915570279700,20.42727978515625,-0.5099649429321289,0.028730420395731926,-0.22505496442317963
1790030915580350500,20.4373505859375,-0.6057330369949341,0,-0.26815059781074524
1790030915590360300,20.4473603515625,-0.5602431893348694,-0.05746084079146385,-0.5291185975074768
1790030915600370200,20.4573701171875,-0.507570743560791,-0.07182604819536209,-0.6799532771110535
1790030915610379800,20.4673798828125,-0.4381389021873474,-0.17717093229293823,-0.608127236366272
1790030915620420000,20.477420166015627,-0.33758243918418884,-0.33039984107017517,-0.7972691655158997
1790030915670560500,20.527560546875,-0.2825157940387726,-0.7254431247711182,-1.3694833517074585
1790030915760770600,20.6177705078125,-0.304063618183136,-2.078166961669922,-2.341529369354248
1790030915770780200,20.6277802734375,-0.13168109953403473,-2.5067291259765625,-2.5258827209472656
1790030915780790000,20.6377900390625,-0.5913678407669067,-2.63362193107605,-2.33913516998291
1790030915790830300,20.647830322265627,-0.7015010714530945,-2.078166961669922,-1.9919757843017578
1790030915800870700,20.65787060546875,-0.7350199222564697,-0.9576807022094727,-1.8100165128707886
1790030915810880300,20.66788037109375,-0.6943184733390808,-0.6584054827690125,-2.013523578643799
1790030915830900000,20.68789990234375,-0.6607996821403503,-2.027888774871826,-3.4117374420166016
1790030915840909600,20.69790966796875,-0.9193734526634216,-2.853888511657715,-1.3838485479354858
1790030915850950000,20.707949951171877,-1.2234370708465576,-1.3694833517074585,-1.4987702369689941
1790030915860959700,20.717959716796877,-1.7932571172714233,-0.18914192914962769,-1.7070658206939697
1790030915871000000,20.728,-1.290474772453308,-0.727837324142456,-2.051830768585205
1790030915881040100,20.7380400390625,-0.8523358106613159,-0.24660277366638184,-1.7262194156646729
1790030915891050000,20.748050048828127,-1.2737152576446533,-0.014365210197865963,-1.6615760326385498
1790030915901059800,20.758059814453127,-2.027888774871826,-0.9864110946655273,-1.139639973640442
1790030915911069400,20.7680693359375,-2.231395959854126,-1.2210428714752197,-1.7477672100067139
1790030915941129200,20.798129150390626,-2.27209734916687,-0.5937620401382446,-2.1954829692840576
1790030915961179400,20.818179443359377,-0.7469909191131592,0.9433154463768005,1.3000515699386597
1790030915991239200,20.8482392578125,-1.8722656965255737,0.06703764945268631,-0.9026140570640564
1790030916061368600,20.91836865234375,-1.824381709098816,-0.5219359993934631,-1.5131354331970215
1790030916091428400,20.948428466796877,-1.5442601442337036,-0.8379706144332886,-0.507570743560791
1790030916101468700,20.95846875,-1.580173134803772,-0.6967126727104187,-2.0183119773864746
1790030916111478500,20.968478515625,-1.2210428714752197,-1.745373010635376,-1.9393033981323242
1790030916121488100,20.978488037109376,-1.0127472877502441,0.014365210197865963,-1.3718775510787964
1790030916141538300,20.998538330078127,-0.23702596127986908,-0.6440402865409851,-1.5514427423477173
1790030916151578600,21.00857861328125,0.24660277366638184,-1.3694833517074585,-1.1061211824417114
1790030916161588200,21.018588134765626,0.031124621629714966,0.14844051003456116,-0.5051765441894531
1790030916181608000,21.03860791015625,-1.0319008827209473,0.24420857429504395,-0.2992752194404602
1790030916191617500,21.048617431640626,-0.9983820915222168,-0.7254431247711182,-0.4836287498474121
1790030916201627400,21.05862744140625,-1.0271124839782715,-1.0678139925003052,-1.7286136150360107
1790030916211637200,21.06863720703125,-2.3247697353363037,-0.47165772318840027,-1.139639973640442
1790030916221677300,21.07867724609375,-2.451662540435791,-2.3750481605529785,-1.5945383310317993
1790030916231687200,21.088687255859377,-3.1004912853240967,-0.6440402865409851,-0.6703764796257019
1790030916251737300,21.1087373046875,-2.674323320388794,-0.21308395266532898,0.9768342971801758
1790030916261747000,21.118746826171876,-2.715024709701538,-0.2561795711517334,1.8052281141281128
1790030916271756800,21.1287568359375,-3.6152446269989014,-0.2561795711517334,1.2425906658172607
1790030916281766700,21.1387666015625,-3.624821424484253,-1.359906554222107,-1.900996208190918
1790030916291806700,21.148806640625,-2.9448680877685547,-1.4724340438842773,-2.315192937850952
1790030916301816600,21.158816650390627,-3.2537200450897217,0.8451532125473022,-0.10055647045373917
1790030916311826400,21.168826416015627,-2.33913516998291,0.7230489253997803,-0.14604631066322327
1790030916361997300,21.218997314453127,-2.2194249629974365,0.5123591423034668,-0.6560112833976746
1790030916372037600,21.22903759765625,-1.8052281141281128,0.8403648138046265,-1.4844050407409668
1790030916382047200,21.239047119140626,-1.9943699836730957,1.1300631761550903,0.4357447028160095
1790030916452268300,21.309268310546877,-2.9759926795959473,2.1308395862579346,2.5546131134033203
1790030916462278100,21.319278076171877,-3.090914487838745,1.7405846118927002,2.557007312774658
1790030916472318200,21.329318115234376,-3.332728862762451,1.1563993692398071,3.251325845718384
1790030916482328000,21.339328125,-2.9975404739379883,0.5530605912208557,2.7892448902130127
1790030916492338000,21.349337890625,-2.63362193107605,0.05746084079146385,2.3965959548950195
1790030916502347500,21.359347412109376,-2.7054479122161865,0.9217676520347595,3.201047658920288
1790030916512357400,21.369357421875,-2.2242133617401123,1.8555063009262085,3.993528366088867
1790030916522367200,21.3793671875,-1.7525556087493896,2.0829553604125977,3.756502389907837
1790030916532376800,21.389376953125,-1.235408067703247,2.2601263523101807,2.9520506858825684
1790030916542386700,21.39938671875,-0.8858546018600464,3.1028854846954346,2.6839001178741455
1790030916552427000,21.409427001953127,-0.8379706144332886,2.6384103298187256,2.5905263423919678
1790030916562436600,21.4194365234375,-0.5099649429321289,2.274491548538208,2.449268341064453
1790030916572446500,21.429446533203127,-0.5961562395095825,1.745373010635376,2.5737667083740234
1790030916582456300,21.439456298828127,-1.0678139925003052,1.7717092037200928,2.75812029838562
1790030916592496600,21.44949658203125,-1.280897855758667,1.7405846118927002,1.946485996246338
1790030916602506200,21.45950634765625,-1.5418659448623657,1.5322890281677246,1.0558429956436157
1790030916622587000,21.4795869140625,-1.4915876388549805,1.1300631761550903,0.5793967843055725
1790030916632596700,21.4895966796875,-1.1348515748977661,0.7086837291717529,0.6392518281936646
1790030916642606300,21.4996064453125,-0.7110779285430908,0.5650315880775452,0.4165911078453064
1790030916652677000,21.509677001953126,-0.42377370595932007,0.4572925269603729,0.545877993106842
1790030916662687000,21.51968701171875,-0.5937620401382446,1.3503297567367554,1.3407529592514038
1790030916672696800,21.52969677734375,-0.9026140570640564,2.22660756111145,1.4221558570861816
1790030916682706400,21.53970654296875,-1.173158884048462,1.625662922859192,1.3311761617660522
1790030916692716300,21.54971630859375,-1.1994950771331787,0.12449848651885986,0.667982280254364
1790030916702726100,21.55972607421875,-2.121262788772583,0.20111294090747833,0.35913026332855225
1790030916712735700,21.56973583984375,-2.31758713722229,-1.1851298809051514,0.5123591423034668
1790030916722745600,21.57974560546875,-2.252943754196167,-0.5841852426528931,0.33039984107017517
1790030916752775000,21.60977490234375,-1.968033790588379,0.9576807022094727,-0.6368576288223267
1790030916772824800,21.629824951171877,-2.3511061668395996,1.9249382019042969,-1.2210428714752197
1790030916792875000,21.649875,-2.169146776199341,-1.2306196689605713,-0.11252748221158981
1790030916822904300,21.679904296875,-2.8586769104003906,0.21787235140800476,-0.3687070608139038
1790030916832944600,21.689944580078127,-2.537853717803955,-0.19632454216480255,-1.7357962131500244
1790030916863004400,21.72000439453125,-3.117250680923462,-0.05746084079146385,0.849941611289978
1790030916873044700,21.730044677734377,-3.40216064453125,-0.5482721924781799,1.7860745191574097
1790030916903135000,21.760135009765627,-2.693476915359497,-1.8938134908676147,-2.4372973442077637
1790030916913144800,21.770144775390627,-3.184288263320923,-0.9409212470054626,-2.5043349266052246
1790030916923185000,21.780184814453126,-3.098097085952759,2.3702597618103027,-1.843535304069519
1790030916933164300,21.790164306640627,-2.3965959548950195,4.613626480102539,1.4101848602294922
1790030916943235000,21.800235107421877,-1.6663644313812256,2.935291290283203,2.31758713722229
1790030916953245000,21.810244873046877,-1.9847931861877441,1.3239935636520386,1.436521053314209
1790030916963285000,21.820284912109376,-2.8802247047424316,-2.3750481605529785,-0.751779317855835
1790030916973294800,21.830294921875,-3.4332852363586426,-2.516305923461914,-2.3104045391082764
1790030916993345000,21.850344970703127,-3.1459810733795166,-1.1037269830703735,-2.8610711097717285
1790030917003385000,21.860385009765626,-4.0078935623168945,1.4532804489135742,-1.7190368175506592
1790030917013425400,21.87042529296875,-2.585737943649292,2.099714994430542,-0.569819986820221
1790030917033445000,21.890445068359377,-1.2641384601593018,-4.4077253341674805,-1.6208745241165161
1790030917043485200,21.900485107421876,-3.1962592601776123,-2.691082715988159,-2.1715409755706787
1790030917053495000,21.9104951171875,-3.708618402481079,-1.173158884048462,-1.3934253454208374
1790030917063505000,21.9205048828125,-1.9560627937316895,-0.9840168952941895,-1.45806884765625
1790030917073514500,21.930514404296876,-1.2282254695892334,-0.6871358752250671,-1.7286136150360107
1790030917133695200,21.9906953125,-0.9744400978088379,0.9265560507774353,-0.5985504388809204
1790030917153775900,22.01077587890625,-1.6927006244659424,-0.0933738648891449,-1.1085153818130493
1790030917193876000,22.0508759765625,-0.8427590131759644,0.043095629662275314,-0.7110779285430908
1790030917213926000,22.07092578125,-1.0103530883789062,0.9241618514060974,-0.6943184733390808
1790030917234006500,22.091006591796877,-1.644816517829895,0.18914192914962769,-0.6775590777397156
1790030917264035800,22.121035888671877,-1.4413094520568848,-0.524330198764801,-0.8355764150619507
1790030917284055300,22.14105517578125,-0.5195417404174805,-0.5889736413955688,-1.015141487121582
1790030917294065200,22.151065185546877,-0.7565677165985107,-0.38546648621559143,-0.8259995579719543
1790030917304075000,22.161074951171877,-0.7661445140838623,-0.016759412363171577,-0.751779317855835
1790030917314084600,22.171084716796877,-0.33758243918418884,-0.24660277366638184,-0.5578489899635315
1790030917364164000,22.2211640625,-0.7972691655158997,-0.1364694982767105,-0.42616790533065796
1790030917374204400,22.231204345703127,-0.7996633648872375,0.040701430290937424,-0.3687070608139038
1790030917384214000,22.241214111328127,-0.8882488012313843,0,-0.1628057211637497
1790030917394223900,22.251223876953127,-0.9959878921508789,0.21787235140800476,-0.2944868206977844
1790030917404264200,22.26126416015625,-0.9624691009521484,0.5051765441894531,0.05267243832349777
1790030917424314000,22.281314208984377,-1.05105459690094,0.5482721924781799,1.1635819673538208
1790030917434324000,22.291323974609377,-1.3311761617660522,-0.2082955539226532,0.4429273009300232
1790030917444333600,22.30133349609375,-1.113303780555725,-0.35913026332855225,0.038307227194309235
1790030917454374000,22.311373779296876,-0.7110779285430908,0.035913024097681046,0.19871874153614044
1790030917474393600,22.3313935546875,0.09576806426048279,0.5674257874488831,-0.2944868206977844
1790030917484372700,22.341372802734377,-0.08619125932455063,0.4213795065879822,-0.26096799969673157
1790030917554532600,22.41153271484375,-0.5051765441894531,0.1388636976480484,-0.44771572947502136
1790030917564573000,22.421572998046877,-0.3016694188117981,0.19871874153614044,-0.4429273009300232
1790030917574613200,22.43161328125,-0.2585737705230713,0.19393034279346466,-0.2777273952960968
1790030917584684000,22.44168408203125,-0.19153612852096558,0.4429273009300232,0.21547815203666687
1790030917594724400,22.451724365234377,-0.31364041566848755,0.6512228846549988,0.5315127968788147
1790030917604764700,22.4617646484375,-0.49320554733276367,0.4381389021873474,0.33758243918418884
1790030917614774300,22.471774169921876,-0.5195417404174805,0.5626373887062073,0.26815059781074524
1790030917634824400,22.491824462890627,-0.6967126727104187,0.5386953949928284,0.1364694982767105
1790030917644834300,22.501834228515627,-0.6655880808830261,0.24660277366638184,0.0933738648891449
1790030917654874400,22.511874267578126,-0.4429273009300232,-0.07182604819536209,0.15562310814857483
1790030917664884200,22.52188427734375,-0.45489832758903503,-0.07661445438861847,0.009576806798577309
1790030917674894000,22.53189404296875,-0.5291185975074768,-0.15322890877723694,0.14604631066322327
1790030917684934400,22.541934326171877,-0.42616790533065796,0.05027823522686958,0.4118026793003082
1790030917694944000,22.551944091796877,-0.4141969084739685,0.3232172429561615,0.4668693244457245
1790030917704984300,22.561984375,-0.4429273009300232,0.5530605912208557,0.4429273009300232
1790030917714994200,22.571994140625,-0.5315127968788147,0.4836287498474121,0.47405192255973816
1790030917725034500,22.582034423828127,-0.4429273009300232,0.28730419278144836,0.33997663855552673
1790030917735044000,22.592044189453127,-0.5410895943641663,0.4836287498474121,0.4405331015586853
1790030917775083300,22.632083251953127,-0.3519476354122162,0.45010992884635925,0.28969839215278625
1790030917855253000,22.7122529296875,-0.35673606395721436,-0.6967126727104187,-0.8068459630012512
1790030917865262600,22.7222626953125,-0.24420857429504395,-0.8475474119186401,-0.689530074596405
1790030917875272400,22.7322724609375,-0.15322890877723694,-0.5602431893348694,-1.039083480834961
1790030917885282000,22.742281982421876,-0.10295066982507706,-0.4644751250743866,-0.993593692779541
1790030917895322400,22.752322265625,-0.21787235140800476,-0.20350714027881622,-1.1492167711257935
1790030917905332200,22.762332275390627,0.004788403399288654,-1.072602391242981,-1.699883222579956
1790030917915372500,22.77237255859375,-0.043095629662275314,-0.9792284965515137,-1.4389152526855469
1790030917925382100,22.782382080078126,-0.2801215946674347,-1.2497732639312744,-2.161964178085327
1790030917935422500,22.79242236328125,0.10055647045373917,-1.3287819623947144,-3.0142998695373535
1790030917945432300,22.802432373046877,-0.047884032130241394,-1.4197616577148438,-2.410961151123047
1790030917975553300,22.83255322265625,-0.33997663855552673,-1.845929503440857,-3.4811692237854004
1790030917985563000,22.84256298828125,-0.24420857429504395,-2.346317768096924,-3.751713991165161
1790030918035672800,22.8926728515625,-1.0797849893569946,-3.5027170181274414,-3.5721490383148193
1790030918045713200,22.902713134765627,-1.192312479019165,-3.622427225112915,-3.2968156337738037
1790030918075773000,22.93277294921875,-0.7469909191131592,-1.1180921792984009,-1.7286136150360107
1790030918085782800,22.94278271484375,-1.5538369417190552,-1.0893617868423462,-0.9002198576927185
1790030918115842600,22.972842529296877,-1.6328455209732056,-1.3263877630233765,-1.7166426181793213
1790030918125852200,22.98285205078125,-1.742978811264038,-1.7310078144073486,-2.2577321529388428
1790030918135892500,22.992892578125,-1.6280571222305298,0.2346317619085312,-1.0749965906143188
1790030918145902300,23.00290234375,-1.4532804489135742,-0.9145850539207458,0.689530074596405
1790030918155881500,23.012881591796877,-2.585737943649292,0.4118026793003082,0.2944868206977844
1790030918165921800,23.022921875,-3.220201253890991,-0.3687070608139038,-1.2689268589019775
1790030918186002400,23.04300244140625,-2.31758713722229,0.24181437492370605,-0.38546648621559143
1790030918196012000,23.053011962890626,-1.5298948287963867,-0.49320554733276367,-0.706289529800415
1790030918206022000,23.06302197265625,-1.6065093278884888,-0.9959878921508789,-0.751779317855835
1790030918216031700,23.07303173828125,-1.8698714971542358,0.5746083855628967,-0.24660277366638184
1790030918226041300,23.083041259765626,-2.5019407272338867,1.7836803197860718,0.5099649429321289
1790030918236081700,23.09308154296875,-1.699883222579956,-0.7733271718025208,-0.6943184733390808
1790030918246091500,23.103091552734377,-1.5658079385757446,-1.0271124839782715,-0.9840168952941895
1790030918256101400,23.113101318359377,-1.8770540952682495,-1.7166426181793213,-2.1715409755706787
1790030918266111000,23.123111083984377,-2.477998733520508,0.8643068075180054,-1.7812861204147339
1790030918286130700,23.143130615234377,-0.8020575642585754,-0.08379705995321274,-0.7230489253997803
1790030918296170800,23.153170654296876,-0.7398083209991455,0.49320554733276367,0.15562310814857483
1790030918306211000,23.163211181640627,-1.0606313943862915,-0.7948749661445618,-0.9576807022094727
1790030918316251400,23.17325146484375,-1.338358759880066,-0.3998316824436188,-1.501164436340332
1790030918326291700,23.183291748046877,-0.9097966551780701,-0.4118026793003082,-2.1068975925445557
1790030918336332000,23.19333203125,-1.3335703611373901,1.7262194156646729,0.42616790533065796
1790030918346341600,23.203341552734376,-1.1180921792984009,1.1180921792984009,0.9313444495201111
1790030918356351500,23.2133515625,-1.482010841369629,0.2825157940387726,0.19393034279346466
1790030918366391800,23.223391845703127,-1.3551181554794312,0.12210428714752197,-0.2059013396501541
1790030918376401700,23.233401611328127,-1.824381709098816,0.07661445438861847,0.3447650372982025
1790030918386411300,23.243411376953127,-2.1475989818573,1.702277421951294,-0.45010992884635925
1790030918416471000,23.273470947265626,-1.3024457693099976,1.0079588890075684,2.032677173614502
1790030918496579800,23.353579833984377,-2.2170307636260986,-0.08858546614646912,-0.828393816947937
1790030918506589400,23.36358935546875,-2.9712042808532715,1.5203180313110352,0.23942017555236816
1790030918516599300,23.373599365234377,-3.1675288677215576,0.43335050344467163,0.9026140570640564
1790030918526639600,23.3836396484375,-3.093308687210083,0.2106897532939911,0.2753331959247589
1790030918536680000,23.393679931640627,-2.248155355453491,-0.6871358752250671,-0.6512228846549988
1790030918546720300,23.40372021484375,-1.4748282432556152,-1.1444283723831177,-1.1899182796478271
1790030918556729900,23.413729736328126,-1.6112977266311646,0.1628057211637497,-0.7422025203704834
1790030918566739700,23.42373974609375,-2.5761611461639404,0.304063618183136,-0.004788403399288654
1790030918596799500,23.453799560546877,-1.522712230682373,0,-1.941697597503662
1790030918606839800,23.46383984375,-0.6105214357376099,-0.009576806798577309,-0.2753331959247589
1790030918616849700,23.473849609375,-0.8259995579719543,1.647210717201233,0.8547300100326538
1790030918626859300,23.483859375,-0.790086567401886,1.5945383310317993,1.4269442558288574
1790030918636869000,23.493869140625,-0.7254431247711182,1.2090718746185303,1.4269442558288574
1790030918646879000,23.50387890625,-1.015141487121582,1.5059528350830078,1.7501614093780518
1790030918666898400,23.5238984375,-1.9105730056762695,2.4133553504943848,3.737348794937134
1790030918686918000,23.54391796875,-1.5849615335464478,2.255337953567505,3.8594532012939453
1790030918696958200,23.553958251953127,-1.9919757843017578,2.564189910888672,4.460397720336914
1790030918706998500,23.56399853515625,-2.612074136734009,3.2632968425750732,4.182670593261719
1790030918717008100,23.574008056640626,-2.470816135406494,2.5953147411346436,3.404554843902588
1790030918726987500,23.583987548828127,-2.0877439975738525,2.3367409706115723,2.853888511657715
1790030918737027800,23.59402783203125,-1.6711528301239014,2.300827741622925,2.5522189140319824
1790030918747007000,23.604007080078127,-1.3910311460494995,3.0573954582214355,2.875436305999756
1790030918757047300,23.61404736328125,-1.1300631761550903,2.849100112915039,3.1244332790374756
1790030918767087600,23.624087646484377,-0.8403648138046265,1.6328455209732056,2.691082715988159
1790030918797177900,23.654177734375,-0.8379706144332886,1.0414776802062988,2.628833532333374
1790030918827207200,23.684207275390627,-1.3431471586227417,1.1109095811843872,1.2114660739898682
1790030918837247500,23.69424755859375,-1.0558429956436157,0.9409212470054626,0.7374141216278076
1790030918847257300,23.70425732421875,-0.9648633003234863,1.0223240852355957,0.5003881454467773
1790030918857267000,23.714266845703126,-0.4836287498474121,0.17956513166427612,0.9050082564353943
1790030918867276800,23.72427685546875,-0.33279404044151306,1.0558429956436157,1.2234370708465576
1790030918917386800,23.77438671875,-2.518700122833252,2.051830768585205,1.1444283723831177
1790030919007566000,23.864566162109377,-2.497152328491211,-2.3271639347076416,-2.2697031497955322
1790030919067624700,23.924624755859377,-2.0877439975738525,2.207453966140747,-0.6344634294509888
1790030919077634600,23.934634521484377,-1.9823989868164062,-1.3718775510787964,-1.4389152526855469
1790030919087644200,23.94464404296875,-2.0685901641845703,-5.17626428604126,-0.40940847992897034
1790030919097654000,23.954654052734377,-3.354276657104492,-4.687847137451172,0.5722141861915588
1790030919107664000,23.964663818359377,-4.671087741851807,-0.6823474764823914,-0.993593692779541
1790030919117673500,23.974673583984377,-4.2951979637146,1.5634137392044067,-1.501164436340332
1790030919127683300,23.984683349609377,-3.1268274784088135,2.449268341064453,-1.5705963373184204
1790030919177823700,24.03482373046875,-3.066972494125366,-1.7118542194366455,-2.7700912952423096
1790030919217893400,24.074893310546877,-1.50355863571167,-0.49559974670410156,-0.3519476354122162
1790030919227903000,24.084903076171877,-1.9512743949890137,1.2521674633026123,0.828393816947937
1790030919257901800,24.11490185546875,-1.9560627937316895,-0.7541735172271729,-2.169146776199341
1790030919298032400,24.155032470703127,-0.5674257874488831,0.11971008777618408,-0.31364041566848755
1790030919308072700,24.16507275390625,-0.2537853717803955,0.19393034279346466,0.20350714027881622
1790030919318051800,24.1750517578125,0.002394201699644327,0.2968810200691223,0.47884035110473633
1790030919328092200,24.185092041015626,-0.5267243981361389,-1.036689281463623,0.6871358752250671
1790030919338102000,24.19510205078125,-1.556231141090393,-1.0414776802062988,-0.5554547905921936
1790030919348112000,24.20511181640625,-2.1547815799713135,0.002394201699644327,-0.6799532771110535
1790030919368131300,24.22513134765625,-1.6974890232086182,0.5051765441894531,0.17717093229293823
1790030919378141200,24.23514111328125,-1.723825216293335,0.031124621629714966,-1.1803414821624756
1790030919388150800,24.24515087890625,-1.6400281190872192,-1.1444283723831177,-0.9744400978088379
1790030919398130200,24.255130126953127,-2.1499931812286377,-1.400607943534851,-1.0558429956436157
1790030919408170200,24.265170166015626,-2.609679937362671,-0.751779317855835,-2.4803929328918457
1790030919418180000,24.27518017578125,-2.2601263523101807,-0.9097966551780701,-2.5689783096313477
1790030919428190000,24.28518994140625,-1.357512354850769,-1.292868971824646,-2.231395959854126
1790030919438199600,24.295199462890626,-0.8092401623725891,-0.9409212470054626,-1.6663644313812256
1790030919448209400,24.30520947265625,-0.06703764945268631,0.11252748221158981,-0.5506663918495178
1790030919458249700,24.315249755859377,0.21547815203666687,0.6392518281936646,-0.09576806426048279
1790030919468259600,24.325259521484377,0.44771572947502136,0.6823474764823914,-0.16759411990642548
1790030919478299600,24.335299560546876,0.1867477297782898,-0.31364041566848755,-0.5339069962501526
1790030919488340000,24.345340087890627,-0.31603461503982544,-0.2561795711517334,-0.5578489899635315
1790030919498349800,24.355349853515627,-0.4812345504760742,-0.667982280254364,-0.6488286852836609
1790030919508359700,24.365359619140627,-0.4836287498474121,-1.1109095811843872,-0.9026140570640564
1790030919518369300,24.375369384765627,-0.5147533416748047,-0.6440402865409851,-1.1037269830703735
1790030919528409600,24.38540966796875,-0.3280056416988373,-0.524330198764801,-0.9864110946655273
1790030919538450000,24.395449951171877,-0.12689268589019775,-0.15801730751991272,-0.48602294921875
1790030919548459800,24.405459716796877,-0.20350714027881622,0.2106897532939911,-0.40940847992897034
1790030919558469400,24.415469482421877,-0.33518823981285095,0.29209262132644653,-0.14365209639072418
1790030919588560000,24.445559814453127,-1.1468225717544556,-0.47165772318840027,-0.30885201692581177
1790030919618650000,24.475650146484377,-0.7924807667732239,0.24660277366638184,0.047884032130241394
1790030919628690400,24.4856904296875,-0.9864110946655273,0.507570743560791,0.0454898327589035
1790030919658780700,24.51578076171875,-0.8068459630012512,-0.11013327538967133,-0.629675030708313
1790030919678861300,24.535861328125,-0.4668693244457245,0.2825157940387726,-0.4620809257030487
1790030919708951600,24.56595166015625,-0.4620809257030487,0.06224924325942993,-0.5147533416748047
1790030919718961400,24.57596142578125,-0.4884171485900879,-0.26336219906806946,-0.1412578970193863
1790030919729001700,24.586001708984377,-0.6177040338516235,0.05746084079146385,-0.16759411990642548
1790030919749051600,24.6060517578125,-0.36152446269989014,-0.10534487664699554,-0.5889736413955688
1790030919779142100,24.63614208984375,-0.24660277366638184,-0.09816227108240128,-0.751779317855835
1790030919789182200,24.64618212890625,-0.1412578970193863,-0.004788403399288654,-0.2777273952960968
1790030919799222500,24.656222412109376,-0.26575639843940735,0.07900865375995636,-0.07900865375995636
1790030919809232400,24.666232421875,-0.17238251864910126,-0.24181437492370605,-0.28730419278144836
1790030919819242200,24.6762421875,-0.21308395266532898,0.07661445438861847,-0.33039984107017517
1790030919839292200,24.696292236328127,-0.33518823981285095,-0.10055647045373917,0.031124621629714966
1790030919919553500,24.776553466796877,-0.15083470940589905,-0.3902548849582672,-0.3663128614425659
1790030919989774300,24.8467744140625,-0.12928688526153564,0.28969839215278625,0.12928688526153564
1790030920019895300,24.876895263671877,-0.2992752194404602,0.3926490843296051,-0.17477671802043915
1790030920029935600,24.886935546875,-0.2346317619085312,0.5626373887062073,0.20350714027881622
1790030920039945200,24.8969453125,-0.24181437492370605,0.4429273009300232,0.20111294090747833
1790030920049955000,24.906955078125,-0.19153612852096558,0.43095630407333374,0.090979665517807
1790030920059964700,24.916964599609376,-0.08858546614646912,0.35913026332855225,0.14365209639072418
1790030920070005000,24.9270048828125,-0.1412578970193863,0.1149216815829277,0.23702596127986908
1790030920100034300,24.957034423828127,-0.14604631066322327,0.1388636976480484,-0.031124621629714966
1790030920110044200,24.967044189453127,-0.2849099934101105,0.33039984107017517,0.31842881441116333
1790030920120084500,24.97708447265625,-0.2849099934101105,0.272938996553421,0.14844051003456116
1790030920130094000,24.987093994140626,-0.24660277366638184,-0.08140286058187485,0.11971008777618408
1790030920140134400,24.997134521484377,-0.08858546614646912,-0.18914192914962769,0.19153612852096558
1790030920150144300,25.007144287109377,-0.07900865375995636,-0.09576806426048279,0.11252748221158981
1790030920160154000,25.017154052734377,-0.0933738648891449,-0.1628057211637497,-0.06464344263076782
1790030920170163700,25.027163818359377,-0.11252748221158981,0.16759411990642548,-0.07422025501728058
1790030920180204000,25.0372041015625,-0.17956513166427612,0.2322375625371933,-0.11252748221158981
1790030920190214000,25.0472138671875,-0.0454898327589035,0.05027823522686958,0.014365210197865963
1790030920200223500,25.057223388671876,0.026336219161748886,0.15322890877723694,0.043095629662275314
1790030920230344400,25.087344482421877,-0.22266076505184174,0.17717093229293823,-0.019153613597154617
1790030920250394400,25.107394287109376,-0.10534487664699554,0.17956513166427612,0.043095629662275314
1790030920280484900,25.13748486328125,-0.10534487664699554,0.3016694188117981,0.009576806798577309
1790030920310544600,25.167544677734377,-0.08619125932455063,0.2825157940387726,0.1149216815829277
1790030920330564000,25.187564208984377,0.033518824726343155,-0.09816227108240128,0.11971008777618408
1790030920350614300,25.2076142578125,-0.009576806798577309,-0.08379705995321274,0.10295066982507706
1790030920370633700,25.2276337890625,0.016759412363171577,0.07422025501728058,0.0454898327589035
1790030920390684000,25.247683837890627,0.016759412363171577,-0.002394201699644327,-0.08858546614646912
1790030920400724000,25.257723876953126,-0.026336219161748886,-0.19153612852096558,-0.026336219161748886
1790030920420774100,25.277774169921877,-0.08858546614646912,0.08858546614646912,0.24899697303771973
1790030920430784000,25.287783935546877,-0.014365210197865963,-0.12928688526153564,0.20111294090747833
1790030920440824000,25.297823974609376,0.05506663769483566,-0.2585737705230713,-0.05985504388809204
1790030920460874200,25.317874267578127,-0.06464344263076782,0.033518824726343155,0.11971008777618408
1790030920521055000,25.378054931640627,0.11971008777618408,-0.05746084079146385,-0.31603461503982544
1790030920551084300,25.408084228515627,-0.13168109953403473,0.0694318488240242,0.08619125932455063
1790030920561124400,25.418124267578126,-0.16998831927776337,0.033518824726343155,0.040701430290937424
1790030920571103700,25.428103759765627,-0.08858546614646912,-0.06703764945268631,-0.05267243832349777
1790030920581174500,25.438174560546877,-0.181959331035614,-0.10534487664699554,-0.023942016065120697
1790030920601194000,25.458194091796877,0.10773907601833344,0.22266076505184174,0.016759412363171577
1790030920611234300,25.468234375,-0.004788403399288654,0.17477671802043915,-0.07900865375995636
1790030920621274600,25.478274658203127,0.021547814831137657,0.181959331035614,0.011971008032560349
1790030920681455400,25.538455322265627,-0.021547814831137657,0.009576806798577309,0.07422025501728058
1790030920691465000,25.54846484375,-0.06703764945268631,-0.19871874153614044,0.26575639843940735
1790030920701474800,25.558474853515627,0.002394201699644327,-0.15801730751991272,0.05027823522686958
1790030920711484700,25.568484619140627,-0.019153613597154617,0.0071826050989329815,-0.15083470940589905
1790030920721524700,25.578524658203126,0.002394201699644327,-0.040701430290937424,-0.028730420395731926
1790030920771665200,25.6286650390625,0.08619125932455063,0.038307227194309235,-0.12449848651885986
1790030920801725000,25.658724853515626,0.07422025501728058,-0.021547814831137657,-0.016759412363171577
1790030920811796000,25.6687958984375,0.0694318488240242,0.08379705995321274,0.07900865375995636
1790030920821805600,25.6788056640625,-0.002394201699644327,-0.17477671802043915,0.035913024097681046
1790030920831815400,25.6888154296875,0.07182604819536209,-0.24660277366638184,-0.1364694982767105
1790030920841825000,25.698824951171876,-0.031124621629714966,-0.16759411990642548,-0.17238251864910126
1790030920871854300,25.728854248046876,0.033518824726343155,-0.11013327538967133,0.1149216815829277
1790030920881864200,25.7388642578125,0.06703764945268631,-0.035913024097681046,0.12210428714752197
1790030920891874000,25.7488740234375,-0.019153613597154617,-0.13168109953403473,-0.033518824726343155
1790030920901914400,25.758914306640627,0.05506663769483566,-0.17717093229293823,-0.16759411990642548
1790030920911924000,25.768924072265627,-0.031124621629714966,-0.090979665517807,0.08858546614646912
1790030920921933800,25.778933837890627,-0.004788403399288654,0.011971008032560349,0.17238251864910126
1790030920931974100,25.78897412109375,-0.004788403399288654,-0.021547814831137657,0.13407529890537262
1790030920941983700,25.798983642578126,-0.05746084079146385,-0.08858546614646912,0.1173158809542656
1790030920951993600,25.80899365234375,-0.05746084079146385,0.05267243832349777,0.22026655077934265
1790030920961972700,25.81897265625,-0.09816227108240128,-0.011971008032560349,0.07182604819536209
1790030921032132900,25.8891328125,-0.038307227194309235,0.05027823522686958,0.06703764945268631
1790030921042142500,25.899142578125,-0.033518824726343155,0.026336219161748886,-0.12689268589019775
1790030921072171800,25.929171875,-0.038307227194309235,0.009576806798577309,0.08140286058187485
1790030921082181600,25.939181640625,0.031124621629714966,-0.038307227194309235,-0.15083470940589905
1790030921112241400,25.969241455078127,-0.002394201699644327,-0.23942017555236816,0.026336219161748886
1790030921122251300,25.979251220703127,-0.028730420395731926,-0.07900865375995636,-0.05027823522686958
1790030921132260900,25.9892607421875,-0.08140286058187485,0.023942016065120697,-0.1412578970193863
1790030921152280600,26.009280517578127,-0.12689268589019775,-0.08858546614646912,0.10773907601833344
1790030921162290200,26.019290283203127,-0.031124621629714966,-0.1364694982767105,-0.05506663769483566
1790030921182401300,26.0394013671875,0.12210428714752197,0.014365210197865963,-0.033518824726343155
1790030921192380700,26.049380615234377,0.1149216815829277,-0.026336219161748886,-0.1364694982767105
1790030921202420700,26.059420654296876,0.016759412363171577,-0.021547814831137657,-0.12449848651885986
1790030921212461000,26.0694609375,0.047884032130241394,-0.17477671802043915,0.031124621629714966
1790030921222471000,26.079470947265627,0.1388636976480484,-0.15083470940589905,-0.12689268589019775
1790030921232480800,26.089480712890627,-0.05746084079146385,-0.05027823522686958,0.09816227108240128
1790030921242490400,26.099490478515627,0.1364694982767105,-0.17238251864910126,0.2801215946674347
1790030921252500200,26.109500244140627,0.06464344263076782,-0.10773907601833344,-0.05267243832349777
1790030921262479400,26.119479248046876,0.047884032130241394,0.05267243832349777,-0.17238251864910126
1790030921292569900,26.14956982421875,-0.033518824726343155,-0.031124621629714966,-0.15801730751991272
1790030921302579500,26.159579345703126,-0.035913024097681046,-0.033518824726343155,-0.035913024097681046
1790030921312558800,26.169558837890627,-0.12928688526153564,0.028730420395731926,0.26815059781074524
1790030921322599200,26.17959912109375,-0.011971008032560349,-0.20350714027881622,0.019153613597154617
1790030921332639200,26.18963916015625,-0.004788403399288654,-0.023942016065120697,-0.033518824726343155
1790030921342649000,26.199649169921877,0.038307227194309235,-0.002394201699644327,-0.17238251864910126
1790030921352628500,26.20962841796875,0.047884032130241394,0.05506663769483566,-0.15562310814857483
1790030921362668500,26.21966845703125,0.021547814831137657,0.2513911724090576,0.05985504388809204
1790030921372678400,26.229678466796877,0.0454898327589035,0.12928688526153564,0.4381389021873474
1790030921392667400,26.24966748046875,0.016759412363171577,-0.043095629662275314,-0.10295066982507706
1790030921402707700,26.259707763671877,0.06224924325942993,-0.016759412363171577,-0.19871874153614044
1790030921412717600,26.269717529296877,0.14844051003456116,-0.06464344263076782,-0.12449848651885986
1790030921432706600,26.28970654296875,-0.06703764945268631,0.16519992053508759,0.17238251864910126
1790030921442747000,26.299746826171877,-0.040701430290937424,-0.0694318488240242,0.011971008032560349
1790030921452726000,26.30972607421875,0,-0.033518824726343155,-0.20350714027881622
1790030921462766300,26.319766357421877,0.011971008032560349,0.026336219161748886,-0.15322890877723694
1790030921472776200,26.329776123046877,-0.004788403399288654,-0.1388636976480484,-0.2106897532939911
1790030921482785800,26.339785888671877,0.11971008777618408,-0.2585737705230713,-0.2777273952960968
1790030921522825000,26.379824951171877,0.05267243832349777,-0.1173158809542656,-0.033518824726343155
1790030921532865300,26.389865234375,0.026336219161748886,-0.1149216815829277,0.08379705995321274
1790030921542875000,26.399875,-0.06464344263076782,-0.05506663769483566,-0.08379705995321274
1790030921552915200,26.409915283203127,0.1149216815829277,-0.1412578970193863,-0.24899697303771973
1790030921582975000,26.43997509765625,-0.004788403399288654,0.05746084079146385,-0.05746084079146385
1790030921592984800,26.44998486328125,0.023942016065120697,0.14604631066322327,0.1364694982767105
1790030921613065500,26.4700654296875,-0.019153613597154617,-0.08858546614646912,0.2346317619085312
1790030921623044600,26.480044677734377,-0.05267243832349777,0.0071826050989329815,0.06464344263076782
1790030921633115400,26.490115478515627,-0.08619125932455063,0.004788403399288654,-0.002394201699644327
1790030921643125200,26.500125244140627,-0.06224924325942993,-0.12210428714752197,0.0071826050989329815
1790030921653134800,26.510134765625,0.047884032130241394,-0.1412578970193863,-0.10534487664699554
1790030921733304600,26.5903046875,0.0454898327589035,0.10295066982507706,-0.09576806426048279
1790030921743345000,26.600344970703127,0.004788403399288654,0.17956513166427612,0.090979665517807
1790030921753354800,26.610354736328127,0,-0.22744916379451752,0.2298433631658554
1790030921763395000,26.62039501953125,0.0071826050989329815,-0.028730420395731926,0.05267243832349777
1790030921773404700,26.63040478515625,-0.031124621629714966,-0.05746084079146385,-0.05027823522686958
1790030921783414500,26.64041455078125,0.07661445438861847,0.028730420395731926,-0.13407529890537262
1790030921793424400,26.65042431640625,0.05506663769483566,0.11013327538967133,0.019153613597154617
1790030921803464400,26.66046435546875,0.07661445438861847,-0.17477671802043915,0.12210428714752197
1790030921813474300,26.670474365234377,-0.12210428714752197,-0.10295066982507706,-0.0454898327589035
1790030921833524500,26.6905244140625,0.15562310814857483,0.15562310814857483,-0.07661445438861847
1790030921843534000,26.7005341796875,0.12689268589019775,0.033518824726343155,0.0454898327589035
1790030921853544000,26.7105439453125,0.019153613597154617,-0.08619125932455063,-0.06224924325942993
1790030921863614700,26.72061474609375,-0.011971008032560349,-0.11252748221158981,-0.021547814831137657
1790030921873624600,26.73062451171875,-0.0694318488240242,-0.1364694982767105,-0.1149216815829277
1790030921893644000,26.75064404296875,-0.002394201699644327,0.10534487664699554,0.011971008032560349
1790030921993894100,26.85089404296875,0.06703764945268631,-0.038307227194309235,-0.004788403399288654
1790030922003904000,26.860904052734377,-0.0454898327589035,-0.038307227194309235,0.0694318488240242
1790030922013913900,26.870913818359377,0.023942016065120697,-0.17717093229293823,-0.011971008032560349
1790030922023923500,26.88092333984375,0.019153613597154617,-0.1173158809542656,-0.20111294090747833
1790030922053922300,26.91092236328125,-0.019153613597154617,0.15562310814857483,0.090979665517807
1790030922063962600,26.920962646484377,0.05985504388809204,-0.20111294090747833,0.2513911724090576
1790030922073972500,26.930972412109377,-0.05746084079146385,-0.15083470940589905,-0.07900865375995636
1790030922083982000,26.940982177734377,0.021547814831137657,-0.0071826050989329815,-0.1364694982767105
1790030922093992000,26.950991943359377,0.1412578970193863,0.002394201699644327,-0.08619125932455063
1790030922104001500,26.96100146484375,-0.019153613597154617,0.043095629662275314,0.08858546614646912
1790030922114011400,26.971011474609377,-0.021547814831137657,-0.05985504388809204,0.021547814831137657
1790030922124082200,26.981082275390627,-0.023942016065120697,-0.15562310814857483,0.05746084079146385
1790030922184171300,27.041171142578126,0.002394201699644327,-0.09576806426048279,-0.07900865375995636
1790030922204221400,27.061221435546877,-0.05267243832349777,0.035913024097681046,-0.11971008777618408
1790030922224241000,27.081240966796877,-0.05027823522686958,0.033518824726343155,-0.08858546614646912
1790030922254331100,27.1113310546875,-0.021547814831137657,-0.2059013396501541,-0.06464344263076782
1790030922264310500,27.121310546875,0.021547814831137657,-0.07182604819536209,0
1790030922284391200,27.14139111328125,0.047884032130241394,-0.07182604819536209,-0.019153613597154617
1790030922294400800,27.15140087890625,0.08619125932455063,-0.035913024097681046,0.1149216815829277
1790030922304410600,27.16141064453125,0.1173158809542656,-0.06703764945268631,0.004788403399288654
1790030922314420500,27.17142041015625,-0.05027823522686958,0.047884032130241394,-0.016759412363171577
1790030922324430000,27.18143017578125,-0.07182604819536209,0.009576806798577309,0.040701430290937424
1790030922334470400,27.191470458984377,-0.07422025501728058,-0.0071826050989329815,-0.033518824726343155
1790030922344480300,27.201480224609377,-0.016759412363171577,0.0933738648891449,0.06703764945268631
1790030922364499700,27.221499755859377,0.016759412363171577,0.002394201699644327,0.08858546614646912
1790030922374509600,27.231509521484377,0.026336219161748886,-0.011971008032560349,-0.07661445438861847
1790030922384519200,27.241519287109377,0.023942016065120697,0.2298433631658554,0.12449848651885986
1790030922394529000,27.251529052734377,-0.026336219161748886,0.1173158809542656,0.090979665517807
1790030922404539000,27.261538818359377,-0.06703764945268631,0.043095629662275314,0.028730420395731926
1790030922414579000,27.271578857421876,-0.009576806798577309,0.08379705995321274,-0.05267243832349777
1790030922424619300,27.281619384765627,-0.028730420395731926,0.023942016065120697,0.038307227194309235
1790030922474729200,27.331729248046877,-0.033518824726343155,0.035913024097681046,0.1364694982767105
1790030922534848800,27.391848876953127,0,-0.10773907601833344,0.021547814831137657
1790030922554868500,27.411868408203127,-0.07661445438861847,0.17717093229293823,0.2346317619085312
1790030922574918400,27.43191845703125,0.038307227194309235,-0.038307227194309235,-0.17956513166427612
1790030922584928300,27.44192822265625,0.09816227108240128,0.011971008032560349,-0.09816227108240128
1790030922594937900,27.451937744140626,0.08379705995321274,-0.19871874153614044,-0.23702596127986908
1790030922604947700,27.46194775390625,0.038307227194309235,-0.21547815203666687,0.014365210197865963
1790030922614957600,27.47195751953125,0.05746084079146385,-0.181959331035614,0.08140286058187485
1790030922624967200,27.48196728515625,0.07182604819536209,-0.12449848651885986,0.09816227108240128
1790030922634977000,27.49197705078125,0.08619125932455063,-0.13407529890537262,-0.08858546614646912
1790030922644987000,27.50198681640625,0.06703764945268631,-0.1843535304069519,-0.16759411990642548
1790030922654996500,27.51199658203125,0.004788403399288654,-0.05267243832349777,-0.07661445438861847
1790030922685056300,27.54205615234375,0,-0.06464344263076782,-0.040701430290937424
1790030922705137000,27.562136962890627,-0.35913026332855225,-0.2968810200691223,0.035913024097681046
1790030922715177200,27.57217724609375,-0.28730419278144836,-0.4165911078453064,-0.2825157940387726
1790030922725187000,27.58218701171875,-0.13407529890537262,-0.09816227108240128,-0.002394201699644327
1790030922735166200,27.592166259765627,-0.11252748221158981,0.13168109953403473,0.2753331959247589
1790030922745206500,27.60220654296875,0,0.0694318488240242,0.18914192914962769
