time,seconds_elapsed,x,z,y
1790030087195274200,0.130274169921875,-0.07661445438861847,0.09576806426048279,0.2082955539226532
1790030087215293700,0.150293701171875,0.028730420395731926,-0.011971008032560349,-0.12449848651885986
1790030087225303600,0.160303466796875,0.07182604819536209,-0.05506663769483566,-0.004788403399288654
1790030087235313200,0.170313232421875,0.07661445438861847,-0.11013327538967133,-0.06703764945268631
1790030087245353500,0.180353515625,0.05506663769483566,-0.031124621629714966,-0.14844051003456116
1790030087255263200,0.19026318359375,0.009576806798577309,0.011971008032560349,-0.10534487664699554
1790030087265073000,0.200072998046875,0.12449848651885986,0.05267243832349777,-0.15801730751991272
1790030087274882800,0.2098828125,0.15322890877723694,0.16519992053508759,-0.17238251864910126
1790030087305003500,0.24000341796875,0.07422025501728058,0.0454898327589035,0.043095629662275314
1790030087355083000,0.2900830078125,0.10295066982507706,0.14604631066322327,-0.1604115068912506
1790030087395213600,0.330213623046875,-0.043095629662275314,0.11013327538967133,0.10055647045373917
1790030087405223400,0.340223388671875,-0.021547814831137657,0.2585737705230713,0.18914192914962769
1790030087415233000,0.35023291015625,0.047884032130241394,0.0071826050989329815,0.15801730751991272
1790030087425243000,0.360242919921875,-0.05267243832349777,-0.1843535304069519,0.2322375625371933
1790030087435313700,0.370313720703125,-0.11252748221158981,-0.181959331035614,0.12449848651885986
1790030087485393200,0.42039306640625,0.07422025501728058,-0.0071826050989329815,-0.05985504388809204
1790030087505382100,0.440382080078125,0.07661445438861847,-0.22266076505184174,0.0071826050989329815
1790030087515422200,0.450422119140625,-0.033518824726343155,-0.10295066982507706,0.026336219161748886
1790030087525462500,0.460462646484375,-0.10055647045373917,-0.090979665517807,0.016759412363171577
1790030087535472400,0.470472412109375,-0.1628057211637497,-0.090979665517807,-0.19632454216480255
1790030087565532200,0.5005322265625,0.033518824726343155,0,-0.05267243832349777
1790030087575542000,0.5105419921875,0.09576806426048279,0.038307227194309235,-0.16998831927776337
1790030087585551600,0.520551513671875,0.05027823522686958,-0.1173158809542656,-0.16519992053508759
1790030087595561500,0.5305615234375,0.009576806798577309,-0.18914192914962769,0.047884032130241394
1790030087605571300,0.5405712890625,-0.026336219161748886,-0.1628057211637497,0.040701430290937424
1790030087615581000,0.550580810546875,-0.038307227194309235,-0.08619125932455063,0.031124621629714966
1790030087625590800,0.5605908203125,-0.14844051003456116,-0.10295066982507706,0.06224924325942993
1790030087635661600,0.57066162109375,-0.12928688526153564,0.038307227194309235,0.011971008032560349
1790030087645702000,0.580701904296875,-0.07422025501728058,0.12449848651885986,0.17956513166427612
1790030087675731200,0.610731201171875,-0.026336219161748886,0.05985504388809204,0.10534487664699554
1790030087685741000,0.620740966796875,0.040701430290937424,0.24660277366638184,0.3447650372982025
1790030087695781000,0.630781005859375,0.08379705995321274,0.20350714027881622,0.272938996553421
1790030087705791000,0.640791015625,0.08379705995321274,0.15801730751991272,0.12689268589019775
1790030087715800800,0.65080078125,-0.011971008032560349,0.2298433631658554,0.021547814831137657
1790030087725810400,0.660810546875,-0.1364694982767105,0.019153613597154617,0.1364694982767105
1790030087735789800,0.670789794921875,-0.24899697303771973,0.040701430290937424,0.27054479718208313
1790030087745799400,0.68079931640625,-0.05027823522686958,0.17477671802043915,0.2968810200691223
1790030087775890000,0.710889892578125,-0.07182604819536209,0.09576806426048279,0.19153612852096558
1790030087785899500,0.7208994140625,-0.033518824726343155,0.06224924325942993,0.12210428714752197
1790030087805980200,0.740980224609375,-0.09816227108240128,0.05985504388809204,0.038307227194309235
1790030087816020500,0.7510205078125,0.07900865375995636,0.11252748221158981,-0.033518824726343155
1790030087826030300,0.7610302734375,0,0.16998831927776337,0.014365210197865963
1790030087846049800,0.7810498046875,0.016759412363171577,-0.014365210197865963,-0.031124621629714966
1790030087866069200,0.8010693359375,0.011971008032560349,0.014365210197865963,-0.06464344263076782
1790030087876079000,0.8110791015625,0.08858546614646912,-0.002394201699644327,-0.2059013396501541
1790030087896068000,0.831068115234375,-0.05506663769483566,0.1173158809542656,-0.10295066982507706
1790030087906108400,0.8411083984375,0.019153613597154617,-0.028730420395731926,0.05027823522686958
1790030087916118000,0.851117919921875,0.05027823522686958,-0.1149216815829277,-0.0933738648891449
1790030087926127900,0.8611279296875,-0.08379705995321274,-0.0071826050989329815,0.023942016065120697
1790030087936137700,0.8711376953125,-0.11971008777618408,0.043095629662275314,0.2106897532939911
1790030087946147300,0.881147216796875,-0.1604115068912506,0.0694318488240242,0.10055647045373917
1790030087956157200,0.8911572265625,0.0694318488240242,0.040701430290937424,-0.1364694982767105
1790030087966167000,0.9011669921875,0.016759412363171577,0.1628057211637497,-0.004788403399288654
1790030087996196400,0.9311962890625,0.0454898327589035,0.028730420395731926,-0.05506663769483566
1790030088006206000,0.9412060546875,0.026336219161748886,-0.021547814831137657,-0.043095629662275314
1790030088016246300,0.951246337890625,0.08858546614646912,-0.016759412363171577,-0.038307227194309235
1790030088046306000,0.98130615234375,0.004788403399288654,0.17238251864910126,0
1790030088066356200,1.001356201171875,-0.12689268589019775,0.10055647045373917,0.019153613597154617
1790030088076365800,1.01136572265625,0.043095629662275314,-0.021547814831137657,-0.13168109953403473
1790030088086375700,1.021375732421875,-0.014365210197865963,0.1364694982767105,0.090979665517807
1790030088096355000,1.03135498046875,-0.10055647045373917,0.016759412363171577,0.038307227194309235
1790030088106395100,1.04139501953125,-0.06703764945268631,-0.038307227194309235,-0.05746084079146385
1790030088116405000,1.051405029296875,-0.06703764945268631,-0.011971008032560349,0.016759412363171577
1790030088126414800,1.061414794921875,-0.11971008777618408,-0.12928688526153564,0.014365210197865963
1790030088136424400,1.071424560546875,-0.05027823522686958,-0.14844051003456116,-0.07900865375995636
1790030088156474600,1.091474609375,-0.035913024097681046,0.028730420395731926,0.13407529890537262
1790030088166484200,1.101484130859375,0.0454898327589035,0.026336219161748886,0.1173158809542656
1790030088196544300,1.131544189453125,0.0454898327589035,0.019153613597154617,-0.12210428714752197
1790030088216563700,1.151563720703125,0.043095629662275314,-0.20350714027881622,0.06224924325942993
1790030088226573600,1.161573486328125,0.0454898327589035,-0.1628057211637497,0.08619125932455063
1790030088256633300,1.19163330078125,-0.06224924325942993,-0.06224924325942993,-0.002394201699644327
1790030088296703000,1.231702880859375,-0.11252748221158981,-0.1604115068912506,-0.13407529890537262
1790030088306743000,1.241742919921875,0.023942016065120697,-0.15801730751991272,-0.1173158809542656
1790030088316722400,1.251722412109375,-0.002394201699644327,-0.14365209639072418,-0.19393034279346466
1790030088326762800,1.2617626953125,0.023942016065120697,-0.08379705995321274,-0.17956513166427612
1790030088336742000,1.271741943359375,0.023942016065120697,0.16519992053508759,-0.0071826050989329815
1790030088346782200,1.2817822265625,0.12210428714752197,0.10534487664699554,-0.05267243832349777
1790030088356792000,1.2917919921875,0.1173158809542656,-0.040701430290937424,-0.09576806426048279
1790030088366771200,1.301771240234375,0.040701430290937424,-0.19153612852096558,-0.17477671802043915
1790030088376811500,1.3118115234375,0.026336219161748886,-0.2322375625371933,-0.033518824726343155
1790030088386821400,1.3218212890625,-0.05027823522686958,-0.1412578970193863,-0.20111294090747833
1790030088396831000,1.3318310546875,0.014365210197865963,0.011971008032560349,-0.0933738648891449
1790030088406840800,1.3418408203125,-0.026336219161748886,0.15562310814857483,-0.08619125932455063
1790030088426890800,1.361890869140625,0.10773907601833344,-0.014365210197865963,-0.0694318488240242
1790030088436931000,1.37193115234375,-0.023942016065120697,-0.08379705995321274,-0.06464344263076782
1790030088456981200,1.391981201171875,-0.12210428714752197,-0.031124621629714966,0.11013327538967133
1790030088466990800,1.401990966796875,-0.05027823522686958,-0.043095629662275314,-0.05267243832349777
1790030088476970200,1.41197021484375,0.06703764945268631,0.004788403399288654,-0.002394201699644327
1790030088527110700,1.462110595703125,-0.1388636976480484,-0.021547814831137657,0.14844051003456116
1790030088567210800,1.502210693359375,-0.07900865375995636,0.09576806426048279,-0.07900865375995636
1790030088577220400,1.512220458984375,-0.0071826050989329815,0.07661445438861847,-0.08140286058187485
1790030088587260700,1.5222607421875,0.021547814831137657,0.023942016065120697,-0.08858546614646912
1790030088597301000,1.532301025390625,0.035913024097681046,-0.021547814831137657,-0.1843535304069519
1790030088607310800,1.542310791015625,-0.031124621629714966,-0.009576806798577309,-0.11971008777618408
1790030088617381600,1.552381591796875,-0.07900865375995636,-0.05027823522686958,-0.031124621629714966
1790030088647441400,1.58244140625,0.0454898327589035,-0.0694318488240242,-0.15562310814857483
1790030088657512200,1.59251220703125,0.0454898327589035,-0.090979665517807,-0.181959331035614
1790030088707561000,1.64256103515625,0.043095629662275314,-0.090979665517807,0.040701430290937424
1790030088727611100,1.662611083984375,0.08858546614646912,0.038307227194309235,0.15801730751991272
1790030088737620700,1.672620849609375,0.13168109953403473,0.002394201699644327,0.016759412363171577
1790030088767680500,1.702680419921875,-0.06224924325942993,-0.05985504388809204,0.11013327538967133
1790030088777690400,1.7126904296875,0.047884032130241394,-0.10773907601833344,0.1149216815829277
1790030088787700200,1.7227001953125,-0.019153613597154617,-0.07422025501728058,-0.05985504388809204
1790030088797740500,1.732740478515625,-0.08140286058187485,0.09816227108240128,0.026336219161748886
1790030088827861200,1.762861328125,0.028730420395731926,-0.15322890877723694,-0.08379705995321274
1790030088837932000,1.77293212890625,0.004788403399288654,-0.08140286058187485,-0.18914192914962769
1790030088847972400,1.782972412109375,0.06224924325942993,-0.13168109953403473,-0.15322890877723694
1790030088857982200,1.792982177734375,0.09816227108240128,-0.05027823522686958,-0.1364694982767105
1790030088867991800,1.80299169921875,-0.004788403399288654,-0.019153613597154617,-0.09576806426048279
1790030088877971200,1.81297119140625,-0.021547814831137657,0.07182604819536209,-0.10534487664699554
1790030088888011500,1.823011474609375,0.004788403399288654,0.040701430290937424,-0.181959331035614
1790030088898021000,1.833021240234375,-0.08379705995321274,-0.026336219161748886,-0.021547814831137657
1790030088918040800,1.853040771484375,0.040701430290937424,-0.08379705995321274,-0.0071826050989329815
1790030088928050400,1.863050537109375,0.06464344263076782,-0.11971008777618408,0.043095629662275314
1790030088948100600,1.8831005859375,0.06224924325942993,-0.1867477297782898,-0.26575639843940735
1790030088958110200,1.893110107421875,0.05985504388809204,0.011971008032560349,-0.2513911724090576
1790030088988170200,1.923170166015625,-0.009576806798577309,-0.22505496442317963,-0.031124621629714966
1790030088998210300,1.933210205078125,-0.09576806426048279,-0.0933738648891449,-0.06703764945268631
1790030089008220200,1.94322021484375,-0.047884032130241394,-0.08619125932455063,-0.031124621629714966
1790030089028300800,1.96330078125,0.031124621629714966,-0.07182604819536209,0.1364694982767105
1790030089038310400,1.973310302734375,0.090979665517807,0.10055647045373917,0.1149216815829277
1790030089058360600,1.993360595703125,-0.15562310814857483,-0.026336219161748886,0.11013327538967133
1790030089078410500,2.013410400390625,-0.0454898327589035,0.0454898327589035,0.035913024097681046
1790030089088450800,2.023450927734375,-0.08858546614646912,-0.009576806798577309,-0.043095629662275314
1790030089098491100,2.0334912109375,0,0.14604631066322327,-0.014365210197865963
1790030089118541300,2.053541259765625,0.019153613597154617,0.023942016065120697,0.0071826050989329815
1790030089178600000,2.113599853515625,0.004788403399288654,-0.033518824726343155,-0.035913024097681046
1790030089188609500,2.123609619140625,-0.0694318488240242,0.06703764945268631,-0.07900865375995636
1790030089208659700,2.14365966796875,0.016759412363171577,-0.043095629662275314,0.0694318488240242
1790030089218669300,2.15366943359375,-0.038307227194309235,0.014365210197865963,-0.05506663769483566
1790030089228679200,2.16367919921875,-0.090979665517807,0.009576806798577309,-0.026336219161748886
1790030089238689000,2.17368896484375,-0.004788403399288654,-0.0071826050989329815,-0.035913024097681046
1790030089268779300,2.203779296875,-0.16759411990642548,-0.011971008032560349,0.07900865375995636
1790030089278789000,2.2137890625,-0.0694318488240242,0.05746084079146385,0.019153613597154617
1790030089288768300,2.223768310546875,0.09576806426048279,0.014365210197865963,-0.023942016065120697
1790030089298839000,2.233839111328125,0.06703764945268631,-0.07422025501728058,-0.10055647045373917
1790030089308849000,2.243848876953125,0.14604631066322327,-0.3423708379268646,-0.07182604819536209
1790030089318889200,2.25388916015625,0.15322890877723694,-0.6751648783683777,0.004788403399288654
1790030089379039200,2.314039306640625,-0.10534487664699554,-0.9840168952941895,-0.42377370595932007
1790030089429149200,2.364149169921875,-0.18914192914962769,-1.9345149993896484,-1.8267759084701538
1790030089439158800,2.37415869140625,-0.3519476354122162,-1.9823989868164062,-1.5322890281677246
1790030089449168600,2.384168701171875,-0.21787235140800476,-2.279279947280884,-1.6280571222305298
1790030089469218800,2.40421875,-0.5195417404174805,-2.5665841102600098,-1.3862427473068237
1790030089479259000,2.4142587890625,-0.1867477297782898,-2.892195701599121,-1.5514427423477173
1790030089489268700,2.424268798828125,-0.2753331959247589,-3.3734302520751953,-1.8291701078414917
1790030089499278600,2.434278564453125,-0.07661445438861847,-2.5234885215759277,-2.006340980529785
1790030089509319000,2.44431884765625,-0.4908113479614258,-1.213860273361206,-2.185906171798706
1790030089519359000,2.45435888671875,-0.6655880808830261,-0.646434485912323,-2.6671407222747803
1790030089529368800,2.464368896484375,-0.689530074596405,-0.47644615173339844,-2.3774423599243164
1790030089539378700,2.474378662109375,-0.790086567401886,-0.9385270476341248,-2.049436569213867
1790030089549388300,2.48438818359375,-1.1971008777618408,-1.2258312702178955,-1.4652514457702637
1790030089559398100,2.494398193359375,-1.2066776752471924,-1.2090718746185303,-1.256955862045288
1790030089569438500,2.5044384765625,-1.3623007535934448,-1.1180921792984009,-0.5219359993934631
1790030089599467800,2.5344677734375,-1.115697979927063,0.19871874153614044,-0.5051765441894531
1790030089629558000,2.56455810546875,-1.8794482946395874,-1.3239935636520386,-0.8451532125473022
1790030089639568000,2.57456787109375,-1.3192051649093628,-1.0749965906143188,-1.213860273361206
1790030089649577700,2.58457763671875,-1.192312479019165,-0.9672574996948242,-0.706289529800415
1790030089659617800,2.59461767578125,-1.0079588890075684,0.13168109953403473,-0.40222588181495667
1790030089669658000,2.604658203125,-0.6440402865409851,2.0901381969451904,0.9720458984375
1790030089759746000,2.69474609375,-1.2665326595306396,0.23942017555236816,-1.0127472877502441
1790030089769756000,2.704755859375,-0.7829039692878723,0.019153613597154617,-1.0869675874710083
1790030089779796200,2.714796142578125,-0.4572925269603729,-0.35913026332855225,-0.09576806426048279
1790030089789805800,2.724805908203125,-0.7230489253997803,-0.7230489253997803,-1.115697979927063
1790030089799785200,2.73478515625,-1.0319008827209473,-1.3982137441635132,-1.9800047874450684
1790030089809825300,2.7448251953125,-0.5626373887062073,-1.6065093278884888,-2.250549554824829
1790030089819835100,2.754835205078125,-0.9552865028381348,-1.2761094570159912,-0.8786720037460327
1790030089829845000,2.764844970703125,-1.1228805780410767,-1.1228805780410767,-1.359906554222107
1790030089839885300,2.77488525390625,-1.7310078144073486,-0.6416460275650024,-1.2282254695892334
1790030089849895000,2.78489501953125,-1.6280571222305298,-1.4101848602294922,-1.6136919260025024
1790030089859904800,2.79490478515625,-2.183511972427368,-0.031124621629714966,-0.38546648621559143
1790030089889964500,2.824964599609375,0.6943184733390808,-0.43335050344467163,-0.912190854549408
1790030089899974400,2.834974365234375,1.0749965906143188,1.3934253454208374,0.6799532771110535
1790030089909984000,2.84498388671875,0.21547815203666687,0.5434837937355042,0.9696516990661621
1790030089919993900,2.854993896484375,0.9385270476341248,-0.5363011956214905,-1.3120225667953491
1790030089940044000,2.8750439453125,0.22744916379451752,0.0454898327589035,-0.7709329724311829
1790030089950053600,2.8850537109375,-1.580173134803772,1.3120225667953491,1.194706678390503
1790030089960063500,2.8950634765625,-2.7964274883270264,1.3407529592514038,1.2282254695892334
1790030089970042600,2.905042724609375,-2.7676970958709717,0.33518823981285095,-0.6153098344802856
1790030089980083000,2.9150830078125,-1.0271124839782715,0.8762778043746948,-1.7357962131500244
1790030089990092800,2.9250927734375,-0.8188169598579407,1.436521053314209,1.2114660739898682
1790030090000133000,2.935133056640625,-2.0470423698425293,0.47884035110473633,1.534683346748352
1790030090010142700,2.945142822265625,-2.9281086921691895,0.8619126081466675,0.7709329724311829
1790030090020183000,2.95518310546875,-2.3056161403656006,-0.14604631066322327,0.019153613597154617
1790030090050212400,2.98521240234375,-2.0901381969451904,1.01753568649292,-0.6847416758537292
1790030090140361200,3.075361328125,-2.964021682739258,1.9823989868164062,2.099714994430542
1790030090200450300,3.1354501953125,-1.9991583824157715,2.319981336593628,2.5234885215759277
1790030090210460200,3.145460205078125,-1.7046716213226318,1.9153614044189453,2.5330653190612793
1790030090220500500,3.15550048828125,-1.9704279899597168,2.3750481605529785,3.2297780513763428
1790030090230479600,3.165479736328125,-2.738966703414917,1.8938134908676147,3.624821424484253
1790030090240520000,3.17552001953125,-2.8155810832977295,1.8195933103561401,2.6431987285614014
1790030090260570000,3.195570068359375,-1.4293384552001953,1.5729905366897583,2.765302896499634
1790030090270579700,3.205579833984375,-0.9433154463768005,1.2114660739898682,3.0765492916107178
1790030090280650500,3.215650390625,-0.6847416758537292,1.2952631711959839,3.0885202884674072
1790030090340709000,3.275709228515625,-0.15322890877723694,1.1444283723831177,1.4987702369689941
1790030090410869000,3.345868896484375,-0.9241618514060974,0.7110779285430908,0.3519476354122162
1790030090460979000,3.39597900390625,-0.6799532771110535,-0.5746083855628967,-1.0031704902648926
1790030090471019300,3.406019287109375,-1.070208191871643,-2.3965959548950195,-0.7637503147125244
1790030090481059600,3.4160595703125,-1.414973258972168,-1.3455413579940796,-0.4620809257030487
1790030090491069200,3.426069091796875,-2.3247697353363037,1.2186486721038818,-0.12210428714752197
1790030090511089000,3.4460888671875,-0.40222588181495667,2.346317768096924,-0.8906430602073669
1790030090521098500,3.456098388671875,0.5315127968788147,0.6392518281936646,-0.6248866319656372
1790030090531138800,3.466138916015625,0.2513911724090576,0.5626373887062073,-0.040701430290937424
1790030090561168100,3.496168212890625,-1.556231141090393,-1.4437036514282227,-0.3256114423274994
1790030090581248800,3.516248779296875,-2.604891538619995,-0.31603461503982544,-0.42377370595932007
1790030090601268200,3.536268310546875,-1.0438719987869263,2.964021682739258,1.580173134803772
1790030090631328000,3.566327880859375,-2.3726539611816406,-1.4652514457702637,-0.47644615173339844
1790030090641337900,3.576337890625,-2.7533318996429443,-1.7908629179000854,0.545877993106842
1790030090651378200,3.586378173828125,-2.47560453414917,-1.2880805730819702,-0.43095630407333374
1790030090661418500,3.59641845703125,-1.678335428237915,-1.9560627937316895,-2.3702597618103027
1790030090671428000,3.606427978515625,-1.1851298809051514,-1.0271124839782715,-2.5665841102600098
1790030090681438000,3.61643798828125,-1.0223240852355957,-0.05746084079146385,0.0454898327589035
1790030090701488000,3.636488037109375,-1.886630892753601,1.8387469053268433,0.5027823448181152
1790030090711528200,3.646528076171875,-1.8124107122421265,-0.9648633003234863,-1.290474772453308
1790030090731548000,3.6665478515625,-1.1971008777618408,-2.296039342880249,-2.58813214302063
1790030090741557500,3.6765576171875,-1.0534487962722778,-2.3535003662109375,-2.5522189140319824
1790030090761577200,3.6965771484375,-0.33758243918418884,-0.6536170840263367,-2.030282974243164
1790030090781596700,3.7165966796875,1.3000515699386597,1.37906014919281,2.389413356781006
1790030090801646600,3.736646484375,-0.7350199222564697,-0.6272808313369751,0.7493851184844971
1790030090811656400,3.746656494140625,-2.3918075561523438,-0.3447650372982025,-0.9792284965515137
1790030090821666300,3.756666259765625,-2.518700122833252,-1.3551181554794312,-0.7757213711738586
1790030090831676000,3.766676025390625,-1.5514427423477173,-0.5961562395095825,-0.1867477297782898
1790030090841685800,3.776685791015625,-1.4269442558288574,0.3280056416988373,0.023942016065120697
1790030090851695600,3.786695556640625,-1.137245774269104,1.3311761617660522,0.16998831927776337
1790030090861705200,3.796705322265625,-0.7972691655158997,2.169146776199341,0.9768342971801758
1790030090881785900,3.816785888671875,-0.8619126081466675,-1.3766659498214722,0.1412578970193863
1790030090891826200,3.826826171875,-1.3551181554794312,-1.2425906658172607,-0.3926490843296051
1790030090901836000,3.8368359375,-2.1547815799713135,-0.05746084079146385,-0.3447650372982025
1790030090921916400,3.85691650390625,-1.7956513166427612,-0.689530074596405,0.1843535304069519
1790030090931956700,3.866956787109375,-1.1300631761550903,-0.5674257874488831,-0.45489832758903503
1790030090941997000,3.8769970703125,-0.9409212470054626,0.45489832758903503,-0.5506663918495178
1790030090962047000,3.897046875,-0.07900865375995636,1.5083470344543457,0.5746083855628967
1790030090972056800,3.907056884765625,-0.14365209639072418,-0.2968810200691223,0.4572925269603729
1790030090982066700,3.917066650390625,-0.8523358106613159,-2.0254945755004883,-1.094150185585022
1790030091022136300,3.95713623046875,-0.7086837291717529,0.6775590777397156,0.0933738648891449
1790030091042186200,3.977186279296875,-0.8571242094039917,-0.8762778043746948,-1.161187767982483
1790030091072307200,4.00730712890625,-0.5506663918495178,0.21547815203666687,-0.23942017555236816
1790030091082316800,4.01731689453125,-0.9409212470054626,-0.3663128614425659,-0.17717093229293823
1790030091122356000,4.05735595703125,-0.4620809257030487,0.12928688526153564,0.1412578970193863
1790030091132365600,4.067365478515625,-0.9026140570640564,-0.5003881454467773,-0.21547815203666687
1790030091142375400,4.07737548828125,-1.314416766166687,-0.7589619159698486,-0.5913678407669067
1790030091162395000,4.097394775390625,-0.6272808313369751,-0.22266076505184174,0.05506663769483566
1790030091192485400,4.1274853515625,-1.1252747774124146,0.05985504388809204,-0.42856210470199585
1790030091202495000,4.137494873046875,-0.35913026332855225,0.811634361743927,0.2322375625371933
1790030091212504800,4.1475048828125,-0.5123591423034668,0.9720458984375,0.17717093229293823
1790030091292674600,4.227674560546875,-1.1803414821624756,-0.7733271718025208,-0.8738836050033569
1790030091312694000,4.247694091796875,-0.10773907601833344,-0.5267243981361389,0.05746084079146385
1790030091322704000,4.257703857421875,0.06703764945268631,-0.11013327538967133,-0.30885201692581177
1790030091332744200,4.267744140625,-0.14604631066322327,0.4165911078453064,-0.40701428055763245
1790030091362804000,4.297803955078125,-0.6272808313369751,0.3926490843296051,-0.3447650372982025
1790030091412913700,4.34791357421875,-0.5554547905921936,0.11252748221158981,-1.0079588890075684
1790030091463023600,4.398023681640625,-0.667982280254364,-3.2776620388031006,-3.576937437057495
1790030091483012600,4.4180126953125,0.021547814831137657,-2.0207061767578125,-3.1028854846954346
1790030091493083400,4.42808349609375,1.1252747774124146,-2.9903578758239746,-5.413290023803711
1790030091503093200,4.43809326171875,1.2306196689605713,-4.37420654296875,-4.623203277587891
1790030091513072400,4.448072265625,0.730231523513794,-5.070919036865234,-4.031835556030273
1790030091523112700,4.45811279296875,0.5219359993934631,-4.716577529907227,-2.9448680877685547
1790030091583201800,4.518201904296875,-0.2753331959247589,-3.399766445159912,-3.090914487838745
1790030091593211600,4.528211669921875,-0.7781155705451965,-2.7222073078155518,-2.4444799423217773
1790030091603252000,4.538251953125,-1.4987702369689941,-2.3247697353363037,-1.9177556037902832
1790030091663463200,4.598463134765625,-2.564189910888672,-0.21547815203666687,-0.7996633648872375
1790030091673472800,4.60847265625,-3.24414324760437,-0.8140285611152649,-0.7733271718025208
1790030091683482600,4.618482666015625,-2.43011474609375,-0.9074024558067322,-1.482010841369629
1790030091693492500,4.628492431640625,-2.0231003761291504,0.9911994934082031,-0.14844051003456116
1790030091703563300,4.638563232421875,-1.702277421951294,0.9193734526634216,0.5339069962501526
1790030091713572900,4.64857275390625,-2.0422539710998535,0.4189853072166443,0.1173158809542656
1790030091723582700,4.658582763671875,-2.233790159225464,-0.3064578175544739,-0.6607996821403503
1790030091733592600,4.668592529296875,-1.8746598958969116,-0.6823474764823914,-0.9696516990661621
1790030091753642500,4.688642578125,-1.45806884765625,-1.3024457693099976,-0.6488286852836609
1790030091763682800,4.698682861328125,-1.7908629179000854,-0.17956513166427612,-0.42856210470199585
1790030091783702300,4.718702392578125,-1.9321208000183105,0.3495534360408783,-1.9081788063049316
1790030091793712000,4.728712158203125,-2.9448680877685547,0.47884035110473633,-1.2521674633026123
1790030091803722000,4.738721923828125,-2.403778553009033,-0.4213795065879822,-1.1276689767837524
1790030091813762000,4.748761962890625,-2.032677173614502,-0.2561795711517334,-0.2753331959247589
1790030091823772000,4.75877197265625,-1.3096283674240112,0.5602431893348694,0.6512228846549988
1790030091833812200,4.768812255859375,-0.9097966551780701,0.8595184087753296,0.7206547260284424
1790030091843852500,4.7788525390625,-0.22744916379451752,0.6607996821403503,-1.0654197931289673
1790030091863933200,4.79893310546875,-0.6823474764823914,0.7805097699165344,0.4884171485900879
1790030091873973200,4.80897314453125,-1.359906554222107,1.403002142906189,1.4891934394836426
1790030091884013600,4.819013671875,-1.5610195398330688,0.023942016065120697,0.6153098344802856
1790030091894023400,4.8290234375,-1.2952631711959839,-0.6177040338516235,-0.5793967843055725
1790030091904002600,4.83900244140625,-1.4748282432556152,-0.05506663769483566,-1.094150185585022
1790030091914043000,4.84904296875,-1.8339585065841675,0.6129156351089478,0.7422025203704834
1790030091924022300,4.859022216796875,-2.3535003662109375,0.14365209639072418,1.8938134908676147
1790030091934062600,4.8690625,-2.920926094055176,0.7781155705451965,2.0422539710998535
1790030091944072200,4.879072265625,-2.4588451385498047,-0.9433154463768005,-0.15562310814857483
1790030092014262800,4.9492626953125,-0.4213795065879822,-0.44771572947502136,0.6344634294509888
1790030092024272400,4.9592724609375,0.36152446269989014,-0.8020575642585754,0.1388636976480484
1790030092034282200,4.9692822265625,0.028730420395731926,-0.9528923034667969,-0.6177040338516235
1790030092074382300,5.00938232421875,0.05506663769483566,0.27054479718208313,-0.047884032130241394
1790030092124492000,5.059491943359375,-1.558625340461731,0.7565677165985107,1.6328455209732056
1790030092134502000,5.069501953125,-0.8858546018600464,1.137245774269104,0.7134721279144287
1790030092184520200,5.119520263671875,-2.2840683460235596,1.8794482946395874,2.470816135406494
1790030092264659500,5.199659423828125,-2.4612393379211426,2.652775526046753,2.7988216876983643
1790030092314738700,5.24973876953125,-0.586579442024231,0.9145850539207458,1.9057846069335938
1790030092354808300,5.289808349609375,-0.6560112833976746,1.292868971824646,0.3423708379268646
1790030092364787500,5.299787353515625,-0.2585737705230713,0.33279404044151306,0.5530605912208557
1790030092384837600,5.319837646484375,-0.3663128614425659,0.9816226959228516,0.6536170840263367
1790030092394847500,5.329847412109375,-0.6703764796257019,0.45250412821769714,0.5554547905921936
1790030092404826600,5.33982666015625,-0.811634361743927,0.26336219906806946,0.3280056416988373
1790030092414867000,5.349866943359375,-0.4381389021873474,-0.5722141861915588,-0.6847416758537292
1790030092424876800,5.359876708984375,0,-0.730231523513794,-1.039083480834961
1790030092434886400,5.369886474609375,-0.3256114423274994,0.33758243918418884,-0.19632454216480255
1790030092475017000,5.410016845703125,-1.800439715385437,-1.2521674633026123,-1.3215993642807007
1790030092485087700,5.420087646484375,-0.8307880163192749,-1.9105730056762695,-2.126051187515259
1790030092495128000,5.430128173828125,-0.8379706144332886,-0.8762778043746948,-1.036689281463623
1790030092505229600,5.4402294921875,-1.4317326545715332,0.20111294090747833,0.2849099934101105
1790030092515239200,5.4502392578125,-1.965639591217041,0.6153098344802856,0.8212111592292786
1790030092525249000,5.4602490234375,-1.4772224426269531,0.49799394607543945,0.5913678407669067
1790030092535319800,5.47031982421875,-0.6919242739677429,0.3878606855869293,0.4668693244457245
1790030092555369700,5.49036962890625,-0.4908113479614258,-1.0893617868423462,0.1628057211637497
1790030092575389400,5.510389404296875,-2.387019157409668,-0.5961562395095825,-0.9217676520347595
1790030092585399000,5.52039892578125,-2.425326347351074,0.790086567401886,0.35913026332855225
1790030092595409000,5.530408935546875,-2.4013843536376953,0.22505496442317963,1.0199298858642578
1790030092605418800,5.540418701171875,-1.699883222579956,-0.4357447028160095,-0.16759411990642548
1790030092615428400,5.550428466796875,-0.9433154463768005,-0.6631938815116882,-1.01753568649292
1790030092625438200,5.560438232421875,-0.7757213711738586,0,-0.8140285611152649
1790030092675517400,5.610517333984375,-1.8531121015548706,0.8690952062606812,-0.8762778043746948
1790030092685527300,5.62052734375,-0.7350199222564697,-0.5195417404174805,-1.699883222579956
1790030092695567600,5.630567626953125,-0.6991068720817566,-2.2361843585968018,-1.3934253454208374
1790030092705577500,5.640577392578125,-1.6280571222305298,-0.7134721279144287,-0.9385270476341248
1790030092765635800,5.7006357421875,-0.9744400978088379,-1.9321208000183105,-1.3431471586227417
1790030092785686000,5.72068603515625,-1.6184803247451782,-1.8722656965255737,-0.45010992884635925
1790030092795695900,5.73069580078125,-1.9177556037902832,-0.5913678407669067,-0.21787235140800476
1790030092805705500,5.74070556640625,-2.0829553604125977,0.6272808313369751,0.22505496442317963
1790030092815745800,5.750745849609375,-1.9153614044189453,0.8810662031173706,-0.5626373887062073
1790030092825755600,5.760755615234375,-1.4939818382263184,0.6799532771110535,-0.11971008777618408
1790030092835765200,5.77076513671875,-1.843535304069519,-0.9002198576927185,-0.21787235140800476
1790030092845805600,5.7808056640625,-2.207453966140747,-0.9145850539207458,-0.9002198576927185
1790030092855785000,5.790784912109375,-1.9704279899597168,-0.5554547905921936,-0.7613561153411865
1790030092865825300,5.8008251953125,-1.5658079385757446,-0.4213795065879822,-0.47405192255973816
1790030092895885000,5.830885009765625,-1.9129672050476074,1.1659762859344482,1.5298948287963867
1790030092905894700,5.840894775390625,-1.656787633895874,1.0582371950149536,0.8403648138046265
1790030092915904500,5.850904541015625,-1.9943699836730957,0.7493851184844971,-0.2801215946674347
1790030092955943700,5.890943603515625,-0.47405192255973816,-0.9888052940368652,-0.751779317855835
1790030093026134000,5.961134033203125,-1.5945383310317993,-0.8068459630012512,-0.9840168952941895
1790030093036174300,5.97117431640625,-0.751779317855835,-0.6200982332229614,-0.8044517636299133
1790030093046214700,5.981214599609375,-0.6248866319656372,-0.028730420395731926,-0.24660277366638184
1790030093056224300,5.991224365234375,-0.706289529800415,0.35434186458587646,-0.5291185975074768
1790030093066264600,6.0012646484375,-0.9528923034667969,0.608127236366272,-0.8355764150619507
1790030093076305000,6.011304931640625,-0.8355764150619507,0.7852981686592102,-0.3758896589279175
1790030093086345200,6.02134521484375,-0.8595184087753296,-0.15083470940589905,-0.2322375625371933
1790030093096355000,6.03135498046875,-1.1803414821624756,-0.9528923034667969,-0.569819986820221
1790030093106395100,6.04139501953125,-1.41257905960083,-0.9840168952941895,-0.8475474119186401
1790030093136455200,6.071455078125,-0.31842881441116333,-0.9840168952941895,-0.8044517636299133
1790030093146464800,6.08146484375,-0.5793967843055725,-0.9792284965515137,-0.6871358752250671
1790030093156474600,6.091474609375,-0.871489405632019,-1.0630255937576294,-0.7158663272857666
1790030093166484200,6.101484130859375,-0.608127236366272,-0.3471592366695404,-0.31842881441116333
1790030093176524500,6.111524658203125,-0.3687070608139038,0.9241618514060974,1.0079588890075684
1790030093186564900,6.12156494140625,-0.9313444495201111,1.2425906658172607,0.790086567401886
1790030093196574700,6.13157470703125,-1.766920804977417,0.8236053586006165,0.4213795065879822
1790030093226634500,6.161634521484375,-0.811634361743927,-0.12689268589019775,-0.6009446382522583
1790030093236644400,6.171644287109375,-0.7254431247711182,0.181959331035614,-0.4381389021873474
1790030093246654000,6.181654052734375,-0.8164227604866028,0.19153612852096558,-0.26096799969673157
1790030093266734600,6.201734619140625,-0.45010992884635925,0.21547815203666687,-0.272938996553421
1790030093276775000,6.21177490234375,-0.45010992884635925,0.2992752194404602,0.2801215946674347
1790030093296794400,6.23179443359375,-0.3974374830722809,0.07661445438861847,-0.08858546614646912
1790030093376933600,6.31193359375,-0.8738836050033569,0.4165911078453064,-0.08858546614646912
1790030093386943200,6.321943115234375,-0.9050082564353943,0.11013327538967133,-0.1388636976480484
1790030093396953000,6.331953125,-0.5386953949928284,-0.07422025501728058,0.09576806426048279
1790030093406963000,6.341962890625,-0.4141969084739685,0.31364041566848755,0.19632454216480255
1790030093416972500,6.35197265625,-0.6703764796257019,0.2322375625371933,0.10773907601833344
1790030093436992300,6.3719921875,-0.7565677165985107,-0.16759411990642548,-0.028730420395731926
1790030093447032300,6.3820322265625,-0.7422025203704834,-0.48602294921875,-0.22026655077934265
1790030093457042200,6.392042236328125,-0.8954314589500427,-0.7206547260284424,-0.6105214357376099
1790030093467052000,6.402052001953125,-0.9600749015808105,-0.8259995579719543,-0.8571242094039917
1790030093477092400,6.41209228515625,-0.8092401623725891,-0.40701428055763245,-0.5817909836769104
1790030093487132400,6.42213232421875,-0.7398083209991455,-1.290474772453308,-1.6903064250946045
1790030093497111800,6.43211181640625,0.031124621629714966,-2.1523873805999756,-2.296039342880249
1790030093507182600,6.4421826171875,0.0694318488240242,-2.449268341064453,-1.6903064250946045
1790030093527202000,6.4622021484375,-0.13407529890537262,-3.0334534645080566,-2.5234885215759277
1790030093547221800,6.4822216796875,0.727837324142456,-3.2537200450897217,-3.1747114658355713
1790030093557231400,6.4922314453125,0.5315127968788147,-2.27209734916687,-3.428496837615967
1790030093567241200,6.5022412109375,0.7182605266571045,-2.410961151123047,-3.825934410095215
1790030093577250800,6.512250732421875,0.5339069962501526,-2.5330653190612793,-3.2537200450897217
1790030093587260700,6.5222607421875,0.1412578970193863,-2.2888567447662354,-3.112462282180786
1790030093597270500,6.5322705078125,0.26815059781074524,-2.0853497982025146,-3.134010076522827
1790030093607310800,6.542310791015625,0.21308395266532898,-2.3942017555236816,-2.650381326675415
1790030093617320400,6.552320556640625,-0.26815059781074524,-2.2864625453948975,-2.6575639247894287
1790030093627391200,6.56239111328125,-0.38307225704193115,-1.7549498081207275,-2.2242133617401123
1790030093637401000,6.572401123046875,-0.5410895943641663,-1.5275006294250488,-2.4612393379211426
1790030093647441400,6.58244140625,-0.7781155705451965,-1.5945383310317993,-2.499546527862549
1790030093657451300,6.592451171875,-0.5674257874488831,-1.7932571172714233,-2.2002713680267334
1790030093737651500,6.6726513671875,-2.427720546722412,-0.3064578175544739,-0.3734954595565796
1790030093767711200,6.702711181640625,-1.7046716213226318,0.2849099934101105,0.05985504388809204
1790030093807872300,6.742872314453125,-1.3215993642807007,-0.4165911078453064,0.6943184733390808
1790030093817912600,6.75291259765625,-1.5634137392044067,0.10295066982507706,-0.9074024558067322
1790030093827922400,6.76292236328125,-2.070984363555908,1.3048399686813354,0.5674257874488831
1790030093837932000,6.77293212890625,-1.4101848602294922,1.2880805730819702,1.7741034030914307
1790030093847942000,6.78294189453125,-1.115697979927063,1.0295066833496094,1.5729905366897583
1790030093857982200,6.792982177734375,-1.4317326545715332,0.12928688526153564,-0.08619125932455063
1790030093867991800,6.80299169921875,-1.4748282432556152,0.3064578175544739,-0.9409212470054626
1790030093878001700,6.813001708984375,-1.9632453918457031,0.22744916379451752,-0.5674257874488831
1790030093888011500,6.823011474609375,-2.027888774871826,-0.6416460275650024,-0.6344634294509888
1790030093918101800,6.853101806640625,-2.1092917919158936,-1.5442601442337036,-2.121262788772583
1790030093928172500,6.863172607421875,-1.647210717201233,-0.9145850539207458,-1.7956513166427612
1790030093938182400,6.873182373046875,-1.192312479019165,1.036689281463623,0.4620809257030487
1790030093948192000,6.88319189453125,-1.2976573705673218,2.382230758666992,2.4013843536376953
1790030093958201900,6.893201904296875,-1.1276689767837524,0.586579442024231,1.2258312702178955
1790030093968211700,6.903211669921875,-1.0654197931289673,-0.7422025203704834,-1.1779472827911377
1790030093978221300,6.91322119140625,-1.4915876388549805,-2.808398485183716,-3.045424461364746
1790030093988231200,6.923231201171875,-2.367865562438965,-1.8602946996688843,-2.82515811920166
1790030093998241000,6.933240966796875,-3.3303346633911133,0.8667010068893433,-0.9265560507774353
1790030094008281300,6.94328125,-3.3734302520751953,1.9512743949890137,1.8076223134994507
1790030094018291000,6.953291015625,-1.9943699836730957,0.9217676520347595,1.7573440074920654
1790030094028300800,6.96330078125,-0.004788403399288654,0.45010992884635925,-0.5650315880775452
1790030094038310400,6.973310302734375,-0.29209262132644653,0.7469909191131592,-0.28969839215278625
1790030094048320300,6.9833203125,-1.194706678390503,0.14365209639072418,-0.2537853717803955
1790030094058330000,6.993330078125,-1.8962076902389526,0.6967126727104187,0.9864110946655273
1790030094068339700,7.003339599609375,-2.1739351749420166,0.5961562395095825,0.7709329724311829
1790030094088359400,7.023359375,-1.3000515699386597,-1.3718775510787964,-0.6943184733390808
1790030094098369000,7.033369140625,-0.8595184087753296,0.6991068720817566,-1.2713210582733154
1790030094108379000,7.04337890625,-1.1013327836990356,0.6320692300796509,0.2849099934101105
1790030094118388700,7.053388671875,-1.0534487962722778,1.235408067703247,1.316810965538025
1790030094128398300,7.0633984375,-1.764526605606079,1.699883222579956,2.2601263523101807
1790030094148418000,7.08341796875,-1.7190368175506592,-0.6751648783683777,-0.9959878921508789
1790030094158427600,7.093427734375,-0.3974374830722809,-0.3471592366695404,-1.161187767982483
1790030094198497300,7.133497314453125,-2.942473888397217,0.31124621629714966,0.768538773059845
1790030094238536400,7.173536376953125,-2.3104045391082764,1.944091796875,1.6089035272598267
1790030094248576500,7.183576416015625,-2.9017724990844727,0.9026140570640564,1.2665326595306396
1790030094278636500,7.213636474609375,-2.1140801906585693,0.8954314589500427,1.8914192914962769
1790030094288646100,7.223646240234375,-2.75812029838562,3.2297780513763428,2.7078421115875244
1790030094298656000,7.233656005859375,-3.641580820083618,3.134010076522827,3.552995204925537
1790030094308665900,7.243665771484375,-3.1747114658355713,2.8778305053710938,3.0310592651367188
1790030094318706000,7.253705810546875,-1.8052281141281128,2.9161376953125,3.162740468978882
1790030094328715800,7.2637158203125,-0.5746083855628967,2.3295583724975586,3.6750996112823486
1790030094368846300,7.303846435546875,-0.6248866319656372,1.4053963422775269,2.669534921646118
1790030094398875600,7.333875732421875,-0.2561795711517334,0.5267243981361389,1.158793568611145
1790030094418956300,7.353956298828125,-0.9864110946655273,1.2545616626739502,1.8579005002975464
1790030094428966100,7.363966064453125,-1.4173674583435059,0.4572925269603729,0.6823474764823914
1790030094448985600,7.383985595703125,-1.1061211824417114,0.17956513166427612,0.33039984107017517
1790030094479075800,7.414075927734375,-0.9289502501487732,0.0933738648891449,0.4141969084739685
1790030094489116200,7.4241162109375,-0.8882488012313843,-0.3687070608139038,-0.040701430290937424
1790030094499156500,7.434156494140625,-0.6105214357376099,0.7709329724311829,-0.014365210197865963
1790030094539226000,7.47422607421875,-1.036689281463623,-2.827552318572998,-1.3455413579940796
1790030094549297000,7.484296875,-0.6823474764823914,-1.9345149993896484,-1.6831238269805908
1790030094589335800,7.524335693359375,-0.9983820915222168,0.5051765441894531,-0.7398083209991455
1790030094619426300,7.55442626953125,-0.1628057211637497,-1.115697979927063,-0.8667010068893433
1790030094629436000,7.564435791015625,-1.2114660739898682,-1.3718775510787964,-0.6751648783683777
1790030094669536000,7.604535888671875,-0.4620809257030487,1.577778935432434,1.0055646896362305
1790030094679515400,7.614515380859375,-0.828393816947937,3.404554843902588,1.8626888990402222
1790030094709575200,7.6445751953125,-1.8124107122421265,-1.7836803197860718,-1.7310078144073486
1790030094739604500,7.6746044921875,-1.9153614044189453,-0.23702596127986908,-0.09816227108240128
1790030094759654400,7.694654296875,-1.2761094570159912,1.525106430053711,0.9552865028381348
1790030094779704600,7.71470458984375,-1.1803414821624756,-1.9297266006469727,-1.4772224426269531
1790030094789745000,7.724744873046875,-2.5474305152893066,-1.0199298858642578,-1.3670891523361206
1790030094809794800,7.744794921875,-2.293645143508911,0.4692635238170624,0.14365209639072418
1790030094849864400,7.784864501953125,-0.9050082564353943,0.4836287498474121,2.1475989818573
1790030094859874300,7.794874267578125,-1.6927006244659424,-1.5849615335464478,0.9528923034667969
1790030094940135400,7.875135498046875,-1.314416766166687,-0.828393816947937,-0.2825157940387726
1790030094950175700,7.88517578125,-1.2042834758758545,-0.6440402865409851,-0.4405331015586853
1790030094960216000,7.895216064453125,-0.9911994934082031,-0.19632454216480255,-0.0933738648891449
1790030094970226000,7.905225830078125,-1.335964560508728,-0.35434186458587646,0.0933738648891449
1790030094990245400,7.925245361328125,-1.824381709098816,-0.24660277366638184,-0.49799394607543945
1790030095000316200,7.935316162109375,-2.03507137298584,-0.033518824726343155,-0.16998831927776337
1790030095010326000,7.945325927734375,-2.0877439975738525,0.009576806798577309,-0.23702596127986908
1790030095020366000,7.955365966796875,-1.4293384552001953,-2.0039467811584473,-1.8267759084701538
1790030095030376000,7.9653759765625,-0.9457096457481384,-1.2856862545013428,-1.3311761617660522
1790030095040385800,7.9753857421875,-0.9983820915222168,-0.5482721924781799,-0.3878606855869293
1790030095050395400,7.9853955078125,-0.6248866319656372,0.16759411990642548,0.2059013396501541
1790030095120524800,8.05552490234375,-1.1563993692398071,0.933738648891449,0.7829039692878723
1790030095130565000,8.065565185546875,-1.721431016921997,0.8954314589500427,0.7733271718025208
1790030095150615300,8.085615234375,-1.2186486721038818,0.3016694188117981,-0.507570743560791
1790030095210674000,8.145673828125,-1.036689281463623,-0.26815059781074524,0.3687070608139038
1790030095220683500,8.15568359375,-1.5729905366897583,-0.8667010068893433,0.629675030708313
1790030095230723800,8.165723876953125,-1.8076223134994507,-1.0678139925003052,-0.5578489899635315
1790030095240764200,8.17576416015625,-1.45806884765625,-1.4245500564575195,-1.3263877630233765
1790030095250804500,8.185804443359375,-0.9959878921508789,-1.5490485429763794,-1.3503297567367554
1790030095260844800,8.1958447265625,-0.6991068720817566,-1.170764684677124,-1.1037269830703735
1790030095270854400,8.2058544921875,-0.5027823448181152,-0.8475474119186401,-1.4460978507995605
1790030095280894700,8.215894775390625,-0.038307227194309235,-0.19393034279346466,-0.933738648891449
1790030095290904600,8.225904541015625,0.3447650372982025,0.4836287498474121,-0.22266076505184174
1790030095300975400,8.235975341796875,-0.13168109953403473,0.6248866319656372,-0.33039984107017517
1790030095310985000,8.24598486328125,-1.170764684677124,-0.6153098344802856,-0.9864110946655273
1790030095321025300,8.256025390625,-1.3527239561080933,-0.849941611289978,-1.766920804977417
1790030095331096000,8.266095947265624,-0.7948749661445618,-0.3519476354122162,-0.9720458984375
1790030095341106000,8.27610595703125,-0.14604631066322327,-0.1364694982767105,-0.6248866319656372
1790030095351115800,8.28611572265625,-0.31842881441116333,-0.13407529890537262,-0.8307880163192749
1790030095361156000,8.296156005859375,-0.8690952062606812,-0.4357447028160095,-1.2713210582733154
1790030095371165700,8.306165771484375,-0.7541735172271729,-0.29209262132644653,-1.9847931861877441
1790030095381175600,8.316175537109375,-0.5291185975074768,-0.3878606855869293,-1.8842366933822632
1790030095401225500,8.3362255859375,0.0071826050989329815,-0.9002198576927185,-1.0223240852355957
1790030095421245200,8.3562451171875,-0.706289529800415,-0.4141969084739685,0.33039984107017517
1790030095431254800,8.3662548828125,-0.6536170840263367,-0.44532153010368347,1.0534487962722778
1790030095441264600,8.3762646484375,-0.4405331015586853,-0.3423708379268646,0.8188169598579407
1790030095451305000,8.386304931640625,-0.2777273952960968,-0.0694318488240242,-0.038307227194309235
1790030095461345300,8.39634521484375,-0.1388636976480484,0.26336219906806946,-0.08379705995321274
1790030095471385300,8.40638525390625,-0.26096799969673157,0.18914192914962769,-0.12449848651885986
1790030095491374600,8.42637451171875,-0.10534487664699554,0.5027823448181152,0.13407529890537262
1790030095511485400,8.4464853515625,-0.4141969084739685,-0.2513911724090576,0.014365210197865963
1790030095531505200,8.466505126953125,-0.5147533416748047,-0.6177040338516235,0.2298433631658554
1790030095541514800,8.4765146484375,-0.8978256583213806,-0.4189853072166443,-0.5147533416748047
1790030095551585500,8.48658544921875,-0.5746083855628967,-0.5291185975074768,-1.048660397529602
1790030095561595400,8.496595458984375,-0.17238251864910126,-0.6177040338516235,-0.706289529800415
1790030095571635700,8.5066357421875,-0.1604115068912506,-0.6943184733390808,-0.569819986820221
1790030095591655200,8.5266552734375,0.12210428714752197,-1.1348515748977661,-0.9385270476341248
1790030095601726000,8.536725830078124,-0.05027823522686958,-1.4963760375976562,-1.3694833517074585
1790030095641826000,8.576825927734374,-0.7709329724311829,-3.7205893993377686,-3.294421434402466
1790030095651836000,8.5868359375,-1.0414776802062988,-2.33913516998291,-3.1938650608062744
1790030095661845800,8.596845703125,-0.6727706789970398,-1.8986018896102905,-3.8977603912353516
1790030095671855400,8.60685546875,0.2777273952960968,-2.231395959854126,-3.9863457679748535
1790030095681895700,8.616895751953125,0.4357447028160095,-2.894589900970459,-3.861847400665283
1790030095691905500,8.626905517578125,0.20111294090747833,-3.8810009956359863,-3.821146011352539
1790030095701915100,8.6369150390625,-0.31842881441116333,-3.488351821899414,-3.428496837615967
1790030095711925000,8.646925048828125,-0.4596867263317108,-2.365471363067627,-2.8610711097717285
1790030095741984800,8.67698486328125,-0.26336219906806946,-3.112462282180786,-2.7748796939849854
1790030095752025000,8.687025146484375,-0.2298433631658554,-3.0861260890960693,-2.070984363555908
1790030095762065400,8.6970654296875,-0.18914192914962769,-1.8962076902389526,-1.338358759880066
1790030095772136200,8.70713623046875,-0.9241618514060974,-1.8602946996688843,-1.5275006294250488
1790030095782146000,8.71714599609375,-1.9321208000183105,-2.250549554824829,-1.900996208190918
1790030095792186400,8.727186279296875,-2.2457611560821533,-1.259350061416626,-0.9409212470054626
1790030095802196000,8.737196044921875,-2.1978771686553955,-0.3519476354122162,-0.29209262132644653
1790030095842265600,8.777265625,-2.983175277709961,-0.13407529890537262,-1.3551181554794312
1790030095852275500,8.787275390625,-2.425326347351074,0.608127236366272,-0.24181437492370605
1790030095872295000,8.807294921875,-2.255337953567505,0.5770025849342346,0.33518823981285095
1790030095882335200,8.817335205078125,-2.2409727573394775,0.9959878921508789,0.6919242739677429
1790030095912364500,8.847364501953125,-1.8411411046981812,1.5705963373184204,1.2042834758758545
1790030095922404900,8.85740478515625,-2.2457611560821533,1.6950948238372803,1.6687586307525635
1790030095962443800,8.89744384765625,-0.950498104095459,-0.18914192914962769,-1.0821791887283325
1790030095982524400,8.9175244140625,0.07422025501728058,0.181959331035614,0.5554547905921936
1790030095992534300,8.9275341796875,-0.4692635238170624,-0.6009446382522583,-0.6368576288223267
1790030096002543900,8.9375439453125,0.11013327538967133,-0.8475474119186401,-1.7525556087493896
1790030096012553700,8.9475537109375,-0.3926490843296051,-0.6536170840263367,-1.0342950820922852
1790030096052592600,8.987592529296874,-0.8595184087753296,-1.4963760375976562,-1.9249382019042969
1790030096062602500,8.9976025390625,-0.44771572947502136,-0.8762778043746948,-1.721431016921997
1790030096072642800,9.007642822265625,-1.3407529592514038,1.2856862545013428,-0.11252748221158981
1790030096082652700,9.017652587890625,-1.8962076902389526,1.5969325304031372,1.5825673341751099
1790030096092662300,9.027662353515625,-1.659181833267212,0.12210428714752197,1.1683704853057861
1790030096102672100,9.037672119140625,-0.6129156351089478,0.31364041566848755,-0.8092401623725891
1790030096112743000,9.047742919921875,-0.6536170840263367,0.20350714027881622,-0.8212111592292786
1790030096122752800,9.057752685546875,-1.8531121015548706,1.0295066833496094,-1.0462661981582642
1790030096132762400,9.067762451171875,-2.164358377456665,1.0414776802062988,-0.47165772318840027
1790030096142772200,9.077772216796875,-2.0901381969451904,1.37906014919281,-0.35434186458587646
1790030096152843000,9.087843017578125,-1.723825216293335,1.2042834758758545,0.07900865375995636
1790030096162883300,9.09788330078125,-1.7549498081207275,1.1252747774124146,1.237802267074585
1790030096182902800,9.11790283203125,-0.7398083209991455,-0.26575639843940735,0.5650315880775452
1790030096192912600,9.12791259765625,-1.1683704853057861,0.26096799969673157,1.3646949529647827
1790030096202953000,9.137952880859375,-1.742978811264038,1.2018892765045166,1.4508862495422363
1790030096223003000,9.1580029296875,-2.382230758666992,-0.33997663855552673,0.4118026793003082
1790030096233012700,9.1680126953125,-1.0821791887283325,0.026336219161748886,-0.545877993106842
1790030096263072500,9.198072509765625,-2.7700912952423096,0.3902548849582672,1.6927006244659424
1790030096283092000,9.218092041015625,-2.846705913543701,-0.45489832758903503,-0.22744916379451752
1790030096293101800,9.228101806640625,-2.612074136734009,-0.7230489253997803,-0.4141969084739685
1790030096313151700,9.24815185546875,-2.537853717803955,1.4173674583435059,1.338358759880066
1790030096323161600,9.25816162109375,-2.580949544906616,2.2433669567108154,1.6879122257232666
1790030096333171500,9.26817138671875,-2.341529369354248,2.4133553504943848,1.7262194156646729
1790030096343181000,9.27818115234375,-1.7764976024627686,0.8619126081466675,1.1061211824417114
1790030096353251800,9.288251953125,-1.2665326595306396,0.9050082564353943,1.094150185585022
1790030096363261700,9.29826171875,-1.403002142906189,0.8738836050033569,1.580173134803772
1790030096383311600,9.3183115234375,-1.6352397203445435,1.6950948238372803,2.0805611610412598
1790030096403331300,9.338331298828125,-1.4867992401123047,1.8914192914962769,2.604891538619995
1790030096413341000,9.3483408203125,-0.6344634294509888,1.9369091987609863,2.4827871322631836
1790030096423350800,9.358350830078125,-0.002394201699644327,1.623268723487854,3.56017804145813
1790030096433391000,9.36839111328125,0.043095629662275314,1.2234370708465576,3.8163576126098633
1790030096443370200,9.378370361328125,0.07182604819536209,1.4245500564575195,3.19865345954895
1790030096463420400,9.39842041015625,0.2968810200691223,2.2673089504241943,3.1268274784088135
1790030096473399600,9.408399658203125,-0.15562310814857483,2.33913516998291,1.98958158493042
1790030096483439900,9.41843994140625,-0.3208230137825012,1.6735470294952393,1.4915876388549805
1790030096493480200,9.428480224609375,-0.8738836050033569,1.0127472877502441,1.7717092037200928
1790030096503490000,9.438489990234375,-1.4173674583435059,0.8379706144332886,1.6160861253738403
1790030096513469200,9.44846923828125,-1.359906554222107,0.1843535304069519,1.1228805780410767
1790030096543529000,9.478529052734375,-1.1540051698684692,1.580173134803772,0.689530074596405
1790030096593639000,9.528638916015625,-2.0590133666992188,-0.6272808313369751,-0.4644751250743866
1790030096663798800,9.598798828125,-1.4652514457702637,-1.6352397203445435,-0.363918662071228
1790030096683818200,9.618818359375,-1.7262194156646729,0.5339069962501526,-0.5985504388809204
1790030096743907300,9.6789072265625,-0.689530074596405,-0.3902548849582672,0.507570743560791
1790030096793986800,9.72898681640625,-0.8810662031173706,-0.5482721924781799,-1.192312479019165
1790030096803996700,9.73899658203125,-0.9792284965515137,-0.15322890877723694,-1.2234370708465576
1790030096854106400,9.7891064453125,-1.5729905366897583,-1.8100165128707886,-1.0295066833496094
1790030096934276000,9.869276123046875,-0.9385270476341248,0.26336219906806946,-1.3646949529647827
1790030096944286000,9.879285888671875,-0.9433154463768005,-0.507570743560791,-0.9289502501487732
1790030096954326000,9.889325927734374,-0.9816226959228516,-1.2258312702178955,-1.4293384552001953
1790030096964366300,9.899366455078125,-0.9433154463768005,-1.0055646896362305,-1.599326729774475
1790030096994426000,9.929426025390624,-0.43335050344467163,-0.3687070608139038,0.3256114423274994
1790030097034526200,9.969526123046874,-2.140416383743286,-2.1045033931732178,-1.8842366933822632
1790030097044536000,9.9795361328125,-1.7836803197860718,-2.4660277366638184,-1.2713210582733154
1790030097054576400,9.989576416015625,-1.1204863786697388,-1.6352397203445435,-0.6440402865409851
1790030097064586200,9.999586181640625,-0.6943184733390808,-0.42616790533065796,-0.24420857429504395
1790030097074657000,10.009656982421875,-0.21547815203666687,0.47884035110473633,0.4668693244457245
1790030097104686300,10.039686279296875,-0.5386953949928284,-0.7445967197418213,-1.525106430053711
1790030097134776600,10.069776611328125,-0.9289502501487732,-0.6200982332229614,-1.4077905416488647
1790030097144786400,10.079786376953125,-0.35913026332855225,-0.181959331035614,-0.871489405632019
1790030097154796000,10.089796142578125,0.3064578175544739,-0.5123591423034668,-0.4357447028160095
1790030097164806000,10.099805908203125,0.586579442024231,-0.026336219161748886,1.1899182796478271
1790030097174815700,10.109815673828125,0.05267243832349777,-0.11013327538967133,0.28730419278144836
1790030097184825300,10.119825439453125,-0.07422025501728058,0.4141969084739685,-0.363918662071228
1790030097194835200,10.129835205078125,-0.08858546614646912,-0.031124621629714966,-0.05746084079146385
1790030097204845000,10.139844970703125,-0.8020575642585754,-0.6943184733390808,-0.0694318488240242
1790030097214885000,10.149885009765624,-1.5825673341751099,-0.5482721924781799,-0.31842881441116333
1790030097224895000,10.15989501953125,-1.5275006294250488,-0.3734954595565796,-0.5674257874488831
1790030097234904800,10.16990478515625,-1.3527239561080933,0.23702596127986908,0.3734954595565796
1790030097264995000,10.1999951171875,-0.8882488012313843,-0.4165911078453064,0.002394201699644327
1790030097275005000,10.2100048828125,-0.7613561153411865,-0.933738648891449,-1.091755986213684
1790030097305064700,10.240064697265625,-1.4915876388549805,0.7230489253997803,0.24420857429504395
1790030097315074300,10.25007421875,-1.3766659498214722,0.7733271718025208,0.1149216815829277
1790030097345103600,10.280103515625,-0.811634361743927,-0.20111294090747833,-0.6392518281936646
1790030097355144000,10.29014404296875,-0.8188169598579407,-0.751779317855835,-1.1563993692398071
1790030097365184300,10.300184326171875,-0.4429273009300232,-0.49320554733276367,-1.137245774269104
1790030097375194000,10.310194091796875,-0.16759411990642548,0.3495534360408783,-0.8619126081466675
1790030097385203700,10.32020361328125,-0.26575639843940735,0.5291185975074768,-0.47884035110473633
1790030097395213600,10.330213623046875,-0.28730419278144836,0.3256114423274994,-0.507570743560791
1790030097405223400,10.340223388671875,-0.5650315880775452,0.05267243832349777,-0.8236053586006165
1790030097415263700,10.350263671875,-0.8451532125473022,-0.5386953949928284,-0.9026140570640564
1790030097425273300,10.3602734375,-0.7254431247711182,-0.38307225704193115,-0.4405331015586853
1790030097445323500,10.380323486328125,-0.5123591423034668,0.090979665517807,-0.47165772318840027
1790030097465343000,10.400343017578125,-0.49320554733276367,-0.011971008032560349,-0.2561795711517334
1790030097475352800,10.410352783203125,-0.6967126727104187,-0.20350714027881622,-0.5746083855628967
1790030097495402800,10.43040283203125,-0.6033388376235962,-0.08619125932455063,-0.6871358752250671
1790030097505412600,10.44041259765625,-0.6033388376235962,0.023942016065120697,-0.45250412821769714
1790030097525462500,10.460462646484375,-0.45010992884635925,-0.22266076505184174,-0.35913026332855225
1790030097535502800,10.4705029296875,-0.5937620401382446,-0.7350199222564697,-0.3208230137825012
1790030097555553000,10.490552978515625,-0.5386953949928284,-0.7038952708244324,0.12449848651885986
1790030097575572500,10.510572509765625,-0.21787235140800476,-0.7086837291717529,-0.2992752194404602
1790030097585551600,10.520551513671874,-0.48602294921875,-1.1180921792984009,-0.7996633648872375
1790030097605632300,10.54063232421875,-0.7158663272857666,-1.0606313943862915,0.4668693244457245
1790030097645671400,10.58067138671875,-0.3447650372982025,-0.993593692779541,-2.2864625453948975
1790030097715861800,10.65086181640625,0.5722141861915588,-2.829946517944336,-3.1651346683502197
1790030097725871600,10.66087158203125,0.13407529890537262,-2.3127987384796143,-2.8419175148010254
1790030097755992300,10.690992431640625,-0.2082955539226532,-2.3127987384796143,-2.894589900970459
1790030097826152200,10.761152099609374,-2.7485435009002686,-2.3535003662109375,-1.845929503440857
1790030097836162000,10.771162109375,-2.935291290283203,-1.4700398445129395,-1.8267759084701538
1790030097846202400,10.781202392578125,-2.22660756111145,-0.5722141861915588,-2.0254945755004883
1790030097876262100,10.81126220703125,-0.3280056416988373,-1.0582371950149536,-2.1571757793426514
1790030097956462300,10.89146240234375,-1.3239935636520386,-0.43095630407333374,0.043095629662275314
1790030097996532000,10.931531982421875,-1.2521674633026123,-1.0055646896362305,-0.9289502501487732
1790030098006541800,10.941541748046875,-1.0271124839782715,-0.14604631066322327,-1.4389152526855469
1790030098026591700,10.961591796875,-1.2952631711959839,-1.656787633895874,-1.4772224426269531
1790030098036632000,10.971632080078125,-0.8690952062606812,-1.0103530883789062,-1.6041151285171509
1790030098046642000,10.981641845703125,-1.3311761617660522,0.7158663272857666,-0.36152446269989014
1790030098096782000,11.031781982421874,-0.19393034279346466,-0.9528923034667969,-0.4165911078453064
1790030098116862700,11.05186279296875,-4.094084739685059,-1.0295066833496094,0.19153612852096558
1790030098136913000,11.071912841796875,-3.584120035171509,0.7254431247711182,-0.9217676520347595
1790030098166972700,11.10197265625,-0.4429273009300232,1.534683346748352,0.15083470940589905
1790030098176982300,11.111982177734374,-0.011971008032560349,0.7781155705451965,1.764526605606079
1790030098237102000,11.17210205078125,-2.0901381969451904,2.5689783096313477,1.6136919260025024
1790030098307353600,11.242353515625,-2.231395959854126,2.121262788772583,2.736572504043579
1790030098347484200,11.282484130859375,-2.10210919380188,2.6671407222747803,3.6343982219696045
1790030098417735700,11.352735595703125,-1.0462661981582642,0.569819986820221,2.276885747909546
1790030098517924900,11.4529248046875,-0.31364041566848755,0.6320692300796509,0.7565677165985107
1790030098527934500,11.4629345703125,-0.5434837937355042,0.6560112833976746,1.479616641998291
1790030098547923500,11.48292333984375,-1.3215993642807007,0.689530074596405,1.482010841369629
1790030098587993000,11.5229931640625,-1.0342950820922852,1.2090718746185303,-0.0933738648891449
1790030098598033400,11.533033447265625,-1.9273324012756348,0.5003881454467773,0.28730419278144836
1790030098608073700,11.54307373046875,-2.4660277366638184,-0.26575639843940735,-0.3016694188117981
1790030098618083600,11.55308349609375,-1.946485996246338,-0.2537853717803955,-0.6751648783683777
1790030098628123600,11.56312353515625,-1.0342950820922852,-0.6033388376235962,0.15562310814857483
1790030098698375200,11.633375244140625,-2.0590133666992188,-1.8124107122421265,-1.3503297567367554
1790030098778545000,11.713544921875,-0.7972691655158997,-2.389413356781006,-1.8962076902389526
1790030098788585200,11.723585205078125,-1.4437036514282227,-2.691082715988159,-1.2090718746185303
1790030098798625500,11.73362548828125,-1.98958158493042,-0.002394201699644327,0.19393034279346466
1790030098808635100,11.74363525390625,-1.8938134908676147,0.5123591423034668,0.002394201699644327
1790030098818675500,11.753675537109375,-1.2449848651885986,0.9074024558067322,-0.7350199222564697
1790030098848735200,11.7837353515625,-0.646434485912323,-1.0031704902648926,-0.10055647045373917
1790030098858745000,11.7937451171875,-0.9816226959228516,-0.6368576288223267,-0.9193734526634216
1790030098868724200,11.80372412109375,-1.1540051698684692,-0.28969839215278625,-1.2090718746185303
1790030098878764500,11.8137646484375,-0.6248866319656372,-0.08619125932455063,-1.1252747774124146
1790030098898784300,11.8337841796875,-0.7350199222564697,1.158793568611145,0.3016694188117981
1790030098908793900,11.8437939453125,-0.17717093229293823,0.14365209639072418,-0.7565677165985107
1790030098918834200,11.853834228515625,-0.17238251864910126,-0.6488286852836609,-0.9481038451194763
1790030098928874500,11.86387451171875,-0.4357447028160095,-1.237802267074585,-0.8667010068893433
1790030098958995500,11.893995361328125,-1.1252747774124146,-1.0893617868423462,-0.6392518281936646
1790030099009166300,11.944166259765625,-0.13407529890537262,-2.765302896499634,-1.3862427473068237
1790030099019206400,11.954206298828124,-0.4596867263317108,-2.2385785579681396,-1.2449848651885986
1790030099039226000,11.97422607421875,0.7637503147125244,-2.4636335372924805,-1.987187385559082
1790030099049266400,11.984266357421875,0.5482721924781799,-1.2880805730819702,-0.7158663272857666
1790030099059276000,11.994276123046875,0.5650315880775452,0.8307880163192749,0.7589619159698486
1790030099069286000,12.004285888671875,-0.22744916379451752,3.5889084339141846,2.0685901641845703
1790030099079326200,12.014326171875,-1.137245774269104,3.227383852005005,2.070984363555908
1790030099089335800,12.024335693359374,-1.37906014919281,1.9823989868164062,0.6057330369949341
1790030099099345700,12.034345703125,-1.173158884048462,0.21308395266532898,0.36152446269989014
1790030099109355500,12.04435546875,-1.161187767982483,-0.9289502501487732,-0.4692635238170624
1790030099129375000,12.064375,-1.3623007535934448,-0.6871358752250671,-1.6280571222305298
1790030099169536000,12.104535888671874,-0.10773907601833344,-0.2513911724090576,-1.3335703611373901
1790030099249705700,12.184705810546875,-0.17717093229293823,-1.0773907899856567,-1.015141487121582
1790030099309856000,12.24485595703125,-1.139639973640442,-0.15322890877723694,-0.7709329724311829
1790030099329875500,12.26487548828125,0.031124621629714966,-0.6105214357376099,-0.47165772318840027
1790030099339885300,12.27488525390625,-0.4692635238170624,-0.507570743560791,-0.42616790533065796
1790030099349895000,12.28489501953125,-0.5817909836769104,-0.49559974670410156,-0.43335050344467163
1790030099359935200,12.294935302734375,-0.5386953949928284,-0.08858546614646912,-0.689530074596405
1790030099369975600,12.3049755859375,-0.28730419278144836,0.26096799969673157,-0.7015010714530945
1790030099379985400,12.3149853515625,0.021547814831137657,0.5913678407669067,-0.3663128614425659
1790030099399974400,12.334974365234375,-0.05985504388809204,-0.05506663769483566,-0.1388636976480484
1790030099420085500,12.35508544921875,-0.5051765441894531,0.35434186458587646,0.3016694188117981
1790030099430095000,12.36509521484375,-0.47884035110473633,0.9217676520347595,0.19871874153614044
1790030099440105000,12.37510498046875,-0.6991068720817566,1.0749965906143188,0.0694318488240242
1790030099450145300,12.385145263671875,-0.8212111592292786,0.828393816947937,0.17238251864910126
1790030099470164700,12.405164794921875,-0.8044517636299133,0.7805097699165344,-0.026336219161748886
1790030099480205000,12.415205078125,-0.8523358106613159,0.7182605266571045,0.08140286058187485
1790030099490215000,12.42521484375,-0.8667010068893433,0.849941611289978,0.1412578970193863
1790030099500255000,12.4352548828125,-0.9481038451194763,0.5339069962501526,0.10773907601833344
1790030099510234400,12.445234375,-0.7254431247711182,-0.028730420395731926,0.8690952062606812
1790030099520305200,12.45530517578125,-0.751779317855835,-0.24181437492370605,1.2449848651885986
1790030099590404000,12.525404052734375,0.047884032130241394,-1.7764976024627686,-1.314416766166687
1790030099630504200,12.565504150390625,0.3711012601852417,-2.2457611560821533,-2.853888511657715
1790030099650554000,12.58555419921875,1.0271124839782715,-2.7246015071868896,-3.361459255218506
1790030099690593300,12.62559326171875,0.7350199222564697,-3.1914708614349365,-2.7509377002716064
1790030099720622600,12.65562255859375,-0.1364694982767105,-2.7485435009002686,-2.4899697303771973
1790030099730632200,12.665632080078124,-0.33279404044151306,-1.5610195398330688,-1.4628572463989258
1790030099740642000,12.67564208984375,-0.004788403399288654,-1.479616641998291,-1.6136919260025024
1790030099750682400,12.685682373046875,0.17477671802043915,-1.9321208000183105,-2.1787235736846924
1790030099760692200,12.695692138671875,-0.2537853717803955,-1.8076223134994507,-2.43011474609375
1790030099780742100,12.7157421875,-1.2880805730819702,-1.3934253454208374,-1.9991583824157715
1790030099810863000,12.745863037109375,-0.9457096457481384,-0.1628057211637497,-0.3471592366695404
1790030099820903200,12.755903076171874,-1.3886369466781616,-0.2968810200691223,-1.599326729774475
1790030099830943500,12.765943603515625,-1.867477297782898,0.2298433631658554,-1.0630255937576294
1790030099841014300,12.77601416015625,-0.9696516990661621,0.1149216815829277,-0.12449848651885986
1790030099851054600,12.7860546875,-0.7541735172271729,-0.11252748221158981,-0.33518823981285095
1790030099861095000,12.796094970703125,-1.1875240802764893,-0.021547814831137657,-1.4915876388549805
1790030099881145000,12.81614501953125,-1.1779472827911377,-1.1468225717544556,-1.5059528350830078
1790030099891154700,12.82615478515625,-0.5386953949928284,-1.4317326545715332,-1.845929503440857
1790030099901164500,12.83616455078125,0.42377370595932007,-0.3926490843296051,-0.5626373887062073
1790030099911204900,12.846204833984375,0.8954314589500427,0.27054479718208313,0.2059013396501541
1790030099921214500,12.85621435546875,0.586579442024231,0.33758243918418884,0.4189853072166443
1790030099951274500,12.8862744140625,-1.5131354331970215,-0.26336219906806946,-0.6320692300796509
1790030099961284000,12.8962841796875,-1.9512743949890137,-1.05105459690094,-0.7589619159698486
1790030099971294000,12.9062939453125,-1.290474772453308,-1.6663644313812256,-1.4915876388549805
1790030099991374600,12.92637451171875,-0.646434485912323,0.11971008777618408,0.0071826050989329815
1790030100001384200,12.93638427734375,-0.6871358752250671,-0.3256114423274994,-1.0558429956436157
1790030100011394000,12.94639404296875,-0.790086567401886,1.0869675874710083,-0.5386953949928284
1790030100021403600,12.956403564453124,-1.1204863786697388,0.395043283700943,0.26575639843940735
1790030100061442800,12.99644287109375,0.05027823522686958,-0.44771572947502136,-0.3902548849582672
1790030100101482000,13.03648193359375,-0.811634361743927,1.436521053314209,2.652775526046753
1790030100121562400,13.056562255859374,-1.113303780555725,-0.608127236366272,-0.7398083209991455
1790030100131572200,13.066572265625,-1.194706678390503,-1.3694833517074585,-1.6615760326385498
1790030100141612500,13.076612548828125,-0.9097966551780701,0.45489832758903503,-0.47405192255973816
1790030100151622400,13.086622314453125,-2.0207061767578125,1.8962076902389526,2.31758713722229
1790030100161632000,13.096632080078125,-2.1140801906585693,1.4963760375976562,2.7700912952423096
1790030100171641900,13.106641845703125,-1.2282254695892334,-0.43095630407333374,1.2976573705673218
1790030100181682200,13.11668212890625,-0.2059013396501541,-1.8842366933822632,-1.2066776752471924
1790030100191691800,13.12669189453125,-0.33039984107017517,0.009576806798577309,-0.8427590131759644
1790030100201732000,13.136732177734375,-1.699883222579956,0.8236053586006165,1.0007762908935547
1790030100211742000,13.146741943359375,-2.913743495941162,1.656787633895874,1.8626888990402222
1790030100221751600,13.15675146484375,-2.911349296569824,1.2880805730819702,2.564189910888672
1790030100231822600,13.166822509765625,-1.644816517829895,-0.4141969084739685,0.5339069962501526
1790030100241832200,13.176832275390625,-0.646434485912323,-0.727837324142456,-1.0965443849563599
1790030100301982500,13.236982421875,-1.256955862045288,1.3742717504501343,0.3208230137825012
1790030100382121500,13.31712158203125,0.16759411990642548,0.7972691655158997,0.7661445140838623
1790030100412150800,13.34715087890625,0.14604631066322327,1.6519991159439087,3.665522813796997
1790030100422160600,13.35716064453125,-0.6751648783683777,0.8738836050033569,3.265691041946411
1790030100432201000,13.367200927734375,-1.2425906658172607,0.8092401623725891,3.224989652633667
1790030100452281300,13.38728125,-1.8938134908676147,2.892195701599121,4.335899353027344
1790030100462321700,13.39732177734375,-2.315192937850952,4.180276393890381,4.311957359313965
1790030100512401200,13.447401123046875,-1.9488801956176758,0.9648633003234863,3.485957622528076
1790030100522410800,13.45741064453125,-1.889025092124939,0.7326257228851318,2.7916390895843506
1790030100542461000,13.4774609375,-1.745373010635376,0.7038952708244324,2.2146365642547607
1790030100612620800,13.547620849609375,-0.2561795711517334,-0.14604631066322327,0.6847416758537292
1790030100662700300,13.5977001953125,-0.6248866319656372,1.2234370708465576,0.21787235140800476
1790030100672740400,13.607740234375,-0.8810662031173706,1.556231141090393,0.002394201699644327
1790030100682750200,13.617750244140625,-0.912190854549408,0.10055647045373917,-1.2186486721038818
1790030100692760000,13.627760009765625,-1.0582371950149536,-0.48602294921875,-0.9696516990661621
1790030100702769700,13.637769775390625,-1.4748282432556152,-1.1899182796478271,-0.45250412821769714
1790030100712840400,13.64784033203125,-1.7357962131500244,-0.7134721279144287,-0.7326257228851318
1790030100722850300,13.657850341796875,-1.3431471586227417,0.6272808313369751,-0.28730419278144836
1790030100732860200,13.667860107421875,-1.0965443849563599,0.6560112833976746,0.7374141216278076
1790030100742869800,13.677869873046875,-1.6328455209732056,2.0039467811584473,1.1851298809051514
1790030100752910000,13.68791015625,-1.745373010635376,1.1755530834197998,0.5363011956214905
1790030100762920000,13.697919921875,-0.933738648891449,-1.8387469053268433,-1.2665326595306396
1790030100772960300,13.707960205078125,-0.8427590131759644,-1.5322890281677246,-1.3551181554794312
1790030100782969900,13.717969970703125,-1.137245774269104,-0.8188169598579407,-0.5147533416748047
1790030100793010200,13.72801025390625,-1.4963760375976562,-0.3687070608139038,-0.1867477297782898
1790030100803020000,13.73802001953125,-1.886630892753601,1.3431471586227417,0.8140285611152649
1790030100813060400,13.748060302734375,-2.499546527862549,1.4652514457702637,1.4269442558288574
1790030100823039500,13.75803955078125,-1.6352397203445435,1.5753847360610962,0.3663128614425659
1790030100833079800,13.768079833984375,-0.689530074596405,0.8738836050033569,0.3998316824436188
1790030100843120000,13.7781201171875,-0.47165772318840027,-1.1013327836990356,0.06224924325942993
1790030100853160400,13.788160400390625,-1.256955862045288,-2.3965959548950195,-0.6200982332229614
1790030100863139600,13.7981396484375,-2.070984363555908,-1.6376339197158813,0.14844051003456116
1790030100873210400,13.80821044921875,-2.6815059185028076,-0.7493851184844971,0.07900865375995636
1790030100883250700,13.818250732421875,-1.8507179021835327,0.5386953949928284,-1.522712230682373
1790030100893260500,13.828260498046875,-1.2090718746185303,1.434126853942871,-0.9193734526634216
1790030100913341000,13.8483408203125,-2.0015525817871094,0.6368576288223267,-0.19153612852096558
1790030100933360600,13.868360595703125,-2.0829553604125977,-2.7006595134735107,-0.9840168952941895
1790030100943401000,13.87840087890625,-1.1252747774124146,-2.252943754196167,-2.669534921646118
1790030100953410600,13.88841064453125,-0.3926490843296051,-1.4101848602294922,-2.9305028915405273
1790030100983470300,13.91847021484375,0.5674257874488831,0.2059013396501541,0.6440402865409851
1790030101003520500,13.9385205078125,0.1628057211637497,-0.6584054827690125,-1.2880805730819702
1790030101013560800,13.948560791015625,-0.009576806798577309,-0.9002198576927185,-1.1827356815338135
1790030101023570400,13.9585703125,-0.20111294090747833,-1.173158884048462,-1.070208191871643
1790030101033580300,13.968580322265625,-0.3734954595565796,-1.2282254695892334,-1.4987702369689941
1790030101053630500,13.98863037109375,-0.4213795065879822,-0.6919242739677429,-0.524330198764801
1790030101063640000,13.99864013671875,-0.5003881454467773,-0.31124621629714966,0.2346317619085312
1790030101073680400,14.008680419921875,-0.021547814831137657,-0.3998316824436188,-0.4189853072166443
1790030101083720700,14.018720703125,0.08619125932455063,0.043095629662275314,-0.5219359993934631
1790030101113811000,14.04881103515625,-0.8810662031173706,0.9002198576927185,0.7158663272857666
1790030101153911000,14.0889111328125,-1.137245774269104,-0.304063618183136,0.7924807667732239
1790030101224071000,14.15907080078125,-0.47884035110473633,0.10295066982507706,-0.5410895943641663
1790030101264171000,14.1991708984375,-1.580173134803772,-0.8930372595787048,-1.4173674583435059
1790030101324321300,14.2593212890625,-0.3902548849582672,-0.7781155705451965,0.019153613597154617
1790030101334331100,14.2693310546875,-0.42616790533065796,-0.40940847992897034,0.07422025501728058
1790030101344340700,14.2793408203125,-0.871489405632019,0.038307227194309235,-0.7661445140838623
1790030101354320100,14.289320068359375,-0.7829039692878723,-0.05746084079146385,-1.070208191871643
1790030101364360200,14.299360107421874,-0.5913678407669067,0.16998831927776337,-0.6871358752250671
1790030101374370000,14.3093701171875,-0.8834604024887085,1.1492167711257935,-0.016759412363171577
1790030101384380000,14.3193798828125,-1.0989385843276978,1.522712230682373,-0.026336219161748886
1790030101394389500,14.329389404296874,-0.8954314589500427,0.3280056416988373,-0.5746083855628967
1790030101404429800,14.339429931640625,-0.9457096457481384,-0.6560112833976746,-0.727837324142456
1790030101414470100,14.34947021484375,-0.8882488012313843,-0.9241618514060974,-0.33039984107017517
1790030101434520300,14.369520263671875,-0.6320692300796509,-0.06224924325942993,-0.7757213711738586
1790030101454570200,14.3895703125,-0.6536170840263367,0.002394201699644327,0.7948749661445618
1790030101464610600,14.399610595703125,-0.395043283700943,-0.3471592366695404,0.7374141216278076
1790030101484630000,14.419630126953125,0.0454898327589035,-0.2585737705230713,0.45010992884635925
1790030101494639900,14.429639892578125,0.19632454216480255,0.07182604819536209,0.4668693244457245
1790030101514689800,14.449689697265624,0.2849099934101105,-0.1628057211637497,-0.304063618183136
1790030101524669200,14.459669189453125,0.031124621629714966,0.181959331035614,-0.3926490843296051
1790030101544749800,14.479749755859375,-0.47644615173339844,-0.22026655077934265,-0.2801215946674347
1790030101554759400,14.489759521484375,-0.667982280254364,-0.45250412821769714,-0.4908113479614258
1790030101564769300,14.499769287109375,-0.811634361743927,-0.21787235140800476,-0.5841852426528931
1790030101574748400,14.50974853515625,-0.7254431247711182,-0.06224924325942993,-0.31603461503982544
1790030101584788700,14.519788818359375,-0.730231523513794,-0.6584054827690125,-0.2082955539226532
1790030101594859500,14.529859619140625,-0.7781155705451965,-0.2777273952960968,0.1388636976480484
1790030101604899800,14.53989990234375,-0.8834604024887085,-0.023942016065120697,0.10295066982507706
1790030101614909700,14.54990966796875,-0.6775590777397156,0.009576806798577309,-0.06464344263076782
1790030101624919300,14.559919189453124,-0.45010992884635925,-0.3232172429561615,0.181959331035614
1790030101644969500,14.579969482421875,-0.33279404044151306,-0.26815059781074524,0.2537853717803955
1790030101654979300,14.589979248046875,-0.28730419278144836,-0.2106897532939911,0.19871874153614044
1790030101705089000,14.640089111328125,-0.12928688526153564,0.0933738648891449,-1.173158884048462
1790030101715099000,14.650098876953125,-0.2753331959247589,0.3663128614425659,-1.0342950820922852
1790030101725139200,14.66013916015625,-0.5339069962501526,0.5578489899635315,-0.23702596127986908
1790030101765300200,14.70030029296875,-0.6009446382522583,-0.5913678407669067,-1.7693150043487549
1790030101775310000,14.71031005859375,-0.3758896589279175,-0.608127236366272,-2.4636335372924805
1790030101785319700,14.720319580078124,-0.15083470940589905,-1.070208191871643,-2.449268341064453
1790030101855479800,14.790479736328125,1.0869675874710083,-3.2800562381744385,-4.414907932281494
1790030101945720000,14.880719970703124,-0.1149216815829277,-0.4668693244457245,0.05985504388809204
1790030101965739800,14.90073974609375,-2.2002713680267334,-1.965639591217041,-1.2832920551300049
1790030101975749400,14.910749267578124,-2.580949544906616,-1.86508309841156,-2.382230758666992
1790030102045878800,14.980878662109374,-0.5554547905921936,-0.8331822156906128,-0.912190854549408
1790030102085948400,15.020948486328125,-1.6352397203445435,-1.5083470344543457,-3.004723072052002
1790030102095988700,15.03098876953125,-1.6136919260025024,-0.6153098344802856,-2.185906171798706
1790030102105998600,15.04099853515625,-1.1683704853057861,0.950498104095459,-0.10773907601833344
1790030102116069400,15.0510693359375,-0.5650315880775452,0.0933738648891449,0.21787235140800476
1790030102126079000,15.061078857421874,-0.06224924325942993,-0.7422025203704834,-0.5410895943641663
1790030102136119300,15.071119384765625,-0.993593692779541,0.1628057211637497,0.12449848651885986
1790030102146129200,15.081129150390625,-1.5179238319396973,-0.5147533416748047,0.2561795711517334
1790030102156169500,15.09116943359375,-1.8315643072128296,-0.4165911078453064,-1.2401964664459229
1790030102176249900,15.111249755859374,-1.9393033981323242,-0.014365210197865963,0.3902548849582672
1790030102196269600,15.13126953125,-1.1228805780410767,0.6272808313369751,0.5746083855628967
1790030102206279200,15.141279052734374,-1.766920804977417,0.7852981686592102,1.5658079385757446
1790030102216289000,15.1512890625,-1.9728221893310547,1.4652514457702637,0.5195417404174805
1790030102226329300,15.161329345703125,-2.276885747909546,0.040701430290937424,-0.2106897532939911
1790030102236339200,15.171339111328125,-2.056619167327881,-0.26815059781074524,-0.18914192914962769
1790030102246348800,15.181348876953125,-3.066972494125366,0.4836287498474121,0.933738648891449
1790030102256419600,15.191419677734375,-3.624821424484253,0.524330198764801,1.50355863571167
1790030102266429400,15.201429443359375,-3.758896589279175,-0.05267243832349777,-0.8595184087753296
1790030102276439300,15.211439208984375,-3.203441858291626,0.6057330369949341,-1.3239935636520386
1790030102296458800,15.231458740234375,-2.9305028915405273,0.9050082564353943,0.2801215946674347
1790030102306499000,15.2414990234375,-2.2577321529388428,-0.24660277366638184,-0.5602431893348694
1790030102316508700,15.2515087890625,-1.5131354331970215,-0.1412578970193863,-0.629675030708313
1790030102326518500,15.2615185546875,-1.9728221893310547,-0.16519992053508759,0.5315127968788147
1790030102336528400,15.2715283203125,-2.1547815799713135,0.7661445140838623,-0.9792284965515137
1790030102346568400,15.281568359375,-1.987187385559082,-0.011971008032560349,-0.5889736413955688
1790030102356608800,15.29160888671875,-2.1739351749420166,1.0654197931289673,-0.2322375625371933
1790030102416789500,15.35178955078125,-1.7286136150360107,1.5658079385757446,1.920149803161621
1790030102466868700,15.40186865234375,-1.1899182796478271,2.942473888397217,3.445256233215332
1790030102527019000,15.46201904296875,-1.3000515699386597,2.2146365642547607,4.867412090301514
1790030102547069200,15.482069091796875,-1.4987702369689941,2.408566951751709,4.4723687171936035
1790030102577098200,15.51209814453125,-1.6280571222305298,2.008735179901123,1.3287819623947144
1790030102607127600,15.54212744140625,-1.4437036514282227,1.766920804977417,0.7326257228851318
1790030102627147300,15.562147216796875,-1.6831238269805908,2.073378562927246,0.5410895943641663
1790030102637156900,15.572156982421875,-1.37906014919281,1.98958158493042,0.07661445438861847
1790030102647166700,15.582166748046875,-1.0582371950149536,0.9409212470054626,0.4165911078453064
1790030102657145900,15.592145751953124,-1.5634137392044067,0.8236053586006165,1.2545616626739502
1790030102667186200,15.602186279296875,-2.0805611610412598,-0.011971008032560349,0.9241618514060974
1790030102677196000,15.612196044921875,-2.013523578643799,-0.3256114423274994,0.5315127968788147
1790030102687206000,15.622205810546875,-1.7477672100067139,-0.6272808313369751,0.7876923680305481
1790030102757274000,15.692274169921875,-2.3558945655822754,1.4987702369689941,0.5961562395095825
1790030102767314400,15.702314453125,-2.296039342880249,-0.5554547905921936,-0.05267243832349777
1790030102777324300,15.71232421875,-2.030282974243164,-1.5825673341751099,-0.790086567401886
1790030102787334000,15.722333984375,-2.8371291160583496,-1.9536685943603516,-0.2777273952960968
1790030102807384000,15.742384033203125,-3.2968156337738037,-0.9050082564353943,-2.0661959648132324
1790030102817393700,15.7523935546875,-2.0207061767578125,-0.8595184087753296,-2.4157495498657227
1790030102837443800,15.77244384765625,-1.2713210582733154,2.209848165512085,0.9313444495201111
1790030102857524500,15.7925244140625,-3.8163576126098633,-1.8531121015548706,-0.7829039692878723
1790030102867595300,15.80259521484375,-4.10366153717041,-2.3774423599243164,-0.7350199222564697
1790030102877604900,15.81260498046875,-3.3016040325164795,-2.1092917919158936,-1.3287819623947144
1790030102887645200,15.822645263671875,-2.207453966140747,-1.357512354850769,-2.1978771686553955
1790030102897685500,15.832685546875,-1.2330138683319092,-0.6368576288223267,-1.8124107122421265
1790030102937785600,15.87278564453125,-1.1324573755264282,1.0989385843276978,0.6057330369949341
1790030102947826000,15.882825927734375,-2.2601263523101807,-0.871489405632019,-1.213860273361206
1790030102957835800,15.892835693359375,-2.145204782485962,-2.741360902786255,-3.7205893993377686
1790030102967845400,15.902845458984375,-2.2649147510528564,-2.027888774871826,-2.892195701599121
1790030102977855200,15.912855224609375,-1.647210717201233,-2.0877439975738525,-1.9967641830444336
1790030102987864800,15.92286474609375,-0.7637503147125244,0.1173158809542656,-0.14844051003456116
1790030102997874700,15.932874755859375,-0.5793967843055725,1.2473790645599365,1.2186486721038818
1790030103007884500,15.942884521484375,-0.47644615173339844,3.399766445159912,3.1196448802948
1790030103017894100,15.95289404296875,-1.5322890281677246,1.4963760375976562,1.1252747774124146
1790030103038005200,15.973005126953124,-3.177105665206909,-1.403002142906189,-2.3965959548950195
1790030103048015000,15.98301513671875,-2.846705913543701,-0.5147533416748047,-0.06224924325942993
1790030103068065300,16.003065185546873,-1.3718775510787964,0.1149216815829277,0.3902548849582672
1790030103078075000,16.013074951171873,-0.9792284965515137,-0.016759412363171577,-0.42377370595932007
1790030103098125000,16.033125,-0.9959878921508789,-0.6967126727104187,0.2753331959247589
1790030103108134700,16.043134765625,-2.073378562927246,0.09816227108240128,-0.37828385829925537
1790030103118114000,16.053114013671873,-3.339911460876465,1.1492167711257935,-0.22505496442317963
1790030103138225200,16.07322509765625,-2.1571757793426514,-0.7972691655158997,-0.35434186458587646
1790030103148234800,16.08323486328125,-1.8602946996688843,-1.8052281141281128,-0.7972691655158997
1790030103158244600,16.09324462890625,-1.7741034030914307,-2.671929121017456,-1.644816517829895
1790030103168254500,16.10325439453125,-1.338358759880066,-2.145204782485962,-2.1739351749420166
1790030103178325200,16.1133251953125,-0.3902548849582672,-0.871489405632019,-0.9050082564353943
1790030103188334800,16.1233349609375,-0.14844051003456116,-0.6248866319656372,-0.7541735172271729
1790030103198344700,16.1333447265625,-0.49799394607543945,-0.9361328482627869,-1.8698714971542358
1790030103208385000,16.143385009765623,-0.9744400978088379,-0.24899697303771973,-1.3096283674240112
1790030103218425300,16.15342529296875,-0.5937620401382446,-0.7182605266571045,-1.7932571172714233
1790030103228435000,16.16343505859375,-0.2537853717803955,-0.8619126081466675,-1.3024457693099976
1790030103248485000,16.183485107421873,-1.3455413579940796,-0.7230489253997803,-1.7597382068634033
1790030103258525400,16.193525390625,-0.8643068075180054,-0.933738648891449,-2.1978771686553955
1790030103338695000,16.27369482421875,-1.1204863786697388,-0.8667010068893433,-1.3910311460494995
1790030103378825700,16.31382568359375,-0.4884171485900879,-0.7829039692878723,-0.2322375625371933
1790030103388835300,16.32383544921875,-0.5315127968788147,-1.2976573705673218,-0.4405331015586853
1790030103408885500,16.343885498046873,-0.9097966551780701,-1.0342950820922852,-0.5554547905921936
1790030103428935400,16.363935302734376,-0.5602431893348694,0.05267243832349777,0.05985504388809204
1790030103438945300,16.3739453125,-0.2082955539226532,0.4668693244457245,0.4165911078453064
1790030103448955100,16.383955078125,-0.272938996553421,0.2322375625371933,0.37828385829925537
1790030103458964700,16.39396484375,-0.6248866319656372,0.44771572947502136,0.23702596127986908
1790030103469005000,16.404005126953123,-0.6560112833976746,0.7206547260284424,0.047884032130241394
1790030103489085700,16.424085693359373,-0.13407529890537262,0.6512228846549988,0.7493851184844971
1790030103499095600,16.434095458984373,-0.19632454216480255,0.7230489253997803,0.6153098344802856
1790030103509105200,16.444105224609373,-0.3734954595565796,0.8355764150619507,0.43095630407333374
1790030103569286000,16.504285888671873,-0.35673606395721436,0.524330198764801,0.5315127968788147
1790030103579295700,16.514295654296873,-0.4908113479614258,0.4381389021873474,0.6512228846549988
1790030103589305300,16.524305419921873,-0.7086837291717529,0.6631938815116882,0.706289529800415
1790030103599315200,16.534315185546873,-0.4620809257030487,0.608127236366272,0.49799394607543945
1790030103609324800,16.54432470703125,-0.37828385829925537,0.49320554733276367,0.22266076505184174
1790030103619365000,16.554365234375,-0.5267243981361389,0.4118026793003082,0.24660277366638184
1790030103639415300,16.574415283203123,-0.706289529800415,0.2298433631658554,-0.2106897532939911
1790030103649425000,16.5844248046875,-0.8044517636299133,-0.15801730751991272,-0.11013327538967133
1790030103659465200,16.59446533203125,-0.5027823448181152,-0.42616790533065796,-0.42616790533065796
1790030103669505500,16.604505615234373,-0.4812345504760742,-0.29209262132644653,-0.6871358752250671
1790030103689555700,16.6245556640625,-0.6560112833976746,-0.5746083855628967,-1.194706678390503
1790030103699565300,16.6345654296875,-0.6344634294509888,-0.6344634294509888,-0.9409212470054626
1790030103709605600,16.644605712890623,-0.5578489899635315,-1.3670891523361206,-1.8579005002975464
1790030103719646000,16.65464599609375,-0.6631938815116882,-2.607285737991333,-3.1196448802948
1790030103739696000,16.674696044921873,-0.6847416758537292,-3.335123062133789,-4.0964789390563965
1790030103749705700,16.684705810546873,-0.9193734526634216,-2.209848165512085,-3.3279404640197754
1790030103759715600,16.694715576171873,-0.20350714027881622,-2.9544448852539062,-3.5242648124694824
1790030103799754500,16.73475439453125,1.0247182846069336,-3.5170822143554688,-3.162740468978882
1790030103829845000,16.764844970703123,0.05267243832349777,-1.5155296325683594,-2.9951462745666504
1790030103839885300,16.77488525390625,0.5315127968788147,-2.03507137298584,-3.4620156288146973
1790030103849895000,16.78489501953125,0.11013327538967133,-1.7884687185287476,-2.8850131034851074
1790030103859935200,16.794935302734373,-0.009576806798577309,-2.094926595687866,-2.4133553504943848
1790030103869945000,16.804945068359373,0.4620809257030487,-1.2042834758758545,-1.50355863571167
1790030103879954700,16.81495458984375,-0.1628057211637497,-0.7757213711738586,-0.629675030708313
1790030103889964500,16.824964599609373,-1.070208191871643,-0.7589619159698486,-0.8547300100326538
1790030103900035300,16.835035400390623,-1.192312479019165,-0.6799532771110535,-0.9528923034667969
1790030103910075600,16.84507568359375,-1.1276689767837524,-0.7158663272857666,-1.2832920551300049
1790030103920054800,16.8550546875,-2.0853497982025146,-0.31842881441116333,-1.460463047027588
1790030103930095000,16.86509521484375,-2.027888774871826,-0.5171475410461426,-1.3000515699386597
1790030103970164700,16.905164794921873,-1.2832920551300049,-0.6512228846549988,-1.3838485479354858
1790030104010234400,16.945234375,-1.7956513166427612,-1.7693150043487549,-0.44771572947502136
1790030104020244200,16.955244140625,-2.2673089504241943,0.14844051003456116,-1.3862427473068237
1790030104040294100,16.975294189453123,-0.5027823448181152,-0.40462008118629456,-0.507570743560791
1790030104050334500,16.98533447265625,-0.5841852426528931,-0.004788403399288654,-0.7015010714530945
1790030104060374800,16.995374755859373,-0.8068459630012512,-0.014365210197865963,-0.6655880808830261
1790030104110454000,17.0454541015625,-1.5059528350830078,-1.3766659498214722,-1.0965443849563599
1790030104130473700,17.0654736328125,-1.194706678390503,0.31842881441116333,1.1875240802764893
1790030104190593300,17.12559326171875,-1.965639591217041,-0.33758243918418884,-0.06464344263076782
1790030104210582300,17.145582275390623,-3.3207578659057617,1.3742717504501343,1.5969325304031372
1790030104220592000,17.155592041015623,-1.6496049165725708,-1.039083480834961,-1.9943699836730957
1790030104230663000,17.165662841796873,-1.0247182846069336,-0.24660277366638184,-1.5490485429763794
1790030104240672500,17.175672607421873,-2.252943754196167,0.19632454216480255,0.035913024097681046
1790030104250712800,17.185712890625,-2.3367409706115723,1.173158884048462,0.49559974670410156
1790030104260692200,17.195692138671873,-2.2146365642547607,1.5729905366897583,1.1971008777618408
1790030104290813000,17.22581298828125,-1.237802267074585,0.45489832758903503,-0.5027823448181152
1790030104300822800,17.23582275390625,-1.745373010635376,1.4413094520568848,-0.4692635238170624
1790030104310832400,17.245832275390626,-2.027888774871826,1.5107412338256836,0.9648633003234863
1790030104320872700,17.255872802734373,-2.315192937850952,1.0989385843276978,1.2425906658172607
1790030104330882600,17.265882568359373,-2.8562827110290527,-0.12689268589019775,0.8475474119186401
1790030104340861700,17.27586181640625,-2.252943754196167,-0.9169792532920837,-0.12449848651885986
1790030104350902000,17.285902099609373,-0.48602294921875,-0.6105214357376099,-0.040701430290937424
1790030104360912000,17.295911865234373,-0.040701430290937424,0.9457096457481384,1.3670891523361206
1790030104370921500,17.30592138671875,-1.1563993692398071,1.4844050407409668,1.9704279899597168
1790030104431010800,17.3660107421875,-2.2840683460235596,2.142810583114624,2.5450363159179688
1790030104461040000,17.3960400390625,-2.410961151123047,0.7805097699165344,0.9169792532920837
1790030104471111000,17.40611083984375,-1.821987509727478,1.2210428714752197,0.6320692300796509
1790030104511180300,17.44618017578125,-0.22744916379451752,1.6208745241165161,2.691082715988159
1790030104531200000,17.466199951171873,0.12210428714752197,2.0422539710998535,2.3774423599243164
1790030104541240300,17.476240234375,-0.011971008032560349,3.0166940689086914,3.023876667022705
1790030104551250000,17.48625,-0.5937620401382446,3.1507694721221924,3.5625722408294678
1790030104571269400,17.506269287109376,-0.8738836050033569,2.497152328491211,1.6950948238372803
1790030104601268200,17.536268310546873,-1.5059528350830078,0.5722141861915588,1.3192051649093628
1790030104611308500,17.54630859375,-1.5705963373184204,1.7621324062347412,1.3024457693099976
1790030104621288000,17.556287841796873,-1.50355863571167,2.7772738933563232,1.1204863786697388
1790030104631297500,17.566297607421873,-1.1420341730117798,2.434903144836426,0.8427590131759644
1790030104641307400,17.576307373046873,-0.4141969084739685,2.1332337856292725,1.1252747774124146
1790030104651347700,17.58634765625,-0.33518823981285095,-1.3096283674240112,1.434126853942871
1790030104661357300,17.596357421875,-0.545877993106842,-2.2361843585968018,0.811634361743927
1790030104671367200,17.6063671875,-2.3056161403656006,0.1149216815829277,0.17717093229293823
1790030104691386600,17.62638671875,-2.1763293743133545,0.8236053586006165,-0.42616790533065796
1790030104711406300,17.64640625,-0.8547300100326538,0.8571242094039917,-0.19153612852096558
1790030104751506400,17.68650634765625,-3.3901896476745605,0.33279404044151306,1.0630255937576294
1790030104791545300,17.72654541015625,-1.944091796875,2.6024973392486572,-0.13407529890537262
1790030104801524700,17.736524658203123,-2.604891538619995,4.955997467041016,2.0470423698425293
1790030104831584500,17.76658447265625,-3.778050184249878,-3.2824504375457764,-1.0965443849563599
1790030104851634400,17.786634521484373,-4.089296340942383,-1.0414776802062988,-1.6974890232086182
1790030104861644300,17.796644287109373,-2.6791117191314697,-1.8818424940109253,-0.9481038451194763
1790030104871623400,17.80662353515625,-1.0582371950149536,-1.3551181554794312,-1.8339585065841675
1790030104881663700,17.816663818359373,-0.033518824726343155,-2.1954829692840576,-1.6927006244659424
1790030104891704000,17.8267041015625,0.33039984107017517,-2.4205379486083984,-1.4077905416488647
1790030104961833500,17.89683349609375,-1.580173134803772,-0.4812345504760742,-1.6543933153152466
1790030105021922600,17.956922607421873,-0.7924807667732239,-0.12928688526153564,-0.7038952708244324
1790030105031932400,17.966932373046873,-0.5746083855628967,0.5195417404174805,0.8475474119186401
1790030105041942000,17.97694189453125,-0.8547300100326538,-0.40222588181495667,1.0319008827209473
1790030105051951900,17.986951904296873,-0.9361328482627869,-1.280897855758667,-0.6512228846549988
1790030105071971300,18.006971435546873,-0.6248866319656372,-1.036689281463623,-0.4118026793003082
1790030105082011600,18.01701171875,-0.7661445140838623,0.26096799969673157,0.18914192914962769
1790030105092021500,18.027021484375,-0.7757213711738586,0.7924807667732239,0.8667010068893433
1790030105122081300,18.057081298828123,-1.3431471586227417,-0.5003881454467773,-0.3256114423274994
1790030105132152000,18.067152099609373,-1.4987702369689941,-0.1604115068912506,0.35434186458587646
1790030105142162000,18.077161865234373,-1.290474772453308,-0.49799394607543945,0.6488286852836609
1790030105152202200,18.0872021484375,-1.5873557329177856,-0.4357447028160095,0.11013327538967133
1790030105162242300,18.0972421875,-2.0159177780151367,-0.9959878921508789,-0.7422025203704834
1790030105182292500,18.11729248046875,-1.400607943534851,0.08140286058187485,0.21787235140800476
1790030105192302300,18.12730224609375,-1.0438719987869263,0.028730420395731926,-0.4620809257030487
1790030105212321800,18.14732177734375,-0.20350714027881622,1.7693150043487549,0.5961562395095825
1790030105232402400,18.16740234375,-0.871489405632019,-0.27054479718208313,-1.3287819623947144
1790030105242412000,18.177412109375,-0.8690952062606812,-0.8667010068893433,-1.5897499322891235
1790030105262523100,18.197523193359373,-1.05105459690094,-0.2322375625371933,-1.0414776802062988
1790030105272533000,18.207532958984373,-0.7757213711738586,-0.3208230137825012,-1.3455413579940796
1790030105282542600,18.21754248046875,-0.49799394607543945,0.06464344263076782,-0.9026140570640564
1790030105292583000,18.2275830078125,-0.3734954595565796,0.37828385829925537,-1.0055646896362305
1790030105322642700,18.257642578125,0.12210428714752197,-0.7086837291717529,-0.849941611289978
1790030105332652500,18.267652587890623,0.40222588181495667,-0.17477671802043915,-0.3878606855869293
1790030105342662400,18.277662353515623,0.06703764945268631,0.4836287498474121,0.24420857429504395
1790030105352672000,18.287672119140623,-0.47884035110473633,0.16759411990642548,0.35434186458587646
1790030105362712300,18.29771240234375,-1.036689281463623,-0.4908113479614258,0.31842881441116333
1790030105372783000,18.307783203125,-0.7637503147125244,-0.9648633003234863,-0.043095629662275314
1790030105382793000,18.31779296875,-0.2944868206977844,-0.6153098344802856,-0.6775590777397156
1790030105392833300,18.327833251953123,-0.2753331959247589,0.33279404044151306,-0.028730420395731926
1790030105402873600,18.33787353515625,-0.47884035110473633,0.6919242739677429,0.43335050344467163
1790030105412883200,18.34788330078125,-0.9145850539207458,1.036689281463623,0.29209262132644653
1790030105422862600,18.357862548828123,-1.0965443849563599,0.9648633003234863,0.11971008777618408
1790030105442912500,18.37791259765625,-0.3687070608139038,-0.17477671802043915,0.4429273009300232
1790030105452952800,18.387952880859373,-0.7924807667732239,0.05746084079146385,0.9385270476341248
1790030105513103000,18.44810302734375,-0.17238251864910126,0.6919242739677429,-0.8140285611152649
1790030105523112700,18.45811279296875,0.0454898327589035,0.4165911078453064,-1.0055646896362305
1790030105533122600,18.46812255859375,0.1843535304069519,0.28730419278144836,-0.9624691009521484
1790030105553203200,18.488203125,-0.07900865375995636,-0.5554547905921936,-0.6440402865409851
1790030105563243300,18.4982431640625,-0.4668693244457245,-0.9648633003234863,-0.1628057211637497
1790030105593333800,18.528333740234373,-0.6009446382522583,-1.558625340461731,-0.5746083855628967
1790030105633403400,18.5684033203125,-0.4141969084739685,-1.2210428714752197,-2.499546527862549
1790030105653453300,18.588453369140623,-0.2825157940387726,-1.2856862545013428,-2.3750481605529785
1790030105663493600,18.59849365234375,-0.1173158809542656,-1.7190368175506592,-2.3989901542663574
1790030105673503500,18.60850341796875,0.05267243832349777,-1.9321208000183105,-2.360682964324951
1790030105683543600,18.61854345703125,0.5722141861915588,-2.5282769203186035,-2.341529369354248
1790030105693553400,18.628553466796873,0.6799532771110535,-2.5713725090026855,-2.097320795059204
1790030105703593700,18.63859375,0.49799394607543945,-2.408566951751709,-2.161964178085327
1790030105763713300,18.69871337890625,-1.4652514457702637,-1.7956513166427612,-2.293645143508911
1790030105793803800,18.7288037109375,-0.6200982332229614,-3.2752678394317627,-2.806004285812378
1790030105803813400,18.7388134765625,-0.19393034279346466,-3.337517261505127,-2.719813108444214
1790030105813884200,18.74888427734375,-0.16759411990642548,-2.4229321479797363,-1.5490485429763794
1790030105823955000,18.758954833984376,-0.6272808313369751,-2.403778553009033,-2.6431987285614014
1790030105833964800,18.76896484375,-0.4189853072166443,-3.095702886581421,-3.9815573692321777
1790030105843974700,18.778974609375,-0.22026655077934265,-1.5705963373184204,-2.1499931812286377
1790030105864024600,18.799024658203123,-0.011971008032560349,0.40701428055763245,-0.8451532125473022
1790030105874034400,18.809034423828123,-0.40222588181495667,0.4908113479614258,0.26096799969673157
1790030105924144000,18.85914404296875,-2.1140801906585693,-1.139639973640442,-1.1994950771331787
1790030105944224800,18.879224853515623,-1.4101848602294922,-0.24181437492370605,-0.5650315880775452
1790030105954234600,18.889234619140623,-1.0893617868423462,-0.363918662071228,-0.9313444495201111
1790030105964244500,18.899244384765623,-1.036689281463623,0.7158663272857666,0.3663128614425659
1790030105974315300,18.909315185546873,-1.482010841369629,-0.5123591423034668,0.7876923680305481
1790030105984324900,18.919324951171873,-1.9105730056762695,-2.47560453414917,-1.599326729774475
1790030105994334700,18.929334716796873,-2.3726539611816406,-1.3048399686813354,-1.6089035272598267
1790030106014384600,18.949384521484376,-1.259350061416626,-0.5123591423034668,-0.9911994934082031
1790030106024455400,18.959455322265626,-0.27054479718208313,-0.20111294090747833,0.47644615173339844
1790030106054515500,18.989515380859373,-1.0654197931289673,-1.5155296325683594,-2.190694570541382
1790030106094584800,19.029584716796876,-1.6759412288665771,-0.9983820915222168,-0.706289529800415
1790030106124675300,19.05967529296875,-2.013523578643799,2.3271639347076416,1.86508309841156
1790030106154735000,19.089735107421873,-1.1779472827911377,-1.8722656965255737,-2.2218191623687744
1790030106194835200,19.129835205078123,-2.2625205516815186,0.3447650372982025,1.4245500564575195
1790030106244914400,19.17991455078125,-2.5306711196899414,-0.6823474764823914,-1.2258312702178955
1790030106325053700,19.2600537109375,-3.162740468978882,1.944091796875,3.3494882583618164
1790030106335063600,19.2700634765625,-3.265691041946411,1.3838485479354858,2.7317841053009033
1790030106345073200,19.2800732421875,-2.853888511657715,2.008735179901123,3.1890766620635986
1790030106355083000,19.2900830078125,-3.117250680923462,3.064578056335449,4.752490520477295
1790030106365092900,19.3000927734375,-4.082113742828369,2.6240451335906982,5.272032260894775
1790030106375102500,19.3101025390625,-4.434061527252197,3.07415509223938,4.405331134796143
1790030106395152600,19.330152587890623,-3.4165258407592773,3.0119056701660156,2.8395233154296875
1790030106405162200,19.340162353515623,-2.5474305152893066,2.2409727573394775,2.3127987384796143
1790030106415202600,19.35020263671875,-2.0925323963165283,1.8914192914962769,3.004723072052002
1790030106425212400,19.36021240234375,-2.027888774871826,1.6543933153152466,3.734954595565796
1790030106435222000,19.370221923828126,-1.680729627609253,1.4700398445129395,3.8067808151245117
1790030106445231900,19.38023193359375,-1.4484920501708984,1.4963760375976562,2.959233283996582
1790030106515361300,19.450361328125,-0.6440402865409851,0.9265560507774353,1.314416766166687
1790030106535411500,19.470411376953123,0.42856210470199585,-0.08379705995321274,0.014365210197865963
1790030106555522300,19.490522216796876,-0.31124621629714966,1.455674648284912,1.4173674583435059
1790030106565532200,19.5005322265625,-1.6089035272598267,1.41257905960083,1.7764976024627686
1790030106575542000,19.5105419921875,-1.8818424940109253,0.871489405632019,1.0223240852355957
1790030106585582300,19.520582275390623,-1.194706678390503,1.6639702320098877,0.6512228846549988
1790030106595592000,19.530592041015623,-0.22505496442317963,0.7661445140838623,0.26575639843940735
1790030106605632300,19.54063232421875,0.30885201692581177,-0.545877993106842,0.4668693244457245
1790030106615642000,19.55064208984375,-0.9672574996948242,-0.8140285611152649,0.6248866319656372
1790030106625651700,19.560651611328126,-2.5546131134033203,-0.4596867263317108,0.07900865375995636
1790030106635692000,19.570692138671873,-3.066972494125366,1.1492167711257935,-0.031124621629714966
1790030106655711700,19.590711669921873,-2.1763293743133545,0.7757213711738586,0.14604631066322327
1790030106665721300,19.600721435546873,-0.8379706144332886,-0.17238251864910126,-0.6177040338516235
1790030106685771500,19.620771484375,-2.3535003662109375,0.9265560507774353,2.319981336593628
1790030106695811800,19.630811767578123,-3.8379054069519043,0.5339069962501526,0.7326257228851318
1790030106705821400,19.640821533203123,-4.321534156799316,-0.6991068720817566,-1.1204863786697388
1790030106715831300,19.650831298828123,-3.6990416049957275,-1.7310078144073486,-2.9328970909118652
1790030106745891000,19.68089111328125,-2.561795711517334,-0.5722141861915588,0.8140285611152649
1790030106755931400,19.690931396484373,-2.4157495498657227,0.3902548849582672,1.4724340438842773
1790030106785991200,19.7209912109375,-2.365471363067627,-1.072602391242981,-1.7908629179000854
1790030106796001000,19.7310009765625,-1.4173674583435059,-2.456450939178467,-2.3511061668395996
1790030106805980200,19.740980224609373,-1.4891934394836426,-1.9967641830444336,-0.6057330369949341
1790030106816020500,19.7510205078125,-1.6735470294952393,-1.3694833517074585,-0.395043283700943
1790030106846110700,19.78111083984375,-0.8978256583213806,0.9002198576927185,0.2059013396501541
1790030106866221800,19.801221923828123,-2.3918075561523438,0.24660277366638184,1.778891921043396
1790030106876262100,19.81126220703125,-3.404554843902588,-0.828393816947937,0.43095630407333374
1790030106906322000,19.841322021484373,-0.8331822156906128,-1.359906554222107,-1.534683346748352
1790030106916331800,19.851331787109373,-0.706289529800415,-0.35673606395721436,0.3734954595565796
1790030106936381700,19.871381591796876,-0.5171475410461426,-0.9433154463768005,-1.702277421951294
1790030106946422000,19.881422119140623,-1.3455413579940796,-0.8643068075180054,-1.721431016921997
1790030106976481800,19.911481689453126,-2.3965959548950195,0.2298433631658554,-0.5051765441894531
1790030106986522000,19.921522216796873,-1.9369091987609863,-0.5315127968788147,-0.9481038451194763
1790030107006541800,19.941541748046873,-0.3734954595565796,-0.8667010068893433,-1.0534487962722778
1790030107016582000,19.951581787109376,-0.2753331959247589,-1.4293384552001953,-1.161187767982483
1790030107026622200,19.961622314453123,-0.30885201692581177,-1.802833914756775,-1.6759412288665771
1790030107056682000,19.991681884765626,-1.0007762908935547,-0.4189853072166443,-0.33279404044151306
1790030107066753000,20.0017529296875,-1.7812861204147339,-0.20350714027881622,-0.7565677165985107
1790030107076793000,20.01179296875,-1.4724340438842773,-0.3280056416988373,-1.482010841369629
1790030107086864000,20.02186376953125,-0.7565677165985107,-0.019153613597154617,-1.0462661981582642
1790030107096873700,20.031873779296873,-0.5051765441894531,-0.2825157940387726,-1.0079588890075684
1790030107106883600,20.041883544921873,-0.8643068075180054,-0.6703764796257019,-1.0965443849563599
1790030107116924000,20.051923828125,-1.3311761617660522,-1.235408067703247,-1.2880805730819702
1790030107126964000,20.0619638671875,-1.1468225717544556,-1.3311761617660522,-1.0749965906143188
1790030107136973800,20.071973876953123,-0.7206547260284424,-0.3256114423274994,-0.14365209639072418
1790030107187114200,20.1221142578125,-0.6488286852836609,-1.1803414821624756,-1.2665326595306396
1790030107197124000,20.1321240234375,-0.38307225704193115,-0.7972691655158997,-1.0845733880996704
1790030107247264300,20.18226416015625,-0.4836287498474121,-0.22026655077934265,-0.08619125932455063
1790030107257274000,20.192274169921873,-0.29209262132644653,-0.13168109953403473,0.27054479718208313
1790030107267314400,20.202314453125,-0.5937620401382446,0.1149216815829277,-0.0694318488240242
1790030107277324300,20.21232421875,-0.6631938815116882,0.026336219161748886,-0.4213795065879822
1790030107287364400,20.2223642578125,-0.6129156351089478,-0.363918662071228,-0.706289529800415
1790030107307384000,20.242384033203123,-0.4213795065879822,0.09576806426048279,-0.31603461503982544
1790030107317393700,20.2523935546875,-0.33518823981285095,0.629675030708313,0.10055647045373917
1790030107327403500,20.262403564453123,-0.33997663855552673,0.7637503147125244,0.10055647045373917
1790030107337413400,20.272413330078123,-0.667982280254364,0.2537853717803955,-0.2968810200691223
1790030107357432800,20.292432861328123,-0.8547300100326538,0.06703764945268631,0.10534487664699554
1790030107367442700,20.302442626953123,-0.49799394607543945,-0.24660277366638184,0.009576806798577309
1790030107377513500,20.312513427734373,-0.5027823448181152,0.021547814831137657,-0.26815059781074524
1790030107387523000,20.322523193359373,-0.2106897532939911,-0.12928688526153564,-0.4405331015586853
1790030107397563400,20.3325634765625,-0.14365209639072418,-0.5195417404174805,-0.5506663918495178
1790030107407603700,20.342603759765623,-0.2968810200691223,-0.37828385829925537,-0.12210428714752197
1790030107417613600,20.352613525390623,-0.33758243918418884,-0.3016694188117981,0.11013327538967133
1790030107427623200,20.362623046875,-0.08619125932455063,-0.002394201699644327,-0.033518824726343155
1790030107437694000,20.37269384765625,0.023942016065120697,-0.05746084079146385,-0.30885201692581177
1790030107457744100,20.392744140625,-0.43095630407333374,0.002394201699644327,-0.38546648621559143
1790030107477794000,20.4127939453125,-0.19153612852096558,-0.5147533416748047,-0.40701428055763245
1790030107487804000,20.422803955078123,-0.40462008118629456,-1.0558429956436157,-0.6392518281936646
1790030107497813800,20.432813720703123,-0.304063618183136,-1.0773907899856567,-0.5195417404174805
1790030107507823400,20.4428232421875,-0.4812345504760742,-0.5003881454467773,-0.4908113479614258
1790030107517863700,20.45286376953125,-0.4357447028160095,-0.3423708379268646,-0.6655880808830261
1790030107537883400,20.47288330078125,0.33279404044151306,-1.0582371950149536,-1.2976573705673218
1790030107547923500,20.48292333984375,0.21787235140800476,-1.6112977266311646,-1.656787633895874
1790030107557933300,20.492933349609373,-0.05267243832349777,-2.6144683361053467,-2.387019157409668
1790030107567973600,20.5029736328125,0.0694318488240242,-5.161899089813232,-3.976768970489502
1790030107588054300,20.52305419921875,0.33997663855552673,-3.332728862762451,-4.8937482833862305
1790030107608073700,20.54307373046875,-0.48602294921875,-2.5713725090026855,-5.518634796142578
1790030107618083600,20.55308349609375,0.1364694982767105,-5.47075080871582,-5.52821159362793
1790030107628123600,20.56312353515625,-0.35434186458587646,-5.458779811859131,-4.01268196105957
1790030107638133500,20.573133544921873,-0.6105214357376099,-4.290409564971924,-3.5434184074401855
1790030107648173800,20.583173828125,-0.33279404044151306,-3.488351821899414,-3.3279404640197754
1790030107668193300,20.603193359375,-0.004788403399288654,-2.0207061767578125,-2.559401512145996
1790030107678203100,20.613203125,-0.0933738648891449,-0.7326257228851318,-1.6903064250946045
1790030107688212700,20.623212646484376,-0.4836287498474121,-0.5913678407669067,-1.6112977266311646
1790030107708263000,20.643262939453123,-1.5394717454910278,-0.768538773059845,-0.9169792532920837
1790030107718272800,20.653272705078123,-2.4588451385498047,-0.2298433631658554,-0.6224924325942993
1790030107728312800,20.663312744140626,-2.013523578643799,0.06464344263076782,-0.7948749661445618
1790030107738384000,20.6733837890625,-1.173158884048462,-0.1867477297782898,-0.15322890877723694
1790030107798656000,20.733656005859373,-2.8347349166870117,-0.9864110946655273,-1.237802267074585
1790030107808696300,20.7436962890625,-3.4596214294433594,-1.8100165128707886,-3.3734302520751953
1790030107828776700,20.763776611328126,-3.205836057662964,-0.7134721279144287,-1.8914192914962769
1790030107838817000,20.773817138671873,-2.942473888397217,-0.19632454216480255,-0.49320554733276367
1790030107868907500,20.803907470703123,-0.9840168952941895,-0.6512228846549988,-0.5937620401382446
1790030107878917000,20.813917236328123,-0.706289529800415,1.1420341730117798,0.28969839215278625
1790030107919048000,20.8540478515625,-0.5482721924781799,-0.3711012601852417,-0.9528923034667969
1790030107929118700,20.86411865234375,-0.8667010068893433,-0.33997663855552673,-0.7637503147125244
1790030107949229800,20.884229736328123,-1.2018892765045166,-1.0127472877502441,-0.4812345504760742
1790030107959239400,20.894239501953123,-0.20111294090747833,-1.5921441316604614,-2.1811177730560303
1790030107999309000,20.93430908203125,-1.577778935432434,-0.5937620401382446,0.3974374830722809
1790030108009349400,20.944349365234373,-0.6607996821403503,-0.4141969084739685,-1.3646949529647827
1790030108019389700,20.9543896484375,-0.6607996821403503,-1.1635819673538208,-0.11971008777618408
1790030108029430000,20.964429931640623,-1.6639702320098877,1.1252747774124146,0.7254431247711182
1790030108039470000,20.974469970703126,-3.0190882682800293,1.800439715385437,1.1204863786697388
1790030108049480000,20.98447998046875,-2.1140801906585693,1.3694833517074585,0.7254431247711182
1790030108059489800,20.99448974609375,-1.5921441316604614,0.6129156351089478,0.8834604024887085
1790030108069499400,21.00449951171875,-1.766920804977417,1.4460978507995605,1.0438719987869263
1790030108079509200,21.01450927734375,-2.315192937850952,2.3750481605529785,1.8555063009262085
1790030108089519000,21.02451904296875,-1.843535304069519,2.4612393379211426,1.0582371950149536
1790030108099559200,21.03455908203125,-2.0422539710998535,1.0869675874710083,1.2306196689605713
1790030108119609300,21.054609375,-1.3431471586227417,-0.9385270476341248,-0.014365210197865963
1790030108129649700,21.064649658203123,-1.1492167711257935,-0.5841852426528931,0.5003881454467773
1790030108149669000,21.084669189453123,-2.5713725090026855,0.9097966551780701,1.0247182846069336
1790030108159709400,21.09470947265625,-2.650381326675415,0.24181437492370605,0.22744916379451752
1790030108169719300,21.10471923828125,-1.965639591217041,-0.48602294921875,-0.768538773059845
1790030108179729000,21.11472900390625,-1.338358759880066,-0.8164227604866028,-0.395043283700943
1790030108189738800,21.12473876953125,-1.9297266006469727,-1.434126853942871,-0.7996633648872375
1790030108199779000,21.134779052734373,-2.8850131034851074,-1.1037269830703735,-0.47165772318840027
1790030108209788700,21.14478857421875,-3.050212860107422,-1.2449848651885986,-0.47405192255973816
1790030108219798500,21.154798583984373,-2.695871114730835,-1.1276689767837524,-1.2761094570159912
1790030108229869300,21.164869384765623,-1.9584569931030273,-0.22744916379451752,-1.0654197931289673
1790030108239879200,21.174879150390623,-1.1420341730117798,1.0534487962722778,-0.016759412363171577
1790030108249888800,21.184888671875,-0.912190854549408,1.7764976024627686,1.0558429956436157
1790030108259959800,21.194959716796873,-1.6041151285171509,1.8746598958969116,1.7094600200653076
1790030108269999900,21.204999755859376,-1.7501614093780518,1.8100165128707886,1.6543933153152466
1790030108280009700,21.215009765625,-1.381454348564148,1.3239935636520386,1.4413094520568848
1790030108290019600,21.22501953125,-1.1755530834197998,2.3918075561523438,2.9879636764526367
1790030108310069500,21.245069580078123,-2.5474305152893066,4.754884719848633,6.189011573791504
1790030108330089000,21.2650888671875,-1.745373010635376,4.843470096588135,4.9583916664123535
1790030108350108700,21.285108642578123,-1.2737152576446533,3.6607344150543213,6.718130111694336
1790030108380168400,21.31516845703125,-1.7094600200653076,1.965639591217041,4.819528102874756
1790030108390178300,21.32517822265625,-1.843535304069519,1.6400281190872192,3.531447410583496
1790030108400218400,21.33521826171875,-2.1308395862579346,1.845929503440857,2.5067291259765625
1790030108420268500,21.3552685546875,-2.070984363555908,0.9983820915222168,1.9967641830444336
1790030108450358800,21.38535888671875,-2.2146365642547607,1.1516109704971313,0.8236053586006165
1790030108460399000,21.395399169921873,-2.054224967956543,0.5003881454467773,0.6871358752250671
1790030108470409000,21.405408935546873,-1.6974890232086182,-0.20111294090747833,-0.004788403399288654
1790030108490459000,21.425458984375,-0.6871358752250671,0.9433154463768005,-0.0071826050989329815
1790030108510509000,21.445509033203123,-1.4628572463989258,0.9744400978088379,1.1827356815338135
1790030108590800600,21.525800537109376,-1.5610195398330688,-0.5530605912208557,-0.31124621629714966
1790030108650890000,21.585889892578123,-1.0558429956436157,-0.021547814831137657,-0.24899697303771973
1790030108700938800,21.635938720703123,-2.760514497756958,0.4381389021873474,0.6536170840263367
1790030108741069300,21.6760693359375,-1.5083470344543457,-1.280897855758667,-0.6344634294509888
1790030108761088800,21.6960888671875,-1.9919757843017578,2.1045033931732178,0.5746083855628967
1790030108781139000,21.716138916015623,-1.2473790645599365,0.08140286058187485,0.395043283700943
1790030108791148500,21.7261484375,-0.7589619159698486,-2.185906171798706,-1.2545616626739502
1790030108801128000,21.7361279296875,-0.8954314589500427,-1.678335428237915,-1.9345149993896484
1790030108811168300,21.746168212890623,-1.2114660739898682,-0.4884171485900879,-0.6416460275650024
1790030108901408800,21.83640869140625,-0.4189853072166443,-0.07661445438861847,0.3974374830722809
1790030108961497900,21.896497802734373,-2.43011474609375,-0.14365209639072418,0.038307227194309235
1790030108971507500,21.906507568359373,-2.1356279850006104,0.05506663769483566,-0.6392518281936646
1790030108991527200,21.926527099609373,-0.5602431893348694,-0.45489832758903503,-0.9217676520347595
1790030109021556500,21.956556396484373,-1.5059528350830078,-0.7613561153411865,-1.3766659498214722
1790030109041667300,21.976667236328126,-1.1755530834197998,0.06703764945268631,0.29209262132644653
1790030109081706500,22.01670654296875,-0.5913678407669067,-1.5538369417190552,-0.5841852426528931
1790030109161876200,22.096876220703123,-0.5482721924781799,-0.5386953949928284,-1.534683346748352
1790030109171886000,22.106885986328123,-0.31364041566848755,-0.5363011956214905,-1.5825673341751099
1790030109181865200,22.116865234375,-0.05267243832349777,-0.1628057211637497,-1.2282254695892334
1790030109191905500,22.126905517578123,-0.1412578970193863,-0.1364694982767105,-1.2042834758758545
1790030109211955500,22.14695556640625,-0.22266076505184174,-0.4429273009300232,-1.0749965906143188
1790030109221965300,22.15696533203125,-0.1628057211637497,-0.5027823448181152,-1.0438719987869263
1790030109272075300,22.2070751953125,-0.33039984107017517,-0.31124621629714966,-1.05105459690094
1790030109292094700,22.2270947265625,-0.47644615173339844,0.14604631066322327,-0.8954314589500427
1790030109302104600,22.2371044921875,-0.27054479718208313,0.038307227194309235,-0.6248866319656372
1790030109312114200,22.2471142578125,-0.2753331959247589,0.019153613597154617,-0.021547814831137657
1790030109322185000,22.25718505859375,-0.6919242739677429,-0.12449848651885986,0.05506663769483566
1790030109332194800,22.26719482421875,-0.9026140570640564,0.11971008777618408,0.15562310814857483
1790030109352306000,22.287305908203123,-0.6703764796257019,0.4165911078453064,-0.2298433631658554
1790030109372325400,22.307325439453123,-0.7445967197418213,0.3998316824436188,-0.3734954595565796
1790030109422465800,22.3574658203125,-0.181959331035614,-1.3048399686813354,-0.6009446382522583
1790030109432475600,22.3674755859375,-0.2753331959247589,-1.436521053314209,-0.4405331015586853
1790030109452556000,22.38755615234375,-0.13407529890537262,-1.3838485479354858,-1.6041151285171509
1790030109462626800,22.397626708984376,0.1843535304069519,-1.5442601442337036,-1.9847931861877441
1790030109482646500,22.417646484375,0.45010992884635925,-1.173158884048462,-1.900996208190918
1790030109492656000,22.42765625,0.21787235140800476,-0.8379706144332886,-1.6950948238372803
1790030109502696400,22.437696533203123,0.2849099934101105,-0.7613561153411865,-1.4772224426269531
1790030109512706300,22.447706298828123,0.3878606855869293,-0.5267243981361389,-1.2497732639312744
1790030109522716200,22.457716064453123,0.24660277366638184,-0.4118026793003082,-1.1109095811843872
1790030109532725800,22.467725830078123,0.11013327538967133,-0.3663128614425659,-0.751779317855835
1790030109562755000,22.497755126953123,0.0694318488240242,-0.0694318488240242,-0.3926490843296051
1790030109582674700,22.5176748046875,0.05506663769483566,0.2059013396501541,-0.08379705995321274
1790030109652834600,22.58783447265625,-0.3232172429561615,0.17238251864910126,0.4213795065879822
1790030109702975000,22.63797509765625,-0.0454898327589035,0,0.3495534360408783
1790030109713015300,22.648015380859373,0.05506663769483566,-0.11971008777618408,0.4165911078453064
1790030109723055400,22.658055419921876,0.021547814831137657,-0.1604115068912506,0.1173158809542656
1790030109733126400,22.66812646484375,0.019153613597154617,-0.038307227194309235,-0.06703764945268631
1790030109743136000,22.678135986328126,0.10295066982507706,0.09816227108240128,-0.09816227108240128
1790030109753176300,22.68817626953125,0.0694318488240242,0.08379705995321274,-0.24420857429504395
1790030109763186200,22.698186279296873,0.05027823522686958,-0.12449848651885986,-0.2513911724090576
1790030109773195800,22.70819580078125,0.0454898327589035,-0.040701430290937424,-0.23702596127986908
1790030109843416800,22.778416748046876,0.10295066982507706,-0.08379705995321274,-0.2059013396501541
1790030109863497500,22.79849755859375,-0.07422025501728058,0.004788403399288654,-0.16519992053508759
1790030109883577900,22.818577880859376,-0.07182604819536209,0.08858546614646912,0.1628057211637497
1790030109943789000,22.8787890625,-0.033518824726343155,0.06703764945268631,0.17717093229293823
1790030109973848800,22.908848876953126,0.021547814831137657,0.13407529890537262,0.016759412363171577
1790030109983889200,22.91888916015625,-0.009576806798577309,-0.004788403399288654,0.2059013396501541
1790030109993899000,22.92889892578125,-0.023942016065120697,0.09576806426048279,0.040701430290937424
1790030110003939300,22.938939208984376,0.0454898327589035,0.19153612852096558,-0.10055647045373917
1790030110013949000,22.948948974609376,0.10295066982507706,0.002394201699644327,-0.011971008032560349
1790030110023989200,22.9589892578125,-0.038307227194309235,-0.17477671802043915,0.14604631066322327
1790030110044039400,22.979039306640626,0.10055647045373917,0.002394201699644327,-0.14365209639072418
1790030110064059000,22.999058837890626,0.0071826050989329815,0.24420857429504395,0.028730420395731926
1790030110074099200,23.00909912109375,0.038307227194309235,0.004788403399288654,0.033518824726343155
1790030110084109000,23.019109130859373,0.08619125932455063,-0.19632454216480255,-0.11971008777618408
1790030110094118700,23.02911865234375,0.12928688526153564,-0.11971008777618408,-0.10295066982507706
1790030110104159000,23.039158935546876,0.009576806798577309,-0.1843535304069519,0.10773907601833344
1790030110114199300,23.04919921875,-0.011971008032560349,-0.05027823522686958,-0.20111294090747833
1790030110124209200,23.059209228515623,0.05027823522686958,-0.12449848651885986,-0.2561795711517334
1790030110144259000,23.079259033203126,0.011971008032560349,-0.21308395266532898,0.06464344263076782
1790030110154299400,23.08929931640625,-0.023942016065120697,0.033518824726343155,0.17717093229293823
1790030110164339700,23.099339599609376,0.002394201699644327,-0.08619125932455063,-0.08858546614646912
1790030110224489700,23.15948974609375,0.05985504388809204,-0.05506663769483566,-0.05506663769483566
1790030110234530000,23.169530029296876,0.21308395266532898,-0.08858546614646912,-0.2322375625371933
1790030110244570400,23.1795703125,-0.09816227108240128,-0.2537853717803955,0.11013327538967133
1790030110254610700,23.189610595703126,-0.10773907601833344,-0.3016694188117981,0.05985504388809204
1790030110274660600,23.20966064453125,0.2059013396501541,0.05746084079146385,-0.19393034279346466
1790030110284670500,23.21967041015625,0.09816227108240128,0.11013327538967133,-0.11013327538967133
1790030110304751000,23.239751220703123,0.028730420395731926,-0.16998831927776337,-0.021547814831137657
1790030110324801000,23.259801025390626,-0.016759412363171577,-0.08858546614646912,0.16998831927776337
1790030110334841300,23.26984130859375,0.090979665517807,-0.19393034279346466,0.043095629662275314
1790030110374911000,23.309910888671876,-0.0071826050989329815,-0.05027823522686958,-0.20350714027881622
1790030110425021000,23.36002099609375,0.16759411990642548,0.10534487664699554,-0.10534487664699554
1790030110435091700,23.370091796875,0.06224924325942993,0.05985504388809204,0.14604631066322327
1790030110445101300,23.380101318359376,-0.090979665517807,0.09576806426048279,0.05027823522686958
1790030110455141600,23.3901416015625,-0.17956513166427612,-0.043095629662275314,-0.05985504388809204
1790030110535311400,23.470311279296876,0.05027823522686958,-0.021547814831137657,-0.004788403399288654
1790030110575381000,23.510381103515623,-0.05027823522686958,-0.0694318488240242,0.11013327538967133
1790030110615450600,23.55045068359375,-0.002394201699644327,-0.18914192914962769,-0.06464344263076782
1790030110625490700,23.56049072265625,0.10773907601833344,-0.0071826050989329815,-0.17238251864910126
1790030110635500500,23.57050048828125,0.05267243832349777,0.014365210197865963,0.043095629662275314
1790030110645510400,23.580510498046873,0.019153613597154617,0.08140286058187485,0.10773907601833344
1790030110655550700,23.59055078125,0.002394201699644327,-0.026336219161748886,0.028730420395731926
1790030110665590800,23.6005908203125,0.011971008032560349,-0.011971008032560349,0.009576806798577309
1790030110675600600,23.6106005859375,-0.033518824726343155,-0.031124621629714966,0.035913024097681046
1790030110685671400,23.62067138671875,-0.004788403399288654,-0.05985504388809204,0.05027823522686958
1790030110715700700,23.65070068359375,-0.08140286058187485,0.016759412363171577,0.0694318488240242
1790030110725771500,23.660771484375,0,0.07661445438861847,-0.016759412363171577
1790030110735781400,23.670781494140623,-0.002394201699644327,0.014365210197865963,-0.043095629662275314
1790030110745852200,23.68085205078125,-0.05985504388809204,-0.07182604819536209,-0.0454898327589035
1790030110755831300,23.690831298828126,0.05746084079146385,-0.10295066982507706,0.17238251864910126
1790030110765871600,23.70087158203125,-0.09576806426048279,0.004788403399288654,0.09816227108240128
1790030110775881500,23.710881591796873,0.002394201699644327,-0.002394201699644327,0.026336219161748886
1790030110785921800,23.720921875,-0.047884032130241394,-0.05267243832349777,0.023942016065120697
1790030110795931400,23.730931396484376,0.0454898327589035,-0.047884032130241394,0.0694318488240242
1790030110826052400,23.76105224609375,-0.09816227108240128,-0.014365210197865963,0.1604115068912506
1790030110836062000,23.77106201171875,0.08619125932455063,-0.10773907601833344,0.011971008032560349
1790030110866091300,23.80109130859375,-0.021547814831137657,-0.06464344263076782,0.033518824726343155
1790030110876131600,23.811131591796876,-0.07182604819536209,-0.19153612852096558,0
1790030110886172000,23.821171875,-0.10295066982507706,-0.16998831927776337,0.0071826050989329815
1790030110896181800,23.831181640625,-0.035913024097681046,0.10055647045373917,0.028730420395731926
1790030110906222000,23.84122216796875,-0.06703764945268631,0.023942016065120697,-0.06224924325942993
1790030110916231700,23.851231689453126,-0.0071826050989329815,-0.08858546614646912,-0.15083470940589905
1790030110926272000,23.86127197265625,-0.0694318488240242,-0.17477671802043915,0.0071826050989329815
1790030110936281900,23.87128173828125,-0.035913024097681046,-0.2537853717803955,0.0071826050989329815
1790030110946352600,23.8813525390625,-0.10055647045373917,-0.10773907601833344,0.021547814831137657
1790030110956423400,23.89142333984375,-0.038307227194309235,0.011971008032560349,-0.14604631066322327
1790030110966433300,23.901433349609373,0.06224924325942993,0.05985504388809204,-0.26336219906806946
1790030110976443000,23.91144287109375,0.12689268589019775,0.0071826050989329815,-0.22026655077934265
1790030110996493000,23.9314931640625,0.009576806798577309,0.31364041566848755,0.040701430290937424
1790030111006563800,23.941563720703126,-0.011971008032560349,0.2322375625371933,0
1790030111076723700,24.0117236328125,0.016759412363171577,-0.07661445438861847,-0.0071826050989329815
1790030111086733600,24.021733642578123,0.009576806798577309,-0.3256114423274994,-0.0071826050989329815
1790030111096804400,24.031804443359373,-0.011971008032560349,-0.38067805767059326,0.24660277366638184
1790030111106844700,24.0418447265625,-0.05985504388809204,-0.19632454216480255,0.05506663769483566
1790030111126864100,24.061864013671876,0.10534487664699554,-0.014365210197865963,-0.3256114423274994
1790030111136873700,24.071873779296876,0.11252748221158981,0.23702596127986908,-0.05027823522686958
1790030111146914000,24.0819140625,-0.05506663769483566,0.035913024097681046,0.24420857429504395
1790030111156984800,24.09198486328125,0.0454898327589035,-0.2992752194404602,-0.047884032130241394
1790030111166994700,24.10199462890625,0.08140286058187485,-0.07422025501728058,-0.12210428714752197
1790030111177004500,24.112004638671873,0.07422025501728058,-0.05027823522686958,-0.031124621629714966
1790030111187014100,24.12201416015625,0.11971008777618408,-0.1388636976480484,0.05746084079146385
1790030111197024000,24.13202392578125,0.043095629662275314,-0.23702596127986908,-0.20111294090747833
1790030111247164400,24.182164306640626,-0.14365209639072418,-0.028730420395731926,0.33039984107017517
1790030111257174000,24.192174072265626,-0.1173158809542656,-0.31603461503982544,-0.11971008777618408
1790030111277285000,24.21228515625,0.0933738648891449,-0.004788403399288654,-0.10055647045373917
1790030111327425500,24.262425537109376,0.08140286058187485,0.10534487664699554,-0.07182604819536209
1790030111337496300,24.272496337890626,0.08619125932455063,-0.06224924325942993,0.05506663769483566
1790030111347506200,24.282506103515626,-0.021547814831137657,-0.043095629662275314,0.22266076505184174
1790030111357516000,24.29251611328125,0.11971008777618408,-0.12689268589019775,0.06703764945268631
1790030111367525600,24.302525634765626,0.047884032130241394,-0.2561795711517334,-0.038307227194309235
1790030111377535500,24.312535400390626,0.12689268589019775,-0.004788403399288654,-0.0694318488240242
1790030111387545300,24.32254541015625,0.035913024097681046,-0.21547815203666687,0.16759411990642548
1790030111397555000,24.332554931640626,-0.10295066982507706,-0.15562310814857483,0.19632454216480255
1790030111407564800,24.342564697265626,-0.06224924325942993,-0.033518824726343155,-0.07661445438861847
1790030111417635600,24.352635498046876,0.038307227194309235,-0.031124621629714966,-0.24420857429504395
1790030111447695400,24.3826953125,0.019153613597154617,0.05746084079146385,0.05985504388809204
1790030111457766100,24.39276611328125,0.1412578970193863,-0.06703764945268631,-0.2537853717803955
1790030111467776000,24.40277587890625,0.043095629662275314,0.05506663769483566,-0.2322375625371933
1790030111547915000,24.4829150390625,-0.07182604819536209,-0.18914192914962769,-0.090979665517807
1790030111577975000,24.51297509765625,0.10534487664699554,-0.10534487664699554,0.004788403399288654
1790030111587984600,24.522984619140626,-0.009576806798577309,-0.18914192914962769,0.040701430290937424
1790030111598025000,24.53302490234375,-0.011971008032560349,-0.05985504388809204,0.038307227194309235
1790030111608065300,24.543065185546876,0.026336219161748886,0.2753331959247589,0.1173158809542656
1790030111618105600,24.553105712890623,-0.06224924325942993,0.16759411990642548,0.047884032130241394
1790030111628146000,24.56314599609375,-0.016759412363171577,-0.05506663769483566,-0.011971008032560349
1790030111638186000,24.57318603515625,0.06464344263076782,0.09576806426048279,0.09816227108240128
1790030111648226300,24.583226318359376,0.05267243832349777,0.06703764945268631,0.0933738648891449
1790030111678255600,24.613255615234376,0.09576806426048279,-0.016759412363171577,0.002394201699644327
1790030111688265500,24.623265380859376,-0.0071826050989329815,0.07661445438861847,-0.0454898327589035
1790030111698275300,24.633275390625,-0.0071826050989329815,0.12449848651885986,-0.09576806426048279
1790030111708315400,24.6433154296875,0.023942016065120697,0.14365209639072418,-0.011971008032560349
1790030111718325200,24.6533251953125,-0.040701430290937424,0.06703764945268631,0.06703764945268631
1790030111728365600,24.663365478515626,-0.014365210197865963,-0.004788403399288654,0.033518824726343155
1790030111748415500,24.68341552734375,0.033518824726343155,0.026336219161748886,0.07661445438861847
1790030111768404500,24.703404541015626,0.05746084079146385,0.06224924325942993,0.07422025501728058
1790030111788485000,24.723485107421876,0.0694318488240242,0.15801730751991272,0.20350714027881622
1790030111798525400,24.733525390625,0.10534487664699554,0.014365210197865963,0.21787235140800476
1790030111808535300,24.743535400390623,0.07182604819536209,0.05027823522686958,0.043095629662275314
1790030111818545000,24.753544921875,0.2513911724090576,0.08140286058187485,0.0933738648891449
1790030111828554800,24.7635546875,0.33039984107017517,0.08140286058187485,0.3711012601852417
1790030111838595000,24.773594970703126,0.31603461503982544,0.040701430290937424,0.47405192255973816
1790030111878664700,24.813664794921873,0.2346317619085312,0.48602294921875,1.1061211824417114
1790030111888705000,24.823705078125,0.2753331959247589,0.31603461503982544,1.137245774269104
1790030111898745000,24.8337451171875,0.181959331035614,0.07900865375995636,0.5937620401382446
1790030111908755000,24.8437548828125,0.272938996553421,0.22505496442317963,0.44771572947502136
1790030111918764800,24.853764892578123,0.0933738648891449,0.5195417404174805,0.5626373887062073
