time,seconds_elapsed,x,z,y
1790030868245489200,0.1684892578125,-0.011971008032560349,-0.021547814831137657,-0.031124621629714966
1790030868255468500,0.178468505859375,-0.19871874153614044,-0.5961562395095825,0.08379705995321274
1790030868265447700,0.18844775390625,-0.13168109953403473,0.16998831927776337,-0.019153613597154617
1790030868275427000,0.198427001953125,-0.14604631066322327,0.5363011956214905,0.2944868206977844
1790030868285436700,0.208436767578125,-0.13168109953403473,0.2059013396501541,0.27054479718208313
1790030868295446500,0.218446533203125,0.10295066982507706,-0.05027823522686958,-0.10534487664699554
1790030868305256200,0.228256103515625,-0.023942016065120697,0.2513911724090576,0.06224924325942993
1790030868314966000,0.237966064453125,-0.09816227108240128,0.13168109953403473,0.22505496442317963
1790030868324745200,0.2477451171875,-0.05267243832349777,-0.1149216815829277,-0.06464344263076782
1790030868344695300,0.2676953125,0.10773907601833344,0.043095629662275314,-0.2322375625371933
1790030868394744300,0.317744384765625,0.08858546614646912,-0.17238251864910126,-0.019153613597154617
1790030868424743000,0.347742919921875,0.026336219161748886,-0.181959331035614,-0.08619125932455063
1790030868434752800,0.357752685546875,-0.05746084079146385,-0.16998831927776337,-0.06464344263076782
1790030868454772200,0.377772216796875,0.016759412363171577,0.014365210197865963,0.009576806798577309
1790030868474791700,0.397791748046875,0.08140286058187485,-0.06464344263076782,0.016759412363171577
1790030868494781000,0.417781005859375,0.043095629662275314,0.090979665517807,0
1790030868504821000,0.427821044921875,0.08140286058187485,0.1149216815829277,0.20111294090747833
1790030868514830800,0.437830810546875,0.035913024097681046,0.05985504388809204,0.07182604819536209
1790030868524871200,0.44787109375,-0.031124621629714966,0.16519992053508759,0.05985504388809204
1790030868534881000,0.457881103515625,0,0.14365209639072418,0.12449848651885986
1790030868544890600,0.467890625,0.05506663769483566,0.06703764945268631,0.021547814831137657
1790030868554870000,0.4778701171875,-0.090979665517807,0.07900865375995636,-0.12928688526153564
1790030868564879600,0.487879638671875,0.0694318488240242,-0.004788403399288654,0.021547814831137657
1790030868574859000,0.49785888671875,0.08858546614646912,0.040701430290937424,-0.047884032130241394
1790030868594878500,0.51787841796875,0.06224924325942993,0.19153612852096558,0.08379705995321274
1790030868604888300,0.527888427734375,-0.05267243832349777,0.05267243832349777,0.10773907601833344
1790030868614867500,0.537867431640625,-0.07422025501728058,0.1412578970193863,0.1604115068912506
1790030868624877300,0.547877197265625,-0.06224924325942993,0.09816227108240128,0.06224924325942993
1790030868634917600,0.557917724609375,-0.08379705995321274,0.05506663769483566,0.040701430290937424
1790030868644957700,0.567957763671875,-0.07900865375995636,0.07182604819536209,-0.033518824726343155
1790030868654937000,0.57793701171875,-0.07422025501728058,0.09816227108240128,0.19393034279346466
1790030868664947000,0.587947021484375,0.038307227194309235,0.009576806798577309,-0.026336219161748886
1790030868674956500,0.59795654296875,-0.035913024097681046,-0.08858546614646912,-0.1628057211637497
1790030868684966400,0.60796630859375,0.10534487664699554,-0.038307227194309235,-0.07661445438861847
1790030868694976000,0.61797607421875,-0.08858546614646912,-0.002394201699644327,0.09816227108240128
1790030868705016300,0.628016357421875,-0.05985504388809204,-0.12689268589019775,-0.026336219161748886
1790030868714995700,0.63799560546875,-0.031124621629714966,-0.1867477297782898,-0.021547814831137657
1790030868725005300,0.64800537109375,-0.016759412363171577,-0.11252748221158981,0.047884032130241394
1790030868735015200,0.65801513671875,0.08619125932455063,-0.12210428714752197,-0.023942016065120697
1790030868745025000,0.66802490234375,-0.08140286058187485,-0.09816227108240128,0.10534487664699554
1790030868755034600,0.67803466796875,-0.07661445438861847,-0.2059013396501541,0.023942016065120697
1790030868765044500,0.68804443359375,-0.11013327538967133,-0.22266076505184174,-0.1173158809542656
1790030868775054300,0.698054443359375,-0.021547814831137657,-0.011971008032560349,-0.08379705995321274
1790030868785064000,0.70806396484375,0.05027823522686958,0.043095629662275314,0.023942016065120697
1790030868805114000,0.728114013671875,-0.08619125932455063,-0.1388636976480484,-0.10295066982507706
1790030868825133600,0.748133544921875,0.014365210197865963,0.16519992053508759,-0.0694318488240242
1790030868845122600,0.76812255859375,-0.05267243832349777,0.023942016065120697,-0.023942016065120697
1790030868855163000,0.778162841796875,0.035913024097681046,0.033518824726343155,-0.090979665517807
1790030868865172700,0.7881728515625,-0.10534487664699554,0.15562310814857483,0.13407529890537262
1790030868875182300,0.798182373046875,-0.08858546614646912,0.11013327538967133,0.11971008777618408
1790030868895202000,0.8182021484375,-0.047884032130241394,0.031124621629714966,-0.031124621629714966
1790030868905211600,0.828211669921875,-0.10534487664699554,0.21547815203666687,0.1412578970193863
1790030868915221500,0.838221435546875,-0.011971008032560349,0.06703764945268631,0.26575639843940735
1790030868925231400,0.8482314453125,-0.047884032130241394,0.040701430290937424,0.08619125932455063
1790030868935271400,0.858271484375,0.043095629662275314,-0.043095629662275314,0.07900865375995636
1790030868945281300,0.86828125,-0.043095629662275314,-0.08379705995321274,0.1173158809542656
1790030868955260700,0.8782607421875,0.033518824726343155,-0.1364694982767105,0.002394201699644327
1790030868965270300,0.888270263671875,0.038307227194309235,-0.10773907601833344,-0.0933738648891449
1790030868975280000,0.898280029296875,0.05027823522686958,-0.05027823522686958,0.05267243832349777
1790030868985289700,0.908289794921875,0.16519992053508759,-0.014365210197865963,0.1149216815829277
1790030869005309400,0.928309326171875,0.033518824726343155,-0.07900865375995636,-0.05985504388809204
1790030869015288600,0.93828857421875,-0.028730420395731926,-0.24181437492370605,-0.10055647045373917
1790030869025298400,0.94829833984375,0.011971008032560349,-0.05267243832349777,0.011971008032560349
1790030869035338800,0.9583388671875,-0.028730420395731926,-0.004788403399288654,-0.023942016065120697
1790030869045348400,0.968348388671875,-0.028730420395731926,-0.12449848651885986,-0.016759412363171577
1790030869055358200,0.978358154296875,0.06224924325942993,-0.0694318488240242,-0.026336219161748886
1790030869065368000,0.9883681640625,-0.014365210197865963,0.05746084079146385,-0.08140286058187485
1790030869075377700,0.998377685546875,-0.0071826050989329815,-0.08140286058187485,0.06224924325942993
1790030869085418000,1.00841796875,0.05985504388809204,-0.08140286058187485,-0.009576806798577309
1790030869095427800,1.018427734375,-0.035913024097681046,-0.05985504388809204,-0.12449848651885986
1790030869105437400,1.0284375,-0.12449848651885986,0.004788403399288654,-0.019153613597154617
1790030869115416800,1.038416748046875,-0.026336219161748886,0.05027823522686958,-0.019153613597154617
1790030869125396000,1.04839599609375,0.019153613597154617,-0.021547814831137657,-0.019153613597154617
1790030869145415700,1.068415771484375,0.09816227108240128,0.040701430290937424,0.17477671802043915
1790030869155394800,1.078394775390625,0.05506663769483566,0.08858546614646912,0.09816227108240128
1790030869165435100,1.08843505859375,0.028730420395731926,0.05027823522686958,0.09816227108240128
1790030869175414300,1.098414306640625,-0.08858546614646912,-0.08619125932455063,-0.22744916379451752
1790030869185424100,1.108424072265625,-0.023942016065120697,0,-0.08140286058187485
1790030869205413000,1.1284130859375,-0.17477671802043915,0.0694318488240242,0
1790030869225463300,1.14846337890625,-0.15562310814857483,-0.016759412363171577,-0.016759412363171577
1790030869235473000,1.158472900390625,-0.047884032130241394,0.24181437492370605,0.031124621629714966
1790030869245452300,1.168452392578125,-0.1149216815829277,0.14604631066322327,0.06703764945268631
1790030869255492600,1.17849267578125,-0.07900865375995636,0.014365210197865963,-0.1149216815829277
1790030869265502200,1.188502197265625,0.07182604819536209,0.07661445438861847,-0.11971008777618408
1790030869275512000,1.198511962890625,0.035913024097681046,0.10055647045373917,-0.181959331035614
1790030869285521700,1.208521728515625,0,0.11971008777618408,-0.011971008032560349
1790030869295531500,1.218531494140625,-0.019153613597154617,-0.06464344263076782,-0.004788403399288654
1790030869325560800,1.248560791015625,0.10773907601833344,-0.05027823522686958,-0.07661445438861847
1790030869335570700,1.25857080078125,-0.014365210197865963,-0.07422025501728058,-0.002394201699644327
1790030869345580300,1.268580322265625,-0.021547814831137657,-0.0694318488240242,0.002394201699644327
1790030869355559700,1.2785595703125,-0.016759412363171577,-0.026336219161748886,-0.08379705995321274
1790030869365600000,1.28860009765625,-0.002394201699644327,-0.07900865375995636,-0.0933738648891449
1790030869375579100,1.2985791015625,0.033518824726343155,-0.13168109953403473,0.05985504388809204
1790030869385558500,1.30855859375,0,0.011971008032560349,0.08379705995321274
1790030869395568000,1.318568115234375,0.08140286058187485,-0.12689268589019775,-0.06703764945268631
1790030869415557000,1.33855712890625,-0.031124621629714966,-0.16519992053508759,-0.2082955539226532
1790030869425567000,1.34856689453125,0,-0.1149216815829277,-0.043095629662275314
1790030869435546000,1.358546142578125,0.033518824726343155,-0.2298433631658554,0.047884032130241394
1790030869445586400,1.36858642578125,-0.009576806798577309,-0.12689268589019775,-0.17238251864910126
1790030869455596300,1.37859619140625,0.043095629662275314,-0.0454898327589035,-0.10295066982507706
1790030869465575400,1.388575439453125,0.0071826050989329815,-0.009576806798577309,-0.19871874153614044
1790030869475554800,1.398554931640625,0.10055647045373917,0.07182604819536209,-0.0454898327589035
1790030869485564400,1.408564453125,0.05985504388809204,-0.05267243832349777,0.031124621629714966
1790030869495574300,1.41857421875,-0.016759412363171577,-0.06703764945268631,-0.05746084079146385
1790030869525603600,1.448603515625,-0.040701430290937424,0.1412578970193863,0.12449848651885986
1790030869535582700,1.458582763671875,0.019153613597154617,0.035913024097681046,-0.026336219161748886
1790030869545562000,1.46856201171875,0.011971008032560349,0.13407529890537262,0.026336219161748886
1790030869555602400,1.4786025390625,-0.009576806798577309,0.06224924325942993,0.016759412363171577
1790030869565612000,1.488612060546875,0.016759412363171577,-0.021547814831137657,-0.004788403399288654
1790030869575622000,1.498621826171875,0.011971008032560349,0.2082955539226532,0.14604631066322327
1790030869585631700,1.5086318359375,0.05267243832349777,0.11252748221158981,0.14365209639072418
1790030869595641300,1.518641357421875,0.047884032130241394,-0.07182604819536209,-0.011971008032560349
1790030869635680500,1.558680419921875,-0.05506663769483566,0,-0.011971008032560349
1790030869645659600,1.56865966796875,-0.026336219161748886,-0.040701430290937424,-0.07182604819536209
1790030869655669500,1.57866943359375,0.016759412363171577,0.043095629662275314,-0.033518824726343155
1790030869665709800,1.588709716796875,0.07900865375995636,-0.19393034279346466,-0.05027823522686958
1790030869675719400,1.598719482421875,0.014365210197865963,-0.0694318488240242,-0.14844051003456116
1790030869685729300,1.608729248046875,0.0071826050989329815,0.009576806798577309,-0.05027823522686958
1790030869695739100,1.6187392578125,0.002394201699644327,-0.08858546614646912,-0.06224924325942993
1790030869725737700,1.64873779296875,0.09576806426048279,0.05746084079146385,-0.019153613597154617
1790030869735747600,1.65874755859375,0.08140286058187485,0.043095629662275314,0.026336219161748886
1790030869755736600,1.678736572265625,-0.06224924325942993,-0.0454898327589035,0.004788403399288654
1790030869765746400,1.688746337890625,-0.090979665517807,0.019153613597154617,-0.05267243832349777
1790030869775756000,1.698756103515625,0.0071826050989329815,-0.019153613597154617,-0.08379705995321274
1790030869785735400,1.7087353515625,0.031124621629714966,-0.07661445438861847,0.028730420395731926
1790030869795775700,1.718775634765625,0.009576806798577309,0.11252748221158981,0.038307227194309235
1790030869805785300,1.728785400390625,0.07422025501728058,-0.08858546614646912,-0.2059013396501541
1790030869815764700,1.7387646484375,0.019153613597154617,-0.043095629662275314,-0.1412578970193863
1790030869845794000,1.7687939453125,0.011971008032560349,0.08619125932455063,-0.014365210197865963
1790030869855803600,1.7788037109375,-0.019153613597154617,0.0454898327589035,0.09576806426048279
1790030869865813500,1.7888134765625,-0.07661445438861847,-0.033518824726343155,-0.05506663769483566
1790030869875793000,1.79879296875,-0.0454898327589035,0.031124621629714966,-0.13407529890537262
1790030869885863700,1.80886376953125,-0.14365209639072418,-0.033518824726343155,0
1790030869895873300,1.818873291015625,0.06224924325942993,-0.031124621629714966,0.043095629662275314
1790030869905883100,1.828883056640625,0.07182604819536209,0.004788403399288654,0.019153613597154617
1790030869935882000,1.858882080078125,-0.009576806798577309,0.05027823522686958,0.033518824726343155
1790030869945861000,1.868861083984375,0.021547814831137657,-0.11252748221158981,0.031124621629714966
1790030869955871000,1.87887109375,0.047884032130241394,0.05506663769483566,-0.031124621629714966
1790030869965850000,1.88885009765625,-0.0933738648891449,-0.016759412363171577,-0.10295066982507706
1790030869975860000,1.89885986328125,-0.11252748221158981,-0.15562310814857483,-0.08619125932455063
1790030869985869600,1.90886962890625,0.08379705995321274,-0.016759412363171577,-0.023942016065120697
1790030869995849000,1.918848876953125,0.021547814831137657,-0.14604631066322327,0
1790030870005858800,1.92885888671875,0.011971008032560349,0.12928688526153564,-0.14844051003456116
1790030870035857400,1.958857421875,-0.004788403399288654,-0.09576806426048279,-0.004788403399288654
1790030870045897700,1.968897705078125,0.021547814831137657,-0.023942016065120697,0.033518824726343155
1790030870065917200,1.988917236328125,-0.023942016065120697,-0.07182604819536209,-0.06224924325942993
1790030870075927000,1.998927001953125,0.004788403399288654,-0.07661445438861847,0.06703764945268631
1790030870085937000,2.00893701171875,0.040701430290937424,-0.016759412363171577,-0.08858546614646912
1790030870095916000,2.018916015625,0.08379705995321274,-0.08619125932455063,-0.011971008032560349
1790030870105956400,2.028956298828125,0.07661445438861847,-0.19393034279346466,0.07422025501728058
1790030870115966200,2.03896630859375,0.06703764945268631,-0.043095629662275314,0.10534487664699554
1790030870176055300,2.09905517578125,-0.14604631066322327,0.22744916379451752,0.19393034279346466
1790030870196044300,2.119044189453125,0.11971008777618408,-0.0694318488240242,-0.023942016065120697
1790030870206084600,2.129084716796875,0,0.035913024097681046,-0.05267243832349777
1790030870226104000,2.14910400390625,0.08858546614646912,-0.033518824726343155,0.05267243832349777
1790030870236114000,2.159114013671875,0.028730420395731926,-0.031124621629714966,-0.016759412363171577
1790030870246123500,2.16912353515625,0.09576806426048279,-0.021547814831137657,-0.021547814831137657
1790030870256133400,2.17913330078125,-0.07900865375995636,-0.014365210197865963,-0.05027823522686958
1790030870266143200,2.189143310546875,-0.031124621629714966,0.040701430290937424,-0.10295066982507706
1790030870316253000,2.2392529296875,0.040701430290937424,-0.09576806426048279,0.009576806798577309
1790030870326232300,2.249232421875,0.016759412363171577,-0.090979665517807,0.019153613597154617
1790030870346282200,2.2692822265625,-0.040701430290937424,-0.181959331035614,0
1790030870396361700,2.31936181640625,0.043095629662275314,0.028730420395731926,-0.038307227194309235
1790030870406371300,2.329371337890625,0.016759412363171577,-0.026336219161748886,0.07182604819536209
1790030870446441000,2.36944091796875,0.002394201699644327,0.004788403399288654,0.023942016065120697
1790030870466460400,2.38946044921875,0.07900865375995636,-0.15083470940589905,-0.026336219161748886
1790030870486480100,2.409480224609375,0.0071826050989329815,0.10773907601833344,0.011971008032560349
1790030870506499600,2.42949951171875,0.0454898327589035,-0.2082955539226532,0.07422025501728058
1790030870546569200,2.4695693359375,0.0694318488240242,0.026336219161748886,0.05506663769483566
1790030870556578800,2.479578857421875,0.011971008032560349,0.011971008032560349,-0.0071826050989329815
1790030870576598500,2.4995986328125,-0.08379705995321274,0.011971008032560349,0.06464344263076782
1790030870586608000,2.509608154296875,0.016759412363171577,-0.08619125932455063,0.05267243832349777
1790030870596618000,2.519617919921875,0.05985504388809204,-0.05267243832349777,-0.06703764945268631
1790030870606627800,2.5296279296875,0.08379705995321274,-0.08858546614646912,-0.10055647045373917
1790030870616637400,2.539637451171875,0.10295066982507706,0,-0.05985504388809204
1790030870626647300,2.549647216796875,0.021547814831137657,0,-0.043095629662275314
1790030870646666800,2.569666748046875,-0.011971008032560349,0.06703764945268631,0.05506663769483566
1790030870666717000,2.589717041015625,-0.019153613597154617,-0.06703764945268631,-0.016759412363171577
1790030870676726500,2.5997265625,-0.028730420395731926,-0.05027823522686958,-0.021547814831137657
1790030870686736400,2.609736328125,-0.11971008777618408,-0.10534487664699554,-0.035913024097681046
1790030870696746200,2.619746337890625,-0.033518824726343155,-0.05746084079146385,0.009576806798577309
1790030870706755800,2.629755859375,-0.038307227194309235,-0.13407529890537262,-0.06224924325942993
1790030870736785200,2.65978515625,0,-0.06224924325942993,0.021547814831137657
1790030870746795000,2.669794921875,0.07182604819536209,-0.13407529890537262,-0.1149216815829277
1790030870766814500,2.689814453125,0.021547814831137657,-0.19871874153614044,-0.019153613597154617
1790030870806853600,2.729853515625,-0.26815059781074524,-1.192312479019165,-0.8858546018600464
1790030870826873000,2.749873046875,-0.689530074596405,-1.3934253454208374,-1.8291701078414917
1790030870836883000,2.759883056640625,-0.45010992884635925,-1.558625340461731,-2.1332337856292725
1790030870856902400,2.77990234375,0.3280056416988373,-2.231395959854126,-2.166752576828003
1790030870886931700,2.809931640625,0.5722141861915588,-1.6735470294952393,-1.6831238269805908
1790030870896941600,2.819941650390625,0.07182604819536209,-2.367865562438965,-2.1978771686553955
1790030870906951200,2.829951171875,0.38546648621559143,-2.315192937850952,-2.499546527862549
1790030870916961000,2.8399609375,0.272938996553421,-1.5634137392044067,-1.3982137441635132
1790030870926971000,2.849970947265625,-0.3495534360408783,-1.3311761617660522,-1.2425906658172607
1790030870946960000,2.8699599609375,-0.4165911078453064,-1.8483237028121948,-1.5921441316604614
1790030870956969500,2.879969482421875,-0.9385270476341248,-1.015141487121582,-1.1444283723831177
1790030870967009800,2.890009765625,-1.460463047027588,-0.47405192255973816,-1.1971008777618408
1790030870977019600,2.90001953125,-1.6879122257232666,-1.0079588890075684,-1.9057846069335938
1790030870987029200,2.910029296875,-1.6639702320098877,-0.7182605266571045,-1.721431016921997
1790030870997039000,2.9200390625,-1.6831238269805908,0.2968810200691223,-0.5578489899635315
1790030871007049000,2.930049072265625,-2.1045033931732178,-0.7326257228851318,-1.41257905960083
1790030871017058600,2.94005859375,-2.5522189140319824,-1.381454348564148,-3.071760892868042
1790030871027068400,2.950068359375,-2.454056739807129,-1.7932571172714233,-2.87064790725708
1790030871077117200,3.0001171875,-0.7374141216278076,-1.4245500564575195,-1.0582371950149536
1790030871097106200,3.020106201171875,-0.3926490843296051,-1.4077905416488647,-1.1659762859344482
1790030871167205000,3.090205078125,-1.0414776802062988,-0.47644615173339844,-1.3120225667953491
1790030871267303000,3.190302978515625,-2.2577321529388428,0.31124621629714966,0.629675030708313
1790030871297362700,3.22036279296875,-2.557007312774658,0.28969839215278625,-0.6440402865409851
1790030871307341800,3.230341796875,-1.9991583824157715,-0.9289502501487732,0.646434485912323
1790030871317382100,3.240382080078125,-2.1380221843719482,1.7381904125213623,0.7757213711738586
1790030871337401600,3.260401611328125,-2.8802247047424316,0.6703764796257019,0.40701428055763245
1790030871347442000,3.27044189453125,-2.126051187515259,-0.507570743560791,-0.5674257874488831
1790030871357451800,3.28045166015625,-2.123656988143921,-0.38067805767059326,-0.8619126081466675
1790030871367461400,3.29046142578125,-3.5170822143554688,1.4963760375976562,0.6967126727104187
1790030871387450400,3.310450439453125,-3.021482467651367,2.0015525817871094,0.5506663918495178
1790030871407531000,3.330531005859375,-0.14365209639072418,1.0127472877502441,0.4357447028160095
1790030871417540900,3.340540771484375,-0.3447650372982025,1.7094600200653076,1.2473790645599365
1790030871427520000,3.35052001953125,-1.5155296325683594,2.3918075561523438,1.3551181554794312
1790030871437560300,3.360560302734375,-1.259350061416626,1.6639702320098877,1.3431471586227417
1790030871447570200,3.370570068359375,-0.727837324142456,0.9265560507774353,1.5705963373184204
1790030871457579800,3.380579833984375,-0.9145850539207458,0.7876923680305481,1.0845733880996704
1790030871467589600,3.390589599609375,-1.335964560508728,1.1085153818130493,1.173158884048462
1790030871487609000,3.410609130859375,-2.0685901641845703,1.115697979927063,1.7166426181793213
1790030871497619000,3.420618896484375,-1.8698714971542358,0.22505496442317963,0.9792284965515137
1790030871507628800,3.43062890625,-1.7070658206939697,1.4101848602294922,0.6703764796257019
1790030871517669000,3.440669189453125,-1.4413094520568848,1.5490485429763794,1.0199298858642578
1790030871527648300,3.450648193359375,-1.381454348564148,0.8547300100326538,1.0271124839782715
1790030871537658000,3.460658203125,-1.50355863571167,0.7948749661445618,1.1013327836990356
1790030871547698200,3.4706982421875,-2.0661959648132324,1.0007762908935547,2.056619167327881
1790030871557708000,3.4807080078125,-2.315192937850952,0.40940847992897034,1.2186486721038818
1790030871617766700,3.5407666015625,-1.6352397203445435,2.4875755310058594,3.758896589279175
1790030871667876600,3.590876708984375,-0.811634361743927,1.9536685943603516,1.941697597503662
1790030871677886200,3.60088623046875,-0.6536170840263367,1.6831238269805908,2.4205379486083984
1790030871707915500,3.63091552734375,-1.4460978507995605,0.11013327538967133,1.1228805780410767
1790030871717895000,3.64089501953125,-1.314416766166687,0.14844051003456116,0.790086567401886
1790030871737914400,3.660914306640625,-0.9600749015808105,0.9169792532920837,0.2753331959247589
1790030871747924200,3.67092431640625,-1.4891934394836426,1.867477297782898,0.9313444495201111
1790030871757964300,3.68096435546875,-1.659181833267212,1.3982137441635132,1.0223240852355957
1790030871767943700,3.690943603515625,-1.8818424940109253,0.5099649429321289,0.8882488012313843
1790030871777984000,3.70098388671875,-1.601720929145813,-0.5554547905921936,0.849941611289978
1790030871787993600,3.71099365234375,-1.745373010635376,-0.9457096457481384,0.9600749015808105
1790030871808013300,3.731013427734375,-0.8092401623725891,0.28969839215278625,-0.6224924325942993
1790030871818023000,3.74102294921875,-0.2801215946674347,1.213860273361206,-0.181959331035614
1790030871828063200,3.751063232421875,0.12928688526153564,0.7709329724311829,-0.08379705995321274
1790030871838042600,3.761042724609375,-0.3902548849582672,1.455674648284912,-0.7924807667732239
1790030871888121900,3.811121826171875,-1.414973258972168,1.0534487962722778,0.07661445438861847
1790030871908141300,3.831141357421875,0.028730420395731926,0.7589619159698486,-0.5363011956214905
1790030871918120700,3.84112060546875,-0.11971008777618408,-0.7733271718025208,-0.3064578175544739
1790030871928161000,3.8511611328125,-1.3766659498214722,-2.075772762298584,-0.3208230137825012
1790030871938170600,3.861170654296875,-2.2816741466522217,-1.2689268589019775,-0.22744916379451752
1790030871948180500,3.871180419921875,-2.207453966140747,-0.5841852426528931,-0.011971008032560349
1790030871958190300,3.8811904296875,-1.7142484188079834,0.4884171485900879,0.05746084079146385
1790030871968169500,3.89116943359375,-1.5729905366897583,1.9273324012756348,0.6129156351089478
1790030871978179300,3.901179443359375,-0.9002198576927185,1.7693150043487549,0.8858546018600464
1790030871998168300,3.921168212890625,-1.2617442607879639,-1.7046716213226318,-0.507570743560791
1790030872018218200,3.94121826171875,-2.784456491470337,-0.8379706144332886,-1.4053963422775269
1790030872038238000,3.961238037109375,-1.9369091987609863,1.4987702369689941,-0.31842881441116333
1790030872048247600,3.97124755859375,-0.6129156351089478,1.2042834758758545,0.181959331035614
1790030872058257400,3.98125732421875,-0.15083470940589905,0.363918662071228,0.7852981686592102
1790030872068267300,3.991267333984375,-0.17717093229293823,-1.821987509727478,-0.004788403399288654
1790030872078276900,4.00127685546875,-1.1085153818130493,-0.6560112833976746,-0.4165911078453064
1790030872088317200,4.011317138671875,-2.6168625354766846,-0.6440402865409851,0.31364041566848755
1790030872098327000,4.0213271484375,-2.5067291259765625,-0.5339069962501526,-0.8738836050033569
1790030872118346500,4.041346435546875,-0.5147533416748047,-0.5482721924781799,-0.9026140570640564
1790030872128356400,4.0513564453125,-0.6129156351089478,1.0247182846069336,-0.05985504388809204
1790030872138366000,4.061365966796875,-0.31364041566848755,1.0821791887283325,0.3447650372982025
1790030872148375800,4.071375732421875,-0.629675030708313,0.3902548849582672,0.8164227604866028
1790030872158355000,4.08135498046875,-1.5969325304031372,-1.4413094520568848,-0.2585737705230713
1790030872168395300,4.091395263671875,-1.8770540952682495,-1.968033790588379,-1.5658079385757446
1790030872178374700,4.101374755859375,-1.5897499322891235,-1.4173674583435059,-1.4484920501708984
1790030872188384300,4.11138427734375,-0.8643068075180054,-0.33279404044151306,-0.4118026793003082
1790030872248473300,4.171473388671875,-0.9864110946655273,-1.5275006294250488,-1.3862427473068237
1790030872318511400,4.241511474609375,-0.45489832758903503,-0.6607996821403503,-0.2801215946674347
1790030872328490500,4.251490478515625,-0.6488286852836609,-1.0247182846069336,-0.6440402865409851
1790030872338530800,4.26153076171875,-1.460463047027588,0.13168109953403473,-0.2992752194404602
1790030872348510000,4.271510009765625,-1.2521674633026123,-1.1061211824417114,-0.5674257874488831
1790030872358550300,4.28155029296875,-0.6823474764823914,-0.6248866319656372,-1.0462661981582642
1790030872368560000,4.29156005859375,-0.42856210470199585,0.19153612852096558,-0.21308395266532898
1790030872378570000,4.301570068359375,0.0071826050989329815,-0.20111294090747833,0.019153613597154617
1790030872398620000,4.321619873046875,0.06464344263076782,-1.525106430053711,-1.194706678390503
1790030872408629800,4.331629638671875,-0.19393034279346466,-0.35434186458587646,-0.31842881441116333
1790030872418639400,4.341639404296875,-0.22505496442317963,-0.790086567401886,-0.10295066982507706
1790030872428649200,4.351649169921875,0.29209262132644653,-0.17717093229293823,-0.2777273952960968
1790030872438628400,4.36162841796875,0.3663128614425659,1.4844050407409668,1.2066776752471924
1790030872448668700,4.371668701171875,-0.05985504388809204,2.4181437492370605,3.0166940689086914
1790030872458678500,4.381678466796875,-0.933738648891449,1.3000515699386597,0.9074024558067322
1790030872508696800,4.43169677734375,-0.7589619159698486,0.5530605912208557,-0.24660277366638184
1790030872528808000,4.451807861328125,-0.0694318488240242,0.12928688526153564,-0.22744916379451752
1790030872538817800,4.46181787109375,-0.4692635238170624,0.24660277366638184,-0.08619125932455063
1790030872548827400,4.471827392578125,-0.4165911078453064,-0.1867477297782898,-0.004788403399288654
1790030872558837200,4.481837158203125,-0.4812345504760742,0.3280056416988373,0.10773907601833344
1790030872568816400,4.49181640625,-0.5746083855628967,-0.5817909836769104,-0.6033388376235962
1790030872648955600,4.57195556640625,-1.5490485429763794,-0.7086837291717529,-0.4884171485900879
1790030872658965500,4.581965576171875,-1.1013327836990356,-0.524330198764801,-0.1149216815829277
1790030872668944600,4.591944580078125,-0.3519476354122162,-0.5722141861915588,0.3471592366695404
1790030872678985000,4.60198486328125,-0.5770025849342346,-0.524330198764801,0.3974374830722809
1790030872688994600,4.61199462890625,-0.8810662031173706,-0.4836287498474121,-0.1364694982767105
1790030872699004400,4.62200439453125,-0.8858546018600464,-0.3232172429561615,-0.004788403399288654
1790030872719023900,4.64202392578125,-0.5291185975074768,-0.6871358752250671,-0.828393816947937
1790030872739043600,4.662043701171875,-0.21308395266532898,-0.5171475410461426,-1.0247182846069336
1790030872749053200,4.67205322265625,-0.4405331015586853,-0.6224924325942993,-0.8307880163192749
1790030872759093500,4.682093505859375,-0.3232172429561615,-0.2801215946674347,-0.47405192255973816
1790030872769103400,4.692103271484375,-0.1149216815829277,-0.5386953949928284,-0.09576806426048279
1790030872779113200,4.70211328125,-0.2992752194404602,-0.2585737705230713,0.5482721924781799
1790030872789122800,4.712122802734375,-0.7541735172271729,-0.8068459630012512,-0.5889736413955688
1790030872799132700,4.722132568359375,-0.5339069962501526,-1.7717092037200928,-1.9584569931030273
1790030872809142300,4.732142333984375,-0.2944868206977844,-1.556231141090393,-1.8100165128707886
1790030872819152100,4.742152099609375,-0.1173158809542656,-2.3247697353363037,-2.070984363555908
1790030872829162000,4.752161865234375,0.4908113479614258,-2.8802247047424316,-3.1220390796661377
1790030872849181400,4.772181396484375,0.6823474764823914,-2.008735179901123,-4.201824188232422
1790030872909301000,4.832301025390625,0,-2.674323320388794,-3.4955344200134277
1790030872949431800,4.872431884765625,-0.9840168952941895,-1.6639702320098877,-2.1356279850006104
1790030872959471900,4.882471923828125,-1.0271124839782715,-1.2665326595306396,-1.900996208190918
1790030872969481700,4.892481689453125,-0.8236053586006165,-0.8834604024887085,-0.7158663272857666
1790030872979460900,4.9024609375,-1.3862427473068237,-1.6519991159439087,-0.9481038451194763
1790030872999480600,4.92248046875,-2.5522189140319824,-0.8954314589500427,-0.9481038451194763
1790030873009521000,4.93252099609375,-1.5729905366897583,0.06464344263076782,-0.08140286058187485
1790030873019530500,4.942530517578125,-1.5514427423477173,-0.11252748221158981,0.6033388376235962
1790030873039550200,4.96255029296875,-2.205059766769409,0.12210428714752197,-0.21547815203666687
1790030873049559800,4.972559814453125,-2.1787235736846924,-0.10295066982507706,-0.12210428714752197
1790030873059539200,4.982539306640625,-1.7956513166427612,-0.6033388376235962,-0.9864110946655273
1790030873069579500,4.99257958984375,-1.1683704853057861,0.2513911724090576,-0.1628057211637497
1790030873079589000,5.002589111328125,-0.9193734526634216,-0.35434186458587646,0.2059013396501541
1790030873099608600,5.022608642578125,-1.7046716213226318,0.5123591423034668,1.1085153818130493
1790030873109618400,5.032618408203125,-1.7501614093780518,-0.4908113479614258,-0.047884032130241394
1790030873119658800,5.04265869140625,-1.580173134803772,-0.8882488012313843,-0.17717093229293823
1790030873129668600,5.052668701171875,-1.678335428237915,-0.6775590777397156,-0.6584054827690125
1790030873219756300,5.14275634765625,-0.5195417404174805,-1.9345149993896484,-1.2713210582733154
1790030873229766100,5.15276611328125,-0.13407529890537262,-3.8738183975219727,-1.1228805780410767
1790030873269774600,5.192774658203125,-0.9026140570640564,1.577778935432434,-0.0933738648891449
1790030873329833200,5.252833251953125,-1.7381904125213623,0.23942017555236816,0.26815059781074524
1790030873339812600,5.2628125,-0.08619125932455063,-2.013523578643799,0.0454898327589035
1790030873349853000,5.27285302734375,0.3998316824436188,-0.40940847992897034,-1.2282254695892334
1790030873369872400,5.292872314453125,-1.1635819673538208,1.3862427473068237,1.3982137441635132
1790030873379882200,5.30288232421875,-0.3280056416988373,0.7996633648872375,0.950498104095459
1790030873389891800,5.312891845703125,0.44771572947502136,-1.0749965906143188,0.21787235140800476
1790030873399932200,5.32293212890625,0.05027823522686958,0.028730420395731926,-0.17717093229293823
1790030873409942000,5.33294189453125,-1.7094600200653076,0.3256114423274994,0.9193734526634216
1790030873419921200,5.342921142578125,-2.434903144836426,1.900996208190918,1.173158884048462
1790030873429961500,5.35296142578125,-2.7533318996429443,1.0965443849563599,1.2473790645599365
1790030873439940600,5.362940673828125,-2.8419175148010254,1.194706678390503,0.7398083209991455
1790030873449981000,5.37298095703125,-2.0901381969451904,1.522712230682373,0.17956513166427612
1790030873459990800,5.38299072265625,-2.0925323963165283,1.3287819623947144,0.9696516990661621
1790030873520110300,5.4431103515625,-0.9816226959228516,1.659181833267212,0.667982280254364
1790030873530089700,5.45308984375,-1.644816517829895,1.2856862545013428,1.9153614044189453
1790030873560180000,5.483179931640625,-1.678335428237915,1.213860273361206,1.1324573755264282
1790030873580199400,5.503199462890625,-2.0422539710998535,2.1763293743133545,1.6496049165725708
1790030873590239700,5.51323974609375,-2.537853717803955,1.6974890232086182,1.5825673341751099
1790030873600249600,5.52324951171875,-2.169146776199341,0.8643068075180054,1.1204863786697388
1790030873610259500,5.533259521484375,-1.5059528350830078,-0.3280056416988373,1.2689268589019775
1790030873620299500,5.543299560546875,-1.0007762908935547,0.0694318488240242,1.900996208190918
1790030873630309400,5.553309326171875,-1.213860273361206,0.38307225704193115,2.1308395862579346
1790030873640319200,5.5633193359375,-1.1061211824417114,0.4884171485900879,1.2066776752471924
1790030873650298400,5.57329833984375,-1.161187767982483,0.24181437492370605,1.213860273361206
1790030873740447200,5.663447265625,-1.2090718746185303,0.9361328482627869,1.7980455160140991
1790030873820525600,5.743525634765625,-1.6879122257232666,2.0829553604125977,0.026336219161748886
1790030873840575500,5.763575439453125,-1.6519991159439087,0.5770025849342346,0.395043283700943
1790030873850585300,5.77358544921875,-2.0398597717285156,-0.31603461503982544,0.7541735172271729
1790030873860564500,5.783564453125,-1.9943699836730957,-1.1468225717544556,-0.18914192914962769
1790030873870574300,5.79357421875,-1.479616641998291,-1.6208745241165161,-0.8331822156906128
1790030873880614700,5.80361474609375,-1.0869675874710083,-0.5722141861915588,-1.0414776802062988
1790030873930724400,5.853724365234375,-1.3431471586227417,-1.1827356815338135,-1.2449848651885986
1790030873970824400,5.893824462890625,-1.1109095811843872,-0.768538773059845,-1.0319008827209473
1790030873980864800,5.90386474609375,-0.8954314589500427,-0.14365209639072418,-0.20111294090747833
1790030873990905000,5.913905029296875,-1.2258312702178955,0.3471592366695404,0.5530605912208557
1790030874000884200,5.92388427734375,-1.259350061416626,1.0007762908935547,0.7852981686592102
1790030874050963700,5.973963623046875,-2.319981336593628,-0.3232172429561615,-0.2537853717803955
1790030874060942800,5.98394287109375,-2.896984100341797,1.5083470344543457,0.5123591423034668
1790030874070983200,5.993983154296875,-2.2385785579681396,3.114856481552124,1.5658079385757446
1790030874080993000,6.003992919921875,-1.6759412288665771,2.1787235736846924,2.054224967956543
1790030874111052800,6.034052734375,-1.434126853942871,-3.6966474056243896,-2.8443117141723633
1790030874141112600,6.064112548828125,-1.7693150043487549,2.889801502227783,3.138798475265503
1790030874151122400,6.074122314453125,-1.8722656965255737,4.371812343597412,3.687070608139038
1790030874171172400,6.09417236328125,-2.367865562438965,-2.5474305152893066,-2.2840683460235596
1790030874181182200,6.10418212890625,-2.765302896499634,-5.609614372253418,-3.804386615753174
1790030874191222500,6.114222412109375,-3.4380736351013184,-4.220977783203125,-2.4684219360351562
1790030874221251800,6.144251953125,-0.8164227604866028,-0.16759411990642548,-1.1875240802764893
1790030874231292200,6.154292236328125,0.3711012601852417,0.7230489253997803,0.47884035110473633
1790030874251342000,6.174342041015625,0.6799532771110535,0.19632454216480255,0.4405331015586853
1790030874321379800,6.2443798828125,-1.1875240802764893,-0.12928688526153564,0.7422025203704834
1790030874331389700,6.2543896484375,-0.8571242094039917,-0.07422025501728058,0.8978256583213806
1790030874341430000,6.264429931640625,-1.1276689767837524,-0.19632454216480255,0.38546648621559143
1790030874351440000,6.27443994140625,-1.3048399686813354,-0.9768342971801758,-0.31842881441116333
1790030874361449500,6.284449462890625,-2.1284453868865967,-1.0654197931289673,-1.2641384601593018
1790030874371459300,6.294459228515625,-2.427720546722412,0.19871874153614044,-1.5107412338256836
1790030874381469000,6.304468994140625,-1.702277421951294,0.033518824726343155,0.023942016065120697
1790030874391478800,6.314478759765625,-0.9409212470054626,0.3208230137825012,0.7829039692878723
1790030874401488600,6.324488525390625,-0.9097966551780701,0.24181437492370605,0.6248866319656372
1790030874411498200,6.334498291015625,-0.9241618514060974,0,1.0558429956436157
1790030874421538600,6.34453857421875,-0.8547300100326538,-1.4867992401123047,-0.24181437492370605
1790030874431548400,6.35454833984375,-1.2282254695892334,-1.41257905960083,-1.3982137441635132
1790030874441558300,6.364558349609375,-1.9847931861877441,-0.0694318488240242,-0.9768342971801758
1790030874451567900,6.37456787109375,-1.8483237028121948,-0.021547814831137657,-0.17238251864910126
1790030874471556900,6.394556884765625,-1.1755530834197998,0.17238251864910126,-0.21308395266532898
1790030874481597200,6.40459716796875,-0.7589619159698486,0.47884035110473633,0.21787235140800476
1790030874571776800,6.49477685546875,-0.9696516990661621,0.8738836050033569,0.05267243832349777
1790030874631865900,6.554865966796875,-0.9744400978088379,0.040701430290937424,0.272938996553421
1790030874641875500,6.56487548828125,-1.1444283723831177,-0.17956513166427612,0.35673606395721436
1790030874651915800,6.574915771484375,-1.7764976024627686,-0.47165772318840027,-0.5770025849342346
1790030874661956000,6.5849560546875,-1.4484920501708984,-0.7637503147125244,-1.0462661981582642
1790030874671966000,6.594966064453125,-0.6919242739677429,-0.5171475410461426,-0.569819986820221
1790030874701964500,6.624964599609375,-0.17477671802043915,0.507570743560791,0.5195417404174805
1790030874712004900,6.6350048828125,-0.569819986820221,0.35913026332855225,0.5339069962501526
1790030874722014700,6.6450146484375,-0.667982280254364,0.42377370595932007,0.5817909836769104
1790030874732024600,6.655024658203125,-0.7757213711738586,0.12210428714752197,0.038307227194309235
1790030874742034200,6.6650341796875,-0.5339069962501526,0.3064578175544739,-0.18914192914962769
1790030874752044000,6.6750439453125,-0.5913678407669067,0.4620809257030487,-0.24660277366638184
1790030874762054000,6.685053955078125,-0.5554547905921936,-0.40940847992897034,-0.3447650372982025
1790030874772063500,6.6950634765625,-0.6248866319656372,-0.31603461503982544,-0.35434186458587646
1790030874782103800,6.705103759765625,-0.43335050344467163,-0.06703764945268631,-0.7805097699165344
1790030874792113700,6.71511376953125,-0.42377370595932007,-0.21547815203666687,-1.137245774269104
1790030874802184400,6.725184326171875,-0.7015010714530945,-0.8068459630012512,-1.3958195447921753
1790030874812194000,6.735194091796875,-0.8451532125473022,-1.644816517829895,-1.5490485429763794
1790030874822234400,6.745234375,-0.7445967197418213,-1.7501614093780518,-1.9512743949890137
1790030874862304000,6.785303955078125,0.021547814831137657,-2.5091233253479004,-4.170699596405029
1790030874872344300,6.79534423828125,0.004788403399288654,-2.6623523235321045,-3.5745432376861572
1790030874902404000,6.825404052734375,0.035913024097681046,-3.892971992492676,-4.345476150512695
1790030874912414000,6.8354140625,-0.38067805767059326,-2.82515811920166,-3.35667085647583
1790030874922454300,6.845454345703125,-0.3687070608139038,-3.24414324760437,-3.2537200450897217
1790030874962493200,6.8854931640625,-0.8379706144332886,-2.6431987285614014,-2.782062292098999
1790030874982512600,6.9055126953125,-0.871489405632019,-2.274491548538208,-3.1723172664642334
1790030874992553000,6.915552978515625,-0.5195417404174805,-1.5275006294250488,-2.3989901542663574
1790030875032592100,6.955592041015625,-1.625662922859192,0.12689268589019775,-0.8667010068893433
1790030875052642000,6.97564208984375,-2.2218191623687744,-1.4987702369689941,-1.9991583824157715
1790030875082641000,7.005640869140625,-1.8698714971542358,1.6328455209732056,-0.08858546614646912
1790030875102630000,7.0256298828125,-1.5083470344543457,0.5722141861915588,0.3902548849582672
1790030875122710500,7.04571044921875,-2.8634653091430664,0.8834604024887085,0.49799394607543945
1790030875142760400,7.065760498046875,-2.6575639247894287,0.6177040338516235,-0.12210428714752197
1790030875152770300,7.075770263671875,-2.207453966140747,0.17477671802043915,-0.2753331959247589
1790030875172851000,7.095850830078125,-1.577778935432434,0.3687070608139038,0.7374141216278076
1790030875182860500,7.105860595703125,-0.9840168952941895,-0.8762778043746948,-0.28730419278144836
1790030875202910700,7.12591064453125,-1.6735470294952393,-0.5889736413955688,-0.5817909836769104
1790030875212920600,7.135920654296875,-2.499546527862549,-0.3064578175544739,-0.31124621629714966
1790030875232940000,7.15593994140625,-1.9560627937316895,-1.3527239561080933,-0.7829039692878723
1790030875293120800,7.216120849609375,-1.1252747774124146,0.3447650372982025,-0.6847416758537292
1790030875343200000,7.266199951171875,-1.1324573755264282,-1.2665326595306396,0.5386953949928284
1790030875353240300,7.276240234375,-1.3431471586227417,-0.19393034279346466,-0.15562310814857483
1790030875363250200,7.286250244140625,-1.821987509727478,0.7637503147125244,1.50355863571167
1790030875373259800,7.296259765625,-1.1516109704971313,0.24660277366638184,1.3527239561080933
1790030875383269600,7.30626953125,-1.9919757843017578,0.9217676520347595,1.237802267074585
1790030875413329400,7.336329345703125,-0.9050082564353943,-2.078166961669922,-1.2258312702178955
1790030875423369700,7.34636962890625,-1.742978811264038,0.608127236366272,-0.27054479718208313
1790030875433379300,7.35637939453125,-2.4372973442077637,1.2114660739898682,1.5059528350830078
1790030875443389200,7.36638916015625,-1.8483237028121948,0.9624691009521484,0.790086567401886
1790030875453429500,7.376429443359375,-0.9744400978088379,0.2537853717803955,0.1173158809542656
1790030875463439400,7.386439453125,-1.036689281463623,1.2665326595306396,-0.26815059781074524
1790030875483458800,7.406458740234375,-1.45806884765625,0.05267243832349777,1.2665326595306396
1790030875493468700,7.41646875,-2.1595699787139893,0.17717093229293823,2.2385785579681396
1790030875503508700,7.4265087890625,-2.3535003662109375,-0.44532153010368347,1.4293384552001953
1790030875513549000,7.436549072265625,-1.3096283674240112,0.5410895943641663,0.4836287498474121
1790030875523559000,7.446558837890625,-0.7110779285430908,1.525106430053711,0.31124621629714966
1790030875533568800,7.45656884765625,-0.5650315880775452,1.3527239561080933,0.8619126081466675
1790030875543578400,7.466578369140625,-1.3670891523361206,1.2306196689605713,0.7661445140838623
1790030875553588200,7.476588134765625,-2.2218191623687744,0.9696516990661621,1.381454348564148
1790030875563628500,7.486628662109375,-2.959233283996582,0.23942017555236816,0.9696516990661621
1790030875573668900,7.4966689453125,-3.095702886581421,0.6919242739677429,0.5889736413955688
1790030875583678500,7.506678466796875,-2.5091233253479004,0.629675030708313,0.6033388376235962
1790030875673796900,7.596796875,-2.1380221843719482,1.8195933103561401,3.2178070545196533
1790030875703887400,7.626887451171875,-0.7637503147125244,3.315969467163086,2.4444799423217773
1790030875734008000,7.657008056640625,-0.47884035110473633,1.3072341680526733,1.4676456451416016
1790030875784056800,7.707056884765625,0.5123591423034668,-0.20111294090747833,-0.1173158809542656
1790030875874206000,7.7972060546875,-1.4939818382263184,-0.26815059781074524,-0.0694318488240242
1790030875904326700,7.82732666015625,-2.542642116546631,0.7781155705451965,0.12928688526153564
1790030875914336500,7.83733642578125,-2.5785553455352783,-0.12449848651885986,-0.7661445140838623
1790030875964477000,7.887476806640625,-2.387019157409668,0.9864110946655273,-0.20111294090747833
1790030875974517200,7.897517333984375,-2.027888774871826,2.4684219360351562,0.3016694188117981
1790030875984526800,7.90752685546875,-1.4293384552001953,2.2457611560821533,0.031124621629714966
1790030875994506200,7.91750634765625,-0.35673606395721436,-0.038307227194309235,-0.21547815203666687
1790030876004546600,7.927546630859375,-0.009576806798577309,-3.4596214294433594,-0.1388636976480484
1790030876014586600,7.937586669921875,-0.9145850539207458,-4.290409564971924,-0.2513911724090576
1790030876024627000,7.947626953125,-2.499546527862549,-2.341529369354248,-1.5849615335464478
1790030876064666000,7.987666015625,-0.38546648621559143,0.5674257874488831,0.15801730751991272
1790030876074675700,7.99767578125,-0.13168109953403473,-1.3670891523361206,-0.26096799969673157
1790030876084655000,8.007655029296876,-0.5363011956214905,-1.0558429956436157,-1.5705963373184204
1790030876094695400,8.0176953125,-1.7549498081207275,-0.7015010714530945,-0.9265560507774353
1790030876104705000,8.027705078125,-2.956839084625244,-1.0007762908935547,-0.9552865028381348
1790030876114715000,8.03771484375,-3.406949043273926,0.7398083209991455,-1.678335428237915
1790030876124724700,8.047724853515625,-2.099714994430542,1.556231141090393,-0.2777273952960968
1790030876134765000,8.05776513671875,-0.8595184087753296,1.2018892765045166,1.6903064250946045
1790030876154815000,8.07781494140625,-1.920149803161621,-0.07900865375995636,1.5658079385757446
1790030876174834400,8.09783447265625,-2.6886885166168213,-1.41257905960083,-1.6424223184585571
1790030876184844300,8.10784423828125,-2.056619167327881,-1.8387469053268433,-1.9153614044189453
1790030876194854100,8.117854248046875,-2.449268341064453,-1.0319008827209473,-0.8547300100326538
1790030876204894500,8.12789453125,-2.382230758666992,0.3758896589279175,-0.07182604819536209
1790030876214904000,8.137904052734376,-1.678335428237915,0.849941611289978,1.6903064250946045
1790030876224914000,8.147913818359376,-1.115697979927063,0.11013327538967133,0.3663128614425659
1790030876234923500,8.157923583984376,-1.0319008827209473,-1.4676456451416016,-1.3431471586227417
1790030876244963800,8.1679638671875,-1.6615760326385498,-2.250549554824829,-1.1779472827911377
1790030876295012900,8.218012939453125,-0.363918662071228,0.28969839215278625,-0.17717093229293823
1790030876325103000,8.24810302734375,-0.31124621629714966,-0.49320554733276367,0.023942016065120697
1790030876335113000,8.258113037109375,-0.6009446382522583,-1.1204863786697388,-0.20111294090747833
1790030876345153000,8.268153076171876,-1.3239935636520386,-2.3965959548950195,-0.6943184733390808
1790030876355132400,8.27813232421875,-2.073378562927246,-1.3239935636520386,-1.8267759084701538
1790030876385161700,8.30816162109375,-0.7230489253997803,1.0127472877502441,0.05746084079146385
1790030876415221500,8.338221435546876,-1.3551181554794312,-0.9696516990661621,-0.6272808313369751
1790030876435241000,8.358240966796876,-1.213860273361206,-0.8044517636299133,-1.3431471586227417
1790030876485320400,8.408320556640625,-0.9624691009521484,0.8355764150619507,-0.5554547905921936
1790030876495391200,8.41839111328125,-0.7038952708244324,0.3734954595565796,-0.5674257874488831
1790030876505431600,8.428431640625,-0.5363011956214905,-0.07422025501728058,-0.49320554733276367
1790030876515471600,8.4384716796875,-0.9864110946655273,-0.6655880808830261,-0.5961562395095825
1790030876525512000,8.448511962890626,-1.091755986213684,-0.7326257228851318,-1.0869675874710083
1790030876535491300,8.4584912109375,-0.751779317855835,0.019153613597154617,-1.0127472877502441
1790030876545562000,8.46856201171875,-0.19632454216480255,0.10534487664699554,-0.4812345504760742
1790030876565581600,8.48858154296875,-0.9457096457481384,-1.015141487121582,-0.181959331035614
1790030876585631700,8.5086318359375,-0.9648633003234863,-0.2753331959247589,-0.15562310814857483
1790030876595641300,8.518641357421876,-0.5051765441894531,-0.6727706789970398,-0.6847416758537292
1790030876605681700,8.528681640625,-0.16519992053508759,-0.2849099934101105,-0.6607996821403503
1790030876615722000,8.538721923828126,-0.31364041566848755,0.0071826050989329815,-0.5841852426528931
1790030876625762300,8.54876220703125,-0.6248866319656372,0.009576806798577309,-0.7613561153411865
1790030876635772000,8.55877197265625,-0.8044517636299133,-0.45489832758903503,-0.6703764796257019
1790030876645812200,8.568812255859376,-0.8978256583213806,-0.5506663918495178,-0.15083470940589905
1790030876705932000,8.62893212890625,-0.43335050344467163,0.35913026332855225,-0.181959331035614
1790030876725982000,8.64898193359375,-0.10295066982507706,1.0223240852355957,0.3256114423274994
1790030876735991800,8.65899169921875,-0.3280056416988373,0.8092401623725891,0.5363011956214905
1790030876746001400,8.66900146484375,-0.6224924325942993,0.47405192255973816,0.4118026793003082
1790030876756011300,8.67901123046875,-0.8403648138046265,0.3064578175544739,0.5770025849342346
1790030876766021000,8.689021240234375,-0.6368576288223267,0.507570743560791,0.9959878921508789
1790030876776030700,8.69903076171875,-0.5770025849342346,0.5315127968788147,1.070208191871643
1790030876796081000,8.719080810546876,-0.9768342971801758,0.5171475410461426,0.3064578175544739
1790030876806090800,8.7290908203125,-1.0199298858642578,0.019153613597154617,-0.38067805767059326
1790030876816100400,8.739100341796876,-0.6416460275650024,-0.16759411990642548,-0.15322890877723694
1790030876846129700,8.769129638671876,-0.7182605266571045,-0.7876923680305481,-0.7637503147125244
1790030876856139500,8.779139404296876,-0.586579442024231,-1.216254472732544,-1.403002142906189
1790030876876189400,8.799189453125,-0.7158663272857666,-2.628833532333374,-3.0190882682800293
1790030876896209200,8.819209228515625,-0.11013327538967133,-2.6192567348480225,-3.847482204437256
1790030876906218800,8.82921875,0.19393034279346466,-1.9345149993896484,-3.4356794357299805
1790030876976287200,8.899287353515625,-0.0071826050989329815,-2.540247917175293,-2.8850131034851074
1790030876986327600,8.90932763671875,-0.19393034279346466,-2.2194249629974365,-2.765302896499634
1790030877026366500,8.949366455078126,-1.3742717504501343,-1.8483237028121948,-2.0853497982025146
1790030877076446000,8.999446044921875,-3.114856481552124,-1.5442601442337036,-2.5067291259765625
1790030877086455600,9.00945556640625,-2.1475989818573,-1.5849615335464478,-1.8483237028121948
1790030877106475300,9.029475341796875,-1.9704279899597168,-1.9297266006469727,-2.6839001178741455
1790030877116484900,9.03948486328125,-2.8850131034851074,-1.3886369466781616,-2.499546527862549
1790030877126494700,9.04949462890625,-1.9393033981323242,-1.5131354331970215,-1.8938134908676147
1790030877136473900,9.059473876953126,-1.2330138683319092,0.42856210470199585,0.7422025203704834
1790030877146514200,9.06951416015625,-1.3192051649093628,1.5825673341751099,2.33913516998291
1790030877156493600,9.07949365234375,-1.4628572463989258,0.7015010714530945,0.7230489253997803
1790030877166533600,9.08953369140625,-1.436521053314209,-0.4884171485900879,-0.36152446269989014
1790030877176513000,9.099512939453126,-1.3623007535934448,1.1851298809051514,0.16759411990642548
1790030877186553300,9.10955322265625,-0.871489405632019,1.1468225717544556,0.9026140570640564
1790030877196563000,9.11956298828125,-0.3447650372982025,1.4317326545715332,0.8619126081466675
1790030877206542300,9.129542236328126,-0.8858546018600464,-0.18914192914962769,0.9552865028381348
1790030877226592300,9.14959228515625,-2.2002713680267334,1.601720929145813,0.6751648783683777
1790030877236602000,9.15960205078125,-2.4372973442077637,1.5705963373184204,-0.6512228846549988
1790030877246612000,9.169612060546875,-2.6839001178741455,-1.3215993642807007,-1.0821791887283325
1790030877256591000,9.179591064453126,-2.207453966140747,-1.460463047027588,-2.8203697204589844
1790030877266631400,9.18963134765625,-1.8483237028121948,-0.31364041566848755,-1.7477672100067139
1790030877276641300,9.199641357421875,-0.6224924325942993,0.047884032130241394,-1.137245774269104
1790030877286651000,9.20965087890625,0.002394201699644327,-1.3024457693099976,-0.7254431247711182
1790030877296630300,9.21963037109375,0.17238251864910126,-0.5961562395095825,-1.0582371950149536
1790030877306670600,9.229670654296875,-1.0678139925003052,-1.1803414821624756,-0.023942016065120697
1790030877326690000,9.24968994140625,-2.231395959854126,-0.6368576288223267,-1.558625340461731
1790030877346709500,9.26970947265625,-3.3662476539611816,2.1954829692840576,1.2425906658172607
1790030877356719400,9.27971923828125,-2.911349296569824,1.577778935432434,-0.05506663769483566
1790030877456908500,9.379908447265626,-3.1866824626922607,1.1971008777618408,2.5450363159179688
1790030877527099000,9.450098876953126,-1.0295066833496094,-2.4660277366638184,-1.3766659498214722
1790030877537108700,9.460108642578126,-0.6105214357376099,-1.9488801956176758,-1.800439715385437
1790030877547118300,9.470118408203126,-0.6751648783683777,-1.8794482946395874,-2.166752576828003
1790030877577147600,9.500147705078126,-0.9193734526634216,0.667982280254364,-0.1843535304069519
1790030877587188000,9.51018798828125,-0.9169792532920837,1.2330138683319092,0.5147533416748047
1790030877597197800,9.52019775390625,-0.3998316824436188,0.9720458984375,1.113303780555725
1790030877607207700,9.530207763671875,0.019153613597154617,1.7142484188079834,2.3942017555236816
1790030877617247700,9.540247802734376,-0.47165772318840027,3.28963303565979,3.576937437057495
1790030877637298000,9.5602978515625,-2.5258827209472656,4.299986362457275,3.936067581176758
1790030877647338200,9.570338134765626,-1.702277421951294,3.4189200401306152,4.5825018882751465
1790030877657347800,9.580347900390626,-0.9864110946655273,2.5258827209472656,5.638344764709473
1790030877667357700,9.590357666015626,-0.9744400978088379,2.3295583724975586,6.004657745361328
1790030877677367600,9.600367431640626,-1.1516109704971313,2.983175277709961,5.583278179168701
1790030877687346700,9.6103466796875,-1.5466543436050415,2.6168625354766846,3.8786067962646484
1790030877737456600,9.66045654296875,-2.5234885215759277,0.2825157940387726,2.094926595687866
1790030877747435800,9.670435791015626,-2.607285737991333,0.6631938815116882,1.7717092037200928
1790030877797545700,9.720545654296876,-1.3120225667953491,1.0223240852355957,-0.2825157940387726
1790030877847594500,9.770594482421876,-0.933738648891449,-1.1348515748977661,-0.9600749015808105
1790030877857634800,9.780634765625,-0.47644615173339844,-0.05027823522686958,-0.7206547260284424
1790030877867644700,9.790644775390625,-0.395043283700943,0.5410895943641663,0.3447650372982025
1790030877877623800,9.800623779296876,-0.6033388376235962,0.3902548849582672,0.4692635238170624
1790030877887664000,9.8106640625,-0.8379706144332886,-1.0031704902648926,-0.1604115068912506
1790030877897674000,9.820674072265625,-0.9409212470054626,-1.8938134908676147,-1.0797849893569946
1790030877907653000,9.830653076171876,-1.501164436340332,-0.9624691009521484,-1.070208191871643
1790030877917693400,9.840693359375,-1.6855180263519287,-1.3646949529647827,-0.6416460275650024
1790030877927733800,9.850733642578126,-1.7884687185287476,-0.22505496442317963,-0.6847416758537292
1790030877937743400,9.860743408203126,-1.3096283674240112,0.1412578970193863,-0.6248866319656372
1790030877947753200,9.870753173828126,-0.7541735172271729,0.5674257874488831,0.5554547905921936
1790030877997863200,9.92086328125,-2.190694570541382,0.19871874153614044,0.20350714027881622
1790030878007872800,9.930872802734376,-3.1028854846954346,1.2401964664459229,0.6703764796257019
1790030878097991200,10.0209912109375,-1.6352397203445435,1.3503297567367554,-0.28969839215278625
1790030878117980200,10.040980224609376,-0.5793967843055725,-2.63362193107605,-2.456450939178467
1790030878178069500,10.101069580078125,-1.278503656387329,-0.3974374830722809,-1.6280571222305298
1790030878188109600,10.111109619140626,-1.5610195398330688,-0.7422025203704834,-1.580173134803772
1790030878208129300,10.13112939453125,-2.360682964324951,-0.3758896589279175,-0.8451532125473022
1790030878218139000,10.141138916015626,-1.6400281190872192,-0.6512228846549988,-1.9752163887023926
1790030878228148700,10.151148681640626,-1.192312479019165,-0.14604631066322327,-1.0797849893569946
1790030878238127900,10.1611279296875,-1.1563993692398071,-0.35673606395721436,0.021547814831137657
1790030878248168200,10.171168212890626,-1.2832920551300049,0.272938996553421,-0.08379705995321274
1790030878268218400,10.19121826171875,-0.6655880808830261,-0.8954314589500427,0.17717093229293823
1790030878278228000,10.20122802734375,-0.5626373887062073,-1.5729905366897583,-0.6727706789970398
1790030878288237800,10.21123779296875,-1.6687586307525635,-0.9050082564353943,-0.7852981686592102
1790030878298247700,10.22124755859375,-2.097320795059204,-0.395043283700943,-0.4405331015586853
1790030878308257300,10.23125732421875,-1.7286136150360107,0.7374141216278076,0.09816227108240128
1790030878318267100,10.24126708984375,-0.828393816947937,0.38307225704193115,-0.033518824726343155
1790030878328277000,10.251277099609375,-0.22505496442317963,-0.43335050344467163,0.2561795711517334
1790030878338286600,10.26128662109375,-0.33039984107017517,-0.5410895943641663,0.1843535304069519
1790030878348327000,10.271326904296876,-0.12449848651885986,-1.2042834758758545,-0.706289529800415
1790030878358336800,10.281336669921876,-0.47405192255973816,-1.1300631761550903,-1.2617442607879639
1790030878368346400,10.291346435546876,-1.139639973640442,-1.4508862495422363,-1.5945383310317993
1790030878378356200,10.301356201171876,-1.2258312702178955,0.016759412363171577,-1.1444283723831177
1790030878388366000,10.311365966796876,-0.8092401623725891,1.3072341680526733,0.8475474119186401
1790030878398375700,10.321375732421876,-0.47165772318840027,1.1109095811843872,1.161187767982483
1790030878408355000,10.33135498046875,-0.5770025849342346,-0.22744916379451752,0.2059013396501541
1790030878418395400,10.3413955078125,-1.2976573705673218,0.023942016065120697,-0.5913678407669067
1790030878428435700,10.351435791015625,-1.9584569931030273,-0.1843535304069519,-0.5746083855628967
1790030878438475800,10.361475830078126,-1.800439715385437,-0.646434485912323,-0.7254431247711182
1790030878448485600,10.371485595703126,-1.86508309841156,0.28730419278144836,-0.3064578175544739
1790030878458495500,10.38149560546875,-1.5466543436050415,0.6392518281936646,-0.23942017555236816
1790030878468505000,10.391505126953126,-1.1540051698684692,0.24420857429504395,0.13168109953403473
1790030878478515000,10.401514892578126,-0.8954314589500427,-0.7733271718025208,-0.023942016065120697
1790030878488524800,10.41152490234375,-1.37906014919281,0.44771572947502136,0.031124621629714966
1790030878498565000,10.421565185546875,-1.479616641998291,0.4884171485900879,-0.17477671802043915
1790030878508605200,10.431605224609376,-0.7661445140838623,0.14365209639072418,-0.24660277366638184
1790030878518615000,10.441614990234376,-0.8619126081466675,-0.31603461503982544,0.08379705995321274
1790030878528625000,10.451625,-1.1252747774124146,-0.15801730751991272,-0.2753331959247589
1790030878538604000,10.46160400390625,-1.113303780555725,-0.6248866319656372,-0.5650315880775452
1790030878548644400,10.471644287109376,-0.5339069962501526,-0.9097966551780701,-0.5913678407669067
1790030878558654200,10.481654296875,-0.05985504388809204,0.09576806426048279,-0.08379705995321274
1790030878568633300,10.49163330078125,0.2825157940387726,0.24420857429504395,-0.021547814831137657
1790030878578673700,10.501673583984376,0.1628057211637497,-0.8930372595787048,-0.7805097699165344
1790030878588714000,10.5117138671875,-0.23702596127986908,-1.414973258972168,-1.3287819623947144
1790030878598754300,10.52175439453125,-0.5410895943641663,-0.730231523513794,-1.05105459690094
1790030878618804200,10.54180419921875,-0.45010992884635925,-0.28969839215278625,-0.6033388376235962
1790030878638793200,10.561793212890626,-0.768538773059845,-0.6033388376235962,-1.072602391242981
1790030878648864000,10.571864013671876,-0.4884171485900879,-0.45250412821769714,-0.9983820915222168
1790030878658904300,10.581904296875,0.0071826050989329815,-0.1364694982767105,-0.7398083209991455
1790030878668944600,10.591944580078126,0.15083470940589905,-0.002394201699644327,-0.5913678407669067
1790030878699004400,10.62200439453125,-0.4668693244457245,-0.33997663855552673,0.047884032130241394
1790030878708983800,10.63198388671875,-0.3998316824436188,0.1867477297782898,0.4596867263317108
1790030878719023900,10.64202392578125,-0.43095630407333374,0.26575639843940735,0.31364041566848755
1790030878729033700,10.65203369140625,-0.5363011956214905,0.7948749661445618,0.3902548849582672
1790030878759063000,10.68206298828125,-0.689530074596405,0.7230489253997803,0.5315127968788147
1790030878799132700,10.722132568359376,-0.7924807667732239,0.2082955539226532,0.6536170840263367
1790030878829162000,10.752161865234376,-0.6512228846549988,0.6560112833976746,0.30885201692581177
1790030878899291400,10.82229150390625,-0.05746084079146385,-1.2545616626739502,-1.3407529592514038
1790030878979491600,10.90249169921875,0.4189853072166443,-4.402936935424805,-3.49314022064209
1790030879039641600,10.9626416015625,-0.7829039692878723,-1.6352397203445435,-3.73016619682312
1790030879069671000,10.9926708984375,0.026336219161748886,-1.8962076902389526,-2.2433669567108154
1790030879079711200,11.002711181640626,-0.14844051003456116,-1.8076223134994507,-2.1739351749420166
1790030879089721000,11.01272119140625,-0.028730420395731926,-1.5442601442337036,-1.6974890232086182
1790030879139830800,11.062830810546876,-1.3527239561080933,-0.33997663855552673,0.2082955539226532
1790030879149840600,11.072840576171876,-1.8339585065841675,-1.3862427473068237,-0.7637503147125244
1790030879159850500,11.0828505859375,-2.032677173614502,-0.5099649429321289,-1.0438719987869263
1790030879169890600,11.092890625,-2.5282769203186035,-0.2513911724090576,-0.1867477297782898
1790030879179900400,11.102900390625,-2.4588451385498047,-0.10295066982507706,-0.3902548849582672
1790030879189910300,11.11291015625,-2.937685489654541,-0.07422025501728058,0.040701430290937424
1790030879199919900,11.122919921875,-3.8283286094665527,-1.094150185585022,-1.482010841369629
1790030879209929700,11.1329296875,-4.8267107009887695,-1.292868971824646,-2.4636335372924805
1790030879219939600,11.142939697265625,-4.9368438720703125,-0.06224924325942993,-1.0534487962722778
1790030879229949200,11.15294921875,-3.931279182434082,2.1164743900299072,1.1827356815338135
1790030879249969000,11.172968994140625,-1.0773907899856567,0.40701428055763245,1.7525556087493896
1790030879259978500,11.182978515625,-0.6991068720817566,0.19632454216480255,1.8195933103561401
1790030879270018800,11.193018798828126,-0.07661445438861847,0.6272808313369751,0.6320692300796509
1790030879280028700,11.203028564453126,0.35913026332855225,0.8092401623725891,0.3232172429561615
1790030879290038300,11.213038330078126,0.8834604024887085,0.26575639843940735,-0.37828385829925537
1790030879300048100,11.223048095703126,0.9768342971801758,0.667982280254364,-0.009576806798577309
1790030879310058000,11.23305810546875,0.751779317855835,-0.7182605266571045,0.07661445438861847
1790030879320067600,11.243067626953126,-0.1867477297782898,0.38067805767059326,-0.33518823981285095
1790030879330108000,11.25310791015625,-0.545877993106842,-0.38546648621559143,-0.6967126727104187
1790030879340117800,11.26311767578125,-0.5530605912208557,-0.4596867263317108,-1.2497732639312744
1790030879350027500,11.273027587890626,-0.090979665517807,0.7805097699165344,-1.0582371950149536
1790030879360037400,11.283037353515626,-0.6057330369949341,0.5602431893348694,-0.304063618183136
1790030879420157000,11.343156982421876,-1.4532804489135742,0.5267243981361389,-0.3447650372982025
1790030879430166500,11.35316650390625,-1.4748282432556152,0.4357447028160095,-0.5051765441894531
1790030879530386400,11.453386474609376,0.047884032130241394,-1.6759412288665771,0.933738648891449
1790030879570456000,11.4934560546875,-1.601720929145813,1.2090718746185303,-0.05985504388809204
1790030879580496100,11.50349609375,-0.9289502501487732,-0.7996633648872375,-0.9361328482627869
1790030879590506000,11.513506103515626,-0.6344634294509888,-0.871489405632019,-1.5155296325683594
1790030879600515800,11.523515869140626,-0.8978256583213806,-1.644816517829895,-1.9105730056762695
1790030879610525400,11.533525390625,-1.259350061416626,-2.078166961669922,-1.3048399686813354
1790030879620565800,11.543565673828125,-1.8171991109848022,-0.9433154463768005,-0.6967126727104187
1790030879630606000,11.553606201171876,-2.3558945655822754,0.7661445140838623,0.727837324142456
1790030879640616000,11.563615966796876,-1.623268723487854,0.9720458984375,0.011971008032560349
1790030879660665900,11.583665771484375,0.11971008777618408,0.17477671802043915,0.9696516990661621
1790030879670675700,11.59367578125,-0.7350199222564697,0.912190854549408,2.5905263423919678
1790030879680685600,11.603685546875,-1.7717092037200928,3.1244332790374756,3.5051112174987793
1790030879690695200,11.613695068359375,-2.346317768096924,3.823540210723877,4.596867084503174
1790030879700705000,11.623705078125,-2.2888567447662354,4.098873138427734,5.116408824920654
1790030879710745300,11.633745361328126,-1.9632453918457031,5.494692802429199,4.991910457611084
1790030879720755000,11.6437548828125,-1.5107412338256836,5.16429328918457,4.537012100219727
1790030879730764800,11.653764892578126,-1.4628572463989258,4.244919776916504,5.274426460266113
1790030879770834400,11.69383447265625,-2.248155355453491,0.6727706789970398,4.1156325340271
1790030879790854000,11.71385400390625,-1.7334020137786865,1.1659762859344482,3.531447410583496
1790030879800833300,11.723833251953126,-1.2856862545013428,1.3048399686813354,3.0190882682800293
1790030879810873300,11.733873291015625,-0.7709329724311829,0.8595184087753296,1.6136919260025024
1790030879820883200,11.74388330078125,-0.6488286852836609,0.4692635238170624,0.8140285611152649
1790030879901053000,11.824052978515626,-0.0071826050989329815,-0.8427590131759644,0.2059013396501541
1790030879951162600,11.87416259765625,0.011971008032560349,-0.7948749661445618,0.14365209639072418
1790030879961172500,11.88417236328125,0.24181437492370605,-0.6512228846549988,0.3758896589279175
1790030879971212800,11.894212890625,-0.21308395266532898,0.47644615173339844,0.6488286852836609
1790030879981222700,11.90422265625,-0.7565677165985107,1.3120225667953491,1.2090718746185303
1790030879991293400,11.91429345703125,-0.9768342971801758,2.918531894683838,1.4987702369689941
1790030880001333800,11.924333740234376,-1.2832920551300049,2.964021682739258,1.9033904075622559
1790030880011313000,11.93431298828125,-1.0845733880996704,0.23942017555236816,0.9672574996948242
1790030880021353200,11.944353271484376,-0.8020575642585754,-2.3295583724975586,-0.6368576288223267
1790030880051413000,11.9744130859375,-2.3535003662109375,0.272938996553421,0.6727706789970398
1790030880061453300,11.984453369140626,-2.03507137298584,1.0199298858642578,-0.4118026793003082
1790030880071463200,11.994463134765626,-1.2186486721038818,1.5298948287963867,-0.36152446269989014
1790030880091513000,12.01451318359375,-0.21547815203666687,-1.45806884765625,-0.09576806426048279
1790030880101523000,12.02452294921875,-0.811634361743927,-0.4165911078453064,-0.08140286058187485
1790030880111563300,12.034563232421876,-1.7094600200653076,-0.569819986820221,0.6967126727104187
1790030880121572900,12.04457275390625,-2.3127987384796143,-0.31124621629714966,0.4644751250743866
1790030880131582700,12.054582763671876,-2.123656988143921,-0.009576806798577309,-0.47165772318840027
1790030880141592300,12.06459228515625,-1.0223240852355957,0.16519992053508759,-0.667982280254364
1790030880161612000,12.084612060546876,-0.10055647045373917,-0.3280056416988373,-0.8307880163192749
1790030880171591200,12.094591064453125,-0.16759411990642548,-0.6512228846549988,-1.0247182846069336
1790030880181631500,12.104631591796876,-0.7326257228851318,-0.5315127968788147,0.14365209639072418
1790030880191641300,12.114641357421876,-1.6519991159439087,-0.12210428714752197,0.7158663272857666
1790030880201620500,12.124620361328125,-1.525106430053711,-1.2282254695892334,-1.4077905416488647
1790030880211630300,12.13463037109375,-0.6991068720817566,-0.4620809257030487,-2.2218191623687744
1790030880221670700,12.144670654296876,-0.5171475410461426,-0.13168109953403473,-1.8698714971542358
1790030880231680300,12.15468017578125,-0.09816227108240128,-0.7326257228851318,-1.522712230682373
1790030880241690000,12.164690185546876,-0.20111294090747833,0.9241618514060974,0.13168109953403473
1790030880271750000,12.19475,0.7972691655158997,-0.2753331959247589,-0.5482721924781799
1790030880281759700,12.204759765625,0.2537853717803955,-0.6033388376235962,-0.5985504388809204
1790030880321829400,12.244829345703126,-0.6967126727104187,-0.2322375625371933,-0.07182604819536209
1790030880351828000,12.274827880859375,-0.06464344263076782,-0.6727706789970398,0.49559974670410156
1790030880361868300,12.284868408203126,-0.3208230137825012,-0.11252748221158981,0.5219359993934631
1790030880371878100,12.294878173828126,-0.6009446382522583,-1.1276689767837524,-0.5793967843055725
1790030880381887700,12.3048876953125,-1.015141487121582,-0.6320692300796509,-1.1875240802764893
1790030880391897600,12.314897705078126,-1.2401964664459229,0.7948749661445618,-0.36152446269989014
1790030880401907500,12.324907470703126,-0.5530605912208557,0.023942016065120697,0.6871358752250671
1790030880411886600,12.334886474609375,0.12928688526153564,-0.9050082564353943,1.1779472827911377
1790030880441946400,12.3649462890625,-1.280897855758667,-2.6431987285614014,-1.766920804977417
1790030880451986700,12.374986572265625,-0.6200982332229614,-1.7046716213226318,-1.5322890281677246
1790030880461996500,12.38499658203125,0.24660277366638184,2.52109432220459,0.014365210197865963
1790030880482016000,12.40501611328125,0.7565677165985107,0.8140285611152649,1.2282254695892334
1790030880522085600,12.445085693359376,-0.07661445438861847,-0.727837324142456,-1.1444283723831177
1790030880532095500,12.455095458984376,-0.2585737705230713,-0.44532153010368347,-1.2832920551300049
1790030880562124500,12.48512451171875,-0.19393034279346466,1.039083480834961,0.811634361743927
1790030880582174700,12.5051748046875,-0.10773907601833344,-0.16998831927776337,0.6224924325942993
1790030880592184600,12.5151845703125,-0.9959878921508789,-0.08379705995321274,-0.49320554733276367
1790030880602194200,12.525194091796875,-1.0582371950149536,-0.07182604819536209,-0.6823474764823914
1790030880612204000,12.5352041015625,-0.35913026332855225,-0.9888052940368652,-0.7733271718025208
1790030880642233300,12.5652333984375,-0.13168109953403473,-1.2880805730819702,-1.6735470294952393
1790030880662252800,12.585252685546875,-0.15322890877723694,-0.31364041566848755,-0.6991068720817566
1790030880682241800,12.60524169921875,0.021547814831137657,-0.17717093229293823,0.047884032130241394
1790030880712301600,12.635301513671875,-0.21787235140800476,-1.015141487121582,-1.479616641998291
1790030880732351700,12.655351806640626,0.304063618183136,-0.3998316824436188,-0.8044517636299133
1790030880762381000,12.685381103515626,-0.304063618183136,-0.40940847992897034,-0.8403648138046265
1790030880782400500,12.705400390625,-0.07182604819536209,-1.0223240852355957,-0.7876923680305481
1790030880812429800,12.735429931640626,0.2585737705230713,-0.9696516990661621,-1.4437036514282227
1790030880842459100,12.765459228515626,0.3998316824436188,-0.8212111592292786,-0.7829039692878723
1790030880852499500,12.77549951171875,0.5291185975074768,-1.0079588890075684,-0.4189853072166443
1790030880862478600,12.785478515625,0.5027823448181152,-0.5147533416748047,-0.10534487664699554
1790030880872519000,12.795518798828125,0.8068459630012512,0.5602431893348694,0.8212111592292786
1790030880882559200,12.805559326171876,0.5219359993934631,0.8906430602073669,1.194706678390503
1790030880892569000,12.815569091796876,0.2825157940387726,-0.043095629662275314,-0.05027823522686958
1790030880912619000,12.835618896484375,-0.28730419278144836,-0.33997663855552673,-0.40701428055763245
1790030880922628900,12.84562890625,-0.4357447028160095,-0.1388636976480484,-0.33758243918418884
1790030880932638500,12.855638427734375,-0.22266076505184174,-0.08858546614646912,-0.15562310814857483
1790030880942678800,12.8656787109375,-0.17956513166427612,0.2513911724090576,0.1604115068912506
1790030880962729000,12.88572900390625,-0.40462008118629456,0.2322375625371933,0.5770025849342346
1790030880982718000,12.905718017578126,-0.5003881454467773,0.2849099934101105,0.23942017555236816
1790030881002768000,12.925767822265625,-0.13168109953403473,-0.3471592366695404,-0.1843535304069519
1790030881012777700,12.93577783203125,-0.08858546614646912,-0.5219359993934631,-0.28730419278144836
1790030881042807000,12.96580712890625,-0.20111294090747833,-0.7972691655158997,-1.1899182796478271
1790030881062826500,12.985826416015625,-0.2346317619085312,-0.8882488012313843,-0.4596867263317108
1790030881072836400,12.99583642578125,-0.2346317619085312,-1.6328455209732056,-1.9297266006469727
1790030881082846200,13.00584619140625,-0.05746084079146385,-1.2449848651885986,-1.8363527059555054
1790030881092855800,13.015855712890625,0.24899697303771973,-1.4628572463989258,-2.2026655673980713
1790030881102865700,13.02586572265625,0.4405331015586853,-1.946485996246338,-2.674323320388794
1790030881112906000,13.035906005859376,0.6368576288223267,-2.583343744277954,-2.942473888397217
1790030881122915600,13.04591552734375,0.6536170840263367,-2.650381326675415,-2.676717519760132
1790030881132956000,13.055955810546875,0.33039984107017517,-2.8443117141723633,-2.612074136734009
1790030881142935300,13.065935302734376,0.5315127968788147,-2.9879636764526367,-3.0095114707946777
1790030881152975600,13.0759755859375,0.7565677165985107,-2.5977089405059814,-3.1316158771514893
1790030881163015700,13.086015625,0.5051765441894531,-2.607285737991333,-3.466804027557373
1790030881223104800,13.146104736328125,-0.14365209639072418,-1.7142484188079834,-2.4013843536376953
1790030881233145000,13.15614501953125,0,-1.3120225667953491,-2.073378562927246
1790030881243155000,13.166155029296876,-0.37828385829925537,-1.7741034030914307,-2.1332337856292725
1790030881253164800,13.176164794921876,-1.455674648284912,-1.1540051698684692,-2.2912509441375732
1790030881263174400,13.18617431640625,-1.922544002532959,-1.2306196689605713,-2.229001760482788
1790030881273214700,13.196214599609375,-1.5107412338256836,-2.1116859912872314,-3.337517261505127
1790030881283224600,13.206224609375,-0.727837324142456,-0.8690952062606812,-1.7597382068634033
1790030881303274500,13.2262744140625,-1.5658079385757446,-1.5059528350830078,-1.6136919260025024
1790030881313284400,13.236284423828126,-1.4724340438842773,-1.1540051698684692,-1.5107412338256836
1790030881333334300,13.256334228515625,-0.9145850539207458,-1.3024457693099976,-1.1444283723831177
1790030881403433200,13.32643310546875,-0.17717093229293823,-0.22026655077934265,-0.047884032130241394
1790030881443502800,13.3665029296875,0.363918662071228,-0.5410895943641663,0.35913026332855225
1790030881493551600,13.416551513671875,-0.8379706144332886,-0.28969839215278625,-1.1635819673538208
1790030881523611400,13.446611328125,-1.1851298809051514,-0.8355764150619507,-1.2880805730819702
1790030881553671200,13.476671142578125,-0.6512228846549988,-1.2114660739898682,-0.44771572947502136
1790030881583670000,13.506669921875,-1.580173134803772,0.7254431247711182,0.2298433631658554
1790030881623709200,13.546709228515626,-1.7190368175506592,1.1085153818130493,1.4724340438842773
1790030881633688300,13.556688232421875,-1.3096283674240112,1.3407529592514038,0.2346317619085312
1790030881643728600,13.566728759765626,-2.2409727573394775,2.6839001178741455,1.9488801956176758
1790030881653769000,13.57676904296875,-2.6599581241607666,0.2537853717803955,1.2258312702178955
1790030881663809300,13.586809326171876,-2.140416383743286,0.2968810200691223,-0.5315127968788147
1790030881673819000,13.59681884765625,-1.7717092037200928,-0.42616790533065796,-0.8667010068893433
1790030881683828700,13.606828857421876,-1.4437036514282227,-0.40222588181495667,-0.6512228846549988
1790030881693838600,13.616838623046876,-2.3319525718688965,0.6703764796257019,0.6392518281936646
1790030881713827600,13.63682763671875,-1.2545616626739502,0.19871874153614044,-0.22744916379451752
1790030881733877500,13.65687744140625,0.272938996553421,-0.021547814831137657,-0.9002198576927185
1790030881743857000,13.66685693359375,-0.7350199222564697,0.7852981686592102,1.01753568649292
1790030881753897200,13.676897216796876,-1.9608511924743652,1.9129672050476074,2.0901381969451904
1790030881763906800,13.68690673828125,-2.363077163696289,-0.4908113479614258,1.4269442558288574
1790030881773947100,13.696947021484375,-1.5945383310317993,1.5729905366897583,0.35673606395721436
1790030881783957000,13.70695703125,-1.1683704853057861,1.7046716213226318,1.41257905960083
1790030881793966600,13.716966552734375,-0.7469909191131592,2.1092917919158936,1.6160861253738403
1790030881823965400,13.74696533203125,-2.875436305999756,2.7006595134735107,3.3423056602478027
1790030881844015600,13.767015625,-2.3271639347076416,1.3000515699386597,2.564189910888672
1790030881854025200,13.777025146484375,-1.7046716213226318,1.9057846069335938,3.8977603912353516
1790030881864035000,13.78703515625,-1.9345149993896484,3.064578056335449,5.966350555419922
1790030881874045000,13.797044921875,-2.2601263523101807,4.517858505249023,5.461174011230469
1790030881884054500,13.807054443359375,-2.099714994430542,4.577713489532471,4.364629745483398
1790030881894034000,13.817033935546876,-1.6519991159439087,4.2975921630859375,4.4532151222229
1790030881944204800,13.867204833984376,-2.0374655723571777,0.9576807022094727,2.849100112915039
1790030881954214400,13.87721435546875,-2.166752576828003,0.8188169598579407,1.656787633895874
1790030881964224300,13.887224365234376,-2.099714994430542,1.6160861253738403,1.1803414821624756
1790030881974203600,13.89720361328125,-1.7812861204147339,1.6280571222305298,0.849941611289978
1790030881984243700,13.90724365234375,-1.290474772453308,1.50355863571167,0.1149216815829277
1790030881994253600,13.917253662109376,-0.9624691009521484,1.7501614093780518,-0.07182604819536209
1790030882004232700,13.927232666015625,-0.8786720037460327,1.4245500564575195,0.0933738648891449
1790030882014273000,13.93727294921875,-0.8810662031173706,1.173158884048462,0.42377370595932007
1790030882034292700,13.957292724609376,-0.9600749015808105,0.5219359993934631,1.0414776802062988
1790030882054312200,13.977312255859376,-1.316810965538025,1.625662922859192,0.42616790533065796
1790030882064291300,13.987291259765625,-0.9768342971801758,2.4588451385498047,0.38546648621559143
1790030882074331600,13.99733154296875,-0.5674257874488831,1.8986018896102905,0.12689268589019775
1790030882084341500,14.007341552734376,-0.17238251864910126,0.1364694982767105,0.38067805767059326
1790030882094381800,14.0173818359375,-0.4357447028160095,-2.6599581241607666,0.2968810200691223
1790030882104422100,14.027422119140626,-1.8148049116134644,-0.5770025849342346,0.3519476354122162
1790030882154562300,14.077562255859375,-0.33279404044151306,-2.164358377456665,-2.164358377456665
1790030882164572200,14.087572265625,-0.4692635238170624,-1.580173134803772,-1.5418659448623657
1790030882174582000,14.09758203125,-1.6639702320098877,-0.5746083855628967,-0.6105214357376099
1790030882184591600,14.107591552734375,-2.1739351749420166,-0.42616790533065796,-0.272938996553421
1790030882194571000,14.117571044921876,-2.142810583114624,0.9768342971801758,0.4836287498474121
1790030882204611300,14.127611328125,-1.8746598958969116,0.9289502501487732,0.43335050344467163
1790030882214621000,14.137620849609375,-0.9265560507774353,0.9169792532920837,-0.706289529800415
1790030882224661200,14.1476611328125,-0.1388636976480484,-1.8818424940109253,-0.6871358752250671
1790030882284780800,14.20778076171875,-0.4405331015586853,0.33997663855552673,0.011971008032560349
1790030882294790700,14.217790771484376,-0.07422025501728058,-1.8722656965255737,-0.5099649429321289
1790030882304800500,14.227800537109376,-0.7757213711738586,-0.9528923034667969,-0.44532153010368347
1790030882314810000,14.23781005859375,-2.1787235736846924,0.5363011956214905,0.9313444495201111
1790030882324820000,14.247820068359376,-2.75812029838562,-0.035913024097681046,0.2561795711517334
1790030882334829800,14.257829833984376,-2.1954829692840576,-0.7661445140838623,-2.140416383743286
1790030882344839400,14.26783935546875,-1.8339585065841675,-0.19632454216480255,-2.2409727573394775
1790030882354849300,14.277849365234376,-1.7741034030914307,0.2968810200691223,-0.9672574996948242
1790030882364859100,14.287859130859376,-1.05105459690094,-0.23942017555236816,0.035913024097681046
1790030882374899200,14.297899169921875,-0.5650315880775452,-0.7206547260284424,1.5298948287963867
1790030882384939500,14.307939453125,-0.7493851184844971,-0.2298433631658554,1.6304513216018677
1790030882404989700,14.32798974609375,0.4405331015586853,-0.7038952708244324,-0.7972691655158997
1790030882425009200,14.348009033203125,-1.0199298858642578,-0.5578489899635315,-1.1540051698684692
1790030882435019000,14.35801904296875,-0.9313444495201111,-1.1300631761550903,-1.4963760375976562
1790030882445028600,14.368028564453125,-0.5650315880775452,-1.8986018896102905,-1.556231141090393
1790030882455038500,14.37803857421875,-0.5051765441894531,-2.956839084625244,-1.3503297567367554
1790030882465048300,14.38804833984375,-0.4189853072166443,-2.6168625354766846,-1.9321208000183105
1790030882505087200,14.428087158203125,0.23942017555236816,-0.37828385829925537,-0.8451532125473022
1790030882515097000,14.43809716796875,-0.3926490843296051,-0.12928688526153564,-1.1635819673538208
1790030882555136300,14.47813623046875,-0.8427590131759644,-0.3711012601852417,-0.6368576288223267
1790030882605307100,14.52830712890625,-0.828393816947937,0.5770025849342346,0.4668693244457245
1790030882615316700,14.538316650390625,-1.039083480834961,-0.15801730751991272,-0.26815059781074524
1790030882695517000,14.618516845703125,-1.7310078144073486,-0.7110779285430908,-1.403002142906189
1790030882755667200,14.678667236328126,-0.24181437492370605,-0.090979665517807,-0.8690952062606812
1790030882765646300,14.688646240234375,-0.08140286058187485,-1.2282254695892334,-1.2641384601593018
1790030882775686700,14.698686767578126,0.038307227194309235,-0.31124621629714966,-0.363918662071228
1790030882785727000,14.70872705078125,-0.33758243918418884,-0.42377370595932007,-0.33279404044151306
1790030882795736800,14.71873681640625,-0.8978256583213806,-1.290474772453308,-1.2186486721038818
1790030882805746400,14.728746337890625,-1.4628572463989258,-0.6129156351089478,-1.194706678390503
1790030882835837000,14.7588369140625,-0.19871874153614044,-0.2537853717803955,-0.7398083209991455
1790030882845816000,14.768816162109376,-0.31364041566848755,-0.22505496442317963,-0.9864110946655273
1790030882855856400,14.7788564453125,-0.4668693244457245,-0.2849099934101105,-1.1899182796478271
1790030882865896700,14.788896728515626,-0.4165911078453064,-0.6991068720817566,-1.0055646896362305
1790030882875906300,14.79890625,-0.15322890877723694,-0.44771572947502136,-0.5674257874488831
1790030882895926000,14.818926025390626,-0.17238251864910126,0.16998831927776337,-0.1388636976480484
1790030882905966300,14.82896630859375,-0.5913678407669067,0.30885201692581177,0.031124621629714966
1790030882925985800,14.84898583984375,-0.7805097699165344,0.07900865375995636,0.19393034279346466
1790030882935995400,14.858995361328125,-0.6416460275650024,0.5770025849342346,-0.31603461503982544
1790030882996084700,14.919084716796876,-0.47165772318840027,0.38546648621559143,0.5410895943641663
1790030883056173800,14.979173828125,-0.4141969084739685,0.6536170840263367,0.22026655077934265
1790030883066214100,14.989214111328126,-0.3447650372982025,0.8236053586006165,0.49799394607543945
1790030883076223700,14.9992236328125,-0.5051765441894531,1.2713210582733154,0.7805097699165344
1790030883086264000,15.00926416015625,-0.8834604024887085,1.161187767982483,0.8523358106613159
1790030883096304400,15.019304443359376,-1.1348515748977661,1.039083480834961,1.1276689767837524
1790030883106314200,15.029314208984376,-1.5179238319396973,0.5482721924781799,0.9217676520347595
1790030883116323800,15.03932373046875,-1.314416766166687,-0.0071826050989329815,0.6105214357376099
1790030883126333700,15.049333740234376,-1.094150185585022,0.13407529890537262,0.4381389021873474
1790030883136343300,15.05934326171875,-0.9983820915222168,0.10295066982507706,0.27054479718208313
1790030883186422800,15.1094228515625,-0.272938996553421,-1.4173674583435059,-1.0247182846069336
1790030883196432600,15.1194326171875,-0.27054479718208313,-1.7405846118927002,-1.1300631761550903
1790030883206442200,15.129442138671875,-0.17956513166427612,-1.4748282432556152,-1.1875240802764893
1790030883216421600,15.139421630859376,-0.12449848651885986,-1.5897499322891235,-1.139639973640442
1790030883226431200,15.14943115234375,-0.3064578175544739,-1.702277421951294,-2.492363929748535
1790030883236471600,15.159471435546875,0.20350714027881622,-1.821987509727478,-3.31118106842041
1790030883246511900,15.169511962890626,0.15562310814857483,-1.4197616577148438,-2.853888511657715
1790030883256521700,15.179521728515626,0.040701430290937424,-2.1308395862579346,-3.3638534545898438
1790030883286551000,15.209551025390626,-0.12210428714752197,-2.4660277366638184,-3.6559460163116455
1790030883296560600,15.219560546875,0.3280056416988373,-2.655169725418091,-3.9695863723754883
1790030883306601000,15.22960107421875,0.2561795711517334,-2.3487119674682617,-3.098097085952759
1790030883346670600,15.269670654296876,-0.4165911078453064,-2.250549554824829,-3.466804027557373
1790030883376700000,15.299699951171876,-1.1827356815338135,-4.288015365600586,-4.596867084503174
1790030883396749800,15.319749755859375,-2.3942017555236816,-1.2330138683319092,-1.3287819623947144
1790030883416738800,15.33973876953125,-0.9911994934082031,-1.900996208190918,-2.5713725090026855
1790030883426779100,15.349779052734375,-1.192312479019165,-0.9888052940368652,-1.5298948287963867
1790030883456869600,15.37986962890625,-2.425326347351074,-0.993593692779541,-1.5945383310317993
1790030883476919600,15.39991943359375,-1.534683346748352,1.4413094520568848,0.26575639843940735
1790030883486899000,15.40989892578125,-1.434126853942871,-0.5363011956214905,0.12210428714752197
1790030883496939000,15.41993896484375,-1.3000515699386597,-1.0438719987869263,-0.9313444495201111
1790030883506948900,15.429948974609376,-1.3335703611373901,-0.5770025849342346,-0.8738836050033569
1790030883587088100,15.510088134765626,-1.8962076902389526,0.31364041566848755,-0.38546648621559143
1790030883667257600,15.590257568359375,-0.7757213711738586,-0.4141969084739685,-0.6655880808830261
1790030883747427300,15.67042724609375,-2.1092917919158936,-0.629675030708313,-0.395043283700943
1790030883757437200,15.680437255859376,-2.1954829692840576,0.933738648891449,0.8762778043746948
1790030883767447000,15.690447021484376,-2.9041666984558105,0.11971008777618408,0.9361328482627869
1790030883787497000,15.7104970703125,-1.5203180313110352,-0.9481038451194763,-0.8259995579719543
1790030883797506800,15.7205068359375,-1.3958195447921753,1.1563993692398071,-0.24181437492370605
1790030883807516400,15.730516357421875,-2.0661959648132324,1.3910311460494995,1.5466543436050415
1790030883847647200,15.770647216796876,-2.032677173614502,0.6200982332229614,-0.5674257874488831
1790030883857656800,15.78065673828125,-2.1763293743133545,0.9457096457481384,-0.19153612852096558
1790030883867697200,15.790697265625,-1.8387469053268433,0.8643068075180054,-0.2777273952960968
1790030883877707000,15.80070703125,-1.577778935432434,1.192312479019165,0.7661445140838623
1790030883887747300,15.810747314453126,-1.680729627609253,1.556231141090393,1.3120225667953491
1790030883897757000,15.8207568359375,-2.9496564865112305,2.918531894683838,1.5729905366897583
1790030883937826600,15.86082666015625,-2.6216509342193604,0.730231523513794,0.7852981686592102
1790030883977896200,15.900896240234376,-4.039018154144287,0.9648633003234863,1.4676456451416016
1790030883987936500,15.9109365234375,-3.248931646347046,0.7781155705451965,1.3670891523361206
1790030883997946000,15.920946044921875,-2.2194249629974365,2.346317768096924,2.499546527862549
1790030884058004700,15.981004638671875,-1.3048399686813354,2.099714994430542,5.983109951019287
1790030884078085400,16.00108544921875,-1.1300631761550903,1.647210717201233,3.361459255218506
1790030884088095200,16.01109521484375,-1.400607943534851,1.6950948238372803,2.363077163696289
1790030884098104800,16.021104736328127,-0.6823474764823914,1.9345149993896484,2.1308395862579346
1790030884108114700,16.03111474609375,-0.629675030708313,2.166752576828003,2.4660277366638184
1790030884118124500,16.04112451171875,-0.8786720037460327,2.006340980529785,0.6607996821403503
1790030884138144000,16.06114404296875,-0.545877993106842,0.5315127968788147,0.11013327538967133
1790030884148153600,16.071153564453127,-0.5985504388809204,-0.0694318488240242,0.37828385829925537
1790030884198294000,16.1212939453125,-0.9959878921508789,0.047884032130241394,1.0247182846069336
1790030884208303900,16.131303955078124,-1.292868971824646,-1.3192051649093628,-0.5315127968788147
1790030884268393000,16.19139306640625,-1.235408067703247,-1.4748282432556152,-0.6847416758537292
1790030884308462600,16.231462646484374,-1.173158884048462,0.6440402865409851,-1.316810965538025
1790030884318503000,16.2415029296875,-1.278503656387329,1.280897855758667,-0.08858546614646912
1790030884328512500,16.251512451171877,-1.5514427423477173,1.3742717504501343,0.4118026793003082
1790030884338552800,16.261552734375,-1.5849615335464478,0.4596867263317108,0.4908113479614258
1790030884348562700,16.271562744140624,-1.4221558570861816,-0.9265560507774353,0.5410895943641663
1790030884358603000,16.28160302734375,-1.1827356815338135,-1.3048399686813354,-0.043095629662275314
1790030884368612600,16.291612548828127,-1.2425906658172607,-0.8331822156906128,-0.6416460275650024
1790030884378622500,16.30162255859375,-2.03507137298584,0.20350714027881622,-0.667982280254364
1790030884388632300,16.31163232421875,-2.942473888397217,2.33913516998291,0.002394201699644327
1790030884418692000,16.341692138671874,-2.940079689025879,-2.0159177780151367,-1.0965443849563599
1790030884428701700,16.35170166015625,-2.8227639198303223,-1.699883222579956,-2.58813214302063
1790030884458792200,16.381792236328124,-2.7700912952423096,0.395043283700943,-0.3711012601852417
1790030884478811600,16.401811767578124,-1.6639702320098877,0.5506663918495178,-0.31603461503982544
1790030884528891100,16.45189111328125,-2.652775526046753,-1.843535304069519,-3.004723072052002
1790030884548910600,16.47191064453125,-0.09576806426048279,-0.023942016065120697,-1.5705963373184204
1790030884568960500,16.49196044921875,0.5482721924781799,1.0606313943862915,-0.3758896589279175
1790030884579000800,16.502000732421877,0.5674257874488831,-0.10055647045373917,-0.6751648783683777
1790030884589041200,16.512041259765624,0.5003881454467773,-3.0550012588500977,-1.525106430053711
1790030884609060600,16.532060546875,-1.821987509727478,-1.0534487962722778,-1.4389152526855469
1790030884619101000,16.542100830078127,-2.205059766769409,0.1867477297782898,-0.9959878921508789
1790030884629080300,16.552080322265624,-1.4700398445129395,0.6823474764823914,-0.6272808313369751
1790030884639120600,16.56212060546875,-0.1388636976480484,0.7805097699165344,0.15801730751991272
1790030884649130200,16.572130126953127,0.023942016065120697,0.19393034279346466,0.5147533416748047
1790030884659170600,16.582170654296874,-0.7230489253997803,-0.3711012601852417,-0.24181437492370605
1790030884669149700,16.592149658203127,-0.7445967197418213,-1.4077905416488647,-0.569819986820221
1790030884679190000,16.60218994140625,-0.9265560507774353,-1.6855180263519287,0.07661445438861847
1790030884689230300,16.612230224609377,-1.8171991109848022,-1.039083480834961,-0.5339069962501526
1790030884699240200,16.622240234375,-1.9536685943603516,-0.6775590777397156,-1.37906014919281
1790030884739309800,16.662309814453124,-0.6512228846549988,0.002394201699644327,0.304063618183136
1790030884749319400,16.6723193359375,-0.9050082564353943,0.6153098344802856,1.3120225667953491
1790030884759329300,16.682329345703124,-1.259350061416626,0.5315127968788147,1.2976573705673218
1790030884769339100,16.692339111328124,-1.5203180313110352,-0.19393034279346466,-0.6727706789970398
1790030884789419500,16.71241943359375,-1.5610195398330688,-1.9297266006469727,-1.9728221893310547
1790030884799429400,16.722429443359374,-1.50355863571167,-1.900996208190918,-1.0199298858642578
1790030884809469700,16.7324697265625,-0.9624691009521484,-0.17717093229293823,-0.1867477297782898
1790030884889639400,16.812639404296874,-0.6823474764823914,0.3016694188117981,-0.4405331015586853
1790030884949759000,16.872759033203124,-0.7613561153411865,0.16759411990642548,-0.5410895943641663
1790030884959799300,16.88279931640625,-0.38546648621559143,-0.15801730751991272,-0.6368576288223267
1790030884969809000,16.892808837890627,-0.05267243832349777,-0.1173158809542656,-0.22505496442317963
1790030884979818800,16.90281884765625,-0.08619125932455063,-0.10055647045373917,0.10534487664699554
1790030884989828600,16.91282861328125,-0.49320554733276367,-0.26575639843940735,-0.0694318488240242
1790030884999838200,16.922838134765627,-0.7374141216278076,-0.6655880808830261,-0.5722141861915588
1790030885009848000,16.93284814453125,-0.790086567401886,-0.33279404044151306,-0.4596867263317108
1790030885019858000,16.94285791015625,-0.6871358752250671,-0.08140286058187485,-0.11013327538967133
1790030885029867500,16.952867431640627,-0.5817909836769104,-0.2106897532939911,-0.12689268589019775
1790030885039877400,16.96287744140625,-0.43335050344467163,-0.0694318488240242,-0.12689268589019775
1790030885049917700,16.972917724609374,-0.4213795065879822,0.18914192914962769,0.12449848651885986
1790030885059958000,16.9829580078125,-0.4405331015586853,0.08140286058187485,0.19393034279346466
1790030885130148400,17.0531484375,-0.8547300100326538,0.19153612852096558,-0.2106897532939911
1790030885170248400,17.09324853515625,-0.7110779285430908,0.7182605266571045,-0.11971008777618408
1790030885180258300,17.10325830078125,-0.5099649429321289,0.9648633003234863,0.181959331035614
1790030885190268000,17.113267822265627,-0.4836287498474121,1.2066776752471924,0.40462008118629456
1790030885200277800,17.12327783203125,-0.524330198764801,1.479616641998291,0.272938996553421
1790030885210257000,17.1332568359375,-0.42856210470199585,1.525106430053711,0.3974374830722809
1790030885220266800,17.143266845703124,-0.4620809257030487,1.2713210582733154,0.8044517636299133
1790030885230307000,17.15330712890625,-0.6607996821403503,1.1037269830703735,0.7924807667732239
1790030885240286200,17.1632861328125,-0.7110779285430908,1.115697979927063,0.7876923680305481
1790030885270346000,17.193345947265627,-1.0893617868423462,-0.0071826050989329815,1.1324573755264282
1790030885280325400,17.203325439453124,-0.9385270476341248,-0.933738648891449,0.7493851184844971
1790030885290335200,17.213335205078124,-0.730231523513794,-0.5099649429321289,0.31603461503982544
1790030885300375300,17.223375244140627,-0.37828385829925537,-0.45489832758903503,-0.15801730751991272
1790030885310385200,17.23338525390625,-0.3926490843296051,-0.363918662071228,-0.9720458984375
1790030885320395000,17.24339501953125,-0.31364041566848755,-0.730231523513794,-1.577778935432434
1790030885330435300,17.253435302734374,-0.40701428055763245,-1.599326729774475,-1.5131354331970215
1790030885340445000,17.26344482421875,-0.6272808313369751,-1.9967641830444336,-1.8722656965255737
1790030885410574300,17.33357421875,0.031124621629714966,-5.149928092956543,-5.8873419761657715
1790030885420614700,17.34361474609375,0.6392518281936646,-5.446808815002441,-6.845022678375244
1790030885430624500,17.35362451171875,0.40701428055763245,-4.90571928024292,-5.9735331535339355
1790030885440634000,17.363634033203127,-0.11971008777618408,-3.6176388263702393,-5.442020416259766
1790030885450644000,17.37364404296875,0.3902548849582672,-3.8163576126098633,-5.592854976654053
1790030885460684300,17.383684326171874,0.3711012601852417,-3.3279404640197754,-5.0685248374938965
1790030885470694000,17.39369384765625,-0.44532153010368347,-2.1954829692840576,-4.486733913421631
1790030885550863600,17.473863525390627,-3.7636849880218506,-0.5099649429321289,0.05746084079146385
1790030885590933200,17.513933349609374,-3.2609026432037354,-0.1604115068912506,-0.7350199222564697
1790030885610952700,17.53395263671875,-1.7118542194366455,-0.08379705995321274,0.031124621629714966
1790030885651022300,17.574022216796877,-1.1755530834197998,0.09816227108240128,-0.24660277366638184
1790030885661093000,17.584093017578127,-1.2665326595306396,-1.216254472732544,-1.0893617868423462
1790030885681143300,17.604143310546874,-0.9983820915222168,-0.15322890877723694,-1.290474772453308
1790030885751333600,17.674333740234374,-1.9249382019042969,-0.7230489253997803,-1.1037269830703735
1790030885791372800,17.714372802734374,-2.6168625354766846,1.213860273361206,0.36152446269989014
1790030885801382400,17.72438232421875,-2.410961151123047,0.7110779285430908,0.35434186458587646
1790030885811392300,17.734392333984374,-2.5330653190612793,-1.5275006294250488,0.6320692300796509
1790030885821402000,17.744402099609374,-2.8778305053710938,-0.28969839215278625,-1.0630255937576294
1790030885831442200,17.754442138671877,-3.8594532012939453,0.395043283700943,-0.3423708379268646
1790030885841452000,17.7644521484375,-3.179499864578247,0.38307225704193115,-0.9193734526634216
1790030885851462000,17.7744619140625,-3.3016040325164795,1.8411411046981812,-0.5770025849342346
1790030885861471500,17.784471435546877,-2.363077163696289,1.41257905960083,0.6129156351089478
1790030885871481300,17.7944814453125,-1.9536685943603516,2.3918075561523438,2.2697031497955322
1790030885901571600,17.824571533203127,-2.300827741622925,-0.9911994934082031,-0.19871874153614044
1790030885911642400,17.834642333984377,-1.845929503440857,0.9361328482627869,-0.15322890877723694
1790030885921682700,17.8446826171875,-2.296039342880249,1.0438719987869263,0.6991068720817566
1790030885931692500,17.854692626953124,-1.5921441316604614,-0.5506663918495178,0.1628057211637497
1790030885941732900,17.86473291015625,-0.8547300100326538,0.7086837291717529,-0.11971008777618408
1790030885951742500,17.874742431640627,-0.17477671802043915,1.7717092037200928,0.6799532771110535
1790030885971762200,17.89476220703125,-1.1755530834197998,1.4077905416488647,2.4684219360351562
1790030885981771800,17.904771728515627,-1.941697597503662,0.8188169598579407,2.0638017654418945
1790030886061880600,17.984880615234374,-2.4444799423217773,2.4157495498657227,3.265691041946411
1790030886111959800,18.034959716796877,-2.2146365642547607,2.212242364883423,4.299986362457275
1790030886162039300,18.085039306640624,-1.8698714971542358,2.557007312774658,2.121262788772583
1790030886182058800,18.105058837890624,-1.6615760326385498,2.049436569213867,1.0630255937576294
1790030886192099000,18.11509912109375,-1.2689268589019775,2.6001031398773193,1.3646949529647827
1790030886202108700,18.125108642578127,-1.556231141090393,2.1140801906585693,1.5945383310317993
1790030886212149000,18.13514892578125,-1.5418659448623657,0.5123591423034668,0.3280056416988373
1790030886232168700,18.155168701171874,-1.4724340438842773,0.9457096457481384,0.9385270476341248
1790030886242178300,18.16517822265625,-1.2497732639312744,-0.12928688526153564,1.0007762908935547
1790030886252218600,18.175218505859377,-1.1755530834197998,0.1604115068912506,-0.014365210197865963
1790030886262259000,18.185259033203124,-1.0342950820922852,0.7565677165985107,-0.47165772318840027
1790030886272268800,18.195268798828124,-1.0558429956436157,2.3511061668395996,-0.31603461503982544
1790030886282278400,18.2052783203125,-0.8427590131759644,2.425326347351074,-0.4692635238170624
1790030886292288300,18.215288330078124,-1.0127472877502441,2.43011474609375,-0.6560112833976746
1790030886302298000,18.225298095703124,-1.479616641998291,-0.16519992053508759,0.07422025501728058
1790030886312307700,18.2353076171875,-1.920149803161621,-2.499546527862549,0.3878606855869293
1790030886322317600,18.245317626953124,-2.3127987384796143,-2.3271639347076416,0
1790030886332327400,18.255327392578124,-2.4205379486083984,-1.534683346748352,-0.524330198764801
1790030886352347000,18.275346923828124,-2.0183119773864746,0.871489405632019,-0.8834604024887085
1790030886372396800,18.295396728515627,-1.9321208000183105,1.886630892753601,0.7589619159698486
1790030886382406700,18.30540673828125,-2.3774423599243164,-1.2210428714752197,-0.8331822156906128
1790030886392416500,18.31541650390625,-2.518700122833252,-1.9919757843017578,-2.499546527862549
1790030886402456600,18.32545654296875,-2.9759926795959473,-2.4205379486083984,-1.4676456451416016
1790030886432516600,18.3555166015625,-2.3056161403656006,0.4189853072166443,-1.414973258972168
1790030886442526200,18.365526123046877,-1.6974890232086182,0.6009446382522583,-0.5674257874488831
1790030886472586000,18.3955859375,-1.9105730056762695,-2.63362193107605,-0.8882488012313843
1790030886492636200,18.41563623046875,-2.4420857429504395,0.040701430290937424,-0.9289502501487732
1790030886522696000,18.445696044921874,0.4572925269603729,0.36152446269989014,-0.6033388376235962
1790030886542776600,18.465776611328124,-0.7876923680305481,0.6057330369949341,1.4963760375976562
1790030886552786200,18.4757861328125,-2.1499931812286377,0.3495534360408783,2.4396915435791016
1790030886582785000,18.505784912109377,-1.0414776802062988,-0.4165911078453064,-2.296039342880249
1790030886602865700,18.52586572265625,-0.33279404044151306,0.13168109953403473,-0.44771572947502136
1790030886612906000,18.535906005859374,-0.5889736413955688,-0.9720458984375,-0.05985504388809204
1790030886622946300,18.5459462890625,-0.7254431247711182,-2.87064790725708,-1.0103530883789062
1790030886632956000,18.555955810546877,-1.7405846118927002,-0.6943184733390808,-1.015141487121582
1790030886642996200,18.565996337890624,-2.1092917919158936,0.5985504388809204,-0.4668693244457245
1790030886723196400,18.646196533203124,-0.4692635238170624,0.2106897532939911,-0.2106897532939911
1790030886773367300,18.6963671875,-1.1300631761550903,0.8547300100326538,0.33997663855552673
1790030886783377200,18.706377197265624,-0.9145850539207458,1.290474772453308,1.1899182796478271
1790030886793386800,18.71638671875,-0.4668693244457245,0.5554547905921936,0.629675030708313
1790030886803396600,18.726396728515624,-0.48602294921875,-0.646434485912323,-0.2777273952960968
1790030886823446800,18.74644677734375,-1.1085153818130493,-1.8363527059555054,-1.5131354331970215
1790030886833456400,18.756456298828127,-0.6105214357376099,-0.8643068075180054,-0.49559974670410156
1790030886853506600,18.776506591796874,-0.16759411990642548,0.6655880808830261,0.05506663769483566
1790030886873556500,18.796556396484377,-0.7829039692878723,0.8331822156906128,-0.8188169598579407
1790030886893576200,18.816576171875,-0.4908113479614258,-1.2114660739898682,-1.216254472732544
1790030886903585800,18.826585693359377,-0.8212111592292786,-0.08619125932455063,-0.2825157940387726
1790030886923666400,18.84666650390625,-0.768538773059845,-0.9648633003234863,-1.5322890281677246
1790030886943686000,18.866685791015627,-0.2944868206977844,0.31364041566848755,-0.7924807667732239
1790030886953695700,18.87669580078125,-0.2322375625371933,0.9744400978088379,-0.35434186458587646
1790030886973776400,18.8967763671875,-0.4668693244457245,0.35913026332855225,-0.3687070608139038
1790030886993826300,18.916826416015624,-0.8068459630012512,-0.05506663769483566,-0.3974374830722809
1790030887003836200,18.926836181640624,-0.7924807667732239,-0.4644751250743866,-1.070208191871643
1790030887013845800,18.936845703125,-0.5770025849342346,-0.033518824726343155,-1.0247182846069336
1790030887023886000,18.946885986328127,-0.43095630407333374,0.4165911078453064,-0.35434186458587646
1790030887033926400,18.956926513671874,-0.5051765441894531,0.33758243918418884,0.043095629662275314
1790030887043936300,18.966936279296874,-0.5434837937355042,0.2561795711517334,-0.19871874153614044
1790030887053976600,18.9769765625,-0.5003881454467773,0.7182605266571045,-0.19153612852096558
1790030887064016600,18.9870166015625,-0.507570743560791,0.8667010068893433,0.304063618183136
1790030887094046000,19.0170458984375,-0.4668693244457245,0.05267243832349777,-0.031124621629714966
1790030887104055800,19.027055908203124,-0.2825157940387726,0.028730420395731926,0.43095630407333374
1790030887114065700,19.037065673828124,-0.4357447028160095,0.05746084079146385,0.828393816947937
1790030887124075300,19.0470751953125,-0.4836287498474121,0.090979665517807,0.569819986820221
1790030887134115600,19.057115478515627,-0.2561795711517334,0.20350714027881622,0.3758896589279175
1790030887144156000,19.067156005859374,-0.2298433631658554,0.31603461503982544,0.5147533416748047
1790030887154165800,19.077165771484374,-0.5650315880775452,0.24420857429504395,0.15562310814857483
1790030887204245000,19.127244873046877,-0.689530074596405,0.2849099934101105,-0.4692635238170624
1790030887214285300,19.137285400390624,-0.40462008118629456,0.17477671802043915,-0.2059013396501541
1790030887224295200,19.147295166015624,-0.33518823981285095,0.19393034279346466,0.2968810200691223
1790030887234304800,19.1573046875,-0.3902548849582672,0.22744916379451752,0.24660277366638184
1790030887244314600,19.167314697265624,-0.44771572947502136,0.28730419278144836,0.17477671802043915
1790030887324454000,19.247453857421874,-0.6105214357376099,-0.11252748221158981,0.16998831927776337
1790030887334463500,19.25746337890625,-0.5434837937355042,0.26096799969673157,0.15083470940589905
1790030887344443000,19.26744287109375,-0.6847416758537292,-0.090979665517807,-0.3974374830722809
1790030887354513700,19.277513671875,-0.5267243981361389,-0.1604115068912506,-0.6536170840263367
1790030887364523300,19.287523193359377,-0.6727706789970398,0.0071826050989329815,-0.6153098344802856
1790030887394583000,19.3175830078125,-0.8355764150619507,-0.811634361743927,-0.8523358106613159
1790030887404562400,19.3275625,-0.6943184733390808,-1.4437036514282227,-1.6615760326385498
1790030887414572300,19.337572265625,-0.10055647045373917,-2.1547815799713135,-2.9951462745666504
1790030887424612400,19.3476123046875,0.24660277366638184,-1.9129672050476074,-2.9735984802246094
1790030887434652700,19.357652587890627,0.19393034279346466,-1.8602946996688843,-2.801215887069702
1790030887444662500,19.36766259765625,0.24420857429504395,-2.367865562438965,-4.015076160430908
1790030887454702800,19.377702880859374,0.37828385829925537,-3.308786630630493,-3.5913026332855225
1790030887464712400,19.38771240234375,0.22505496442317963,-3.222595453262329,-3.134010076522827
1790030887474722300,19.397722412109374,-0.2059013396501541,-3.466804027557373,-3.9169139862060547
1790030887484701400,19.407701416015627,-0.11013327538967133,-3.6942532062530518,-4.623203277587891
1790030887504751600,19.427751708984374,-0.8475474119186401,-2.7006595134735107,-4.654327869415283
1790030887514792000,19.4377919921875,-0.7733271718025208,-3.047818660736084,-4.850652694702148
1790030887524801800,19.4478017578125,-0.9864110946655273,-2.7509377002716064,-4.290409564971924
1790030887534841900,19.457841796875,-1.4963760375976562,-2.5234885215759277,-3.2297780513763428
1790030887544851700,19.467851806640624,-1.3766659498214722,-2.4899697303771973,-2.7006595134735107
1790030887554861600,19.477861572265624,-0.6751648783683777,-1.6424223184585571,-2.7006595134735107
1790030887564871200,19.48787109375,-0.8571242094039917,-1.0247182846069336,-1.3239935636520386
1790030887574881000,19.497881103515624,-1.886630892753601,0.12449848651885986,-1.5322890281677246
1790030887604880000,19.5278798828125,-1.8052281141281128,0.9959878921508789,-0.028730420395731926
1790030887624929800,19.5479296875,-1.8914192914962769,0.08858546614646912,-1.764526605606079
1790030887634939600,19.557939697265624,-2.145204782485962,2.190694570541382,1.314416766166687
1790030887644949200,19.56794921875,-1.946485996246338,0.12449848651885986,0.7230489253997803
1790030887654989600,19.577989501953127,-1.6831238269805908,-0.28730419278144836,-0.3734954595565796
1790030887665030000,19.58802978515625,-2.1475989818573,-0.20111294090747833,-0.11252748221158981
1790030887685049300,19.60804931640625,-2.2888567447662354,0.2944868206977844,0.49559974670410156
1790030887695059200,19.61805908203125,-1.8339585065841675,0.10773907601833344,-0.9074024558067322
1790030887725119000,19.648118896484377,-0.7086837291717529,1.5873557329177856,0.9289502501487732
1790030887745138700,19.668138671875,-1.072602391242981,-1.2952631711959839,-0.8786720037460327
1790030887765158100,19.688158203125,-1.4221558570861816,0.3232172429561615,-0.011971008032560349
1790030887775198500,19.698198486328124,-1.0678139925003052,0.28969839215278625,-0.24899697303771973
1790030887785208000,19.7082080078125,-0.912190854549408,-1.1540051698684692,-1.8100165128707886
1790030887805197000,19.728197021484377,-0.9792284965515137,0.181959331035614,0.1843535304069519
1790030887815237400,19.7382373046875,-0.2992752194404602,-0.12210428714752197,-0.7661445140838623
1790030887825247200,19.748247314453124,-0.0694318488240242,-0.3280056416988373,-1.0007762908935547
1790030887835257000,19.758257080078124,-0.3974374830722809,-0.5099649429321289,-1.070208191871643
1790030887875326500,19.798326416015627,-1.922544002532959,-0.009576806798577309,-0.5650315880775452
1790030887885336300,19.80833642578125,-0.6607996821403503,-0.8810662031173706,-1.1875240802764893
1790030887895376600,19.818376708984374,-0.6823474764823914,-0.20111294090747833,0.26575639843940735
1790030887915396000,19.83839599609375,-1.7070658206939697,1.968033790588379,1.3239935636520386
1790030887925436400,19.8484365234375,-1.8507179021835327,0.7182605266571045,2.0159177780151367
1790030887935446300,19.8584462890625,-1.6160861253738403,-0.2801215946674347,1.0031704902648926
1790030887945455900,19.868455810546877,-2.6024973392486572,-0.4165911078453064,0.8978256583213806
1790030887965475600,19.8884755859375,-2.1595699787139893,0.7709329724311829,-0.524330198764801
1790030887975485200,19.898485107421877,-1.9273324012756348,0.23702596127986908,-0.7613561153411865
1790030888015524400,19.9385244140625,-0.7541735172271729,-0.5027823448181152,-1.0271124839782715
1790030888075583000,19.9985830078125,-0.43335050344467163,-1.7812861204147339,-4.1874589920043945
1790030888085592600,20.008592529296877,-0.26815059781074524,-1.0127472877502441,-2.346317768096924
1790030888105612300,20.0286123046875,0.2992752194404602,-0.028730420395731926,-0.2801215946674347
1790030888135672000,20.058672119140624,-0.6440402865409851,1.6400281190872192,1.8818424940109253
1790030888145682000,20.068681884765624,-1.3479355573654175,2.540247917175293,2.365471363067627
1790030888155691500,20.07869140625,-2.1308395862579346,2.6408045291900635,2.3271639347076416
1790030888165701400,20.088701416015624,-2.427720546722412,2.779668092727661,3.179499864578247
1790030888175711000,20.0987109375,-2.7437551021575928,2.9759926795959473,5.123591423034668
1790030888185720800,20.108720947265624,-3.4835634231567383,3.8307228088378906,4.405331134796143
1790030888205740300,20.128740234375,-4.0964789390563965,5.583278179168701,4.2329487800598145
1790030888225760000,20.148760009765624,-3.512293815612793,3.220201253890991,4.8722004890441895
1790030888235769600,20.15876953125,-3.399766445159912,1.802833914756775,4.321534156799316
1790030888245779500,20.168779541015624,-3.268085241317749,1.7310078144073486,4.165910720825195
1790030888255789300,20.178789306640624,-3.268085241317749,1.5275006294250488,3.9217023849487305
1790030888265799000,20.188798828125,-3.265691041946411,1.764526605606079,3.421314239501953
1790030888275839200,20.198839111328127,-2.7269957065582275,2.387019157409668,3.550601005554199
1790030888285849000,20.20884912109375,-2.4420857429504395,2.449268341064453,2.7054479122161865
1790030888295889400,20.218889404296874,-1.7334020137786865,1.9584569931030273,2.255337953567505
1790030888315908900,20.238908935546874,-1.1994950771331787,1.0271124839782715,0.9768342971801758
1790030888325949200,20.24894921875,-0.730231523513794,0.569819986820221,0.7445967197418213
1790030888335989500,20.258989501953124,-0.6512228846549988,0.4189853072166443,0.28730419278144836
1790030888346029600,20.269029541015627,-0.26575639843940735,0.45489832758903503,0.06224924325942993
1790030888356070000,20.27906982421875,0.019153613597154617,0.2513911724090576,0.26096799969673157
1790030888366079700,20.289079833984374,0.2537853717803955,0.6368576288223267,0.9648633003234863
1790030888376089600,20.299089599609374,0.08140286058187485,1.381454348564148,1.7381904125213623
1790030888426229800,20.349229736328127,-1.0678139925003052,0.3447650372982025,0.272938996553421
1790030888446310400,20.369310302734377,-2.0039467811584473,0.2992752194404602,-0.667982280254364
1790030888456350700,20.379350830078124,-1.9584569931030273,1.1348515748977661,-0.6248866319656372
1790030888466360600,20.389360595703124,-1.656787633895874,0.8475474119186401,0.009576806798577309
1790030888476370200,20.3993701171875,-1.8722656965255737,0.1173158809542656,0.9385270476341248
1790030888486380000,20.409380126953124,-2.1068975925445557,-1.4748282432556152,0.1628057211637497
1790030888496390000,20.419389892578124,-2.2002713680267334,-1.1971008777618408,-0.4812345504760742
1790030888536428800,20.4594287109375,-2.3056161403656006,2.1930887699127197,-1.3215993642807007
1790030888566580200,20.489580322265624,-0.871489405632019,-2.940079689025879,-1.0845733880996704
1790030888576590000,20.499590087890624,-0.933738648891449,-2.9664158821105957,-1.886630892753601
1790030888586660900,20.509660888671874,-1.778891921043396,-1.6041151285171509,-1.4628572463989258
1790030888596670500,20.51967041015625,-1.86508309841156,-0.5003881454467773,-0.8475474119186401
1790030888606710800,20.529710693359377,-1.3862427473068237,1.5179238319396973,-0.45489832758903503
1790030888616720600,20.539720703125,-0.44771572947502136,2.3343467712402344,0.35434186458587646
1790030888626730500,20.54973046875,-0.1628057211637497,0.7493851184844971,0.5770025849342346
1790030888676779300,20.599779296875,-2.0614075660705566,1.8746598958969116,-1.0007762908935547
1790030888686788900,20.609788818359377,-2.4396915435791016,4.623203277587891,1.4772224426269531
1790030888696798700,20.619798828125,-1.0965443849563599,2.942473888397217,1.5658079385757446
1790030888706808600,20.62980859375,-0.43335050344467163,-0.038307227194309235,0.5578489899635315
1790030888716818200,20.639818115234377,-1.9512743949890137,-1.623268723487854,-0.9720458984375
1790030888726858500,20.6498583984375,-2.87064790725708,-2.38462495803833,-2.5115175247192383
1790030888736838000,20.659837890625,-3.380612850189209,-1.036689281463623,-1.8411411046981812
1790030888746847500,20.669847412109377,-2.784456491470337,0.090979665517807,-0.6272808313369751
1790030888776938000,20.69993798828125,-0.2944868206977844,1.0989385843276978,3.0310592651367188
1790030888847097900,20.770097900390624,-0.6416460275650024,0.35434186458587646,-0.30885201692581177
1790030888917196800,20.84019677734375,0.20350714027881622,-0.3447650372982025,-1.0342950820922852
1790030888927236900,20.85023681640625,-0.5003881454467773,-0.033518824726343155,-0.828393816947937
1790030888937277200,20.860277099609377,-0.8690952062606812,0.3998316824436188,-0.7230489253997803
1790030888957327400,20.880327392578124,-0.5003881454467773,-1.0678139925003052,-0.2561795711517334
1790030888967337000,20.8903369140625,-0.730231523513794,-0.6512228846549988,-0.5602431893348694
1790030888977346800,20.900346923828124,-0.9528923034667969,-0.933738648891449,-1.867477297782898
1790030888987356700,20.910356689453124,-0.5554547905921936,-0.20111294090747833,-2.1739351749420166
1790030888997366300,20.9203662109375,-0.4596867263317108,1.1468225717544556,-0.545877993106842
1790030889007376100,20.930376220703124,-0.033518824726343155,0.4118026793003082,-0.10295066982507706
1790030889017416400,20.94041650390625,-0.272938996553421,-0.4405331015586853,-0.9074024558067322
1790030889027426300,20.95042626953125,-1.137245774269104,-1.381454348564148,-0.9768342971801758
1790030889077505500,21.000505615234374,-0.304063618183136,1.7884687185287476,0.6320692300796509
1790030889087545900,21.0105458984375,0.24660277366638184,0.5793967843055725,0.5554547905921936
1790030889097555500,21.020555419921877,0.1388636976480484,0.08379705995321274,0.11252748221158981
1790030889147604500,21.0706044921875,-0.33997663855552673,0.6392518281936646,-0.181959331035614
1790030889157614000,21.080614013671877,-0.5267243981361389,0.38307225704193115,-0.3016694188117981
1790030889167624000,21.0906240234375,-0.7805097699165344,-0.5410895943641663,-0.9457096457481384
1790030889187704600,21.11070458984375,-0.31603461503982544,-0.8307880163192749,-1.1851298809051514
1790030889197714200,21.120714111328127,0.09816227108240128,-0.6153098344802856,-0.7469909191131592
1790030889207724000,21.13072412109375,0.09816227108240128,-0.20111294090747833,-0.2944868206977844
1790030889217734000,21.14073388671875,-0.12449848651885986,-0.6057330369949341,-0.8978256583213806
1790030889227743500,21.150743408203127,-0.2513911724090576,-0.727837324142456,-1.0989385843276978
1790030889237753300,21.16075341796875,-0.3974374830722809,-0.16519992053508759,-0.47884035110473633
1790030889247793700,21.170793701171874,-0.5770025849342346,0.15083470940589905,-0.524330198764801
1790030889257803300,21.18080322265625,-0.569819986820221,0.11252748221158981,-0.7661445140838623
1790030889267813000,21.190813232421874,-0.3998316824436188,0.035913024097681046,-1.0797849893569946
1790030889277823000,21.200822998046874,-0.5650315880775452,0.304063618183136,-0.7972691655158997
1790030889357870600,21.28087060546875,-0.5267243981361389,-0.08619125932455063,0.7086837291717529
1790030889417990100,21.340990234375,-0.6703764796257019,0.4405331015586853,-0.1628057211637497
1790030889458059800,21.381059814453124,-0.7134721279144287,0.3974374830722809,1.4197616577148438
1790030889468069400,21.3910693359375,-0.6416460275650024,0.8068459630012512,0.7158663272857666
1790030889478079200,21.401079345703124,-0.3232172429561615,0.8092401623725891,0.23942017555236816
1790030889488089000,21.411089111328124,-0.17477671802043915,0.9983820915222168,-0.033518824726343155
1790030889498098700,21.4210986328125,0.06224924325942993,0.6248866319656372,-0.6272808313369751
1790030889508108500,21.431108642578124,0.4429273009300232,0.14604631066322327,-1.1204863786697388
1790030889528128000,21.4511279296875,0.08379705995321274,-0.3064578175544739,-1.2665326595306396
1790030889538137900,21.461137939453124,0.011971008032560349,-0.8188169598579407,-1.015141487121582
1790030889548147700,21.471147705078124,-0.016759412363171577,-0.8978256583213806,-1.1109095811843872
1790030889558157300,21.4811572265625,-0.035913024097681046,-0.7948749661445618,-1.1252747774124146
1790030889608206000,21.5312060546875,-0.090979665517807,-2.121262788772583,-3.6774938106536865
1790030889618246400,21.541246337890627,0.1843535304069519,-3.3949780464172363,-3.7229835987091064
1790030889628225800,21.551225830078124,0.6224924325942993,-3.993528366088867,-4.333505153656006
1790030889698385700,21.6213857421875,-0.7206547260284424,-2.6886885166168213,-3.8522706031799316
1790030889708364800,21.63136474609375,-0.20350714027881622,-2.121262788772583,-4.252102375030518
1790030889718405000,21.641405029296877,-0.3232172429561615,-0.9385270476341248,-2.8802247047424316
1790030889728415000,21.6514150390625,-0.751779317855835,-1.5179238319396973,-2.212242364883423
1790030889738424800,21.6614248046875,-1.213860273361206,-1.3982137441635132,-1.8602946996688843
1790030889748434400,21.671434326171877,-1.6879122257232666,-0.586579442024231,-0.7134721279144287
1790030889758413800,21.681413818359374,-1.625662922859192,-0.038307227194309235,-0.6009446382522583
1790030889768454000,21.691453857421877,-1.9393033981323242,-0.12210428714752197,-0.35434186458587646
1790030889778463700,21.701463623046877,-2.5258827209472656,-2.118868589401245,-2.0446481704711914
1790030889788473600,21.7114736328125,-2.6024973392486572,-1.0965443849563599,-3.0573954582214355
1790030889798483200,21.721483154296877,-2.279279947280884,0.524330198764801,-1.173158884048462
1790030889808523500,21.7315234375,-1.6424223184585571,-1.256955862045288,-1.2401964664459229
1790030889818533400,21.741533447265624,-1.6496049165725708,-1.4437036514282227,-1.6160861253738403
1790030889828573700,21.75157373046875,-1.8579005002975464,-1.601720929145813,-0.9409212470054626
1790030889838552800,21.761552734375,-1.680729627609253,-0.3064578175544739,-0.5961562395095825
1790030889878592000,21.801592041015624,-1.2880805730819702,0.8451532125473022,-0.09816227108240128
1790030889888632300,21.81163232421875,-1.0534487962722778,0.6248866319656372,0.8762778043746948
1790030889908682200,21.83168212890625,-1.1468225717544556,-0.9552865028381348,-0.8882488012313843
1790030889918692000,21.841692138671874,-1.3718775510787964,1.1971008777618408,-0.4189853072166443
1790030889928732400,21.851732421875,-1.290474772453308,0.4620809257030487,0.5674257874488831
1790030889938742000,21.861741943359377,-1.0247182846069336,0.3471592366695404,-0.12449848651885986
1790030889948752000,21.871751953125,-1.5753847360610962,-0.0933738648891449,-0.2825157940387726
1790030889958731000,21.88173095703125,-1.2282254695892334,-0.14844051003456116,-0.5363011956214905
1790030889968771300,21.891771240234377,-0.6751648783683777,0.07661445438861847,-0.1604115068912506
1790030889978781200,21.90178125,-0.2801215946674347,0.16759411990642548,-0.507570743560791
1790030889998770200,21.921770263671874,-0.5267243981361389,-0.9313444495201111,-1.2234370708465576
1790030890008810500,21.931810546875,-1.1659762859344482,-1.5179238319396973,-0.608127236366272
1790030890028830000,21.951829833984377,-2.3295583724975586,-0.002394201699644327,-1.0127472877502441
1790030890048849400,21.971849365234377,0.014365210197865963,0.6488286852836609,0.22505496442317963
1790030890068869000,21.991869140625,-0.6488286852836609,0.8619126081466675,0.3064578175544739
1790030890088858000,22.011858154296874,-0.9983820915222168,-0.19153612852096558,-0.07661445438861847
1790030890118887400,22.041887451171874,-2.118868589401245,1.7286136150360107,0.811634361743927
1790030890128927700,22.051927734375,-1.357512354850769,0.09576806426048279,-0.751779317855835
1790030890148947200,22.071947265625,-2.0254945755004883,0.009576806798577309,0.993593692779541
1790030890158926300,22.08192626953125,-1.525106430053711,0.24420857429504395,-0.22026655077934265
1790030890168966700,22.091966552734377,-1.623268723487854,0.7661445140838623,0.3758896589279175
1790030890188955600,22.11195556640625,-1.8698714971542358,1.482010841369629,-0.15083470940589905
1790030890198996000,22.121995849609377,-1.6950948238372803,-0.7924807667732239,-0.1388636976480484
1790030890219015400,22.142015380859377,-0.49559974670410156,-0.40940847992897034,-1.778891921043396
1790030890249075500,22.172075439453124,-1.4628572463989258,1.4413094520568848,1.3503297567367554
1790030890259115500,22.182115478515627,-1.7286136150360107,1.338358759880066,1.1444283723831177
1790030890269125400,22.19212548828125,-1.1875240802764893,0.1173158809542656,0.304063618183136
1790030890289206000,22.2122060546875,-0.7565677165985107,0.9169792532920837,0.4118026793003082
1790030890299215600,22.222215576171877,-1.4293384552001953,1.1516109704971313,1.1971008777618408
1790030890309225500,22.2322255859375,-2.030282974243164,0.3064578175544739,1.1540051698684692
1790030890319235300,22.2422353515625,-2.3918075561523438,1.7741034030914307,1.094150185585022
1790030890329245000,22.252244873046877,-2.1739351749420166,1.4460978507995605,2.964021682739258
1790030890339254800,22.2622548828125,-2.3319525718688965,2.1284453868865967,3.5649664402008057
1790030890389273000,22.312273193359374,-2.33913516998291,1.8363527059555054,3.0119056701660156
1790030890429373200,22.352373291015624,-1.3623007535934448,2.1954829692840576,3.603273630142212
1790030890479513600,22.402513671875,-1.4652514457702637,1.5514427423477173,2.9305028915405273
1790030890529623600,22.45262353515625,-1.0630255937576294,0.35673606395721436,0.0933738648891449
1790030890539633200,22.462633056640627,-0.7086837291717529,-0.0071826050989329815,-0.8403648138046265
1790030890549643000,22.47264306640625,-0.1867477297782898,0.3016694188117981,0.2753331959247589
1790030890559652900,22.48265283203125,-0.2992752194404602,1.256955862045288,1.3838485479354858
1790030890569662500,22.492662353515627,-0.569819986820221,0.42377370595932007,0.7350199222564697
1790030890579672300,22.50267236328125,-0.3447650372982025,-0.3495534360408783,0.507570743560791
1790030890589712600,22.512712646484374,-0.1604115068912506,-0.08619125932455063,1.235408067703247
1790030890599722200,22.52272216796875,-0.38067805767059326,1.0342950820922852,1.6136919260025024
1790030890609732000,22.532732177734374,-0.689530074596405,0.7182605266571045,1.1659762859344482
1790030890639791900,22.5627919921875,-1.6184803247451782,0.5722141861915588,0.15322890877723694
1790030890659811300,22.582811279296877,-1.0271124839782715,-1.6927006244659424,-0.7829039692878723
1790030890669851600,22.5928515625,-1.4317326545715332,-0.9481038451194763,-0.7565677165985107
1790030890679861500,22.602861572265624,-2.1763293743133545,0.3471592366695404,-0.6129156351089478
1790030890699972600,22.62297265625,-2.013523578643799,1.1803414821624756,-0.2825157940387726
1790030890709982200,22.632982177734377,-1.3527239561080933,0.43095630407333374,-0.272938996553421
1790030890720022500,22.6430224609375,-1.1659762859344482,-1.192312479019165,-0.3232172429561615
1790030890730032400,22.653032470703124,-1.5059528350830078,-1.7405846118927002,-0.608127236366272
1790030890740042200,22.663042236328124,-2.2194249629974365,-0.33279404044151306,-0.47884035110473633
1790030890750051800,22.6730517578125,-2.4013843536376953,1.094150185585022,0.11971008777618408
1790030890800131300,22.72313134765625,-2.470816135406494,-1.8124107122421265,-0.8619126081466675
1790030890880270300,22.803270263671877,-1.0558429956436157,-2.8874073028564453,-0.7350199222564697
1790030890910360800,22.83336083984375,-2.5761611461639404,-0.12210428714752197,-1.2186486721038818
1790030890920370400,22.843370361328127,-1.8794482946395874,0.6368576288223267,-1.1444283723831177
1790030890930410800,22.85341064453125,-0.9552865028381348,1.4963760375976562,-0.21787235140800476
1790030890940451000,22.863451171875,-0.3687070608139038,0.6129156351089478,0.6512228846549988
1790030890950430200,22.87343017578125,-0.40701428055763245,-1.278503656387329,-0.5027823448181152
1790030890960501200,22.883501220703124,-1.4915876388549805,-0.3734954595565796,-0.7876923680305481
1790030890980520700,22.903520751953124,-2.070984363555908,0.047884032130241394,-1.1276689767837524
1790030890990530300,22.9135302734375,-1.8076223134994507,0.304063618183136,-0.44771572947502136
1790030891010580500,22.93358056640625,-0.7134721279144287,1.0295066833496094,0.4644751250743866
1790030891020620800,22.943620849609374,-0.5123591423034668,1.5682021379470825,1.3120225667953491
1790030891030630400,22.95363037109375,-0.2825157940387726,-0.22266076505184174,0.3974374830722809
1790030891040640300,22.96364013671875,-1.235408067703247,-0.5985504388809204,-0.8451532125473022
1790030891050680600,22.9736806640625,-2.604891538619995,-1.1563993692398071,-1.158793568611145
1790030891060690400,22.9836904296875,-2.918531894683838,-2.0207061767578125,-1.522712230682373
1790030891070700000,22.993699951171877,-3.069366693496704,-0.6823474764823914,-1.2737152576446533
1790030891080710000,23.0037099609375,-2.205059766769409,0.22026655077934265,-0.1149216815829277
1790030891100729300,23.023729248046877,0.09816227108240128,-0.11252748221158981,0.09576806426048279
1790030891120779500,23.043779541015624,-1.0989385843276978,-1.0558429956436157,-1.8267759084701538
1790030891130789000,23.0537890625,-1.4221558570861816,-0.2944868206977844,-0.9050082564353943
1790030891210928400,23.133928466796874,-1.3120225667953491,0.7924807667732239,0.45250412821769714
1790030891241018600,23.1640185546875,-1.036689281463623,0.3758896589279175,0.15322890877723694
1790030891251059000,23.174058837890627,-0.6943184733390808,0.05027823522686958,0.2801215946674347
1790030891261068800,23.18406884765625,-0.7733271718025208,0.043095629662275314,0.1149216815829277
1790030891271078400,23.194078369140627,-0.9026140570640564,0.363918662071228,0.2968810200691223
1790030891291098000,23.21409814453125,-1.161187767982483,-0.13168109953403473,-0.9528923034667969
1790030891301077200,23.2240771484375,-1.1252747774124146,0.2968810200691223,-0.49799394607543945
1790030891311117600,23.23411767578125,-0.9026140570640564,-0.2082955539226532,-0.6129156351089478
1790030891321127400,23.24412744140625,-1.0247182846069336,0.4884171485900879,-0.5554547905921936
1790030891331106600,23.2541064453125,-1.314416766166687,0.9145850539207458,-0.35673606395721436
1790030891341147000,23.26414697265625,-1.0630255937576294,0.6200982332229614,-0.569819986820221
1790030891351156700,23.27415673828125,-1.137245774269104,0.7757213711738586,-0.5386953949928284
1790030891361197000,23.284197021484374,-1.3958195447921753,0.28969839215278625,-0.6368576288223267
1790030891371237000,23.294237060546877,-1.5849615335464478,-0.5027823448181152,-1.316810965538025
1790030891431295700,23.354295654296877,-0.790086567401886,0.17956513166427612,-1.2545616626739502
1790030891471365400,23.394365478515624,-0.6248866319656372,-0.6272808313369751,-0.6248866319656372
1790030891481375200,23.404375244140624,-0.5793967843055725,-0.16998831927776337,-0.5817909836769104
1790030891541464300,23.46446435546875,-0.3447650372982025,-0.6727706789970398,-0.48602294921875
1790030891551504600,23.474504638671874,-0.19393034279346466,-0.7996633648872375,-0.7829039692878723
1790030891561514200,23.48451416015625,-0.2801215946674347,-0.8643068075180054,-1.1252747774124146
1790030891571554600,23.494554443359377,-0.07900865375995636,-1.2856862545013428,-1.2737152576446533
1790030891581564400,23.504564453125,0.047884032130241394,-1.0414776802062988,-1.2880805730819702
1790030891591574000,23.514573974609377,-0.05027823522686958,-0.8355764150619507,-1.1827356815338135
1790030891601583900,23.524583984375,0.1628057211637497,-1.161187767982483,-1.2880805730819702
1790030891611593700,23.53459375,0.21547815203666687,-0.6488286852836609,-0.8834604024887085
1790030891621603300,23.544603271484377,-0.06703764945268631,-0.6200982332229614,-0.6655880808830261
1790030891631613200,23.55461328125,0.11013327538967133,-0.2561795711517334,-0.6943184733390808
1790030891641623000,23.564623046875,-0.1364694982767105,0.028730420395731926,-0.19153612852096558
1790030891651632600,23.574632568359377,-0.22266076505184174,-0.1173158809542656,-0.1173158809542656
1790030891661642500,23.584642578125,-0.16519992053508759,0.2537853717803955,-0.1604115068912506
1790030891681662000,23.604661865234377,-0.20350714027881622,0.2585737705230713,0.6584054827690125
1790030891691702300,23.614702392578124,-0.0933738648891449,0.5626373887062073,1.0007762908935547
1790030891701712100,23.624712158203124,-0.3256114423274994,0.768538773059845,1.256955862045288
1790030891711721700,23.6347216796875,-0.38546648621559143,0.7972691655158997,0.950498104095459
1790030891741781800,23.66478173828125,-0.24899697303771973,0.47165772318840027,0.507570743560791
1790030891751821800,23.67482177734375,-0.19393034279346466,-0.033518824726343155,0.629675030708313
1790030891781912300,23.704912353515624,-0.08619125932455063,0.016759412363171577,-0.07661445438861847
1790030891811972000,23.73497216796875,-0.1173158809542656,-0.08379705995321274,-0.5291185975074768
1790030891821982000,23.74498193359375,-0.12210428714752197,0.028730420395731926,-0.5841852426528931
1790030891831991600,23.754991455078127,-0.11252748221158981,-0.22026655077934265,-0.6177040338516235
1790030891842001400,23.76500146484375,0.14604631066322327,-0.13168109953403473,-0.790086567401886
1790030891852011300,23.77501123046875,-0.0071826050989329815,0.17477671802043915,-0.5578489899635315
1790030891862020900,23.785020751953127,-0.043095629662275314,-0.10773907601833344,-0.4213795065879822
1790030891872030700,23.79503076171875,-0.05506663769483566,-0.0071826050989329815,-0.31124621629714966
1790030891882040300,23.805040283203127,-0.10773907601833344,-0.023942016065120697,-0.3423708379268646
1790030891892050200,23.81505029296875,-0.004788403399288654,0.22744916379451752,-0.16759411990642548
1790030891902090500,23.825090576171874,-0.05985504388809204,0.2537853717803955,0.07661445438861847
1790030891912100400,23.835100341796874,0.002394201699644327,0.043095629662275314,-0.12689268589019775
1790030891922110000,23.84510986328125,-0.11252748221158981,0.1843535304069519,-0.15562310814857483
1790030891932119800,23.855119873046874,-0.1628057211637497,0.35913026332855225,0.12210428714752197
1790030891992209000,23.915208984375,-0.3064578175544739,0.181959331035614,0.2825157940387726
1790030892002218800,23.92521875,-0.2346317619085312,0.608127236366272,0.35913026332855225
1790030892012228400,23.935228271484377,-0.17238251864910126,0.20111294090747833,0.1412578970193863
1790030892022238200,23.94523828125,-0.038307227194309235,-0.14365209639072418,-0.0933738648891449
1790030892052298000,23.975298095703124,-0.11013327538967133,0.17956513166427612,-0.28969839215278625
1790030892092306400,24.015306396484377,-0.05506663769483566,0.20350714027881622,-0.035913024097681046
1790030892102346800,24.0253466796875,-0.12210428714752197,-0.004788403399288654,0.10773907601833344
1790030892132376000,24.0553759765625,0.15083470940589905,0.05746084079146385,-0.5099649429321289
1790030892172445700,24.09544580078125,-0.10055647045373917,-0.22505496442317963,-0.07661445438861847
1790030892202536000,24.125535888671877,-0.15562310814857483,0.19871874153614044,0.08619125932455063
1790030892222586000,24.145586181640624,-0.0933738648891449,0.047884032130241394,0.19153612852096558
1790030892232596000,24.155595947265624,0,0.004788403399288654,0.5434837937355042
1790030892242666800,24.165666748046874,-0.15322890877723694,0.3734954595565796,0.5339069962501526
1790030892252706800,24.175706787109377,-0.06464344263076782,0.2944868206977844,0.2513911724090576
1790030892262716700,24.185716552734377,-0.10295066982507706,0.28730419278144836,0.07422025501728058
1790030892272696000,24.195696044921874,-0.07661445438861847,-0.15083470940589905,0.2992752194404602
1790030892282766800,24.205766845703124,-0.033518824726343155,0.004788403399288654,0.4620809257030487
1790030892292776400,24.2157763671875,0.028730420395731926,0.3423708379268646,0.1388636976480484
1790030892352865500,24.275865478515627,-0.08858546614646912,-0.12210428714752197,-0.16998831927776337
1790030892362875400,24.28587548828125,0.1412578970193863,-0.05506663769483566,-0.3495534360408783
1790030892372885200,24.29588525390625,-0.002394201699644327,-0.026336219161748886,-0.08379705995321274
1790030892382894800,24.305894775390627,-0.05027823522686958,-0.12449848651885986,-0.0071826050989329815
1790030892392904700,24.31590478515625,0.07900865375995636,-0.31364041566848755,-0.3256114423274994
1790030892402945000,24.325945068359374,0.033518824726343155,-0.1628057211637497,-0.3495534360408783
1790030892473074400,24.396074462890624,0.009576806798577309,-0.12210428714752197,-0.019153613597154617
1790030892533255000,24.4562548828125,0.08858546614646912,-0.27054479718208313,-0.272938996553421
1790030892543264800,24.4662646484375,-0.023942016065120697,-0.2537853717803955,0.05267243832349777
1790030892553305000,24.47630517578125,-0.05746084079146385,-0.17956513166427612,-0.08379705995321274
1790030892563345400,24.486345458984374,0.009576806798577309,-0.009576806798577309,-0.2777273952960968
1790030892573385700,24.4963857421875,0.026336219161748886,0.13407529890537262,-0.021547814831137657
1790030892593496800,24.516496826171874,0.12689268589019775,-0.028730420395731926,0.19393034279346466
1790030892603506400,24.52650634765625,0.011971008032560349,0.1149216815829277,-0.05985504388809204
1790030892613516300,24.536516357421874,0.06464344263076782,0.047884032130241394,-0.12928688526153564
1790030892623526100,24.546526123046874,0.009576806798577309,0.15562310814857483,-0.06464344263076782
1790030892643545600,24.566545654296874,-0.10534487664699554,0.047884032130241394,0.5171475410461426
1790030892653586000,24.5765859375,0.0933738648891449,-0.2322375625371933,-0.12928688526153564
1790030892663626200,24.586626220703124,0.0071826050989329815,0.12689268589019775,-0.15801730751991272
1790030892673666300,24.596666259765627,-0.07422025501728058,0.019153613597154617,-0.09816227108240128
1790030892683676200,24.60667626953125,-0.035913024097681046,-0.031124621629714966,-0.021547814831137657
1790030892693716500,24.616716552734374,0.090979665517807,0.07422025501728058,0.028730420395731926
1790030892703726300,24.626726318359374,-0.009576806798577309,0.1412578970193863,0.31364041566848755
1790030892713736000,24.63673583984375,-0.07182604819536209,-0.17477671802043915,-0.0454898327589035
1790030892723806700,24.646806640625,0.05267243832349777,-0.002394201699644327,-0.22026655077934265
1790030892733816600,24.656816650390624,0,-0.1149216815829277,0.07422025501728058
1790030892763846000,24.686845947265624,0.08379705995321274,-0.0454898327589035,-0.24420857429504395
1790030892773855700,24.696855712890624,0.11013327538967133,0.15562310814857483,-0.05267243832349777
1790030892783895800,24.706895751953127,0.028730420395731926,0.12928688526153564,0.33279404044151306
1790030892793905700,24.71690576171875,-0.033518824726343155,-0.19393034279346466,0.06703764945268631
1790030892823965400,24.74696533203125,0.07422025501728058,-0.08858546614646912,-0.2082955539226532
1790030892833975300,24.756975341796874,0.009576806798577309,0.09576806426048279,-0.26815059781074524
1790030892843985000,24.76698486328125,0.07182604819536209,-0.033518824726343155,-0.14604631066322327
1790030892854025200,24.777025146484377,0.011971008032560349,0.043095629662275314,0.1149216815829277
1790030892864035000,24.78703515625,-0.0071826050989329815,0.13407529890537262,0.26575639843940735
1790030892874075400,24.797075439453124,-0.014365210197865963,-0.10295066982507706,0.090979665517807
1790030892884085000,24.8070849609375,0.11971008777618408,-0.035913024097681046,0.021547814831137657
1790030892894094800,24.8170947265625,-0.07422025501728058,-0.17238251864910126,0.15562310814857483
1790030892914145000,24.83714501953125,-0.12449848651885986,-0.023942016065120697,0.0454898327589035
1790030892924185000,24.84718505859375,0.07182604819536209,-0.09816227108240128,0.08858546614646912
1790030892934195000,24.85719482421875,0.07182604819536209,-0.09576806426048279,0.026336219161748886
1790030892944204800,24.867204833984374,0.021547814831137657,-0.035913024097681046,-0.05027823522686958
1790030892954184000,24.877183837890627,0.002394201699644327,-0.13407529890537262,-0.043095629662275314
1790030892974234000,24.897234130859374,-0.0454898327589035,0.17717093229293823,0.18914192914962769
1790030892994253600,24.917253662109374,-0.10055647045373917,-0.10534487664699554,-0.26336219906806946
1790030893004263400,24.927263427734374,-0.090979665517807,-0.019153613597154617,-0.1412578970193863
1790030893024283000,24.947282958984374,0.17477671802043915,-0.08379705995321274,-0.17477671802043915
1790030893044332800,24.967332763671877,0.08619125932455063,-0.033518824726343155,-0.22744916379451752
1790030893054312200,24.977312255859374,0.06464344263076782,-0.16998831927776337,-0.363918662071228
1790030893064352500,24.9873525390625,0.05746084079146385,-0.1604115068912506,0.009576806798577309
1790030893074362000,24.997362060546877,0.040701430290937424,-0.13407529890537262,0.07661445438861847
1790030893084372000,25.0073720703125,0.043095629662275314,-0.16759411990642548,-0.10773907601833344
1790030893094381800,25.0173818359375,-0.038307227194309235,-0.17238251864910126,-0.19871874153614044
1790030893114401300,25.0374013671875,-0.10773907601833344,-0.011971008032560349,0
1790030893134420700,25.057420654296877,-0.040701430290937424,0.10055647045373917,0.14604631066322327
1790030893144430600,25.0674306640625,-0.040701430290937424,0.16998831927776337,0.023942016065120697
1790030893154440400,25.0774404296875,-0.040701430290937424,0.040701430290937424,0.023942016065120697
1790030893164450000,25.087449951171877,0.047884032130241394,-0.09576806426048279,0.06703764945268631
1790030893174429400,25.097429443359374,-0.08858546614646912,0.2944868206977844,0.23942017555236816
1790030893194509800,25.117509765625,0.002394201699644327,0.2082955539226532,0.10773907601833344
1790030893204489200,25.1274892578125,-0.1364694982767105,0.06703764945268631,0.033518824726343155
1790030893224539100,25.1475390625,-0.014365210197865963,-0.043095629662275314,0.040701430290937424
1790030893234579500,25.157579345703127,-0.06703764945268631,0.014365210197865963,-0.090979665517807
1790030893254599000,25.177598876953127,-0.07422025501728058,-0.040701430290937424,0.2322375625371933
1790030893264608800,25.18760888671875,-0.0933738648891449,-0.028730420395731926,0.2082955539226532
1790030893304678400,25.227678466796874,0.002394201699644327,-0.20111294090747833,0.05985504388809204
1790030893314688300,25.237688232421874,-0.028730420395731926,-0.08140286058187485,-0.11971008777618408
1790030893324697900,25.24769775390625,0.028730420395731926,0.07900865375995636,-0.10534487664699554
1790030893374777300,25.29777734375,-0.019153613597154617,0.09816227108240128,0.08619125932455063
1790030893384787000,25.307786865234377,-0.0071826050989329815,-0.05267243832349777,0.047884032130241394
1790030893394857700,25.317857666015627,-0.004788403399288654,-0.090979665517807,-0.019153613597154617
1790030893404867600,25.32786767578125,-0.033518824726343155,-0.09816227108240128,-0.15801730751991272
1790030893414877400,25.33787744140625,0.05985504388809204,-0.1412578970193863,-0.090979665517807
1790030893424856600,25.347856689453124,0.033518824726343155,0.22026655077934265,0.11971008777618408
1790030893434897000,25.35789697265625,0.023942016065120697,-0.028730420395731926,0.14844051003456116
1790030893444876000,25.3678759765625,0.05746084079146385,-0.22744916379451752,-0.09816227108240128
1790030893454916400,25.377916259765627,-0.033518824726343155,-0.08619125932455063,0.031124621629714966
1790030893525045800,25.448045654296877,-0.031124621629714966,-0.16998831927776337,0.0071826050989329815
1790030893545065200,25.468065185546877,0.09576806426048279,-0.0071826050989329815,-0.16998831927776337
1790030893555075000,25.478074951171877,0.11252748221158981,-0.1412578970193863,0
1790030893565115400,25.488115478515624,0.011971008032560349,0.10773907601833344,-0.08140286058187485
1790030893575094500,25.498094482421877,0,0.05267243832349777,-0.11013327538967133
1790030893645285000,25.56828515625,-0.06703764945268631,0.14604631066322327,0.3998316824436188
1790030893655294700,25.578294677734377,0.004788403399288654,-0.28969839215278625,-0.12210428714752197
1790030893665304600,25.5883046875,0.035913024097681046,-0.07182604819536209,-0.272938996553421
1790030893675345000,25.598344970703124,-0.06224924325942993,-0.1628057211637497,-0.06464344263076782
1790030893685385200,25.60838525390625,-0.031124621629714966,-0.20111294090747833,0.047884032130241394
1790030893695394800,25.618394775390627,-0.13407529890537262,-0.033518824726343155,-0.1628057211637497
1790030893705404700,25.62840478515625,-0.035913024097681046,-0.10295066982507706,-0.1412578970193863
1790030893715445000,25.638445068359374,0.038307227194309235,0.08140286058187485,-0.11013327538967133
1790030893725454800,25.648454833984374,0.08858546614646912,0.002394201699644327,-0.021547814831137657
1790030893735464400,25.65846435546875,0.05267243832349777,-0.08619125932455063,0.0071826050989329815
1790030893745504800,25.6685048828125,0.07900865375995636,-0.021547814831137657,-0.10295066982507706
1790030893755545000,25.678545166015624,0,-0.12210428714752197,0.026336219161748886
1790030893765585400,25.68858544921875,-0.033518824726343155,-0.08379705995321274,0.040701430290937424
1790030893795614700,25.71861474609375,-0.13407529890537262,0.12689268589019775,0.2346317619085312
1790030893805624300,25.728624267578127,0,0.004788403399288654,0.002394201699644327
1790030893815634200,25.73863427734375,-0.06703764945268631,0.2106897532939911,0.22266076505184174
1790030893825674500,25.748674560546874,-0.1412578970193863,0.10055647045373917,0.33039984107017517
1790030893835684400,25.758684326171874,-0.011971008032560349,-0.0694318488240242,0.24420857429504395
