time,seconds_elapsed,x,z,y
1790029946179552000,0.107552001953125,0.026336219161748886,-0.28730419278144836,-0.8379706144332886
1790029946199271700,0.127271728515625,0.05746084079146385,0.019153613597154617,0.009576806798577309
1790029946208881400,0.13688134765625,-0.12449848651885986,-0.10534487664699554,-0.011971008032560349
1790029946228501000,0.1565009765625,0.07422025501728058,0.033518824726343155,-0.090979665517807
1790029946248320500,0.176320556640625,-0.12928688526153564,0.014365210197865963,-0.0454898327589035
1790029946258330400,0.186330322265625,0.016759412363171577,-0.016759412363171577,-0.06464344263076782
1790029946268340000,0.196340087890625,0.026336219161748886,0.05746084079146385,0.05985504388809204
1790029946278319400,0.2063193359375,-0.033518824726343155,0.05506663769483566,-0.05267243832349777
1790029946288359400,0.216359375,-0.06224924325942993,0.002394201699644327,-0.15083470940589905
1790029946298369300,0.226369384765625,-0.019153613597154617,-0.009576806798577309,0.026336219161748886
1790029946338408400,0.266408447265625,-0.028730420395731926,0.05267243832349777,-0.06224924325942993
1790029946348418000,0.27641796875,-0.1149216815829277,-0.011971008032560349,-0.08140286058187485
1790029946358428000,0.286427978515625,-0.11013327538967133,-0.023942016065120697,0.026336219161748886
1790029946368437800,0.296437744140625,-0.031124621629714966,-0.07422025501728058,-0.13168109953403473
1790029946378417000,0.3064169921875,-0.07900865375995636,-0.043095629662275314,-0.023942016065120697
1790029946398497500,0.32649755859375,-0.026336219161748886,-0.014365210197865963,-0.023942016065120697
1790029946428526800,0.35652685546875,-0.05506663769483566,0.038307227194309235,-0.016759412363171577
1790029946438506000,0.366506103515625,0.043095629662275314,0.05027823522686958,0.023942016065120697
1790029946448546300,0.37654638671875,-0.033518824726343155,-0.021547814831137657,0.033518824726343155
1790029946458556200,0.38655615234375,0.016759412363171577,-0.026336219161748886,-0.047884032130241394
1790029946468565800,0.396565673828125,-0.009576806798577309,0.033518824726343155,0.05746084079146385
1790029946478575600,0.40657568359375,0.004788403399288654,0.08379705995321274,0.07900865375995636
1790029946488616000,0.416615966796875,0.1364694982767105,-0.05506663769483566,0.10534487664699554
1790029946498595000,0.426594970703125,0.07422025501728058,-0.043095629662275314,-0.09576806426048279
1790029946508665900,0.436665771484375,0.05985504388809204,0.08379705995321274,-0.026336219161748886
1790029946538695200,0.466695068359375,-0.12689268589019775,-0.07661445438861847,0.090979665517807
1790029946548705000,0.476705078125,-0.002394201699644327,-0.19632454216480255,-0.15801730751991272
1790029946568755000,0.4967548828125,-0.05027823522686958,0.038307227194309235,-0.15322890877723694
1790029946578764800,0.506764892578125,-0.11252748221158981,0.1364694982767105,0.09816227108240128
1790029946588805000,0.51680517578125,0.047884032130241394,-0.0454898327589035,0.2849099934101105
1790029946598845400,0.526845458984375,0.0454898327589035,-0.14365209639072418,-0.05506663769483566
1790029946608855000,0.53685498046875,0.08379705995321274,-0.181959331035614,-0.2513911724090576
1790029946628905200,0.5569052734375,-0.043095629662275314,-0.05506663769483566,0.0071826050989329815
1790029946638884400,0.56688427734375,-0.035913024097681046,0.06224924325942993,0.07182604819536209
1790029946648924700,0.576924560546875,-0.047884032130241394,-0.004788403399288654,0.038307227194309235
1790029946658934500,0.5869345703125,0.019153613597154617,-0.10055647045373917,-0.181959331035614
1790029946668913700,0.59691357421875,0.07182604819536209,-0.08379705995321274,-0.14844051003456116
1790029946678923500,0.606923583984375,0.028730420395731926,-0.021547814831137657,-0.05985504388809204
1790029946688933400,0.616933349609375,-0.026336219161748886,0.021547814831137657,0.10773907601833344
1790029946698943000,0.62694287109375,0.009576806798577309,-0.13168109953403473,-0.023942016065120697
1790029946718962700,0.646962646484375,0.05506663769483566,0.11252748221158981,0.0454898327589035
1790029946728972300,0.65697216796875,0.047884032130241394,0.11971008777618408,0.08379705995321274
1790029946759032000,0.687031982421875,-0.090979665517807,0.11252748221158981,0.1628057211637497
1790029946769042000,0.6970419921875,0.06224924325942993,-0.1149216815829277,-0.06703764945268631
1790029946779051800,0.7070517578125,0.0071826050989329815,-0.0071826050989329815,-0.08619125932455063
1790029946789061400,0.717061279296875,-0.07661445438861847,0.07661445438861847,0.05506663769483566
1790029946799071200,0.7270712890625,0.033518824726343155,0.011971008032560349,-0.05985504388809204
1790029946809081000,0.7370810546875,0.07661445438861847,-0.1604115068912506,-0.10534487664699554
1790029946829131000,0.757131103515625,-0.0071826050989329815,0.023942016065120697,0.033518824726343155
1790029946849181200,0.77718115234375,-0.031124621629714966,-0.09816227108240128,-0.07182604819536209
1790029946859190800,0.787190673828125,0.026336219161748886,0.038307227194309235,-0.0694318488240242
1790029946869170200,0.797170166015625,-0.06464344263076782,-0.035913024097681046,-0.12210428714752197
1790029946879210500,0.80721044921875,0.016759412363171577,-0.06703764945268631,-0.05027823522686958
1790029946889250600,0.81725048828125,-0.028730420395731926,0.043095629662275314,-0.026336219161748886
1790029946899260400,0.827260498046875,-0.047884032130241394,0.05027823522686958,0.009576806798577309
1790029946909300700,0.83730078125,0.021547814831137657,0.009576806798577309,-0.07422025501728058
1790029946919341000,0.847341064453125,-0.047884032130241394,0.0071826050989329815,-0.08379705995321274
1790029946939360500,0.867360595703125,-0.016759412363171577,-0.0071826050989329815,-0.06703764945268631
1790029946959380000,0.8873798828125,0.05027823522686958,-0.035913024097681046,0.13168109953403473
1790029946969359400,0.897359375,0.0933738648891449,-0.016759412363171577,-0.05746084079146385
1790029946979399700,0.907399658203125,0.07422025501728058,0.043095629662275314,-0.021547814831137657
1790029946989378800,0.91737890625,-0.040701430290937424,0.0933738648891449,0.07661445438861847
1790029947009429000,0.937428955078125,-0.090979665517807,-0.11013327538967133,0.12928688526153564
1790029947019438600,0.9474384765625,-0.033518824726343155,-0.028730420395731926,0.011971008032560349
1790029947029479000,0.95747900390625,0.08379705995321274,-0.06703764945268631,-0.17717093229293823
1790029947039488800,0.96748876953125,0.06464344263076782,-0.033518824726343155,0.023942016065120697
1790029947049498400,0.977498291015625,-0.038307227194309235,0.004788403399288654,0.021547814831137657
1790029947059508200,0.98750830078125,-0.10773907601833344,0.002394201699644327,-0.17238251864910126
1790029947079527700,1.007527587890625,0.002394201699644327,0.0071826050989329815,-0.07422025501728058
1790029947099608300,1.0276083984375,-0.08619125932455063,-0.11013327538967133,0.028730420395731926
1790029947109618200,1.0376181640625,0.038307227194309235,-0.16998831927776337,-0.07422025501728058
1790029947119627800,1.047627685546875,0,-0.016759412363171577,-0.12689268589019775
1790029947129637600,1.0576376953125,-0.090979665517807,0,-0.09576806426048279
1790029947139678000,1.067677978515625,-0.06703764945268631,0.004788403399288654,-0.05506663769483566
1790029947149687600,1.0776875,-0.17717093229293823,-0.043095629662275314,0.014365210197865963
1790029947169707300,1.097707275390625,0.07182604819536209,0.023942016065120697,-0.028730420395731926
1790029947189757200,1.117757080078125,0.05985504388809204,-0.016759412363171577,-0.22744916379451752
1790029947269866000,1.197865966796875,-0.0933738648891449,0.06224924325942993,0.2322375625371933
1790029947299895300,1.227895263671875,-0.07182604819536209,-0.08140286058187485,-0.12928688526153564
1790029947309966000,1.237966064453125,0.047884032130241394,-0.0694318488240242,-0.05027823522686958
1790029947319975700,1.2479755859375,0,-0.090979665517807,-0.038307227194309235
1790029947329985500,1.257985595703125,0.11971008777618408,-0.033518824726343155,-0.19153612852096558
1790029947339995400,1.267995361328125,0.06464344263076782,-0.06703764945268631,-0.13407529890537262
1790029947360014800,1.288014892578125,0.019153613597154617,-0.1412578970193863,-0.1628057211637497
1790029947369994000,1.297993896484375,0.021547814831137657,-0.05506663769483566,-0.14844051003456116
1790029947380034300,1.308034423828125,0.10534487664699554,0.002394201699644327,-0.06464344263076782
1790029947400084500,1.32808447265625,-0.031124621629714966,-0.07182604819536209,-0.07422025501728058
1790029947430174700,1.3581748046875,0.002394201699644327,0,0
1790029947440184600,1.3681845703125,-0.019153613597154617,0.035913024097681046,0.021547814831137657
1790029947450163700,1.378163818359375,-0.14604631066322327,0,0.10055647045373917
1790029947500304100,1.42830419921875,0.033518824726343155,-0.016759412363171577,0.011971008032560349
1790029947510314000,1.43831396484375,0.08619125932455063,-0.05267243832349777,-0.05506663769483566
1790029947520354000,1.44835400390625,0.011971008032560349,0.035913024097681046,0.023942016065120697
1790029947550383400,1.47838330078125,-0.040701430290937424,-0.07182604819536209,-0.031124621629714966
1790029947560393200,1.488393310546875,0.019153613597154617,-0.1173158809542656,-0.090979665517807
1790029947570403000,1.498403076171875,0.016759412363171577,-0.11252748221158981,-0.17717093229293823
1790029947590453000,1.518452880859375,0.014365210197865963,-0.05027823522686958,0.05985504388809204
1790029947600462800,1.528462890625,-0.016759412363171577,-0.06464344263076782,0.028730420395731926
1790029947610472400,1.538472412109375,-0.026336219161748886,-0.06224924325942993,-0.047884032130241394
1790029947620482300,1.548482421875,-0.07422025501728058,-0.002394201699644327,-0.038307227194309235
1790029947630461700,1.558461669921875,-0.026336219161748886,-0.016759412363171577,0.016759412363171577
1790029947640532500,1.568532470703125,0.014365210197865963,0.009576806798577309,-0.08858546614646912
1790029947650542000,1.5785419921875,0.038307227194309235,0.12210428714752197,-0.12210428714752197
1790029947670561800,1.598561767578125,-0.038307227194309235,0.06464344263076782,-0.004788403399288654
1790029947680601900,1.608601806640625,0.014365210197865963,0.016759412363171577,-0.047884032130241394
1790029947690611700,1.61861181640625,0.047884032130241394,0.10295066982507706,0.07900865375995636
1790029947700591000,1.628591064453125,0.043095629662275314,0.026336219161748886,0.07900865375995636
1790029947710662000,1.638661865234375,0.035913024097681046,-0.021547814831137657,0.07422025501728058
1790029947720671500,1.64867138671875,-0.011971008032560349,0.014365210197865963,0.09816227108240128
1790029947730681300,1.658681396484375,0.021547814831137657,-0.019153613597154617,0.043095629662275314
1790029947740691200,1.668691162109375,-0.0694318488240242,-0.011971008032560349,0.07661445438861847
1790029947750700800,1.67870068359375,0.033518824726343155,0.021547814831137657,-0.05267243832349777
1790029947780730000,1.708730224609375,-0.05027823522686958,-0.08379705995321274,-0.15801730751991272
1790029947790770400,1.7187705078125,0.011971008032560349,-0.08379705995321274,-0.22744916379451752
1790029947830840000,1.758840087890625,0.17956513166427612,-0.090979665517807,-0.11013327538967133
1790029947840849700,1.768849609375,0.031124621629714966,-0.0933738648891449,-0.031124621629714966
1790029947850859500,1.778859619140625,-0.009576806798577309,-0.05985504388809204,0.047884032130241394
1790029947880919300,1.808919189453125,-0.10295066982507706,-0.15322890877723694,-0.06703764945268631
1790029947890929200,1.81892919921875,0.12928688526153564,-0.13407529890537262,-0.24899697303771973
1790029947910948600,1.838948486328125,-0.10773907601833344,-0.10773907601833344,-0.2082955539226532
1790029947920958500,1.84895849609375,-0.10295066982507706,0.05746084079146385,-0.47884035110473633
1790029947991057400,1.919057373046875,-0.07661445438861847,0.1867477297782898,0.2992752194404602
1790029948041167000,1.9691669921875,-0.090979665517807,0.38546648621559143,0.1388636976480484
1790029948071196400,1.999196533203125,0.06703764945268631,0.21787235140800476,0.2849099934101105
1790029948111266000,2.03926611328125,0.021547814831137657,-0.016759412363171577,-0.026336219161748886
1790029948121276000,2.04927587890625,0.05506663769483566,0.038307227194309235,-0.028730420395731926
1790029948131285500,2.059285400390625,0.023942016065120697,0.1173158809542656,0.11971008777618408
1790029948141356300,2.069356201171875,-0.011971008032560349,-0.0454898327589035,-0.019153613597154617
1790029948161376000,2.0893759765625,0.15322890877723694,-0.07422025501728058,-0.12449848651885986
1790029948211455200,2.139455322265625,0.090979665517807,-0.19871874153614044,-0.3663128614425659
1790029948221465000,2.149465087890625,0.10534487664699554,-0.2944868206977844,-0.24899697303771973
1790029948241515000,2.169514892578125,0.021547814831137657,-0.2561795711517334,-0.12689268589019775
1790029948251524900,2.17952490234375,-0.033518824726343155,-0.1149216815829277,-0.07661445438861847
1790029948271513900,2.199513916015625,-0.014365210197865963,-0.07182604819536209,-0.22266076505184174
1790029948291563800,2.219563720703125,-0.035913024097681046,-0.11971008777618408,-0.08379705995321274
1790029948301573600,2.22957373046875,0.016759412363171577,-0.0694318488240242,-0.11971008777618408
1790029948311614000,2.239614013671875,-0.08140286058187485,0.004788403399288654,-0.021547814831137657
1790029948321623800,2.249623779296875,-0.12928688526153564,0.035913024097681046,0.07422025501728058
1790029948331633400,2.25963330078125,0.021547814831137657,-0.05267243832349777,0.05985504388809204
1790029948341673700,2.269673828125,0.05267243832349777,-0.15562310814857483,-0.05267243832349777
1790029948351683600,2.27968359375,0.05506663769483566,-0.011971008032560349,-0.1843535304069519
1790029948361693200,2.289693115234375,0.181959331035614,-0.17956513166427612,-0.26575639843940735
1790029948371733500,2.2997333984375,0.035913024097681046,-0.20111294090747833,-0.2777273952960968
1790029948381743400,2.309743408203125,0.06224924325942993,-0.09576806426048279,-0.21547815203666687
1790029948391783700,2.31978369140625,0.05267243832349777,-0.12689268589019775,-0.17238251864910126
1790029948401793300,2.329793212890625,0.1364694982767105,-0.3016694188117981,-0.08379705995321274
1790029948411772700,2.339772705078125,-0.002394201699644327,-0.181959331035614,-0.26336219906806946
1790029948421813000,2.34981298828125,0.031124621629714966,-0.38067805767059326,-0.20350714027881622
1790029948441832400,2.36983251953125,-0.05267243832349777,-0.19393034279346466,-0.3447650372982025
1790029948461913000,2.3899130859375,0.15322890877723694,-0.3519476354122162,-0.3998316824436188
1790029948471892200,2.399892333984375,-0.06703764945268631,-0.5267243981361389,-0.4596867263317108
1790029948501952000,2.429951904296875,0.06703764945268631,-1.113303780555725,-1.0558429956436157
1790029948511992300,2.439992431640625,0.17238251864910126,-1.05105459690094,-1.1851298809051514
1790029948521971700,2.4499716796875,0.33279404044151306,-1.1037269830703735,-1.436521053314209
1790029948542021600,2.470021728515625,-0.11971008777618408,-1.5514427423477173,-2.2697031497955322
1790029948552031500,2.480031494140625,-0.3064578175544739,-1.05105459690094,-2.3343467712402344
1790029948562041000,2.490041015625,-0.4644751250743866,-2.2649147510528564,-2.1715409755706787
1790029948572051000,2.500051025390625,-0.4908113479614258,-2.911349296569824,-2.717418909072876
1790029948592070400,2.5200703125,-0.8667010068893433,-2.9903578758239746,-2.6024973392486572
1790029948602080300,2.530080322265625,-0.17238251864910126,-2.473210334777832,-3.2369606494903564
1790029948622130200,2.550130126953125,-0.31124621629714966,-2.2697031497955322,-2.343923568725586
1790029948632140000,2.56014013671875,-1.1420341730117798,-2.032677173614502,-1.821987509727478
1790029948662199800,2.59019970703125,-1.2713210582733154,-0.8403648138046265,-1.482010841369629
1790029948682219500,2.610219482421875,-1.889025092124939,-1.5610195398330688,-3.0550012588500977
1790029948692198700,2.62019873046875,-1.482010841369629,-1.1300631761550903,-2.3942017555236816
1790029948712279300,2.640279296875,-3.0621838569641113,-1.2976573705673218,-1.0247182846069336
1790029948722289000,2.650288818359375,-2.2649147510528564,-1.3192051649093628,-1.2018892765045166
1790029948732298800,2.660298828125,-2.1954829692840576,-1.4293384552001953,-0.9552865028381348
1790029948742339000,2.670339111328125,-2.1595699787139893,-2.6862943172454834,-2.8562827110290527
1790029948752348700,2.6803486328125,-1.8698714971542358,-0.7972691655158997,-2.1787235736846924
1790029948762358500,2.690358642578125,-1.647210717201233,-1.2689268589019775,-1.3287819623947144
1790029948772338000,2.700337890625,-1.6400281190872192,-1.6687586307525635,-2.0159177780151367
1790029948782347500,2.710347412109375,-2.1380221843719482,-1.86508309841156,-1.8722656965255737
1790029948792357400,2.720357421875,-2.126051187515259,-1.9345149993896484,-1.9033904075622559
1790029948832396300,2.760396240234375,-2.315192937850952,0.8738836050033569,0.023942016065120697
1790029948872466000,2.8004658203125,-2.913743495941162,0.768538773059845,-0.1388636976480484
1790029948932524500,2.860524658203125,-1.4389152526855469,-0.43335050344467163,-0.811634361743927
1790029948942534400,2.870534423828125,-2.032677173614502,-0.3878606855869293,0.09816227108240128
1790029948992674800,2.9206748046875,-2.4684219360351562,0.9481038451194763,0.6751648783683777
1790029949002684400,2.930684326171875,-2.47560453414917,1.721431016921997,0.9552865028381348
1790029949012694300,2.9406943359375,-2.63362193107605,1.6759412288665771,0.2298433631658554
1790029949022704000,2.9507041015625,-2.3726539611816406,0.6344634294509888,0.4381389021873474
1790029949032713700,2.960713623046875,-2.8634653091430664,1.5729905366897583,0.5219359993934631
1790029949042723600,2.9707236328125,-3.2632968425750732,0.40701428055763245,0.031124621629714966
1790029949052733400,2.9807333984375,-3.1890766620635986,1.647210717201233,-0.2968810200691223
1790029949082793200,3.010793212890625,-2.367865562438965,1.3431471586227417,0.002394201699644327
1790029949142851800,3.070851806640625,-0.9241618514060974,0.49559974670410156,1.1085153818130493
1790029949152861400,3.080861328125,-2.094926595687866,1.0055646896362305,1.678335428237915
1790029949162871300,3.090871337890625,-2.535459518432617,0.7613561153411865,1.4389152526855469
1790029949172850400,3.100850341796875,-1.4628572463989258,0.9576807022094727,0.5123591423034668
1790029949182860300,3.1108603515625,-0.019153613597154617,1.3479355573654175,1.194706678390503
1790029949202879700,3.130879638671875,-0.42616790533065796,0.8403648138046265,1.9800047874450684
1790029949212889600,3.1408896484375,-0.5434837937355042,1.1276689767837524,1.2401964664459229
1790029949222868700,3.15086865234375,-0.5817909836769104,2.1045033931732178,3.2752678394317627
1790029949232878600,3.160878662109375,-2.0183119773864746,3.4979286193847656,4.764461517333984
1790029949242888400,3.170888427734375,-2.7916390895843506,2.734178304672241,3.97916316986084
1790029949262908000,3.190907958984375,-1.6184803247451782,2.3965959548950195,3.045424461364746
1790029949353026300,3.2810263671875,-1.987187385559082,0.35673606395721436,0.40940847992897034
1790029949423155700,3.35115576171875,0.6105214357376099,-0.7182605266571045,-0.031124621629714966
1790029949433165600,3.36116552734375,0.5506663918495178,-0.586579442024231,0.304063618183136
1790029949443144700,3.371144775390625,0.5985504388809204,-0.9289502501487732,-0.004788403399288654
1790029949453154600,3.381154541015625,0.8571242094039917,-0.40701428055763245,-0.5961562395095825
1790029949463194600,3.391194580078125,0.7972691655158997,-0.3687070608139038,-0.2082955539226532
1790029949473204500,3.40120458984375,0.6847416758537292,-0.36152446269989014,-0.3758896589279175
1790029949483214300,3.41121435546875,0.6200982332229614,-0.16998831927776337,-0.5985504388809204
1790029949493193500,3.421193359375,0.43335050344467163,0.29209262132644653,-0.0933738648891449
1790029949503203300,3.431203369140625,0.3232172429561615,-0.7374141216278076,-0.08140286058187485
1790029949543242200,3.4712421875,-1.3239935636520386,0.21787235140800476,-0.9361328482627869
1790029949583312000,3.511311767578125,-0.8044517636299133,0.45010992884635925,0.569819986820221
1790029949593321700,3.52132177734375,-1.216254472732544,0.36152446269989014,0.8762778043746948
1790029949603331600,3.53133154296875,-1.115697979927063,-0.8738836050033569,0.15322890877723694
1790029949693450000,3.621449951171875,-0.4572925269603729,-0.33518823981285095,-0.19153612852096558
1790029949703490000,3.631489990234375,-1.0654197931289673,-0.5722141861915588,-0.6775590777397156
1790029949713500000,3.6415,-1.158793568611145,0.304063618183136,-0.6416460275650024
1790029949723540200,3.651540283203125,-1.4053963422775269,0.6871358752250671,0.11252748221158981
1790029949733550000,3.661550048828125,-1.1899182796478271,0.9433154463768005,0.1604115068912506
1790029949743559700,3.6715595703125,-0.8140285611152649,-0.4429273009300232,0.1604115068912506
1790029949753539000,3.6815390625,-0.849941611289978,-1.113303780555725,-0.47644615173339844
1790029949763579400,3.691579345703125,-0.9696516990661621,-1.213860273361206,-0.3926490843296051
1790029949773558500,3.70155859375,-1.2258312702178955,-1.256955862045288,-0.48602294921875
1790029949783568400,3.711568359375,-1.5682021379470825,0.009576806798577309,-0.5051765441894531
1790029949793578000,3.721577880859375,-1.280897855758667,0.14365209639072418,0.11252748221158981
1790029949813597700,3.74159765625,-0.7015010714530945,1.0055646896362305,-0.13168109953403473
1790029949823607300,3.751607177734375,-0.7015010714530945,0.31364041566848755,-0.5746083855628967
1790029949833647600,3.761647705078125,-1.434126853942871,-1.0031704902648926,-0.08379705995321274
1790029949843657500,3.771657470703125,-2.1380221843719482,-1.5634137392044067,-0.021547814831137657
1790029949853667000,3.7816669921875,-2.3750481605529785,-0.6655880808830261,-0.6224924325942993
1790029949863707400,3.791707275390625,-1.7884687185287476,0,-0.6272808313369751
1790029949873747700,3.801747802734375,-1.213860273361206,0.44771572947502136,0.22505496442317963
1790029949883757600,3.811757568359375,-1.1204863786697388,1.3096283674240112,0.7182605266571045
1790029949913756200,3.841756103515625,-1.479616641998291,-0.12689268589019775,-0.4692635238170624
1790029949923766000,3.85176611328125,-2.027888774871826,-1.4652514457702637,-0.9002198576927185
1790029949933776000,3.86177587890625,-1.3623007535934448,-1.3503297567367554,-1.7286136150360107
1790029949953825800,3.88182568359375,0.16519992053508759,-1.414973258972168,-1.678335428237915
1790029949963866000,3.8918662109375,-0.043095629662275314,0.181959331035614,-0.37828385829925537
1790029950013915000,3.941914794921875,-1.2617442607879639,-0.706289529800415,-0.8020575642585754
1790029950074004000,4.00200390625,-0.7709329724311829,-0.6991068720817566,-1.3742717504501343
1790029950084013800,4.012013916015625,-1.3551181554794312,-0.15322890877723694,-0.45489832758903503
1790029950093993000,4.021992919921875,-1.5921441316604614,0.038307227194309235,0.0933738648891449
1790029950104033300,4.032033203125,-1.4389152526855469,-0.2106897532939911,0.16519992053508759
1790029950114073600,4.042073486328125,-0.7781155705451965,-0.047884032130241394,-0.1628057211637497
1790029950124083500,4.05208349609375,-0.31364041566848755,-0.07661445438861847,-0.49320554733276367
1790029950154112800,4.08211279296875,-1.5179238319396973,-0.05027823522686958,0.3902548849582672
1790029950164092000,4.092091796875,-1.3934253454208374,-0.751779317855835,-0.5650315880775452
1790029950174132200,4.10213232421875,-1.1037269830703735,-1.0342950820922852,-0.8379706144332886
1790029950194212900,4.122212890625,-1.5179238319396973,0.5363011956214905,0.06224924325942993
1790029950214201900,4.142201904296875,-0.507570743560791,0.0933738648891449,-0.5147533416748047
1790029950234251800,4.162251708984375,-0.5578489899635315,0.5674257874488831,0.2106897532939911
1790029950244261600,4.17226171875,-0.5003881454467773,-0.7398083209991455,-0.17956513166427612
1790029950254302000,4.182302001953125,-1.048660397529602,-0.6153098344802856,-0.9911994934082031
1790029950264342300,4.19234228515625,-1.50355863571167,-0.08379705995321274,-0.9864110946655273
1790029950304442400,4.2324423828125,-0.3280056416988373,-0.7709329724311829,-0.3495534360408783
1790029950314482700,4.242482666015625,-0.5626373887062073,-1.0342950820922852,-1.0606313943862915
1790029950324492300,4.2524921875,-1.0678139925003052,0.45250412821769714,-0.2346317619085312
1790029950334502100,4.262502197265625,-0.9385270476341248,0.7254431247711182,0.3447650372982025
1790029950344512000,4.272511962890625,-0.5386953949928284,-0.035913024097681046,-0.2537853717803955
1790029950374541000,4.302541015625,-1.1085153818130493,0.47405192255973816,0.0933738648891449
1790029950414580200,4.342580322265625,-0.8571242094039917,-0.043095629662275314,-0.040701430290937424
1790029950484679200,4.41267919921875,-0.7469909191131592,0.5123591423034668,0.1412578970193863
1790029950494688800,4.422688720703125,-0.9433154463768005,-0.1173158809542656,-0.15083470940589905
1790029950504698600,4.43269873046875,-0.7469909191131592,-0.3758896589279175,-0.8690952062606812
1790029950514708500,4.44270849609375,-0.7469909191131592,-0.17477671802043915,-0.47644615173339844
1790029950524718000,4.452718017578125,-0.3423708379268646,-0.47884035110473633,-0.5027823448181152
1790029950534728000,4.46272802734375,-0.3471592366695404,-0.06703764945268631,-0.28730419278144836
1790029950544737800,4.47273779296875,-0.6248866319656372,0.4596867263317108,0.05506663769483566
1790029950554747400,4.482747314453125,-0.5482721924781799,0.43335050344467163,0.21547815203666687
1790029950564757200,4.49275732421875,-0.9074024558067322,0.16759411990642548,-0.17238251864910126
1790029950574767000,4.50276708984375,-0.9528923034667969,0.3687070608139038,-0.21787235140800476
1790029950584776700,4.512776611328125,-0.6943184733390808,0.6200982332229614,0.24899697303771973
1790029950594786600,4.52278662109375,-0.47644615173339844,-0.08379705995321274,0.706289529800415
1790029950634856200,4.562856201171875,-1.1851298809051514,-0.05985504388809204,0.14844051003456116
1790029950694945300,4.6229453125,-0.7086837291717529,-0.4381389021873474,-1.2856862545013428
1790029950724974600,4.652974609375,-0.33758243918418884,-1.1037269830703735,-1.53707754611969
1790029950735015000,4.663014892578125,-0.20350714027881622,-1.400607943534851,-2.03507137298584
1790029950745024500,4.6730244140625,0.038307227194309235,-1.7381904125213623,-2.693476915359497
1790029950755034400,4.683034423828125,0.4381389021873474,-2.1116859912872314,-2.5953147411346436
1790029950765044200,4.693044189453125,0.629675030708313,-2.5498247146606445,-2.889801502227783
1790029950775084300,4.703084228515625,0.9145850539207458,-2.3127987384796143,-2.561795711517334
1790029950785094100,4.71309423828125,0.3280056416988373,-2.6815059185028076,-2.5665841102600098
1790029950805113600,4.733113525390625,0.2561795711517334,-2.9544448852539062,-2.4396915435791016
1790029950815123500,4.74312353515625,-0.13407529890537262,-2.5713725090026855,-2.6216509342193604
1790029950825133300,4.75313330078125,-0.36152446269989014,-2.896984100341797,-2.8874073028564453
1790029950835143000,4.763142822265625,-0.24660277366638184,-3.0095114707946777,-3.203441858291626
1790029950845152800,4.77315283203125,-1.1037269830703735,-2.449268341064453,-2.477998733520508
1790029950855193000,4.783193115234375,-0.9792284965515137,-2.2649147510528564,-3.07415509223938
1790029950865202700,4.79320263671875,-0.1388636976480484,-2.008735179901123,-2.410961151123047
1790029950875182000,4.80318212890625,-0.3758896589279175,-1.8339585065841675,-1.2761094570159912
1790029950965331000,4.8933310546875,-0.9983820915222168,0.4165911078453064,0.3711012601852417
1790029951015410400,4.943410400390625,-1.900996208190918,-0.4596867263317108,-0.2585737705230713
1790029951075468800,5.00346875,-1.7573440074920654,0.28730419278144836,-0.6823474764823914
1790029951085478700,5.013478759765625,-0.8164227604866028,-1.0893617868423462,-1.2880805730819702
1790029951095488500,5.023488525390625,-0.45489832758903503,-1.843535304069519,-1.4915876388549805
1790029951105498000,5.033498046875,-0.7757213711738586,-2.1547815799713135,-2.121262788772583
1790029951125517800,5.053517822265625,-1.5298948287963867,1.0127472877502441,0.9050082564353943
1790029951135588600,5.063588623046875,-0.28730419278144836,0.7829039692878723,0.8379706144332886
1790029951145598200,5.07359814453125,0.47884035110473633,0.002394201699644327,0.038307227194309235
1790029951155608000,5.083608154296875,0.6512228846549988,1.048660397529602,0.9672574996948242
1790029951165618000,5.093617919921875,-0.768538773059845,0.8882488012313843,1.2856862545013428
1790029951175627500,5.10362744140625,-1.5083470344543457,1.6711528301239014,0.10773907601833344
1790029951185637400,5.113637451171875,-2.1499931812286377,1.237802267074585,0.9313444495201111
1790029951195677700,5.123677734375,-2.0614075660705566,-0.15801730751991272,0.11013327538967133
1790029951205687300,5.133687255859375,-2.7126305103302,0.7613561153411865,0.35434186458587646
1790029951215697200,5.143697265625,-2.920926094055176,0.47884035110473633,0.6799532771110535
1790029951225707000,5.15370703125,-2.6886885166168213,0.9002198576927185,0.7182605266571045
1790029951235716600,5.163716552734375,-2.6623523235321045,1.3072341680526733,0.7326257228851318
1790029951245726500,5.1737265625,-1.3431471586227417,0.5506663918495178,-0.12689268589019775
1790029951255766800,5.183766845703125,-1.0749965906143188,0.8379706144332886,0.6727706789970398
1790029951265776600,5.193776611328125,-1.2258312702178955,-0.5386953949928284,0.11252748221158981
1790029951285796000,5.213796142578125,-1.3287819623947144,1.2641384601593018,0.5746083855628967
1790029951305876700,5.233876708984375,-1.3694833517074585,-0.13168109953403473,-0.1149216815829277
1790029951315886300,5.24388623046875,-2.298433542251587,-0.7661445140838623,0.40462008118629456
1790029951325926700,5.2539267578125,-2.497152328491211,-0.43095630407333374,-1.702277421951294
1790029951335936500,5.2639365234375,-1.0271124839782715,-0.6248866319656372,-2.296039342880249
1790029951345946000,5.273946044921875,0.035913024097681046,-1.0342950820922852,-1.2976573705673218
1790029951356017000,5.284016845703125,0.12928688526153564,0.2777273952960968,0.09816227108240128
1790029951436156200,5.36415625,-1.460463047027588,2.3127987384796143,1.4293384552001953
1790029951466155000,5.394155029296875,-1.455674648284912,3.021482467651367,3.648763418197632
1790029951476195300,5.4041953125,-1.946485996246338,2.43011474609375,3.069366693496704
1790029951486205000,5.414204833984375,-1.6831238269805908,1.8195933103561401,2.7700912952423096
1790029951506224600,5.434224609375,-1.8770540952682495,2.7126305103302,4.048594951629639
1790029951516234200,5.444234130859375,-2.3965959548950195,3.0573954582214355,3.5242648124694824
1790029951526244000,5.454244140625,-2.607285737991333,2.274491548538208,2.9975404739379883
1790029951556364800,5.48436474609375,-1.9177556037902832,1.072602391242981,2.274491548538208
1790029951566374700,5.494374755859375,-2.205059766769409,0.9289502501487732,2.1978771686553955
1790029951586424800,5.5144248046875,-1.9943699836730957,1.173158884048462,1.4867992401123047
1790029951596465000,5.52446484375,-1.745373010635376,0.7924807667732239,1.0845733880996704
1790029951606444300,5.5344443359375,-1.2689268589019775,0.586579442024231,0.3902548849582672
1790029951616515000,5.54451513671875,-0.9193734526634216,0.09816227108240128,0.038307227194309235
1790029951676604200,5.604604248046875,0.7134721279144287,0.40462008118629456,0.1388636976480484
1790029951686614000,5.614614013671875,1.0103530883789062,-0.009576806798577309,0.42616790533065796
1790029951696684800,5.624684814453125,1.0893617868423462,0.0694318488240242,0.15801730751991272
1790029951716704300,5.644704345703125,0.24899697303771973,0.6655880808830261,0.5817909836769104
1790029951726714000,5.654714111328125,-0.2561795711517334,0.9026140570640564,0.8906430602073669
1790029951736723700,5.6647236328125,-0.4213795065879822,-0.11252748221158981,0.8427590131759644
1790029951746733600,5.674733642578125,-0.5051765441894531,-0.17477671802043915,0.4812345504760742
1790029951756743400,5.684743408203125,-0.8690952062606812,-0.014365210197865963,0.14844051003456116
1790029951766783500,5.694783447265625,-0.7445967197418213,-0.8307880163192749,-0.395043283700943
1790029951776793300,5.70479345703125,-0.8547300100326538,0.3471592366695404,-0.26575639843940735
1790029951796812800,5.724812744140625,-1.3455413579940796,-0.26575639843940735,-0.6607996821403503
1790029951816863000,5.744863037109375,-1.6855180263519287,-3.0885202884674072,-1.6496049165725708
1790029951836852000,5.76485205078125,-1.821987509727478,-1.580173134803772,-2.470816135406494
1790029951856932600,5.7849326171875,-0.3711012601852417,-0.8643068075180054,-1.3934253454208374
1790029951876952000,5.8049521484375,0.828393816947937,1.280897855758667,1.173158884048462
1790029951886992400,5.814992431640625,0.6057330369949341,2.1092917919158936,2.537853717803955
1790029951897032700,5.82503271484375,-0.21308395266532898,1.601720929145813,2.2673089504241943
1790029951907042300,5.835042236328125,-1.3311761617660522,1.314416766166687,1.1659762859344482
1790029951917052200,5.84505224609375,-2.425326347351074,-0.21308395266532898,0.07900865375995636
1790029951927092500,5.855092529296875,-2.9544448852539062,-0.2992752194404602,-0.3232172429561615
1790029951977141200,5.905141357421875,-1.2425906658172607,1.9847931861877441,2.006340980529785
1790029951987151000,5.915151123046875,-1.6711528301239014,1.625662922859192,1.4317326545715332
1790029952057280500,5.985280517578125,-1.7477672100067139,0.38067805767059326,0.2753331959247589
1790029952067290000,5.9952900390625,-1.6927006244659424,0.28730419278144836,0.5674257874488831
1790029952077300000,6.005300048828125,-2.078166961669922,-0.9720458984375,0.40940847992897034
1790029952087309800,6.015309814453125,-1.534683346748352,-2.449268341064453,-1.501164436340332
1790029952127410000,6.055409912109375,-1.4844050407409668,0.6727706789970398,-0.2777273952960968
1790029952137419500,6.06541943359375,-1.3694833517074585,0.45250412821769714,0.9457096457481384
1790029952147459800,6.0754599609375,-0.47165772318840027,-0.912190854549408,-0.15562310814857483
1790029952197569800,6.12556982421875,-1.5873557329177856,0.49320554733276367,0.6200982332229614
1790029952237608700,6.165608642578125,-3.1459810733795166,0.23942017555236816,0.016759412363171577
1790029952247588000,6.175588134765625,-2.7293899059295654,-0.12928688526153564,0
1790029952267638000,6.195637939453125,-1.0773907899856567,-1.015141487121582,-0.5602431893348694
1790029952277648000,6.20564794921875,-1.1779472827911377,-0.40462008118629456,-0.706289529800415
1790029952287657700,6.21565771484375,-1.4939818382263184,-0.11252748221158981,0.24660277366638184
1790029952297728500,6.225728515625,-0.6512228846549988,-0.569819986820221,0.2106897532939911
1790029952307768800,6.235768798828125,-0.6943184733390808,0.090979665517807,0.016759412363171577
1790029952317748000,6.245748046875,-0.8236053586006165,-0.5123591423034668,-0.09576806426048279
1790029952327757800,6.2557578125,-0.7948749661445618,0.11252748221158981,-0.2082955539226532
1790029952387847000,6.315846923828125,-2.1571757793426514,-0.22266076505184174,0.33518823981285095
1790029952447997000,6.375996826171875,0.016759412363171577,-1.070208191871643,-1.0342950820922852
1790029952498137300,6.426137451171875,-0.1843535304069519,0.13407529890537262,-0.5003881454467773
1790029952528197000,6.456197021484375,-0.9241618514060974,-0.7158663272857666,-0.9528923034667969
1790029952568358400,6.4963583984375,-1.0749965906143188,0.9241618514060974,0.10055647045373917
1790029952578368000,6.506367919921875,-1.6280571222305298,0.524330198764801,-0.1388636976480484
1790029952598418200,6.526418212890625,-0.5434837937355042,0.30885201692581177,0.8738836050033569
1790029952608427800,6.536427734375,-0.9696516990661621,0.5937620401382446,0.9409212470054626
1790029952618407200,6.5464072265625,-1.2186486721038818,0.30885201692581177,0.2513911724090576
1790029952678496300,6.606496337890625,-0.8595184087753296,-1.1085153818130493,-1.4077905416488647
1790029952688506000,6.616506103515625,-0.43095630407333374,-0.9816226959228516,-2.0661959648132324
1790029952698546400,6.62654638671875,0.07182604819536209,-1.1180921792984009,-2.911349296569824
1790029952708556000,6.63655615234375,0.3663128614425659,-1.9153614044189453,-2.7892448902130127
1790029952718596400,6.646596435546875,0.11971008777618408,-2.513911724090576,-2.5474305152893066
1790029952728606200,6.656606201171875,0.06224924325942993,-2.434903144836426,-2.427720546722412
1790029952748686600,6.6766865234375,0.5554547905921936,-3.179499864578247,-4.333505153656006
1790029952758696400,6.686696533203125,0.8427590131759644,-2.734178304672241,-4.132391929626465
1790029952768736800,6.69673681640625,1.039083480834961,-2.5953147411346436,-3.428496837615967
1790029952778746600,6.70674658203125,0.9289502501487732,-3.0837318897247314,-3.627215623855591
1790029952788725800,6.716725830078125,0.7110779285430908,-2.9927520751953125,-3.627215623855591
1790029952798766000,6.72676611328125,0.363918662071228,-2.535459518432617,-2.8658595085144043
1790029952808806400,6.736806396484375,0.3519476354122162,-2.5498247146606445,-2.5713725090026855
1790029952818816000,6.74681591796875,0.10295066982507706,-2.229001760482788,-2.10210919380188
1790029952828825900,6.756825927734375,-0.1604115068912506,-1.7621324062347412,-1.647210717201233
1790029952838835700,6.766835693359375,-0.4141969084739685,-1.8148049116134644,-1.436521053314209
1790029952848845300,6.77684521484375,-0.6991068720817566,-1.1635819673538208,-1.4532804489135742
1790029952868865000,6.796864990234375,-0.4118026793003082,-0.9840168952941895,-0.6488286852836609
1790029952878874600,6.80687451171875,-0.4141969084739685,-1.4077905416488647,-0.811634361743927
1790029952888884500,6.816884521484375,-0.3471592366695404,-1.0007762908935547,-0.8068459630012512
1790029952898894000,6.82689404296875,-1.3694833517074585,-1.2425906658172607,-0.6416460275650024
1790029952908904000,6.836904052734375,-1.9991583824157715,-1.4844050407409668,-1.5490485429763794
1790029952928954000,6.8569541015625,-0.9289502501487732,-0.47405192255973816,-0.689530074596405
1790029952938963700,6.866963623046875,-1.4053963422775269,-1.2306196689605713,-1.3718775510787964
1790029952969054200,6.89705419921875,-0.6512228846549988,0.0933738648891449,-1.0079588890075684
1790029953029173800,6.957173828125,-0.040701430290937424,0.45489832758903503,0.5793967843055725
1790029953039183600,6.96718359375,-0.3447650372982025,0.1364694982767105,-0.021547814831137657
1790029953049223700,6.9772236328125,-0.6607996821403503,0.5985504388809204,0.6200982332229614
1790029953059233500,6.987233642578125,-0.8762778043746948,0.9313444495201111,0.8858546018600464
1790029953069243400,6.997243408203125,-0.7398083209991455,0.3974374830722809,0.11971008777618408
1790029953089262800,7.017262939453125,-1.680729627609253,-0.023942016065120697,0.5985504388809204
1790029953099303200,7.02730322265625,-1.7956513166427612,-0.11252748221158981,-0.4381389021873474
1790029953109313000,7.03731298828125,-1.7860745191574097,0.090979665517807,-0.31603461503982544
1790029953119322600,7.047322509765625,-1.2258312702178955,-0.7086837291717529,-1.338358759880066
1790029953129332500,7.05733251953125,-0.8164227604866028,-0.6727706789970398,-1.7717092037200928
1790029953149382400,7.07738232421875,-0.9840168952941895,-1.290474772453308,-1.8842366933822632
1790029953179473000,7.107472900390625,0.6536170840263367,-0.950498104095459,-1.1420341730117798
1790029953199522800,7.127522705078125,2.183511972427368,1.237802267074585,1.742978811264038
1790029953219542500,7.14754248046875,0.5937620401382446,0.40462008118629456,1.4484920501708984
1790029953229552000,7.15755224609375,-0.17477671802043915,-0.768538773059845,-0.44532153010368347
1790029953259581400,7.18758154296875,-0.5506663918495178,1.0103530883789062,1.0223240852355957
1790029953269591300,7.19759130859375,0.26815059781074524,0.26336219906806946,1.7477672100067139
1790029953289671700,7.217671630859375,0.9816226959228516,0.47165772318840027,0.8164227604866028
1790029953299712000,7.2277119140625,0.17477671802043915,1.0199298858642578,0.6703764796257019
1790029953309721900,7.237721923828125,-0.9193734526634216,0.5363011956214905,1.070208191871643
1790029953339751200,7.267751220703125,-2.212242364883423,-0.24899697303771973,-0.8667010068893433
1790029953349791500,7.27779150390625,-2.5713725090026855,0.8403648138046265,-0.26096799969673157
1790029953359801000,7.287801025390625,-2.499546527862549,0.035913024097681046,-0.37828385829925537
1790029953369841400,7.29784130859375,-1.5753847360610962,1.1276689767837524,-0.20350714027881622
1790029953379912200,7.307912109375,-1.2042834758758545,0.27054479718208313,0.05985504388809204
1790029953389922000,7.317922119140625,-0.9983820915222168,0.2753331959247589,-0.2849099934101105
1790029953430052600,7.358052490234375,-0.1149216815829277,0.7948749661445618,-0.586579442024231
1790029953460143000,7.38814306640625,-0.8595184087753296,0.8212111592292786,0.35913026332855225
1790029953480193000,7.408193115234375,-0.7996633648872375,0.7972691655158997,0.9145850539207458
1790029953500212500,7.42821240234375,0.507570743560791,0.8786720037460327,0.5578489899635315
1790029953530241800,7.45824169921875,-1.5514427423477173,1.3407529592514038,1.678335428237915
1790029953540251600,7.468251708984375,-1.9823989868164062,1.9704279899597168,2.099714994430542
1790029953560301600,7.488301513671875,-1.7717092037200928,1.9081788063049316,2.43011474609375
1790029953590392000,7.51839208984375,-2.6216509342193604,2.4660277366638184,3.179499864578247
1790029953600401700,7.528401611328125,-2.5306711196899414,2.8227639198303223,3.7205893993377686
1790029953610411500,7.53841162109375,-2.4660277366638184,3.2968156337738037,4.54419469833374
1790029953620421400,7.54842138671875,-2.4612393379211426,3.1196448802948,4.685452938079834
1790029953670531000,7.598531005859375,-0.009576806798577309,2.6623523235321045,3.315969467163086
1790029953740660500,7.668660400390625,-0.3902548849582672,1.4724340438842773,1.2545616626739502
1790029953790770400,7.7187705078125,-1.2330138683319092,0.043095629662275314,-0.15562310814857483
1790029953820860700,7.748860595703125,-0.5123591423034668,1.5682021379470825,0.33039984107017517
1790029953870970600,7.798970703125,-1.1228805780410767,0.10534487664699554,-0.2968810200691223
1790029953891020500,7.8190205078125,-0.0454898327589035,0.569819986820221,0.14844051003456116
1790029953901030400,7.829030517578125,0.009576806798577309,-0.0454898327589035,0.43095630407333374
1790029953911040300,7.839040283203125,0.23942017555236816,-1.0797849893569946,0.12210428714752197
1790029953931059700,7.859059814453125,0.038307227194309235,-0.22505496442317963,-0.1173158809542656
1790029953941069600,7.869069580078125,-0.3687070608139038,-0.507570743560791,-0.35434186458587646
1790029953951110000,7.87910986328125,-0.8188169598579407,-0.9241618514060974,-0.3758896589279175
1790029953971129300,7.89912939453125,-0.5267243981361389,0.10295066982507706,-0.033518824726343155
1790029953981139200,7.90913916015625,0.33279404044151306,-0.5554547905921936,-0.3064578175544739
1790029953991148800,7.919148681640625,0.7613561153411865,0.5051765441894531,0.009576806798577309
1790029954001158700,7.92915869140625,0.7326257228851318,0.36152446269989014,1.1492167711257935
1790029954011199000,7.939198974609375,-0.05746084079146385,1.7956513166427612,1.8052281141281128
1790029954021208600,7.94920849609375,-0.5530605912208557,1.455674648284912,1.1013327836990356
1790029954031249000,7.959248779296875,-0.49320554733276367,0.6512228846549988,0.2106897532939911
1790029954091368400,8.019368408203125,-0.12928688526153564,2.3918075561523438,2.032677173614502
1790029954101408800,8.02940869140625,0.4620809257030487,2.6144683361053467,2.868253707885742
1790029954181517600,8.109517578125,-2.1116859912872314,-0.011971008032560349,0.9888052940368652
1790029954211607800,8.13960791015625,-1.8171991109848022,-3.5721490383148193,-3.6559460163116455
1790029954221648100,8.149648193359376,-1.5514427423477173,-2.298433542251587,-3.754108190536499
1790029954241667600,8.16966748046875,-0.6344634294509888,-0.31603461503982544,-1.2449848651885986
1790029954251708000,8.1797080078125,-0.15083470940589905,0.6392518281936646,-0.26336219906806946
1790029954261687300,8.189687255859376,0.031124621629714966,0.8690952062606812,0.7829039692878723
1790029954271727400,8.199727294921875,0.26336219906806946,1.2282254695892334,0.524330198764801
1790029954281706800,8.209706787109376,0.038307227194309235,1.1109095811843872,0.15801730751991272
1790029954291747000,8.2197470703125,-0.47405192255973816,0.5482721924781799,-0.3208230137825012
1790029954301756700,8.229756591796875,-0.3998316824436188,0.17717093229293823,-0.9983820915222168
1790029954311766500,8.2397666015625,-0.3280056416988373,0.026336219161748886,-0.4812345504760742
1790029954321745700,8.24974560546875,-0.45010992884635925,0.5602431893348694,-0.06464344263076782
1790029954351805700,8.2798056640625,-0.2968810200691223,-0.6248866319656372,-0.5674257874488831
1790029954361845800,8.289845703125,-0.6440402865409851,-0.5985504388809204,-0.2849099934101105
1790029954371855600,8.299855712890626,-0.9074024558067322,0.5650315880775452,0.1604115068912506
1790029954401945900,8.32994580078125,-0.5291185975074768,-1.0797849893569946,-0.4884171485900879
1790029954421965600,8.349965576171876,-0.4357447028160095,-1.2832920551300049,-1.2186486721038818
1790029954431975200,8.35997509765625,-0.5578489899635315,0.11971008777618408,-0.6536170840263367
1790029954512114400,8.440114501953126,0.3447650372982025,-0.3974374830722809,-1.3479355573654175
1790029954522124300,8.450124267578126,0.5746083855628967,-0.5171475410461426,-0.5770025849342346
1790029954532134000,8.4601337890625,0.395043283700943,-1.0749965906143188,-0.3758896589279175
1790029954542174200,8.47017431640625,0.10773907601833344,-0.9864110946655273,-0.6847416758537292
1790029954552184000,8.48018408203125,0.24899697303771973,-0.37828385829925537,-0.6799532771110535
1790029954562193700,8.490193603515625,0.3423708379268646,-0.4357447028160095,-0.6991068720817566
1790029954572234000,8.50023388671875,0.2944868206977844,-0.5817909836769104,-0.4118026793003082
1790029954582243800,8.510243896484376,-0.20350714027881622,-0.28730419278144836,-0.6057330369949341
1790029954592253700,8.520253662109376,-0.28969839215278625,-0.3256114423274994,-0.42616790533065796
1790029954602263300,8.53026318359375,-0.5171475410461426,-0.3208230137825012,-0.44532153010368347
1790029954612303600,8.5403037109375,-1.01753568649292,-0.6033388376235962,-0.8595184087753296
1790029954622313500,8.5503134765625,-1.137245774269104,0.12210428714752197,-1.1204863786697388
1790029954632323000,8.560322998046875,-0.31842881441116333,0.751779317855835,-0.4405331015586853
1790029954662383000,8.590383056640626,-0.6416460275650024,-0.20350714027881622,-0.3687070608139038
1790029954672392700,8.600392822265626,-0.22026655077934265,-1.0749965906143188,-0.49559974670410156
1790029954682494000,8.610493896484375,-0.06464344263076782,-0.009576806798577309,-0.4189853072166443
1790029954692503800,8.62050390625,-0.15801730751991272,0.38546648621559143,-0.06703764945268631
1790029954702574600,8.63057470703125,-0.43095630407333374,0.08858546614646912,-0.040701430290937424
1790029954712584400,8.64058447265625,-0.7110779285430908,-0.026336219161748886,0
1790029954722594000,8.650593994140625,-0.7924807667732239,0.2801215946674347,-0.1364694982767105
1790029954742644200,8.670644287109376,-0.4429273009300232,0.11971008777618408,-0.6967126727104187
1790029954752623400,8.680623291015625,-0.3758896589279175,0.7781155705451965,-0.47884035110473633
1790029954762663700,8.69066357421875,-0.4692635238170624,0.8547300100326538,-0.19153612852096558
1790029954792754200,8.720754150390626,-0.7565677165985107,-1.0773907899856567,0.37828385829925537
1790029954812743200,8.7407431640625,-0.569819986820221,-1.1803414821624756,-0.8355764150619507
1790029954842833400,8.77083349609375,0.15801730751991272,-1.0055646896362305,-1.9105730056762695
1790029954872862700,8.80086279296875,0.12928688526153564,-2.5091233253479004,-2.736572504043579
1790029954882903000,8.810903076171876,0.1149216815829277,-2.87064790725708,-3.3710360527038574
1790029954912962800,8.840962890625,0.7637503147125244,-2.5282769203186035,-2.980781078338623
1790029954932982300,8.860982177734375,0.5195417404174805,-3.184288263320923,-3.6846764087677
1790029954942992100,8.8709921875,0.31364041566848755,-3.4404678344726562,-3.533841609954834
1790029954963011600,8.891011474609375,-0.0694318488240242,-2.868253707885742,-2.6360161304473877
1790029954973052000,8.901052001953126,0.17717093229293823,-3.689464807510376,-2.8131868839263916
1790029954983061800,8.911061767578126,-0.1628057211637497,-3.1699230670928955,-2.3271639347076416
1790029954993071400,8.9210712890625,-0.31603461503982544,-1.558625340461731,-1.482010841369629
1790029955003081200,8.931081298828126,-0.3998316824436188,-0.8403648138046265,-1.460463047027588
1790029955013121500,8.94112158203125,-0.24899697303771973,-1.0223240852355957,-2.03507137298584
1790029955023131400,8.95113134765625,-0.2346317619085312,-0.9385270476341248,-1.9129672050476074
1790029955033141000,8.96114111328125,-0.6536170840263367,-1.5155296325683594,-1.8052281141281128
1790029955053191200,8.981191162109376,-0.6631938815116882,-1.1755530834197998,-1.8267759084701538
1790029955073210600,9.001210693359376,-0.33758243918418884,-0.4429273009300232,-0.9050082564353943
1790029955083251000,9.0112509765625,-0.993593692779541,-1.3694833517074585,-0.7661445140838623
1790029955093260500,9.021260498046875,-1.091755986213684,-1.9249382019042969,-1.86508309841156
1790029955103300900,9.03130078125,-0.7613561153411865,-0.5961562395095825,-1.8195933103561401
1790029955163390000,9.091389892578125,-1.0749965906143188,-2.142810583114624,-1.4101848602294922
1790029955213500000,9.1415,-1.37906014919281,0.10295066982507706,-0.2992752194404602
1790029955273589000,9.201589111328126,-1.1037269830703735,0.8882488012313843,0.07422025501728058
1790029955283598800,9.211598876953126,-1.4891934394836426,0.1867477297782898,0.524330198764801
1790029955293639200,9.22163916015625,-1.1779472827911377,0.3758896589279175,-0.8379706144332886
1790029955303648800,9.231648681640625,-0.828393816947937,-1.2521674633026123,-0.9289502501487732
1790029955313689000,9.241689208984376,-0.395043283700943,-0.8667010068893433,-1.2210428714752197
1790029955343718400,9.271718505859376,-1.2210428714752197,-0.7781155705451965,-0.304063618183136
1790029955353758700,9.2817587890625,-0.4165911078453064,0.24660277366638184,-2.2864625453948975
1790029955363768600,9.2917685546875,-0.6488286852836609,0.043095629662275314,-0.9528923034667969
1790029955373778200,9.301778076171875,-0.7852981686592102,1.534683346748352,0.8690952062606812
1790029955383788000,9.3117880859375,-1.048660397529602,1.113303780555725,2.054224967956543
1790029955393798000,9.3217978515625,-0.9145850539207458,0.7948749661445618,1.2880805730819702
1790029955403807500,9.331807373046875,-0.9911994934082031,-0.1628057211637497,-0.5913678407669067
1790029955413847800,9.341847900390626,-1.3431471586227417,-0.05027823522686958,-0.9433154463768005
1790029955443907600,9.371907470703125,-1.920149803161621,1.0630255937576294,0.14604631066322327
1790029955453948000,9.381947998046876,-1.8531121015548706,1.1971008777618408,0.6967126727104187
1790029955463988200,9.39198828125,-1.8148049116134644,-0.1149216815829277,-0.31124621629714966
1790029955473998000,9.401998046875,-1.6879122257232666,1.1875240802764893,-0.2059013396501541
1790029955484007700,9.412007568359375,-1.802833914756775,0.608127236366272,0.507570743560791
1790029955493987000,9.421987060546876,-2.27209734916687,1.5705963373184204,0.8164227604866028
1790029955504027100,9.432027099609375,-2.7892448902130127,1.0965443849563599,1.4245500564575195
1790029955584166400,9.51216650390625,-1.7597382068634033,0.8882488012313843,1.3120225667953491
1790029955624174800,9.5521748046875,-1.2425906658172607,1.2449848651885986,2.1715409755706787
1790029955634215200,9.562215087890625,-0.950498104095459,0.768538773059845,1.0582371950149536
1790029955644225000,9.57222509765625,-0.9888052940368652,1.479616641998291,1.01753568649292
1790029955664244500,9.592244384765625,-0.5770025849342346,2.75812029838562,1.5921441316604614
1790029955674284800,9.602284912109376,-0.4141969084739685,2.5522189140319824,2.161964178085327
1790029955684325000,9.6123251953125,-0.47644615173339844,3.512293815612793,2.647987127304077
1790029955694335000,9.6223349609375,-0.6129156351089478,2.937685489654541,2.959233283996582
1790029955704375000,9.632375,-0.30885201692581177,2.5929205417633057,2.9089550971984863
1790029955714385000,9.642385009765626,-0.8236053586006165,2.2146365642547607,2.959233283996582
1790029955724425200,9.65242529296875,-1.3503297567367554,2.0638017654418945,2.9017724990844727
1790029955734435000,9.66243505859375,-1.7381904125213623,1.5849615335464478,2.7988216876983643
1790029955744475100,9.67247509765625,-2.03507137298584,1.5538369417190552,2.4684219360351562
1790029955794554600,9.7225546875,-0.9552865028381348,1.7381904125213623,1.3335703611373901
1790029955804595000,9.732594970703126,-1.1180921792984009,1.4939818382263184,1.2713210582733154
1790029955814604500,9.7426044921875,-1.5466543436050415,1.556231141090393,1.2737152576446533
1790029955824614400,9.752614501953126,-1.9488801956176758,1.5131354331970215,1.1324573755264282
1790029955834624300,9.762624267578126,-2.0207061767578125,0.933738648891449,0.8906430602073669
1790029955854704600,9.78270458984375,-1.5442601442337036,0.040701430290937424,0.38067805767059326
1790029955864745000,9.792744873046875,-1.3335703611373901,1.0654197931289673,0.49799394607543945
1790029955904784100,9.8327841796875,-0.6392518281936646,-0.26575639843940735,0.08379705995321274
1790029955914794000,9.8427939453125,-1.0127472877502441,-0.5770025849342346,-0.13168109953403473
1790029955924834000,9.852833984375,-0.9385270476341248,-0.586579442024231,-0.706289529800415
1790029955934813400,9.8628134765625,-0.7445967197418213,-0.4405331015586853,-0.5434837937355042
1790029955944884200,9.87288427734375,-0.629675030708313,-0.7709329724311829,-0.38307225704193115
1790029955954894000,9.88289404296875,-0.3232172429561615,0.37828385829925537,-0.10055647045373917
1790029955964903700,9.892903564453125,-0.5147533416748047,-0.2849099934101105,0.5386953949928284
1790029955984923100,9.912923095703125,-0.8547300100326538,0.5770025849342346,-0.3447650372982025
1790029956014983200,9.942983154296876,0.1173158809542656,-1.4245500564575195,-0.5027823448181152
1790029956024992800,9.95299267578125,-0.5650315880775452,-1.1635819673538208,0.11971008777618408
1790029956035002600,9.963002685546876,-1.3263877630233765,-0.33518823981285095,-0.07661445438861847
1790029956045043000,9.97304296875,-1.6831238269805908,0.7158663272857666,0
1790029956095091700,10.023091796875,-1.0127472877502441,-0.8667010068893433,-0.5961562395095825
1790029956115142000,10.043141845703126,-1.625662922859192,0.06224924325942993,0.7733271718025208
1790029956135222300,10.06322216796875,-1.1444283723831177,0.7661445140838623,-0.20350714027881622
1790029956145262600,10.0732626953125,-0.5219359993934631,0.3519476354122162,-0.10055647045373917
1790029956155272400,10.0832724609375,-0.7733271718025208,-0.3663128614425659,-0.5482721924781799
1790029956165282000,10.093281982421875,-1.8148049116134644,-1.3694833517074585,-1.2425906658172607
1790029956235442200,10.163442138671876,-0.6105214357376099,1.0462661981582642,1.0654197931289673
1790029956255553000,10.183552978515625,-0.5339069962501526,-0.9911994934082031,-0.8619126081466675
1790029956265563000,10.19356298828125,-1.5514427423477173,-1.8339585065841675,-1.1085153818130493
1790029956275603200,10.203603271484376,-1.8914192914962769,-1.6496049165725708,-1.2114660739898682
1790029956285613000,10.213613037109376,-2.561795711517334,-0.05506663769483566,-0.569819986820221
1790029956295653000,10.223653076171875,-2.1068975925445557,0.4405331015586853,-0.272938996553421
1790029956315672800,10.2436728515625,0.021547814831137657,0.6129156351089478,0.17238251864910126
1790029956325713200,10.253713134765626,-0.16519992053508759,0.7254431247711182,0.44771572947502136
1790029956335722800,10.26372265625,-0.6105214357376099,-0.12689268589019775,0.13407529890537262
1790029956345732600,10.273732666015626,-1.0797849893569946,-0.4357447028160095,0.1628057211637497
1790029956355742500,10.283742431640626,-1.9033904075622559,-0.45489832758903503,0.06464344263076782
1790029956365752000,10.293751953125,-2.164358377456665,-0.8451532125473022,-0.9576807022094727
1790029956375762000,10.303761962890626,-1.6615760326385498,-1.1755530834197998,-1.9297266006469727
1790029956385832700,10.313832763671876,-1.3982137441635132,0.002394201699644327,-1.1827356815338135
1790029956395842600,10.323842529296876,-1.036689281463623,0.17956513166427612,0.14844051003456116
1790029956425902300,10.35390234375,-0.31124621629714966,-0.13407529890537262,-0.10534487664699554
1790029956445921800,10.373921875,-1.2258312702178955,-0.5267243981361389,-0.8834604024887085
1790029956455931600,10.383931640625,-1.1563993692398071,-0.3711012601852417,-1.070208191871643
1790029956485961000,10.4139609375,-0.6751648783683777,-0.22505496442317963,0.19393034279346466
1790029956495970600,10.423970458984375,-0.9002198576927185,-0.06464344263076782,0.5674257874488831
1790029956506011000,10.434010986328126,-1.1324573755264282,-0.09816227108240128,0.021547814831137657
1790029956586211000,10.514211181640626,-1.3072341680526733,0.40701428055763245,0.15562310814857483
1790029956596221000,10.524220947265626,-0.7876923680305481,0.31603461503982544,-0.2322375625371933
1790029956606261200,10.53426123046875,-0.5363011956214905,0.608127236366272,0.43335050344467163
1790029956616301300,10.54430126953125,-0.8331822156906128,-0.090979665517807,0.028730420395731926
1790029956626311200,10.554311279296876,-1.381454348564148,-0.3232172429561615,-0.8547300100326538
1790029956646330600,10.57433056640625,-0.7972691655158997,-0.272938996553421,-0.8475474119186401
1790029956656340500,10.584340576171876,-0.24420857429504395,0.16998831927776337,0.2801215946674347
1790029956666350300,10.594350341796876,-0.4908113479614258,0.11013327538967133,0.48602294921875
1790029956676390700,10.604390625,-1.1971008777618408,0.11252748221158981,-0.4213795065879822
1790029956686400300,10.614400146484375,-1.0462661981582642,0.3256114423274994,-0.4429273009300232
1790029956696440600,10.624440673828126,-0.5506663918495178,-0.31124621629714966,-0.2849099934101105
1790029956706481000,10.63448095703125,-0.7134721279144287,0.10534487664699554,0.45010992884635925
1790029956716521200,10.644521240234376,-1.1300631761550903,-0.033518824726343155,0.12449848651885986
1790029956726530800,10.65453076171875,-1.2952631711959839,-0.9289502501487732,-0.43095630407333374
1790029956736540700,10.664540771484376,-2.099714994430542,-0.9193734526634216,-0.608127236366272
1790029956746520000,10.67452001953125,-1.5442601442337036,0.19393034279346466,-0.05027823522686958
1790029956776610300,10.7046103515625,-1.5298948287963867,0.038307227194309235,-0.2106897532939911
1790029956786620200,10.7146201171875,-1.5059528350830078,0.5841852426528931,-0.08379705995321274
1790029956796629800,10.724629638671875,-1.213860273361206,1.6496049165725708,0.6320692300796509
1790029956806700500,10.734700439453125,-1.2856862545013428,1.7357962131500244,1.7693150043487549
1790029956816710400,10.74471044921875,-1.2832920551300049,1.259350061416626,2.293645143508911
1790029956826720300,10.75472021484375,-1.6759412288665771,0.7781155705451965,1.3886369466781616
1790029956836729900,10.764729736328125,-1.8722656965255737,0.36152446269989014,0.24899697303771973
1790029956846770200,10.774770263671876,-1.4915876388549805,-0.3256114423274994,-0.3998316824436188
1790029956856749300,10.784749267578125,-0.6967126727104187,-0.49559974670410156,-1.3958195447921753
1790029956886839800,10.81483984375,-0.16759411990642548,-1.5275006294250488,-2.1332337856292725
1790029956906889700,10.8348896484375,-0.40222588181495667,-1.2066776752471924,-1.5897499322891235
1790029956916899600,10.844899658203126,-0.08619125932455063,-0.9528923034667969,-1.3958195447921753
1790029956996977700,10.924977783203126,0.3687070608139038,-2.4013843536376953,-3.648763418197632
1790029957077147400,11.0051474609375,-0.3902548849582672,-2.75812029838562,-2.779668092727661
1790029957117217000,11.045217041015626,-0.7589619159698486,-2.3774423599243164,-2.2912509441375732
1790029957127226600,11.0552265625,-0.5937620401382446,-1.5658079385757446,-1.7262194156646729
1790029957137267000,11.065266845703125,-0.9840168952941895,-0.07900865375995636,-0.912190854549408
1790029957147246300,11.075246337890626,-1.3431471586227417,-0.9289502501487732,-1.0127472877502441
1790029957157286700,11.08528662109375,-1.3479355573654175,-1.4221558570861816,-1.482010841369629
1790029957167326700,11.09532666015625,-1.4844050407409668,0.42616790533065796,-1.1827356815338135
1790029957177336600,11.105336669921876,-1.6424223184585571,0.8690952062606812,-0.5267243981361389
1790029957187346400,11.115346435546876,-1.6927006244659424,-0.6799532771110535,-0.6751648783683777
1790029957197386800,11.12538671875,-1.7836803197860718,-0.9576807022094727,-1.0103530883789062
1790029957227415800,11.155415771484375,-1.5682021379470825,-0.4141969084739685,-0.4620809257030487
1790029957237425700,11.16542578125,-1.625662922859192,-0.395043283700943,-0.7015010714530945
1790029957277525800,11.20552587890625,-2.5546131134033203,-0.28969839215278625,-0.47405192255973816
1790029957287535600,11.21553564453125,-2.782062292098999,0.2561795711517334,0.09816227108240128
1790029957297545200,11.225545166015625,-2.7054479122161865,-0.6057330369949341,-0.6943184733390808
1790029957387694300,11.3156943359375,-1.1659762859344482,-0.5410895943641663,-1.5131354331970215
1790029957447783400,11.375783447265626,-2.3702597618103027,0.7182605266571045,1.3239935636520386
1790029957457793000,11.38579296875,-2.801215887069702,0.11971008777618408,-0.2322375625371933
1790029957477812700,11.405812744140626,-2.011129379272461,-0.16998831927776337,-1.4460978507995605
1790029957517912800,11.445912841796876,-0.5722141861915588,1.0103530883789062,-0.24660277366638184
1790029957547942100,11.475942138671876,-1.800439715385437,-1.2042834758758545,-0.047884032130241394
1790029957557951700,11.48595166015625,-2.4133553504943848,0.23942017555236816,0.5841852426528931
1790029957567961600,11.495961669921876,-2.671929121017456,0.31124621629714966,-0.090979665517807
1790029957577971500,11.505971435546876,-2.449268341064453,-0.019153613597154617,0.6488286852836609
1790029957587981000,11.51598095703125,-2.9017724990844727,0.768538773059845,1.1492167711257935
1790029957597991000,11.525990966796876,-2.765302896499634,-1.1276689767837524,-0.3064578175544739
1790029957627989800,11.55598974609375,-2.1308395862579346,0.6033388376235962,1.7908629179000854
1790029957638060500,11.566060546875,-3.069366693496704,1.5969325304031372,1.4628572463989258
1790029957648070100,11.576070068359375,-3.5027170181274414,1.7549498081207275,1.5658079385757446
1790029957658080000,11.586080078125,-2.806004285812378,0.8403648138046265,0.8236053586006165
1790029957668089900,11.59608984375,-1.623268723487854,0.7829039692878723,0.42616790533065796
1790029957678099500,11.606099365234375,-1.1228805780410767,1.1420341730117798,1.0103530883789062
1790029957688139800,11.616139892578126,-1.3263877630233765,1.721431016921997,1.3934253454208374
1790029957698149600,11.626149658203126,-1.4652514457702637,2.655169725418091,1.8411411046981812
1790029957708159200,11.6361591796875,-1.4748282432556152,2.561795711517334,2.0614075660705566
1790029957738249700,11.666249755859376,-0.4572925269603729,1.968033790588379,2.983175277709961
1790029957748259300,11.67625927734375,-0.6368576288223267,2.1787235736846924,3.0382418632507324
1790029957758299600,11.686299560546875,-0.5913678407669067,1.9081788063049316,2.5905263423919678
1790029957768309500,11.6963095703125,-0.6991068720817566,2.4372973442077637,2.5115175247192383
1790029957778319400,11.7063193359375,-1.1300631761550903,2.8634653091430664,3.026270866394043
1790029957798369300,11.726369384765626,-0.8762778043746948,2.3127987384796143,2.5474305152893066
1790029957878447400,11.806447265625,-1.0534487962722778,0.3256114423274994,-0.1843535304069519
1790029957898467000,11.826467041015626,-1.0462661981582642,-0.689530074596405,0.5530605912208557
1790029957948576800,11.87657666015625,-0.811634361743927,0.5602431893348694,-0.22026655077934265
1790029957958617000,11.8866171875,-0.9816226959228516,0.6105214357376099,-0.24660277366638184
1790029957968627000,11.896626953125,-1.2449848651885986,-0.35434186458587646,0.1173158809542656
1790029957978636500,11.906636474609375,-1.7286136150360107,-1.7286136150360107,-0.27054479718208313
1790029957988646400,11.916646484375,-2.118868589401245,-1.403002142906189,-0.9959878921508789
1790029957998625500,11.92662548828125,-1.900996208190918,-1.6376339197158813,-1.4173674583435059
1790029958008696600,11.936696533203126,-1.5610195398330688,-0.23702596127986908,-1.278503656387329
1790029958018706200,11.9467060546875,-1.6424223184585571,1.8195933103561401,-0.47644615173339844
1790029958058745300,11.986745361328126,-1.0989385843276978,-1.259350061416626,0.45489832758903503
1790029958068755000,11.9967548828125,-1.5490485429763794,-0.40462008118629456,0.6392518281936646
1790029958078795300,12.006795166015625,-2.5258827209472656,0.3471592366695404,1.1468225717544556
1790029958088805000,12.01680517578125,-2.8658595085144043,-0.8020575642585754,0.21787235140800476
1790029958098815000,12.02681494140625,-2.2697031497955322,-0.8259995579719543,-1.5658079385757446
1790029958108824600,12.036824462890625,-1.5179238319396973,0.9026140570640564,-1.4389152526855469
1790029958118834400,12.04683447265625,-1.194706678390503,1.2856862545013428,-0.47405192255973816
1790029958138854000,12.06685400390625,-1.2952631711959839,-0.5482721924781799,0.689530074596405
1790029958148863700,12.07686376953125,-1.3934253454208374,-1.522712230682373,0.11971008777618408
1790029958178984400,12.106984375,-1.5131354331970215,0.009576806798577309,-2.5067291259765625
1790029958259215400,12.18721533203125,-1.7477672100067139,-1.7501614093780518,-3.0406360626220703
1790029958339415600,12.26741552734375,-1.1779472827911377,0.706289529800415,0.4381389021873474
1790029958349425200,12.277425048828125,-1.5466543436050415,1.7573440074920654,1.7334020137786865
1790029958359465500,12.287465576171876,-1.7405846118927002,2.013523578643799,1.3910311460494995
1790029958369475300,12.297475341796876,-0.9959878921508789,0,0.15083470940589905
1790029958379485000,12.30748486328125,-0.35673606395721436,-1.2425906658172607,-0.6105214357376099
1790029958419554600,12.347554443359375,-0.8762778043746948,-0.043095629662275314,0.023942016065120697
1790029958429595000,12.357594970703126,-0.9481038451194763,0.3447650372982025,-0.15083470940589905
1790029958439604700,12.367604736328126,-1.4317326545715332,0.1604115068912506,0.1604115068912506
1790029958449614300,12.3776142578125,-1.4532804489135742,-0.6631938815116882,-0.0933738648891449
1790029958459624200,12.387624267578126,-1.5322890281677246,-1.1180921792984009,-0.47165772318840027
1790029958469634000,12.397634033203126,-1.7334020137786865,-1.2832920551300049,-1.115697979927063
1790029958479643600,12.4076435546875,-1.522712230682373,-0.9409212470054626,-1.8531121015548706
1790029958489653500,12.417653564453126,-0.7733271718025208,-0.828393816947937,-1.213860273361206
1790029958509734100,12.437734130859376,-0.5099649429321289,0.272938996553421,-1.1252747774124146
1790029958519743700,12.44774365234375,-0.4836287498474121,0.1364694982767105,-0.706289529800415
1790029958529784000,12.4577841796875,-0.9888052940368652,0.002394201699644327,-0.47644615173339844
1790029958539794000,12.4677939453125,-1.1803414821624756,0.7469909191131592,0.021547814831137657
1790029958549803500,12.477803466796875,-1.015141487121582,-0.12928688526153564,-0.6655880808830261
1790029958559813400,12.4878134765625,-0.9911994934082031,-1.1971008777618408,-1.7860745191574097
1790029958569823200,12.4978232421875,-1.2761094570159912,-0.7876923680305481,-1.2282254695892334
1790029958579832800,12.507832763671875,-1.173158884048462,-0.9816226959228516,-0.9169792532920837
1790029958599883000,12.527883056640626,-0.8451532125473022,-0.4668693244457245,-1.0965443849563599
1790029958609892900,12.537892822265626,-0.790086567401886,-0.35913026332855225,-0.4836287498474121
1790029958639922000,12.567921875,-0.5602431893348694,-0.8619126081466675,0.24181437492370605
1790029958669982000,12.59798193359375,-0.3447650372982025,-0.14604631066322327,0.004788403399288654
1790029958690001400,12.61800146484375,-1.1635819673538208,0.3878606855869293,-0.30885201692581177
1790029958710020900,12.638020751953125,-0.5291185975074768,0.22744916379451752,0.33279404044151306
1790029958730071000,12.658071044921876,-1.0678139925003052,-0.15322890877723694,-0.07661445438861847
1790029958760130800,12.688130859375,-0.5578489899635315,0.38067805767059326,-0.24420857429504395
1790029958780180700,12.7081806640625,-0.6320692300796509,0.14604631066322327,0.019153613597154617
1790029958790160100,12.71816015625,-0.8834604024887085,0.395043283700943,-0.3208230137825012
1790029958800200400,12.728200439453126,-0.7541735172271729,0.08858546614646912,-0.12928688526153564
1790029958810240800,12.73824072265625,-0.8236053586006165,0.0454898327589035,-0.31364041566848755
1790029958820280800,12.74828076171875,-0.7374141216278076,0.5937620401382446,-0.1173158809542656
1790029958870360300,12.7983603515625,-1.2545616626739502,0.8212111592292786,0.2753331959247589
1790029958910399200,12.838399169921875,-0.9193734526634216,0.4884171485900879,0.4189853072166443
1790029958920439600,12.848439453125,-1.0414776802062988,1.7741034030914307,-0.07182604819536209
1790029958930449400,12.858449462890626,-0.6823474764823914,-0.33758243918418884,0.12928688526153564
1790029958940489700,12.86848974609375,-1.1013327836990356,-0.49799394607543945,0.028730420395731926
1790029958950499300,12.878499267578125,-1.1803414821624756,-1.0127472877502441,-0.9864110946655273
1790029958960509200,12.88850927734375,-0.9816226959228516,-0.9624691009521484,-0.7996633648872375
1790029959040709400,12.96870947265625,0.22505496442317963,-1.6496049165725708,-2.2840683460235596
1790029959110808300,13.038808349609376,0.5386953949928284,-3.1028854846954346,-2.782062292098999
1790029959130889000,13.058888916015626,0.40462008118629456,-3.536235809326172,-3.201047658920288
1790029959140898600,13.068898681640626,-0.043095629662275314,-2.454056739807129,-2.607285737991333
1790029959150908400,13.078908447265626,-0.1388636976480484,-2.2816741466522217,-2.7006595134735107
1790029959160918000,13.08891796875,-0.5482721924781799,-3.555389642715454,-2.8610711097717285
1790029959170958300,13.098958251953125,-1.0606313943862915,-3.6774938106536865,-3.0885202884674072
1790029959180968200,13.10896826171875,-1.50355863571167,-2.853888511657715,-3.3662476539611816
1790029959190978000,13.11897802734375,-0.9840168952941895,-3.359065055847168,-3.6296098232269287
1790029959200987600,13.128987548828125,-0.8355764150619507,-4.022258758544922,-3.7229835987091064
1790029959210997500,13.13899755859375,-1.259350061416626,-3.5936968326568604,-3.0119056701660156
1790029959221007400,13.14900732421875,-2.564189910888672,-2.5115175247192383,-2.8874073028564453
1790029959231017000,13.159016845703125,-2.121262788772583,-0.5961562395095825,-1.4197616577148438
1790029959241026800,13.16902685546875,-0.6631938815116882,0.011971008032560349,0.45489832758903503
1790029959251036400,13.179036376953125,-1.45806884765625,-0.5554547905921936,-0.13407529890537262
1790029959271086600,13.199086669921876,-1.1755530834197998,1.580173134803772,0.7374141216278076
1790029959281127000,13.209126953125,-1.8124107122421265,0.6751648783683777,0.4692635238170624
1790029959291136500,13.219136474609375,-2.5474305152893066,-0.20111294090747833,-1.4173674583435059
1790029959301176800,13.2291767578125,-1.7860745191574097,0.15562310814857483,-1.656787633895874
1790029959311217200,13.239217041015625,-1.2880805730819702,-0.2322375625371933,-0.31124621629714966
1790029959321227000,13.24922705078125,-1.3527239561080933,-0.5650315880775452,-0.3663128614425659
1790029959331206100,13.2592060546875,-1.721431016921997,-0.28969839215278625,-0.6440402865409851
1790029959341246500,13.26924658203125,-1.5849615335464478,0.181959331035614,-0.4596867263317108
1790029959351256300,13.27925634765625,-0.5195417404174805,-0.19153612852096558,0.019153613597154617
1790029959361296600,13.289296630859376,-0.5770025849342346,-0.7661445140838623,-0.24181437492370605
1790029959381316000,13.309316162109376,-2.1140801906585693,-0.7852981686592102,-1.7334020137786865
1790029959391356400,13.3193564453125,-2.1715409755706787,0.3519476354122162,-1.0319008827209473
1790029959401366000,13.329365966796875,-2.121262788772583,0.35434186458587646,-0.5793967843055725
1790029959411437000,13.33943701171875,-1.7310078144073486,-0.8236053586006165,-0.9744400978088379
1790029959421446700,13.34944677734375,-1.9847931861877441,0.5889736413955688,-1.2330138683319092
1790029959431456500,13.35945654296875,-1.9728221893310547,0.43335050344467163,-1.0845733880996704
1790029959441466000,13.369466064453125,-1.316810965538025,-0.18914192914962769,-1.139639973640442
1790029959451476000,13.37947607421875,-1.113303780555725,-0.9050082564353943,-1.2856862545013428
1790029959461546800,13.389546630859375,-1.0821791887283325,0.8403648138046265,-0.6488286852836609
1790029959471556600,13.399556640625,-2.0829553604125977,0.2585737705230713,1.4413094520568848
1790029959481566200,13.409566162109375,-1.9249382019042969,0.1604115068912506,0.21787235140800476
1790029959571715300,13.49971533203125,-0.6991068720817566,-0.1173158809542656,0.7469909191131592
1790029959581725000,13.509724853515625,-1.455674648284912,1.4437036514282227,0.9983820915222168
1790029959611784700,13.53978466796875,-1.2713210582733154,0.011971008032560349,0.21308395266532898
1790029959641875200,13.569875244140626,-1.778891921043396,0.8355764150619507,0.912190854549408
1790029959661925000,13.589925048828125,-2.806004285812378,0.9720458984375,0.31842881441116333
1790029959671935000,13.59993505859375,-1.3527239561080933,-0.17477671802043915,-0.3016694188117981
1790029959681944800,13.60994482421875,-0.31603461503982544,0.0694318488240242,0.1388636976480484
1790029959691954400,13.619954345703125,-0.9983820915222168,0.5770025849342346,1.2497732639312744
1790029959701964300,13.62996435546875,-2.3798365592956543,2.073378562927246,1.778891921043396
1790029959711974100,13.63997412109375,-2.9496564865112305,1.8315643072128296,1.6519991159439087
1790029959722045000,13.650044921875,-2.7006595134735107,0.6967126727104187,0.8882488012313843
1790029959732024000,13.660024169921876,-2.145204782485962,0.524330198764801,0.6943184733390808
1790029959742094800,13.6700947265625,-1.5969325304031372,1.1659762859344482,1.2617442607879639
1790029959752104700,13.680104736328126,-2.0183119773864746,1.5634137392044067,2.43011474609375
1790029959762114300,13.6901142578125,-2.4157495498657227,1.9129672050476074,2.4468741416931152
1790029959772124200,13.700124267578126,-2.537853717803955,2.5067291259765625,2.5785553455352783
1790029959782134000,13.710134033203126,-2.2433669567108154,2.853888511657715,2.9448680877685547
1790029959802214400,13.73021435546875,-1.3838485479354858,2.5115175247192383,3.0861260890960693
1790029959812254700,13.740254638671875,-1.1994950771331787,2.8778305053710938,3.8067808151245117
1790029959822264600,13.7502646484375,-1.3694833517074585,3.1076738834381104,4.709394931793213
1790029959842345200,13.77034521484375,-1.0797849893569946,2.0207061767578125,2.8203697204589844
1790029959852354800,13.780354736328125,-0.6943184733390808,1.8531121015548706,2.8634653091430664
1790029959862364700,13.79036474609375,-1.0678139925003052,2.1116859912872314,2.894589900970459
1790029959872374500,13.80037451171875,-1.1994950771331787,1.7764976024627686,2.049436569213867
1790029959882384100,13.810384033203125,-1.1204863786697388,1.5682021379470825,1.2952631711959839
1790029959892394000,13.82039404296875,-1.2473790645599365,2.006340980529785,0.6033388376235962
1790029959922484200,13.850484130859375,-0.9145850539207458,0.8403648138046265,0.5817909836769104
1790029959932494000,13.860494140625,-0.9361328482627869,0.3519476354122162,1.1755530834197998
1790029959952544000,13.8805439453125,-1.3503297567367554,0.3016694188117981,0.8020575642585754
1790029959962553900,13.890553955078126,-1.1755530834197998,-0.3016694188117981,0.3758896589279175
1790029959972533200,13.900533203125,-0.9433154463768005,0.8188169598579407,0.4141969084739685
1790029959982573300,13.9105732421875,-0.8427590131759644,1.5107412338256836,0.689530074596405
1790029959992613600,13.920613525390625,-0.6440402865409851,0.751779317855835,1.0414776802062988
1790029960002623500,13.93062353515625,-1.161187767982483,1.1779472827911377,1.3646949529647827
1790029960022643000,13.950642822265625,-1.8171991109848022,-1.2856862545013428,-0.27054479718208313
1790029960032652800,13.96065283203125,-2.075772762298584,-1.1300631761550903,-0.7709329724311829
1790029960042693000,13.970693115234376,-1.7118542194366455,-0.8595184087753296,-0.5195417404174805
1790029960052702700,13.98070263671875,-1.7094600200653076,0.4836287498474121,0.6320692300796509
1790029960062773500,13.9907734375,-2.497152328491211,2.449268341064453,1.278503656387329
1790029960072783400,14.000783447265626,-2.126051187515259,1.2018892765045166,0.17717093229293823
1790029960082793200,14.010793212890626,-1.3407529592514038,0.8882488012313843,0.2106897532939911
1790029960092802800,14.020802734375,-1.3503297567367554,-0.6727706789970398,0.6703764796257019
1790029960102812700,14.030812744140626,-1.659181833267212,-1.680729627609253,-0.38546648621559143
1790029960112822500,14.040822509765626,-2.190694570541382,-1.0678139925003052,-0.993593692779541
1790029960132842000,14.060842041015626,-2.8419175148010254,1.599326729774475,0.507570743560791
1790029960142851800,14.070851806640626,-2.655169725418091,0.6727706789970398,0.42616790533065796
1790029960152861400,14.080861328125,-1.9297266006469727,-1.139639973640442,-0.43335050344467163
1790029960162871300,14.090871337890626,-2.1092917919158936,-0.2825157940387726,-0.45010992884635925
1790029960172942000,14.100942138671876,-1.699883222579956,-0.629675030708313,-0.5434837937355042
1790029960182952000,14.110951904296876,-1.4724340438842773,-0.7972691655158997,-0.12210428714752197
1790029960203001900,14.131001953125,-2.6192567348480225,-1.3670891523361206,-1.7597382068634033
1790029960212981200,14.140981201171876,-2.5498247146606445,-0.706289529800415,-1.599326729774475
1790029960223021300,14.151021240234375,-1.9345149993896484,-0.7805097699165344,-1.9536685943603516
1790029960233000700,14.161000732421876,-1.2306196689605713,-0.768538773059845,-1.6089035272598267
1790029960243041000,14.171041015625,-0.5913678407669067,-2.10210919380188,-0.7637503147125244
1790029960253020200,14.181020263671876,-0.6560112833976746,-2.070984363555908,-1.094150185585022
1790029960263030000,14.191030029296876,-0.8188169598579407,-0.9648633003234863,-0.9888052940368652
1790029960273100800,14.201100830078126,-1.0462661981582642,-0.5386953949928284,-0.43335050344467163
1790029960283110400,14.2111103515625,-0.8212111592292786,-1.213860273361206,-1.2401964664459229
1790029960313170400,14.24117041015625,0.15801730751991272,-0.2537853717803955,-1.2976573705673218
1790029960323180000,14.251179931640625,-0.19393034279346466,0.38307225704193115,0.3064578175544739
1790029960343230200,14.271230224609376,-0.8212111592292786,-0.7350199222564697,-0.22744916379451752
1790029960353270500,14.2812705078125,-0.38307225704193115,-1.194706678390503,-0.5147533416748047
1790029960363280100,14.291280029296875,-0.7493851184844971,-0.933738648891449,-0.40940847992897034
1790029960393340000,14.32133984375,-1.2306196689605713,-0.5410895943641663,-1.2473790645599365
1790029960473479200,14.401479248046876,-1.381454348564148,-0.23702596127986908,-0.6153098344802856
1790029960533629400,14.46162939453125,-0.7948749661445618,-0.8523358106613159,-1.036689281463623
1790029960623808800,14.551808837890626,-0.8068459630012512,0.14604631066322327,-0.363918662071228
1790029960683897900,14.61189794921875,-0.0694318488240242,1.1037269830703735,0.9983820915222168
1790029960723967500,14.651967529296876,-0.933738648891449,0.1173158809542656,-0.5530605912208557
1790029960754027300,14.68202734375,-0.8954314589500427,-0.002394201699644327,0.07900865375995636
1790029960764037000,14.692037109375,-0.8164227604866028,0.090979665517807,-0.43335050344467163
1790029960774046700,14.702046630859375,-0.7422025203704834,0.4668693244457245,-0.009576806798577309
1790029960784087000,14.712087158203126,-0.6607996821403503,0.28969839215278625,0.6536170840263367
1790029960794097000,14.722096923828126,-0.8978256583213806,-0.07661445438861847,0.28969839215278625
1790029960804106500,14.7321064453125,-1.314416766166687,-0.2082955539226532,0.28730419278144836
1790029960814116400,14.742116455078126,-1.1300631761550903,-0.4141969084739685,-0.30885201692581177
1790029960834166500,14.76216650390625,-0.5386953949928284,0.5267243981361389,-0.5099649429321289
1790029960844176100,14.772176025390625,0.07422025501728058,0.6512228846549988,-0.3926490843296051
1790029960854186000,14.78218603515625,-0.19871874153614044,0.33039984107017517,-0.22505496442317963
1790029960884215300,14.81221533203125,-0.8738836050033569,-0.4908113479614258,-0.06464344263076782
1790029960894225000,14.822224853515625,-0.811634361743927,-0.06703764945268631,-0.07900865375995636
1790029960914275000,14.842275146484376,-0.8906430602073669,0.3974374830722809,0.1173158809542656
1790029960934294500,14.86229443359375,-0.9672574996948242,0.12928688526153564,0.011971008032560349
1790029960944274000,14.87227392578125,-0.8092401623725891,-0.28969839215278625,-0.4213795065879822
1790029960954344700,14.8823447265625,-0.9217676520347595,-1.1276689767837524,-1.192312479019165
1790029960974364200,14.9023642578125,-0.667982280254364,-1.1420341730117798,-1.6160861253738403
1790029960984343600,14.912343505859376,-0.12689268589019775,-1.314416766166687,-1.7190368175506592
1790029961004424000,14.932423828125,-0.19871874153614044,-2.535459518432617,-2.676717519760132
1790029961024443600,14.952443603515626,-0.33039984107017517,-2.715024709701538,-2.4612393379211426
1790029961034453200,14.962453369140626,0.1388636976480484,-2.7748796939849854,-3.1675288677215576
1790029961044463000,14.972463134765626,0.7876923680305481,-2.7461493015289307,-2.9712042808532715
1790029961064482600,14.992482666015626,0.4836287498474121,-2.760514497756958,-3.2848446369171143
1790029961094572800,15.02257275390625,0.17477671802043915,-3.0789434909820557,-2.1571757793426514
1790029961104613000,15.032613037109375,0.3519476354122162,-2.52109432220459,-2.3104045391082764
1790029961114653400,15.0426533203125,-0.13407529890537262,-1.5179238319396973,-1.968033790588379
1790029961124663300,15.052663330078126,-0.26096799969673157,-1.3311761617660522,-2.0590133666992188
1790029961134673000,15.0626728515625,-0.6033388376235962,-1.0773907899856567,-1.8171991109848022
1790029961144652300,15.07265234375,-0.646434485912323,-1.580173134803772,-1.7094600200653076
1790029961164733000,15.09273291015625,-0.9528923034667969,-2.075772762298584,-1.5658079385757446
1790029961174742500,15.102742431640625,-1.1563993692398071,-1.9704279899597168,-1.6711528301239014
1790029961194762200,15.12276220703125,-1.1492167711257935,-2.5450363159179688,-1.1994950771331787
1790029961214812200,15.142812255859376,-0.9624691009521484,-2.0901381969451904,-2.853888511657715
1790029961224822000,15.152822021484376,-0.5386953949928284,-1.580173134803772,-2.5665841102600098
1790029961234862300,15.1628623046875,-1.070208191871643,-1.0845733880996704,-0.9816226959228516
1790029961254912300,15.182912353515626,-1.7070658206939697,-2.4612393379211426,-2.7988216876983643
1790029961264922000,15.192922119140626,-2.0877439975738525,-2.1499931812286377,-3.0095114707946777
1790029961274931700,15.202931640625,-1.580173134803772,-0.395043283700943,-1.50355863571167
1790029961284941600,15.212941650390626,-1.1468225717544556,-1.2042834758758545,-1.0055646896362305
1790029961304991700,15.23299169921875,-1.5945383310317993,-1.5275006294250488,-2.0446481704711914
1790029961315031800,15.24303173828125,-1.8171991109848022,0.035913024097681046,-1.259350061416626
1790029961325041700,15.253041748046876,-1.9153614044189453,0.5195417404174805,0.1867477297782898
1790029961335082000,15.26308203125,-1.3024457693099976,-0.15083470940589905,0.2968810200691223
1790029961345091800,15.273091796875,-1.4772224426269531,-1.3407529592514038,-0.8331822156906128
1790029961355101400,15.283101318359375,-1.625662922859192,-0.17477671802043915,-1.048660397529602
1790029961405150200,15.333150146484375,-1.501164436340332,-0.4668693244457245,-0.8068459630012512
1790029961425170000,15.353169921875,-0.7158663272857666,0.849941611289978,-0.37828385829925537
1790029961435210200,15.363210205078126,-1.039083480834961,1.6328455209732056,2.4851813316345215
1790029961445189400,15.373189453125,-1.1228805780410767,2.5019407272338867,2.5977089405059814
1790029961475371300,15.403371337890626,-1.9488801956176758,-0.524330198764801,0.031124621629714966
1790029961485411600,15.41341162109375,-2.454056739807129,0.7852981686592102,0.35913026332855225
1790029961515471400,15.443471435546876,-3.071760892868042,0.05027823522686958,-0.15322890877723694
1790029961525481200,15.453481201171876,-1.5897499322891235,-0.8595184087753296,0.07182604819536209
1790029961545500700,15.473500732421876,-1.4748282432556152,0.9888052940368652,0.5602431893348694
1790029961565520100,15.49352001953125,-2.497152328491211,1.9512743949890137,1.5179238319396973
1790029961635680000,15.563679931640625,-2.8347349166870117,-1.8962076902389526,0.31124621629714966
1790029961705748500,15.63374853515625,0.3519476354122162,1.7357962131500244,0.11252748221158981
1790029961775908400,15.703908447265626,-2.408566951751709,4.1874589920043945,5.992686748504639
1790029961846037800,15.774037841796876,-3.7852327823638916,1.1875240802764893,1.5945383310317993
1790029961876067000,15.804067138671876,-2.6839001178741455,1.4269442558288574,0.1173158809542656
1790029961886077000,15.814076904296876,-2.169146776199341,0.8738836050033569,-0.5003881454467773
1790029961906126800,15.834126953125,-1.3048399686813354,0.38546648621559143,0.20111294090747833
1790029961916136700,15.84413671875,-0.9409212470054626,0.15562310814857483,-0.0454898327589035
1790029961946166000,15.874166015625,0.47165772318840027,-0.16759411990642548,0.8068459630012512
1790029961966185500,15.894185546875,0.021547814831137657,0.5123591423034668,1.1444283723831177
1790029961976195300,15.9041953125,0.1412578970193863,0.8786720037460327,0.7254431247711182
1790029961986235400,15.9142353515625,0.07182604819536209,0.6153098344802856,0.545877993106842
1790029961996245200,15.924245361328126,0.3711012601852417,0.009576806798577309,0.5913678407669067
1790029962006285600,15.93428564453125,0.043095629662275314,0.30885201692581177,0.2513911724090576
1790029962016295400,15.94429541015625,-0.7158663272857666,0.9744400978088379,0.5147533416748047
1790029962026335500,15.95433544921875,-1.6927006244659424,1.4221558570861816,1.2210428714752197
1790029962036375800,15.964375732421875,-2.1739351749420166,0.871489405632019,0.9433154463768005
1790029962046385700,15.9743857421875,-1.5825673341751099,-0.933738648891449,-0.0694318488240242
1790029962056426000,15.984426025390626,-1.3287819623947144,-0.45010992884635925,-0.6584054827690125
1790029962066405000,15.994405029296875,-1.3718775510787964,-0.5722141861915588,-0.9552865028381348
1790029962106474800,16.034474853515626,-2.449268341064453,2.31758713722229,1.7405846118927002
1790029962126525000,16.05452490234375,-2.427720546722412,-0.7493851184844971,0
1790029962136534500,16.064534423828125,-1.9057846069335938,-1.6328455209732056,-1.1659762859344482
1790029962146574800,16.074574951171876,-1.8602946996688843,-1.6112977266311646,-0.9744400978088379
1790029962176665000,16.1046650390625,-3.1196448802948,1.2066776752471924,1.1875240802764893
1790029962186705400,16.114705322265625,-2.7700912952423096,1.1444283723831177,0.5817909836769104
1790029962206725000,16.13472509765625,-1.5394717454910278,-1.6400281190872192,0.12449848651885986
1790029962216734700,16.144734619140625,-1.8938134908676147,-2.8586769104003906,-1.0055646896362305
1790029962226744600,16.15474462890625,-2.6839001178741455,-1.7836803197860718,-1.556231141090393
1790029962296843500,16.224843505859376,-1.3455413579940796,-1.4700398445129395,-0.730231523513794
1790029962326964200,16.254964111328125,-1.2282254695892334,-1.0007762908935547,-0.4812345504760742
1790029962336974000,16.26497412109375,-0.7206547260284424,-1.556231141090393,-1.2545616626739502
1790029962346983700,16.274983642578125,-0.5315127968788147,-1.0007762908935547,-0.9217676520347595
1790029962356993500,16.28499365234375,-0.12449848651885986,-0.13168109953403473,0.028730420395731926
1790029962367003400,16.29500341796875,0.08140286058187485,0.9289502501487732,-0.18914192914962769
1790029962377013000,16.305012939453125,0.14604631066322327,-0.8762778043746948,-0.33518823981285095
1790029962387053300,16.31505322265625,0.20350714027881622,-1.2976573705673218,-0.6607996821403503
1790029962397063200,16.325063232421876,-0.3447650372982025,-1.4652514457702637,-1.192312479019165
1790029962407103500,16.335103515625,-0.6560112833976746,-2.432508945465088,-2.365471363067627
1790029962427184000,16.35518408203125,-1.280897855758667,-0.33997663855552673,-0.11252748221158981
1790029962437193700,16.36519384765625,-0.031124621629714966,-0.004788403399288654,1.216254472732544
1790029962447203600,16.37520361328125,-0.15562310814857483,0.8954314589500427,1.2832920551300049
1790029962457213200,16.385213134765625,-0.9744400978088379,0.9289502501487732,0.1149216815829277
1790029962467223000,16.39522314453125,-1.381454348564148,-0.21308395266532898,-0.19393034279346466
1790029962477293800,16.4052939453125,-1.824381709098816,-0.5506663918495178,-0.9959878921508789
1790029962487303700,16.4153037109375,-1.6089035272598267,-1.070208191871643,-1.4867992401123047
1790029962497282800,16.42528271484375,-1.6735470294952393,-0.8403648138046265,-1.580173134803772
1790029962507292700,16.435292724609376,-1.6328455209732056,-0.5195417404174805,-2.006340980529785
1790029962517333000,16.4453330078125,-1.0055646896362305,-0.090979665517807,-1.522712230682373
1790029962527373300,16.455373291015626,-0.26815059781074524,-0.4213795065879822,-0.7110779285430908
1790029962547392800,16.475392822265626,0.3064578175544739,-0.8571242094039917,-0.9097966551780701
1790029962557372000,16.485371826171875,0.3734954595565796,0.0071826050989329815,-0.016759412363171577
1790029962587462400,16.51546240234375,-1.039083480834961,-0.4118026793003082,0.706289529800415
1790029962607512300,16.53551220703125,-1.7884687185287476,0.18914192914962769,0.033518824726343155
1790029962617522200,16.545522216796876,-1.1061211824417114,0.1628057211637497,-0.40462008118629456
1790029962637572000,16.565572021484375,-1.5203180313110352,0.5722141861915588,-0.19153612852096558
1790029962647551500,16.575551513671876,-1.4700398445129395,-0.090979665517807,-0.3926490843296051
1790029962677611300,16.605611328125,-0.6607996821403503,0.021547814831137657,0.304063618183136
1790029962687621000,16.61562109375,-0.8882488012313843,-0.2537853717803955,0.09816227108240128
1790029962697661200,16.6256611328125,-1.3623007535934448,0.031124621629714966,-0.019153613597154617
1790029962707671000,16.635671142578126,-1.400607943534851,-0.10295066982507706,-0.12210428714752197
1790029962757750500,16.68575048828125,-0.23942017555236816,-1.194706678390503,-1.625662922859192
1790029962787749000,16.7157490234375,0.035913024097681046,-2.0231003761291504,-2.736572504043579
1790029962817870000,16.7458701171875,-0.1628057211637497,-1.9369091987609863,-2.8155810832977295
1790029962847899400,16.7758994140625,0.6919242739677429,-3.24414324760437,-4.426878929138184
1790029962867979800,16.795979736328125,0.9576807022094727,-3.4811692237854004,-4.120420932769775
1790029962877959200,16.805959228515626,1.3000515699386597,-3.3949780464172363,-4.129997730255127
1790029962888030000,16.816030029296876,0.9576807022094727,-3.5386300086975098,-2.8778305053710938
1790029962898039800,16.826039794921876,0.6871358752250671,-3.1675288677215576,-2.1164743900299072
1790029962908019000,16.83601904296875,0.706289529800415,-2.6001031398773193,-1.5179238319396973
1790029962918028800,16.84602880859375,0.6153098344802856,-2.784456491470337,-1.8363527059555054
1790029962928069000,16.856069091796876,0.24420857429504395,-2.557007312774658,-1.9752163887023926
1790029962938048300,16.86604833984375,0.11252748221158981,-1.9560627937316895,-1.5275006294250488
1790029962948088600,16.876088623046876,0.023942016065120697,-1.3503297567367554,-1.1563993692398071
1790029962958098400,16.886098388671876,-0.2849099934101105,-0.1604115068912506,-0.3280056416988373
1790029962998167800,16.926167724609375,-1.403002142906189,-0.9074024558067322,-0.8762778043746948
1790029963008177700,16.936177734375,-0.993593692779541,-1.2713210582733154,-1.158793568611145
1790029963018218000,16.946218017578126,-1.1180921792984009,-1.4628572463989258,-1.702277421951294
1790029963028227600,16.9562275390625,-0.9457096457481384,-2.2697031497955322,-2.449268341064453
1790029963038237400,16.966237548828126,-0.4644751250743866,-3.0789434909820557,-2.7078421115875244
1790029963048247300,16.976247314453126,-1.113303780555725,-3.0573954582214355,-2.693476915359497
1790029963058257000,16.9862568359375,-1.824381709098816,-2.8179752826690674,-3.7636849880218506
1790029963068266800,16.996266845703126,-0.9097966551780701,-0.9097966551780701,-3.620033025741577
1790029963078246000,17.006245849609375,0.12689268589019775,-0.44532153010368347,-1.1324573755264282
1790029963088317000,17.01631689453125,-0.1173158809542656,-1.8267759084701538,-1.0295066833496094
1790029963118346000,17.046345947265625,0.8140285611152649,0.33997663855552673,-0.7589619159698486
1790029963128355800,17.05635595703125,0.7398083209991455,0.6033388376235962,0.6512228846549988
1790029963158354700,17.086354736328126,-0.6512228846549988,0.33997663855552673,-0.4692635238170624
1790029963208464600,17.136464599609376,-2.806004285812378,-0.0454898327589035,0.706289529800415
1790029963218474200,17.14647412109375,-2.782062292098999,0.5195417404174805,0.8906430602073669
1790029963228484000,17.156484130859376,-1.98958158493042,-0.3974374830722809,0.6584054827690125
1790029963238493700,17.16649365234375,-1.1468225717544556,-0.2561795711517334,0.2968810200691223
1790029963248534000,17.176533935546875,-0.6703764796257019,-0.8236053586006165,-0.8810662031173706
1790029963268553700,17.1965537109375,-1.2401964664459229,-0.14604631066322327,-0.08140286058187485
1790029963278563300,17.206563232421875,-0.8020575642585754,-0.5410895943641663,-1.556231141090393
1790029963288603600,17.216603759765626,-0.7613561153411865,-0.363918662071228,-0.9217676520347595
1790029963298644000,17.22664404296875,-0.3902548849582672,-0.2992752194404602,-0.8786720037460327
1790029963308653800,17.23665380859375,0.090979665517807,0.47884035110473633,-0.08140286058187485
1790029963318694000,17.24669384765625,-0.47405192255973816,-0.06224924325942993,0.13168109953403473
1790029963328703700,17.256703857421876,-0.002394201699644327,-0.05267243832349777,-1.3096283674240112
1790029963338713600,17.266713623046876,1.357512354850769,-0.6368576288223267,-0.8810662031173706
1790029963348723200,17.27672314453125,2.008735179901123,-0.028730420395731926,-0.011971008032560349
1790029963418913800,17.346913818359376,-1.9943699836730957,-0.08140286058187485,1.6903064250946045
1790029963458983400,17.3869833984375,-0.6057330369949341,0.5961562395095825,1.2713210582733154
1790029963498991900,17.426991943359376,-0.1149216815829277,1.4317326545715332,0.9600749015808105
1790029963509032200,17.4370322265625,-0.9624691009521484,1.647210717201233,1.3311761617660522
1790029963519041800,17.447041748046875,-0.8882488012313843,2.4205379486083984,0.45010992884635925
1790029963529082000,17.45708203125,-0.8690952062606812,1.4700398445129395,1.2473790645599365
1790029963539092000,17.467092041015626,-0.28969839215278625,1.3096283674240112,0.43335050344467163
1790029963549101800,17.477101806640626,-0.11252748221158981,-0.16519992053508759,0.0933738648891449
1790029963559111400,17.487111328125,0.11971008777618408,0.38067805767059326,0.40222588181495667
1790029963569121300,17.497121337890626,0.15083470940589905,0.8930372595787048,1.7884687185287476
1790029963599242000,17.527241943359375,-1.070208191871643,1.5155296325683594,2.3942017555236816
1790029963609282300,17.5372822265625,-0.9600749015808105,1.4652514457702637,2.3511061668395996
1790029963619322600,17.547322509765625,-0.9528923034667969,1.699883222579956,2.3774423599243164
1790029963629332500,17.55733251953125,-0.9768342971801758,1.3287819623947144,2.1356279850006104
1790029963639372800,17.567372802734376,-0.9145850539207458,1.766920804977417,2.5689783096313477
1790029963649413000,17.5774130859375,-1.0271124839782715,2.4396915435791016,3.1962592601776123
1790029963659422700,17.587422607421875,-1.3263877630233765,3.35667085647583,3.5625722408294678
1790029963669432600,17.5974326171875,-1.4844050407409668,3.600879430770874,3.557783842086792
1790029963699492400,17.627492431640626,-0.6272808313369751,2.403778553009033,3.4572272300720215
1790029963709502200,17.637502197265626,-1.0103530883789062,3.2417490482330322,3.509899616241455
1790029963719511800,17.64751171875,-1.3982137441635132,3.426102638244629,3.622427225112915
1790029963729521700,17.657521728515626,-0.8595184087753296,3.2154128551483154,2.9065608978271484
1790029963759581400,17.68758154296875,-0.5099649429321289,1.5203180313110352,1.1276689767837524
1790029963769591300,17.69759130859375,-0.7445967197418213,1.5897499322891235,0.7110779285430908
1790029963839659500,17.767659423828125,-0.2753331959247589,-0.19632454216480255,1.2282254695892334
1790029963849669400,17.77766943359375,-0.3064578175544739,0.2537853717803955,1.3551181554794312
1790029963859679200,17.78767919921875,-0.7589619159698486,1.1875240802764893,1.2713210582733154
1790029963869688800,17.797688720703125,-1.2880805730819702,1.7286136150360107,0.8355764150619507
1790029963879698700,17.80769873046875,-1.3192051649093628,1.0199298858642578,0.19153612852096558
1790029963899718100,17.82771826171875,-0.6200982332229614,-0.7445967197418213,0.4118026793003082
1790029963909728000,17.83772802734375,-0.4908113479614258,-0.8882488012313843,0.6224924325942993
1790029963919737600,17.847737548828125,-0.9193734526634216,-0.8427590131759644,0.5315127968788147
1790029963929717000,17.857717041015626,-1.2761094570159912,0.5482721924781799,0.47644615173339844
1790029963939757300,17.86775732421875,-1.015141487121582,0.4884171485900879,0.0454898327589035
1790029963949767000,17.877766845703125,-1.161187767982483,2.4660277366638184,0.6200982332229614
1790029963969756000,17.897755859375,-1.659181833267212,-0.7398083209991455,-1.3838485479354858
1790029963979796200,17.907796142578125,-1.2449848651885986,-1.8411411046981812,-1.8195933103561401
1790029963989806000,17.91780615234375,-0.6943184733390808,-2.1571757793426514,-1.1516109704971313
1790029963999816000,17.92781591796875,-0.5578489899635315,-2.765302896499634,-0.608127236366272
1790029964059935500,17.987935546875,0.24420857429504395,-1.1085153818130493,0.1843535304069519
1790029964140013600,18.068013671875,-0.7876923680305481,-0.828393816947937,0.4644751250743866
1790029964180052700,18.108052734375,-0.9361328482627869,-1.259350061416626,-2.049436569213867
1790029964210082000,18.13808203125,0.23942017555236816,2.540247917175293,1.965639591217041
1790029964230132000,18.158132080078126,-0.9385270476341248,-0.7829039692878723,-0.4692635238170624
1790029964240111400,18.168111328125,-1.1276689767837524,-2.363077163696289,-1.8722656965255737
1790029964250151400,18.1781513671875,-0.5171475410461426,-2.0853497982025146,-2.118868589401245
1790029964260161300,18.188161376953126,-0.42377370595932007,-1.5729905366897583,-1.4437036514282227
1790029964300200400,18.228200439453126,0.31124621629714966,0.47884035110473633,1.2473790645599365
1790029964310210000,18.2382099609375,-0.667982280254364,0.10773907601833344,0.11252748221158981
1790029964320220000,18.248219970703126,-1.359906554222107,0.3447650372982025,-0.9816226959228516
1790029964330260200,18.25826025390625,-1.3311761617660522,-0.586579442024231,-0.6560112833976746
1790029964340239400,18.2682392578125,-0.9864110946655273,-0.8978256583213806,0.05027823522686958
1790029964350279700,18.27827978515625,-0.9265560507774353,-0.5937620401382446,-0.4405331015586853
1790029964360259000,18.288259033203126,-0.9624691009521484,-0.9169792532920837,-0.5482721924781799
1790029964370299100,18.298299072265625,-0.6248866319656372,-0.33758243918418884,-0.3519476354122162
1790029964380278500,18.308278564453126,-0.14844051003456116,-0.3447650372982025,-0.09816227108240128
1790029964390288100,18.3182880859375,-0.05027823522686958,-0.3423708379268646,0.14604631066322327
1790029964400298000,18.328298095703126,-0.2298433631658554,-0.11971008777618408,-0.4429273009300232
1790029964410307800,18.338307861328126,-0.1149216815829277,0.05746084079146385,-0.7852981686592102
1790029964420348200,18.34834814453125,-0.16759411990642548,0.7445967197418213,-0.07900865375995636
1790029964440367600,18.36836767578125,0.011971008032560349,-1.2210428714752197,-0.4189853072166443
1790029964450408000,18.378407958984376,-0.6105214357376099,-1.5107412338256836,-0.6224924325942993
1790029964460417500,18.38841748046875,-0.8619126081466675,-1.0127472877502441,-0.1843535304069519
1790029964470427400,18.398427490234376,-0.8331822156906128,-0.40462008118629456,0.3926490843296051
1790029964480406800,18.40840673828125,-0.7230489253997803,0.17238251864910126,-0.17477671802043915
1790029964500456700,18.428456787109376,-0.28730419278144836,0.7422025203704834,-0.07900865375995636
1790029964510466600,18.438466552734376,-0.05027823522686958,0.38067805767059326,-0.1412578970193863
1790029964530516500,18.4585166015625,-1.0678139925003052,-0.8690952062606812,-0.8259995579719543
1790029964540526300,18.4685263671875,-0.933738648891449,-0.9528923034667969,-1.2282254695892334
1790029964550566700,18.478566650390626,-0.3495534360408783,-1.0007762908935547,-0.6033388376235962
1790029964580626400,18.50862646484375,0.12210428714752197,-0.021547814831137657,-0.023942016065120697
1790029964610686200,18.538686279296876,-0.811634361743927,-0.23702596127986908,-0.6967126727104187
1790029964620726500,18.5487265625,-0.9265560507774353,-0.6823474764823914,-0.4405331015586853
1790029964650755800,18.578755859375,-0.3064578175544739,0.42856210470199585,0.6033388376235962
1790029964670775300,18.598775390625,-1.5155296325683594,0.7996633648872375,-0.26336219906806946
1790029964690825500,18.618825439453126,-0.3663128614425659,-0.2585737705230713,0.040701430290937424
1790029964700835000,18.6288349609375,-0.8331822156906128,-0.6751648783683777,-0.586579442024231
1790029964710845000,18.638844970703126,-1.0821791887283325,-1.05105459690094,-1.3431471586227417
1790029964720854500,18.6488544921875,-1.137245774269104,-0.8930372595787048,-1.4987702369689941
1790029964730864400,18.658864501953126,-0.7661445140838623,-0.9313444495201111,-1.1779472827911377
1790029964740904700,18.66890478515625,-0.07661445438861847,-1.1276689767837524,-1.3623007535934448
1790029964760924200,18.688924072265625,-0.44771572947502136,-1.8602946996688843,-2.0039467811584473
1790029964770903600,18.698903564453126,-0.181959331035614,-2.542642116546631,-2.9520506858825684
1790029964780944000,18.70894384765625,0.31603461503982544,-3.399766445159912,-3.469198226928711
1790029964811003600,18.739003662109376,1.0055646896362305,-2.7054479122161865,-4.663905143737793
1790029964831053600,18.759053466796875,0.9624691009521484,-3.1459810733795166,-3.9815573692321777
1790029964851103700,18.779103759765626,0.5482721924781799,-3.8163576126098633,-4.6471452713012695
1790029964881163500,18.80916357421875,-0.4884171485900879,-2.6360161304473877,-2.6216509342193604
1790029964941252600,18.869252685546876,-1.4317326545715332,-2.4396915435791016,-2.2242133617401123
1790029965001341700,18.929341796875,-0.9313444495201111,-0.16998831927776337,-1.3096283674240112
1790029965041411300,18.969411376953126,-0.9074024558067322,0.023942016065120697,-0.5027823448181152
1790029965061400300,18.989400390625,-1.237802267074585,1.1324573755264282,0.8690952062606812
1790029965091460000,19.019460205078126,-2.3056161403656006,0.8451532125473022,0.24899697303771973
1790029965111479600,19.0394794921875,-2.585737943649292,1.6352397203445435,0.2849099934101105
1790029965121489400,19.049489501953126,-2.4468741416931152,0.8212111592292786,0.9672574996948242
1790029965131499300,19.059499267578126,-1.599326729774475,-0.08140286058187485,-0.47644615173339844
1790029965141539600,19.06953955078125,-0.9888052940368652,-1.357512354850769,-1.3934253454208374
1790029965151549200,19.079549072265625,-0.49320554733276367,-0.6512228846549988,-0.4381389021873474
1790029965161559000,19.08955908203125,-1.161187767982483,-0.8547300100326538,0.24660277366638184
1790029965181578500,19.10957861328125,-1.0414776802062988,0.9888052940368652,-0.3471592366695404
1790029965231658000,19.159657958984376,-2.006340980529785,0.6751648783683777,0.009576806798577309
1790029965241637000,19.16963720703125,-2.1140801906585693,1.01753568649292,0.6799532771110535
1790029965271697000,19.19969677734375,-1.3838485479354858,-0.646434485912323,-1.1420341730117798
1790029965291777500,19.219777587890626,-1.8818424940109253,0.9983820915222168,0.524330198764801
1790029965321776400,19.2497763671875,-0.608127236366272,0.09576806426048279,0.6105214357376099
1790029965351836200,19.279836181640626,-2.31758713722229,0.5722141861915588,0.17717093229293823
1790029965361845800,19.289845703125,-1.0558429956436157,-0.43095630407333374,-0.8619126081466675
1790029965371855600,19.299855712890626,-0.3711012601852417,1.1085153818130493,0.3758896589279175
1790029965381865500,19.309865478515626,-1.1061211824417114,1.0247182846069336,1.6089035272598267
1790029965391875000,19.319875,-1.7693150043487549,2.7054479122161865,1.9081788063049316
1790029965401885000,19.329885009765626,-1.6280571222305298,2.3535003662109375,1.8507179021835327
1790029965411894800,19.339894775390626,-1.2449848651885986,1.8507179021835327,1.6352397203445435
1790029965431914200,19.359914306640626,-0.3423708379268646,1.2330138683319092,0.8451532125473022
1790029965441954600,19.36995458984375,-1.2090718746185303,2.43011474609375,2.1523873805999756
1790029965461974000,19.38997412109375,-1.8148049116134644,2.0374655723571777,1.434126853942871
1790029965471983900,19.39998388671875,-1.4173674583435059,2.363077163696289,2.248155355453491
1790029965502013200,19.43001318359375,-1.381454348564148,2.9903578758239746,4.055777549743652
1790029965512022800,19.440022705078125,-1.2976573705673218,2.9065608978271484,4.390965938568115
1790029965522032600,19.45003271484375,-1.5466543436050415,2.691082715988159,4.7620673179626465
1790029965562102300,19.490102294921876,-1.7956513166427612,2.911349296569824,2.8371291160583496
1790029965572081400,19.500081298828125,-1.5394717454910278,3.0765492916107178,2.3702597618103027
1790029965632201200,19.560201171875,-1.316810965538025,1.6112977266311646,0.42616790533065796
1790029965662230300,19.590230224609375,-0.5482721924781799,0.002394201699644327,0.4572925269603729
1790029965682250000,19.61025,-1.2114660739898682,0.7206547260284424,0.9289502501487732
1790029965692259600,19.620259521484375,-0.9768342971801758,0.2825157940387726,0.8307880163192749
1790029965702239000,19.630239013671876,-0.586579442024231,-0.8451532125473022,0.45010992884635925
1790029965712248600,19.64024853515625,-0.004788403399288654,-0.9600749015808105,0.4357447028160095
1790029965722319600,19.650319580078126,-0.17956513166427612,0.8331822156906128,1.400607943534851
1790029965732329200,19.6603291015625,-0.9217676520347595,1.0295066833496094,0.7374141216278076
1790029965742339000,19.670339111328126,-1.0558429956436157,0.9983820915222168,-0.6177040338516235
1790029965762389000,19.690388916015625,-0.8667010068893433,-0.6057330369949341,-0.42616790533065796
1790029965782439200,19.710439208984376,-1.3479355573654175,-1.3215993642807007,0.8690952062606812
1790029965792479500,19.7204794921875,-1.941697597503662,-0.9600749015808105,-0.22026655077934265
1790029965802458600,19.730458740234376,-2.5785553455352783,0.1628057211637497,-0.3280056416988373
1790029965812499000,19.7404990234375,-2.7940332889556885,1.0749965906143188,0.07661445438861847
1790029965822508800,19.7505087890625,-2.3271639347076416,2.030282974243164,-0.27054479718208313
1790029965872618500,19.800618408203125,-3.251325845718384,-1.2689268589019775,-0.21547815203666687
1790029965892668700,19.820668701171876,-1.6136919260025024,-0.07182604819536209,-0.912190854549408
1790029965902678300,19.83067822265625,-1.3311761617660522,1.886630892753601,-0.05506663769483566
1790029965912688000,19.840688232421876,-0.6967126727104187,1.3096283674240112,0.6991068720817566
1790029965922698000,19.850697998046876,-0.6416460275650024,1.0821791887283325,1.5179238319396973
1790029965932707600,19.86070751953125,-1.137245774269104,-0.028730420395731926,0.7110779285430908
1790029965942717400,19.870717529296876,-0.8427590131759644,-0.6200982332229614,-0.40701428055763245
1790029965952788200,19.880788330078126,-0.15322890877723694,-1.3623007535934448,-1.048660397529602
1790029965962798000,19.890798095703126,0.7038952708244324,-1.9919757843017578,-1.5298948287963867
1790029965972838400,19.90083837890625,0.19153612852096558,-1.7908629179000854,-1.3718775510787964
1790029965992918800,19.920918701171875,-1.6759412288665771,-0.7374141216278076,-1.3287819623947144
1790029966032988400,19.960988525390626,-0.22744916379451752,-1.0223240852355957,-0.35913026332855225
1790029966053038600,19.98103857421875,-0.014365210197865963,-0.9169792532920837,-2.343923568725586
1790029966063048200,19.991048095703125,-0.4118026793003082,0.038307227194309235,-0.8475474119186401
1790029966073058000,20.00105810546875,-1.1204863786697388,0.3926490843296051,0.2777273952960968
1790029966083068000,20.01106787109375,-0.36152446269989014,-0.5099649429321289,0.6751648783683777
1790029966103087400,20.03108740234375,0.19393034279346466,-1.8555063009262085,-0.6991068720817566
1790029966113097000,20.041096923828125,-0.19153612852096558,-1.3000515699386597,-1.5394717454910278
1790029966123137300,20.05113720703125,-0.7326257228851318,0.19153612852096558,-0.4812345504760742
1790029966133177600,20.061177490234375,-0.1412578970193863,0.05267243832349777,0.5482721924781799
1790029966143218000,20.071218017578126,-0.047884032130241394,0.8379706144332886,0.40701428055763245
1790029966153227800,20.081227783203126,-0.31603461503982544,0.06703764945268631,0.3064578175544739
1790029966163237400,20.0912373046875,-0.7661445140838623,-0.17477671802043915,-0.2561795711517334
1790029966173247200,20.101247314453126,-1.2545616626739502,-0.49320554733276367,-0.4118026793003082
1790029966183257000,20.111257080078126,-0.7829039692878723,-1.0319008827209473,-0.2992752194404602
1790029966193266700,20.1212666015625,-0.8834604024887085,-0.6392518281936646,-0.2513911724090576
1790029966203276500,20.131276611328126,-0.6057330369949341,-0.12449848651885986,-0.4596867263317108
1790029966213316900,20.14131689453125,-0.21308395266532898,-0.08858546614646912,-0.9888052940368652
1790029966223326500,20.151326416015625,-0.31124621629714966,0.4908113479614258,0.0071826050989329815
1790029966233336300,20.16133642578125,-0.5099649429321289,0.5626373887062073,0.4405331015586853
1790029966243346200,20.17134619140625,-0.6775590777397156,-0.5506663918495178,-0.586579442024231
1790029966253355800,20.181355712890625,-0.950498104095459,-0.9050082564353943,-1.2665326595306396
1790029966263426600,20.191426513671875,-0.9289502501487732,-0.3998316824436188,-0.912190854549408
1790029966273436400,20.2014365234375,-0.48602294921875,0.2825157940387726,-0.42377370595932007
1790029966283507200,20.211507080078125,-0.10295066982507706,0.4572925269603729,0.24899697303771973
1790029966293517000,20.22151708984375,-0.15562310814857483,-0.2082955539226532,0.12689268589019775
1790029966303587800,20.231587890625,-0.10534487664699554,0.29209262132644653,-0.2944868206977844
1790029966313597700,20.24159765625,0.033518824726343155,-0.3471592366695404,0.17477671802043915
1790029966323637800,20.2516376953125,-0.17717093229293823,-0.17238251864910126,0.11013327538967133
1790029966333678000,20.261677978515625,-0.7086837291717529,-0.3423708379268646,-0.30885201692581177
1790029966343688000,20.27168798828125,-0.6727706789970398,-0.40940847992897034,-0.4884171485900879
1790029966353728300,20.281728271484376,-0.7326257228851318,0.040701430290937424,0.22744916379451752
1790029966363737900,20.29173779296875,-0.8355764150619507,0.646434485912323,0.1867477297782898
1790029966373778200,20.301778076171875,-0.5051765441894531,0.4692635238170624,-0.2825157940387726
1790029966423857700,20.351857666015626,-1.3407529592514038,-1.0127472877502441,-1.0606313943862915
1790029966493987000,20.421987060546876,-1.5921441316604614,-0.5339069962501526,-0.9074024558067322
1790029966554015000,20.482014892578125,0.7110779285430908,-0.24181437492370605,-1.0342950820922852
1790029966564055300,20.49205517578125,0.38307225704193115,-0.026336219161748886,-1.213860273361206
1790029966574095600,20.502095703125,0.1364694982767105,-0.040701430290937424,-1.1348515748977661
1790029966624236000,20.552236083984376,-0.304063618183136,-1.9752163887023926,-2.4803929328918457
1790029966664336100,20.592336181640626,0.2059013396501541,-2.0254945755004883,-2.4803929328918457
1790029966674346000,20.602345947265626,0.37828385829925537,-2.516305923461914,-2.8610711097717285
1790029966684386000,20.612385986328125,0.40462008118629456,-3.1268274784088135,-3.0119056701660156
1790029966694426400,20.62242626953125,0.730231523513794,-4.041412353515625,-3.0885202884674072
1790029966704436200,20.632436279296876,0.031124621629714966,-2.765302896499634,-2.6599581241607666
1790029966744536300,20.672536376953126,-0.3663128614425659,-1.802833914756775,-1.9608511924743652
1790029966774596000,20.70259619140625,-0.33039984107017517,-1.2617442607879639,-2.2146365642547607
1790029966784636400,20.712636474609376,-0.6272808313369751,-1.2617442607879639,-1.9632453918457031
1790029966794646300,20.722646240234376,-0.9145850539207458,-0.569819986820221,-1.335964560508728
1790029966814696200,20.7426962890625,-0.38307225704193115,-1.2114660739898682,-0.5770025849342346
1790029966824706000,20.7527060546875,-1.2713210582733154,-1.1659762859344482,-1.1779472827911377
1790029966834746400,20.762746337890626,-0.7134721279144287,0.6536170840263367,-1.314416766166687
1790029966844756000,20.772755859375,-0.22505496442317963,0.768538773059845,0.5841852426528931
1790029966854796300,20.78279638671875,-1.400607943534851,-0.9600749015808105,-0.5267243981361389
1790029966864806100,20.79280615234375,-1.3192051649093628,-0.8403648138046265,-2.4588451385498047
1790029966874815700,20.802815673828125,-1.256955862045288,-0.24660277366638184,-0.7015010714530945
1790029966894866000,20.822865966796876,-1.314416766166687,0.8690952062606812,-0.49799394607543945
1790029966914915800,20.842915771484375,-1.2761094570159912,-0.8667010068893433,-1.0414776802062988
1790029966924956200,20.8529560546875,-1.335964560508728,0.026336219161748886,-0.7374141216278076
1790029966934966000,20.862966064453126,-1.2713210582733154,0.21547815203666687,0.21308395266532898
1790029966944976000,20.872975830078126,-0.9241618514060974,-0.24660277366638184,0.2346317619085312
1790029966955016000,20.883015869140625,-1.1276689767837524,-1.5155296325683594,-0.727837324142456
1790029966965025800,20.89302587890625,-1.45806884765625,-1.3072341680526733,-1.522712230682373
1790029966975066000,20.903066162109376,-1.5155296325683594,-0.5937620401382446,-0.8738836050033569
1790029966995146800,20.923146728515626,0.019153613597154617,0.7589619159698486,0.6272808313369751
1790029967005156400,20.93315625,0.040701430290937424,0.569819986820221,-0.16998831927776337
1790029967065337000,20.993337158203126,-0.8259995579719543,-0.6320692300796509,-1.1420341730117798
1790029967075347000,21.003346923828126,-0.19632454216480255,0.608127236366272,-0.31603461503982544
1790029967085417700,21.013417724609376,-0.5530605912208557,0.6224924325942993,1.9991583824157715
1790029967095427300,21.02342724609375,-0.9840168952941895,-0.19871874153614044,1.0678139925003052
1790029967105437200,21.033437255859376,-0.5099649429321289,-0.8044517636299133,-0.44771572947502136
1790029967115447000,21.043447021484376,-0.45250412821769714,-0.047884032130241394,-0.7230489253997803
1790029967135497000,21.0634970703125,-2.231395959854126,1.4077905416488647,1.5131354331970215
1790029967145506800,21.0735068359375,-2.0877439975738525,0.8523358106613159,1.2641384601593018
1790029967155516400,21.083516357421875,-1.7094600200653076,0.33997663855552673,0.3519476354122162
1790029967205687300,21.133687255859375,-1.9632453918457031,1.3838485479354858,1.6927006244659424
1790029967235777800,21.16377783203125,-2.408566951751709,-0.38546648621559143,-1.0582371950149536
1790029967275878000,21.2038779296875,-0.11013327538967133,-1.0295066833496094,-1.015141487121582
1790029967346037800,21.274037841796876,-0.24181437492370605,1.0295066833496094,0.2801215946674347
1790029967356078000,21.284078125,-1.1779472827911377,1.4245500564575195,0.26815059781074524
1790029967366088000,21.294087890625,-2.126051187515259,1.3766659498214722,0.6943184733390808
1790029967376097500,21.30409765625,-2.3319525718688965,0.6129156351089478,0.5363011956214905
1790029967386107400,21.314107421875,-2.6599581241607666,1.647210717201233,0.9313444495201111
1790029967406126800,21.334126953125,-2.2864625453948975,1.9488801956176758,1.4389152526855469
1790029967416136700,21.34413671875,-2.736572504043579,2.2218191623687744,1.8914192914962769
1790029967426207500,21.35420751953125,-2.920926094055176,3.6176388263702393,2.3295583724975586
1790029967446196500,21.374196533203126,-2.1739351749420166,3.1076738834381104,2.5522189140319824
1790029967456236800,21.38423681640625,-1.889025092124939,2.1763293743133545,2.248155355453491
1790029967466277000,21.394277099609376,-1.766920804977417,2.073378562927246,3.1699230670928955
1790029967476317200,21.404317138671875,-1.9800047874450684,1.5298948287963867,3.7158010005950928
1790029967486327000,21.4143271484375,-1.6615760326385498,0.4572925269603729,3.4548330307006836
1790029967516386800,21.44438671875,-1.8195933103561401,2.2361843585968018,3.93367338180542
1790029967526457600,21.45445751953125,-1.3287819623947144,2.4396915435791016,3.9456443786621094
1790029967536467500,21.464467529296876,-0.8667010068893433,3.028665065765381,4.704606533050537
1790029967556517400,21.484517333984375,-1.213860273361206,2.96162748336792,3.179499864578247
1790029967586607900,21.51460791015625,-1.3742717504501343,2.094926595687866,1.625662922859192
1790029967596648200,21.524648193359376,-1.845929503440857,2.31758713722229,0.8212111592292786
1790029967606657800,21.53465771484375,-1.9033904075622559,2.5665841102600098,0.35673606395721436
1790029967616698000,21.544697998046875,-1.6160861253738403,1.8842366933822632,0.5147533416748047
1790029967656828700,21.58482861328125,-0.6033388376235962,-0.45010992884635925,0.026336219161748886
1790029967676878800,21.60487890625,-1.7094600200653076,1.4053963422775269,0.12210428714752197
1790029967686888700,21.614888671875,-1.824381709098816,1.7286136150360107,0.42377370595932007
1790029967696898300,21.624898193359375,-0.9816226959228516,-0.2537853717803955,0.35434186458587646
1790029967736937500,21.6649375,-1.482010841369629,0.8403648138046265,0.7493851184844971
1790029967746977800,21.674977783203126,-2.33913516998291,0.5315127968788147,0.6560112833976746
1790029967766997200,21.694997314453126,-1.9033904075622559,0.9289502501487732,-1.0893617868423462
1790029967787047200,21.715047119140625,-1.0319008827209473,0.5195417404174805,0.2513911724090576
1790029967807067000,21.73506689453125,-1.6927006244659424,-0.2513911724090576,0.14365209639072418
1790029967857176600,21.785176513671875,-1.41257905960083,0.011971008032560349,-0.26815059781074524
1790029967887206000,21.815205810546875,-3.756502389907837,-0.7374141216278076,0.27054479718208313
1790029967917265700,21.845265625,-1.0654197931289673,-0.37828385829925537,-0.4884171485900879
1790029967927275500,21.855275634765626,-0.8212111592292786,1.5275006294250488,-0.004788403399288654
1790029967937285400,21.865285400390626,-1.4867992401123047,1.0630255937576294,0.40701428055763245
1790029967957335300,21.885335205078125,-2.434903144836426,-0.6703764796257019,-0.8475474119186401
1790029967967345200,21.89534521484375,-2.3319525718688965,-0.8738836050033569,-1.4437036514282227
1790029967977355000,21.90535498046875,-1.7956513166427612,-1.2090718746185303,-1.2665326595306396
1790029967987334100,21.915334228515626,-1.7741034030914307,-1.5849615335464478,-1.623268723487854
1790029967997374500,21.92537451171875,-1.5394717454910278,0.2801215946674347,-1.0749965906143188
1790029968007353600,21.935353515625,-1.039083480834961,-0.15801730751991272,-0.17477671802043915
1790029968017394000,21.945393798828125,-0.43335050344467163,0.7709329724311829,-0.0694318488240242
1790029968027403800,21.95540380859375,-0.9768342971801758,-0.0071826050989329815,0.9097966551780701
1790029968047423200,21.97542333984375,-1.3934253454208374,-1.7046716213226318,-1.3838485479354858
1790029968057463600,21.985463623046876,-1.0558429956436157,-2.3918075561523438,-1.7286136150360107
1790029968097502700,22.025502685546876,-0.090979665517807,-0.27054479718208313,-1.3742717504501343
1790029968117522200,22.045522216796876,-0.5650315880775452,-0.14604631066322327,-0.8259995579719543
1790029968137572000,22.065572021484375,-1.4963760375976562,0.8403648138046265,0.49559974670410156
1790029968147582000,22.07558203125,-1.2952631711959839,-0.31124621629714966,-0.2944868206977844
1790029968167571000,22.095571044921876,-1.7381904125213623,-0.33997663855552673,-1.4772224426269531
1790029968177611300,22.105611328125,-1.0678139925003052,-0.12449848651885986,-0.8379706144332886
1790029968197600300,22.125600341796876,-1.1085153818130493,-0.08379705995321274,-0.090979665517807
1790029968207671000,22.135671142578126,-1.4939818382263184,0.16759411990642548,-1.0558429956436157
1790029968217681000,22.145680908203126,-1.501164436340332,0.31124621629714966,-0.5793967843055725
1790029968227721200,22.15572119140625,-1.048660397529602,-0.8140285611152649,-0.5339069962501526
1790029968257811500,22.1858115234375,-1.0606313943862915,-0.7541735172271729,-0.44532153010368347
1790029968287840800,22.2158408203125,-0.7086837291717529,-1.1899182796478271,-1.0965443849563599
1790029968317931000,22.245930908203125,-0.33518823981285095,0.13168109953403473,-0.28730419278144836
1790029968327910400,22.255910400390626,-0.40462008118629456,-0.6967126727104187,-0.40701428055763245
1790029968337950700,22.26595068359375,-0.8236053586006165,-1.434126853942871,-0.8906430602073669
1790029968347960300,22.275960205078125,-0.7733271718025208,-0.9385270476341248,-1.5394717454910278
1790029968357970200,22.28597021484375,-0.43095630407333374,-1.3263877630233765,-1.6950948238372803
1790029968367949300,22.29594921875,0.1867477297782898,-1.357512354850769,-1.4173674583435059
1790029968377989600,22.30598974609375,0.035913024097681046,-0.27054479718208313,-0.2537853717803955
1790029968387999500,22.31599951171875,-0.5386953949928284,-0.21547815203666687,-0.13407529890537262
1790029968398009000,22.326009033203125,-0.7924807667732239,0.2825157940387726,-0.9696516990661621
1790029968418028800,22.34602880859375,-0.5793967843055725,0.1843535304069519,-0.9289502501487732
1790029968428069000,22.356069091796876,-0.7852981686592102,-0.0933738648891449,-0.42856210470199585
1790029968458098400,22.386098388671876,-0.7110779285430908,0.4692635238170624,0.1604115068912506
1790029968468108000,22.39610791015625,-0.7565677165985107,1.0247182846069336,0.45489832758903503
1790029968478118000,22.406117919921876,-0.8331822156906128,0.9648633003234863,0.38546648621559143
1790029968568236300,22.496236328125,-0.2849099934101105,-1.3910311460494995,-1.235408067703247
1790029968578246000,22.506245849609375,0.040701430290937424,-1.455674648284912,-1.7405846118927002
1790029968588255700,22.516255859375,0.0694318488240242,-1.2856862545013428,-1.9991583824157715
1790029968608306000,22.536305908203126,0.15801730751991272,-1.53707754611969,-2.118868589401245
1790029968618285000,22.54628515625,0.16519992053508759,-1.5873557329177856,-1.889025092124939
1790029968628325400,22.556325439453126,0.31364041566848755,-1.4915876388549805,-1.5729905366897583
1790029968638335200,22.566335205078126,0.17238251864910126,-1.070208191871643,-1.1516109704971313
1790029968648375300,22.576375244140625,0.21308395266532898,-1.1180921792984009,-1.4293384552001953
1790029968678404600,22.606404541015625,0.10295066982507706,-0.9768342971801758,-1.0534487962722778
1790029968688475400,22.616475341796875,0.26096799969673157,-0.7757213711738586,-1.1037269830703735
1790029968698485200,22.6264853515625,0.19153612852096558,-0.524330198764801,-0.6512228846549988
1790029968758604800,22.686604736328125,0.06464344263076782,0,-0.08619125932455063
1790029968768614700,22.69661474609375,0.2082955539226532,0.1412578970193863,0.090979665517807
1790029968778624500,22.70662451171875,-0.10295066982507706,0.4596867263317108,0.3208230137825012
1790029968788634000,22.716634033203125,-0.17477671802043915,0.5051765441894531,0.40462008118629456
1790029968798644000,22.72664404296875,0,0.47405192255973816,0.21787235140800476
1790029968808653800,22.73665380859375,0,0.33039984107017517,0.12928688526153564
1790029968818663400,22.746663330078125,-0.19632454216480255,0.4189853072166443,0.26575639843940735
1790029968828673300,22.75667333984375,-0.1364694982767105,0.18914192914962769,0.10055647045373917
1790029968838713600,22.766713623046876,0.08858546614646912,0.14844051003456116,-0.23942017555236816
1790029968858733000,22.786733154296876,0.009576806798577309,0.07900865375995636,-0.004788403399288654
1790029968868712400,22.79671240234375,-0.026336219161748886,0.24420857429504395,0.05027823522686958
1790029968918761200,22.84676123046875,0.20350714027881622,-0.26575639843940735,-0.395043283700943
1790029968928832000,22.85683203125,0.0933738648891449,-0.047884032130241394,-0.26336219906806946
1790029968938841600,22.866841552734375,0.12210428714752197,-0.15083470940589905,-0.3256114423274994
1790029968948851500,22.8768515625,0.2968810200691223,-0.21787235140800476,-0.395043283700943
1790029968978941700,22.906941650390625,0.0071826050989329815,-0.0694318488240242,-0.35673606395721436
1790029969029082000,22.95708203125,-0.1843535304069519,0.24660277366638184,0.1388636976480484
1790029969039092000,22.967092041015626,-0.2561795711517334,0.10773907601833344,0.12928688526153564
1790029969059142000,22.987141845703125,-0.10773907601833344,0.24899697303771973,0.15562310814857483
1790029969069151700,22.99715185546875,-0.0694318488240242,0.36152446269989014,0.12928688526153564
1790029969079192000,23.007192138671876,0.033518824726343155,0.3878606855869293,0.16998831927776337
1790029969089202000,23.017201904296876,-0.11013327538967133,0.2298433631658554,0.047884032130241394
1790029969099211500,23.02721142578125,-0.05027823522686958,0.10773907601833344,0.14604631066322327
1790029969119322600,23.047322509765625,-0.06224924325942993,-0.028730420395731926,0.14604631066322327
1790029969129332500,23.05733251953125,0.026336219161748886,0.12449848651885986,0.0454898327589035
1790029969139342000,23.067342041015625,-0.031124621629714966,0.19632454216480255,0.19153612852096558
1790029969149413000,23.0774130859375,-0.10773907601833344,0.2298433631658554,0.35913026332855225
1790029969159422700,23.087422607421875,-0.13407529890537262,0.090979665517807,0.2298433631658554
1790029969169432600,23.0974326171875,-0.1867477297782898,0.002394201699644327,0.15322890877723694
1790029969199492400,23.127492431640626,-0.20350714027881622,-0.035913024097681046,0.24181437492370605
1790029969219511800,23.14751171875,0.0933738648891449,-0.014365210197865963,0.019153613597154617
1790029969229552000,23.15755224609375,0.21547815203666687,-0.11013327538967133,0.038307227194309235
1790029969239531500,23.167531494140626,0.021547814831137657,-0.19871874153614044,-0.019153613597154617
1790029969249571600,23.177571533203125,-0.10773907601833344,-0.1628057211637497,-0.181959331035614
1790029969329650000,23.25764990234375,0.07900865375995636,-0.363918662071228,-0.3208230137825012
1790029969409728000,23.33772802734375,-0.11252748221158981,0.033518824726343155,0.08379705995321274
1790029969419707100,23.34770703125,-0.035913024097681046,-0.05746084079146385,0.026336219161748886
1790029969429717000,23.357717041015626,0.06224924325942993,-0.038307227194309235,0.023942016065120697
1790029969439757300,23.36775732421875,-0.002394201699644327,0.031124621629714966,0.1628057211637497
1790029969449736400,23.377736328125,-0.05746084079146385,0.026336219161748886,-0.016759412363171577
1790029969459776800,23.38777685546875,-0.05746084079146385,0.09576806426048279,-0.047884032130241394
1790029969469786600,23.39778662109375,0.05506663769483566,0.12689268589019775,0.07182604819536209
1790029969489836500,23.41783642578125,0.06224924325942993,0.2059013396501541,0.15083470940589905
1790029969499876900,23.427876953125,0.12689268589019775,0,0.10295066982507706
1790029969519865900,23.447865966796876,-0.18914192914962769,0.1149216815829277,0.17717093229293823
1790029969539916000,23.467916015625,0.0454898327589035,-0.08619125932455063,-0.11252748221158981
1790029969549925600,23.477925537109375,0.05746084079146385,0.05985504388809204,0.05267243832349777
1790029969559935500,23.487935546875,-0.033518824726343155,-0.12210428714752197,0.09576806426048279
1790029969579955000,23.507954833984375,-0.035913024097681046,-0.05746084079146385,-0.016759412363171577
1790029969610014700,23.5380146484375,0.1388636976480484,-0.08858546614646912,-0.09576806426048279
1790029969630034400,23.558034423828126,-0.1604115068912506,-0.2825157940387726,-0.14365209639072418
1790029969640044000,23.5680439453125,0.021547814831137657,-0.17956513166427612,-0.3495534360408783
1790029969650054000,23.578053955078126,0.040701430290937424,-0.07661445438861847,-0.1604115068912506
1790029969660063700,23.588063720703126,0,-0.023942016065120697,-0.0454898327589035
1790029969670073300,23.5980732421875,-0.021547814831137657,-0.05746084079146385,-0.12210428714752197
1790029969680083200,23.608083251953126,-0.06703764945268631,0.004788403399288654,0.011971008032560349
1790029969690093000,23.618093017578126,-0.14604631066322327,0.08379705995321274,0.1412578970193863
1790029969700072200,23.628072265625,0.021547814831137657,-0.014365210197865963,0.18914192914962769
1790029969710112500,23.638112548828126,0,-0.026336219161748886,0.18914192914962769
1790029969720122000,23.6481220703125,0.028730420395731926,0.0933738648891449,-0.002394201699644327
1790029969740172300,23.66817236328125,-0.2298433631658554,0.1628057211637497,0.21308395266532898
1790029969750212600,23.678212646484376,-0.0694318488240242,0.16759411990642548,0.2346317619085312
1790029969760222200,23.68822216796875,-0.016759412363171577,0.026336219161748886,0.10055647045373917
1790029969770232000,23.698232177734376,-0.002394201699644327,0.07900865375995636,0.15801730751991272
1790029969810301700,23.7383017578125,0.10534487664699554,-0.12928688526153564,-0.12928688526153564
1790029969820311600,23.7483115234375,0.07422025501728058,-0.17477671802043915,-0.19871874153614044
1790029969830321200,23.758321044921875,-0.011971008032560349,-0.15083470940589905,-0.33758243918418884
1790029969840331000,23.7683310546875,0.07900865375995636,-0.16759411990642548,-0.2777273952960968
1790029969850340900,23.7783408203125,-0.040701430290937424,-0.2346317619085312,-0.3423708379268646
1790029969860350500,23.7883505859375,0.040701430290937424,-0.18914192914962769,-0.181959331035614
1790029969870360300,23.7983603515625,-0.028730420395731926,-0.10534487664699554,0.043095629662275314
1790029969880339500,23.80833935546875,-0.031124621629714966,-0.17717093229293823,-0.17238251864910126
1790029969890379800,23.8183798828125,-0.0454898327589035,-0.1412578970193863,-0.2825157940387726
1790029969900389600,23.8283896484375,-0.019153613597154617,-0.023942016065120697,-0.2298433631658554
1790029969910430000,23.838429931640626,0.019153613597154617,-0.12210428714752197,-0.2346317619085312
1790029969920439600,23.848439453125,0.07182604819536209,0.20350714027881622,-0.016759412363171577
1790029969950468900,23.87846875,-0.09816227108240128,0.10534487664699554,0.05267243832349777
1790029969960448300,23.8884482421875,0.011971008032560349,0.090979665517807,0.24420857429504395
1790029969970488300,23.89848828125,-0.0694318488240242,-0.014365210197865963,0.4812345504760742
1790029969980498200,23.908498291015626,-0.10295066982507706,0.016759412363171577,0.363918662071228
1790029969990508000,23.918508056640626,-0.1173158809542656,0.004788403399288654,0
1790029970000517600,23.928517578125,0.10055647045373917,0.19393034279346466,-0.16519992053508759
1790029970010497000,23.9384970703125,-0.08140286058187485,0.08140286058187485,-0.031124621629714966
1790029970020507000,23.9485068359375,-0.004788403399288654,0.13407529890537262,0.14365209639072418
1790029970030547000,23.958546875,0,0.3232172429561615,0.6057330369949341
1790029970040556800,23.968556884765626,-0.12928688526153564,-0.1364694982767105,0.22026655077934265
1790029970050536000,23.978535888671875,0.17238251864910126,0.021547814831137657,-0.33279404044151306
1790029970070616600,23.998616455078125,0.004788403399288654,-0.2825157940387726,0.15562310814857483
1790029970090636000,24.018635986328125,0.011971008032560349,-0.002394201699644327,-0.3471592366695404
1790029970120696000,24.048696044921876,-0.05027823522686958,-0.20350714027881622,-0.023942016065120697
1790029970150725400,24.078725341796876,-0.031124621629714966,-0.009576806798577309,0.08140286058187485
1790029970180785200,24.10878515625,0.009576806798577309,-0.24899697303771973,-0.19153612852096558
1790029970200835000,24.1288349609375,-0.028730420395731926,-0.1149216815829277,-0.26096799969673157
1790029970210845000,24.138844970703126,-0.002394201699644327,-0.24899697303771973,-0.11252748221158981
1790029970220854500,24.1488544921875,-0.016759412363171577,-0.2849099934101105,-0.2968810200691223
1790029970240904700,24.16890478515625,0.15322890877723694,-0.05027823522686958,-0.11013327538967133
1790029970250945000,24.178945068359376,0.10295066982507706,0.040701430290937424,0.13407529890537262
1790029970260955000,24.188954833984376,-0.019153613597154617,-0.016759412363171577,0.07661445438861847
1790029970270995000,24.198994873046875,-0.028730420395731926,-0.05267243832349777,0.19632454216480255
1790029970281004800,24.2090048828125,0.026336219161748886,0.002394201699644327,0.21787235140800476
1790029970301024300,24.229024169921875,-0.11971008777618408,0.05267243832349777,0.11252748221158981
1790029970321013200,24.24901318359375,-0.08140286058187485,0.11013327538967133,0.19632454216480255
1790029970331053600,24.259053466796875,-0.1364694982767105,0.028730420395731926,-0.0454898327589035
1790029970341063400,24.2690634765625,0.090979665517807,0.13407529890537262,-0.033518824726343155
1790029970371123200,24.299123291015626,0.06224924325942993,0.0933738648891449,0.17717093229293823
1790029970381133000,24.309133056640626,0.0071826050989329815,-0.08619125932455063,-0.033518824726343155
1790029970391142700,24.319142578125,-0.06703764945268631,-0.011971008032560349,0.07661445438861847
1790029970401152500,24.329152587890626,-0.009576806798577309,-0.1628057211637497,-0.014365210197865963
1790029970411162400,24.339162353515626,0.1173158809542656,-0.047884032130241394,-0.12689268589019775
1790029970441252600,24.369252685546876,0.047884032130241394,-0.021547814831137657,0.009576806798577309
1790029970461272000,24.38927197265625,0.009576806798577309,-0.002394201699644327,0.07182604819536209
1790029970491331800,24.419331787109375,0.0454898327589035,-0.21787235140800476,-0.26336219906806946
1790029970531371000,24.45937109375,-0.1364694982767105,-0.08619125932455063,-0.0933738648891449
1790029970551451600,24.47945166015625,-0.13168109953403473,-0.1604115068912506,-0.043095629662275314
1790029970621520000,24.549519775390625,0.07661445438861847,-0.004788403399288654,-0.023942016065120697
1790029970631529700,24.55952978515625,0.11971008777618408,0.040701430290937424,0.0071826050989329815
1790029970641539600,24.56953955078125,0.07900865375995636,0.090979665517807,-0.014365210197865963
1790029970651549200,24.579549072265625,0.08619125932455063,-0.040701430290937424,0.019153613597154617
1790029970661559000,24.58955908203125,0.11013327538967133,0.19871874153614044,0.090979665517807
1790029970671599400,24.599599365234376,-0.0933738648891449,0.1843535304069519,0.3016694188117981
1790029970681609000,24.60960888671875,-0.035913024097681046,-0.11252748221158981,0.07422025501728058
1790029970691618800,24.619618896484376,-0.07182604819536209,0.004788403399288654,-0.07900865375995636
1790029970701628700,24.629628662109376,0.026336219161748886,-0.028730420395731926,-0.0933738648891449
1790029970711638300,24.63963818359375,0.026336219161748886,-0.07661445438861847,0.019153613597154617
1790029970731688400,24.6596884765625,-0.028730420395731926,0.17477671802043915,0.05027823522686958
1790029970751708000,24.6797080078125,0.014365210197865963,0.021547814831137657,-0.090979665517807
1790029970761717800,24.6897177734375,0.0071826050989329815,-0.13407529890537262,0.0694318488240242
1790029970791747000,24.7197470703125,0.08140286058187485,-0.2059013396501541,-0.24899697303771973
1790029970801787400,24.729787353515626,-0.0933738648891449,-0.26575639843940735,-0.19153612852096558
1790029970821806800,24.749806884765626,0.05506663769483566,-0.22266076505184174,-0.11013327538967133
1790029970831816400,24.75981640625,0.05267243832349777,-0.15562310814857483,-0.12928688526153564
1790029970891905800,24.81990576171875,0.023942016065120697,-0.1173158809542656,-0.08858546614646912
1790029970921935000,24.84993505859375,-0.009576806798577309,0.07900865375995636,-0.05506663769483566
1790029970952025300,24.880025390625,-0.11013327538967133,-0.019153613597154617,0.10055647045373917
1790029970982024200,24.910024169921876,-0.16519992053508759,0.05267243832349777,0.16998831927776337
1790029970992095000,24.920094970703126,-0.08858546614646912,0.035913024097681046,0.1388636976480484
1790029971002104600,24.9301044921875,-0.019153613597154617,0.16998831927776337,0.035913024097681046
1790029971012114400,24.940114501953126,0.0694318488240242,0.2298433631658554,0.10534487664699554
1790029971022093600,24.950093505859375,-0.023942016065120697,0.13407529890537262,0.14844051003456116
1790029971032134000,24.9601337890625,-0.15562310814857483,0.031124621629714966,0.019153613597154617
1790029971042143700,24.970143798828126,-0.11013327538967133,0.016759412363171577,0.11971008777618408
1790029971052184000,24.98018408203125,0.08379705995321274,0.09576806426048279,-0.014365210197865963
1790029971092223000,25.020222900390625,-0.043095629662275314,-0.090979665517807,-0.15562310814857483
1790029971122252300,25.050252197265625,0.15801730751991272,-0.08858546614646912,-0.05506663769483566
1790029971132262100,25.06026220703125,-0.040701430290937424,-0.038307227194309235,0.19632454216480255
1790029971142241300,25.0702412109375,-0.20350714027881622,-0.1604115068912506,0.11252748221158981
1790029971192320800,25.12032080078125,-0.038307227194309235,0.07182604819536209,-0.002394201699644327
1790029971222380500,25.150380615234376,-0.06703764945268631,-0.021547814831137657,0.3926490843296051
1790029971232359700,25.160359619140625,0,-0.35673606395721436,0.1364694982767105
1790029971242369500,25.17036962890625,0.05746084079146385,-0.090979665517807,-0.19393034279346466
1790029971252379400,25.18037939453125,0.0694318488240242,-0.14604631066322327,-0.2082955539226532
1790029971262389000,25.190388916015625,0.002394201699644327,-0.14604631066322327,-0.10534487664699554
1790029971272429300,25.20042919921875,-0.06703764945268631,-0.05746084079146385,0.06464344263076782
1790029971292448800,25.22044873046875,-0.10295066982507706,-0.1412578970193863,-0.07661445438861847
1790029971312468500,25.240468505859376,-0.004788403399288654,0.12928688526153564,0.026336219161748886
1790029971322478000,25.25047802734375,-0.019153613597154617,0.043095629662275314,0.07900865375995636
1790029971342497800,25.270497802734376,0.028730420395731926,0.08140286058187485,-0.0933738648891449
1790029971362547700,25.290547607421875,0.009576806798577309,-0.07661445438861847,0.06703764945268631
1790029971372557600,25.3005576171875,0.0071826050989329815,-0.14365209639072418,0.10773907601833344
